section,table_num,table_code,table_title,table_records,table_html,unitid,file,year
B,1,B1,Institutional Enrollment - Males and Females,"[[{0: 'Undergraduate Students: Full-Time', 1: 'Males', 2: 'Females', 3: 'Unknown'}, {0: 'Degree-seeking, first-time first-year students', 1: '566', 2: '913', 3: '0'}, {0: 'Other first-year, degree-seeking', 1: '306', 2: '392', 3: '0'}, {0: 'All other degree-seeking', 1: '1,698', 2: '3,061', 3: '0'}, {0: 'Total degree-seeking', 1: '2,570', 2: '4,366', 3: '0'}, {0: 'All other undergraduates enrolled in credit\ncourses', 1: '44', 2: '44', 3: '0'}, {0: 'Total Undergraduate Full-Time Students', 1: '2,614', 2: '4,410', 3: '0'}], [{0: 'Undergraduate Students: Part-Time', 1: 'Males', 2: 'Females', 3: 'Unknown'}, {0: 'Degree-seeking, first-time first-year students', 1: '214', 2: '129', 3: '0'}, {0: 'Other first-year, degree-seeking', 1: '97', 2: '144', 3: '0'}, {0: 'All other degree-seeking', 1: '693', 2: '1,337', 3: '0'}, {0: 'Total degree-seeking', 1: '1,004', 2: '1,610', 3: '0'}, {0: 'All other undergraduates enrolled in credit\ncourses', 1: '176', 2: '316', 3: '0'}, {0: 'Total Undergraduate Part-Time Students', 1: '1,180', 2: '1,926', 3: '0'}], [{0: 'Undergraduate Students: All', 1: 'Males', 2: 'Females', 3: ''}, {0: 'Total Undergraduate Students', 1: '3,794', 2: '6,336', 3: '0'}], [{0: 'Graduate Students: Full-Time Males', 1: 'Graduate Students: Full-Time Males', 2: 'Females', 3: 'Unknown'}, {0: 'Degree-seeking, first-time', 1: '172', 2: '374', 3: '0'}, {0: 'All other degree-seeking', 1: '243', 2: '479', 3: '0'}, {0: 'All other graduates enrolled in credit courses', 1: '0', 2: '0', 3: '0'}, {0: 'Total Graduate Full-Time Students', 1: '415', 2: '853', 3: '0'}], [{0: 'Graduate Students: Part-Time Males', 1: 'Graduate Students: Part-Time Males', 2: 'Females', 3: 'Unknown'}, {0: 'Degree-seeking, first-time', 1: '256', 2: '299', 3: '0'}, {0: 'All other degree-seeking', 1: '728', 2: '876', 3: '0'}, {0: 'All other graduates enrolled in credit courses', 1: '23', 2: '26', 3: '0'}, {0: 'Total Graduate Part-Time Students', 1: '1007', 2: '1201', 3: '0'}], [{0: 'Graduate Students: All', 1: 'Males', 2: 'Females', 3: 'Unknown'}, {0: 'Total Graduate Students', 1: '1422', 2: '2054', 3: '0'}], [{0: 'All Students: Total', 1: 'Males', 2: 'Females', 3: 'Unknown'}, {0: 'Total Full-Time Students', 1: '3,029', 2: '5,263', 3: '0'}, {0: 'Total Part-Time Students', 1: '2,187', 2: '3,127', 3: '0'}, {0: 'Total All students', 1: '5,216', 2: '8,390', 3: '0'}]]","<table> <tr> <td> Undergraduate Students: Full-Time </td> <td> Males </td> <td> Females </td> <td> Unknown </td> </tr> <tr> <td> Degree-seeking, first-time first-year students </td> <td> 566 </td> <td> 913 </td> <td> 0 </td> </tr> <tr> <td> Other first-year, degree-seeking </td> <td> 306 </td> <td> 392 </td> <td> 0 </td> </tr> <tr> <td> All other degree-seeking </td> <td> 1,698 </td> <td> 3,061 </td> <td> 0 </td> </tr> <tr> <td> Total degree-seeking </td> <td> 2,570 </td> <td> 4,366 </td> <td> 0 </td> </tr> <tr> <td> All other undergraduates enrolled in credit <br/> courses </td> <td> 44 </td> <td> 44 </td> <td> 0 </td> </tr> <tr> <td> Total Undergraduate Full-Time Students </td> <td> 2,614 </td> <td> 4,410 </td> <td> 0 </td> </tr> </table><div class=""separator""></div><table> <tr> <td> Undergraduate Students: Part-Time </td> <td> Males </td> <td> Females </td> <td> Unknown </td> </tr> <tr> <td> Degree-seeking, first-time first-year students </td> <td> 214 </td> <td> 129 </td> <td> 0 </td> </tr> <tr> <td> Other first-year, degree-seeking </td> <td> 97 </td> <td> 144 </td> <td> 0 </td> </tr> <tr> <td> All other degree-seeking </td> <td> 693 </td> <td> 1,337 </td> <td> 0 </td> </tr> <tr> <td> Total degree-seeking </td> <td> 1,004 </td> <td> 1,610 </td> <td> 0 </td> </tr> <tr> <td> All other undergraduates enrolled in credit <br/> courses </td> <td> 176 </td> <td> 316 </td> <td> 0 </td> </tr> <tr> <td> Total Undergraduate Part-Time Students </td> <td> 1,180 </td> <td> 1,926 </td> <td> 0 </td> </tr> </table><div class=""separator""></div><table> <tr> <td> Undergraduate Students: All </td> <td> Males </td> <td> Females </td> <td> </td> </tr> <tr> <td> Total Undergraduate Students </td> <td> 3,794 </td> <td> 6,336 </td> <td> 0 </td> </tr> </table><div class=""separator""></div><table> <tr> <td colspan=""2""> Graduate Students: Full-Time Males </td> <td> Females </td> <td> Unknown </td> </tr> <tr> <td> Degree-seeking, first-time </td> <td> 172 </td> <td> 374 </td> <td> 0 </td> </tr> <tr> <td> All other degree-seeking </td> <td> 243 </td> <td> 479 </td> <td> 0 </td> </tr> <tr> <td> All other graduates enrolled in credit courses </td> <td> 0 </td> <td> 0 </td> <td> 0 </td> </tr> <tr> <td> Total Graduate Full-Time Students </td> <td> 415 </td> <td> 853 </td> <td> 0 </td> </tr> </table><div class=""separator""></div><table> <tr> <td colspan=""2""> Graduate Students: Part-Time Males </td> <td> Females </td> <td> Unknown </td> </tr> <tr> <td> Degree-seeking, first-time </td> <td> 256 </td> <td> 299 </td> <td> 0 </td> </tr> <tr> <td> All other degree-seeking </td> <td> 728 </td> <td> 876 </td> <td> 0 </td> </tr> <tr> <td> All other graduates enrolled in credit courses </td> <td> 23 </td> <td> 26 </td> <td> 0 </td> </tr> <tr> <td> Total Graduate Part-Time Students </td> <td> 1007 </td> <td> 1201 </td> <td> 0 </td> </tr> </table><div class=""separator""></div><table> <tr> <td> Graduate Students: All </td> <td> Males </td> <td> Females </td> <td> Unknown </td> </tr> <tr> <td> Total Graduate Students </td> <td> 1422 </td> <td> 2054 </td> <td> 0 </td> </tr> </table><div class=""separator""></div><table> <tr> <td> All Students: Total </td> <td> Males </td> <td> Females </td> <td> Unknown </td> </tr> <tr> <td> Total Full-Time Students </td> <td> 3,029 </td> <td> 5,263 </td> <td> 0 </td> </tr> <tr> <td> Total Part-Time Students </td> <td> 2,187 </td> <td> 3,127 </td> <td> 0 </td> </tr> <tr> <td> Total All students </td> <td> 5,216 </td> <td> 8,390 </td> <td> 0 </td> </tr> </table>",102368,../data/cds-docs/2024-2025/102368.pdf,2024-2025
B,4,B4,-B21: Graduation Rates,"[[{0: '', 1: 'Recipients of a\nFederal Pell Grant', 2: 'Recipients of a\nSubsidized Stafford\nLoan who did not\nreceive a Pell Grant', 3: 'Students who did not\nreceive either a Pell\nGrant or a subsidized\nStafford Loan', 4: 'Total\n(sum of 3 columns to\nthe left)'}, {0: ""Initial 2019 cohort of first-time, full-time, bachelor's (or\nequivalent) degree-seeking undergraduate students"", 1: '630', 2: '209', 3: '527', 4: '1,366'}, {0: 'Of the initial 2019 cohort, how many did not persist and did\nnot graduate for the following reasons:\n• Deceased\n• Permanently Disabled\n• Armed Forces\n• Foreign Aid Service of the Federal Government\n• Official church missions\n• Report Total Allowable Exclusions', 1: '1', 2: '0', 3: '1', 4: '2'}, {0: 'Final 2019 cohort, after adjusting for allowable\nexclusions', 1: '629', 2: '209', 3: '526', 4: '1,364'}, {0: 'Of the initial 2019 cohort, how many completed the\nprogram in four years or less (by Aug. 31, 2023)', 1: '111', 2: '64', 3: '199', 4: '374'}, {0: 'Of the initial 2019 cohort, how many completed the\nprogram in more than four years but in five years or\nless (after Aug. 31, 2023 and by Aug. 31, 2024)', 1: '103', 2: '31', 3: '99', 4: '233'}, {0: 'Of the initial 2019 cohort, how many completed the\nprogram in more than five years but in six years or less\n(after Aug. 31, 2024 and by Aug. 31, 2025)', 1: '39', 2: '20', 3: '25', 4: '84'}, {0: 'Total graduating within six years (sum of lines D, E,\nand F)', 1: '253', 2: '115', 3: '323', 4: '691'}, {0: 'Six-year graduation rate for 2019 cohort (G divided by\nC)', 1: '40%', 2: '55%', 3: '61%', 4: '51%'}]]","<table> <tr> <td> </td> <td> Recipients of a <br/> Federal Pell Grant </td> <td> Recipients of a <br/> Subsidized Stafford <br/> Loan who did not <br/> receive a Pell Grant </td> <td> Students who did not <br/> receive either a Pell <br/> Grant or a subsidized <br/> Stafford Loan </td> <td> Total <br/> (sum of 3 columns to <br/> the left) </td> </tr> <tr> <td> Initial 2019 cohort of first-time, full-time, bachelor's (or <br/> equivalent) degree-seeking undergraduate students </td> <td> 630 </td> <td> 209 </td> <td> 527 </td> <td> 1,366 </td> </tr> <tr> <td> Of the initial 2019 cohort, how many did not persist and did <br/> not graduate for the following reasons: <br/> • Deceased <br/> • Permanently Disabled <br/> • Armed Forces <br/> • Foreign Aid Service of the Federal Government <br/> • Official church missions <br/> • Report Total Allowable Exclusions </td> <td> 1 </td> <td> 0 </td> <td> 1 </td> <td> 2 </td> </tr> <tr> <td> Final 2019 cohort, after adjusting for allowable <br/> exclusions </td> <td> 629 </td> <td> 209 </td> <td> 526 </td> <td> 1,364 </td> </tr> <tr> <td> Of the initial 2019 cohort, how many completed the <br/> program in four years or less (by Aug. 31, 2023) </td> <td> 111 </td> <td> 64 </td> <td> 199 </td> <td> 374 </td> </tr> <tr> <td> Of the initial 2019 cohort, how many completed the <br/> program in more than four years but in five years or <br/> less (after Aug. 31, 2023 and by Aug. 31, 2024) </td> <td> 103 </td> <td> 31 </td> <td> 99 </td> <td> 233 </td> </tr> <tr> <td> Of the initial 2019 cohort, how many completed the <br/> program in more than five years but in six years or less <br/> (after Aug. 31, 2024 and by Aug. 31, 2025) </td> <td> 39 </td> <td> 20 </td> <td> 25 </td> <td> 84 </td> </tr> <tr> <td> Total graduating within six years (sum of lines D, E, <br/> and F) </td> <td> 253 </td> <td> 115 </td> <td> 323 </td> <td> 691 </td> </tr> <tr> <td> Six-year graduation rate for 2019 cohort (G divided by <br/> C) </td> <td> 40% </td> <td> 55% </td> <td> 61% </td> <td> 51% </td> </tr> </table>",102368,../data/cds-docs/2024-2025/102368.pdf,2024-2025
C,1,C1,,"[[{0: 'First-Time, First-Year Student Applicants', 1: 'First-Time, First-Year Student Applicants', 2: 'Total'}, {0: 'Total first-time,', 1: 'males who applied', 2: '3,773'}, {0: 'Total first-time,', 1: 'females who applied', 2: '5,990'}, {0: 'Total first-time,', 1: 'students of unknown sex who applied', 2: '0'}], [{0: 'First-Time, First-Year Student Admits', 1: 'First-Time, First-Year Student Admits', 2: 'Total'}, {0: 'Total first-time,', 1: 'males who were admitted', 2: '3,570'}, {0: 'Total first-time,', 1: 'females who were admitted', 2: '5,739'}, {0: 'Total first-time,', 1: 'students of unknown sex who were admitted', 2: '0'}], [{0: 'First-Time, First-Year Student Enrollees', 1: 'First-Time, First-Year Student Enrollees', 2: 'Total'}, {0: 'Total first-time,', 1: 'males who enrolled', 2: '780'}, {0: 'Total first-time,', 1: 'females who enrolled', 2: '1,042'}, {0: 'Total first-time,', 1: 'students of unknown sex who enrolled', 2: '0'}], [{0: 'First-Time, First-Year Student Enrollees by Status', 1: 'Total'}, {0: 'Total full-time, first-time, first-year males who enrolled', 1: '566'}, {0: 'Total part-time, first-time, first-year males who enrolled', 1: '214'}, {0: 'Total full-time, first-time, first-year females who enrolled', 1: '913'}, {0: 'Total part-time, first-time, first-year females who enrolled', 1: '129'}, {0: 'Total full-time, first-time, first-year students of unknown sex who enrolled', 1: '0'}, {0: 'Total part-time, first-time, first-year students of unknown sex who enrolled', 1: '0'}], [{0: 'First-Time, First-Year Student Applicants', 1: 'First-Time, First-Year Student Applicants', 2: 'First-Time, First-Year Student Applicants', 3: 'First-Time, First-Year Student Applicants', 4: 'First-Time, First-Year Student Applicants', 5: 'In-State', 6: 'Out-of-State', 7: 'International', 8: 'Unknown', 9: 'Total', 10: 'Total'}, {0: 'Total first-time, first-year', 1: 'Total first-time, first-year', 2: '(degree-seeking)', 3: '(degree-seeking)', 4: 'who applied', 5: '7,087', 6: '1,716', 7: '960', 8: '0', 9: '9,763', 10: '9,763'}, {0: 'Total first-time,', 1: '', 2: '', 3: '(degree-seeking)', 4: 'who were admitted', 5: '6,736', 6: '1,624', 7: '949', 8: '0', 9: '', 10: '9,309'}, {0: 'Total first-time,', 1: '', 2: '', 3: '(degree-seeking)', 4: 'who enrolled', 5: '1,277', 6: '489', 7: '56', 8: '0', 9: '1,822', 10: '1,822'}]]","<table> <tr> <td colspan=""2""> First-Time, First-Year Student Applicants </td> <td> Total </td> </tr> <tr> <td> Total first-time, </td> <td> males who applied </td> <td> 3,773 </td> </tr> <tr> <td> Total first-time, </td> <td> females who applied </td> <td> 5,990 </td> </tr> <tr> <td> Total first-time, </td> <td> students of unknown sex who applied </td> <td> 0 </td> </tr> </table><div class=""separator""></div><table> <tr> <td colspan=""2""> First-Time, First-Year Student Admits </td> <td> Total </td> </tr> <tr> <td> Total first-time, </td> <td> males who were admitted </td> <td> 3,570 </td> </tr> <tr> <td> Total first-time, </td> <td> females who were admitted </td> <td> 5,739 </td> </tr> <tr> <td> Total first-time, </td> <td> students of unknown sex who were admitted </td> <td> 0 </td> </tr> </table><div class=""separator""></div><table> <tr> <td colspan=""2""> First-Time, First-Year Student Enrollees </td> <td> Total </td> </tr> <tr> <td> Total first-time, </td> <td> males who enrolled </td> <td> 780 </td> </tr> <tr> <td> Total first-time, </td> <td> females who enrolled </td> <td> 1,042 </td> </tr> <tr> <td> Total first-time, </td> <td> students of unknown sex who enrolled </td> <td> 0 </td> </tr> </table><div class=""separator""></div><table> <tr> <td> First-Time, First-Year Student Enrollees by Status </td> <td> Total </td> </tr> <tr> <td> Total full-time, first-time, first-year males who enrolled </td> <td> 566 </td> </tr> <tr> <td> Total part-time, first-time, first-year males who enrolled </td> <td> 214 </td> </tr> <tr> <td> Total full-time, first-time, first-year females who enrolled </td> <td> 913 </td> </tr> <tr> <td> Total part-time, first-time, first-year females who enrolled </td> <td> 129 </td> </tr> <tr> <td> Total full-time, first-time, first-year students of unknown sex who enrolled </td> <td> 0 </td> </tr> <tr> <td> Total part-time, first-time, first-year students of unknown sex who enrolled </td> <td> 0 </td> </tr> </table><div class=""separator""></div><table> <tr> <td colspan=""5""> First-Time, First-Year Student Applicants </td> <td> In-State </td> <td> Out-of-State </td> <td> International </td> <td> Unknown </td> <td colspan=""2""> Total </td> </tr> <tr> <td colspan=""2""> Total first-time, first-year </td> <td colspan=""2""> (degree-seeking) </td> <td> who applied </td> <td> 7,087 </td> <td> 1,716 </td> <td> 960 </td> <td> 0 </td> <td colspan=""2""> 9,763 </td> </tr> <tr> <td> Total first-time, </td> <td> </td> <td> </td> <td> (degree-seeking) </td> <td> who were admitted </td> <td> 6,736 </td> <td> 1,624 </td> <td> 949 </td> <td> 0 </td> <td> </td> <td> 9,309 </td> </tr> <tr> <td> Total first-time, </td> <td> </td> <td> </td> <td> (degree-seeking) </td> <td> who enrolled </td> <td> 1,277 </td> <td> 489 </td> <td> 56 </td> <td> 0 </td> <td colspan=""2""> 1,822 </td> </tr> </table>",102368,../data/cds-docs/2024-2025/102368.pdf,2024-2025
C,2,C2,"First-time, first-year wait-listed students","[[{0: 'WAITING LIST', 1: 'TOTAL'}, {0: 'Number of qualified applicants offered a place on waiting list:', 1: ''}, {0: 'Number accepting a place on the waiting list:', 1: ''}, {0: 'Number of wait-listed students admitted:', 1: ''}]]",<table> <tr> <td> WAITING LIST </td> <td> TOTAL </td> </tr> <tr> <td> Number of qualified applicants offered a place on waiting list: </td> <td> </td> </tr> <tr> <td> Number accepting a place on the waiting list: </td> <td> </td> </tr> <tr> <td> Number of wait-listed students admitted: </td> <td> </td> </tr> </table>,102368,../data/cds-docs/2024-2025/102368.pdf,2024-2025
C,5,C5,required and/or recommended of all or most degree-seeking students using Carnegie units (one unit equals one year of study or,"[[{0: 'Distribution of high school units', 1: 'Required Units', 2: 'Units\nRecommended'}, {0: 'Total academic units', 1: '15', 2: ''}, {0: 'English', 1: '3', 2: ''}, {0: 'Mathematics', 1: '', 2: ''}, {0: 'Science', 1: '', 2: ''}, {0: 'Of these, units that must be', 1: '', 2: ''}, {0: 'Foreign language', 1: '', 2: ''}, {0: 'Social studies', 1: '', 2: ''}, {0: 'History', 1: '', 2: ''}, {0: 'Academic electives', 1: '12', 2: ''}, {0: 'Computer Science', 1: '', 2: ''}, {0: 'Visual/Performing Arts', 1: '', 2: ''}, {0: 'Other (specify)', 1: '', 2: ''}]]","<table> <tr> <td> Distribution of high school units </td> <td> Required Units </td> <td> Units <br/> Recommended </td> </tr> <tr> <td> Total academic units </td> <td> 15 </td> <td> </td> </tr> <tr> <td> English </td> <td> 3 </td> <td> </td> </tr> <tr> <td> Mathematics </td> <td> </td> <td> </td> </tr> <tr> <td> Science </td> <td> </td> <td> </td> </tr> <tr> <td> Of these, units that must be </td> <td> </td> <td> </td> </tr> <tr> <td> Foreign language </td> <td> </td> <td> </td> </tr> <tr> <td> Social studies </td> <td> </td> <td> </td> </tr> <tr> <td> History </td> <td> </td> <td> </td> </tr> <tr> <td> Academic electives </td> <td> 12 </td> <td> </td> </tr> <tr> <td> Computer Science </td> <td> </td> <td> </td> </tr> <tr> <td> Visual/Performing Arts </td> <td> </td> <td> </td> </tr> <tr> <td> Other (specify) </td> <td> </td> <td> </td> </tr> </table>",102368,../data/cds-docs/2024-2025/102368.pdf,2024-2025
C,7,C7,"Relative importance of each of the following academic and nonacademic factors in your first-time, first-year, degree-","[[{0: 'Academic', 1: 'Academic', 2: 'Very', 3: 'Important', 4: 'Important', 5: 'Considered', 6: 'Not Considered'}, {0: 'Rigor of secondary school record', 1: 'Rigor of secondary school record', 2: 'X', 3: 'X', 4: '', 5: '', 6: ''}, {0: 'Class rank', 1: 'Class rank', 2: '', 3: '', 4: '', 5: '', 6: 'X'}, {0: 'Academic GPA', 1: 'Academic GPA', 2: 'X', 3: 'X', 4: '', 5: '', 6: ''}, {0: 'Standardized test scores', 1: 'Standardized test scores', 2: 'X', 3: 'X', 4: '', 5: '', 6: ''}, {0: 'Application Essay', 1: 'Application Essay', 2: '', 3: '', 4: '', 5: '', 6: 'X'}, {0: 'Recommendation(s)', 1: 'Recommendation(s)', 2: '', 3: '', 4: '', 5: '', 6: 'X'}, {0: 'Nonacademic', 1: 'Nonacademic', 2: 'Very Important', 3: 'Very Important', 4: 'Important', 5: 'Considered', 6: 'Not Considered'}, {0: 'Interview', 1: 'Interview', 2: '', 3: '', 4: '', 5: '', 6: 'X'}, {0: 'Extracurricular activities', 1: 'Extracurricular activities', 2: '', 3: '', 4: '', 5: '', 6: 'X'}, {0: 'Talent/ability', 1: '', 2: '', 3: '', 4: '', 5: '', 6: 'X'}, {0: 'Character/personal', 1: 'qualities', 2: '', 3: '', 4: '', 5: '', 6: 'X'}, {0: 'First generation', 1: 'First generation', 2: '', 3: '', 4: '', 5: '', 6: 'X'}, {0: 'Alumni/ae relation', 1: 'Alumni/ae relation', 2: '', 3: '', 4: '', 5: '', 6: 'X'}, {0: 'Geographical residence', 1: 'Geographical residence', 2: '', 3: '', 4: '', 5: '', 6: 'X'}, {0: 'State residency', 1: 'State residency', 2: '', 3: '', 4: '', 5: '', 6: 'X'}, {0: 'Religious affiliation/commitment', 1: 'Religious affiliation/commitment', 2: '', 3: '', 4: '', 5: '', 6: 'X'}, {0: 'Volunteer work', 1: 'Volunteer work', 2: '', 3: '', 4: '', 5: '', 6: 'X'}, {0: 'Work experience', 1: 'Work experience', 2: '', 3: '', 4: '', 5: '', 6: 'X'}, {0: 'Level of applicant’s interest', 1: 'Level of applicant’s interest', 2: '', 3: '', 4: '', 5: '', 6: 'X'}]]","<table> <tr> <td colspan=""2""> Academic </td> <td> Very </td> <td> Important </td> <td> Important </td> <td> Considered </td> <td> Not Considered </td> </tr> <tr> <td colspan=""2""> Rigor of secondary school record </td> <td colspan=""2""> X </td> <td> </td> <td> </td> <td> </td> </tr> <tr> <td colspan=""2""> Class rank </td> <td colspan=""2""> </td> <td> </td> <td> </td> <td> X </td> </tr> <tr> <td colspan=""2""> Academic GPA </td> <td colspan=""2""> X </td> <td> </td> <td> </td> <td> </td> </tr> <tr> <td colspan=""2""> Standardized test scores </td> <td colspan=""2""> X </td> <td> </td> <td> </td> <td> </td> </tr> <tr> <td colspan=""2""> Application Essay </td> <td colspan=""2""> </td> <td> </td> <td> </td> <td> X </td> </tr> <tr> <td colspan=""2""> Recommendation(s) </td> <td colspan=""2""> </td> <td> </td> <td> </td> <td> X </td> </tr> <tr> <td colspan=""2""> Nonacademic </td> <td colspan=""2""> Very Important </td> <td> Important </td> <td> Considered </td> <td> Not Considered </td> </tr> <tr> <td colspan=""2""> Interview </td> <td colspan=""2""> </td> <td> </td> <td> </td> <td> X </td> </tr> <tr> <td colspan=""2""> Extracurricular activities </td> <td colspan=""2""> </td> <td> </td> <td> </td> <td> X </td> </tr> <tr> <td> Talent/ability </td> <td> </td> <td colspan=""2""> </td> <td> </td> <td> </td> <td> X </td> </tr> <tr> <td> Character/personal </td> <td> qualities </td> <td colspan=""2""> </td> <td> </td> <td> </td> <td> X </td> </tr> <tr> <td colspan=""2""> First generation </td> <td colspan=""2""> </td> <td> </td> <td> </td> <td> X </td> </tr> <tr> <td colspan=""2""> Alumni/ae relation </td> <td colspan=""2""> </td> <td> </td> <td> </td> <td> X </td> </tr> <tr> <td colspan=""2""> Geographical residence </td> <td colspan=""2""> </td> <td> </td> <td> </td> <td> X </td> </tr> <tr> <td colspan=""2""> State residency </td> <td colspan=""2""> </td> <td> </td> <td> </td> <td> X </td> </tr> <tr> <td colspan=""2""> Religious affiliation/commitment </td> <td colspan=""2""> </td> <td> </td> <td> </td> <td> X </td> </tr> <tr> <td colspan=""2""> Volunteer work </td> <td colspan=""2""> </td> <td> </td> <td> </td> <td> X </td> </tr> <tr> <td colspan=""2""> Work experience </td> <td colspan=""2""> </td> <td> </td> <td> </td> <td> X </td> </tr> <tr> <td colspan=""2""> Level of applicant’s interest </td> <td colspan=""2""> </td> <td> </td> <td> </td> <td> X </td> </tr> </table>",102368,../data/cds-docs/2024-2025/102368.pdf,2024-2025
C,8,C8,A Does your institution make use of SAT or ACT scores in admission decisions for,"[[{0: 'Admission', 1: 'Required to be\nconsidered for\nadmission', 2: 'Required for some', 3: 'Recommended', 4: 'Not required for\nadmission, but considered\nif submitted', 5: 'Not considered for\nadmission, even if submitted'}, {0: 'SAT or ACT', 1: '', 2: '', 3: '', 4: 'X', 5: ''}, {0: 'ACT Only', 1: '', 2: '', 3: '', 4: 'X', 5: ''}, {0: 'SAT Only', 1: '', 2: '', 3: '', 4: 'X', 5: ''}]]","<table> <tr> <td> Admission </td> <td> Required to be <br/> considered for <br/> admission </td> <td> Required for some </td> <td> Recommended </td> <td> Not required for <br/> admission, but considered <br/> if submitted </td> <td> Not considered for <br/> admission, even if submitted </td> </tr> <tr> <td> SAT or ACT </td> <td> </td> <td> </td> <td> </td> <td> X </td> <td> </td> </tr> <tr> <td> ACT Only </td> <td> </td> <td> </td> <td> </td> <td> X </td> <td> </td> </tr> <tr> <td> SAT Only </td> <td> </td> <td> </td> <td> </td> <td> X </td> <td> </td> </tr> </table>",102368,../data/cds-docs/2024-2025/102368.pdf,2024-2025
C,9,C9,"Percent and number of first-time, first-year students enrolled in Fall 2025 who submitted national standardized","[[{0: '5%', 1: '89'}, {0: '50%', 1: '906'}], [{0: 'Assessment', 1: '25th Percentile\nScore', 2: '50th Percentile\nScore', 3: '75th Percentile\nScore'}, {0: 'SAT Composite', 1: '945', 2: '1030', 3: '1155'}, {0: 'SAT Evidence-Based Reading and\nWriting', 1: '490', 2: '540', 3: '610'}, {0: 'SAT Math', 1: '440', 2: '480', 3: '540'}, {0: 'ACT Composite', 1: '18', 2: '21', 3: '24'}, {0: 'ACT Math', 1: '16', 2: '18', 3: '23'}, {0: 'ACT English', 1: '17', 2: '21', 3: '25'}, {0: 'ACT Writing', 1: '6', 2: '6', 3: '7'}, {0: 'ACT Science', 1: '18', 2: '21', 3: '24'}, {0: 'ACT Reading', 1: '19', 2: '23', 3: '28'}], [{0: 'Score Range', 1: 'SAT Evidence\ufffe\nBased Reading\nand Writing', 2: 'SAT Math'}, {0: '700-800', 1: '6.7%', 2: '3.4%'}, {0: '600-699', 1: '23.6%', 2: '13.5%'}, {0: '500-599', 1: '40.5%', 2: '29.2%'}, {0: '400-499', 1: '25.8%', 2: '48.3%'}, {0: '300-399', 1: '3.4%', 2: '5.6%'}, {0: '200-299', 1: '0.0%', 2: '0.0%'}, {0: 'Totals should = 100%', 1: '100.0%', 2: '100.0%'}], [{0: 'Score Range', 1: 'SAT Composite'}, {0: '1400-1600', 1: '4.2%'}, {0: '1200-1399', 1: '12.6%'}, {0: '1000-1199', 1: '41.1%'}, {0: '800-999', 1: '37.9%'}, {0: '600-799', 1: '4.2%'}, {0: '400-599', 1: '0.0%'}, {0: 'Totals should = 100%', 1: '100.0%'}], [{0: 'Score Range', 1: 'ACT Composite', 2: 'ACT English', 3: 'ACT Math', 4: 'ACT Reading', 5: 'ACT Science'}, {0: '30-36', 1: '8.5%', 2: '13.7%', 3: '3.2%', 4: '21.9%', 5: '7.2%'}, {0: '24-29', 1: '21.9%', 2: '19.5%', 3: '20.2%', 4: '21.7%', 5: '24.0%'}, {0: '18-23', 1: '47.9%', 2: '39.6%', 3: '32.6%', 4: '40.0%', 5: '50.0%'}, {0: '12-17', 1: '21.4%', 2: '23.4%', 3: '43.6%', 4: '15.7%', 5: '17.4%'}, {0: '6-11', 1: '0.3%', 2: '3.8%', 3: '0.3%', 4: '0.7%', 5: '1.4%'}, {0: 'Below 6', 1: '0.0%', 2: '0.0%', 3: '0.0%', 4: '0.0%', 5: '0.0%'}, {0: 'Totals should = 100%', 1: '100.0%', 2: '100.0%', 3: '99.9%', 4: '100.0%', 5: '100.0%'}]]","<table> <tr> <td> 5% </td> <td> 89 </td> </tr> <tr> <td> 50% </td> <td> 906 </td> </tr> </table><div class=""separator""></div><table> <tr> <td> Assessment </td> <td> 25th Percentile <br/> Score </td> <td> 50th Percentile <br/> Score </td> <td> 75th Percentile <br/> Score </td> </tr> <tr> <td> SAT Composite </td> <td> 945 </td> <td> 1030 </td> <td> 1155 </td> </tr> <tr> <td> SAT Evidence-Based Reading and <br/> Writing </td> <td> 490 </td> <td> 540 </td> <td> 610 </td> </tr> <tr> <td> SAT Math </td> <td> 440 </td> <td> 480 </td> <td> 540 </td> </tr> <tr> <td> ACT Composite </td> <td> 18 </td> <td> 21 </td> <td> 24 </td> </tr> <tr> <td> ACT Math </td> <td> 16 </td> <td> 18 </td> <td> 23 </td> </tr> <tr> <td> ACT English </td> <td> 17 </td> <td> 21 </td> <td> 25 </td> </tr> <tr> <td> ACT Writing </td> <td> 6 </td> <td> 6 </td> <td> 7 </td> </tr> <tr> <td> ACT Science </td> <td> 18 </td> <td> 21 </td> <td> 24 </td> </tr> <tr> <td> ACT Reading </td> <td> 19 </td> <td> 23 </td> <td> 28 </td> </tr> </table><div class=""separator""></div><table> <tr> <td> Score Range </td> <td> SAT Evidence￾ <br/> Based Reading <br/> and Writing </td> <td> SAT Math </td> </tr> <tr> <td> 700-800 </td> <td> 6.7% </td> <td> 3.4% </td> </tr> <tr> <td> 600-699 </td> <td> 23.6% </td> <td> 13.5% </td> </tr> <tr> <td> 500-599 </td> <td> 40.5% </td> <td> 29.2% </td> </tr> <tr> <td> 400-499 </td> <td> 25.8% </td> <td> 48.3% </td> </tr> <tr> <td> 300-399 </td> <td> 3.4% </td> <td> 5.6% </td> </tr> <tr> <td> 200-299 </td> <td> 0.0% </td> <td> 0.0% </td> </tr> <tr> <td> Totals should = 100% </td> <td> 100.0% </td> <td> 100.0% </td> </tr> </table><div class=""separator""></div><table> <tr> <td> Score Range </td> <td> SAT Composite </td> </tr> <tr> <td> 1400-1600 </td> <td> 4.2% </td> </tr> <tr> <td> 1200-1399 </td> <td> 12.6% </td> </tr> <tr> <td> 1000-1199 </td> <td> 41.1% </td> </tr> <tr> <td> 800-999 </td> <td> 37.9% </td> </tr> <tr> <td> 600-799 </td> <td> 4.2% </td> </tr> <tr> <td> 400-599 </td> <td> 0.0% </td> </tr> <tr> <td> Totals should = 100% </td> <td> 100.0% </td> </tr> </table><div class=""separator""></div><table> <tr> <td> Score Range </td> <td> ACT Composite </td> <td> ACT English </td> <td> ACT Math </td> <td> ACT Reading </td> <td> ACT Science </td> </tr> <tr> <td> 30-36 </td> <td> 8.5% </td> <td> 13.7% </td> <td> 3.2% </td> <td> 21.9% </td> <td> 7.2% </td> </tr> <tr> <td> 24-29 </td> <td> 21.9% </td> <td> 19.5% </td> <td> 20.2% </td> <td> 21.7% </td> <td> 24.0% </td> </tr> <tr> <td> 18-23 </td> <td> 47.9% </td> <td> 39.6% </td> <td> 32.6% </td> <td> 40.0% </td> <td> 50.0% </td> </tr> <tr> <td> 12-17 </td> <td> 21.4% </td> <td> 23.4% </td> <td> 43.6% </td> <td> 15.7% </td> <td> 17.4% </td> </tr> <tr> <td> 6-11 </td> <td> 0.3% </td> <td> 3.8% </td> <td> 0.3% </td> <td> 0.7% </td> <td> 1.4% </td> </tr> <tr> <td> Below 6 </td> <td> 0.0% </td> <td> 0.0% </td> <td> 0.0% </td> <td> 0.0% </td> <td> 0.0% </td> </tr> <tr> <td> Totals should = 100% </td> <td> 100.0% </td> <td> 100.0% </td> <td> 99.9% </td> <td> 100.0% </td> <td> 100.0% </td> </tr> </table>",102368,../data/cds-docs/2024-2025/102368.pdf,2024-2025
C,10,C10,"Percent of all degree-seeking, first-time, first-year students who had high school class rank within each of the following","[[{0: 'Assessment', 1: 'Assessment', 2: 'Assessment', 3: 'Percent'}, {0: 'Percent in top tenth of high school graduating class', 1: 'Percent in top tenth of high school graduating class', 2: 'Percent in top tenth of high school graduating class', 3: ''}, {0: 'Percent in top quarter of high school graduating class', 1: 'Percent in top quarter of high school graduating class', 2: 'Percent in top quarter of high school graduating class', 3: ''}, {0: 'Percent in top', 1: 'half of high school graduating class', 2: 'half of high school graduating class', 3: ''}, {0: 'Percent in bottom half of high school graduating class', 1: 'Percent in bottom half of high school graduating class', 2: 'Percent in bottom half of high school graduating class', 3: ''}, {0: 'Percent in bottom quarter of high school graduating class', 1: 'Percent in bottom quarter of high school graduating class', 2: 'Percent in bottom quarter of high school graduating class', 3: ''}, {0: 'Percent of total first-time, first-year', 1: 'Percent of total first-time, first-year', 2: 'students who submitted high school class rank:', 3: ''}]]","<table> <tr> <td colspan=""3""> Assessment </td> <td> Percent </td> </tr> <tr> <td colspan=""3""> Percent in top tenth of high school graduating class </td> <td> </td> </tr> <tr> <td colspan=""3""> Percent in top quarter of high school graduating class </td> <td> </td> </tr> <tr> <td> Percent in top </td> <td colspan=""2""> half of high school graduating class </td> <td> </td> </tr> <tr> <td colspan=""3""> Percent in bottom half of high school graduating class </td> <td> </td> </tr> <tr> <td colspan=""3""> Percent in bottom quarter of high school graduating class </td> <td> </td> </tr> <tr> <td colspan=""2""> Percent of total first-time, first-year </td> <td> students who submitted high school class rank: </td> <td> </td> </tr> </table>",102368,../data/cds-docs/2024-2025/102368.pdf,2024-2025
C,11,C11,"Percentage of all enrolled, degree-seeking, first-time, first-year students who had high school grade-point averages","[[{0: 'Range', 1: 'Percent\n(Students who\nsubmitted scores)', 2: 'Percent\n(Students who did\nnot submit scores)', 3: 'Percent (All enrolled\nstudents)'}, {0: 'Percent who had GPA of 4.0', 1: '36.3%', 2: '6.8%', 3: '22.4%'}, {0: 'Percent who had GPA between 3.75 and 3.99', 1: '17.7%', 2: '6.5%', 3: '12.5%'}, {0: 'Percent who had GPA between 3.50 and 3.74', 1: '13.4%', 2: '9.7%', 3: '11.6%'}, {0: 'Percent who had GPA between 3.25 and 3.49', 1: '11.1%', 2: '13.2%', 3: '12.1%'}, {0: 'Percent who had GPA between 3.00 and 3.24', 1: '8.6%', 2: '17.1%', 3: '12.6%'}, {0: 'Percent who had GPA between 2.50 and 2.99', 1: '10.6%', 2: '30.8%', 3: '20.1%'}, {0: 'Percent who had GPA between 2.0 and 2.49', 1: '2.1%', 2: '14.8%', 3: '8.0%'}, {0: 'Percent who had GPA between 1.0 and 1.99', 1: '0.2%', 2: '1.1%', 3: '0.7%'}, {0: 'Percent who had GPA below 1.0', 1: '0.0%', 2: '0.0%', 3: '0.0%'}, {0: 'Totals should = 100%', 1: '100.0%', 2: '100.0%', 3: '100.0%'}]]",<table> <tr> <td> Range </td> <td> Percent <br/> (Students who <br/> submitted scores) </td> <td> Percent <br/> (Students who did <br/> not submit scores) </td> <td> Percent (All enrolled <br/> students) </td> </tr> <tr> <td> Percent who had GPA of 4.0 </td> <td> 36.3% </td> <td> 6.8% </td> <td> 22.4% </td> </tr> <tr> <td> Percent who had GPA between 3.75 and 3.99 </td> <td> 17.7% </td> <td> 6.5% </td> <td> 12.5% </td> </tr> <tr> <td> Percent who had GPA between 3.50 and 3.74 </td> <td> 13.4% </td> <td> 9.7% </td> <td> 11.6% </td> </tr> <tr> <td> Percent who had GPA between 3.25 and 3.49 </td> <td> 11.1% </td> <td> 13.2% </td> <td> 12.1% </td> </tr> <tr> <td> Percent who had GPA between 3.00 and 3.24 </td> <td> 8.6% </td> <td> 17.1% </td> <td> 12.6% </td> </tr> <tr> <td> Percent who had GPA between 2.50 and 2.99 </td> <td> 10.6% </td> <td> 30.8% </td> <td> 20.1% </td> </tr> <tr> <td> Percent who had GPA between 2.0 and 2.49 </td> <td> 2.1% </td> <td> 14.8% </td> <td> 8.0% </td> </tr> <tr> <td> Percent who had GPA between 1.0 and 1.99 </td> <td> 0.2% </td> <td> 1.1% </td> <td> 0.7% </td> </tr> <tr> <td> Percent who had GPA below 1.0 </td> <td> 0.0% </td> <td> 0.0% </td> <td> 0.0% </td> </tr> <tr> <td> Totals should = 100% </td> <td> 100.0% </td> <td> 100.0% </td> <td> 100.0% </td> </tr> </table>,102368,../data/cds-docs/2024-2025/102368.pdf,2024-2025
C,14,C14,Application closing date,"[[{0: '', 1: 'Date'}, {0: 'Application closing date (fall)', 1: ''}, {0: 'Priority Date', 1: ''}]]",<table> <tr> <td> </td> <td> Date </td> </tr> <tr> <td> Application closing date (fall) </td> <td> </td> </tr> <tr> <td> Priority Date </td> <td> </td> </tr> </table>,102368,../data/cds-docs/2024-2025/102368.pdf,2024-2025
D,2,D2,"Provide the number of students who applied, were admitted, and enrolled as degree-seeking transfer students in Fall","[[{0: 'Transfer Admission', 1: 'Applicants', 2: 'Admitted', 3: 'Enrolled'}, {0: 'Males', 1: '627', 2: '598', 3: '310'}, {0: 'Females', 1: '1,155', 2: '1,061', 3: '539'}, {0: 'Unknown', 1: '0', 2: '0', 3: '0'}, {0: 'Total', 1: '1,782', 2: '1,659', 3: '849'}]]","<table> <tr> <td> Transfer Admission </td> <td> Applicants </td> <td> Admitted </td> <td> Enrolled </td> </tr> <tr> <td> Males </td> <td> 627 </td> <td> 598 </td> <td> 310 </td> </tr> <tr> <td> Females </td> <td> 1,155 </td> <td> 1,061 </td> <td> 539 </td> </tr> <tr> <td> Unknown </td> <td> 0 </td> <td> 0 </td> <td> 0 </td> </tr> <tr> <td> Total </td> <td> 1,782 </td> <td> 1,659 </td> <td> 849 </td> </tr> </table>",102368,../data/cds-docs/2024-2025/102368.pdf,2024-2025
D,9,D9,,"[[{0: 'Term', 1: 'Priority Date', 2: 'Closing Date', 3: 'Notification Date', 4: 'Reply Date', 5: 'Rolling Admission'}, {0: 'Fall', 1: '', 2: '', 3: '', 4: '', 5: 'X'}, {0: 'Winter', 1: '', 2: '', 3: '', 4: '', 5: ''}, {0: 'Spring', 1: '', 2: '', 3: '', 4: '', 5: 'X'}, {0: 'Summer', 1: '', 2: '', 3: '', 4: '', 5: 'X'}]]",<table> <tr> <td> Term </td> <td> Priority Date </td> <td> Closing Date </td> <td> Notification Date </td> <td> Reply Date </td> <td> Rolling Admission </td> </tr> <tr> <td> Fall </td> <td> </td> <td> </td> <td> </td> <td> </td> <td> X </td> </tr> <tr> <td> Winter </td> <td> </td> <td> </td> <td> </td> <td> </td> <td> </td> </tr> <tr> <td> Spring </td> <td> </td> <td> </td> <td> </td> <td> </td> <td> X </td> </tr> <tr> <td> Summer </td> <td> </td> <td> </td> <td> </td> <td> </td> <td> X </td> </tr> </table>,102368,../data/cds-docs/2024-2025/102368.pdf,2024-2025
F,1,F1,,"[[{0: '', 1: 'First-time, first-year\nstudents', 2: 'Undergraduates'}, {0: 'Percent who are from out of state (exclude\ninternational/nonresidents from the numerator\nand denominator)', 1: '28%', 2: '25%'}, {0: 'Percent of males who join fraternities', 1: '15%', 2: '13%'}, {0: 'Percent of females who join sororities', 1: '20%', 2: '14%'}, {0: 'Percent who live in college-owned, -operated,\nor -affiliated housing', 1: '58%', 2: '17%'}, {0: 'Percent who live off campus or commute', 1: '42%', 2: '83%'}, {0: 'Percent of students age 25 and older', 1: '16%', 2: '33%'}, {0: 'Average age of full-time students', 1: '19', 2: '23'}, {0: 'Average age of all students (full- and part-time)', 1: '22', 2: '25'}]]","<table> <tr> <td> </td> <td> First-time, first-year <br/> students </td> <td> Undergraduates </td> </tr> <tr> <td> Percent who are from out of state (exclude <br/> international/nonresidents from the numerator <br/> and denominator) </td> <td> 28% </td> <td> 25% </td> </tr> <tr> <td> Percent of males who join fraternities </td> <td> 15% </td> <td> 13% </td> </tr> <tr> <td> Percent of females who join sororities </td> <td> 20% </td> <td> 14% </td> </tr> <tr> <td> Percent who live in college-owned, -operated, <br/> or -affiliated housing </td> <td> 58% </td> <td> 17% </td> </tr> <tr> <td> Percent who live off campus or commute </td> <td> 42% </td> <td> 83% </td> </tr> <tr> <td> Percent of students age 25 and older </td> <td> 16% </td> <td> 33% </td> </tr> <tr> <td> Average age of full-time students </td> <td> 19 </td> <td> 23 </td> </tr> <tr> <td> Average age of all students (full- and part-time) </td> <td> 22 </td> <td> 25 </td> </tr> </table>",102368,../data/cds-docs/2024-2025/102368.pdf,2024-2025
F,3,F3,ROTC (program offered in cooperation with Reserve Officers' Training Corps),"[[{0: 'Programs', 1: 'Marine Option\n(for Naval ROTC)', 2: 'On Campus', 3: 'At Cooperating\nInstitution', 4: 'Name of\nCooperating\nInstitution'}, {0: 'Army ROTC is offered:', 1: 'Not Applicable', 2: 'X', 3: '', 4: ''}, {0: 'Naval ROTC is offered:', 1: '', 2: '', 3: '', 4: ''}, {0: 'Air Force ROTC is offered:', 1: 'Not Applicable', 2: 'X', 3: '', 4: ''}]]",<table> <tr> <td> Programs </td> <td> Marine Option <br/> (for Naval ROTC) </td> <td> On Campus </td> <td> At Cooperating <br/> Institution </td> <td> Name of <br/> Cooperating <br/> Institution </td> </tr> <tr> <td> Army ROTC is offered: </td> <td> Not Applicable </td> <td> X </td> <td> </td> <td> </td> </tr> <tr> <td> Naval ROTC is offered: </td> <td> </td> <td> </td> <td> </td> <td> </td> </tr> <tr> <td> Air Force ROTC is offered: </td> <td> Not Applicable </td> <td> X </td> <td> </td> <td> </td> </tr> </table>,102368,../data/cds-docs/2024-2025/102368.pdf,2024-2025
G,1,G1,PRIVATE INSTITUTIONS First-Year Undergraduates,"[[{0: 'PRIVATE INSTITUTIONS', 1: 'First-Year', 2: 'Undergraduates'}, {0: 'Tuition:', 1: '', 2: ''}], [{0: 'PUBLIC INSTITUTIONS', 1: 'First-Year', 2: 'Undergraduates'}, {0: 'Tuition: In-district', 1: '$11,460', 2: '$11,460'}, {0: 'Tuition: In-state (out-of-district):', 1: '$11,460', 2: '$11,460'}, {0: 'Tuition: Out-of-state:', 1: '$22,920', 2: '$22,920'}, {0: 'Tuition: Nonresident', 1: '$22,920', 2: '$22,920'}, {0: 'FOR ALL INSTITUTIONS', 1: 'First-Year', 2: 'Undergraduates'}, {0: 'Required Fees:', 1: '$1,500', 2: '$1,500'}, {0: 'Food and housing (on-campus):', 1: '$9,440', 2: '$9,440'}, {0: 'Housing Only (on-campus):', 1: '$5,060', 2: '$5,060'}, {0: 'Food Only (on-campus meal plan):', 1: '$4,380', 2: '$4,380'}]]","<table> <tr> <td> PRIVATE INSTITUTIONS </td> <td> First-Year </td> <td> Undergraduates </td> </tr> <tr> <td> Tuition: </td> <td> </td> <td> </td> </tr> </table><div class=""separator""></div><table> <tr> <td> PUBLIC INSTITUTIONS </td> <td> First-Year </td> <td> Undergraduates </td> </tr> <tr> <td> Tuition: In-district </td> <td> $11,460 </td> <td> $11,460 </td> </tr> <tr> <td> Tuition: In-state (out-of-district): </td> <td> $11,460 </td> <td> $11,460 </td> </tr> <tr> <td> Tuition: Out-of-state: </td> <td> $22,920 </td> <td> $22,920 </td> </tr> <tr> <td> Tuition: Nonresident </td> <td> $22,920 </td> <td> $22,920 </td> </tr> <tr> <td> FOR ALL INSTITUTIONS </td> <td> First-Year </td> <td> Undergraduates </td> </tr> <tr> <td> Required Fees: </td> <td> $1,500 </td> <td> $1,500 </td> </tr> <tr> <td> Food and housing (on-campus): </td> <td> $9,440 </td> <td> $9,440 </td> </tr> <tr> <td> Housing Only (on-campus): </td> <td> $5,060 </td> <td> $5,060 </td> </tr> <tr> <td> Food Only (on-campus meal plan): </td> <td> $4,380 </td> <td> $4,380 </td> </tr> </table>",102368,../data/cds-docs/2024-2025/102368.pdf,2024-2025
G,5,G5,Provide the estimated expenses for a typical full-time undergraduate student:,"[[{0: '', 1: 'Residents', 2: 'Residents', 3: 'Commuters\n(living at home)', 4: 'Commuters\n(not living at home)'}, {0: 'Books and supplies:', 1: '$1,000', 2: '$1,000', 3: '$1,000', 4: '$1,000'}, {0: 'Housing only:', 1: 'Not Applicable', 2: 'Not Applicable', 3: 'Not Applicable', 4: ''}, {0: 'Food only:', 1: 'Not', 2: 'Applicable', 3: '', 4: ''}, {0: 'Food and housing total*', 1: 'Not', 2: 'Applicable', 3: 'Not Applicable', 4: '$10,880'}, {0: 'Transportation:', 1: '$1,000', 2: '$1,000', 3: '$2,300', 4: '$2,300'}, {0: 'Other expenses:', 1: '$3,530', 2: '$3,530', 3: '$3,530', 4: '$3,530'}]]","<table> <tr> <td> </td> <td colspan=""2""> Residents </td> <td> Commuters <br/> (living at home) </td> <td> Commuters <br/> (not living at home) </td> </tr> <tr> <td> Books and supplies: </td> <td colspan=""2""> $1,000 </td> <td> $1,000 </td> <td> $1,000 </td> </tr> <tr> <td> Housing only: </td> <td colspan=""2""> Not Applicable </td> <td> Not Applicable </td> <td> </td> </tr> <tr> <td> Food only: </td> <td> Not </td> <td> Applicable </td> <td> </td> <td> </td> </tr> <tr> <td> Food and housing total* </td> <td> Not </td> <td> Applicable </td> <td> Not Applicable </td> <td> $10,880 </td> </tr> <tr> <td> Transportation: </td> <td colspan=""2""> $1,000 </td> <td> $2,300 </td> <td> $2,300 </td> </tr> <tr> <td> Other expenses: </td> <td colspan=""2""> $3,530 </td> <td> $3,530 </td> <td> $3,530 </td> </tr> </table>",102368,../data/cds-docs/2024-2025/102368.pdf,2024-2025
G,6,G6,Undergraduate per-credit-hour charges (tuition only):,"[[{0: 'PRIVATE INSTITUTIONS:', 1: ''}, {0: 'PUBLIC INSTITUTIONS:', 1: 'Not Applicable'}, {0: 'In-district:', 1: '$382'}, {0: 'In-state (out-of-district):', 1: '$382'}, {0: 'Out-of-state:', 1: '$764'}, {0: 'NONRESIDENTS:', 1: '$764'}]]",<table> <tr> <td> PRIVATE INSTITUTIONS: </td> <td> </td> </tr> <tr> <td> PUBLIC INSTITUTIONS: </td> <td> Not Applicable </td> </tr> <tr> <td> In-district: </td> <td> $382 </td> </tr> <tr> <td> In-state (out-of-district): </td> <td> $382 </td> </tr> <tr> <td> Out-of-state: </td> <td> $764 </td> </tr> <tr> <td> NONRESIDENTS: </td> <td> $764 </td> </tr> </table>,102368,../data/cds-docs/2024-2025/102368.pdf,2024-2025
H,2,H2,,"[[{0: '', 1: 'Number of Enrolled Students Awarded Aid', 2: 'First-time Full-time First\ufffe\nyear Students', 3: 'Full-time Undergrad\n(Incl. First-Year)', 4: 'Less Full-time Than\nUndergrad'}, {0: 'A', 1: 'Number of degree-seeking undergraduate students (CDS\nItem $B$1 if reporting on Fall 2025 cohort)', 2: '1,650', 3: '7,012', 4: '2,793'}, {0: 'B', 1: 'Number of students in line a who applied for need-based\nfinancial aid', 2: '1,355', 3: '5,058', 4: '1,748'}, {0: 'C', 1: 'Number of students in line b who were determined to have\nfinancial need', 2: '1,098', 3: '4,321', 4: '1,671'}, {0: 'D', 1: 'Number of students in line c who were awarded any financial\naid', 2: '1,098', 3: '4,320', 4: '1,661'}, {0: 'E', 1: 'Number of students in line d who were awarded any need\ufffe\nbased scholarship or grant aid', 2: '851', 3: '3,353', 4: '1,354'}, {0: 'F', 1: 'Number of students in line d who were awarded any need\ufffe\nbased self-help aid', 2: '1,084', 3: '4,246', 4: '1,627'}, {0: 'G', 1: 'Number of students in line d who were awarded any non-need\ufffe\nbased scholarship or grant aid', 2: '728', 3: '2,432', 4: '472'}, {0: 'H', 1: 'Number of students in line d whose need was fully met\n(exclude PLUS loans, unsubsidized loans, and private\nalternative loans)', 2: '---', 3: '---', 4: '---'}, {0: 'I', 1: 'On average, the percentage of need that was met of students\nwho were awarded any need-based aid. Exclude any aid that\nwas awarded in excess of need as well as any resources that\nwere awarded to replace EFC (PLUS loans, unsubsidized\nloans, and private alternative loans)', 2: '---', 3: '---', 4: '---'}, {0: 'J', 1: 'The average financial aid package of those in line d. Exclude\nany resources that were awarded to replace EFC (PLUS\nloans, unsubsidized loans, and private alternative loans)', 2: '$ 7,879', 3: '$ 8,063', 4: '$ 4,949'}, {0: 'K', 1: 'Average need-based scholarship and grant award of those in\nline e', 2: '$ 6,979', 3: '$ 6,663', 4: '$ 3,598'}, {0: 'L', 1: 'Average need-based self-help award (excluding PLUS loans,\nunsubsidized loans, and private alternative loans) of those in\nline f', 2: '$ 2,062', 3: '$ 2,682', 4: '$ 2,039'}, {0: 'M', 1: 'Average need-based loan (excluding PLUS loans,\nunsubsidized loans, and private alternative loans) of those in\nline f who were awarded a need-based loan', 2: '$ 1,982', 3: '$ 2,506', 4: '$ 1,847'}], [{0: '', 1: 'Number of Enrolled Students Awarded Non-need-based\nScholarships and Grants', 2: 'First-time\nFull-time\nFirst-year Students', 3: 'Full-time\nUndergrad\n(Incl. First-year.)', 4: 'Less Full-time Than\nUndergrad'}, {0: 'N', 1: 'Number of students in line a who had no financial need and\nwho were awarded institutional non-need-based scholarship\nor grant aid (exclude those who were awarded athletic awards\nand tuition benefits)', 2: '232', 3: '549', 4: '18'}, {0: 'O', 1: 'Average dollar amount of institutional non-need-based\nscholarship and grant aid awarded to students in line n', 2: '$ 11,585', 3: '$ 9,837', 4: '$ 2,260'}, {0: 'P', 1: 'Number of students in line a who were awarded an\ninstitutional non-need-based athletic scholarship or grant', 2: '67', 3: '313', 4: '7'}, {0: 'Q', 1: 'Average dollar amount of institutional non-need-based athletic\nscholarships and grants awarded to students in line p', 2: '$ 5,354', 3: '$ 5,398', 4: '$ 4,410'}]]","<table> <tr> <td> </td> <td> Number of Enrolled Students Awarded Aid </td> <td> First-time Full-time First￾ <br/> year Students </td> <td> Full-time Undergrad <br/> (Incl. First-Year) </td> <td> Less Full-time Than <br/> Undergrad </td> </tr> <tr> <td> A </td> <td> Number of degree-seeking undergraduate students (CDS <br/> Item $B$1 if reporting on Fall 2025 cohort) </td> <td> 1,650 </td> <td> 7,012 </td> <td> 2,793 </td> </tr> <tr> <td> B </td> <td> Number of students in line a who applied for need-based <br/> financial aid </td> <td> 1,355 </td> <td> 5,058 </td> <td> 1,748 </td> </tr> <tr> <td> C </td> <td> Number of students in line b who were determined to have <br/> financial need </td> <td> 1,098 </td> <td> 4,321 </td> <td> 1,671 </td> </tr> <tr> <td> D </td> <td> Number of students in line c who were awarded any financial <br/> aid </td> <td> 1,098 </td> <td> 4,320 </td> <td> 1,661 </td> </tr> <tr> <td> E </td> <td> Number of students in line d who were awarded any need￾ <br/> based scholarship or grant aid </td> <td> 851 </td> <td> 3,353 </td> <td> 1,354 </td> </tr> <tr> <td> F </td> <td> Number of students in line d who were awarded any need￾ <br/> based self-help aid </td> <td> 1,084 </td> <td> 4,246 </td> <td> 1,627 </td> </tr> <tr> <td> G </td> <td> Number of students in line d who were awarded any non-need￾ <br/> based scholarship or grant aid </td> <td> 728 </td> <td> 2,432 </td> <td> 472 </td> </tr> <tr> <td> H </td> <td> Number of students in line d whose need was fully met <br/> (exclude PLUS loans, unsubsidized loans, and private <br/> alternative loans) </td> <td> --- </td> <td> --- </td> <td> --- </td> </tr> <tr> <td> I </td> <td> On average, the percentage of need that was met of students <br/> who were awarded any need-based aid. Exclude any aid that <br/> was awarded in excess of need as well as any resources that <br/> were awarded to replace EFC (PLUS loans, unsubsidized <br/> loans, and private alternative loans) </td> <td> --- </td> <td> --- </td> <td> --- </td> </tr> <tr> <td> J </td> <td> The average financial aid package of those in line d. Exclude <br/> any resources that were awarded to replace EFC (PLUS <br/> loans, unsubsidized loans, and private alternative loans) </td> <td> $ 7,879 </td> <td> $ 8,063 </td> <td> $ 4,949 </td> </tr> <tr> <td> K </td> <td> Average need-based scholarship and grant award of those in <br/> line e </td> <td> $ 6,979 </td> <td> $ 6,663 </td> <td> $ 3,598 </td> </tr> <tr> <td> L </td> <td> Average need-based self-help award (excluding PLUS loans, <br/> unsubsidized loans, and private alternative loans) of those in <br/> line f </td> <td> $ 2,062 </td> <td> $ 2,682 </td> <td> $ 2,039 </td> </tr> <tr> <td> M </td> <td> Average need-based loan (excluding PLUS loans, <br/> unsubsidized loans, and private alternative loans) of those in <br/> line f who were awarded a need-based loan </td> <td> $ 1,982 </td> <td> $ 2,506 </td> <td> $ 1,847 </td> </tr> </table><div class=""separator""></div><table> <tr> <td> </td> <td> Number of Enrolled Students Awarded Non-need-based <br/> Scholarships and Grants </td> <td> First-time <br/> Full-time <br/> First-year Students </td> <td> Full-time <br/> Undergrad <br/> (Incl. First-year.) </td> <td> Less Full-time Than <br/> Undergrad </td> </tr> <tr> <td> N </td> <td> Number of students in line a who had no financial need and <br/> who were awarded institutional non-need-based scholarship <br/> or grant aid (exclude those who were awarded athletic awards <br/> and tuition benefits) </td> <td> 232 </td> <td> 549 </td> <td> 18 </td> </tr> <tr> <td> O </td> <td> Average dollar amount of institutional non-need-based <br/> scholarship and grant aid awarded to students in line n </td> <td> $ 11,585 </td> <td> $ 9,837 </td> <td> $ 2,260 </td> </tr> <tr> <td> P </td> <td> Number of students in line a who were awarded an <br/> institutional non-need-based athletic scholarship or grant </td> <td> 67 </td> <td> 313 </td> <td> 7 </td> </tr> <tr> <td> Q </td> <td> Average dollar amount of institutional non-need-based athletic <br/> scholarships and grants awarded to students in line p </td> <td> $ 5,354 </td> <td> $ 5,398 </td> <td> $ 4,410 </td> </tr> </table>",102368,../data/cds-docs/2024-2025/102368.pdf,2024-2025
H,5,H5,"Number and percent of students in class (defined in H4 above) borrowing from federal, non-federal, and any loan sources, and the","[[{0: 'Source/Type of Loan', 1: 'Source/Type of Loan', 2: 'Number in the class\n(defined in H4 above)\nwho borrowed from\nthe types of loans\nspecified in the first\ncolumn', 3: 'Percent of the class (defined\nabove) who borrowed from\nthe types of loans specified\nin the first column (nearest\n1%)', 4: 'Average per\ufffe\nundergraduate\ufffe\nborrower cumulative\nprincipal borrowed\nfrom the types of\nloans specified in the\nfirst column (nearest\n$1)'}, {0: 'A', 1: 'Any loan program: Federal Perkins, Federal Stafford\nSubsidized and Unsubsidized, institutional, state, private loans\nthat your institution is aware of, etc. Include both Federal\nDirect Student Loans and Federal Family Education Loans.', 2: '794', 3: '86%', 4: '$26,972'}, {0: 'B', 1: 'Federal loan programs: Federal Perkins, Federal Stafford\nSubsidized and Unsubsidized. Include both Federal Direct\nStudent Loans and Federal Family Education Loans.', 2: '790', 3: '86%', 4: '$22,796'}, {0: 'C', 1: 'Institutional loan programs.', 2: '---', 3: '---', 4: '---'}, {0: 'D', 1: 'State loan programs.', 2: '---', 3: '---', 4: '---'}, {0: 'E', 1: 'Private student loans made by a bank or lender.', 2: '116', 3: '13%', 4: '$29,369'}]]","<table> <tr> <td colspan=""2""> Source/Type of Loan </td> <td> Number in the class <br/> (defined in H4 above) <br/> who borrowed from <br/> the types of loans <br/> specified in the first <br/> column </td> <td> Percent of the class (defined <br/> above) who borrowed from <br/> the types of loans specified <br/> in the first column (nearest <br/> 1%) </td> <td> Average per￾ <br/> undergraduate￾ <br/> borrower cumulative <br/> principal borrowed <br/> from the types of <br/> loans specified in the <br/> first column (nearest <br/> $1) </td> </tr> <tr> <td> A </td> <td> Any loan program: Federal Perkins, Federal Stafford <br/> Subsidized and Unsubsidized, institutional, state, private loans <br/> that your institution is aware of, etc. Include both Federal <br/> Direct Student Loans and Federal Family Education Loans. </td> <td> 794 </td> <td> 86% </td> <td> $26,972 </td> </tr> <tr> <td> B </td> <td> Federal loan programs: Federal Perkins, Federal Stafford <br/> Subsidized and Unsubsidized. Include both Federal Direct <br/> Student Loans and Federal Family Education Loans. </td> <td> 790 </td> <td> 86% </td> <td> $22,796 </td> </tr> <tr> <td> C </td> <td> Institutional loan programs. </td> <td> --- </td> <td> --- </td> <td> --- </td> </tr> <tr> <td> D </td> <td> State loan programs. </td> <td> --- </td> <td> --- </td> <td> --- </td> </tr> <tr> <td> E </td> <td> Private student loans made by a bank or lender. </td> <td> 116 </td> <td> 13% </td> <td> $29,369 </td> </tr> </table>",102368,../data/cds-docs/2024-2025/102368.pdf,2024-2025
H,6,H6,below:,"[[{0: 'Aid Awarded', 1: 'Need-based\n(Include non-need-based aid\nuse to meet need.)', 2: 'Non-need-based\n(Exclude non-need\ufffe\nbased aid use to meet\nneed.)'}, {0: 'Scholarships/Grants', 1: 'Not Applicable', 2: 'Not Applicable'}, {0: 'Federal', 1: '$26,584,423', 2: '$0'}, {0: 'State all states, not only the state in which your institution is located', 1: '$635,782', 2: '$0'}, {0: 'Institutional: Endowed scholarships, annual gifts and tuition funded grants,\nawarded by the college, excluding athletic aid and tuition waivers (which are\nreported below).', 1: '$0', 2: '$31,946,012'}, {0: 'Scholarships/grants from external sources (e.g. Kiwanis, National Merit) not\nawarded by the college', 1: '$0', 2: '$3,160,855'}, {0: 'Total Scholarships/Grants', 1: '$27,220,205', 2: '$35,106,867'}, {0: 'Self-Help', 1: 'Not Applicable', 2: 'Not Applicable'}, {0: 'Student loans from all sources (excluding parent loans)', 1: '$29,947,740', 2: '$0'}, {0: 'Federal Work-Study', 1: '$434,961', 2: 'Not Applicable'}, {0: 'State and other (e.g., institutional) work-study/employment (Note: Excludes Federal\nWork-Study captured above.)', 1: '$0', 2: '$0'}, {0: 'Total Self-Help', 1: '$30,382,701', 2: '$0'}, {0: 'Parent Loans', 1: '$4,961,040', 2: '$0'}, {0: 'Tuition Waivers\nNote: Reporting is optional. Report tuition waivers in this row if you choose to report\nthem. Do not report tuition waivers elsewhere.', 1: '$0', 2: '$388,015'}, {0: 'Athletic Awards', 1: '$0', 2: '$6,140,809'}]]","<table> <tr> <td> Aid Awarded </td> <td> Need-based <br/> (Include non-need-based aid <br/> use to meet need.) </td> <td> Non-need-based <br/> (Exclude non-need￾ <br/> based aid use to meet <br/> need.) </td> </tr> <tr> <td> Scholarships/Grants </td> <td> Not Applicable </td> <td> Not Applicable </td> </tr> <tr> <td> Federal </td> <td> $26,584,423 </td> <td> $0 </td> </tr> <tr> <td> State all states, not only the state in which your institution is located </td> <td> $635,782 </td> <td> $0 </td> </tr> <tr> <td> Institutional: Endowed scholarships, annual gifts and tuition funded grants, <br/> awarded by the college, excluding athletic aid and tuition waivers (which are <br/> reported below). </td> <td> $0 </td> <td> $31,946,012 </td> </tr> <tr> <td> Scholarships/grants from external sources (e.g. Kiwanis, National Merit) not <br/> awarded by the college </td> <td> $0 </td> <td> $3,160,855 </td> </tr> <tr> <td> Total Scholarships/Grants </td> <td> $27,220,205 </td> <td> $35,106,867 </td> </tr> <tr> <td> Self-Help </td> <td> Not Applicable </td> <td> Not Applicable </td> </tr> <tr> <td> Student loans from all sources (excluding parent loans) </td> <td> $29,947,740 </td> <td> $0 </td> </tr> <tr> <td> Federal Work-Study </td> <td> $434,961 </td> <td> Not Applicable </td> </tr> <tr> <td> State and other (e.g., institutional) work-study/employment (Note: Excludes Federal <br/> Work-Study captured above.) </td> <td> $0 </td> <td> $0 </td> </tr> <tr> <td> Total Self-Help </td> <td> $30,382,701 </td> <td> $0 </td> </tr> <tr> <td> Parent Loans </td> <td> $4,961,040 </td> <td> $0 </td> </tr> <tr> <td> Tuition Waivers <br/> Note: Reporting is optional. Report tuition waivers in this row if you choose to report <br/> them. Do not report tuition waivers elsewhere. </td> <td> $0 </td> <td> $388,015 </td> </tr> <tr> <td> Athletic Awards </td> <td> $0 </td> <td> $6,140,809 </td> </tr> </table>",102368,../data/cds-docs/2024-2025/102368.pdf,2024-2025
H,14,H14,Check off criteria used in awarding institutional aid. Check all that apply.,"[[{0: '', 1: 'Non-Need Based', 2: 'Need-Based'}, {0: 'Academics', 1: 'X', 2: 'X'}, {0: 'Alumni affiliation', 1: '', 2: ''}, {0: 'Art', 1: '', 2: ''}, {0: 'Athletics', 1: 'X', 2: 'X'}, {0: 'Job skills', 1: '', 2: ''}, {0: 'ROTC', 1: 'X', 2: 'Not Applicable'}, {0: 'Leadership', 1: 'X', 2: 'X'}, {0: 'Music/drama', 1: 'X', 2: ''}, {0: 'Religious affiliation', 1: '', 2: ''}, {0: 'State/district residency', 1: '', 2: 'X'}]]",<table> <tr> <td> </td> <td> Non-Need Based </td> <td> Need-Based </td> </tr> <tr> <td> Academics </td> <td> X </td> <td> X </td> </tr> <tr> <td> Alumni affiliation </td> <td> </td> <td> </td> </tr> <tr> <td> Art </td> <td> </td> <td> </td> </tr> <tr> <td> Athletics </td> <td> X </td> <td> X </td> </tr> <tr> <td> Job skills </td> <td> </td> <td> </td> </tr> <tr> <td> ROTC </td> <td> X </td> <td> Not Applicable </td> </tr> <tr> <td> Leadership </td> <td> X </td> <td> X </td> </tr> <tr> <td> Music/drama </td> <td> X </td> <td> </td> </tr> <tr> <td> Religious affiliation </td> <td> </td> <td> </td> </tr> <tr> <td> State/district residency </td> <td> </td> <td> X </td> </tr> </table>,102368,../data/cds-docs/2024-2025/102368.pdf,2024-2025
J,1,J1,"Degrees conferred between July 1, 2024 and June 30, 2025","[[{0: 'Category', 1: 'Diploma/Certificates', 2: 'Associate', 3: 'Bachelor’s', 4: 'CIP 2020 Categories to\nInclude'}, {0: 'Agriculture', 1: '', 2: '', 3: '', 4: '01'}, {0: 'Natural resources and conservation', 1: '', 2: '', 3: '0.37%', 4: '03'}, {0: 'Architecture', 1: '', 2: '', 3: '', 4: '04'}, {0: 'Area, ethnic, and gender studies', 1: '', 2: '', 3: '', 4: '05'}, {0: 'Communication/journalism', 1: '', 2: '', 3: '2.00%', 4: '09'}, {0: 'Communication technologies', 1: '', 2: '', 3: '', 4: '10'}, {0: 'Computer and information sciences', 1: '', 2: '', 3: '4.95%', 4: '11'}, {0: 'Personal and culinary services', 1: '', 2: '', 3: '', 4: '12'}, {0: 'Education', 1: '', 2: '', 3: '7.68%', 4: '13'}, {0: 'Engineering', 1: '', 2: '', 3: '', 4: '14'}, {0: 'Engineering technologies', 1: '', 2: '', 3: '0.79%', 4: '15'}, {0: 'Foreign languages, literatures, and linguistics', 1: '', 2: '', 3: '0.68%', 4: '16'}, {0: 'Family and consumer sciences', 1: '', 2: '', 3: '', 4: '19'}, {0: 'Law/legal studies', 1: '', 2: '', 3: '', 4: '22'}, {0: 'English', 1: '', 2: '', 3: '1.95%', 4: '23'}, {0: 'Liberal arts/general studies', 1: '', 2: '66.01%', 3: '', 4: '24'}, {0: 'Library science', 1: '', 2: '', 3: '', 4: '25'}, {0: 'Biological/life sciences', 1: '', 2: '', 3: '2.53%', 4: '26'}, {0: 'Mathematics and statistics', 1: '', 2: '', 3: '0.26%', 4: '27'}, {0: 'Military science and military technologies', 1: '', 2: '', 3: '', 4: '28 & 29'}, {0: 'Interdisciplinary studies', 1: '', 2: '', 3: '', 4: '30'}, {0: 'Parks and recreation', 1: '', 2: '', 3: '15.84%', 4: '31'}, {0: 'Philosophy and religious studies', 1: '', 2: '', 3: '', 4: '38'}, {0: 'Theology and religious vocations', 1: '', 2: '', 3: '', 4: '39'}, {0: 'Physical sciences', 1: '', 2: '', 3: '0.16%', 4: '40'}, {0: 'Science technologies', 1: '', 2: '', 3: '', 4: '41'}, {0: 'Psychology', 1: '', 2: '', 3: '11.11%', 4: '42'}, {0: 'Homeland Security, law enforcement, firefighting, and\nprotective services', 1: '', 2: '', 3: '5.84%', 4: '43'}, {0: 'Public administration and social services', 1: '', 2: '', 3: '7.37%', 4: '44'}, {0: 'Social sciences', 1: '', 2: '', 3: '4.42%', 4: '45'}, {0: 'Construction trades', 1: '', 2: '', 3: '', 4: '46'}, {0: 'Mechanic and repair technologies', 1: '', 2: '', 3: '', 4: '47'}, {0: 'Precision production', 1: '', 2: '', 3: '', 4: '48'}, {0: 'Transportation and materials moving', 1: '', 2: '', 3: '', 4: '49'}, {0: 'Visual and performing arts', 1: '', 2: '', 3: '3.00%', 4: '50'}, {0: 'Health professions and related programs', 1: '', 2: '33.99%', 3: '9.47%', 4: '51'}, {0: 'Business/marketing', 1: '', 2: '', 3: '20.95%', 4: '52'}, {0: 'History', 1: '', 2: '', 3: '0.63%', 4: '54'}, {0: 'Other', 1: '', 2: '', 3: '', 4: ''}, {0: 'TOTAL (should = 100%)', 1: '0.00%', 2: '100.00%', 3: '100.00%', 4: ''}]]","<table> <tr> <td> Category </td> <td> Diploma/Certificates </td> <td> Associate </td> <td> Bachelor’s </td> <td> CIP 2020 Categories to <br/> Include </td> </tr> <tr> <td> Agriculture </td> <td> </td> <td> </td> <td> </td> <td> 01 </td> </tr> <tr> <td> Natural resources and conservation </td> <td> </td> <td> </td> <td> 0.37% </td> <td> 03 </td> </tr> <tr> <td> Architecture </td> <td> </td> <td> </td> <td> </td> <td> 04 </td> </tr> <tr> <td> Area, ethnic, and gender studies </td> <td> </td> <td> </td> <td> </td> <td> 05 </td> </tr> <tr> <td> Communication/journalism </td> <td> </td> <td> </td> <td> 2.00% </td> <td> 09 </td> </tr> <tr> <td> Communication technologies </td> <td> </td> <td> </td> <td> </td> <td> 10 </td> </tr> <tr> <td> Computer and information sciences </td> <td> </td> <td> </td> <td> 4.95% </td> <td> 11 </td> </tr> <tr> <td> Personal and culinary services </td> <td> </td> <td> </td> <td> </td> <td> 12 </td> </tr> <tr> <td> Education </td> <td> </td> <td> </td> <td> 7.68% </td> <td> 13 </td> </tr> <tr> <td> Engineering </td> <td> </td> <td> </td> <td> </td> <td> 14 </td> </tr> <tr> <td> Engineering technologies </td> <td> </td> <td> </td> <td> 0.79% </td> <td> 15 </td> </tr> <tr> <td> Foreign languages, literatures, and linguistics </td> <td> </td> <td> </td> <td> 0.68% </td> <td> 16 </td> </tr> <tr> <td> Family and consumer sciences </td> <td> </td> <td> </td> <td> </td> <td> 19 </td> </tr> <tr> <td> Law/legal studies </td> <td> </td> <td> </td> <td> </td> <td> 22 </td> </tr> <tr> <td> English </td> <td> </td> <td> </td> <td> 1.95% </td> <td> 23 </td> </tr> <tr> <td> Liberal arts/general studies </td> <td> </td> <td> 66.01% </td> <td> </td> <td> 24 </td> </tr> <tr> <td> Library science </td> <td> </td> <td> </td> <td> </td> <td> 25 </td> </tr> <tr> <td> Biological/life sciences </td> <td> </td> <td> </td> <td> 2.53% </td> <td> 26 </td> </tr> <tr> <td> Mathematics and statistics </td> <td> </td> <td> </td> <td> 0.26% </td> <td> 27 </td> </tr> <tr> <td> Military science and military technologies </td> <td> </td> <td> </td> <td> </td> <td> 28 &amp; 29 </td> </tr> <tr> <td> Interdisciplinary studies </td> <td> </td> <td> </td> <td> </td> <td> 30 </td> </tr> <tr> <td> Parks and recreation </td> <td> </td> <td> </td> <td> 15.84% </td> <td> 31 </td> </tr> <tr> <td> Philosophy and religious studies </td> <td> </td> <td> </td> <td> </td> <td> 38 </td> </tr> <tr> <td> Theology and religious vocations </td> <td> </td> <td> </td> <td> </td> <td> 39 </td> </tr> <tr> <td> Physical sciences </td> <td> </td> <td> </td> <td> 0.16% </td> <td> 40 </td> </tr> <tr> <td> Science technologies </td> <td> </td> <td> </td> <td> </td> <td> 41 </td> </tr> <tr> <td> Psychology </td> <td> </td> <td> </td> <td> 11.11% </td> <td> 42 </td> </tr> <tr> <td> Homeland Security, law enforcement, firefighting, and <br/> protective services </td> <td> </td> <td> </td> <td> 5.84% </td> <td> 43 </td> </tr> <tr> <td> Public administration and social services </td> <td> </td> <td> </td> <td> 7.37% </td> <td> 44 </td> </tr> <tr> <td> Social sciences </td> <td> </td> <td> </td> <td> 4.42% </td> <td> 45 </td> </tr> <tr> <td> Construction trades </td> <td> </td> <td> </td> <td> </td> <td> 46 </td> </tr> <tr> <td> Mechanic and repair technologies </td> <td> </td> <td> </td> <td> </td> <td> 47 </td> </tr> <tr> <td> Precision production </td> <td> </td> <td> </td> <td> </td> <td> 48 </td> </tr> <tr> <td> Transportation and materials moving </td> <td> </td> <td> </td> <td> </td> <td> 49 </td> </tr> <tr> <td> Visual and performing arts </td> <td> </td> <td> </td> <td> 3.00% </td> <td> 50 </td> </tr> <tr> <td> Health professions and related programs </td> <td> </td> <td> 33.99% </td> <td> 9.47% </td> <td> 51 </td> </tr> <tr> <td> Business/marketing </td> <td> </td> <td> </td> <td> 20.95% </td> <td> 52 </td> </tr> <tr> <td> History </td> <td> </td> <td> </td> <td> 0.63% </td> <td> 54 </td> </tr> <tr> <td> Other </td> <td> </td> <td> </td> <td> </td> <td> </td> </tr> <tr> <td> TOTAL (should = 100%) </td> <td> 0.00% </td> <td> 100.00% </td> <td> 100.00% </td> <td> </td> </tr> </table>",102368,../data/cds-docs/2024-2025/102368.pdf,2024-2025
A,1,A1,Address Information,"[[{0: 'please', 1: ''}, {0: '', 1: 'https://www.troy.edu/applications-admissions/index.html'}]]",<table> <tr> <td> please </td> <td> </td> </tr> <tr> <td> </td> <td> https://www.troy.edu/applications-admissions/index.html </td> </tr> </table>,102368,../data/cds-docs/2023-2024/102368.pdf,2023-2024
B,1,B1,Institutional Enrollment,"[[{0: '', 1: 'Men', 2: 'Men', 3: 'Women', 4: 'Women', 5: 'Another Gender', 6: 'Another Gender'}, {0: '', 1: 'Enrollment Full Time', 2: 'Enrollment Part Time', 3: 'Enrollment Full Time', 4: 'Enrollment Part Time', 5: 'Full Time Enrollment', 6: 'Enrollment Part Time'}, {0: 'UNDERGRADUATE STUDENTS', 1: 'UNDERGRADUATE STUDENTS', 2: 'UNDERGRADUATE STUDENTS', 3: 'UNDERGRADUATE STUDENTS', 4: 'UNDERGRADUATE STUDENTS', 5: 'UNDERGRADUATE STUDENTS', 6: 'UNDERGRADUATE STUDENTS'}, {0: 'Degree-seeking, first-time, first-year students', 1: '587', 2: '101', 3: '859', 4: '170', 5: '0', 6: '0'}, {0: 'Other first-year, degree-seeking students', 1: '275', 2: '110', 3: '385', 4: '213', 5: '0', 6: '0'}, {0: 'All other degree-seeking undergraduate students', 1: '1,703', 2: '829', 3: '3,168', 4: '1,689', 5: '0', 6: '0'}, {0: 'Total degree-seeking undergraduate students', 1: '2,565', 2: '1,040', 3: '4,412', 4: '2,072', 5: '0', 6: '0'}, {0: 'All other undergraduates enrolled in credit courses', 1: '33', 2: '129', 3: '43', 4: '174', 5: '0', 6: '0'}, {0: 'Total Undergraduate Students', 1: '2,598', 2: '1,169', 3: '4,455', 4: '2,246', 5: '0', 6: '0'}, {0: '', 1: '', 2: '', 3: 'students', 4: '3,112', 5: '', 6: ''}, {0: '', 1: '', 2: '', 3: '', 4: '6,977', 5: '', 6: ''}, {0: '', 1: '', 2: '', 3: '', 4: '10,089', 5: '', 6: ''}, {0: '', 1: '', 2: '', 3: '', 4: '10,468', 5: '', 6: ''}]]","<table> <tr> <td> </td> <td colspan=""2""> Men </td> <td colspan=""2""> Women </td> <td colspan=""2""> Another Gender </td> </tr> <tr> <td> </td> <td> Enrollment Full Time </td> <td> Enrollment Part Time </td> <td> Enrollment Full Time </td> <td> Enrollment Part Time </td> <td> Full Time Enrollment </td> <td> Enrollment Part Time </td> </tr> <tr> <td colspan=""7""> UNDERGRADUATE STUDENTS </td> </tr> <tr> <td> Degree-seeking, first-time, first-year students </td> <td> 587 </td> <td> 101 </td> <td> 859 </td> <td> 170 </td> <td> 0 </td> <td> 0 </td> </tr> <tr> <td> Other first-year, degree-seeking students </td> <td> 275 </td> <td> 110 </td> <td> 385 </td> <td> 213 </td> <td> 0 </td> <td> 0 </td> </tr> <tr> <td> All other degree-seeking undergraduate students </td> <td> 1,703 </td> <td> 829 </td> <td> 3,168 </td> <td> 1,689 </td> <td> 0 </td> <td> 0 </td> </tr> <tr> <td> Total degree-seeking undergraduate students </td> <td> 2,565 </td> <td> 1,040 </td> <td> 4,412 </td> <td> 2,072 </td> <td> 0 </td> <td> 0 </td> </tr> <tr> <td> All other undergraduates enrolled in credit courses </td> <td> 33 </td> <td> 129 </td> <td> 43 </td> <td> 174 </td> <td> 0 </td> <td> 0 </td> </tr> <tr> <td> Total Undergraduate Students </td> <td> 2,598 </td> <td> 1,169 </td> <td> 4,455 </td> <td> 2,246 </td> <td> 0 </td> <td> 0 </td> </tr> <tr> <td colspan=""3""> </td> <td> students </td> <td> 3,112 </td> <td> </td> <td> </td> </tr> <tr> <td colspan=""4""> </td> <td> 6,977 </td> <td colspan=""2""> </td> </tr> <tr> <td colspan=""4""> </td> <td> 10,089 </td> <td colspan=""2""> </td> </tr> <tr> <td colspan=""4""> </td> <td> 10,468 </td> <td colspan=""2""> </td> </tr> </table>",102368,../data/cds-docs/2023-2024/102368.pdf,2023-2024
B,4,B4,- B21. Graduation Rates,"[[{0: '', 1: '2017 COHORT (AY - 7)', 2: '2017 COHORT (AY - 7)', 3: '2017 COHORT (AY - 7)', 4: '2017 COHORT (AY - 7)'}, {0: 'available. If Fall 2017 cohort data are not available, provide data for the Fall 2016\ncohort.', 1: 'Recipients of a\nFederal Grant Pell', 2: 'Recipients of a\nSubsidized Stafford\nLoan, who did not\nreceive a Pell Grant', 3: 'Students who did\nnot receive either a\nPell Grant or a\nsubsidized Stafford\nLoan', 4: 'Total'}, {0: ""A. Initial 2017 cohort of first-time, full-time, bachelor's (or equivalent) degree-seeking\nundergraduate students"", 1: '843', 2: '271', 3: '748', 4: '1,862'}, {0: 'B. Of the Initial 2017 cohort, how many did not persist and did not graduate for any of\nthe following reasons: (report total allowable exclusions)\n- Deceased\n- Armed Forces\n- Official church mission\n- Permanently Disabled\n- Foreign Aid Service of the Federal Government', 1: '1', 2: '0', 3: '0', 4: '1'}, {0: 'C. Final 2017 cohort, after adjusting for allowable exclusions', 1: '842', 2: '271', 3: '748', 4: '1,861'}, {0: 'D. Of the initial 2017 cohort, how many completed the program in four years or less\n(by Aug. 31, 2021)?', 1: '143', 2: '72', 3: '297', 4: '512'}, {0: 'E. Of the initial 2017 cohort, how many completed the program in more than four\nyears but in five years or less (after Aug. 31, 2021 and by Aug. 31, 2022)?', 1: '147', 2: '38', 3: '104', 4: '289'}, {0: 'F. Of the initial 2017 cohort, how many completed the program in more than five\nyears but in six years or less (after Aug. 31, 2022 and by Aug. 31, 2023)?', 1: '40', 2: '12', 3: '23', 4: '75'}, {0: 'G. Total graduating within six years\n(Sum of D., E., and F.)', 1: '330', 2: '122', 3: '424', 4: '876'}, {0: 'H. Six-year graduation rate for 2017 cohort\n(G. divided by C.)', 1: '39%', 2: '45%', 3: '57%', 4: '47%'}]]","<table> <tr> <td> </td> <td colspan=""4""> 2017 COHORT (AY - 7) </td> </tr> <tr> <td> available. If Fall 2017 cohort data are not available, provide data for the Fall 2016 <br/> cohort. </td> <td> Recipients of a <br/> Federal Grant Pell </td> <td> Recipients of a <br/> Subsidized Stafford <br/> Loan, who did not <br/> receive a Pell Grant </td> <td> Students who did <br/> not receive either a <br/> Pell Grant or a <br/> subsidized Stafford <br/> Loan </td> <td> Total </td> </tr> <tr> <td> A. Initial 2017 cohort of first-time, full-time, bachelor's (or equivalent) degree-seeking <br/> undergraduate students </td> <td> 843 </td> <td> 271 </td> <td> 748 </td> <td> 1,862 </td> </tr> <tr> <td> B. Of the Initial 2017 cohort, how many did not persist and did not graduate for any of <br/> the following reasons: (report total allowable exclusions) <br/> - Deceased <br/> - Armed Forces <br/> - Official church mission <br/> - Permanently Disabled <br/> - Foreign Aid Service of the Federal Government </td> <td> 1 </td> <td> 0 </td> <td> 0 </td> <td> 1 </td> </tr> <tr> <td> C. Final 2017 cohort, after adjusting for allowable exclusions </td> <td> 842 </td> <td> 271 </td> <td> 748 </td> <td> 1,861 </td> </tr> <tr> <td> D. Of the initial 2017 cohort, how many completed the program in four years or less <br/> (by Aug. 31, 2021)? </td> <td> 143 </td> <td> 72 </td> <td> 297 </td> <td> 512 </td> </tr> <tr> <td> E. Of the initial 2017 cohort, how many completed the program in more than four <br/> years but in five years or less (after Aug. 31, 2021 and by Aug. 31, 2022)? </td> <td> 147 </td> <td> 38 </td> <td> 104 </td> <td> 289 </td> </tr> <tr> <td> F. Of the initial 2017 cohort, how many completed the program in more than five <br/> years but in six years or less (after Aug. 31, 2022 and by Aug. 31, 2023)? </td> <td> 40 </td> <td> 12 </td> <td> 23 </td> <td> 75 </td> </tr> <tr> <td> G. Total graduating within six years <br/> (Sum of D., E., and F.) </td> <td> 330 </td> <td> 122 </td> <td> 424 </td> <td> 876 </td> </tr> <tr> <td> H. Six-year graduation rate for 2017 cohort <br/> (G. divided by C.) </td> <td> 39% </td> <td> 45% </td> <td> 57% </td> <td> 47% </td> </tr> </table>",102368,../data/cds-docs/2023-2024/102368.pdf,2023-2024
C,1,C1,"Applications: First-time, First-year Students","[[{0: '', 1: 'In-State', 2: 'Out-of-State', 3: 'International', 4: 'Total'}, {0: 'Total first-time, first-year (degree seeking) who applied', 1: '6,129', 2: '1,237', 3: '581', 4: '7,947'}, {0: 'Total first-time, first-year (degree seeking) who were admitted', 1: '5,699', 2: '1,157', 3: '504', 4: '7,360'}, {0: 'Total first-time, first-year (degree seeking) enrolled', 1: '1,225', 2: '442', 3: '50', 4: '1,717'}]]","<table> <tr> <td> </td> <td> In-State </td> <td> Out-of-State </td> <td> International </td> <td> Total </td> </tr> <tr> <td> Total first-time, first-year (degree seeking) who applied </td> <td> 6,129 </td> <td> 1,237 </td> <td> 581 </td> <td> 7,947 </td> </tr> <tr> <td> Total first-time, first-year (degree seeking) who were admitted </td> <td> 5,699 </td> <td> 1,157 </td> <td> 504 </td> <td> 7,360 </td> </tr> <tr> <td> Total first-time, first-year (degree seeking) enrolled </td> <td> 1,225 </td> <td> 442 </td> <td> 50 </td> <td> 1,717 </td> </tr> </table>",102368,../data/cds-docs/2023-2024/102368.pdf,2023-2024
C,5,C5,Admission Requirements: High School Units Required/Recommended,"[[{0: '', 1: 'Required Units', 2: 'Units\nRecommended'}, {0: 'Total Academic Units', 1: '15.0', 2: ''}, {0: 'English', 1: '3.0', 2: ''}, {0: 'Mathematics', 1: '', 2: ''}, {0: 'Science', 1: '', 2: ''}, {0: 'of Science Units, how many units must be lab', 1: '', 2: ''}, {0: 'Foreign language', 1: '', 2: ''}, {0: 'Social Studies', 1: '', 2: ''}, {0: 'History', 1: '', 2: ''}, {0: 'Computer Science', 1: '', 2: ''}, {0: 'Visual/Performing Arts', 1: '', 2: ''}, {0: 'Academic Electives', 1: '12.0', 2: ''}]]","<table> <tr> <td> </td> <td> Required Units </td> <td> Units <br/> Recommended </td> </tr> <tr> <td> Total Academic Units </td> <td> 15.0 </td> <td> </td> </tr> <tr> <td> English </td> <td> 3.0 </td> <td> </td> </tr> <tr> <td> Mathematics </td> <td> </td> <td> </td> </tr> <tr> <td> Science </td> <td> </td> <td> </td> </tr> <tr> <td> of Science Units, how many units must be lab </td> <td> </td> <td> </td> </tr> <tr> <td> Foreign language </td> <td> </td> <td> </td> </tr> <tr> <td> Social Studies </td> <td> </td> <td> </td> </tr> <tr> <td> History </td> <td> </td> <td> </td> </tr> <tr> <td> Computer Science </td> <td> </td> <td> </td> </tr> <tr> <td> Visual/Performing Arts </td> <td> </td> <td> </td> </tr> <tr> <td> Academic Electives </td> <td> 12.0 </td> <td> </td> </tr> </table>",102368,../data/cds-docs/2023-2024/102368.pdf,2023-2024
C,9,C9,"First-time, first-year profile: National standardized test scores (SAT/ACT)","[[{0: '6%', 1: '109'}, {0: '56%', 1: '971'}], [{0: '940', 1: '1050', 2: '1150'}, {0: '490', 1: '540', 2: '590'}, {0: '460', 1: '510', 2: '570'}, {0: '18', 1: '21', 2: '25'}, {0: '16', 1: '19', 2: '23'}, {0: '18', 1: '21', 2: '25'}, {0: '0', 1: '0', 2: '0'}, {0: '18', 1: '21', 2: '24'}, {0: '5', 1: '6', 2: '7'}], [{0: 'SAT Evidence-Based\nReading and Writing', 1: 'SAT Math'}, {0: '5%', 1: '3%'}, {0: '20%', 1: '12%'}, {0: '45%', 1: '40%'}, {0: '25%', 1: '38%'}, {0: '4%', 1: '7%'}, {0: '1%', 1: '0%'}, {0: '100%', 1: '100%'}], [{0: 'ACT English', 1: 'ACT Math', 2: 'ACT Reading', 3: 'ACT Science'}, {0: '12%', 1: '2%', 2: '', 3: '6%'}, {0: '24%', 1: '23%', 2: '', 3: '27%'}, {0: '40%', 1: '34%', 2: '', 3: '48%'}, {0: '22%', 1: '41%', 2: '', 3: '18%'}, {0: '2%', 1: '0%', 2: '', 3: '1%'}, {0: '0%', 1: '0%', 2: '', 3: '0%'}, {0: '100%', 1: '100%', 2: '0%', 3: '100%'}]]","<table> <tr> <td> 6% </td> <td> 109 </td> </tr> <tr> <td> 56% </td> <td> 971 </td> </tr> </table><div class=""separator""></div><table> <tr> <td> 940 </td> <td> 1050 </td> <td> 1150 </td> </tr> <tr> <td> 490 </td> <td> 540 </td> <td> 590 </td> </tr> <tr> <td> 460 </td> <td> 510 </td> <td> 570 </td> </tr> <tr> <td> 18 </td> <td> 21 </td> <td> 25 </td> </tr> <tr> <td> 16 </td> <td> 19 </td> <td> 23 </td> </tr> <tr> <td> 18 </td> <td> 21 </td> <td> 25 </td> </tr> <tr> <td> 0 </td> <td> 0 </td> <td> 0 </td> </tr> <tr> <td> 18 </td> <td> 21 </td> <td> 24 </td> </tr> <tr> <td> 5 </td> <td> 6 </td> <td> 7 </td> </tr> </table><div class=""separator""></div><table> <tr> <td> SAT Evidence-Based <br/> Reading and Writing </td> <td> SAT Math </td> </tr> <tr> <td> 5% </td> <td> 3% </td> </tr> <tr> <td> 20% </td> <td> 12% </td> </tr> <tr> <td> 45% </td> <td> 40% </td> </tr> <tr> <td> 25% </td> <td> 38% </td> </tr> <tr> <td> 4% </td> <td> 7% </td> </tr> <tr> <td> 1% </td> <td> 0% </td> </tr> <tr> <td> 100% </td> <td> 100% </td> </tr> </table><div class=""separator""></div><table> <tr> <td> ACT English </td> <td> ACT Math </td> <td> ACT Reading </td> <td> ACT Science </td> </tr> <tr> <td> 12% </td> <td> 2% </td> <td> </td> <td> 6% </td> </tr> <tr> <td> 24% </td> <td> 23% </td> <td> </td> <td> 27% </td> </tr> <tr> <td> 40% </td> <td> 34% </td> <td> </td> <td> 48% </td> </tr> <tr> <td> 22% </td> <td> 41% </td> <td> </td> <td> 18% </td> </tr> <tr> <td> 2% </td> <td> 0% </td> <td> </td> <td> 1% </td> </tr> <tr> <td> 0% </td> <td> 0% </td> <td> </td> <td> 0% </td> </tr> <tr> <td> 100% </td> <td> 100% </td> <td> 0% </td> <td> 100% </td> </tr> </table>",102368,../data/cds-docs/2023-2024/102368.pdf,2023-2024
C,11,C11,High School Grade Point Ranges,"[[{0: '9%', 1: '43%', 2: '20%'}, {0: '11%', 1: '21%', 2: '14%'}, {0: '17%', 1: '12%', 2: '15%'}, {0: '17%', 1: '5%', 2: '14%'}, {0: '14%', 1: '7%', 2: '12%'}, {0: '24%', 1: '7%', 2: '18%'}, {0: '7%', 1: '3%', 2: '6%'}, {0: '1%', 1: '2%', 2: '1%'}, {0: '0%', 1: '0%', 2: '0%'}, {0: '100%', 1: '100%', 2: '100%'}]]",<table> <tr> <td> 9% </td> <td> 43% </td> <td> 20% </td> </tr> <tr> <td> 11% </td> <td> 21% </td> <td> 14% </td> </tr> <tr> <td> 17% </td> <td> 12% </td> <td> 15% </td> </tr> <tr> <td> 17% </td> <td> 5% </td> <td> 14% </td> </tr> <tr> <td> 14% </td> <td> 7% </td> <td> 12% </td> </tr> <tr> <td> 24% </td> <td> 7% </td> <td> 18% </td> </tr> <tr> <td> 7% </td> <td> 3% </td> <td> 6% </td> </tr> <tr> <td> 1% </td> <td> 2% </td> <td> 1% </td> </tr> <tr> <td> 0% </td> <td> 0% </td> <td> 0% </td> </tr> <tr> <td> 100% </td> <td> 100% </td> <td> 100% </td> </tr> </table>,102368,../data/cds-docs/2023-2024/102368.pdf,2023-2024
D,2,D2,Fall Applicants: Student Counts,"[[{0: '755', 1: '713', 2: '380'}, {0: '1,428', 1: '1,344', 2: '654'}, {0: '0', 1: '0', 2: '0'}, {0: '2,183', 1: '2,057', 2: '1,034'}]]","<table> <tr> <td> 755 </td> <td> 713 </td> <td> 380 </td> </tr> <tr> <td> 1,428 </td> <td> 1,344 </td> <td> 654 </td> </tr> <tr> <td> 0 </td> <td> 0 </td> <td> 0 </td> </tr> <tr> <td> 2,183 </td> <td> 2,057 </td> <td> 1,034 </td> </tr> </table>",102368,../data/cds-docs/2023-2024/102368.pdf,2023-2024
F,1,F1,"First-time, first-year degree-seeking students and undergraduates enrolled","[[{0: 'First-time,\nFirst-year Students', 1: 'Undergraduates'}, {0: '27%', 1: '27%'}, {0: '16%', 1: '12%'}, {0: '21%', 1: '12%'}, {0: '57%', 1: '16%'}, {0: '43%', 1: '84%'}, {0: '12%', 1: '34%'}, {0: '19', 1: '23'}, {0: '20', 1: '26'}]]","<table> <tr> <td> First-time, <br/> First-year Students </td> <td> Undergraduates </td> </tr> <tr> <td> 27% </td> <td> 27% </td> </tr> <tr> <td> 16% </td> <td> 12% </td> </tr> <tr> <td> 21% </td> <td> 12% </td> </tr> <tr> <td> 57% </td> <td> 16% </td> </tr> <tr> <td> 43% </td> <td> 84% </td> </tr> <tr> <td> 12% </td> <td> 34% </td> </tr> <tr> <td> 19 </td> <td> 23 </td> </tr> <tr> <td> 20 </td> <td> 26 </td> </tr> </table>",102368,../data/cds-docs/2023-2024/102368.pdf,2023-2024
G,1,G1,"Undergraduate, full-time tuition, required fees, food and housing","[[{0: 'Tuition: In-district', 1: '$12,720.00', 2: '$12,720.00'}, {0: '', 1: '$12,720.00', 2: '$12,720.00'}, {0: '', 1: '$25,440.00', 2: '$25,440.00'}, {0: 'Tuitition: International (non-resident)', 1: '$25,440.00', 2: '$25,440.00'}], [{0: '$0.00', 1: '$0.00'}, {0: '$8,487.00', 1: '$8,487.00'}, {0: '$4,370.00', 1: '$4,370.00'}, {0: '$4,117.00', 1: '$4,117.00'}]]","<table> <tr> <td> Tuition: In-district </td> <td> $12,720.00 </td> <td> $12,720.00 </td> </tr> <tr> <td> </td> <td> $12,720.00 </td> <td> $12,720.00 </td> </tr> <tr> <td> </td> <td> $25,440.00 </td> <td> $25,440.00 </td> </tr> <tr> <td> Tuitition: International (non-resident) </td> <td> $25,440.00 </td> <td> $25,440.00 </td> </tr> </table><div class=""separator""></div><table> <tr> <td> $0.00 </td> <td> $0.00 </td> </tr> <tr> <td> $8,487.00 </td> <td> $8,487.00 </td> </tr> <tr> <td> $4,370.00 </td> <td> $4,370.00 </td> </tr> <tr> <td> $4,117.00 </td> <td> $4,117.00 </td> </tr> </table>",102368,../data/cds-docs/2023-2024/102368.pdf,2023-2024
G,5,G5,Estimated Expenses for Typical Full-Time Undergraduates,"[[{0: '$1,000.00 $1,000.00', 1: '$1,000.00 $1,000.00', 2: '$1,000.00'}, {0: '', 1: '', 2: '$10,860.00'}, {0: '$1,000.00', 1: '$2,100.00', 2: '$2,100.00'}, {0: '$3,516.00', 1: '$3,516.00', 2: '$3,516.00'}]]","<table> <tr> <td colspan=""2""> $1,000.00 $1,000.00 </td> <td> $1,000.00 </td> </tr> <tr> <td colspan=""2""> </td> <td> $10,860.00 </td> </tr> <tr> <td> $1,000.00 </td> <td> $2,100.00 </td> <td> $2,100.00 </td> </tr> <tr> <td> $3,516.00 </td> <td> $3,516.00 </td> <td> $3,516.00 </td> </tr> </table>",102368,../data/cds-docs/2023-2024/102368.pdf,2023-2024
H,1,H1,Aid Awarded to Enrolled Undergraduates,"[[{0: '', 1: 'Awarded to Enrolled Undergraduates', 2: 'Need-Based\n(Include non-need\nbased aid use to meet\nneed).', 3: 'Non-Need-Based\n(Exclude non-need\ufffe\nbased aid use to meet\nneed).'}, {0: 'Scholarships Grants /', 1: 'Federal', 2: '$21,880,189', 3: ''}, {0: 'Scholarships Grants /', 1: 'State - all states, not only the state in which\nyour institution is located', 2: '$705,892', 3: ''}, {0: 'Scholarships Grants /', 1: 'Instititutional - Endowed scholarships,\nannual gifts and tuition funded grants,\nawarded by the college, excluding athletic\naid and tuition waivers (which are reported\nbelow)', 2: '', 3: '$24,109,355'}, {0: 'Scholarships Grants /', 1: 'Scholarships/grants from external sources\n(e.g. Kiwanis, National Merit) not awarded\nby the college', 2: '', 3: '$2,666,368'}, {0: 'Scholarships Grants /', 1: 'Total Scholarships/Grants', 2: '$22,586,081', 3: '$26,775,723'}, {0: 'Self Help', 1: 'Student loans from all sources\n(excluding parent loans)', 2: '$34,269,928', 3: ''}, {0: 'Self Help', 1: 'Federal Work-Study', 2: '$410,341', 3: ''}, {0: 'Self Help', 1: 'State and other (e.g., institutional) work\ufffe\nstudy/employment (Note: excludes Federal\nWork/Study captured above)', 2: '', 3: ''}, {0: 'Self Help', 1: 'Total Self-Help', 2: '$34,680,269', 3: '$0'}, {0: 'MISC.', 1: 'Parent Loans', 2: '$6,304,329', 3: ''}, {0: 'MISC.', 1: 'Tuition Waivers', 2: '', 3: '$357,043'}, {0: 'MISC.', 1: 'Athletic Awards', 2: '', 3: '$5,166,531'}]]","<table> <tr> <td> </td> <td> Awarded to Enrolled Undergraduates </td> <td> Need-Based <br/> (Include non-need <br/> based aid use to meet <br/> need). </td> <td> Non-Need-Based <br/> (Exclude non-need￾ <br/> based aid use to meet <br/> need). </td> </tr> <tr> <td rowspan=""5""> Scholarships Grants / </td> <td> Federal </td> <td> $21,880,189 </td> <td> </td> </tr> <tr> <td> State - all states, not only the state in which <br/> your institution is located </td> <td> $705,892 </td> <td> </td> </tr> <tr> <td> Instititutional - Endowed scholarships, <br/> annual gifts and tuition funded grants, <br/> awarded by the college, excluding athletic <br/> aid and tuition waivers (which are reported <br/> below) </td> <td> </td> <td> $24,109,355 </td> </tr> <tr> <td> Scholarships/grants from external sources <br/> (e.g. Kiwanis, National Merit) not awarded <br/> by the college </td> <td> </td> <td> $2,666,368 </td> </tr> <tr> <td> Total Scholarships/Grants </td> <td> $22,586,081 </td> <td> $26,775,723 </td> </tr> <tr> <td rowspan=""4""> Self Help </td> <td> Student loans from all sources <br/> (excluding parent loans) </td> <td> $34,269,928 </td> <td> </td> </tr> <tr> <td> Federal Work-Study </td> <td> $410,341 </td> <td> </td> </tr> <tr> <td> State and other (e.g., institutional) work￾ <br/> study/employment (Note: excludes Federal <br/> Work/Study captured above) </td> <td> </td> <td> </td> </tr> <tr> <td> Total Self-Help </td> <td> $34,680,269 </td> <td> $0 </td> </tr> <tr> <td rowspan=""3""> MISC. </td> <td> Parent Loans </td> <td> $6,304,329 </td> <td> </td> </tr> <tr> <td> Tuition Waivers </td> <td> </td> <td> $357,043 </td> </tr> <tr> <td> Athletic Awards </td> <td> </td> <td> $5,166,531 </td> </tr> </table>",102368,../data/cds-docs/2023-2024/102368.pdf,2023-2024
H,2,H2,Number of Enrolled Students Awarded Aid,"[[{0: '', 1: 'Full-Time, First-Time,\nFirst-Year', 2: 'Full-Time Undergrad.\n(Include Freshman)', 3: 'Less Than Full-Time\nUndergrad.'}, {0: 'A. Number of degree-seeking undergraduate students\n(CDS Item B1 if reporting on Fall 2023 cohort)', 1: '1,413', 2: '7,069', 3: '3,247'}, {0: 'B. Number of students in line (A) who applied for\nneed-based financial aid', 1: '1,205', 2: '5,235', 3: '1,969'}, {0: 'C. Number of students in line (B) who were\ndetermined to have financial need', 1: '974', 2: '4,463', 3: '1,871'}, {0: 'D. Number of students in line (C) who were awarded\nany financial aid', 1: '974', 2: '4,463', 3: '1,871'}, {0: 'E. Number of students in line (D) who were awarded\nany need-based scholarship or grant aid', 1: '698', 2: '3,181', 3: '1,376'}, {0: 'F. Number of students in line (D) who were awarded\nany need-based self-help aid', 1: '970', 2: '4,408', 3: '1,826'}, {0: 'G. Number of students in line (D) who were awarded\nany non-need-based scholarship or grant aid', 1: '601', 2: '2,284', 3: '518'}, {0: 'H. Number of students in line (D) who need was fully\nmet (exclude PLUS loans, unsubsidized loans, and\nprivate alternative loans)', 1: '', 2: '', 3: ''}, {0: 'I. On average, the percentage of need that was met\nof students who were awarded any need-based aid.\nExclude any aid that was awarded in excess of need\nas well as any resources that were awarded to\nreplace EFC (PLUS loans, unsubsidized loans, and\nprivate alternative loans).', 1: '', 2: '', 3: ''}, {0: 'J. The average financial aid package of those in line\n(D). Exclude any resources that were awarded to\nreplace EFC (PLUS loans, unsubsidized loans, and\nprivate alternative loans).', 1: '$3,322', 2: '$3,597', 3: '$2,263'}, {0: 'K. Average need-based scholarship or grant award of\nthose in line (E)', 1: '$4,923', 2: '$4,960', 3: '$2,831'}, {0: 'L. Average need-based self-help award (excluding\nPLUS loans, unsubsidized loans, and private\nalternative loans) of those in line (F)', 1: '$1,957', 2: '$2,537', 3: '$1,833'}, {0: 'M. Average need-based loan (excluding PLUS loans,\nunsubsidized loans, and private alternative loans) of\nthose in line (F) who were awarded a need-based\nloan', 1: '$2,082', 2: '$2,672', 3: '$1,857'}], [{0: '', 1: 'Full-Time, First-Time,\nFirst-Year', 2: 'Full-Time Undergrad.\n(Include Freshman)', 3: 'Less Than Full-Time\nUndergrad.'}, {0: 'N. Number of students in line (A) who had no\nfinancial need and who were awarded institutional\nnon-need-based scholarship or grant aid (exclude\nthose who were awarded athletic awards and tuition\nbenefits)', 1: '182', 2: '527', 3: '13'}, {0: 'O. Average dollar amount of institutional non-need\ufffe\nbased scholarship and grant aid awarded to students\nin line (N)', 1: '$4,662', 2: '$4,245', 3: '$1,371'}, {0: 'P. Number of students in line (A) who were awarded\nan instutional non-need-based athletic scholarship or\ngrant', 1: '53', 2: '292', 3: '11'}, {0: 'Q. Average dollar amount of institutional non-need\ufffe\nbased athletic scholarships and grants awarded to\nstudents in line (P)', 1: '$5,547', 2: '$5,171', 3: '$3,373'}]]","<table> <tr> <td> </td> <td> Full-Time, First-Time, <br/> First-Year </td> <td> Full-Time Undergrad. <br/> (Include Freshman) </td> <td> Less Than Full-Time <br/> Undergrad. </td> </tr> <tr> <td> A. Number of degree-seeking undergraduate students <br/> (CDS Item B1 if reporting on Fall 2023 cohort) </td> <td> 1,413 </td> <td> 7,069 </td> <td> 3,247 </td> </tr> <tr> <td> B. Number of students in line (A) who applied for <br/> need-based financial aid </td> <td> 1,205 </td> <td> 5,235 </td> <td> 1,969 </td> </tr> <tr> <td> C. Number of students in line (B) who were <br/> determined to have financial need </td> <td> 974 </td> <td> 4,463 </td> <td> 1,871 </td> </tr> <tr> <td> D. Number of students in line (C) who were awarded <br/> any financial aid </td> <td> 974 </td> <td> 4,463 </td> <td> 1,871 </td> </tr> <tr> <td> E. Number of students in line (D) who were awarded <br/> any need-based scholarship or grant aid </td> <td> 698 </td> <td> 3,181 </td> <td> 1,376 </td> </tr> <tr> <td> F. Number of students in line (D) who were awarded <br/> any need-based self-help aid </td> <td> 970 </td> <td> 4,408 </td> <td> 1,826 </td> </tr> <tr> <td> G. Number of students in line (D) who were awarded <br/> any non-need-based scholarship or grant aid </td> <td> 601 </td> <td> 2,284 </td> <td> 518 </td> </tr> <tr> <td> H. Number of students in line (D) who need was fully <br/> met (exclude PLUS loans, unsubsidized loans, and <br/> private alternative loans) </td> <td> </td> <td> </td> <td> </td> </tr> <tr> <td> I. On average, the percentage of need that was met <br/> of students who were awarded any need-based aid. <br/> Exclude any aid that was awarded in excess of need <br/> as well as any resources that were awarded to <br/> replace EFC (PLUS loans, unsubsidized loans, and <br/> private alternative loans). </td> <td> </td> <td> </td> <td> </td> </tr> <tr> <td> J. The average financial aid package of those in line <br/> (D). Exclude any resources that were awarded to <br/> replace EFC (PLUS loans, unsubsidized loans, and <br/> private alternative loans). </td> <td> $3,322 </td> <td> $3,597 </td> <td> $2,263 </td> </tr> <tr> <td> K. Average need-based scholarship or grant award of <br/> those in line (E) </td> <td> $4,923 </td> <td> $4,960 </td> <td> $2,831 </td> </tr> <tr> <td> L. Average need-based self-help award (excluding <br/> PLUS loans, unsubsidized loans, and private <br/> alternative loans) of those in line (F) </td> <td> $1,957 </td> <td> $2,537 </td> <td> $1,833 </td> </tr> <tr> <td> M. Average need-based loan (excluding PLUS loans, <br/> unsubsidized loans, and private alternative loans) of <br/> those in line (F) who were awarded a need-based <br/> loan </td> <td> $2,082 </td> <td> $2,672 </td> <td> $1,857 </td> </tr> </table><div class=""separator""></div><table> <tr> <td> </td> <td> Full-Time, First-Time, <br/> First-Year </td> <td> Full-Time Undergrad. <br/> (Include Freshman) </td> <td> Less Than Full-Time <br/> Undergrad. </td> </tr> <tr> <td> N. Number of students in line (A) who had no <br/> financial need and who were awarded institutional <br/> non-need-based scholarship or grant aid (exclude <br/> those who were awarded athletic awards and tuition <br/> benefits) </td> <td> 182 </td> <td> 527 </td> <td> 13 </td> </tr> <tr> <td> O. Average dollar amount of institutional non-need￾ <br/> based scholarship and grant aid awarded to students <br/> in line (N) </td> <td> $4,662 </td> <td> $4,245 </td> <td> $1,371 </td> </tr> <tr> <td> P. Number of students in line (A) who were awarded <br/> an instutional non-need-based athletic scholarship or <br/> grant </td> <td> 53 </td> <td> 292 </td> <td> 11 </td> </tr> <tr> <td> Q. Average dollar amount of institutional non-need￾ <br/> based athletic scholarships and grants awarded to <br/> students in line (P) </td> <td> $5,547 </td> <td> $5,171 </td> <td> $3,373 </td> </tr> </table>",102368,../data/cds-docs/2023-2024/102368.pdf,2023-2024
H,5,H5,Number/Percent Borrowers and Average Borrowed Amount,"[[{0: 'Source/Type of Loan', 1: 'Number in the class\n(defined in H4 above)\nwho borrowed from\nthe types of loans\nspecific in the first\ncolumn', 2: 'Percent of the class\n(defined above) who\nborrowed from the\ntypes of loans\nspecified in the first\ncolumn (nearest 1%)', 3: 'Average per\ufffe\nundergraduate\ufffe\nborrower cumulative\nprincipal borrowed from\nthe types of loans\nspecific in the first\ncolumn (nearest $1)'}, {0: 'A. Any loan program: Federal Perkins, Federal\nStafford Subsidized and Unsubsidized, institutional,\nstate, private loans that your institution is aware of,\netc. Include both Federal Direct Student Loans and\nFederal Family Education Loans.', 1: '814', 2: '86%', 3: '$27,630'}, {0: 'B. Federal loan programs: Federal Perkins, Federal\nStafford Subsidized and Unsubsidized. Include both\nFederal Direct Student Loans and Federal Family\nEducation Loans.', 1: '809', 2: '86%', 3: '$25,229'}, {0: 'C. Institutional loan program', 1: '', 2: '', 3: ''}, {0: 'D. State loan programs', 1: '', 2: '', 3: ''}, {0: 'E. Private student loans made by a bank or lender', 1: '96', 2: '10%', 3: '$21,667'}]]","<table> <tr> <td> Source/Type of Loan </td> <td> Number in the class <br/> (defined in H4 above) <br/> who borrowed from <br/> the types of loans <br/> specific in the first <br/> column </td> <td> Percent of the class <br/> (defined above) who <br/> borrowed from the <br/> types of loans <br/> specified in the first <br/> column (nearest 1%) </td> <td> Average per￾ <br/> undergraduate￾ <br/> borrower cumulative <br/> principal borrowed from <br/> the types of loans <br/> specific in the first <br/> column (nearest $1) </td> </tr> <tr> <td> A. Any loan program: Federal Perkins, Federal <br/> Stafford Subsidized and Unsubsidized, institutional, <br/> state, private loans that your institution is aware of, <br/> etc. Include both Federal Direct Student Loans and <br/> Federal Family Education Loans. </td> <td> 814 </td> <td> 86% </td> <td> $27,630 </td> </tr> <tr> <td> B. Federal loan programs: Federal Perkins, Federal <br/> Stafford Subsidized and Unsubsidized. Include both <br/> Federal Direct Student Loans and Federal Family <br/> Education Loans. </td> <td> 809 </td> <td> 86% </td> <td> $25,229 </td> </tr> <tr> <td> C. Institutional loan program </td> <td> </td> <td> </td> <td> </td> </tr> <tr> <td> D. State loan programs </td> <td> </td> <td> </td> <td> </td> </tr> <tr> <td> E. Private student loans made by a bank or lender </td> <td> 96 </td> <td> 10% </td> <td> $21,667 </td> </tr> </table>",102368,../data/cds-docs/2023-2024/102368.pdf,2023-2024
I,1,I1,Instructional Faculty by Category,"[[{0: '', 1: 'Full-Time', 2: 'Part-Time'}, {0: 'A. Instructional faculty in preclinical and clinical medicine, faculty who are not paid\n(e.g., those who donate their services or are in the military), or research-only\nfaculty, post-doctoral fellows, or pre-doctoral fellows', 1: 'Exclude', 2: 'Include only if they teach\none or more non-clinical\ncredit courses'}, {0: 'B. Administrative officers with titles such as dean of students, librarian, registrar,\ncoach, and the like, even though they may devote part of their time to classroom\ninstruction and may have faculty status', 1: 'Exclude', 2: 'Include only if they teach\none or more non-clinical\ncredit courses'}, {0: 'C. Other administrators/staff who teach one or more non-clinical credit courses\neven though they do not have faculty status', 1: 'Exclude', 2: 'Include'}, {0: 'D. Undergraduate or graduate students who assist in the instruction of courses, but\nhave titles such as teaching assistant, teaching fellow, and the like', 1: 'Exclude', 2: 'Exclude'}, {0: 'E. Faculty on sabbatical or leave with pay', 1: 'Include', 2: 'Exclude'}, {0: 'F. Faculty on leave without pay', 1: 'Exclude', 2: 'Exclude'}, {0: 'G. Replacement faculty for faculty on sabbatical leave or leave with pay', 1: 'Exclude', 2: 'Include'}], [{0: '', 1: 'Full-Time', 2: 'Part-Time', 3: 'Total'}, {0: 'A. Total number of instructional faculty', 1: '452', 2: '652', 3: '1,104'}, {0: 'B. Total number who are members of minority groups', 1: '41', 2: '97', 3: '138'}, {0: 'C. Total number who are women', 1: '247', 2: '427', 3: '674'}, {0: 'D. Total number who are men', 1: '205', 2: '225', 3: '430'}, {0: 'E. Total number who are international (non-residents)', 1: '58', 2: '8', 3: '66'}, {0: 'F. Total number with docorate, or other terminal degrees', 1: '356', 2: '246', 3: '602'}, {0: ""G. Total number whose highest degree is a master's degree but not a terminal\nmaster's"", 1: '89', 2: '295', 3: '384'}, {0: ""H. Total number whose highest degree is a bachelor's"", 1: '5', 2: '45', 3: '50'}, {0: 'I. Total number whose highest degree is unknown or other', 1: '2', 2: '66', 3: '68'}, {0: 'J. Total number in stand-alone graduate/professional programs in which faculty\nteach virtually only graduate-level students', 1: '0', 2: '0', 3: '0'}]]","<table> <tr> <td> </td> <td> Full-Time </td> <td> Part-Time </td> </tr> <tr> <td> A. Instructional faculty in preclinical and clinical medicine, faculty who are not paid <br/> (e.g., those who donate their services or are in the military), or research-only <br/> faculty, post-doctoral fellows, or pre-doctoral fellows </td> <td> Exclude </td> <td> Include only if they teach <br/> one or more non-clinical <br/> credit courses </td> </tr> <tr> <td> B. Administrative officers with titles such as dean of students, librarian, registrar, <br/> coach, and the like, even though they may devote part of their time to classroom <br/> instruction and may have faculty status </td> <td> Exclude </td> <td> Include only if they teach <br/> one or more non-clinical <br/> credit courses </td> </tr> <tr> <td> C. Other administrators/staff who teach one or more non-clinical credit courses <br/> even though they do not have faculty status </td> <td> Exclude </td> <td> Include </td> </tr> <tr> <td> D. Undergraduate or graduate students who assist in the instruction of courses, but <br/> have titles such as teaching assistant, teaching fellow, and the like </td> <td> Exclude </td> <td> Exclude </td> </tr> <tr> <td> E. Faculty on sabbatical or leave with pay </td> <td> Include </td> <td> Exclude </td> </tr> <tr> <td> F. Faculty on leave without pay </td> <td> Exclude </td> <td> Exclude </td> </tr> <tr> <td> G. Replacement faculty for faculty on sabbatical leave or leave with pay </td> <td> Exclude </td> <td> Include </td> </tr> </table><div class=""separator""></div><table> <tr> <td> </td> <td> Full-Time </td> <td> Part-Time </td> <td> Total </td> </tr> <tr> <td> A. Total number of instructional faculty </td> <td> 452 </td> <td> 652 </td> <td> 1,104 </td> </tr> <tr> <td> B. Total number who are members of minority groups </td> <td> 41 </td> <td> 97 </td> <td> 138 </td> </tr> <tr> <td> C. Total number who are women </td> <td> 247 </td> <td> 427 </td> <td> 674 </td> </tr> <tr> <td> D. Total number who are men </td> <td> 205 </td> <td> 225 </td> <td> 430 </td> </tr> <tr> <td> E. Total number who are international (non-residents) </td> <td> 58 </td> <td> 8 </td> <td> 66 </td> </tr> <tr> <td> F. Total number with docorate, or other terminal degrees </td> <td> 356 </td> <td> 246 </td> <td> 602 </td> </tr> <tr> <td> G. Total number whose highest degree is a master's degree but not a terminal <br/> master's </td> <td> 89 </td> <td> 295 </td> <td> 384 </td> </tr> <tr> <td> H. Total number whose highest degree is a bachelor's </td> <td> 5 </td> <td> 45 </td> <td> 50 </td> </tr> <tr> <td> I. Total number whose highest degree is unknown or other </td> <td> 2 </td> <td> 66 </td> <td> 68 </td> </tr> <tr> <td> J. Total number in stand-alone graduate/professional programs in which faculty <br/> teach virtually only graduate-level students </td> <td> 0 </td> <td> 0 </td> <td> 0 </td> </tr> </table>",102368,../data/cds-docs/2023-2024/102368.pdf,2023-2024
B,1,B1,Institutional Enrollment - Men and Women,"[[{0: '', 1: 'FULL-TIME', 2: 'FULL-TIME', 3: 'FULL-TIME', 4: 'PART-TIME', 5: 'PART-TIME', 6: 'PART-TIME'}, {0: '', 1: 'Men\nWomen Another Gender', 2: 'Men\nWomen Another Gender', 3: 'Men\nWomen Another Gender', 4: 'Men\nWomen Another Gender', 5: 'Men\nWomen Another Gender', 6: 'Men\nWomen Another Gender'}, {0: 'Undergraduates', 1: 'Undergraduates', 2: 'Undergraduates', 3: 'Undergraduates', 4: 'Undergraduates', 5: 'Undergraduates', 6: 'Undergraduates'}, {0: 'Degree-seeking, first-time, first\ufffe\nyear', 1: '515', 2: '898', 3: '0', 4: '123', 5: '147', 6: '0'}, {0: 'Other first-year, degree-seeking', 1: '218', 2: '353', 3: '0', 4: '85', 5: '194', 6: '0'}, {0: 'All other degree-seeking', 1: '1,765', 2: '3,320', 3: '0', 4: '940', 5: '1,758', 6: '0'}, {0: 'Total degree-seeking', 1: '2,498', 2: '4,571', 3: '0', 4: '1,148', 5: '2,099', 6: '0'}, {0: 'All other undergraduates enrolled', 1: '28', 2: '40', 3: '0', 4: '164', 5: '220', 6: '0'}, {0: 'Total undergraduates', 1: '2,526', 2: '4,611', 3: '0', 4: '1,312', 5: '2,319', 6: '0'}, {0: 'Graduate', 1: 'Graduate', 2: 'Graduate', 3: 'Graduate', 4: 'Graduate', 5: 'Graduate', 6: 'Graduate'}, {0: 'Degree-seeking, first-time', 1: '137', 2: '325', 3: '0', 4: '250', 5: '316', 6: '0'}, {0: 'All other degree-seeking', 1: '156', 2: '464', 3: '0', 4: '696', 5: '993', 6: '0'}, {0: 'All other graduates enrolled in', 1: '0', 2: '1', 3: '0', 4: '21', 5: '29', 6: '0'}, {0: 'Total graduate', 1: '293', 2: '790', 3: '0', 4: '967', 5: '1338', 6: '0'}, {0: 'Total all students', 1: '2,819', 2: '5,401', 3: '0', 4: '2,279', 5: '3,657', 6: '0'}]]","<table> <tr> <td rowspan=""2""> </td> <td colspan=""3""> FULL-TIME </td> <td colspan=""3""> PART-TIME </td> </tr> <tr> <td colspan=""3""> Men <br/> Women Another Gender </td> <td colspan=""3""> Men <br/> Women Another Gender </td> </tr> <tr> <td colspan=""7""> Undergraduates </td> </tr> <tr> <td> Degree-seeking, first-time, first￾ <br/> year </td> <td> 515 </td> <td> 898 </td> <td> 0 </td> <td> 123 </td> <td> 147 </td> <td> 0 </td> </tr> <tr> <td> Other first-year, degree-seeking </td> <td> 218 </td> <td> 353 </td> <td> 0 </td> <td> 85 </td> <td> 194 </td> <td> 0 </td> </tr> <tr> <td> All other degree-seeking </td> <td> 1,765 </td> <td> 3,320 </td> <td> 0 </td> <td> 940 </td> <td> 1,758 </td> <td> 0 </td> </tr> <tr> <td> Total degree-seeking </td> <td> 2,498 </td> <td> 4,571 </td> <td> 0 </td> <td> 1,148 </td> <td> 2,099 </td> <td> 0 </td> </tr> <tr> <td> All other undergraduates enrolled </td> <td> 28 </td> <td> 40 </td> <td> 0 </td> <td> 164 </td> <td> 220 </td> <td> 0 </td> </tr> <tr> <td> Total undergraduates </td> <td> 2,526 </td> <td> 4,611 </td> <td> 0 </td> <td> 1,312 </td> <td> 2,319 </td> <td> 0 </td> </tr> <tr> <td colspan=""7""> Graduate </td> </tr> <tr> <td> Degree-seeking, first-time </td> <td> 137 </td> <td> 325 </td> <td> 0 </td> <td> 250 </td> <td> 316 </td> <td> 0 </td> </tr> <tr> <td> All other degree-seeking </td> <td> 156 </td> <td> 464 </td> <td> 0 </td> <td> 696 </td> <td> 993 </td> <td> 0 </td> </tr> <tr> <td> All other graduates enrolled in </td> <td> 0 </td> <td> 1 </td> <td> 0 </td> <td> 21 </td> <td> 29 </td> <td> 0 </td> </tr> <tr> <td> Total graduate </td> <td> 293 </td> <td> 790 </td> <td> 0 </td> <td> 967 </td> <td> 1338 </td> <td> 0 </td> </tr> <tr> <td> Total all students </td> <td> 2,819 </td> <td> 5,401 </td> <td> 0 </td> <td> 2,279 </td> <td> 3,657 </td> <td> 0 </td> </tr> </table>",102368,../data/cds-docs/2022-2023/102368.pdf,2022-2023
B,2,B2,Enrollment by Racial/Ethnic Category.,"[[{0: '', 1: 'Degree-Seeking\nFirst-Time\nFirst Year', 2: 'Degree-Seeking\nUndergraduates\n(include first-time first\ufffe\nyear)', 3: 'Total\nUndergraduates (both\ndegree & non-degree\ufffe\nseeking)'}, {0: 'Nonresidents', 1: '27', 2: '240', 3: '267'}, {0: 'Hispanic/Latino', 1: '74', 2: '471', 3: '480'}, {0: 'Black or African American, non-Hispanic', 1: '531', 2: '3,328', 3: '3,393'}, {0: 'White, non-Hispanic', 1: '918', 2: '5,471', 3: '5,765'}, {0: 'American Indian or Alaska Native, non-Hispanic', 1: '2', 2: '27', 3: '28'}, {0: 'Asian, non-Hispanic', 1: '12', 2: '64', 3: '73'}, {0: 'Native Hawaiian or other Pacific Islander, non-Hispanic', 1: '4', 2: '13', 3: '14'}, {0: 'Two or more races, non-Hispanic', 1: '80', 2: '439', 3: '451'}, {0: 'Race and/or ethnicity unknown', 1: '35', 2: '263', 3: '297'}, {0: 'TOTAL', 1: '1,683', 2: '10,316', 3: '10,768'}]]","<table> <tr> <td> </td> <td> Degree-Seeking <br/> First-Time <br/> First Year </td> <td> Degree-Seeking <br/> Undergraduates <br/> (include first-time first￾ <br/> year) </td> <td> Total <br/> Undergraduates (both <br/> degree &amp; non-degree￾ <br/> seeking) </td> </tr> <tr> <td> Nonresidents </td> <td> 27 </td> <td> 240 </td> <td> 267 </td> </tr> <tr> <td> Hispanic/Latino </td> <td> 74 </td> <td> 471 </td> <td> 480 </td> </tr> <tr> <td> Black or African American, non-Hispanic </td> <td> 531 </td> <td> 3,328 </td> <td> 3,393 </td> </tr> <tr> <td> White, non-Hispanic </td> <td> 918 </td> <td> 5,471 </td> <td> 5,765 </td> </tr> <tr> <td> American Indian or Alaska Native, non-Hispanic </td> <td> 2 </td> <td> 27 </td> <td> 28 </td> </tr> <tr> <td> Asian, non-Hispanic </td> <td> 12 </td> <td> 64 </td> <td> 73 </td> </tr> <tr> <td> Native Hawaiian or other Pacific Islander, non-Hispanic </td> <td> 4 </td> <td> 13 </td> <td> 14 </td> </tr> <tr> <td> Two or more races, non-Hispanic </td> <td> 80 </td> <td> 439 </td> <td> 451 </td> </tr> <tr> <td> Race and/or ethnicity unknown </td> <td> 35 </td> <td> 263 </td> <td> 297 </td> </tr> <tr> <td> TOTAL </td> <td> 1,683 </td> <td> 10,316 </td> <td> 10,768 </td> </tr> </table>",102368,../data/cds-docs/2022-2023/102368.pdf,2022-2023
B,4,B4,-B21: Graduation Rates,"[[{0: '', 1: 'Recipients of a Federal\nPell Grant', 2: 'Recipients of a\nSubsidized\nStafford Loan\nwho did not\nreceive Grant a Pell', 3: 'Students who did\nnot receive either a\nPell Grant or a\nsubsidized Stafford\nLoan', 4: 'Total\n(sum of 3 columns to\nthe left)'}, {0: ""Initial 2016 cohort of first-time, full\ufffe\ntime, bachelor's (or equivalent)\ndegree-seeking undergraduate\nstudents"", 1: '776', 2: '261', 3: '762', 4: '1,799'}, {0: 'Of the initial 2016 cohort, how many\ndid not persist and did not graduate\nfor the following reasons:\n• Deceased\n• Permanently Disabled\n• Armed Forces\n• Foreign Aid Service of the Federal\nGovernment\n• Official church missions\n• Report Total Allowable Exclusions', 1: '0', 2: '0', 3: '0', 4: '0'}, {0: 'Final 2016 cohort, after adjusting for\nallowable exclusions', 1: '776', 2: '261', 3: '762', 4: '1,799'}, {0: 'Of the initial 2015 cohort, how many\ncompleted the program in four years\nor less (by Aug. 31, 2020)', 1: '120', 2: '62', 3: '262', 4: '444'}, {0: 'Of the initial 2016 cohort, how many\ncompleted the program in more than\nfour years but in five years or less\n(after Aug. 31, 2020 and by Aug. 31,\n2021)', 1: '116', 2: '44', 3: '114', 4: '274'}, {0: 'Of the initial 2016 cohort, how many\ncompleted the program in more than\nfive years but in six years or less\n(after Aug. 31, 2021 and by Aug. 31,\n2022)', 1: '60', 2: '14', 3: '31', 4: '105'}, {0: 'Total graduating within six years (sum\nof lines D, E, and F)', 1: '296', 2: '120', 3: '407', 4: '823'}, {0: 'Six-year graduation rate for 2016\ncohort (G divided by C)', 1: '38%', 2: '46%', 3: '53%', 4: '46%'}]]","<table> <tr> <td> </td> <td> Recipients of a Federal <br/> Pell Grant </td> <td> Recipients of a <br/> Subsidized <br/> Stafford Loan <br/> who did not <br/> receive Grant a Pell </td> <td> Students who did <br/> not receive either a <br/> Pell Grant or a <br/> subsidized Stafford <br/> Loan </td> <td> Total <br/> (sum of 3 columns to <br/> the left) </td> </tr> <tr> <td> Initial 2016 cohort of first-time, full￾ <br/> time, bachelor's (or equivalent) <br/> degree-seeking undergraduate <br/> students </td> <td> 776 </td> <td> 261 </td> <td> 762 </td> <td> 1,799 </td> </tr> <tr> <td> Of the initial 2016 cohort, how many <br/> did not persist and did not graduate <br/> for the following reasons: <br/> • Deceased <br/> • Permanently Disabled <br/> • Armed Forces <br/> • Foreign Aid Service of the Federal <br/> Government <br/> • Official church missions <br/> • Report Total Allowable Exclusions </td> <td> 0 </td> <td> 0 </td> <td> 0 </td> <td> 0 </td> </tr> <tr> <td> Final 2016 cohort, after adjusting for <br/> allowable exclusions </td> <td> 776 </td> <td> 261 </td> <td> 762 </td> <td> 1,799 </td> </tr> <tr> <td> Of the initial 2015 cohort, how many <br/> completed the program in four years <br/> or less (by Aug. 31, 2020) </td> <td> 120 </td> <td> 62 </td> <td> 262 </td> <td> 444 </td> </tr> <tr> <td> Of the initial 2016 cohort, how many <br/> completed the program in more than <br/> four years but in five years or less <br/> (after Aug. 31, 2020 and by Aug. 31, <br/> 2021) </td> <td> 116 </td> <td> 44 </td> <td> 114 </td> <td> 274 </td> </tr> <tr> <td> Of the initial 2016 cohort, how many <br/> completed the program in more than <br/> five years but in six years or less <br/> (after Aug. 31, 2021 and by Aug. 31, <br/> 2022) </td> <td> 60 </td> <td> 14 </td> <td> 31 </td> <td> 105 </td> </tr> <tr> <td> Total graduating within six years (sum <br/> of lines D, E, and F) </td> <td> 296 </td> <td> 120 </td> <td> 407 </td> <td> 823 </td> </tr> <tr> <td> Six-year graduation rate for 2016 <br/> cohort (G divided by C) </td> <td> 38% </td> <td> 46% </td> <td> 53% </td> <td> 46% </td> </tr> </table>",102368,../data/cds-docs/2022-2023/102368.pdf,2022-2023
B,12,B12,"Initial cohort, total of first-time, full-time degree/certificate-seeking students:","[[{0: '', 1: '2019 Cohort', 2: '2018 Cohort'}, {0: 'Initial cohort, total of first-time, full-time degree/certificate-seeking students:', 1: '', 2: ''}, {0: 'Of the initial cohort, how many did not persist and did not graduate for the following reasons:\n• • Death Permanently Disability\n• Service in the armed forces,\n• Foreign aid service of the federal government\n• Official church missions\n• Report total allowable exclusions', 1: '', 2: ''}, {0: 'Final cohort, after adjusting for allowable exclusions:', 1: '0', 2: '0'}, {0: 'Completers of programs of less than two years duration (total):', 1: '', 2: ''}, {0: 'Completers of programs of less than two years within 150 percent of normal time:', 1: '', 2: ''}, {0: 'Completers of programs of at least two but less than four years (total):', 1: '', 2: ''}, {0: 'Completers of programs of at least two but less than four-years within 150 percent of normal time:', 1: '', 2: ''}, {0: 'Total transfers-out (within three years) to other institutions:', 1: '', 2: ''}, {0: 'Total transfers to two-year institutions:', 1: '', 2: ''}, {0: 'Total transfers to four-year institutions:', 1: '', 2: ''}]]","<table> <tr> <td> </td> <td> 2019 Cohort </td> <td> 2018 Cohort </td> </tr> <tr> <td> Initial cohort, total of first-time, full-time degree/certificate-seeking students: </td> <td> </td> <td> </td> </tr> <tr> <td> Of the initial cohort, how many did not persist and did not graduate for the following reasons: <br/> • • Death Permanently Disability <br/> • Service in the armed forces, <br/> • Foreign aid service of the federal government <br/> • Official church missions <br/> • Report total allowable exclusions </td> <td> </td> <td> </td> </tr> <tr> <td> Final cohort, after adjusting for allowable exclusions: </td> <td> 0 </td> <td> 0 </td> </tr> <tr> <td> Completers of programs of less than two years duration (total): </td> <td> </td> <td> </td> </tr> <tr> <td> Completers of programs of less than two years within 150 percent of normal time: </td> <td> </td> <td> </td> </tr> <tr> <td> Completers of programs of at least two but less than four years (total): </td> <td> </td> <td> </td> </tr> <tr> <td> Completers of programs of at least two but less than four-years within 150 percent of normal time: </td> <td> </td> <td> </td> </tr> <tr> <td> Total transfers-out (within three years) to other institutions: </td> <td> </td> <td> </td> </tr> <tr> <td> Total transfers to two-year institutions: </td> <td> </td> <td> </td> </tr> <tr> <td> Total transfers to four-year institutions: </td> <td> </td> <td> </td> </tr> </table>",102368,../data/cds-docs/2022-2023/102368.pdf,2022-2023
C,1,C1,"First-time, first-year students: Provide the number of degree-seeking, first-time, first-year students who applied, were admitted, and","[[{0: 'Total first-time, first-year men who applied', 1: 'Total first-time, first-year men who applied', 2: '2,503'}, {0: 'Total first-time, first-year', 1: 'women who applied', 2: '4,532'}, {0: 'Total first-time, first-year', 1: 'of another gender who applied', 2: '0'}], [{0: 'Total first-time, first-year men who were admitted', 1: 'Total first-time, first-year men who were admitted', 2: '2,359'}, {0: 'Total first-time, first-year', 1: 'women who were admitted', 2: '4,313'}, {0: 'Total first-time, first-year', 1: 'of another gender who were admitted', 2: '0'}], [{0: 'Total full-time, first-time, first-year men who enrolled', 1: '515'}, {0: 'Total part-time, first-time, first-year men who enrolled', 1: '123'}], [{0: 'Total full-time, first-time, first-year women who enrolled', 1: '898'}, {0: 'Total part-time, first-time, first-year women who enrolled', 1: '147'}], [{0: 'Total full-time, first-time, first-year of another gender who enrolled', 1: 'Total full-time, first-time, first-year of another gender who enrolled', 2: '0'}, {0: 'Total part-time, first-time, first-year of another', 1: 'gender who enrolled', 2: '0'}], [{0: 'Total first-time, first-year', 1: 'Total first-time, first-year', 2: '(degree-seeking) who applied', 3: '(degree-seeking) who applied', 4: '7,035'}, {0: 'Total first-time, first-year', 1: '', 2: '', 3: '(degree-seeking) who were admitted', 4: '6,672'}, {0: 'Total first-time, first-year', 1: '', 2: '', 3: '(degree-seeking) enrolled', 4: '1,683'}]]","<table> <tr> <td colspan=""2""> Total first-time, first-year men who applied </td> <td> 2,503 </td> </tr> <tr> <td> Total first-time, first-year </td> <td> women who applied </td> <td> 4,532 </td> </tr> <tr> <td> Total first-time, first-year </td> <td> of another gender who applied </td> <td> 0 </td> </tr> </table><div class=""separator""></div><table> <tr> <td colspan=""2""> Total first-time, first-year men who were admitted </td> <td> 2,359 </td> </tr> <tr> <td> Total first-time, first-year </td> <td> women who were admitted </td> <td> 4,313 </td> </tr> <tr> <td> Total first-time, first-year </td> <td> of another gender who were admitted </td> <td> 0 </td> </tr> </table><div class=""separator""></div><table> <tr> <td> Total full-time, first-time, first-year men who enrolled </td> <td> 515 </td> </tr> <tr> <td> Total part-time, first-time, first-year men who enrolled </td> <td> 123 </td> </tr> </table><div class=""separator""></div><table> <tr> <td> Total full-time, first-time, first-year women who enrolled </td> <td> 898 </td> </tr> <tr> <td> Total part-time, first-time, first-year women who enrolled </td> <td> 147 </td> </tr> </table><div class=""separator""></div><table> <tr> <td colspan=""2""> Total full-time, first-time, first-year of another gender who enrolled </td> <td> 0 </td> </tr> <tr> <td> Total part-time, first-time, first-year of another </td> <td> gender who enrolled </td> <td> 0 </td> </tr> </table><div class=""separator""></div><table> <tr> <td colspan=""2""> Total first-time, first-year </td> <td colspan=""2""> (degree-seeking) who applied </td> <td> 7,035 </td> </tr> <tr> <td> Total first-time, first-year </td> <td> </td> <td> </td> <td> (degree-seeking) who were admitted </td> <td> 6,672 </td> </tr> <tr> <td> Total first-time, first-year </td> <td> </td> <td> </td> <td> (degree-seeking) enrolled </td> <td> 1,683 </td> </tr> </table>",102368,../data/cds-docs/2022-2023/102368.pdf,2022-2023
C,2,C2,"First-time, first-year wait-listed students","[[{0: 'WAITING LIST', 1: 'WAITING LIST', 2: 'WAITING LIST', 3: 'TOTAL'}, {0: 'Number of qualified applicants offered a place on waiting list:', 1: 'Number of qualified applicants offered a place on waiting list:', 2: 'Number of qualified applicants offered a place on waiting list:', 3: ''}, {0: 'Number accepting a', 1: 'place on the waiting', 2: 'list:', 3: ''}, {0: 'Number of wait-listed students admitted:', 1: 'Number of wait-listed students admitted:', 2: 'Number of wait-listed students admitted:', 3: ''}]]","<table> <tr> <td colspan=""3""> WAITING LIST </td> <td> TOTAL </td> </tr> <tr> <td colspan=""3""> Number of qualified applicants offered a place on waiting list: </td> <td> </td> </tr> <tr> <td> Number accepting a </td> <td> place on the waiting </td> <td> list: </td> <td> </td> </tr> <tr> <td colspan=""3""> Number of wait-listed students admitted: </td> <td> </td> </tr> </table>",102368,../data/cds-docs/2022-2023/102368.pdf,2022-2023
C,5,C5,Distribution of high school units required and/or recommended. Specify the distribution of academic high school course units required,"[[{0: '', 1: 'Required', 2: 'Recommended'}, {0: 'Total academic units', 1: '15', 2: ''}, {0: 'English', 1: '3', 2: ''}, {0: 'Mathematics', 1: '', 2: ''}, {0: 'Science', 1: '', 2: ''}, {0: 'Of these, units that must be', 1: '', 2: ''}, {0: 'Foreign language', 1: '', 2: ''}, {0: 'Social studies', 1: '', 2: ''}, {0: 'History', 1: '', 2: ''}, {0: 'Academic electives', 1: '12', 2: ''}, {0: 'Computer Science', 1: '', 2: ''}, {0: 'Visual/Performing Arts', 1: '', 2: ''}, {0: 'Other (specify)', 1: '', 2: ''}]]","<table> <tr> <td> </td> <td> Required </td> <td> Recommended </td> </tr> <tr> <td> Total academic units </td> <td> 15 </td> <td> </td> </tr> <tr> <td> English </td> <td> 3 </td> <td> </td> </tr> <tr> <td> Mathematics </td> <td> </td> <td> </td> </tr> <tr> <td> Science </td> <td> </td> <td> </td> </tr> <tr> <td> Of these, units that must be </td> <td> </td> <td> </td> </tr> <tr> <td> Foreign language </td> <td> </td> <td> </td> </tr> <tr> <td> Social studies </td> <td> </td> <td> </td> </tr> <tr> <td> History </td> <td> </td> <td> </td> </tr> <tr> <td> Academic electives </td> <td> 12 </td> <td> </td> </tr> <tr> <td> Computer Science </td> <td> </td> <td> </td> </tr> <tr> <td> Visual/Performing Arts </td> <td> </td> <td> </td> </tr> <tr> <td> Other (specify) </td> <td> </td> <td> </td> </tr> </table>",102368,../data/cds-docs/2022-2023/102368.pdf,2022-2023
C,8,C8,: SAT and ACT Policies,"[[{0: 'Yes', 1: 'No'}, {0: 'X', 1: ''}]]",<table> <tr> <td> Yes </td> <td> No </td> </tr> <tr> <td> X </td> <td> </td> </tr> </table>,102368,../data/cds-docs/2022-2023/102368.pdf,2022-2023
C,9,C9,"Percent and number of first-time, first-year students enrolled in Fall 2022 who submitted national standardized (SAT/ACT) test","[[{0: '6%', 1: '96'}, {0: '60%', 1: '1,008'}], [{0: 'Assessment', 1: '25th Percentile', 2: '50th Percentile', 3: '75th Percentile'}, {0: 'SAT Composite', 1: '970', 2: '1,040', 3: '1,130'}, {0: 'SAT Evidence-Based Reading', 1: '490', 2: '540', 3: '590'}, {0: 'SAT Math', 1: '460', 2: '505', 3: '560'}, {0: 'ACT Composite', 1: '17', 2: '20', 3: '24'}, {0: 'ACT Math', 1: '16', 2: '18', 3: '23'}, {0: 'ACT English', 1: '16', 2: '21', 3: '25'}, {0: 'ACT Writing', 1: '5', 2: '6', 3: '7'}, {0: 'ACT Science', 1: '18', 2: '21', 3: '24'}, {0: 'ACT Reading', 1: '-', 2: '-', 3: '-'}], [{0: 'Score Range', 1: 'SAT Evidence-Based\nReading and Writing', 2: 'SAT Math'}, {0: '700-800', 1: '5.30%', 2: '4.20%'}, {0: '600-699', 1: '19.20%', 2: '14.60%'}, {0: '500-599', 1: '47.90%', 2: '37.50%'}, {0: '400-499', 1: '26.60%', 2: '40.60%'}, {0: '300-399', 1: '1.10%', 2: '3.10%'}, {0: '200-299', 1: '0.00%', 2: '0.00%'}, {0: 'Totals should = 100%', 1: '100%', 2: '100%'}], [{0: 'Score Range', 1: 'SAT Composite'}, {0: '1400-1600', 1: '5.2%'}, {0: '1200-1399', 1: '12.5%'}, {0: '1000-1199', 1: '46.9%'}, {0: '800-999', 1: '34.4%'}, {0: '600-799', 1: '1.0%'}, {0: '400-599', 1: '0.0%'}, {0: 'Totals should = 100%', 1: '100%'}], [{0: 'Score Range', 1: 'ACT Composite', 2: 'ACT English', 3: 'ACT Math', 4: 'ACT Reading', 5: 'ACT Science'}, {0: '30-36', 1: '6.70%', 2: '11.30%', 3: '2.30%', 4: '-', 5: '6.80%'}, {0: '24-29', 1: '21.50%', 2: '22.50%', 3: '20.40%', 4: '-', 5: '21.80%'}, {0: '18-23', 1: '46.00%', 2: '36.50%', 3: '32.50%', 4: '-', 5: '48.90%'}, {0: '12-17', 1: '25.20%', 2: '24.00%', 3: '44.30%', 4: '-', 5: '21.20%'}, {0: '6-11', 1: '0.50%', 2: '5.70%', 3: '0.50%', 4: '-', 5: '1.30%'}, {0: 'Below 6', 1: '0.00%', 2: '0.00%', 3: '0.00%', 4: '-', 5: '0.00%'}, {0: 'Totals should = 100%', 1: '100%', 2: '100%', 3: '100%', 4: '-', 5: '100%'}]]","<table> <tr> <td> 6% </td> <td> 96 </td> </tr> <tr> <td> 60% </td> <td> 1,008 </td> </tr> </table><div class=""separator""></div><table> <tr> <td> Assessment </td> <td> 25th Percentile </td> <td> 50th Percentile </td> <td> 75th Percentile </td> </tr> <tr> <td> SAT Composite </td> <td> 970 </td> <td> 1,040 </td> <td> 1,130 </td> </tr> <tr> <td> SAT Evidence-Based Reading </td> <td> 490 </td> <td> 540 </td> <td> 590 </td> </tr> <tr> <td> SAT Math </td> <td> 460 </td> <td> 505 </td> <td> 560 </td> </tr> <tr> <td> ACT Composite </td> <td> 17 </td> <td> 20 </td> <td> 24 </td> </tr> <tr> <td> ACT Math </td> <td> 16 </td> <td> 18 </td> <td> 23 </td> </tr> <tr> <td> ACT English </td> <td> 16 </td> <td> 21 </td> <td> 25 </td> </tr> <tr> <td> ACT Writing </td> <td> 5 </td> <td> 6 </td> <td> 7 </td> </tr> <tr> <td> ACT Science </td> <td> 18 </td> <td> 21 </td> <td> 24 </td> </tr> <tr> <td> ACT Reading </td> <td> - </td> <td> - </td> <td> - </td> </tr> </table><div class=""separator""></div><table> <tr> <td> Score Range </td> <td> SAT Evidence-Based <br/> Reading and Writing </td> <td> SAT Math </td> </tr> <tr> <td> 700-800 </td> <td> 5.30% </td> <td> 4.20% </td> </tr> <tr> <td> 600-699 </td> <td> 19.20% </td> <td> 14.60% </td> </tr> <tr> <td> 500-599 </td> <td> 47.90% </td> <td> 37.50% </td> </tr> <tr> <td> 400-499 </td> <td> 26.60% </td> <td> 40.60% </td> </tr> <tr> <td> 300-399 </td> <td> 1.10% </td> <td> 3.10% </td> </tr> <tr> <td> 200-299 </td> <td> 0.00% </td> <td> 0.00% </td> </tr> <tr> <td> Totals should = 100% </td> <td> 100% </td> <td> 100% </td> </tr> </table><div class=""separator""></div><table> <tr> <td> Score Range </td> <td> SAT Composite </td> </tr> <tr> <td> 1400-1600 </td> <td> 5.2% </td> </tr> <tr> <td> 1200-1399 </td> <td> 12.5% </td> </tr> <tr> <td> 1000-1199 </td> <td> 46.9% </td> </tr> <tr> <td> 800-999 </td> <td> 34.4% </td> </tr> <tr> <td> 600-799 </td> <td> 1.0% </td> </tr> <tr> <td> 400-599 </td> <td> 0.0% </td> </tr> <tr> <td> Totals should = 100% </td> <td> 100% </td> </tr> </table><div class=""separator""></div><table> <tr> <td> Score Range </td> <td> ACT Composite </td> <td> ACT English </td> <td> ACT Math </td> <td> ACT Reading </td> <td> ACT Science </td> </tr> <tr> <td> 30-36 </td> <td> 6.70% </td> <td> 11.30% </td> <td> 2.30% </td> <td> - </td> <td> 6.80% </td> </tr> <tr> <td> 24-29 </td> <td> 21.50% </td> <td> 22.50% </td> <td> 20.40% </td> <td> - </td> <td> 21.80% </td> </tr> <tr> <td> 18-23 </td> <td> 46.00% </td> <td> 36.50% </td> <td> 32.50% </td> <td> - </td> <td> 48.90% </td> </tr> <tr> <td> 12-17 </td> <td> 25.20% </td> <td> 24.00% </td> <td> 44.30% </td> <td> - </td> <td> 21.20% </td> </tr> <tr> <td> 6-11 </td> <td> 0.50% </td> <td> 5.70% </td> <td> 0.50% </td> <td> - </td> <td> 1.30% </td> </tr> <tr> <td> Below 6 </td> <td> 0.00% </td> <td> 0.00% </td> <td> 0.00% </td> <td> - </td> <td> 0.00% </td> </tr> <tr> <td> Totals should = 100% </td> <td> 100% </td> <td> 100% </td> <td> 100% </td> <td> - </td> <td> 100% </td> </tr> </table>",102368,../data/cds-docs/2022-2023/102368.pdf,2022-2023
C,10,C10,"Percent of all degree-seeking, first-time, first-year students who had high school class rank within each of the following ranges","[[{0: 'Assessment', 1: 'Assessment', 2: 'Percent'}, {0: 'Percent in top tenth of high school graduating class', 1: 'Percent in top tenth of high school graduating class', 2: ''}, {0: 'Percent in top', 1: 'quarter of high school graduating class', 2: ''}, {0: 'Percent in top', 1: 'half of high school graduating class', 2: ''}, {0: 'Percent in bottom half of high school graduating class', 1: 'Percent in bottom half of high school graduating class', 2: ''}, {0: 'Percent in bottom quarter of high school graduating class', 1: 'Percent in bottom quarter of high school graduating class', 2: ''}, {0: 'Percent of total first-time, first-year students who submitted high school class rank:', 1: 'Percent of total first-time, first-year students who submitted high school class rank:', 2: ''}]]","<table> <tr> <td colspan=""2""> Assessment </td> <td> Percent </td> </tr> <tr> <td colspan=""2""> Percent in top tenth of high school graduating class </td> <td> </td> </tr> <tr> <td> Percent in top </td> <td> quarter of high school graduating class </td> <td> </td> </tr> <tr> <td> Percent in top </td> <td> half of high school graduating class </td> <td> </td> </tr> <tr> <td colspan=""2""> Percent in bottom half of high school graduating class </td> <td> </td> </tr> <tr> <td colspan=""2""> Percent in bottom quarter of high school graduating class </td> <td> </td> </tr> <tr> <td colspan=""2""> Percent of total first-time, first-year students who submitted high school class rank: </td> <td> </td> </tr> </table>",102368,../data/cds-docs/2022-2023/102368.pdf,2022-2023
C,11,C11,"Percentage of all enrolled, degree-seeking, first-time, first-year students who had high school grade-point averages within each of","[[{0: 'Score Range', 1: 'Percent'}, {0: 'Percent who had GPA of 4.0', 1: '14.60%'}, {0: 'Percent who had GPA between 3.75 and 3.99', 1: '16.40%'}, {0: 'Percent who had GPA between 3.50 and 3.74', 1: '13.20%'}, {0: 'Percent who had GPA between 3.25 and 3.49', 1: '15.20%'}, {0: 'Percent who had GPA between 3.00 and 3.24', 1: '15.10%'}, {0: 'Percent who had GPA between 2.50 and 2.99', 1: '19.20%'}, {0: 'Percent who had GPA between 2.0 and 2.49', 1: '5.70%'}, {0: 'Percent who had GPA between 1.0 and 1.99', 1: '0.70%'}, {0: 'Percent who had GPA below 1.0', 1: '0.00%'}, {0: 'Totals should = 100%', 1: '100%'}]]",<table> <tr> <td> Score Range </td> <td> Percent </td> </tr> <tr> <td> Percent who had GPA of 4.0 </td> <td> 14.60% </td> </tr> <tr> <td> Percent who had GPA between 3.75 and 3.99 </td> <td> 16.40% </td> </tr> <tr> <td> Percent who had GPA between 3.50 and 3.74 </td> <td> 13.20% </td> </tr> <tr> <td> Percent who had GPA between 3.25 and 3.49 </td> <td> 15.20% </td> </tr> <tr> <td> Percent who had GPA between 3.00 and 3.24 </td> <td> 15.10% </td> </tr> <tr> <td> Percent who had GPA between 2.50 and 2.99 </td> <td> 19.20% </td> </tr> <tr> <td> Percent who had GPA between 2.0 and 2.49 </td> <td> 5.70% </td> </tr> <tr> <td> Percent who had GPA between 1.0 and 1.99 </td> <td> 0.70% </td> </tr> <tr> <td> Percent who had GPA below 1.0 </td> <td> 0.00% </td> </tr> <tr> <td> Totals should = 100% </td> <td> 100% </td> </tr> </table>,102368,../data/cds-docs/2022-2023/102368.pdf,2022-2023
C,14,C14,Application closing date,"[[{0: '', 1: 'Date'}, {0: 'Application closing date (fall)', 1: ''}, {0: 'Priority Date', 1: ''}]]",<table> <tr> <td> </td> <td> Date </td> </tr> <tr> <td> Application closing date (fall) </td> <td> </td> </tr> <tr> <td> Priority Date </td> <td> </td> </tr> </table>,102368,../data/cds-docs/2022-2023/102368.pdf,2022-2023
D,2,D2,"Provide the number of students who applied, were admitted, and enrolled as degree-seeking transfer students","[[{0: '', 1: 'Applicants', 2: 'Admitted', 3: 'Enrolled'}, {0: 'Men', 1: '717', 2: '673', 3: '377'}, {0: 'Women', 1: '1,339', 2: '1,254', 3: '655'}, {0: 'Another Gender', 1: '0', 2: '0', 3: '0'}, {0: 'Total', 1: '2,056', 2: '1,927', 3: '1,032'}]]","<table> <tr> <td> </td> <td> Applicants </td> <td> Admitted </td> <td> Enrolled </td> </tr> <tr> <td> Men </td> <td> 717 </td> <td> 673 </td> <td> 377 </td> </tr> <tr> <td> Women </td> <td> 1,339 </td> <td> 1,254 </td> <td> 655 </td> </tr> <tr> <td> Another Gender </td> <td> 0 </td> <td> 0 </td> <td> 0 </td> </tr> <tr> <td> Total </td> <td> 2,056 </td> <td> 1,927 </td> <td> 1,032 </td> </tr> </table>",102368,../data/cds-docs/2022-2023/102368.pdf,2022-2023
D,9,D9,Rolling,"[[{0: '', 1: 'Priority Date', 2: 'Closing Date', 3: 'Notification Date', 4: 'Reply Date', 5: 'Rolling\nAdmission'}, {0: 'Fall', 1: '', 2: '', 3: '', 4: '', 5: 'X'}, {0: 'Winter', 1: '', 2: '', 3: '', 4: '', 5: ''}, {0: 'Spring', 1: '', 2: '', 3: '', 4: '', 5: 'X'}, {0: 'Summer', 1: '', 2: '', 3: '', 4: '', 5: 'X'}]]",<table> <tr> <td> </td> <td> Priority Date </td> <td> Closing Date </td> <td> Notification Date </td> <td> Reply Date </td> <td> Rolling <br/> Admission </td> </tr> <tr> <td> Fall </td> <td> </td> <td> </td> <td> </td> <td> </td> <td> X </td> </tr> <tr> <td> Winter </td> <td> </td> <td> </td> <td> </td> <td> </td> <td> </td> </tr> <tr> <td> Spring </td> <td> </td> <td> </td> <td> </td> <td> </td> <td> X </td> </tr> <tr> <td> Summer </td> <td> </td> <td> </td> <td> </td> <td> </td> <td> X </td> </tr> </table>,102368,../data/cds-docs/2022-2023/102368.pdf,2022-2023
F,1,F1,"Percentages of first-time, first-year degree-seeking students and degree-seeking undergraduates","[[{0: '', 1: 'First-time, first\ufffe\nyear students', 2: 'Undergraduates'}, {0: 'Percent who are from out of state (exclude international/nonresidents\nfrom the numerator and denominator)', 1: '25%', 2: '28%'}, {0: 'Percent of men who join fraternities', 1: '11%', 2: '11%'}, {0: 'Percent of women who join sororities', 1: '20%', 2: '13%'}, {0: 'Percent who live in college-owned, -operated, or -affiliated housing', 1: '61%', 2: '17%'}, {0: 'Percent who live off campus or commute', 1: '39%', 2: '83%'}, {0: 'Percent of students age 25 and older', 1: '12%', 2: '35%'}, {0: 'Average age of full-time students', 1: '19', 2: '23'}, {0: 'Average age of all students (full- and part-time)', 1: '20', 2: '26'}]]","<table> <tr> <td> </td> <td> First-time, first￾ <br/> year students </td> <td> Undergraduates </td> </tr> <tr> <td> Percent who are from out of state (exclude international/nonresidents <br/> from the numerator and denominator) </td> <td> 25% </td> <td> 28% </td> </tr> <tr> <td> Percent of men who join fraternities </td> <td> 11% </td> <td> 11% </td> </tr> <tr> <td> Percent of women who join sororities </td> <td> 20% </td> <td> 13% </td> </tr> <tr> <td> Percent who live in college-owned, -operated, or -affiliated housing </td> <td> 61% </td> <td> 17% </td> </tr> <tr> <td> Percent who live off campus or commute </td> <td> 39% </td> <td> 83% </td> </tr> <tr> <td> Percent of students age 25 and older </td> <td> 12% </td> <td> 35% </td> </tr> <tr> <td> Average age of full-time students </td> <td> 19 </td> <td> 23 </td> </tr> <tr> <td> Average age of all students (full- and part-time) </td> <td> 20 </td> <td> 26 </td> </tr> </table>",102368,../data/cds-docs/2022-2023/102368.pdf,2022-2023
F,3,F3,ROTC (program offered in cooperation with Reserve Officers' Training Corps),"[[{0: '', 1: 'Marine Option\n(for Naval ROTC)', 2: 'On Campus', 3: 'At Cooperating Institution', 4: 'Name of\nCooperating\nInstitution'}, {0: 'Army ROTC is offered:', 1: '', 2: 'X', 3: 'X', 4: 'Auburn University'}, {0: 'Naval ROTC is offered:', 1: '', 2: '', 3: '', 4: ''}, {0: 'Air Force ROTC is offered:', 1: '', 2: 'X', 3: 'X', 4: ''}]]",<table> <tr> <td> </td> <td> Marine Option <br/> (for Naval ROTC) </td> <td> On Campus </td> <td> At Cooperating Institution </td> <td> Name of <br/> Cooperating <br/> Institution </td> </tr> <tr> <td> Army ROTC is offered: </td> <td> </td> <td> X </td> <td> X </td> <td> Auburn University </td> </tr> <tr> <td> Naval ROTC is offered: </td> <td> </td> <td> </td> <td> </td> <td> </td> </tr> <tr> <td> Air Force ROTC is offered: </td> <td> </td> <td> X </td> <td> X </td> <td> </td> </tr> </table>,102368,../data/cds-docs/2022-2023/102368.pdf,2022-2023
G,1,G1,First-Year Undergraduates,"[[{0: '', 1: 'First-Year', 2: 'Undergraduates'}, {0: 'PRIVATE INSTITUTIONS', 1: '', 2: ''}, {0: 'Tuition:', 1: '', 2: ''}, {0: 'PUBLIC INSTITUTIONS', 1: '', 2: ''}, {0: 'Tuition: In-district', 1: '$12,240', 2: '$12,240'}, {0: 'Tuition: In-state (out-of-district):', 1: '$12,240', 2: '$12,240'}, {0: 'Tuition: Out-of-state:', 1: '$24,480', 2: '$24,480'}, {0: 'Tuition: Non-resident', 1: '$24,480', 2: '$24,480'}, {0: 'FOR ALL INSTITUTIONS', 1: 'FOR ALL INSTITUTIONS', 2: 'FOR ALL INSTITUTIONS'}, {0: 'Required Fees', 1: '$0', 2: '$0'}, {0: 'Room and Board (on-campus):', 1: '$7,996', 2: '$7,996'}, {0: 'Room Only (on-campus):', 1: '$4,120', 2: '$4,120'}, {0: 'Board Only (on-campus meal plan):', 1: '$3,876', 2: '$3,876'}]]","<table> <tr> <td> </td> <td> First-Year </td> <td> Undergraduates </td> </tr> <tr> <td> PRIVATE INSTITUTIONS </td> <td> </td> <td> </td> </tr> <tr> <td> Tuition: </td> <td> </td> <td> </td> </tr> <tr> <td> PUBLIC INSTITUTIONS </td> <td> </td> <td> </td> </tr> <tr> <td> Tuition: In-district </td> <td> $12,240 </td> <td> $12,240 </td> </tr> <tr> <td> Tuition: In-state (out-of-district): </td> <td> $12,240 </td> <td> $12,240 </td> </tr> <tr> <td> Tuition: Out-of-state: </td> <td> $24,480 </td> <td> $24,480 </td> </tr> <tr> <td> Tuition: Non-resident </td> <td> $24,480 </td> <td> $24,480 </td> </tr> <tr> <td colspan=""3""> FOR ALL INSTITUTIONS </td> </tr> <tr> <td> Required Fees </td> <td> $0 </td> <td> $0 </td> </tr> <tr> <td> Room and Board (on-campus): </td> <td> $7,996 </td> <td> $7,996 </td> </tr> <tr> <td> Room Only (on-campus): </td> <td> $4,120 </td> <td> $4,120 </td> </tr> <tr> <td> Board Only (on-campus meal plan): </td> <td> $3,876 </td> <td> $3,876 </td> </tr> </table>",102368,../data/cds-docs/2022-2023/102368.pdf,2022-2023
G,5,G5,Provide the estimated expenses for a typical full-time undergraduate student:,"[[{0: '', 1: 'Residents', 2: 'Commuters', 3: 'Commuters'}, {0: 'Books and supplies:', 1: '$1,366', 2: '$1,366', 3: '$1,366'}, {0: 'Room only:', 1: '', 2: '', 3: ''}, {0: 'Board only:', 1: '', 2: '', 3: ''}, {0: 'Room and board total*', 1: '', 2: '', 3: '$7,996'}, {0: 'Transportation:', 1: '$1,854', 2: '$3,966', 3: '$3,966'}, {0: 'Other expenses:', 1: '$3,150', 2: '$3,150', 3: '$3,150'}]]","<table> <tr> <td> </td> <td> Residents </td> <td> Commuters </td> <td> Commuters </td> </tr> <tr> <td> Books and supplies: </td> <td> $1,366 </td> <td> $1,366 </td> <td> $1,366 </td> </tr> <tr> <td> Room only: </td> <td> </td> <td> </td> <td> </td> </tr> <tr> <td> Board only: </td> <td> </td> <td> </td> <td> </td> </tr> <tr> <td> Room and board total* </td> <td> </td> <td> </td> <td> $7,996 </td> </tr> <tr> <td> Transportation: </td> <td> $1,854 </td> <td> $3,966 </td> <td> $3,966 </td> </tr> <tr> <td> Other expenses: </td> <td> $3,150 </td> <td> $3,150 </td> <td> $3,150 </td> </tr> </table>",102368,../data/cds-docs/2022-2023/102368.pdf,2022-2023
G,6,G6,Undergraduate per-credit-hour charges (tuition only):,"[[{0: 'PRIVATE INSTITUTIONS:', 1: ''}, {0: 'PUBLIC INSTITUTIONS:', 1: ''}, {0: 'In-district:', 1: '$408.00'}, {0: 'In-state (out-of-district):', 1: '$408.00'}, {0: 'Out-of-state:', 1: '$816.00'}, {0: 'NONRESIDENTS:', 1: '$816.00'}]]",<table> <tr> <td> PRIVATE INSTITUTIONS: </td> <td> </td> </tr> <tr> <td> PUBLIC INSTITUTIONS: </td> <td> </td> </tr> <tr> <td> In-district: </td> <td> $408.00 </td> </tr> <tr> <td> In-state (out-of-district): </td> <td> $408.00 </td> </tr> <tr> <td> Out-of-state: </td> <td> $816.00 </td> </tr> <tr> <td> NONRESIDENTS: </td> <td> $816.00 </td> </tr> </table>,102368,../data/cds-docs/2022-2023/102368.pdf,2022-2023
H,2,H2,Number of Enrolled Students Awarded Aid: List the number of degree-seeking full-time and less-than-,"[[{0: '', 1: '', 2: 'Full-time\nFirst-time\nFirst-year', 3: 'Full-time\nUndergrad\n(Incl. Fresh)', 4: 'Less Full-time Than\nUndergrad'}, {0: 'A', 1: 'Number of degree-seeking undergraduate students\n(CDS Item B1 if reporting on Fall 2022 cohort)', 2: '1,362', 3: '7,401', 4: '3,515'}, {0: 'B', 1: 'Number of students in line a who applied for need\ufffe\nbased financial aid', 2: '1,166', 3: '5,429', 4: '2,107'}, {0: 'C', 1: 'Number of students in line b who were determined to\nhave financial need', 2: '957', 3: '4,753', 4: '2,025'}, {0: 'D', 1: 'Number of students in line c who were awarded any\nfinancial aid', 2: '957', 3: '4,753', 4: '2,025'}, {0: 'E', 1: 'Number of students in line d who were awarded any\nneed-based scholarship or grant aid', 2: '629', 3: '3,291', 4: '1,488'}, {0: 'F', 1: 'Number of students in line d who were awarded any\nneed-based self-help aid', 2: '951', 3: '4,683', 4: '1,980'}, {0: 'G', 1: 'Number of students in line d who were awarded any\nnon-need-based scholarship or grant aid', 2: '571', 3: '2,306', 4: '510'}, {0: 'H', 1: 'Number of students in line d whose need was fully met\n(exclude PLUS loans, unsubsidized loans, and private\nalternative loans)', 2: '-', 3: '-', 4: '-'}, {0: 'I', 1: 'On average, the percentage of need that was met of\nstudents who were awarded any need-based aid.\nExclude any aid that was awarded in excess of need as\nwell as any resources that were awarded to replace\nEFC (PLUS loans, unsubsidized loans, and private\nalternative loans)', 2: '-', 3: '-', 4: '-'}, {0: 'J', 1: 'The average financial aid package of those in line d.\nExclude any resources that were awarded to replace\nEFC (PLUS loans, unsubsidized loans, and private\nalternative loans)', 2: '$ 3,232', 3: '$ 3,621', 4: '$ 2,278'}], [{0: '', 1: '', 2: 'Full-time\nFirst-time\nFirst-year', 3: 'Full-time\nUndergrad\n(Incl. Fresh.)', 4: 'Less Full-time Than\nUndergrad'}, {0: 'N', 1: 'Number of students in line a who had no financial need\nand who were awarded institutional non-need-based\nscholarship or grant aid (exclude those who were\nawarded athletic awards and tuition benefits)', 2: '163', 3: '466', 4: '18'}, {0: 'O', 1: 'Average dollar amount of institutional non-need-based\nscholarship and grant aid awarded to students in line n', 2: '$ 4,323', 3: '$ 4,183', 4: '$ 1,483'}, {0: 'P', 1: 'Number of students in line a who were awarded an\ninstitutional non-need-based athletic scholarship or\ngrant', 2: '59', 3: '305', 4: '7'}, {0: 'Q', 1: 'Average dollar amount of institutional non-need-based\nathletic scholarships and grants awarded to students in\nline p', 2: '$ 5,192', 3: '$ 5,013', 4: '$ 4,561'}]]","<table> <tr> <td> </td> <td> </td> <td> Full-time <br/> First-time <br/> First-year </td> <td> Full-time <br/> Undergrad <br/> (Incl. Fresh) </td> <td> Less Full-time Than <br/> Undergrad </td> </tr> <tr> <td> A </td> <td> Number of degree-seeking undergraduate students <br/> (CDS Item B1 if reporting on Fall 2022 cohort) </td> <td> 1,362 </td> <td> 7,401 </td> <td> 3,515 </td> </tr> <tr> <td> B </td> <td> Number of students in line a who applied for need￾ <br/> based financial aid </td> <td> 1,166 </td> <td> 5,429 </td> <td> 2,107 </td> </tr> <tr> <td> C </td> <td> Number of students in line b who were determined to <br/> have financial need </td> <td> 957 </td> <td> 4,753 </td> <td> 2,025 </td> </tr> <tr> <td> D </td> <td> Number of students in line c who were awarded any <br/> financial aid </td> <td> 957 </td> <td> 4,753 </td> <td> 2,025 </td> </tr> <tr> <td> E </td> <td> Number of students in line d who were awarded any <br/> need-based scholarship or grant aid </td> <td> 629 </td> <td> 3,291 </td> <td> 1,488 </td> </tr> <tr> <td> F </td> <td> Number of students in line d who were awarded any <br/> need-based self-help aid </td> <td> 951 </td> <td> 4,683 </td> <td> 1,980 </td> </tr> <tr> <td> G </td> <td> Number of students in line d who were awarded any <br/> non-need-based scholarship or grant aid </td> <td> 571 </td> <td> 2,306 </td> <td> 510 </td> </tr> <tr> <td> H </td> <td> Number of students in line d whose need was fully met <br/> (exclude PLUS loans, unsubsidized loans, and private <br/> alternative loans) </td> <td> - </td> <td> - </td> <td> - </td> </tr> <tr> <td> I </td> <td> On average, the percentage of need that was met of <br/> students who were awarded any need-based aid. <br/> Exclude any aid that was awarded in excess of need as <br/> well as any resources that were awarded to replace <br/> EFC (PLUS loans, unsubsidized loans, and private <br/> alternative loans) </td> <td> - </td> <td> - </td> <td> - </td> </tr> <tr> <td> J </td> <td> The average financial aid package of those in line d. <br/> Exclude any resources that were awarded to replace <br/> EFC (PLUS loans, unsubsidized loans, and private <br/> alternative loans) </td> <td> $ 3,232 </td> <td> $ 3,621 </td> <td> $ 2,278 </td> </tr> </table><div class=""separator""></div><table> <tr> <td> </td> <td> </td> <td> Full-time <br/> First-time <br/> First-year </td> <td> Full-time <br/> Undergrad <br/> (Incl. Fresh.) </td> <td> Less Full-time Than <br/> Undergrad </td> </tr> <tr> <td> N </td> <td> Number of students in line a who had no financial need <br/> and who were awarded institutional non-need-based <br/> scholarship or grant aid (exclude those who were <br/> awarded athletic awards and tuition benefits) </td> <td> 163 </td> <td> 466 </td> <td> 18 </td> </tr> <tr> <td> O </td> <td> Average dollar amount of institutional non-need-based <br/> scholarship and grant aid awarded to students in line n </td> <td> $ 4,323 </td> <td> $ 4,183 </td> <td> $ 1,483 </td> </tr> <tr> <td> P </td> <td> Number of students in line a who were awarded an <br/> institutional non-need-based athletic scholarship or <br/> grant </td> <td> 59 </td> <td> 305 </td> <td> 7 </td> </tr> <tr> <td> Q </td> <td> Average dollar amount of institutional non-need-based <br/> athletic scholarships and grants awarded to students in <br/> line p </td> <td> $ 5,192 </td> <td> $ 5,013 </td> <td> $ 4,561 </td> </tr> </table>",102368,../data/cds-docs/2022-2023/102368.pdf,2022-2023
H,11,H11,Indicate reply dates:,"[[{0: 'Students must reply by (date):', 1: ''}, {0: 'or within _______ weeks of notification.', 1: '2 Weeks'}]]",<table> <tr> <td> Students must reply by (date): </td> <td> </td> </tr> <tr> <td> or within _______ weeks of notification. </td> <td> 2 Weeks </td> </tr> </table>,102368,../data/cds-docs/2022-2023/102368.pdf,2022-2023
H,14,H14,Check off criteria used in awarding institutional aid. Check all that apply.,"[[{0: '', 1: 'Non-Need Based', 2: 'Need-Based'}, {0: 'Academics', 1: 'X', 2: 'X'}, {0: 'Alumni affiliation', 1: '', 2: ''}, {0: 'Art', 1: '', 2: ''}, {0: 'Athletics', 1: 'X', 2: 'X'}, {0: 'Job skills', 1: '', 2: ''}, {0: 'ROTC', 1: 'X', 2: ''}, {0: 'Leadership', 1: 'X', 2: 'X'}, {0: 'Minority status', 1: 'X', 2: ''}, {0: 'Music/drama', 1: 'X', 2: ''}, {0: 'Religious affiliation', 1: '', 2: ''}, {0: 'State/district residency', 1: '', 2: 'X'}]]",<table> <tr> <td> </td> <td> Non-Need Based </td> <td> Need-Based </td> </tr> <tr> <td> Academics </td> <td> X </td> <td> X </td> </tr> <tr> <td> Alumni affiliation </td> <td> </td> <td> </td> </tr> <tr> <td> Art </td> <td> </td> <td> </td> </tr> <tr> <td> Athletics </td> <td> X </td> <td> X </td> </tr> <tr> <td> Job skills </td> <td> </td> <td> </td> </tr> <tr> <td> ROTC </td> <td> X </td> <td> </td> </tr> <tr> <td> Leadership </td> <td> X </td> <td> X </td> </tr> <tr> <td> Minority status </td> <td> X </td> <td> </td> </tr> <tr> <td> Music/drama </td> <td> X </td> <td> </td> </tr> <tr> <td> Religious affiliation </td> <td> </td> <td> </td> </tr> <tr> <td> State/district residency </td> <td> </td> <td> X </td> </tr> </table>,102368,../data/cds-docs/2022-2023/102368.pdf,2022-2023
J,1,J1,"Degrees conferred between July 1, 2021 and June 30, 2022","[[{0: 'Category', 1: 'Diploma/Certificates', 2: 'Associate', 3: 'Bachelor’s', 4: 'CIP 2020 Categories\nto Include'}, {0: 'Agriculture', 1: '', 2: '', 3: '', 4: '01'}, {0: 'Natural resources and conservation', 1: '', 2: '', 3: '0.40%', 4: '03'}, {0: 'Architecture', 1: '', 2: '', 3: '', 4: '04'}, {0: 'Area, ethnic, and gender studies', 1: '', 2: '', 3: '', 4: '05'}, {0: 'Communication/journalism', 1: '', 2: '', 3: '4.94%', 4: '09'}, {0: 'Communication technologies', 1: '', 2: '', 3: '', 4: '10'}, {0: 'Computer and information sciences', 1: '', 2: '0.75%', 3: '6.25%', 4: '11'}, {0: 'Personal and culinary services', 1: '', 2: '', 3: '', 4: '12'}, {0: 'Education', 1: '', 2: '', 3: '6.90%', 4: '13'}, {0: 'Engineering', 1: '', 2: '', 3: '', 4: '14'}, {0: 'Engineering technologies', 1: '', 2: '', 3: '0.31%', 4: '15'}, {0: 'Foreign languages, literatures, and linguistics', 1: '', 2: '', 3: '0.35%', 4: '16'}, {0: 'Family and consumer sciences', 1: '', 2: '', 3: '', 4: '19'}, {0: 'Law/legal studies', 1: '', 2: '', 3: '', 4: '22'}, {0: 'English', 1: '', 2: '', 3: '1.32%', 4: '23'}, {0: 'Liberal arts/general studies', 1: '', 2: '75.75%', 3: '', 4: '24'}, {0: 'Library science', 1: '', 2: '', 3: '', 4: '25'}, {0: 'Biological/life sciences', 1: '', 2: '', 3: '3.47%', 4: '26'}, {0: 'Mathematics and statistics', 1: '', 2: '', 3: '0.31%', 4: '27'}, {0: 'Military science and military technologies', 1: '', 2: '', 3: '', 4: '28 & 29'}, {0: 'Interdisciplinary studies', 1: '', 2: '', 3: '6.78%', 4: '30'}, {0: 'Parks and recreation', 1: '', 2: '', 3: '2.64%', 4: '31'}, {0: 'Philosophy and religious studies', 1: '', 2: '', 3: '', 4: '38'}, {0: 'Theology and religious vocations', 1: '', 2: '', 3: '', 4: '39'}, {0: 'Physical sciences', 1: '', 2: '', 3: '0.35%', 4: '40'}, {0: 'Science technologies', 1: '', 2: '', 3: '', 4: '41'}, {0: 'Psychology', 1: '', 2: '', 3: '11.75%', 4: '42'}, {0: 'Homeland Security, law enforcement, firefighting,', 1: '', 2: '', 3: '6.78%', 4: '43'}, {0: 'Public administration and social services', 1: '', 2: '', 3: '9.68%', 4: '44'}, {0: 'Social sciences', 1: '', 2: '', 3: '4.93%', 4: '45'}, {0: 'Construction trades', 1: '', 2: '', 3: '', 4: '46'}, {0: 'Mechanic and repair technologies', 1: '', 2: '', 3: '', 4: '47'}, {0: 'Precision production', 1: '', 2: '', 3: '', 4: '48'}, {0: 'Transportation and materials moving', 1: '', 2: '', 3: '', 4: '49'}, {0: 'Visual and performing arts', 1: '', 2: '', 3: '1.98%', 4: '50'}, {0: 'Health professions and related programs', 1: '', 2: '23.50%', 3: '7.79%', 4: '51'}, {0: 'Business/marketing', 1: '', 2: '', 3: '21.96%', 4: '52'}, {0: 'History', 1: '', 2: '', 3: '1.14%', 4: '54'}, {0: 'Other', 1: '', 2: '', 3: '', 4: ''}, {0: 'TOTAL (should = 100%)', 1: '0%', 2: '100%', 3: '100%', 4: ''}]]","<table> <tr> <td> Category </td> <td> Diploma/Certificates </td> <td> Associate </td> <td> Bachelor’s </td> <td> CIP 2020 Categories <br/> to Include </td> </tr> <tr> <td> Agriculture </td> <td> </td> <td> </td> <td> </td> <td> 01 </td> </tr> <tr> <td> Natural resources and conservation </td> <td> </td> <td> </td> <td> 0.40% </td> <td> 03 </td> </tr> <tr> <td> Architecture </td> <td> </td> <td> </td> <td> </td> <td> 04 </td> </tr> <tr> <td> Area, ethnic, and gender studies </td> <td> </td> <td> </td> <td> </td> <td> 05 </td> </tr> <tr> <td> Communication/journalism </td> <td> </td> <td> </td> <td> 4.94% </td> <td> 09 </td> </tr> <tr> <td> Communication technologies </td> <td> </td> <td> </td> <td> </td> <td> 10 </td> </tr> <tr> <td> Computer and information sciences </td> <td> </td> <td> 0.75% </td> <td> 6.25% </td> <td> 11 </td> </tr> <tr> <td> Personal and culinary services </td> <td> </td> <td> </td> <td> </td> <td> 12 </td> </tr> <tr> <td> Education </td> <td> </td> <td> </td> <td> 6.90% </td> <td> 13 </td> </tr> <tr> <td> Engineering </td> <td> </td> <td> </td> <td> </td> <td> 14 </td> </tr> <tr> <td> Engineering technologies </td> <td> </td> <td> </td> <td> 0.31% </td> <td> 15 </td> </tr> <tr> <td> Foreign languages, literatures, and linguistics </td> <td> </td> <td> </td> <td> 0.35% </td> <td> 16 </td> </tr> <tr> <td> Family and consumer sciences </td> <td> </td> <td> </td> <td> </td> <td> 19 </td> </tr> <tr> <td> Law/legal studies </td> <td> </td> <td> </td> <td> </td> <td> 22 </td> </tr> <tr> <td> English </td> <td> </td> <td> </td> <td> 1.32% </td> <td> 23 </td> </tr> <tr> <td> Liberal arts/general studies </td> <td> </td> <td> 75.75% </td> <td> </td> <td> 24 </td> </tr> <tr> <td> Library science </td> <td> </td> <td> </td> <td> </td> <td> 25 </td> </tr> <tr> <td> Biological/life sciences </td> <td> </td> <td> </td> <td> 3.47% </td> <td> 26 </td> </tr> <tr> <td> Mathematics and statistics </td> <td> </td> <td> </td> <td> 0.31% </td> <td> 27 </td> </tr> <tr> <td> Military science and military technologies </td> <td> </td> <td> </td> <td> </td> <td> 28 &amp; 29 </td> </tr> <tr> <td> Interdisciplinary studies </td> <td> </td> <td> </td> <td> 6.78% </td> <td> 30 </td> </tr> <tr> <td> Parks and recreation </td> <td> </td> <td> </td> <td> 2.64% </td> <td> 31 </td> </tr> <tr> <td> Philosophy and religious studies </td> <td> </td> <td> </td> <td> </td> <td> 38 </td> </tr> <tr> <td> Theology and religious vocations </td> <td> </td> <td> </td> <td> </td> <td> 39 </td> </tr> <tr> <td> Physical sciences </td> <td> </td> <td> </td> <td> 0.35% </td> <td> 40 </td> </tr> <tr> <td> Science technologies </td> <td> </td> <td> </td> <td> </td> <td> 41 </td> </tr> <tr> <td> Psychology </td> <td> </td> <td> </td> <td> 11.75% </td> <td> 42 </td> </tr> <tr> <td> Homeland Security, law enforcement, firefighting, </td> <td> </td> <td> </td> <td> 6.78% </td> <td> 43 </td> </tr> <tr> <td> Public administration and social services </td> <td> </td> <td> </td> <td> 9.68% </td> <td> 44 </td> </tr> <tr> <td> Social sciences </td> <td> </td> <td> </td> <td> 4.93% </td> <td> 45 </td> </tr> <tr> <td> Construction trades </td> <td> </td> <td> </td> <td> </td> <td> 46 </td> </tr> <tr> <td> Mechanic and repair technologies </td> <td> </td> <td> </td> <td> </td> <td> 47 </td> </tr> <tr> <td> Precision production </td> <td> </td> <td> </td> <td> </td> <td> 48 </td> </tr> <tr> <td> Transportation and materials moving </td> <td> </td> <td> </td> <td> </td> <td> 49 </td> </tr> <tr> <td> Visual and performing arts </td> <td> </td> <td> </td> <td> 1.98% </td> <td> 50 </td> </tr> <tr> <td> Health professions and related programs </td> <td> </td> <td> 23.50% </td> <td> 7.79% </td> <td> 51 </td> </tr> <tr> <td> Business/marketing </td> <td> </td> <td> </td> <td> 21.96% </td> <td> 52 </td> </tr> <tr> <td> History </td> <td> </td> <td> </td> <td> 1.14% </td> <td> 54 </td> </tr> <tr> <td> Other </td> <td> </td> <td> </td> <td> </td> <td> </td> </tr> <tr> <td> TOTAL (should = 100%) </td> <td> 0% </td> <td> 100% </td> <td> 100% </td> <td> </td> </tr> </table>",102368,../data/cds-docs/2022-2023/102368.pdf,2022-2023
B,1,B1,Institutional Enrollment - Men and Women,"[[{0: 'ti t d b d t d', 1: 't l\nthi li k\nFULL-TIME', 2: 't l\nthi li k\nFULL-TIME', 3: 'PART-TIME', 4: 'PART-TIME'}, {0: 'ti t d b d t d', 1: 'Men\nWomen', 2: 'Men\nWomen', 3: 'Men\nWomen', 4: 'Men\nWomen'}, {0: 'Undergraduates', 1: 'Undergraduates', 2: 'Undergraduates', 3: 'Undergraduates', 4: 'Undergraduates'}, {0: 'Degree-seeking, first-time\nfreshmen', 1: '513', 2: '849', 3: '82', 4: '152'}, {0: 'Other first-year, degree-seeking', 1: '253', 2: '387', 3: '108', 4: '256'}, {0: 'All other degree-seeking', 1: '1,859', 2: '3,540', 3: '1,005', 4: '1,912'}, {0: 'Total degree-seeking', 1: '2,625', 2: '4,776', 3: '1,195', 4: '2,320'}, {0: 'All other undergraduates\nenrolled in credit courses', 1: '26', 2: '47', 3: '129', 4: '179'}, {0: 'Total undergraduates', 1: '2,651', 2: '4,823', 3: '1,324', 4: '2,499'}, {0: 'Graduate', 1: 'Graduate', 2: 'Graduate', 3: 'Graduate', 4: 'Graduate'}, {0: 'Degree-seeking, first-time', 1: '130', 2: '295', 3: '218', 4: '367'}, {0: 'All other degree-seeking', 1: '171', 2: '501', 3: '785', 4: '1,079'}, {0: 'All other graduates enrolled in\ncredit courses', 1: '1', 2: '8', 3: '15', 4: '34'}, {0: 'Total graduate', 1: '302', 2: '804', 3: '1,018', 4: '1,480'}, {0: 'Total all students', 1: '2,953', 2: '5,627', 3: '2,342', 4: '3,979'}]]","<table> <tr> <td rowspan=""2""> ti t d b d t d </td> <td colspan=""2""> t l <br/> thi li k <br/> FULL-TIME </td> <td colspan=""2""> PART-TIME </td> </tr> <tr> <td colspan=""2""> Men <br/> Women </td> <td colspan=""2""> Men <br/> Women </td> </tr> <tr> <td colspan=""5""> Undergraduates </td> </tr> <tr> <td> Degree-seeking, first-time <br/> freshmen </td> <td> 513 </td> <td> 849 </td> <td> 82 </td> <td> 152 </td> </tr> <tr> <td> Other first-year, degree-seeking </td> <td> 253 </td> <td> 387 </td> <td> 108 </td> <td> 256 </td> </tr> <tr> <td> All other degree-seeking </td> <td> 1,859 </td> <td> 3,540 </td> <td> 1,005 </td> <td> 1,912 </td> </tr> <tr> <td> Total degree-seeking </td> <td> 2,625 </td> <td> 4,776 </td> <td> 1,195 </td> <td> 2,320 </td> </tr> <tr> <td> All other undergraduates <br/> enrolled in credit courses </td> <td> 26 </td> <td> 47 </td> <td> 129 </td> <td> 179 </td> </tr> <tr> <td> Total undergraduates </td> <td> 2,651 </td> <td> 4,823 </td> <td> 1,324 </td> <td> 2,499 </td> </tr> <tr> <td colspan=""5""> Graduate </td> </tr> <tr> <td> Degree-seeking, first-time </td> <td> 130 </td> <td> 295 </td> <td> 218 </td> <td> 367 </td> </tr> <tr> <td> All other degree-seeking </td> <td> 171 </td> <td> 501 </td> <td> 785 </td> <td> 1,079 </td> </tr> <tr> <td> All other graduates enrolled in <br/> credit courses </td> <td> 1 </td> <td> 8 </td> <td> 15 </td> <td> 34 </td> </tr> <tr> <td> Total graduate </td> <td> 302 </td> <td> 804 </td> <td> 1,018 </td> <td> 1,480 </td> </tr> <tr> <td> Total all students </td> <td> 2,953 </td> <td> 5,627 </td> <td> 2,342 </td> <td> 3,979 </td> </tr> </table>",102368,../data/cds-docs/2021-2022/102368.pdf,2021-2022
B,2,B2,Enrollment by Racial/Ethnic Category.,"[[{0: '', 1: 'Degree-Seeking\nFirst-Time\nFirst Year', 2: 'Degree-Seeking\nUndergraduates\n(include first-time\nfirst-year)', 3: 'Total\nUndergraduates\n(both degree- and\nnon-degree\ufffe\nseeking)'}, {0: 'Nonresident aliens', 1: '22', 2: '194', 3: '226'}, {0: 'Hispanic/Latino', 1: '63', 2: '495', 3: '506'}, {0: 'Black or African American, non-Hispanic', 1: '495', 2: '3,568', 3: '3,627'}, {0: 'White, non-Hispanic', 1: '890', 2: '5,782', 3: '6,002'}, {0: 'American Indian or Alaska Native, non-Hispanic', 1: '5', 2: '32', 3: '32'}, {0: 'Asian, non-Hispanic', 1: '8', 2: '69', 3: '77'}, {0: 'Native Hawaiian or other Pacific Islander, non\ufffe\nHispanic', 1: '2', 2: '13', 3: '13'}, {0: 'Two or more races, non-Hispanic', 1: '73', 2: '444', 3: '461'}, {0: 'Race and/or ethnicity unknown', 1: '38', 2: '319', 3: '353'}, {0: 'TOTAL', 1: '1,596', 2: '10,916', 3: '11,297'}]]","<table> <tr> <td> </td> <td> Degree-Seeking <br/> First-Time <br/> First Year </td> <td> Degree-Seeking <br/> Undergraduates <br/> (include first-time <br/> first-year) </td> <td> Total <br/> Undergraduates <br/> (both degree- and <br/> non-degree￾ <br/> seeking) </td> </tr> <tr> <td> Nonresident aliens </td> <td> 22 </td> <td> 194 </td> <td> 226 </td> </tr> <tr> <td> Hispanic/Latino </td> <td> 63 </td> <td> 495 </td> <td> 506 </td> </tr> <tr> <td> Black or African American, non-Hispanic </td> <td> 495 </td> <td> 3,568 </td> <td> 3,627 </td> </tr> <tr> <td> White, non-Hispanic </td> <td> 890 </td> <td> 5,782 </td> <td> 6,002 </td> </tr> <tr> <td> American Indian or Alaska Native, non-Hispanic </td> <td> 5 </td> <td> 32 </td> <td> 32 </td> </tr> <tr> <td> Asian, non-Hispanic </td> <td> 8 </td> <td> 69 </td> <td> 77 </td> </tr> <tr> <td> Native Hawaiian or other Pacific Islander, non￾ <br/> Hispanic </td> <td> 2 </td> <td> 13 </td> <td> 13 </td> </tr> <tr> <td> Two or more races, non-Hispanic </td> <td> 73 </td> <td> 444 </td> <td> 461 </td> </tr> <tr> <td> Race and/or ethnicity unknown </td> <td> 38 </td> <td> 319 </td> <td> 353 </td> </tr> <tr> <td> TOTAL </td> <td> 1,596 </td> <td> 10,916 </td> <td> 11,297 </td> </tr> </table>",102368,../data/cds-docs/2021-2022/102368.pdf,2021-2022
B,4,B4,-B21: Graduation Rates,"[[{0: '', 1: 'Recipients of a\nFederal Grant Pell', 2: 'Recipients of a\nSubsidized\nStafford Loan\nwho did not\nreceive Grant a Pell', 3: 'Students who did\nnot receive either\na Pell Grant or a\nsubsidized\nStafford Loan', 4: 'Total\n(sum of 3 columns\nto the left)'}, {0: ""Initial 2015 cohort of first-time, full\ufffe\ntime, bachelor's (or equivalent)\ndegree-seeking undergraduate\nstudents"", 1: '643', 2: '305', 3: '725', 4: '1,673'}, {0: 'Of the initial 2015 cohort, how many\ndid not persist and did not graduate\nfor the following reasons:\n• Deceased\n• Permanently Disabled\n• Armed Forces\n• Foreign Aid Service of the Federal\nGovernment\n• Official church missions\n• Report Total Allowable Exclusions', 1: '2', 2: '0', 3: '1', 4: '3'}, {0: 'Final 2015 cohort, after adjusting for\nallowable exclusions', 1: '641', 2: '305', 3: '724', 4: '1,670'}, {0: 'Of the initial 2015 cohort, how many\ncompleted the program in four years\nor less (by Aug. 31, 2019)', 1: '122', 2: '91', 3: '289', 4: '502'}, {0: 'Of the initial 2015 cohort, how many\ncompleted the program in more than\nfour years but in five years or less\n(after Aug. 31, 2019 and by Aug. 31,\n2020)', 1: '118', 2: '59', 3: '119', 4: '296'}, {0: 'Of the initial 2015 cohort, how many\ncompleted the program in more than\nfive years but in six years or less\n(after Aug. 31, 2020 and by Aug. 31,\n2021)', 1: '37', 2: '16', 3: '21', 4: '74'}, {0: 'Total graduating within six years\n(sum of lines D, E, and F)', 1: '277', 2: '166', 3: '429', 4: '872'}, {0: 'Six-year graduation rate for 2015\ncohort (G divided by C)', 1: '43.2%', 2: '54.4%', 3: '59.3%', 4: '52.2%'}]]","<table> <tr> <td> </td> <td> Recipients of a <br/> Federal Grant Pell </td> <td> Recipients of a <br/> Subsidized <br/> Stafford Loan <br/> who did not <br/> receive Grant a Pell </td> <td> Students who did <br/> not receive either <br/> a Pell Grant or a <br/> subsidized <br/> Stafford Loan </td> <td> Total <br/> (sum of 3 columns <br/> to the left) </td> </tr> <tr> <td> Initial 2015 cohort of first-time, full￾ <br/> time, bachelor's (or equivalent) <br/> degree-seeking undergraduate <br/> students </td> <td> 643 </td> <td> 305 </td> <td> 725 </td> <td> 1,673 </td> </tr> <tr> <td> Of the initial 2015 cohort, how many <br/> did not persist and did not graduate <br/> for the following reasons: <br/> • Deceased <br/> • Permanently Disabled <br/> • Armed Forces <br/> • Foreign Aid Service of the Federal <br/> Government <br/> • Official church missions <br/> • Report Total Allowable Exclusions </td> <td> 2 </td> <td> 0 </td> <td> 1 </td> <td> 3 </td> </tr> <tr> <td> Final 2015 cohort, after adjusting for <br/> allowable exclusions </td> <td> 641 </td> <td> 305 </td> <td> 724 </td> <td> 1,670 </td> </tr> <tr> <td> Of the initial 2015 cohort, how many <br/> completed the program in four years <br/> or less (by Aug. 31, 2019) </td> <td> 122 </td> <td> 91 </td> <td> 289 </td> <td> 502 </td> </tr> <tr> <td> Of the initial 2015 cohort, how many <br/> completed the program in more than <br/> four years but in five years or less <br/> (after Aug. 31, 2019 and by Aug. 31, <br/> 2020) </td> <td> 118 </td> <td> 59 </td> <td> 119 </td> <td> 296 </td> </tr> <tr> <td> Of the initial 2015 cohort, how many <br/> completed the program in more than <br/> five years but in six years or less <br/> (after Aug. 31, 2020 and by Aug. 31, <br/> 2021) </td> <td> 37 </td> <td> 16 </td> <td> 21 </td> <td> 74 </td> </tr> <tr> <td> Total graduating within six years <br/> (sum of lines D, E, and F) </td> <td> 277 </td> <td> 166 </td> <td> 429 </td> <td> 872 </td> </tr> <tr> <td> Six-year graduation rate for 2015 <br/> cohort (G divided by C) </td> <td> 43.2% </td> <td> 54.4% </td> <td> 59.3% </td> <td> 52.2% </td> </tr> </table>",102368,../data/cds-docs/2021-2022/102368.pdf,2021-2022
B,12,B12,"Initial cohort, total of first-time, full-time degree/certificate-seeking students:","[[{0: '', 1: '2018 Cohort', 2: '2017 Cohort'}, {0: 'Initial cohort, total of first-time, full-time degree/certificate-seeking students:', 1: '', 2: ''}, {0: 'Of the initial cohort, how many did not persist and did not graduate for the\nfollowing reasons:\n• • Death Permanently Disability\n• Service in the armed forces,\n• Foreign aid service of the federal government\n• Official church missions\n• Report total allowable exclusions', 1: '', 2: ''}, {0: 'Final cohort, after adjusting for allowable exclusions:', 1: '0', 2: '0'}, {0: 'Completers of programs of less than two years duration (total):', 1: '', 2: ''}, {0: 'Completers of programs of less than two years within 150 percent of normal\ntime:', 1: '', 2: ''}, {0: 'Completers of programs of at least two but less than four years (total):', 1: '', 2: ''}, {0: 'Completers of programs of at least two but less than four-years within 150\npercent of normal time:', 1: '', 2: ''}, {0: 'Total transfers-out (within three years) to other institutions:', 1: '', 2: ''}, {0: 'Total transfers to two-year institutions:', 1: '', 2: ''}, {0: 'Total transfers to four-year institutions:', 1: '', 2: ''}]]","<table> <tr> <td> </td> <td> 2018 Cohort </td> <td> 2017 Cohort </td> </tr> <tr> <td> Initial cohort, total of first-time, full-time degree/certificate-seeking students: </td> <td> </td> <td> </td> </tr> <tr> <td> Of the initial cohort, how many did not persist and did not graduate for the <br/> following reasons: <br/> • • Death Permanently Disability <br/> • Service in the armed forces, <br/> • Foreign aid service of the federal government <br/> • Official church missions <br/> • Report total allowable exclusions </td> <td> </td> <td> </td> </tr> <tr> <td> Final cohort, after adjusting for allowable exclusions: </td> <td> 0 </td> <td> 0 </td> </tr> <tr> <td> Completers of programs of less than two years duration (total): </td> <td> </td> <td> </td> </tr> <tr> <td> Completers of programs of less than two years within 150 percent of normal <br/> time: </td> <td> </td> <td> </td> </tr> <tr> <td> Completers of programs of at least two but less than four years (total): </td> <td> </td> <td> </td> </tr> <tr> <td> Completers of programs of at least two but less than four-years within 150 <br/> percent of normal time: </td> <td> </td> <td> </td> </tr> <tr> <td> Total transfers-out (within three years) to other institutions: </td> <td> </td> <td> </td> </tr> <tr> <td> Total transfers to two-year institutions: </td> <td> </td> <td> </td> </tr> <tr> <td> Total transfers to four-year institutions: </td> <td> </td> <td> </td> </tr> </table>",102368,../data/cds-docs/2021-2022/102368.pdf,2021-2022
C,1,C1,"First-time, first-year (freshman) students: Provide the number of degree-seeking, first-time, first-year","[[{0: 'Total first-time, first-year', 1: '(freshman)', 2: 'men who applied', 3: '2,405'}, {0: 'Total first-time, first-year', 1: '(freshman)', 2: 'women who applied', 3: '4,361'}], [{0: 'Total first-time, first-year', 1: '(freshman)', 2: 'men who were admitted', 3: '2,249'}, {0: 'Total first-time, first-year', 1: '(freshman)', 2: 'women who were admitted', 3: '4,197'}], [{0: 'Total full-time, first-time, first-year (freshman) men who enrolled', 1: '513'}, {0: 'Total part-time, first-time, first-year (freshman) men who enrolled', 1: '82'}], [{0: 'Total full-time, first-time, first-year (freshman) women who enrolled', 1: '849'}, {0: 'Total part-time, first-time, first-year (freshman) women who enrolled', 1: '152'}], [{0: 'Total first-time, first-year (degree-seeking) who applied', 1: 'Total first-time, first-year (degree-seeking) who applied', 2: 'Total first-time, first-year (degree-seeking) who applied', 3: '6,766'}, {0: 'Total first-time, first-year (degree-seeking) who were admitted', 1: 'Total first-time, first-year (degree-seeking) who were admitted', 2: 'Total first-time, first-year (degree-seeking) who were admitted', 3: '6,446'}, {0: 'Total first-time, first-year', 1: '(degree-seeking)', 2: 'who enrolled', 3: '1,596'}]]","<table> <tr> <td> Total first-time, first-year </td> <td> (freshman) </td> <td> men who applied </td> <td> 2,405 </td> </tr> <tr> <td> Total first-time, first-year </td> <td> (freshman) </td> <td> women who applied </td> <td> 4,361 </td> </tr> </table><div class=""separator""></div><table> <tr> <td> Total first-time, first-year </td> <td> (freshman) </td> <td> men who were admitted </td> <td> 2,249 </td> </tr> <tr> <td> Total first-time, first-year </td> <td> (freshman) </td> <td> women who were admitted </td> <td> 4,197 </td> </tr> </table><div class=""separator""></div><table> <tr> <td> Total full-time, first-time, first-year (freshman) men who enrolled </td> <td> 513 </td> </tr> <tr> <td> Total part-time, first-time, first-year (freshman) men who enrolled </td> <td> 82 </td> </tr> </table><div class=""separator""></div><table> <tr> <td> Total full-time, first-time, first-year (freshman) women who enrolled </td> <td> 849 </td> </tr> <tr> <td> Total part-time, first-time, first-year (freshman) women who enrolled </td> <td> 152 </td> </tr> </table><div class=""separator""></div><table> <tr> <td colspan=""3""> Total first-time, first-year (degree-seeking) who applied </td> <td> 6,766 </td> </tr> <tr> <td colspan=""3""> Total first-time, first-year (degree-seeking) who were admitted </td> <td> 6,446 </td> </tr> <tr> <td> Total first-time, first-year </td> <td> (degree-seeking) </td> <td> who enrolled </td> <td> 1,596 </td> </tr> </table>",102368,../data/cds-docs/2021-2022/102368.pdf,2021-2022
C,2,C2,Freshman wait-listed students,"[[{0: 'WAITING LIST', 1: 'TOTAL'}, {0: 'Number of qualified applicants offered a place on waiting list:', 1: ''}, {0: 'Number accepting a place on the waiting list:', 1: ''}, {0: 'Number of wait-listed students admitted:', 1: ''}]]",<table> <tr> <td> WAITING LIST </td> <td> TOTAL </td> </tr> <tr> <td> Number of qualified applicants offered a place on waiting list: </td> <td> </td> </tr> <tr> <td> Number accepting a place on the waiting list: </td> <td> </td> </tr> <tr> <td> Number of wait-listed students admitted: </td> <td> </td> </tr> </table>,102368,../data/cds-docs/2021-2022/102368.pdf,2021-2022
C,7,C7,"Relative importance of each of the following academic and nonacademic factors in your first-time,","[[{0: '', 1: 'Very Important', 2: 'Important', 3: 'Considered', 4: 'Not Considered'}, {0: 'Academic', 1: 'Academic', 2: 'Academic', 3: 'Academic', 4: 'Academic'}, {0: 'Rigor of secondary school\nrecord', 1: 'X', 2: '', 3: '', 4: ''}, {0: 'Class rank', 1: '', 2: '', 3: '', 4: 'X'}, {0: 'Academic GPA', 1: 'X', 2: '', 3: '', 4: ''}, {0: 'Standardized test scores', 1: 'X', 2: '', 3: '', 4: ''}, {0: 'Application Essay', 1: '', 2: '', 3: '', 4: 'X'}, {0: 'Recommendation(s)', 1: '', 2: '', 3: '', 4: 'X'}, {0: 'Nonacademic', 1: 'Nonacademic', 2: 'Nonacademic', 3: 'Nonacademic', 4: 'Nonacademic'}, {0: 'Interview', 1: '', 2: '', 3: '', 4: 'X'}, {0: 'Extracurricular activities', 1: '', 2: '', 3: '', 4: 'X'}, {0: 'Talent/ability', 1: '', 2: '', 3: '', 4: 'X'}, {0: 'Character/personal qualities', 1: '', 2: '', 3: '', 4: 'X'}, {0: 'First generation', 1: '', 2: '', 3: '', 4: 'X'}, {0: 'Alumni/ae relation', 1: '', 2: '', 3: '', 4: 'X'}, {0: 'Geographical residence', 1: '', 2: '', 3: '', 4: 'X'}, {0: 'State residency', 1: '', 2: '', 3: '', 4: 'X'}, {0: 'Religious affiliation/commitment', 1: '', 2: '', 3: '', 4: 'X'}, {0: 'Racial/ethnic status', 1: '', 2: '', 3: '', 4: 'X'}, {0: 'Volunteer work', 1: '', 2: '', 3: '', 4: 'X'}, {0: 'Work experience', 1: '', 2: '', 3: '', 4: 'X'}, {0: 'Level of applicant’s interest', 1: '', 2: '', 3: '', 4: 'X'}]]","<table> <tr> <td> </td> <td> Very Important </td> <td> Important </td> <td> Considered </td> <td> Not Considered </td> </tr> <tr> <td colspan=""5""> Academic </td> </tr> <tr> <td> Rigor of secondary school <br/> record </td> <td> X </td> <td> </td> <td> </td> <td> </td> </tr> <tr> <td> Class rank </td> <td> </td> <td> </td> <td> </td> <td> X </td> </tr> <tr> <td> Academic GPA </td> <td> X </td> <td> </td> <td> </td> <td> </td> </tr> <tr> <td> Standardized test scores </td> <td> X </td> <td> </td> <td> </td> <td> </td> </tr> <tr> <td> Application Essay </td> <td> </td> <td> </td> <td> </td> <td> X </td> </tr> <tr> <td> Recommendation(s) </td> <td> </td> <td> </td> <td> </td> <td> X </td> </tr> <tr> <td colspan=""5""> Nonacademic </td> </tr> <tr> <td> Interview </td> <td> </td> <td> </td> <td> </td> <td> X </td> </tr> <tr> <td> Extracurricular activities </td> <td> </td> <td> </td> <td> </td> <td> X </td> </tr> <tr> <td> Talent/ability </td> <td> </td> <td> </td> <td> </td> <td> X </td> </tr> <tr> <td> Character/personal qualities </td> <td> </td> <td> </td> <td> </td> <td> X </td> </tr> <tr> <td> First generation </td> <td> </td> <td> </td> <td> </td> <td> X </td> </tr> <tr> <td> Alumni/ae relation </td> <td> </td> <td> </td> <td> </td> <td> X </td> </tr> <tr> <td> Geographical residence </td> <td> </td> <td> </td> <td> </td> <td> X </td> </tr> <tr> <td> State residency </td> <td> </td> <td> </td> <td> </td> <td> X </td> </tr> <tr> <td> Religious affiliation/commitment </td> <td> </td> <td> </td> <td> </td> <td> X </td> </tr> <tr> <td> Racial/ethnic status </td> <td> </td> <td> </td> <td> </td> <td> X </td> </tr> <tr> <td> Volunteer work </td> <td> </td> <td> </td> <td> </td> <td> X </td> </tr> <tr> <td> Work experience </td> <td> </td> <td> </td> <td> </td> <td> X </td> </tr> <tr> <td> Level of applicant’s interest </td> <td> </td> <td> </td> <td> </td> <td> X </td> </tr> </table>",102368,../data/cds-docs/2021-2022/102368.pdf,2021-2022
C,8,C8,"A If yes, place check marks in the appropriate boxes below to reflect your institution’s policies for use in","[[{0: '', 1: 'ADMISSION', 2: 'ADMISSION', 3: 'ADMISSION', 4: 'ADMISSION', 5: 'ADMISSION'}, {0: '', 1: 'Require', 2: 'Recommend', 3: 'Require for Some', 4: 'Consider if\nSubmitted', 5: 'Used Not'}, {0: 'SAT or ACT', 1: 'X', 2: '', 3: '', 4: '', 5: ''}]]","<table> <tr> <td rowspan=""2""> </td> <td colspan=""5""> ADMISSION </td> </tr> <tr> <td> Require </td> <td> Recommend </td> <td> Require for Some </td> <td> Consider if <br/> Submitted </td> <td> Used Not </td> </tr> <tr> <td> SAT or ACT </td> <td> X </td> <td> </td> <td> </td> <td> </td> <td> </td> </tr> </table>",102368,../data/cds-docs/2021-2022/102368.pdf,2021-2022
C,9,C9,"Percent and number of first-time, first-year (freshman) students enrolled in Fall 2021 who submitted","[[{0: '5%', 1: '74'}, {0: '70%', 1: '1,118'}], [{0: 'Assessment', 1: '25th Percentile', 2: '75th Percentile'}, {0: 'SAT Composite', 1: '943', 2: '1,130'}, {0: 'SAT Evidence-Based Reading and\nWriting', 1: '485', 2: '580'}, {0: 'SAT Math', 1: '450', 2: '570'}, {0: 'ACT Composite', 1: '17', 2: '25'}, {0: 'ACT Math', 1: '16', 2: '23'}, {0: 'ACT English', 1: '17', 2: '25'}, {0: 'ACT Writing', 1: '5', 2: '7'}], [{0: 'Score Range', 1: 'SAT Evidence\ufffe\nBased Reading\nand Writing', 2: 'SAT Math'}, {0: '700-800', 1: '2.8%', 2: '4.3%'}, {0: '600-699', 1: '19.7%', 2: '12.9%'}, {0: '500-599', 1: '45.1%', 2: '38.6%'}, {0: '400-499', 1: '32.4%', 2: '38.6%'}, {0: '300-399', 1: '0.0%', 2: '5.7%'}, {0: '200-299', 1: '0.0%', 2: '0.0%'}, {0: 'Totals should = 100%', 1: '100%', 2: '100%'}], [{0: 'Score Range', 1: 'SAT Composite'}, {0: '1400-1600', 1: '2.7%'}, {0: '1200-1399', 1: '9.5%'}, {0: '1000-1199', 1: '41.9%'}, {0: '800-999', 1: '43.2%'}, {0: '600-799', 1: '2.7%'}, {0: '400-599', 1: '0.0%'}, {0: 'Totals should = 100%', 1: '100%'}], [{0: 'Score Range', 1: 'ACT Composite', 2: 'ACT English', 3: 'ACT Math'}, {0: '30-36', 1: '6.2%', 2: '12.4%', 3: '3.3%'}, {0: '24-29', 1: '23.6%', 2: '22.4%', 3: '21.1%'}, {0: '18-23', 1: '44.5%', 2: '36.8%', 3: '32.2%'}, {0: '12-17', 1: '25.6%', 2: '24.8%', 3: '43.2%'}, {0: '6-11', 1: '0.2%', 2: '3.7%', 3: '0.2%'}, {0: 'Below 6', 1: '', 2: '', 3: ''}, {0: 'Totals should = 100%', 1: '100%', 2: '100%', 3: '100%'}]]","<table> <tr> <td> 5% </td> <td> 74 </td> </tr> <tr> <td> 70% </td> <td> 1,118 </td> </tr> </table><div class=""separator""></div><table> <tr> <td> Assessment </td> <td> 25th Percentile </td> <td> 75th Percentile </td> </tr> <tr> <td> SAT Composite </td> <td> 943 </td> <td> 1,130 </td> </tr> <tr> <td> SAT Evidence-Based Reading and <br/> Writing </td> <td> 485 </td> <td> 580 </td> </tr> <tr> <td> SAT Math </td> <td> 450 </td> <td> 570 </td> </tr> <tr> <td> ACT Composite </td> <td> 17 </td> <td> 25 </td> </tr> <tr> <td> ACT Math </td> <td> 16 </td> <td> 23 </td> </tr> <tr> <td> ACT English </td> <td> 17 </td> <td> 25 </td> </tr> <tr> <td> ACT Writing </td> <td> 5 </td> <td> 7 </td> </tr> </table><div class=""separator""></div><table> <tr> <td> Score Range </td> <td> SAT Evidence￾ <br/> Based Reading <br/> and Writing </td> <td> SAT Math </td> </tr> <tr> <td> 700-800 </td> <td> 2.8% </td> <td> 4.3% </td> </tr> <tr> <td> 600-699 </td> <td> 19.7% </td> <td> 12.9% </td> </tr> <tr> <td> 500-599 </td> <td> 45.1% </td> <td> 38.6% </td> </tr> <tr> <td> 400-499 </td> <td> 32.4% </td> <td> 38.6% </td> </tr> <tr> <td> 300-399 </td> <td> 0.0% </td> <td> 5.7% </td> </tr> <tr> <td> 200-299 </td> <td> 0.0% </td> <td> 0.0% </td> </tr> <tr> <td> Totals should = 100% </td> <td> 100% </td> <td> 100% </td> </tr> </table><div class=""separator""></div><table> <tr> <td> Score Range </td> <td> SAT Composite </td> </tr> <tr> <td> 1400-1600 </td> <td> 2.7% </td> </tr> <tr> <td> 1200-1399 </td> <td> 9.5% </td> </tr> <tr> <td> 1000-1199 </td> <td> 41.9% </td> </tr> <tr> <td> 800-999 </td> <td> 43.2% </td> </tr> <tr> <td> 600-799 </td> <td> 2.7% </td> </tr> <tr> <td> 400-599 </td> <td> 0.0% </td> </tr> <tr> <td> Totals should = 100% </td> <td> 100% </td> </tr> </table><div class=""separator""></div><table> <tr> <td> Score Range </td> <td> ACT Composite </td> <td> ACT English </td> <td> ACT Math </td> </tr> <tr> <td> 30-36 </td> <td> 6.2% </td> <td> 12.4% </td> <td> 3.3% </td> </tr> <tr> <td> 24-29 </td> <td> 23.6% </td> <td> 22.4% </td> <td> 21.1% </td> </tr> <tr> <td> 18-23 </td> <td> 44.5% </td> <td> 36.8% </td> <td> 32.2% </td> </tr> <tr> <td> 12-17 </td> <td> 25.6% </td> <td> 24.8% </td> <td> 43.2% </td> </tr> <tr> <td> 6-11 </td> <td> 0.2% </td> <td> 3.7% </td> <td> 0.2% </td> </tr> <tr> <td> Below 6 </td> <td> </td> <td> </td> <td> </td> </tr> <tr> <td> Totals should = 100% </td> <td> 100% </td> <td> 100% </td> <td> 100% </td> </tr> </table>",102368,../data/cds-docs/2021-2022/102368.pdf,2021-2022
C,10,C10,"Percent of all degree-seeking, first-time, first-year (freshman) students who had high school class","[[{0: 'Assessment', 1: 'Percent'}, {0: 'Percent in top tenth of high school graduating class', 1: ''}, {0: 'Percent in top quarter of high school graduating class', 1: ''}, {0: 'Percent in top half of high school graduating class', 1: ''}, {0: 'Percent in bottom half of high school graduating class', 1: ''}, {0: 'Percent in bottom quarter of high school graduating class', 1: ''}, {0: 'Percent of total first-time, first-year (freshmen) students who submitted', 1: ''}]]","<table> <tr> <td> Assessment </td> <td> Percent </td> </tr> <tr> <td> Percent in top tenth of high school graduating class </td> <td> </td> </tr> <tr> <td> Percent in top quarter of high school graduating class </td> <td> </td> </tr> <tr> <td> Percent in top half of high school graduating class </td> <td> </td> </tr> <tr> <td> Percent in bottom half of high school graduating class </td> <td> </td> </tr> <tr> <td> Percent in bottom quarter of high school graduating class </td> <td> </td> </tr> <tr> <td> Percent of total first-time, first-year (freshmen) students who submitted </td> <td> </td> </tr> </table>",102368,../data/cds-docs/2021-2022/102368.pdf,2021-2022
C,11,C11,"Percentage of all enrolled, degree-seeking, first-time, first-year (freshman) students who had high","[[{0: 'Score Range', 1: 'Percent'}, {0: 'Percent who had GPA of 4.0', 1: '26.2%'}, {0: 'Percent who had GPA between 3.75 and 3.99', 1: '14.0%'}, {0: 'Percent who had GPA between 3.50 and 3.74', 1: '14.5%'}, {0: 'Percent who had GPA between 3.25 and 3.49', 1: '12.7%'}, {0: 'Percent who had GPA between 3.00 and 3.24', 1: '10.4%'}, {0: 'Percent who had GPA between 2.50 and 2.99', 1: '15.0%'}, {0: 'Percent who had GPA between 2.0 and 2.49', 1: '6.7%'}, {0: 'Percent who had GPA between 1.0 and 1.99', 1: '0.4%'}, {0: 'Percent who had GPA below 1.0', 1: '0.1%'}, {0: 'Totals should = 100%', 1: '100%'}]]",<table> <tr> <td> Score Range </td> <td> Percent </td> </tr> <tr> <td> Percent who had GPA of 4.0 </td> <td> 26.2% </td> </tr> <tr> <td> Percent who had GPA between 3.75 and 3.99 </td> <td> 14.0% </td> </tr> <tr> <td> Percent who had GPA between 3.50 and 3.74 </td> <td> 14.5% </td> </tr> <tr> <td> Percent who had GPA between 3.25 and 3.49 </td> <td> 12.7% </td> </tr> <tr> <td> Percent who had GPA between 3.00 and 3.24 </td> <td> 10.4% </td> </tr> <tr> <td> Percent who had GPA between 2.50 and 2.99 </td> <td> 15.0% </td> </tr> <tr> <td> Percent who had GPA between 2.0 and 2.49 </td> <td> 6.7% </td> </tr> <tr> <td> Percent who had GPA between 1.0 and 1.99 </td> <td> 0.4% </td> </tr> <tr> <td> Percent who had GPA below 1.0 </td> <td> 0.1% </td> </tr> <tr> <td> Totals should = 100% </td> <td> 100% </td> </tr> </table>,102368,../data/cds-docs/2021-2022/102368.pdf,2021-2022
C,14,C14,Application closing date,"[[{0: '', 1: 'Date'}, {0: 'Application closing date (fall)', 1: ''}, {0: 'Priority Date', 1: ''}]]",<table> <tr> <td> </td> <td> Date </td> </tr> <tr> <td> Application closing date (fall) </td> <td> </td> </tr> <tr> <td> Priority Date </td> <td> </td> </tr> </table>,102368,../data/cds-docs/2021-2022/102368.pdf,2021-2022
D,2,D2,"Provide the number of students who applied, were admitted, and enrolled as degree-seeking transfer","[[{0: '', 1: 'Applicants', 2: 'Admitted\nApplicants', 3: 'Enrolled\nApplicants'}, {0: 'Men', 1: '675', 2: '630', 3: '335'}, {0: 'Women', 1: '1,463', 2: '1,348', 3: '701'}, {0: 'Total', 1: '2,138', 2: '1,978', 3: '1,036'}]]","<table> <tr> <td> </td> <td> Applicants </td> <td> Admitted <br/> Applicants </td> <td> Enrolled <br/> Applicants </td> </tr> <tr> <td> Men </td> <td> 675 </td> <td> 630 </td> <td> 335 </td> </tr> <tr> <td> Women </td> <td> 1,463 </td> <td> 1,348 </td> <td> 701 </td> </tr> <tr> <td> Total </td> <td> 2,138 </td> <td> 1,978 </td> <td> 1,036 </td> </tr> </table>",102368,../data/cds-docs/2021-2022/102368.pdf,2021-2022
D,9,D9,Rolling,"[[{0: '', 1: 'Priority Date', 2: 'Closing Date', 3: 'Notification Date', 4: 'Reply Date', 5: 'Rolling\nAdmission'}, {0: 'Fall', 1: '', 2: '', 3: '', 4: '', 5: 'X'}, {0: 'Winter', 1: '', 2: '', 3: '', 4: '', 5: ''}, {0: 'Spring', 1: '', 2: '', 3: '', 4: '', 5: 'X'}, {0: 'Summer', 1: '', 2: '', 3: '', 4: '', 5: 'X'}]]",<table> <tr> <td> </td> <td> Priority Date </td> <td> Closing Date </td> <td> Notification Date </td> <td> Reply Date </td> <td> Rolling <br/> Admission </td> </tr> <tr> <td> Fall </td> <td> </td> <td> </td> <td> </td> <td> </td> <td> X </td> </tr> <tr> <td> Winter </td> <td> </td> <td> </td> <td> </td> <td> </td> <td> </td> </tr> <tr> <td> Spring </td> <td> </td> <td> </td> <td> </td> <td> </td> <td> X </td> </tr> <tr> <td> Summer </td> <td> </td> <td> </td> <td> </td> <td> </td> <td> X </td> </tr> </table>,102368,../data/cds-docs/2021-2022/102368.pdf,2021-2022
F,1,F1,"Percentages of first-time, first-year (freshman) degree-seeking students and degree-","[[{0: '', 1: 'First-time, first\ufffe\nyear (freshman)\nstudents', 2: 'Undergraduates'}, {0: 'Percent who are from out of state (exclude\ninternational/nonresident aliens from the numerator\nand denominator)', 1: '21%', 2: '28%'}, {0: 'Percent of men who join fraternities', 1: '15%', 2: '12%'}, {0: 'Percent of women who join sororities', 1: '22%', 2: '13%'}, {0: 'Percent who live in college-owned, -operated, or -\naffiliated housing', 1: '62%', 2: '16%'}, {0: 'Percent who live off campus or commute', 1: '38%', 2: '84%'}, {0: 'Percent of students age 25 and older', 1: '9%', 2: '36%'}, {0: 'Average age of full-time students', 1: '19', 2: '23'}, {0: 'Average age of all students (full- and part-time)', 1: '20', 2: '26'}]]","<table> <tr> <td> </td> <td> First-time, first￾ <br/> year (freshman) <br/> students </td> <td> Undergraduates </td> </tr> <tr> <td> Percent who are from out of state (exclude <br/> international/nonresident aliens from the numerator <br/> and denominator) </td> <td> 21% </td> <td> 28% </td> </tr> <tr> <td> Percent of men who join fraternities </td> <td> 15% </td> <td> 12% </td> </tr> <tr> <td> Percent of women who join sororities </td> <td> 22% </td> <td> 13% </td> </tr> <tr> <td> Percent who live in college-owned, -operated, or - <br/> affiliated housing </td> <td> 62% </td> <td> 16% </td> </tr> <tr> <td> Percent who live off campus or commute </td> <td> 38% </td> <td> 84% </td> </tr> <tr> <td> Percent of students age 25 and older </td> <td> 9% </td> <td> 36% </td> </tr> <tr> <td> Average age of full-time students </td> <td> 19 </td> <td> 23 </td> </tr> <tr> <td> Average age of all students (full- and part-time) </td> <td> 20 </td> <td> 26 </td> </tr> </table>",102368,../data/cds-docs/2021-2022/102368.pdf,2021-2022
F,3,F3,ROTC (program offered in cooperation with Reserve Officers' Training Corps),"[[{0: '', 1: 'On Campus', 2: 'At Cooperating\nInstitution', 3: 'Name of Cooperating\nInstitution'}, {0: 'Army ROTC is offered:', 1: 'X', 2: 'X', 3: 'Auburn University at Montgomery'}, {0: 'Naval ROTC is offered:', 1: '', 2: '', 3: ''}, {0: 'Air Force ROTC is offered:', 1: 'X', 2: 'X', 3: 'Alabama State University'}]]",<table> <tr> <td> </td> <td> On Campus </td> <td> At Cooperating <br/> Institution </td> <td> Name of Cooperating <br/> Institution </td> </tr> <tr> <td> Army ROTC is offered: </td> <td> X </td> <td> X </td> <td> Auburn University at Montgomery </td> </tr> <tr> <td> Naval ROTC is offered: </td> <td> </td> <td> </td> <td> </td> </tr> <tr> <td> Air Force ROTC is offered: </td> <td> X </td> <td> X </td> <td> Alabama State University </td> </tr> </table>,102368,../data/cds-docs/2021-2022/102368.pdf,2021-2022
G,1,G1,First-Year Undergraduates,"[[{0: '', 1: 'First-Year', 2: 'Undergraduates'}, {0: 'PRIVATE INSTITUTIONS', 1: '', 2: ''}, {0: 'Tuition:', 1: '', 2: ''}, {0: 'PUBLIC INSTITUTIONS', 1: '', 2: ''}, {0: 'Tuition: In-district', 1: '$11,640', 2: '$11,640'}, {0: 'Tuition: In-state (out-of-district):', 1: '$11,640', 2: '$11,640'}, {0: 'Tuition: Out-of-state:', 1: '$23,280', 2: '$23,280'}, {0: 'Tuition: Non-resident alien', 1: '$23,280', 2: '$23,280'}, {0: 'FOR ALL INSTITUTIONS', 1: 'FOR ALL INSTITUTIONS', 2: 'FOR ALL INSTITUTIONS'}, {0: 'Required Fees', 1: '', 2: ''}, {0: 'Room and Board (on-campus):', 1: '$7,599', 2: '$7,599'}, {0: 'Room Only (on-campus):', 1: '$3,920', 2: '$3,920'}, {0: 'Board Only (on-campus meal plan):', 1: '$3,679', 2: '$3,679'}]]","<table> <tr> <td> </td> <td> First-Year </td> <td> Undergraduates </td> </tr> <tr> <td> PRIVATE INSTITUTIONS </td> <td> </td> <td> </td> </tr> <tr> <td> Tuition: </td> <td> </td> <td> </td> </tr> <tr> <td> PUBLIC INSTITUTIONS </td> <td> </td> <td> </td> </tr> <tr> <td> Tuition: In-district </td> <td> $11,640 </td> <td> $11,640 </td> </tr> <tr> <td> Tuition: In-state (out-of-district): </td> <td> $11,640 </td> <td> $11,640 </td> </tr> <tr> <td> Tuition: Out-of-state: </td> <td> $23,280 </td> <td> $23,280 </td> </tr> <tr> <td> Tuition: Non-resident alien </td> <td> $23,280 </td> <td> $23,280 </td> </tr> <tr> <td colspan=""3""> FOR ALL INSTITUTIONS </td> </tr> <tr> <td> Required Fees </td> <td> </td> <td> </td> </tr> <tr> <td> Room and Board (on-campus): </td> <td> $7,599 </td> <td> $7,599 </td> </tr> <tr> <td> Room Only (on-campus): </td> <td> $3,920 </td> <td> $3,920 </td> </tr> <tr> <td> Board Only (on-campus meal plan): </td> <td> $3,679 </td> <td> $3,679 </td> </tr> </table>",102368,../data/cds-docs/2021-2022/102368.pdf,2021-2022
G,5,G5,Provide the estimated expenses for a typical full-time undergraduate student:,"[[{0: '', 1: 'Residents', 2: 'Commuters\n(living at home)', 3: 'Commuters\n(not living at home)'}, {0: 'Books and supplies:', 1: '$1,300', 2: '$1,300', 3: '$1,300'}, {0: 'Room only:', 1: '', 2: '', 3: ''}, {0: 'Board only:', 1: '', 2: '$3,593', 3: ''}, {0: 'Room and board total*', 1: '', 2: '', 3: '$7,586'}, {0: 'Transportation:', 1: '$1,766', 2: '$3,766', 3: '$3,766'}, {0: 'Other expenses:', 1: '$3,000', 2: '$3,000', 3: '$3,000'}]]","<table> <tr> <td> </td> <td> Residents </td> <td> Commuters <br/> (living at home) </td> <td> Commuters <br/> (not living at home) </td> </tr> <tr> <td> Books and supplies: </td> <td> $1,300 </td> <td> $1,300 </td> <td> $1,300 </td> </tr> <tr> <td> Room only: </td> <td> </td> <td> </td> <td> </td> </tr> <tr> <td> Board only: </td> <td> </td> <td> $3,593 </td> <td> </td> </tr> <tr> <td> Room and board total* </td> <td> </td> <td> </td> <td> $7,586 </td> </tr> <tr> <td> Transportation: </td> <td> $1,766 </td> <td> $3,766 </td> <td> $3,766 </td> </tr> <tr> <td> Other expenses: </td> <td> $3,000 </td> <td> $3,000 </td> <td> $3,000 </td> </tr> </table>",102368,../data/cds-docs/2021-2022/102368.pdf,2021-2022
H,2,H2,Number of Enrolled Students Awarded Aid: List the number of degree-seeking full-time and less-than-,"[[{0: '', 1: '', 2: 'First-time Full\ufffe\ntime Freshmen', 3: 'Full-time\nUndergrad\n(Incl. Fresh)', 4: 'Less Full-time Than\nUndergrad'}, {0: 'A', 1: 'Number of degree-seeking undergraduate students\n(CDS Item B1 if reporting on Fall 2021 cohort)', 2: '1,527', 3: '8,168', 4: '4,126'}, {0: 'B', 1: 'Number of students in line a who applied for need\ufffe\nbased financial aid', 2: '1,251', 3: '5,978', 4: '2,309'}, {0: 'C', 1: 'Number of students in line b who were determined to\nhave financial need', 2: '1,039', 3: '5,258', 4: '2,227'}, {0: 'D', 1: 'Number of students in line c who were awarded any\nfinancial aid', 2: '1,039', 3: '5,258', 4: '2,227'}, {0: 'E', 1: 'Number of students in line d who were awarded any\nneed-based scholarship or grant aid', 2: '652', 3: '3,511', 4: '1,609'}, {0: 'F', 1: 'Number of students in line d who were awarded any\nneed-based self-help aid', 2: '1,023', 3: '5,192', 4: '2,167'}, {0: 'G', 1: 'Number of students in line d who were awarded any\nnon-need-based scholarship or grant aid', 2: '663', 3: '2,500', 4: '593'}, {0: 'H', 1: 'Number of students in line d whose need was fully met\n(exclude PLUS loans, unsubsidized loans, and private\nalternative loans)', 2: '', 3: '', 4: ''}], [{0: '', 1: '', 2: 'First-time\nFull-time\nFreshmen', 3: 'Full-time\nUndergrad\n(Incl. Fresh.)', 4: 'Less Full-time Than\nUndergrad'}, {0: 'N', 1: 'Number of students in line a who had no financial need\nand who were awarded institutional non-need-based\nscholarship or grant aid (exclude those who were\nawarded athletic awards and tuition benefits)', 2: '175', 3: '454', 4: '17'}, {0: 'O', 1: 'Average dollar amount of institutional non-need-based\nscholarship and grant aid awarded to students in line n', 2: '$ 4,278', 3: '$ 4,275', 4: '$ 834'}, {0: 'P', 1: 'Number of students in line a who were awarded an\ninstitutional non-need-based athletic scholarship or\ngrant', 2: '70', 3: '308', 4: '7'}, {0: 'Q', 1: 'Average dollar amount of institutional non-need-based\nathletic scholarships and grants awarded to students in\nline p', 2: '$ 5,150', 3: '$ 5,129', 4: '$ 3,502'}]]","<table> <tr> <td> </td> <td> </td> <td> First-time Full￾ <br/> time Freshmen </td> <td> Full-time <br/> Undergrad <br/> (Incl. Fresh) </td> <td> Less Full-time Than <br/> Undergrad </td> </tr> <tr> <td> A </td> <td> Number of degree-seeking undergraduate students <br/> (CDS Item B1 if reporting on Fall 2021 cohort) </td> <td> 1,527 </td> <td> 8,168 </td> <td> 4,126 </td> </tr> <tr> <td> B </td> <td> Number of students in line a who applied for need￾ <br/> based financial aid </td> <td> 1,251 </td> <td> 5,978 </td> <td> 2,309 </td> </tr> <tr> <td> C </td> <td> Number of students in line b who were determined to <br/> have financial need </td> <td> 1,039 </td> <td> 5,258 </td> <td> 2,227 </td> </tr> <tr> <td> D </td> <td> Number of students in line c who were awarded any <br/> financial aid </td> <td> 1,039 </td> <td> 5,258 </td> <td> 2,227 </td> </tr> <tr> <td> E </td> <td> Number of students in line d who were awarded any <br/> need-based scholarship or grant aid </td> <td> 652 </td> <td> 3,511 </td> <td> 1,609 </td> </tr> <tr> <td> F </td> <td> Number of students in line d who were awarded any <br/> need-based self-help aid </td> <td> 1,023 </td> <td> 5,192 </td> <td> 2,167 </td> </tr> <tr> <td> G </td> <td> Number of students in line d who were awarded any <br/> non-need-based scholarship or grant aid </td> <td> 663 </td> <td> 2,500 </td> <td> 593 </td> </tr> <tr> <td> H </td> <td> Number of students in line d whose need was fully met <br/> (exclude PLUS loans, unsubsidized loans, and private <br/> alternative loans) </td> <td> </td> <td> </td> <td> </td> </tr> </table><div class=""separator""></div><table> <tr> <td> </td> <td> </td> <td> First-time <br/> Full-time <br/> Freshmen </td> <td> Full-time <br/> Undergrad <br/> (Incl. Fresh.) </td> <td> Less Full-time Than <br/> Undergrad </td> </tr> <tr> <td> N </td> <td> Number of students in line a who had no financial need <br/> and who were awarded institutional non-need-based <br/> scholarship or grant aid (exclude those who were <br/> awarded athletic awards and tuition benefits) </td> <td> 175 </td> <td> 454 </td> <td> 17 </td> </tr> <tr> <td> O </td> <td> Average dollar amount of institutional non-need-based <br/> scholarship and grant aid awarded to students in line n </td> <td> $ 4,278 </td> <td> $ 4,275 </td> <td> $ 834 </td> </tr> <tr> <td> P </td> <td> Number of students in line a who were awarded an <br/> institutional non-need-based athletic scholarship or <br/> grant </td> <td> 70 </td> <td> 308 </td> <td> 7 </td> </tr> <tr> <td> Q </td> <td> Average dollar amount of institutional non-need-based <br/> athletic scholarships and grants awarded to students in <br/> line p </td> <td> $ 5,150 </td> <td> $ 5,129 </td> <td> $ 3,502 </td> </tr> </table>",102368,../data/cds-docs/2021-2022/102368.pdf,2021-2022
H,5,H5,"Number and percent of students in class (defined in H4 above) borrowing from federal, non-federal,","[[{0: 'Source/Type of Loan', 1: 'Source/Type of Loan', 2: 'Number in the\nclass (defined\nin H4 above)\nwho borrowed\nfrom the types\nof loans\nspecified in the\nfirst column', 3: 'Percent of the\nclass (defined\nabove) who\nborrowed from\nthe types of\nloans specified\nin column the first\n(nearest 1%)', 4: 'Average per\ufffe\nundergraduate\ufffe\nborrower\ncumulative\nprincipal\nborrowed from\nthe types of\nloans specified\nin column the first\n(nearest $1)'}, {0: 'A', 1: 'Any loan program: Federal Perkins, Federal Stafford\nSubsidized and Unsubsidized, institutional, state,\nprivate loans that your institution is aware of, etc.\nInclude both Federal Direct Student Loans and Federal\nFamily Education Loans.', 2: '686', 3: '63%', 4: '$27,549'}, {0: 'B', 1: 'Federal loan programs: Federal Perkins, Federal\nStafford Subsidized and Unsubsidized. Include both\nFederal Direct Student Loans and Federal Family\nEducation Loans.', 2: '686', 3: '63%', 4: '$27,549'}, {0: 'C', 1: 'Institutional loan programs.', 2: '', 3: '', 4: ''}, {0: 'D', 1: 'State loan programs.', 2: '', 3: '', 4: ''}, {0: 'E', 1: 'Private student loans made by a bank or lender.', 2: '127', 3: '12%', 4: '$24,717'}]]","<table> <tr> <td colspan=""2""> Source/Type of Loan </td> <td> Number in the <br/> class (defined <br/> in H4 above) <br/> who borrowed <br/> from the types <br/> of loans <br/> specified in the <br/> first column </td> <td> Percent of the <br/> class (defined <br/> above) who <br/> borrowed from <br/> the types of <br/> loans specified <br/> in column the first <br/> (nearest 1%) </td> <td> Average per￾ <br/> undergraduate￾ <br/> borrower <br/> cumulative <br/> principal <br/> borrowed from <br/> the types of <br/> loans specified <br/> in column the first <br/> (nearest $1) </td> </tr> <tr> <td> A </td> <td> Any loan program: Federal Perkins, Federal Stafford <br/> Subsidized and Unsubsidized, institutional, state, <br/> private loans that your institution is aware of, etc. <br/> Include both Federal Direct Student Loans and Federal <br/> Family Education Loans. </td> <td> 686 </td> <td> 63% </td> <td> $27,549 </td> </tr> <tr> <td> B </td> <td> Federal loan programs: Federal Perkins, Federal <br/> Stafford Subsidized and Unsubsidized. Include both <br/> Federal Direct Student Loans and Federal Family <br/> Education Loans. </td> <td> 686 </td> <td> 63% </td> <td> $27,549 </td> </tr> <tr> <td> C </td> <td> Institutional loan programs. </td> <td> </td> <td> </td> <td> </td> </tr> <tr> <td> D </td> <td> State loan programs. </td> <td> </td> <td> </td> <td> </td> </tr> <tr> <td> E </td> <td> Private student loans made by a bank or lender. </td> <td> 127 </td> <td> 12% </td> <td> $24,717 </td> </tr> </table>",102368,../data/cds-docs/2021-2022/102368.pdf,2021-2022
H,11,H11,Indicate reply dates:,"[[{0: 'Students must reply by (date):', 1: ''}, {0: 'or within _______ weeks of notification.', 1: '2 weeks'}]]",<table> <tr> <td> Students must reply by (date): </td> <td> </td> </tr> <tr> <td> or within _______ weeks of notification. </td> <td> 2 weeks </td> </tr> </table>,102368,../data/cds-docs/2021-2022/102368.pdf,2021-2022
H,14,H14,Check off criteria used in awarding institutional aid. Check all that apply.,"[[{0: '', 1: 'Non-Need Based', 2: 'Need-Based'}, {0: 'Academics', 1: 'X', 2: 'X'}, {0: 'Alumni affiliation', 1: '', 2: ''}, {0: 'Art', 1: '', 2: ''}, {0: 'Athletics', 1: 'X', 2: 'X'}, {0: 'Job skills', 1: '', 2: ''}, {0: 'ROTC', 1: 'X', 2: ''}, {0: 'Leadership', 1: 'X', 2: 'X'}, {0: 'Minority status', 1: 'X', 2: ''}, {0: 'Music/drama', 1: 'X', 2: ''}, {0: 'Religious affiliation', 1: '', 2: ''}, {0: 'State/district residency', 1: '', 2: 'X'}]]",<table> <tr> <td> </td> <td> Non-Need Based </td> <td> Need-Based </td> </tr> <tr> <td> Academics </td> <td> X </td> <td> X </td> </tr> <tr> <td> Alumni affiliation </td> <td> </td> <td> </td> </tr> <tr> <td> Art </td> <td> </td> <td> </td> </tr> <tr> <td> Athletics </td> <td> X </td> <td> X </td> </tr> <tr> <td> Job skills </td> <td> </td> <td> </td> </tr> <tr> <td> ROTC </td> <td> X </td> <td> </td> </tr> <tr> <td> Leadership </td> <td> X </td> <td> X </td> </tr> <tr> <td> Minority status </td> <td> X </td> <td> </td> </tr> <tr> <td> Music/drama </td> <td> X </td> <td> </td> </tr> <tr> <td> Religious affiliation </td> <td> </td> <td> </td> </tr> <tr> <td> State/district residency </td> <td> </td> <td> X </td> </tr> </table>,102368,../data/cds-docs/2021-2022/102368.pdf,2021-2022
J,1,J1,"Degrees conferred between July 1, 2020 and June 30, C6:E39","[[{0: 'Category', 1: 'Diploma/Certificates', 2: 'Associate', 3: 'Bachelor’s', 4: 'CIP 2020 Categories\nto Include'}, {0: 'Agriculture', 1: '', 2: '', 3: '', 4: '01'}, {0: 'Natural resources and conservation', 1: '0.00%', 2: '0.00%', 3: '0.34%', 4: '03'}, {0: 'Architecture', 1: '', 2: '', 3: '', 4: '04'}, {0: 'Area, ethnic, and gender studies', 1: '', 2: '', 3: '', 4: '05'}, {0: 'Communication/journalism', 1: '0.00%', 2: '0.00%', 3: '3.96%', 4: '09'}, {0: 'Communication technologies', 1: '', 2: '', 3: '', 4: '10'}, {0: 'Computer and information sciences', 1: '0.00%', 2: '0.29%', 3: '5.89%', 4: '11'}, {0: 'Personal and culinary services', 1: '', 2: '', 3: '', 4: '12'}, {0: 'Education', 1: '0.00%', 2: '0.00%', 3: '5.85%', 4: '13'}, {0: 'Engineering', 1: '', 2: '', 3: '', 4: '14'}, {0: 'Engineering technologies', 1: '0.00%', 2: '0.00%', 3: '0.34%', 4: '15'}, {0: 'Foreign languages, literatures, and linguistics', 1: '0.00%', 2: '0.00%', 3: '0.77%', 4: '16'}, {0: 'Family and consumer sciences', 1: '', 2: '', 3: '', 4: '19'}, {0: 'Law/legal studies', 1: '', 2: '', 3: '', 4: '22'}, {0: 'English', 1: '0.00%', 2: '0.00%', 3: '1.16%', 4: '23'}, {0: 'Liberal arts/general studies', 1: '0.00%', 2: '79.53%', 3: '0.04%', 4: '24'}, {0: 'Library science', 1: '', 2: '', 3: '', 4: '25'}, {0: 'Biological/life sciences', 1: '0.00%', 2: '0.00%', 3: '3.61%', 4: '26'}, {0: 'Mathematics and statistics', 1: '0.00%', 2: '0.00%', 3: '0.56%', 4: '27'}, {0: 'Military science and military technologies', 1: '', 2: '', 3: '', 4: '28 & 29'}, {0: 'Interdisciplinary studies', 1: '0.00%', 2: '0.00%', 3: '5.12%', 4: '30'}, {0: 'Parks and recreation', 1: '0.00%', 2: '0.00%', 3: '2.41%', 4: '31'}, {0: 'Philosophy and religious studies', 1: '', 2: '', 3: '', 4: '38'}, {0: 'Theology and religious vocations', 1: '', 2: '', 3: '', 4: '39'}, {0: 'Physical sciences', 1: '0.00%', 2: '0.00%', 3: '0.82%', 4: '40'}, {0: 'Science technologies', 1: '', 2: '', 3: '', 4: '41'}, {0: 'Psychology', 1: '0.00%', 2: '0.00%', 3: '11.65%', 4: '42'}, {0: 'Homeland Security, law enforcement, firefighting,\nand protective services', 1: '100.00%', 2: '0.00%', 3: '7.95%', 4: '43'}, {0: 'Public administration and social services', 1: '0.00%', 2: '0.00%', 3: '10.02%', 4: '44'}, {0: 'Social sciences', 1: '0.00%', 2: '0.00%', 3: '5.55%', 4: '45'}, {0: 'Construction trades', 1: '', 2: '', 3: '', 4: '46'}, {0: 'Mechanic and repair technologies', 1: '', 2: '', 3: '', 4: '47'}, {0: 'Precision production', 1: '', 2: '', 3: '', 4: '48'}, {0: 'Transportation and materials moving', 1: '', 2: '', 3: '', 4: '49'}, {0: 'Visual and performing arts', 1: '0.00%', 2: '0.00%', 3: '2.32%', 4: '50'}, {0: 'Health professions and related programs', 1: '0.00%', 2: '20.18%', 3: '7.61%', 4: '51'}, {0: 'Business/marketing', 1: '0.00%', 2: '0.00%', 3: '22.70%', 4: '52'}, {0: 'History', 1: '0.00%', 2: '0.00%', 3: '1.33%', 4: '54'}, {0: 'Other', 1: '', 2: '', 3: '', 4: ''}, {0: 'TOTAL (should = 100%)', 1: '100%', 2: '100%', 3: '100%', 4: ''}]]","<table> <tr> <td> Category </td> <td> Diploma/Certificates </td> <td> Associate </td> <td> Bachelor’s </td> <td> CIP 2020 Categories <br/> to Include </td> </tr> <tr> <td> Agriculture </td> <td> </td> <td> </td> <td> </td> <td> 01 </td> </tr> <tr> <td> Natural resources and conservation </td> <td> 0.00% </td> <td> 0.00% </td> <td> 0.34% </td> <td> 03 </td> </tr> <tr> <td> Architecture </td> <td> </td> <td> </td> <td> </td> <td> 04 </td> </tr> <tr> <td> Area, ethnic, and gender studies </td> <td> </td> <td> </td> <td> </td> <td> 05 </td> </tr> <tr> <td> Communication/journalism </td> <td> 0.00% </td> <td> 0.00% </td> <td> 3.96% </td> <td> 09 </td> </tr> <tr> <td> Communication technologies </td> <td> </td> <td> </td> <td> </td> <td> 10 </td> </tr> <tr> <td> Computer and information sciences </td> <td> 0.00% </td> <td> 0.29% </td> <td> 5.89% </td> <td> 11 </td> </tr> <tr> <td> Personal and culinary services </td> <td> </td> <td> </td> <td> </td> <td> 12 </td> </tr> <tr> <td> Education </td> <td> 0.00% </td> <td> 0.00% </td> <td> 5.85% </td> <td> 13 </td> </tr> <tr> <td> Engineering </td> <td> </td> <td> </td> <td> </td> <td> 14 </td> </tr> <tr> <td> Engineering technologies </td> <td> 0.00% </td> <td> 0.00% </td> <td> 0.34% </td> <td> 15 </td> </tr> <tr> <td> Foreign languages, literatures, and linguistics </td> <td> 0.00% </td> <td> 0.00% </td> <td> 0.77% </td> <td> 16 </td> </tr> <tr> <td> Family and consumer sciences </td> <td> </td> <td> </td> <td> </td> <td> 19 </td> </tr> <tr> <td> Law/legal studies </td> <td> </td> <td> </td> <td> </td> <td> 22 </td> </tr> <tr> <td> English </td> <td> 0.00% </td> <td> 0.00% </td> <td> 1.16% </td> <td> 23 </td> </tr> <tr> <td> Liberal arts/general studies </td> <td> 0.00% </td> <td> 79.53% </td> <td> 0.04% </td> <td> 24 </td> </tr> <tr> <td> Library science </td> <td> </td> <td> </td> <td> </td> <td> 25 </td> </tr> <tr> <td> Biological/life sciences </td> <td> 0.00% </td> <td> 0.00% </td> <td> 3.61% </td> <td> 26 </td> </tr> <tr> <td> Mathematics and statistics </td> <td> 0.00% </td> <td> 0.00% </td> <td> 0.56% </td> <td> 27 </td> </tr> <tr> <td> Military science and military technologies </td> <td> </td> <td> </td> <td> </td> <td> 28 &amp; 29 </td> </tr> <tr> <td> Interdisciplinary studies </td> <td> 0.00% </td> <td> 0.00% </td> <td> 5.12% </td> <td> 30 </td> </tr> <tr> <td> Parks and recreation </td> <td> 0.00% </td> <td> 0.00% </td> <td> 2.41% </td> <td> 31 </td> </tr> <tr> <td> Philosophy and religious studies </td> <td> </td> <td> </td> <td> </td> <td> 38 </td> </tr> <tr> <td> Theology and religious vocations </td> <td> </td> <td> </td> <td> </td> <td> 39 </td> </tr> <tr> <td> Physical sciences </td> <td> 0.00% </td> <td> 0.00% </td> <td> 0.82% </td> <td> 40 </td> </tr> <tr> <td> Science technologies </td> <td> </td> <td> </td> <td> </td> <td> 41 </td> </tr> <tr> <td> Psychology </td> <td> 0.00% </td> <td> 0.00% </td> <td> 11.65% </td> <td> 42 </td> </tr> <tr> <td> Homeland Security, law enforcement, firefighting, <br/> and protective services </td> <td> 100.00% </td> <td> 0.00% </td> <td> 7.95% </td> <td> 43 </td> </tr> <tr> <td> Public administration and social services </td> <td> 0.00% </td> <td> 0.00% </td> <td> 10.02% </td> <td> 44 </td> </tr> <tr> <td> Social sciences </td> <td> 0.00% </td> <td> 0.00% </td> <td> 5.55% </td> <td> 45 </td> </tr> <tr> <td> Construction trades </td> <td> </td> <td> </td> <td> </td> <td> 46 </td> </tr> <tr> <td> Mechanic and repair technologies </td> <td> </td> <td> </td> <td> </td> <td> 47 </td> </tr> <tr> <td> Precision production </td> <td> </td> <td> </td> <td> </td> <td> 48 </td> </tr> <tr> <td> Transportation and materials moving </td> <td> </td> <td> </td> <td> </td> <td> 49 </td> </tr> <tr> <td> Visual and performing arts </td> <td> 0.00% </td> <td> 0.00% </td> <td> 2.32% </td> <td> 50 </td> </tr> <tr> <td> Health professions and related programs </td> <td> 0.00% </td> <td> 20.18% </td> <td> 7.61% </td> <td> 51 </td> </tr> <tr> <td> Business/marketing </td> <td> 0.00% </td> <td> 0.00% </td> <td> 22.70% </td> <td> 52 </td> </tr> <tr> <td> History </td> <td> 0.00% </td> <td> 0.00% </td> <td> 1.33% </td> <td> 54 </td> </tr> <tr> <td> Other </td> <td> </td> <td> </td> <td> </td> <td> </td> </tr> <tr> <td> TOTAL (should = 100%) </td> <td> 100% </td> <td> 100% </td> <td> 100% </td> <td> </td> </tr> </table>",102368,../data/cds-docs/2021-2022/102368.pdf,2021-2022
