section,table_num,table_code,table_title,table_records,table_html,unitid,file,year
B,1,B1,Institutional Enrollment - Males and Females,"[[{0: 'Undergraduate Students: Full-Time', 1: 'Males', 2: 'Females', 3: 'Unknown'}, {0: 'Degree-seeking, first-time first-year\nstudents', 1: '445', 2: '424', 3: '0'}, {0: 'Other first-year, degree-seeking', 1: '377', 2: '438', 3: '0'}, {0: 'All other degree-seeking', 1: '1,579', 2: '1,792', 3: ''}, {0: 'Total degree-seeking', 1: '2,401', 2: '2,654', 3: '0'}, {0: 'All other undergraduates enrolled in credit\ncourses', 1: '1', 2: '1', 3: ''}, {0: 'Total Undergraduate Full-Time Students', 1: '2,402', 2: '2,655', 3: '0'}], [{0: 'Undergraduate Students: Part-Time', 1: 'Males', 2: 'Females', 3: 'Unknown'}, {0: 'Degree-seeking, first-time first-year\nstudents', 1: '8', 2: '15', 3: '0'}, {0: 'Other first-year, degree-seeking', 1: '36', 2: '37', 3: '0'}, {0: 'All other degree-seeking', 1: '222', 2: '245', 3: '0'}, {0: 'Total degree-seeking', 1: '266', 2: '297', 3: '0'}, {0: 'All other undergraduates enrolled in credit\ncourses', 1: '26', 2: '31', 3: '0'}, {0: 'Total Undergraduate Part-Time Students', 1: '292', 2: '328', 3: '0'}], [{0: 'Undergraduate Students: All', 1: 'Males', 2: 'Females', 3: 'Unknown'}, {0: 'Total Undergraduate Students', 1: '2,694', 2: '2,983', 3: '0'}], [{0: 'Graduate Students: Full-Time Males', 1: 'Graduate Students: Full-Time Males', 2: 'Females', 3: 'Unknown'}, {0: 'Degree-seeking, first-time', 1: '86', 2: '152', 3: '0'}, {0: 'All other degree-seeking', 1: '69', 2: '123', 3: '0'}, {0: 'All other graduates enrolled in credit\ncourses', 1: '1', 2: '2', 3: '0'}, {0: 'Total Graduate Full-Time Students', 1: '156', 2: '277', 3: '0'}], [{0: 'Graduate Students: Part-Time Males', 1: 'Graduate Students: Part-Time Males', 2: 'Females', 3: 'Unknown'}, {0: 'Degree-seeking, first-time', 1: '15', 2: '20', 3: '0'}, {0: 'All other degree-seeking', 1: '38', 2: '84', 3: '0'}, {0: 'All other graduates enrolled in credit\ncourses', 1: '1', 2: '8', 3: '0'}, {0: 'Total Graduate Part-Time Students', 1: '54', 2: '112', 3: '0'}], [{0: 'Graduate Students: All', 1: 'Males', 2: 'Females', 3: 'Unknown'}, {0: 'Total Graduate Students', 1: '210', 2: '389', 3: '0'}], [{0: 'All Students: Total', 1: 'Males', 2: 'Females', 3: 'Unknown'}, {0: 'Total Full-Time Students', 1: '2,558', 2: '2,932', 3: '0'}, {0: 'Total Part-Time Students', 1: '346', 2: '440', 3: '0'}, {0: 'Total All students', 1: '2,904', 2: '3,372', 3: '0'}]]","<table> <tr> <td> Undergraduate Students: Full-Time </td> <td> Males </td> <td> Females </td> <td> Unknown </td> </tr> <tr> <td> Degree-seeking, first-time first-year <br/> students </td> <td> 445 </td> <td> 424 </td> <td> 0 </td> </tr> <tr> <td> Other first-year, degree-seeking </td> <td> 377 </td> <td> 438 </td> <td> 0 </td> </tr> <tr> <td> All other degree-seeking </td> <td> 1,579 </td> <td> 1,792 </td> <td> </td> </tr> <tr> <td> Total degree-seeking </td> <td> 2,401 </td> <td> 2,654 </td> <td> 0 </td> </tr> <tr> <td> All other undergraduates enrolled in credit <br/> courses </td> <td> 1 </td> <td> 1 </td> <td> </td> </tr> <tr> <td> Total Undergraduate Full-Time Students </td> <td> 2,402 </td> <td> 2,655 </td> <td> 0 </td> </tr> </table><div class=""separator""></div><table> <tr> <td> Undergraduate Students: Part-Time </td> <td> Males </td> <td> Females </td> <td> Unknown </td> </tr> <tr> <td> Degree-seeking, first-time first-year <br/> students </td> <td> 8 </td> <td> 15 </td> <td> 0 </td> </tr> <tr> <td> Other first-year, degree-seeking </td> <td> 36 </td> <td> 37 </td> <td> 0 </td> </tr> <tr> <td> All other degree-seeking </td> <td> 222 </td> <td> 245 </td> <td> 0 </td> </tr> <tr> <td> Total degree-seeking </td> <td> 266 </td> <td> 297 </td> <td> 0 </td> </tr> <tr> <td> All other undergraduates enrolled in credit <br/> courses </td> <td> 26 </td> <td> 31 </td> <td> 0 </td> </tr> <tr> <td> Total Undergraduate Part-Time Students </td> <td> 292 </td> <td> 328 </td> <td> 0 </td> </tr> </table><div class=""separator""></div><table> <tr> <td> Undergraduate Students: All </td> <td> Males </td> <td> Females </td> <td> Unknown </td> </tr> <tr> <td> Total Undergraduate Students </td> <td> 2,694 </td> <td> 2,983 </td> <td> 0 </td> </tr> </table><div class=""separator""></div><table> <tr> <td colspan=""2""> Graduate Students: Full-Time Males </td> <td> Females </td> <td> Unknown </td> </tr> <tr> <td> Degree-seeking, first-time </td> <td> 86 </td> <td> 152 </td> <td> 0 </td> </tr> <tr> <td> All other degree-seeking </td> <td> 69 </td> <td> 123 </td> <td> 0 </td> </tr> <tr> <td> All other graduates enrolled in credit <br/> courses </td> <td> 1 </td> <td> 2 </td> <td> 0 </td> </tr> <tr> <td> Total Graduate Full-Time Students </td> <td> 156 </td> <td> 277 </td> <td> 0 </td> </tr> </table><div class=""separator""></div><table> <tr> <td colspan=""2""> Graduate Students: Part-Time Males </td> <td> Females </td> <td> Unknown </td> </tr> <tr> <td> Degree-seeking, first-time </td> <td> 15 </td> <td> 20 </td> <td> 0 </td> </tr> <tr> <td> All other degree-seeking </td> <td> 38 </td> <td> 84 </td> <td> 0 </td> </tr> <tr> <td> All other graduates enrolled in credit <br/> courses </td> <td> 1 </td> <td> 8 </td> <td> 0 </td> </tr> <tr> <td> Total Graduate Part-Time Students </td> <td> 54 </td> <td> 112 </td> <td> 0 </td> </tr> </table><div class=""separator""></div><table> <tr> <td> Graduate Students: All </td> <td> Males </td> <td> Females </td> <td> Unknown </td> </tr> <tr> <td> Total Graduate Students </td> <td> 210 </td> <td> 389 </td> <td> 0 </td> </tr> </table><div class=""separator""></div><table> <tr> <td> All Students: Total </td> <td> Males </td> <td> Females </td> <td> Unknown </td> </tr> <tr> <td> Total Full-Time Students </td> <td> 2,558 </td> <td> 2,932 </td> <td> 0 </td> </tr> <tr> <td> Total Part-Time Students </td> <td> 346 </td> <td> 440 </td> <td> 0 </td> </tr> <tr> <td> Total All students </td> <td> 2,904 </td> <td> 3,372 </td> <td> 0 </td> </tr> </table>",115755,../data/cds-docs/2024-2025/115755.pdf,2024-2025
C,1,C1,,"[[{0: 'First-Time, First-Year Student Applicants', 1: 'Total'}, {0: 'Total first-time, first-year males who applied', 1: '6335'}, {0: 'Total first-time, first-year females who applied', 1: '6899'}, {0: 'Total first-time, first-year students of unknown sex who applied', 1: '1798'}], [{0: 'First-Time, First-Year Student Admits', 1: 'Total'}, {0: 'Total first-time, first-year males who were admitted', 1: '5824'}, {0: 'Total first-time, first-year females who were admitted', 1: '6387'}, {0: 'Total first-time, first-year students of unknown sex who were admitted', 1: '1770'}], [{0: 'First-Time, First-Year Student Enrollees', 1: 'Total'}, {0: 'Total first-time, first-year males who enrolled', 1: '437'}, {0: 'Total first-time, first-year females who enrolled', 1: '454'}, {0: 'Total first-time, first-year students of unknown sex who enrolled', 1: '18'}], [{0: 'First-Time, First-Year Student Enrollees by Status', 1: 'Total'}, {0: 'Total full-time, first-time, first-year males who enrolled', 1: '423'}, {0: 'Total part-time, first-time, first-year males who enrolled', 1: '14'}, {0: 'Total full-time, first-time, first-year females who enrolled', 1: '447'}, {0: 'Total part-time, first-time, first-year females who enrolled', 1: '7'}, {0: 'Total full-time, first-time, first-year students of unknown sex who enrolled', 1: '17'}, {0: 'Total part-time, first-time, first-year students of unknown sex who enrolled', 1: '1'}], [{0: 'First-Time, First-Year Student Applicants', 1: 'In-State', 2: 'Out-of-State'}, {0: 'Total first-time, first-year (degree-seeking) who applied', 1: '13966', 2: '962'}, {0: 'Total first-time, first-year (degree-seeking) who were admitted', 1: '13101', 2: '816'}, {0: 'Total first-time, first-year (degree-seeking) who enrolled', 1: '871', 2: '21'}]]","<table> <tr> <td> First-Time, First-Year Student Applicants </td> <td> Total </td> </tr> <tr> <td> Total first-time, first-year males who applied </td> <td> 6335 </td> </tr> <tr> <td> Total first-time, first-year females who applied </td> <td> 6899 </td> </tr> <tr> <td> Total first-time, first-year students of unknown sex who applied </td> <td> 1798 </td> </tr> </table><div class=""separator""></div><table> <tr> <td> First-Time, First-Year Student Admits </td> <td> Total </td> </tr> <tr> <td> Total first-time, first-year males who were admitted </td> <td> 5824 </td> </tr> <tr> <td> Total first-time, first-year females who were admitted </td> <td> 6387 </td> </tr> <tr> <td> Total first-time, first-year students of unknown sex who were admitted </td> <td> 1770 </td> </tr> </table><div class=""separator""></div><table> <tr> <td> First-Time, First-Year Student Enrollees </td> <td> Total </td> </tr> <tr> <td> Total first-time, first-year males who enrolled </td> <td> 437 </td> </tr> <tr> <td> Total first-time, first-year females who enrolled </td> <td> 454 </td> </tr> <tr> <td> Total first-time, first-year students of unknown sex who enrolled </td> <td> 18 </td> </tr> </table><div class=""separator""></div><table> <tr> <td> First-Time, First-Year Student Enrollees by Status </td> <td> Total </td> </tr> <tr> <td> Total full-time, first-time, first-year males who enrolled </td> <td> 423 </td> </tr> <tr> <td> Total part-time, first-time, first-year males who enrolled </td> <td> 14 </td> </tr> <tr> <td> Total full-time, first-time, first-year females who enrolled </td> <td> 447 </td> </tr> <tr> <td> Total part-time, first-time, first-year females who enrolled </td> <td> 7 </td> </tr> <tr> <td> Total full-time, first-time, first-year students of unknown sex who enrolled </td> <td> 17 </td> </tr> <tr> <td> Total part-time, first-time, first-year students of unknown sex who enrolled </td> <td> 1 </td> </tr> </table><div class=""separator""></div><table> <tr> <td> First-Time, First-Year Student Applicants </td> <td> In-State </td> <td> Out-of-State </td> </tr> <tr> <td> Total first-time, first-year (degree-seeking) who applied </td> <td> 13966 </td> <td> 962 </td> </tr> <tr> <td> Total first-time, first-year (degree-seeking) who were admitted </td> <td> 13101 </td> <td> 816 </td> </tr> <tr> <td> Total first-time, first-year (degree-seeking) who enrolled </td> <td> 871 </td> <td> 21 </td> </tr> </table>",115755,../data/cds-docs/2024-2025/115755.pdf,2024-2025
C,5,C5,,"[[{0: 'Distribution of high school units', 1: 'Required Units', 2: 'Units\nRecommended'}, {0: 'Total academic units', 1: '15', 2: ''}, {0: 'English', 1: '4', 2: ''}, {0: 'Mathematics', 1: '3', 2: ''}, {0: 'Science', 1: '2', 2: ''}, {0: 'lab', 1: '2', 2: ''}, {0: 'Foreign language', 1: '2', 2: ''}, {0: 'Social studies', 1: '1', 2: ''}, {0: 'History', 1: '1', 2: ''}, {0: 'Academic electives', 1: '1', 2: ''}, {0: 'Computer Science', 1: '0', 2: ''}, {0: 'Visual/Performing Arts', 1: '1', 2: ''}, {0: 'Other (specify)', 1: '0', 2: ''}]]",<table> <tr> <td> Distribution of high school units </td> <td> Required Units </td> <td> Units <br/> Recommended </td> </tr> <tr> <td> Total academic units </td> <td> 15 </td> <td> </td> </tr> <tr> <td> English </td> <td> 4 </td> <td> </td> </tr> <tr> <td> Mathematics </td> <td> 3 </td> <td> </td> </tr> <tr> <td> Science </td> <td> 2 </td> <td> </td> </tr> <tr> <td> lab </td> <td> 2 </td> <td> </td> </tr> <tr> <td> Foreign language </td> <td> 2 </td> <td> </td> </tr> <tr> <td> Social studies </td> <td> 1 </td> <td> </td> </tr> <tr> <td> History </td> <td> 1 </td> <td> </td> </tr> <tr> <td> Academic electives </td> <td> 1 </td> <td> </td> </tr> <tr> <td> Computer Science </td> <td> 0 </td> <td> </td> </tr> <tr> <td> Visual/Performing Arts </td> <td> 1 </td> <td> </td> </tr> <tr> <td> Other (specify) </td> <td> 0 </td> <td> </td> </tr> </table>,115755,../data/cds-docs/2024-2025/115755.pdf,2024-2025
C,8,C8,A Does your institution make use of SAT or ACT scores in admission,"[[{0: 'Admission', 1: 'Required to be\nconsidered for\nadmission', 2: 'Required for some', 3: 'Recommended', 4: 'Not required for\nadmission, but\nconsidered if\nsubmitted'}, {0: 'SAT or ACT', 1: '', 2: '', 3: '', 4: 'X'}, {0: 'ACT Only', 1: '', 2: '', 3: '', 4: ''}, {0: 'SAT Only', 1: '', 2: '', 3: '', 4: ''}]]","<table> <tr> <td> Admission </td> <td> Required to be <br/> considered for <br/> admission </td> <td> Required for some </td> <td> Recommended </td> <td> Not required for <br/> admission, but <br/> considered if <br/> submitted </td> </tr> <tr> <td> SAT or ACT </td> <td> </td> <td> </td> <td> </td> <td> X </td> </tr> <tr> <td> ACT Only </td> <td> </td> <td> </td> <td> </td> <td> </td> </tr> <tr> <td> SAT Only </td> <td> </td> <td> </td> <td> </td> <td> </td> </tr> </table>",115755,../data/cds-docs/2024-2025/115755.pdf,2024-2025
C,9,C9,"Percent and number of first-time, first-year students enrolled in Fall 2025 who submitted national","[[{0: '4%', 1: '40'}, {0: '0.34%', 1: '3'}], [{0: 'Assessment', 1: '25th Percentile\nScore', 2: '50th Percentile\nScore', 3: '75th Percentile\nScore'}, {0: 'SAT Composite', 1: '840', 2: '990', 3: '1120'}, {0: 'SAT Evidence-Based Reading and\nWriting', 1: '450', 2: '520', 3: '580'}, {0: 'SAT Math', 1: '410', 2: '470', 3: '525'}, {0: 'ACT Composite', 1: '17', 2: '20', 3: '26'}, {0: 'ACT Math', 1: '15.5', 2: '17', 3: '23'}, {0: 'ACT English', 1: '14', 2: '17', 3: '23.5'}, {0: 'ACT Writing', 1: '6', 2: '6', 3: '7'}, {0: 'ACT Science', 1: '', 2: '', 3: ''}, {0: 'ACT Reading', 1: '', 2: '', 3: ''}]]","<table> <tr> <td> 4% </td> <td> 40 </td> </tr> <tr> <td> 0.34% </td> <td> 3 </td> </tr> </table><div class=""separator""></div><table> <tr> <td> Assessment </td> <td> 25th Percentile <br/> Score </td> <td> 50th Percentile <br/> Score </td> <td> 75th Percentile <br/> Score </td> </tr> <tr> <td> SAT Composite </td> <td> 840 </td> <td> 990 </td> <td> 1120 </td> </tr> <tr> <td> SAT Evidence-Based Reading and <br/> Writing </td> <td> 450 </td> <td> 520 </td> <td> 580 </td> </tr> <tr> <td> SAT Math </td> <td> 410 </td> <td> 470 </td> <td> 525 </td> </tr> <tr> <td> ACT Composite </td> <td> 17 </td> <td> 20 </td> <td> 26 </td> </tr> <tr> <td> ACT Math </td> <td> 15.5 </td> <td> 17 </td> <td> 23 </td> </tr> <tr> <td> ACT English </td> <td> 14 </td> <td> 17 </td> <td> 23.5 </td> </tr> <tr> <td> ACT Writing </td> <td> 6 </td> <td> 6 </td> <td> 7 </td> </tr> <tr> <td> ACT Science </td> <td> </td> <td> </td> <td> </td> </tr> <tr> <td> ACT Reading </td> <td> </td> <td> </td> <td> </td> </tr> </table>",115755,../data/cds-docs/2024-2025/115755.pdf,2024-2025
C,10,C10,"Percent of all degree-seeking, first-time, first-year students who had high school class rank within each","[[{0: 'Assessment', 1: 'Percent'}, {0: 'Percent in top tenth of high school graduating class', 1: ''}, {0: 'Percent in top quarter of high school graduating class', 1: ''}, {0: 'Percent in top half of high school graduating class', 1: ''}, {0: 'Percent in bottom half of high school graduating class', 1: ''}, {0: 'Percent in bottom quarter of high school graduating class', 1: ''}, {0: 'Percent of total first-time, first-year students who submitted high school', 1: ''}]]","<table> <tr> <td> Assessment </td> <td> Percent </td> </tr> <tr> <td> Percent in top tenth of high school graduating class </td> <td> </td> </tr> <tr> <td> Percent in top quarter of high school graduating class </td> <td> </td> </tr> <tr> <td> Percent in top half of high school graduating class </td> <td> </td> </tr> <tr> <td> Percent in bottom half of high school graduating class </td> <td> </td> </tr> <tr> <td> Percent in bottom quarter of high school graduating class </td> <td> </td> </tr> <tr> <td> Percent of total first-time, first-year students who submitted high school </td> <td> </td> </tr> </table>",115755,../data/cds-docs/2024-2025/115755.pdf,2024-2025
C,11,C11,,"[[{0: 'Range', 1: 'Percent\n(Students who\nsubmitted scores)', 2: 'Percent\n(Students who\ndid not submit\nscores)', 3: 'Percent (All\nenrolled\nstudents)'}, {0: 'Percent who had GPA of 4.0', 1: '14.0%', 2: '16.6%', 3: '16.4%'}, {0: 'Percent who had GPA between 3.75 and 3.99', 1: '4.7%', 2: '14.2%', 3: '13.7%'}, {0: 'Percent who had GPA between 3.50 and 3.74', 1: '16.3%', 2: '17.4%', 3: '17.3%'}, {0: 'Percent who had GPA between 3.25 and 3.49', 1: '14.0%', 2: '15.7%', 3: '15.7%'}, {0: 'Percent who had GPA between 3.00 and 3.24', 1: '16.3%', 2: '16.6%', 3: '16.6%'}, {0: 'Percent who had GPA between 2.50 and 2.99', 1: '27.9%', 2: '14.7%', 3: '15.3%'}, {0: 'Percent who had GPA between 2.0 and 2.49', 1: '7.0%', 2: '4.9%', 3: '5.0%'}, {0: 'Percent who had GPA between 1.0 and 1.99', 1: '0.0%', 2: '0.0%', 3: '0.0%'}]]",<table> <tr> <td> Range </td> <td> Percent <br/> (Students who <br/> submitted scores) </td> <td> Percent <br/> (Students who <br/> did not submit <br/> scores) </td> <td> Percent (All <br/> enrolled <br/> students) </td> </tr> <tr> <td> Percent who had GPA of 4.0 </td> <td> 14.0% </td> <td> 16.6% </td> <td> 16.4% </td> </tr> <tr> <td> Percent who had GPA between 3.75 and 3.99 </td> <td> 4.7% </td> <td> 14.2% </td> <td> 13.7% </td> </tr> <tr> <td> Percent who had GPA between 3.50 and 3.74 </td> <td> 16.3% </td> <td> 17.4% </td> <td> 17.3% </td> </tr> <tr> <td> Percent who had GPA between 3.25 and 3.49 </td> <td> 14.0% </td> <td> 15.7% </td> <td> 15.7% </td> </tr> <tr> <td> Percent who had GPA between 3.00 and 3.24 </td> <td> 16.3% </td> <td> 16.6% </td> <td> 16.6% </td> </tr> <tr> <td> Percent who had GPA between 2.50 and 2.99 </td> <td> 27.9% </td> <td> 14.7% </td> <td> 15.3% </td> </tr> <tr> <td> Percent who had GPA between 2.0 and 2.49 </td> <td> 7.0% </td> <td> 4.9% </td> <td> 5.0% </td> </tr> <tr> <td> Percent who had GPA between 1.0 and 1.99 </td> <td> 0.0% </td> <td> 0.0% </td> <td> 0.0% </td> </tr> </table>,115755,../data/cds-docs/2024-2025/115755.pdf,2024-2025
C,14,C14,Application closing date,"[[{0: '', 1: 'Date'}, {0: 'Application closing date (fall)', 1: '12/1'}, {0: 'Priority Date', 1: '5/1'}]]",<table> <tr> <td> </td> <td> Date </td> </tr> <tr> <td> Application closing date (fall) </td> <td> 12/1 </td> </tr> <tr> <td> Priority Date </td> <td> 5/1 </td> </tr> </table>,115755,../data/cds-docs/2024-2025/115755.pdf,2024-2025
D,2,D2,"Provide the number of students who applied, were admitted, and enrolled as degree-seeking transfer","[[{0: 'Transfer Admission', 1: 'Applicants', 2: 'Admitted', 3: 'Enrolled'}, {0: 'Males', 1: '2,068', 2: '1,753', 3: '405'}, {0: 'Females', 1: '2,508', 2: '2,124', 3: '482'}, {0: 'Unknown', 1: '0', 2: '0', 3: '0'}, {0: 'Total', 1: '4,576', 2: '3,877', 3: '887'}]]","<table> <tr> <td> Transfer Admission </td> <td> Applicants </td> <td> Admitted </td> <td> Enrolled </td> </tr> <tr> <td> Males </td> <td> 2,068 </td> <td> 1,753 </td> <td> 405 </td> </tr> <tr> <td> Females </td> <td> 2,508 </td> <td> 2,124 </td> <td> 482 </td> </tr> <tr> <td> Unknown </td> <td> 0 </td> <td> 0 </td> <td> 0 </td> </tr> <tr> <td> Total </td> <td> 4,576 </td> <td> 3,877 </td> <td> 887 </td> </tr> </table>",115755,../data/cds-docs/2024-2025/115755.pdf,2024-2025
D,5,D5,Indicate all items required of transfer students to apply for admission:,"[[{0: 'Requirements', 1: 'Required of All', 2: 'Recommended\nof All', 3: 'Recommended\nof Some', 4: 'Required of Some', 5: 'Not Required'}, {0: 'High school transcript', 1: '', 2: '', 3: 'X', 4: '', 5: ''}, {0: 'College transcript(s)', 1: 'X', 2: '', 3: '', 4: '', 5: ''}, {0: 'Essay or personal', 1: '', 2: '', 3: '', 4: '', 5: 'X'}, {0: 'Interview', 1: '', 2: '', 3: '', 4: '', 5: 'X'}, {0: 'Standardized test scores', 1: '', 2: '', 3: '', 4: '', 5: 'X'}, {0: 'from prior institution(s)', 1: 'X', 2: '', 3: '', 4: '', 5: ''}]]",<table> <tr> <td> Requirements </td> <td> Required of All </td> <td> Recommended <br/> of All </td> <td> Recommended <br/> of Some </td> <td> Required of Some </td> <td> Not Required </td> </tr> <tr> <td> High school transcript </td> <td> </td> <td> </td> <td> X </td> <td> </td> <td> </td> </tr> <tr> <td> College transcript(s) </td> <td> X </td> <td> </td> <td> </td> <td> </td> <td> </td> </tr> <tr> <td> Essay or personal </td> <td> </td> <td> </td> <td> </td> <td> </td> <td> X </td> </tr> <tr> <td> Interview </td> <td> </td> <td> </td> <td> </td> <td> </td> <td> X </td> </tr> <tr> <td> Standardized test scores </td> <td> </td> <td> </td> <td> </td> <td> </td> <td> X </td> </tr> <tr> <td> from prior institution(s) </td> <td> X </td> <td> </td> <td> </td> <td> </td> <td> </td> </tr> </table>,115755,../data/cds-docs/2024-2025/115755.pdf,2024-2025
D,9,D9,,"[[{0: 'Term', 1: 'Priority Date', 2: 'Closing Date', 3: 'Notification Date', 4: 'Reply Date', 5: 'Rolling\nAdmission'}, {0: 'Fall', 1: '11/30', 2: '4/30', 3: '', 4: '', 5: ''}, {0: 'Winter', 1: '', 2: '', 3: '', 4: '', 5: ''}, {0: 'Spring', 1: '9/30', 2: '12/30', 3: '', 4: '', 5: ''}, {0: 'Summer', 1: '', 2: '', 3: '', 4: '', 5: ''}]]",<table> <tr> <td> Term </td> <td> Priority Date </td> <td> Closing Date </td> <td> Notification Date </td> <td> Reply Date </td> <td> Rolling <br/> Admission </td> </tr> <tr> <td> Fall </td> <td> 11/30 </td> <td> 4/30 </td> <td> </td> <td> </td> <td> </td> </tr> <tr> <td> Winter </td> <td> </td> <td> </td> <td> </td> <td> </td> <td> </td> </tr> <tr> <td> Spring </td> <td> 9/30 </td> <td> 12/30 </td> <td> </td> <td> </td> <td> </td> </tr> <tr> <td> Summer </td> <td> </td> <td> </td> <td> </td> <td> </td> <td> </td> </tr> </table>,115755,../data/cds-docs/2024-2025/115755.pdf,2024-2025
F,1,F1,,"[[{0: '', 1: 'First-time, first\ufffe\nyear students', 2: 'Undergraduates'}, {0: 'Percent who are from out of state (exclude\ninternational/nonresidents from the\nnumerator and denominator)', 1: '9%', 2: '7%'}, {0: 'Percent of males who join fraternities', 1: '1%', 2: '1%'}, {0: 'Percent of females who join sororities', 1: '1%', 2: '1%'}, {0: 'Percent who live in college-owned, -\noperated, or -affiliated housing', 1: '91%', 2: '38%'}, {0: 'Percent who live off campus or commute', 1: '9%', 2: '62%'}, {0: 'Percent of students age 25 and older', 1: '0%', 2: '25%'}, {0: 'Average age of full-time students', 1: '18', 2: '23'}, {0: 'Average age of all students (full- and part\ufffe\ntime)', 1: '18', 2: '23'}]]","<table> <tr> <td> </td> <td> First-time, first￾ <br/> year students </td> <td> Undergraduates </td> </tr> <tr> <td> Percent who are from out of state (exclude <br/> international/nonresidents from the <br/> numerator and denominator) </td> <td> 9% </td> <td> 7% </td> </tr> <tr> <td> Percent of males who join fraternities </td> <td> 1% </td> <td> 1% </td> </tr> <tr> <td> Percent of females who join sororities </td> <td> 1% </td> <td> 1% </td> </tr> <tr> <td> Percent who live in college-owned, - <br/> operated, or -affiliated housing </td> <td> 91% </td> <td> 38% </td> </tr> <tr> <td> Percent who live off campus or commute </td> <td> 9% </td> <td> 62% </td> </tr> <tr> <td> Percent of students age 25 and older </td> <td> 0% </td> <td> 25% </td> </tr> <tr> <td> Average age of full-time students </td> <td> 18 </td> <td> 23 </td> </tr> <tr> <td> Average age of all students (full- and part￾ <br/> time) </td> <td> 18 </td> <td> 23 </td> </tr> </table>",115755,../data/cds-docs/2024-2025/115755.pdf,2024-2025
F,3,F3,ROTC (program offered in cooperation with Reserve Officers' Training Corps),"[[{0: 'Programs', 1: 'Marine Option\n(for Naval ROTC)', 2: 'On Campus', 3: 'At Cooperating\nInstitution', 4: 'Name of\nCooperating\nInstitution'}, {0: 'Army ROTC is offered:', 1: 'Not Applicable', 2: '', 3: '', 4: ''}, {0: 'Naval ROTC is offered:', 1: '', 2: '', 3: '', 4: ''}, {0: 'Air Force ROTC is offered:', 1: 'Not Applicable', 2: '', 3: '', 4: ''}]]",<table> <tr> <td> Programs </td> <td> Marine Option <br/> (for Naval ROTC) </td> <td> On Campus </td> <td> At Cooperating <br/> Institution </td> <td> Name of <br/> Cooperating <br/> Institution </td> </tr> <tr> <td> Army ROTC is offered: </td> <td> Not Applicable </td> <td> </td> <td> </td> <td> </td> </tr> <tr> <td> Naval ROTC is offered: </td> <td> </td> <td> </td> <td> </td> <td> </td> </tr> <tr> <td> Air Force ROTC is offered: </td> <td> Not Applicable </td> <td> </td> <td> </td> <td> </td> </tr> </table>,115755,../data/cds-docs/2024-2025/115755.pdf,2024-2025
G,1,G1,"Undergraduate full-time tuition, required fees, food and housing","[[{0: 'PRIVATE INSTITUTIONS', 1: 'First-Year', 2: 'Undergraduates'}, {0: 'Tuition:', 1: '', 2: ''}], [{0: 'PUBLIC INSTITUTIONS', 1: 'First-Year', 2: 'Undergraduates'}, {0: 'Tuition: In-district', 1: '', 2: ''}, {0: 'Tuition: In-state (out-of-district):', 1: '$6,838', 2: '$6,838'}, {0: 'Tuition: Out-of-state:', 1: '$19,946', 2: '$17,494'}, {0: 'Tuition: Nonresident', 1: '$17,494', 2: '$17,494'}, {0: 'FOR ALL INSTITUTIONS', 1: 'First-Year', 2: 'Undergraduates'}, {0: 'Required Fees:', 1: '$2,378', 2: '$2,378'}, {0: 'Food and housing (on-campus):', 1: '$6,714', 2: '$6,882'}, {0: 'Housing Only (on-campus):', 1: '$8,042', 2: '$8,042'}, {0: 'Food Only (on-campus meal plan):', 1: '$14,756', 2: '$14,756'}]]","<table> <tr> <td> PRIVATE INSTITUTIONS </td> <td> First-Year </td> <td> Undergraduates </td> </tr> <tr> <td> Tuition: </td> <td> </td> <td> </td> </tr> </table><div class=""separator""></div><table> <tr> <td> PUBLIC INSTITUTIONS </td> <td> First-Year </td> <td> Undergraduates </td> </tr> <tr> <td> Tuition: In-district </td> <td> </td> <td> </td> </tr> <tr> <td> Tuition: In-state (out-of-district): </td> <td> $6,838 </td> <td> $6,838 </td> </tr> <tr> <td> Tuition: Out-of-state: </td> <td> $19,946 </td> <td> $17,494 </td> </tr> <tr> <td> Tuition: Nonresident </td> <td> $17,494 </td> <td> $17,494 </td> </tr> <tr> <td> FOR ALL INSTITUTIONS </td> <td> First-Year </td> <td> Undergraduates </td> </tr> <tr> <td> Required Fees: </td> <td> $2,378 </td> <td> $2,378 </td> </tr> <tr> <td> Food and housing (on-campus): </td> <td> $6,714 </td> <td> $6,882 </td> </tr> <tr> <td> Housing Only (on-campus): </td> <td> $8,042 </td> <td> $8,042 </td> </tr> <tr> <td> Food Only (on-campus meal plan): </td> <td> $14,756 </td> <td> $14,756 </td> </tr> </table>",115755,../data/cds-docs/2024-2025/115755.pdf,2024-2025
G,5,G5,Provide the estimated expenses for a typical full-time undergraduate student:,"[[{0: '', 1: 'Residents', 2: 'Commuters\n(living at home)', 3: 'Commuters\n(not living at home)'}, {0: 'Books and supplies:', 1: '$934', 2: '$934', 3: '$934'}, {0: 'Housing only:', 1: 'Not Applicable', 2: 'Not Applicable', 3: '$9,036'}, {0: 'Food only:', 1: 'Not Applicable', 2: '$8,036', 3: '$6,882'}, {0: 'Food and housing total*', 1: 'Not Applicable', 2: 'Not Applicable', 3: '$15,918'}, {0: 'Transportation:', 1: '$1,948', 2: '$1,948', 3: '$1,948'}, {0: 'Other expenses:', 1: '$2,966', 2: '$2,966', 3: '$2,966'}]]","<table> <tr> <td> </td> <td> Residents </td> <td> Commuters <br/> (living at home) </td> <td> Commuters <br/> (not living at home) </td> </tr> <tr> <td> Books and supplies: </td> <td> $934 </td> <td> $934 </td> <td> $934 </td> </tr> <tr> <td> Housing only: </td> <td> Not Applicable </td> <td> Not Applicable </td> <td> $9,036 </td> </tr> <tr> <td> Food only: </td> <td> Not Applicable </td> <td> $8,036 </td> <td> $6,882 </td> </tr> <tr> <td> Food and housing total* </td> <td> Not Applicable </td> <td> Not Applicable </td> <td> $15,918 </td> </tr> <tr> <td> Transportation: </td> <td> $1,948 </td> <td> $1,948 </td> <td> $1,948 </td> </tr> <tr> <td> Other expenses: </td> <td> $2,966 </td> <td> $2,966 </td> <td> $2,966 </td> </tr> </table>",115755,../data/cds-docs/2024-2025/115755.pdf,2024-2025
G,6,G6,Undergraduate per-credit-hour charges (tuition only):,"[[{0: 'PRIVATE INSTITUTIONS:', 1: ''}, {0: 'PUBLIC INSTITUTIONS:', 1: 'Not Applicable'}, {0: 'In-district:', 1: ''}, {0: 'In-state (out-of-district):', 1: ''}, {0: 'Out-of-state:', 1: '$444'}, {0: 'NONRESIDENTS:', 1: ''}]]",<table> <tr> <td> PRIVATE INSTITUTIONS: </td> <td> </td> </tr> <tr> <td> PUBLIC INSTITUTIONS: </td> <td> Not Applicable </td> </tr> <tr> <td> In-district: </td> <td> </td> </tr> <tr> <td> In-state (out-of-district): </td> <td> </td> </tr> <tr> <td> Out-of-state: </td> <td> $444 </td> </tr> <tr> <td> NONRESIDENTS: </td> <td> </td> </tr> </table>,115755,../data/cds-docs/2024-2025/115755.pdf,2024-2025
H,2,H2,,"[[{0: '', 1: 'Number of Enrolled Students Awarded Aid', 2: 'First-time Full-time\nFirst-year Students', 3: 'Full-time Undergrad\n(Incl. First-Year)', 4: 'Less Full-time Than\nUndergrad'}, {0: 'A', 1: 'Number of degree-seeking undergraduate students (CDS\nItem $B$1 if reporting on Fall 2025 cohort)', 2: '869', 3: '5055', 4: '563'}], [{0: '', 1: 'Number of Enrolled Students Awarded Non-need\ufffe\nbased Scholarships and Grants', 2: 'First-time\nFull-time\nFirst-year Students', 3: 'Full-time\nUndergrad\n(Incl. First-year.)', 4: 'Less Full-time Than\nUndergrad'}, {0: 'N', 1: 'Number of students in line a who had no financial need\nand who were awarded institutional non-need-based\nscholarship or grant aid (exclude those who were\nawarded athletic awards and tuition benefits)', 2: '261', 3: '1384', 4: '38'}, {0: 'O', 1: 'Average dollar amount of institutional non-need-based\nscholarship and grant aid awarded to students in line n', 2: '$ 1,747', 3: '$ 2,267', 4: '$ 1,917'}, {0: 'P', 1: 'Number of students in line a who were awarded an\ninstitutional non-need-based athletic scholarship or grant', 2: '36', 3: '163', 4: '3'}, {0: 'Q', 1: 'Average dollar amount of institutional non-need-based\nathletic scholarships and grants awarded to students in\nline p', 2: '$ 9,020', 3: '$ 7,656', 4: '$ 1,750'}]]","<table> <tr> <td> </td> <td> Number of Enrolled Students Awarded Aid </td> <td> First-time Full-time <br/> First-year Students </td> <td> Full-time Undergrad <br/> (Incl. First-Year) </td> <td> Less Full-time Than <br/> Undergrad </td> </tr> <tr> <td> A </td> <td> Number of degree-seeking undergraduate students (CDS <br/> Item $B$1 if reporting on Fall 2025 cohort) </td> <td> 869 </td> <td> 5055 </td> <td> 563 </td> </tr> </table><div class=""separator""></div><table> <tr> <td> </td> <td> Number of Enrolled Students Awarded Non-need￾ <br/> based Scholarships and Grants </td> <td> First-time <br/> Full-time <br/> First-year Students </td> <td> Full-time <br/> Undergrad <br/> (Incl. First-year.) </td> <td> Less Full-time Than <br/> Undergrad </td> </tr> <tr> <td> N </td> <td> Number of students in line a who had no financial need <br/> and who were awarded institutional non-need-based <br/> scholarship or grant aid (exclude those who were <br/> awarded athletic awards and tuition benefits) </td> <td> 261 </td> <td> 1384 </td> <td> 38 </td> </tr> <tr> <td> O </td> <td> Average dollar amount of institutional non-need-based <br/> scholarship and grant aid awarded to students in line n </td> <td> $ 1,747 </td> <td> $ 2,267 </td> <td> $ 1,917 </td> </tr> <tr> <td> P </td> <td> Number of students in line a who were awarded an <br/> institutional non-need-based athletic scholarship or grant </td> <td> 36 </td> <td> 163 </td> <td> 3 </td> </tr> <tr> <td> Q </td> <td> Average dollar amount of institutional non-need-based <br/> athletic scholarships and grants awarded to students in <br/> line p </td> <td> $ 9,020 </td> <td> $ 7,656 </td> <td> $ 1,750 </td> </tr> </table>",115755,../data/cds-docs/2024-2025/115755.pdf,2024-2025
H,5,H5,"Number and percent of students in class (defined in H4 above) borrowing from federal, non-federal, and any loan sources,","[[{0: 'Source/Type of Loan', 1: 'Source/Type of Loan', 2: 'Number in the class\n(defined in H4\nabove) who\nborrowed from the\ntypes of loans\nspecified in the first\ncolumn', 3: 'Percent of the class\n(defined above) who\nborrowed from the types\nof loans specified in the\nfirst column (nearest 1%)', 4: 'Average per\ufffe\nundergraduate\ufffe\nborrower\ncumulative\nprincipal borrowed\nfrom the types of\nloans specified in\nthe first column\n(nearest $1)'}, {0: 'A', 1: 'Any loan program: Federal Perkins, Federal Stafford\nSubsidized and Unsubsidized, institutional, state, private\nloans that your institution is aware of, etc. Include both\nFederal Direct Student Loans and Federal Family\nEducation Loans.', 2: '245', 3: '53.00%', 4: '$23,238'}, {0: 'B', 1: 'Federal loan programs: Federal Perkins, Federal Stafford\nSubsidized and Unsubsidized. Include both Federal\nDirect Student Loans and Federal Family Education\nLoans.', 2: '242', 3: '52.00%', 4: '$22,047'}, {0: 'C', 1: 'Institutional loan programs.', 2: '', 3: '', 4: ''}]]","<table> <tr> <td colspan=""2""> Source/Type of Loan </td> <td> Number in the class <br/> (defined in H4 <br/> above) who <br/> borrowed from the <br/> types of loans <br/> specified in the first <br/> column </td> <td> Percent of the class <br/> (defined above) who <br/> borrowed from the types <br/> of loans specified in the <br/> first column (nearest 1%) </td> <td> Average per￾ <br/> undergraduate￾ <br/> borrower <br/> cumulative <br/> principal borrowed <br/> from the types of <br/> loans specified in <br/> the first column <br/> (nearest $1) </td> </tr> <tr> <td> A </td> <td> Any loan program: Federal Perkins, Federal Stafford <br/> Subsidized and Unsubsidized, institutional, state, private <br/> loans that your institution is aware of, etc. Include both <br/> Federal Direct Student Loans and Federal Family <br/> Education Loans. </td> <td> 245 </td> <td> 53.00% </td> <td> $23,238 </td> </tr> <tr> <td> B </td> <td> Federal loan programs: Federal Perkins, Federal Stafford <br/> Subsidized and Unsubsidized. Include both Federal <br/> Direct Student Loans and Federal Family Education <br/> Loans. </td> <td> 242 </td> <td> 52.00% </td> <td> $22,047 </td> </tr> <tr> <td> C </td> <td> Institutional loan programs. </td> <td> </td> <td> </td> <td> </td> </tr> </table>",115755,../data/cds-docs/2024-2025/115755.pdf,2024-2025
H,11,H11,Indicate reply dates:,"[[{0: 'Students must reply by (date):', 1: ''}, {0: 'or within _______ weeks of notification.', 1: '4'}]]",<table> <tr> <td> Students must reply by (date): </td> <td> </td> </tr> <tr> <td> or within _______ weeks of notification. </td> <td> 4 </td> </tr> </table>,115755,../data/cds-docs/2024-2025/115755.pdf,2024-2025
H,14,H14,Check off criteria used in awarding institutional aid. Check all that apply.,"[[{0: '', 1: 'Non-Need Based', 2: 'Need-Based'}, {0: 'Academics', 1: 'X', 2: 'X'}, {0: 'Alumni affiliation', 1: 'X', 2: ''}, {0: 'Art', 1: '', 2: ''}, {0: 'Athletics', 1: 'X', 2: 'X'}, {0: 'Job skills', 1: '', 2: ''}, {0: 'ROTC', 1: '', 2: 'Not Applicable'}, {0: 'Leadership', 1: '', 2: ''}, {0: 'Music/drama', 1: '', 2: ''}, {0: 'Religious affiliation', 1: '', 2: ''}, {0: 'State/district residency', 1: 'X', 2: ''}]]",<table> <tr> <td> </td> <td> Non-Need Based </td> <td> Need-Based </td> </tr> <tr> <td> Academics </td> <td> X </td> <td> X </td> </tr> <tr> <td> Alumni affiliation </td> <td> X </td> <td> </td> </tr> <tr> <td> Art </td> <td> </td> <td> </td> </tr> <tr> <td> Athletics </td> <td> X </td> <td> X </td> </tr> <tr> <td> Job skills </td> <td> </td> <td> </td> </tr> <tr> <td> ROTC </td> <td> </td> <td> Not Applicable </td> </tr> <tr> <td> Leadership </td> <td> </td> <td> </td> </tr> <tr> <td> Music/drama </td> <td> </td> <td> </td> </tr> <tr> <td> Religious affiliation </td> <td> </td> <td> </td> </tr> <tr> <td> State/district residency </td> <td> X </td> <td> </td> </tr> </table>,115755,../data/cds-docs/2024-2025/115755.pdf,2024-2025
J,1,J1,"Degrees conferred between July 1, 2024 and June 30, 2025","[[{0: 'Category', 1: 'Diploma/Certificates', 2: 'Associate', 3: 'Bachelor’s', 4: 'CIP 2020 Categories\nto Include'}, {0: 'Agriculture', 1: '', 2: '', 3: '0.60%', 4: '01'}, {0: 'Natural resources and conservation', 1: '', 2: '', 3: '21.86%', 4: '03'}, {0: 'Architecture', 1: '', 2: '', 3: '0.00%', 4: '04'}, {0: 'Area, ethnic, and gender studies', 1: '', 2: '', 3: '1.48%', 4: '05'}, {0: 'Communication/journalism', 1: '', 2: '', 3: '1.88%', 4: '09'}, {0: 'Communication technologies', 1: '', 2: '', 3: '0.00%', 4: '10'}, {0: 'Computer and information sciences', 1: '', 2: '', 3: '2.55%', 4: '11'}, {0: 'Personal and culinary services', 1: '', 2: '', 3: '0.00%', 4: '12'}, {0: 'Education', 1: '', 2: '', 3: '1.14%', 4: '13'}, {0: 'Engineering', 1: '', 2: '', 3: '2.41%', 4: '14'}, {0: 'Engineering technologies', 1: '', 2: '', 3: '0.00%', 4: '15'}, {0: 'Foreign languages, literatures, and linguistics', 1: '', 2: '', 3: '0.27%', 4: '16'}, {0: 'Family and consumer sciences', 1: '', 2: '', 3: '2.01%', 4: '19'}, {0: 'Law/legal studies', 1: '', 2: '', 3: '0.07%', 4: '22'}, {0: 'English', 1: '', 2: '', 3: '2.82%', 4: '23'}, {0: 'Liberal arts/general studies', 1: '', 2: '', 3: '2.15%', 4: '24'}, {0: 'Library science', 1: '', 2: '', 3: '0.00%', 4: '25'}, {0: 'Biological/life sciences', 1: '', 2: '', 3: '10.19%', 4: '26'}, {0: 'Mathematics and statistics', 1: '', 2: '', 3: '0.20%', 4: '27'}, {0: 'Military science and military technologies', 1: '', 2: '', 3: '0.00%', 4: '28 & 29'}, {0: 'Interdisciplinary studies', 1: '', 2: '', 3: '2.28%', 4: '30'}, {0: 'Parks and recreation', 1: '', 2: '', 3: '4.02%', 4: '31'}, {0: 'Philosophy and religious studies', 1: '', 2: '', 3: '0.47%\n38', 4: '0.47%\n38'}, {0: 'Theology and religious vocations', 1: '', 2: '', 3: '0.00%', 4: '39'}, {0: 'Physical sciences', 1: '', 2: '', 3: '3.55%', 4: '40'}, {0: 'Science technologies', 1: '', 2: '', 3: '0.00%', 4: '41'}, {0: 'Psychology', 1: '', 2: '', 3: '9.79%\n42', 4: '9.79%\n42'}, {0: 'Homeland Security, law enforcement, firefighting,', 1: '', 2: '', 3: '0.00%', 4: '43'}, {0: 'Public administration and social services', 1: '', 2: '', 3: '6.10%', 4: '44'}, {0: 'Social sciences', 1: '', 2: '', 3: '9.05%', 4: '45'}, {0: 'Construction trades', 1: '', 2: '', 3: '0.00%', 4: '46'}, {0: 'Mechanic and repair technologies', 1: '', 2: '', 3: '0.00%', 4: '47'}, {0: 'Precision production', 1: '', 2: '', 3: '0.00%', 4: '48'}, {0: 'Transportation and materials moving', 1: '', 2: '', 3: '0.00%', 4: '49'}, {0: 'Visual and performing arts', 1: '', 2: '', 3: '6.64%', 4: '50'}, {0: 'Health professions and related programs', 1: '', 2: '', 3: '0.74%', 4: '51'}, {0: 'Business/marketing', 1: '', 2: '', 3: '5.84%', 4: '52'}, {0: 'History', 1: '', 2: '', 3: '1.88%', 4: '54'}, {0: 'Other', 1: '', 2: '', 3: '0.00%', 4: ''}, {0: 'TOTAL (should = 100%)', 1: '0.00%', 2: '0.00%', 3: '99.99%', 4: ''}]]","<table> <tr> <td> Category </td> <td> Diploma/Certificates </td> <td> Associate </td> <td> Bachelor’s </td> <td> CIP 2020 Categories <br/> to Include </td> </tr> <tr> <td> Agriculture </td> <td> </td> <td> </td> <td> 0.60% </td> <td> 01 </td> </tr> <tr> <td> Natural resources and conservation </td> <td> </td> <td> </td> <td> 21.86% </td> <td> 03 </td> </tr> <tr> <td> Architecture </td> <td> </td> <td> </td> <td> 0.00% </td> <td> 04 </td> </tr> <tr> <td> Area, ethnic, and gender studies </td> <td> </td> <td> </td> <td> 1.48% </td> <td> 05 </td> </tr> <tr> <td> Communication/journalism </td> <td> </td> <td> </td> <td> 1.88% </td> <td> 09 </td> </tr> <tr> <td> Communication technologies </td> <td> </td> <td> </td> <td> 0.00% </td> <td> 10 </td> </tr> <tr> <td> Computer and information sciences </td> <td> </td> <td> </td> <td> 2.55% </td> <td> 11 </td> </tr> <tr> <td> Personal and culinary services </td> <td> </td> <td> </td> <td> 0.00% </td> <td> 12 </td> </tr> <tr> <td> Education </td> <td> </td> <td> </td> <td> 1.14% </td> <td> 13 </td> </tr> <tr> <td> Engineering </td> <td> </td> <td> </td> <td> 2.41% </td> <td> 14 </td> </tr> <tr> <td> Engineering technologies </td> <td> </td> <td> </td> <td> 0.00% </td> <td> 15 </td> </tr> <tr> <td> Foreign languages, literatures, and linguistics </td> <td> </td> <td> </td> <td> 0.27% </td> <td> 16 </td> </tr> <tr> <td> Family and consumer sciences </td> <td> </td> <td> </td> <td> 2.01% </td> <td> 19 </td> </tr> <tr> <td> Law/legal studies </td> <td> </td> <td> </td> <td> 0.07% </td> <td> 22 </td> </tr> <tr> <td> English </td> <td> </td> <td> </td> <td> 2.82% </td> <td> 23 </td> </tr> <tr> <td> Liberal arts/general studies </td> <td> </td> <td> </td> <td> 2.15% </td> <td> 24 </td> </tr> <tr> <td> Library science </td> <td> </td> <td> </td> <td> 0.00% </td> <td> 25 </td> </tr> <tr> <td> Biological/life sciences </td> <td> </td> <td> </td> <td> 10.19% </td> <td> 26 </td> </tr> <tr> <td> Mathematics and statistics </td> <td> </td> <td> </td> <td> 0.20% </td> <td> 27 </td> </tr> <tr> <td> Military science and military technologies </td> <td> </td> <td> </td> <td> 0.00% </td> <td> 28 &amp; 29 </td> </tr> <tr> <td> Interdisciplinary studies </td> <td> </td> <td> </td> <td> 2.28% </td> <td> 30 </td> </tr> <tr> <td> Parks and recreation </td> <td> </td> <td> </td> <td> 4.02% </td> <td> 31 </td> </tr> <tr> <td> Philosophy and religious studies </td> <td> </td> <td> </td> <td colspan=""2""> 0.47% <br/> 38 </td> </tr> <tr> <td> Theology and religious vocations </td> <td> </td> <td> </td> <td> 0.00% </td> <td> 39 </td> </tr> <tr> <td> Physical sciences </td> <td> </td> <td> </td> <td> 3.55% </td> <td> 40 </td> </tr> <tr> <td> Science technologies </td> <td> </td> <td> </td> <td> 0.00% </td> <td> 41 </td> </tr> <tr> <td> Psychology </td> <td> </td> <td> </td> <td colspan=""2""> 9.79% <br/> 42 </td> </tr> <tr> <td> Homeland Security, law enforcement, firefighting, </td> <td> </td> <td> </td> <td> 0.00% </td> <td> 43 </td> </tr> <tr> <td> Public administration and social services </td> <td> </td> <td> </td> <td> 6.10% </td> <td> 44 </td> </tr> <tr> <td> Social sciences </td> <td> </td> <td> </td> <td> 9.05% </td> <td> 45 </td> </tr> <tr> <td> Construction trades </td> <td> </td> <td> </td> <td> 0.00% </td> <td> 46 </td> </tr> <tr> <td> Mechanic and repair technologies </td> <td> </td> <td> </td> <td> 0.00% </td> <td> 47 </td> </tr> <tr> <td> Precision production </td> <td> </td> <td> </td> <td> 0.00% </td> <td> 48 </td> </tr> <tr> <td> Transportation and materials moving </td> <td> </td> <td> </td> <td> 0.00% </td> <td> 49 </td> </tr> <tr> <td> Visual and performing arts </td> <td> </td> <td> </td> <td> 6.64% </td> <td> 50 </td> </tr> <tr> <td> Health professions and related programs </td> <td> </td> <td> </td> <td> 0.74% </td> <td> 51 </td> </tr> <tr> <td> Business/marketing </td> <td> </td> <td> </td> <td> 5.84% </td> <td> 52 </td> </tr> <tr> <td> History </td> <td> </td> <td> </td> <td> 1.88% </td> <td> 54 </td> </tr> <tr> <td> Other </td> <td> </td> <td> </td> <td> 0.00% </td> <td> </td> </tr> <tr> <td> TOTAL (should = 100%) </td> <td> 0.00% </td> <td> 0.00% </td> <td> 99.99% </td> <td> </td> </tr> </table>",115755,../data/cds-docs/2024-2025/115755.pdf,2024-2025
B,1,B1,Institutional Enrollment,"[[{0: '', 1: 'Men', 2: 'Men', 3: 'Women', 4: 'Women', 5: 'Another Gender', 6: 'Another Gender'}, {0: '', 1: 'Enrollment Full Time', 2: 'Enrollment Part Time', 3: 'Enrollment Full Time', 4: 'Enrollment Part Time', 5: 'Enrollment Full Time', 6: 'Enrollment Part Time'}, {0: 'UNDERGRADUATE STUDENTS', 1: 'UNDERGRADUATE STUDENTS', 2: 'UNDERGRADUATE STUDENTS', 3: 'UNDERGRADUATE STUDENTS', 4: 'UNDERGRADUATE STUDENTS', 5: 'UNDERGRADUATE STUDENTS', 6: 'UNDERGRADUATE STUDENTS'}, {0: 'Degree-seeking, first-time, first-year\nstudents', 1: '421.0', 2: '7.0', 3: '498.0', 4: '11.0', 5: '18.0', 6: '0.0'}, {0: 'Other first-year, degree-seeking students', 1: '316.0', 2: '24.0', 3: '388.0', 4: '27.0', 5: '8.0', 6: '2.0'}, {0: 'All other degree-seeking undergraduate\nstudents', 1: '1,359.0', 2: '213.0', 3: '1,735.0', 4: '230.0', 5: '54.0', 6: '5.0'}, {0: 'Total degree-seeking undergraduate students', 1: '2,096.0', 2: '244.0', 3: '2,621.0', 4: '268.0', 5: '80.0', 6: '7.0'}, {0: 'All other undergraduates enrolled in credit\ncourses', 1: '1.0', 2: '34.0', 3: '2.0', 4: '71.0', 5: '0.0', 6: '0.0'}]]","<table> <tr> <td> </td> <td colspan=""2""> Men </td> <td colspan=""2""> Women </td> <td colspan=""2""> Another Gender </td> </tr> <tr> <td> </td> <td> Enrollment Full Time </td> <td> Enrollment Part Time </td> <td> Enrollment Full Time </td> <td> Enrollment Part Time </td> <td> Enrollment Full Time </td> <td> Enrollment Part Time </td> </tr> <tr> <td colspan=""7""> UNDERGRADUATE STUDENTS </td> </tr> <tr> <td> Degree-seeking, first-time, first-year <br/> students </td> <td> 421.0 </td> <td> 7.0 </td> <td> 498.0 </td> <td> 11.0 </td> <td> 18.0 </td> <td> 0.0 </td> </tr> <tr> <td> Other first-year, degree-seeking students </td> <td> 316.0 </td> <td> 24.0 </td> <td> 388.0 </td> <td> 27.0 </td> <td> 8.0 </td> <td> 2.0 </td> </tr> <tr> <td> All other degree-seeking undergraduate <br/> students </td> <td> 1,359.0 </td> <td> 213.0 </td> <td> 1,735.0 </td> <td> 230.0 </td> <td> 54.0 </td> <td> 5.0 </td> </tr> <tr> <td> Total degree-seeking undergraduate students </td> <td> 2,096.0 </td> <td> 244.0 </td> <td> 2,621.0 </td> <td> 268.0 </td> <td> 80.0 </td> <td> 7.0 </td> </tr> <tr> <td> All other undergraduates enrolled in credit <br/> courses </td> <td> 1.0 </td> <td> 34.0 </td> <td> 2.0 </td> <td> 71.0 </td> <td> 0.0 </td> <td> 0.0 </td> </tr> </table>",115755,../data/cds-docs/2023-2024/115755.pdf,2023-2024
B,4,B4,- B21. Graduation Rates,"[[{0: '2017 COHORT (AY - 7)', 1: '2017 COHORT (AY - 7)', 2: '2017 COHORT (AY - 7)', 3: '2017 COHORT (AY - 7)'}, {0: 'Recipients\nof a Federal\nPell Grant', 1: 'Recipients of\na Subsidized\nStafford\nreceive Loan, did Grant not who a Pell', 2: 'Students\nwho receive did not\neither a Pell\nsubsidized Grant or a\nStafford\nLoan', 3: 'Total'}]]","<table> <tr> <td colspan=""4""> 2017 COHORT (AY - 7) </td> </tr> <tr> <td> Recipients <br/> of a Federal <br/> Pell Grant </td> <td> Recipients of <br/> a Subsidized <br/> Stafford <br/> receive Loan, did Grant not who a Pell </td> <td> Students <br/> who receive did not <br/> either a Pell <br/> subsidized Grant or a <br/> Stafford <br/> Loan </td> <td> Total </td> </tr> </table>",115755,../data/cds-docs/2023-2024/115755.pdf,2023-2024
C,5,C5,Admission Requirements: High School Units Required/Recommended,"[[{0: '', 1: 'Required Units', 2: 'Recommended Units'}, {0: 'Total Academic Units', 1: '15.0', 2: ''}, {0: 'English', 1: '4.0', 2: ''}, {0: 'Mathematics', 1: '3.0', 2: ''}, {0: 'Science', 1: '3.0', 2: ''}, {0: 'of Science Units, how many units must be lab', 1: '2.0', 2: ''}, {0: 'Foreign language', 1: '2.0', 2: ''}, {0: 'Social Studies', 1: '1.0', 2: ''}, {0: 'History', 1: '1.0', 2: ''}, {0: 'Computer Science', 1: '0.0', 2: ''}, {0: 'Visual/Performing Arts', 1: '1.0', 2: ''}, {0: 'Academic Electives', 1: '1.0', 2: ''}]]","<table> <tr> <td> </td> <td> Required Units </td> <td> Recommended Units </td> </tr> <tr> <td> Total Academic Units </td> <td> 15.0 </td> <td> </td> </tr> <tr> <td> English </td> <td> 4.0 </td> <td> </td> </tr> <tr> <td> Mathematics </td> <td> 3.0 </td> <td> </td> </tr> <tr> <td> Science </td> <td> 3.0 </td> <td> </td> </tr> <tr> <td> of Science Units, how many units must be lab </td> <td> 2.0 </td> <td> </td> </tr> <tr> <td> Foreign language </td> <td> 2.0 </td> <td> </td> </tr> <tr> <td> Social Studies </td> <td> 1.0 </td> <td> </td> </tr> <tr> <td> History </td> <td> 1.0 </td> <td> </td> </tr> <tr> <td> Computer Science </td> <td> 0.0 </td> <td> </td> </tr> <tr> <td> Visual/Performing Arts </td> <td> 1.0 </td> <td> </td> </tr> <tr> <td> Academic Electives </td> <td> 1.0 </td> <td> </td> </tr> </table>",115755,../data/cds-docs/2023-2024/115755.pdf,2023-2024
D,2,D2,Fall Applicants: Student Counts,"[[{0: '2188', 1: '1677', 2: '351'}, {0: '2808', 1: '2162', 2: '439'}, {0: '40', 1: '31', 2: '10'}, {0: '5036', 1: '3870', 2: '800'}]]",<table> <tr> <td> 2188 </td> <td> 1677 </td> <td> 351 </td> </tr> <tr> <td> 2808 </td> <td> 2162 </td> <td> 439 </td> </tr> <tr> <td> 40 </td> <td> 31 </td> <td> 10 </td> </tr> <tr> <td> 5036 </td> <td> 3870 </td> <td> 800 </td> </tr> </table>,115755,../data/cds-docs/2023-2024/115755.pdf,2023-2024
F,1,F1,"First-time, first-year degree-seeking students and undergraduates enrolled","[[{0: 'First-time,\nFirst-year Students', 1: 'Undergraduates'}, {0: '7.4%', 1: '6.0%'}, {0: '1.0%', 1: '1.0%'}, {0: '1.0%', 1: '1.0%'}, {0: '86.6%', 1: '38.4%'}, {0: '13.4%', 1: '61.6%'}, {0: '31.0%', 1: '25.4%'}, {0: '19', 1: '23'}, {0: '19', 1: '27'}]]","<table> <tr> <td> First-time, <br/> First-year Students </td> <td> Undergraduates </td> </tr> <tr> <td> 7.4% </td> <td> 6.0% </td> </tr> <tr> <td> 1.0% </td> <td> 1.0% </td> </tr> <tr> <td> 1.0% </td> <td> 1.0% </td> </tr> <tr> <td> 86.6% </td> <td> 38.4% </td> </tr> <tr> <td> 13.4% </td> <td> 61.6% </td> </tr> <tr> <td> 31.0% </td> <td> 25.4% </td> </tr> <tr> <td> 19 </td> <td> 23 </td> </tr> <tr> <td> 19 </td> <td> 27 </td> </tr> </table>",115755,../data/cds-docs/2023-2024/115755.pdf,2023-2024
G,5,G5,Estimated Expenses for Typical Full-Time Undergraduates,"[[{0: '$836.00 $836.00', 1: '$836.00 $836.00', 2: '$836.00'}, {0: '$6,116.00', 1: '$6,116.00', 2: '$7,728.00'}, {0: '$6,116.00', 1: '$6,116.00', 2: '$6,116.00'}, {0: '$1,372.00', 1: '$1,372.00', 2: '$1,372.00'}, {0: '$2,370.00', 1: '$2,370.00', 2: '$2,370.00'}]]","<table> <tr> <td colspan=""2""> $836.00 $836.00 </td> <td> $836.00 </td> </tr> <tr> <td rowspan=""2""> $6,116.00 </td> <td rowspan=""2""> $6,116.00 </td> <td> $7,728.00 </td> </tr> <tr> <td> $6,116.00 </td> </tr> <tr> <td> $1,372.00 </td> <td> $1,372.00 </td> <td> $1,372.00 </td> </tr> <tr> <td> $2,370.00 </td> <td> $2,370.00 </td> <td> $2,370.00 </td> </tr> </table>",115755,../data/cds-docs/2023-2024/115755.pdf,2023-2024
I,1,I1,Instructional Faculty by Category,"[[{0: '', 1: 'Full-Time', 2: 'Part-Time'}, {0: 'A. Instructional faculty in preclinical and clinical medicine, faculty who are not\npaid (e.g., those who donate their services or are in the military), or research\ufffe\nonly faculty, post-doctoral fellows, or pre-doctoral fellows', 1: 'Exclude', 2: 'Include only if they teach\none or more non-clinical\ncredit courses'}, {0: 'B. Administrative officers with titles such as dean of students, librarian, registrar,\ncoach, and the like, even though they may devote part of their time to classroom\ninstruction and may have faculty status', 1: 'Exclude', 2: 'Include only if they teach\none or more non-clinical\ncredit courses'}, {0: 'C. Other administrators/staff who teach one or more non-clinical credit courses\neven though they do not have faculty status', 1: 'Exclude', 2: 'Include'}, {0: 'D. Undergraduate or graduate students who assist in the instruction of courses,\nbut have titles such as teaching assistant, teaching fellow, and the like', 1: 'Exclude', 2: 'Exclude'}, {0: 'E. Faculty on sabbatical or leave with pay', 1: 'Include', 2: 'Exclude'}, {0: 'F. Faculty on leave without pay', 1: 'Exclude', 2: 'Exclude'}, {0: 'G. Replacement faculty for faculty on sabbatical leave or leave with pay', 1: 'Exclude', 2: 'Include'}]]","<table> <tr> <td> </td> <td> Full-Time </td> <td> Part-Time </td> </tr> <tr> <td> A. Instructional faculty in preclinical and clinical medicine, faculty who are not <br/> paid (e.g., those who donate their services or are in the military), or research￾ <br/> only faculty, post-doctoral fellows, or pre-doctoral fellows </td> <td> Exclude </td> <td> Include only if they teach <br/> one or more non-clinical <br/> credit courses </td> </tr> <tr> <td> B. Administrative officers with titles such as dean of students, librarian, registrar, <br/> coach, and the like, even though they may devote part of their time to classroom <br/> instruction and may have faculty status </td> <td> Exclude </td> <td> Include only if they teach <br/> one or more non-clinical <br/> credit courses </td> </tr> <tr> <td> C. Other administrators/staff who teach one or more non-clinical credit courses <br/> even though they do not have faculty status </td> <td> Exclude </td> <td> Include </td> </tr> <tr> <td> D. Undergraduate or graduate students who assist in the instruction of courses, <br/> but have titles such as teaching assistant, teaching fellow, and the like </td> <td> Exclude </td> <td> Exclude </td> </tr> <tr> <td> E. Faculty on sabbatical or leave with pay </td> <td> Include </td> <td> Exclude </td> </tr> <tr> <td> F. Faculty on leave without pay </td> <td> Exclude </td> <td> Exclude </td> </tr> <tr> <td> G. Replacement faculty for faculty on sabbatical leave or leave with pay </td> <td> Exclude </td> <td> Include </td> </tr> </table>",115755,../data/cds-docs/2023-2024/115755.pdf,2023-2024
B,2,B2,Enrollment by Racial/Ethnic Category.,"[[{0: '', 1: 'Degree-seeking\nFirst-time First\nyear', 2: 'Degree-seeking\nUndergraduates\n(include first-time\nfirst-year)', 3: 'Total\nUndergraduates\n(both degree- and\nnon-degree\ufffe\nseeking)'}, {0: 'Nonresidents', 1: '5', 2: '45', 3: '54'}, {0: 'Hispanic/Latino', 1: '200', 2: '1161', 3: '1190'}, {0: 'Black or African American, non-Hispanic', 1: '42', 2: '211', 3: '216'}, {0: 'White, non-Hispanic', 1: '540', 2: '2813', 3: '2841'}, {0: 'American Indian or Alaska Native, non\ufffe\nHispanic', 1: '17', 2: '151', 3: '153'}, {0: 'Asian, non-Hispanic', 1: '37', 2: '177', 3: '185'}, {0: 'Native Hawaiian or other Pacific Islander,\nnon-Hispanic', 1: '8', 2: '41', 3: '41'}, {0: 'Two or more races, non-Hispanic', 1: '101', 2: '497', 3: '503'}, {0: 'Race and/or ethnicity unknown', 1: '11', 2: '119', 3: '120'}, {0: 'Total', 1: '961', 2: '5215', 3: '5303'}]]","<table> <tr> <td> </td> <td> Degree-seeking <br/> First-time First <br/> year </td> <td> Degree-seeking <br/> Undergraduates <br/> (include first-time <br/> first-year) </td> <td> Total <br/> Undergraduates <br/> (both degree- and <br/> non-degree￾ <br/> seeking) </td> </tr> <tr> <td> Nonresidents </td> <td> 5 </td> <td> 45 </td> <td> 54 </td> </tr> <tr> <td> Hispanic/Latino </td> <td> 200 </td> <td> 1161 </td> <td> 1190 </td> </tr> <tr> <td> Black or African American, non-Hispanic </td> <td> 42 </td> <td> 211 </td> <td> 216 </td> </tr> <tr> <td> White, non-Hispanic </td> <td> 540 </td> <td> 2813 </td> <td> 2841 </td> </tr> <tr> <td> American Indian or Alaska Native, non￾ <br/> Hispanic </td> <td> 17 </td> <td> 151 </td> <td> 153 </td> </tr> <tr> <td> Asian, non-Hispanic </td> <td> 37 </td> <td> 177 </td> <td> 185 </td> </tr> <tr> <td> Native Hawaiian or other Pacific Islander, <br/> non-Hispanic </td> <td> 8 </td> <td> 41 </td> <td> 41 </td> </tr> <tr> <td> Two or more races, non-Hispanic </td> <td> 101 </td> <td> 497 </td> <td> 503 </td> </tr> <tr> <td> Race and/or ethnicity unknown </td> <td> 11 </td> <td> 119 </td> <td> 120 </td> </tr> <tr> <td> Total </td> <td> 961 </td> <td> 5215 </td> <td> 5303 </td> </tr> </table>",115755,../data/cds-docs/2022-2023/115755.pdf,2022-2023
B,3,B3,Persistence,"[[{0: 'AWARD TYPE', 1: '# AWARDED'}, {0: 'Certificate/diploma:', 1: '26'}, {0: 'Associate degrees:', 1: ''}, {0: 'Bachelor’s degrees:', 1: '1518'}, {0: 'Post-bachelor’s certificates:', 1: '74'}, {0: 'Master’s degrees:', 1: '196'}, {0: 'Post-master’s certificates:', 1: ''}, {0: 'Doctoral degrees –\nresearch/scholarship:', 1: ''}, {0: 'Doctoral degrees – professional\npractice:', 1: ''}, {0: 'Doctoral degrees – other:', 1: ''}]]",<table> <tr> <td> AWARD TYPE </td> <td> # AWARDED </td> </tr> <tr> <td> Certificate/diploma: </td> <td> 26 </td> </tr> <tr> <td> Associate degrees: </td> <td> </td> </tr> <tr> <td> Bachelor’s degrees: </td> <td> 1518 </td> </tr> <tr> <td> Post-bachelor’s certificates: </td> <td> 74 </td> </tr> <tr> <td> Master’s degrees: </td> <td> 196 </td> </tr> <tr> <td> Post-master’s certificates: </td> <td> </td> </tr> <tr> <td> Doctoral degrees – <br/> research/scholarship: </td> <td> </td> </tr> <tr> <td> Doctoral degrees – professional <br/> practice: </td> <td> </td> </tr> <tr> <td> Doctoral degrees – other: </td> <td> </td> </tr> </table>,115755,../data/cds-docs/2022-2023/115755.pdf,2022-2023
B,4,B4,-B21: GraduationRates,"[[{0: '', 1: '', 2: 'Recipients of a\nFederal Pell\nGrant', 3: 'Recipients of a\nSubsidized\nStafford Loan\nwho did not\nreceive a Pell\nGrant', 4: 'Students who\ndid not receive\neither a Pell\nGrant or a\nsubsidized\nStafford Loan', 5: 'Total\n(sum of 3\ncolumns to the\nleft)'}, {0: 'A', 1: ""Initial 201\x19 cohort of first-time, full-time,\nbachelor's (or equivalent) degree\ufffe\nseeking undergraduate students"", 2: '676', 3: '166', 4: '440', 5: '1282'}, {0: 'B', 1: 'Of the initial 201\x19 cohort, how many did\nnot persist and did not graduate for the\nfollowing reasons:\nx Deceased\nx Permanently Disabled\nx Armed Forces\nx Foreign Aid Service of the Federal Government\nx Official church missions\nx Report Total Allowable Exclusions', 2: '0', 3: '0', 4: '0', 5: '0'}, {0: 'C', 1: 'Final 201\x19 cohort, after adjusting\nfor allowable exclusions', 2: '676', 3: '166', 4: '440', 5: '1282'}, {0: 'D', 1: 'Of the initial 201\x19 cohort, how many\ncompleted the program in four years or\nless (by Aug. 31, 20\x15\x13)', 2: '128', 3: '43', 4: '119', 5: '290'}]]","<table> <tr> <td colspan=""2""> </td> <td> Recipients of a <br/> Federal Pell <br/> Grant </td> <td> Recipients of a <br/> Subsidized <br/> Stafford Loan <br/> who did not <br/> receive a Pell <br/> Grant </td> <td> Students who <br/> did not receive <br/> either a Pell <br/> Grant or a <br/> subsidized <br/> Stafford Loan </td> <td> Total <br/> (sum of 3 <br/> columns to the <br/> left) </td> </tr> <tr> <td> A </td> <td> Initial 201 cohort of first-time, full-time, <br/> bachelor's (or equivalent) degree￾ <br/> seeking undergraduate students </td> <td> 676 </td> <td> 166 </td> <td> 440 </td> <td> 1282 </td> </tr> <tr> <td> B </td> <td> Of the initial 201 cohort, how many did <br/> not persist and did not graduate for the <br/> following reasons: <br/> x Deceased <br/> x Permanently Disabled <br/> x Armed Forces <br/> x Foreign Aid Service of the Federal Government <br/> x Official church missions <br/> x Report Total Allowable Exclusions </td> <td> 0 </td> <td> 0 </td> <td> 0 </td> <td> 0 </td> </tr> <tr> <td> C </td> <td> Final 201 cohort, after adjusting <br/> for allowable exclusions </td> <td> 676 </td> <td> 166 </td> <td> 440 </td> <td> 1282 </td> </tr> <tr> <td> D </td> <td> Of the initial 201 cohort, how many <br/> completed the program in four years or <br/> less (by Aug. 31, 20) </td> <td> 128 </td> <td> 43 </td> <td> 119 </td> <td> 290 </td> </tr> </table>",115755,../data/cds-docs/2022-2023/115755.pdf,2022-2023
C,5,C5,Distributionofhighschoolunitsrequiredand/orrecommended.Specifythedistributionofacademic high,"[[{0: '', 1: 'Units Required', 2: 'Units Recommended'}, {0: 'Total academic units', 1: '15.00', 2: ''}, {0: 'English', 1: '4.00', 2: ''}, {0: 'Mathematics', 1: '3.00', 2: ''}, {0: 'Science', 1: '2.00', 2: ''}, {0: 'Of these, units that must be lab', 1: '2.00', 2: ''}, {0: 'Foreign language', 1: '2.00', 2: ''}, {0: 'Social studies', 1: '1.00', 2: ''}, {0: 'History', 1: '1.00', 2: ''}, {0: 'Academic electives', 1: '1.00', 2: ''}, {0: 'Computer Science', 1: '', 2: ''}, {0: 'Visual/Performing Arts', 1: '1.00', 2: ''}, {0: 'Other (specify)', 1: '', 2: ''}]]","<table> <tr> <td> </td> <td> Units Required </td> <td> Units Recommended </td> </tr> <tr> <td> Total academic units </td> <td> 15.00 </td> <td> </td> </tr> <tr> <td> English </td> <td> 4.00 </td> <td> </td> </tr> <tr> <td> Mathematics </td> <td> 3.00 </td> <td> </td> </tr> <tr> <td> Science </td> <td> 2.00 </td> <td> </td> </tr> <tr> <td> Of these, units that must be lab </td> <td> 2.00 </td> <td> </td> </tr> <tr> <td> Foreign language </td> <td> 2.00 </td> <td> </td> </tr> <tr> <td> Social studies </td> <td> 1.00 </td> <td> </td> </tr> <tr> <td> History </td> <td> 1.00 </td> <td> </td> </tr> <tr> <td> Academic electives </td> <td> 1.00 </td> <td> </td> </tr> <tr> <td> Computer Science </td> <td> </td> <td> </td> </tr> <tr> <td> Visual/Performing Arts </td> <td> 1.00 </td> <td> </td> </tr> <tr> <td> Other (specify) </td> <td> </td> <td> </td> </tr> </table>",115755,../data/cds-docs/2022-2023/115755.pdf,2022-2023
C,10,C10,"Percent of all degree-seeking, first-time, first-year students who had high school class rank within","[[{0: 'Assessment', 1: 'Percent'}, {0: 'Percent in top tenth of high school graduating class', 1: ''}, {0: 'Percent in top quarter of high school graduating class', 1: ''}, {0: 'Percent in top half of high school graduating class', 1: ''}, {0: 'Percent in bottom half of high school graduating class', 1: ''}, {0: 'Percent in bottom quarter of high school graduating class', 1: ''}, {0: 'Percent of total first-time, first-year students who submitted\nhigh school class rank:', 1: ''}]]","<table> <tr> <td> Assessment </td> <td> Percent </td> </tr> <tr> <td> Percent in top tenth of high school graduating class </td> <td> </td> </tr> <tr> <td> Percent in top quarter of high school graduating class </td> <td> </td> </tr> <tr> <td> Percent in top half of high school graduating class </td> <td> </td> </tr> <tr> <td> Percent in bottom half of high school graduating class </td> <td> </td> </tr> <tr> <td> Percent in bottom quarter of high school graduating class </td> <td> </td> </tr> <tr> <td> Percent of total first-time, first-year students who submitted <br/> high school class rank: </td> <td> </td> </tr> </table>",115755,../data/cds-docs/2022-2023/115755.pdf,2022-2023
C,11,C11,"Percentageofallenrolled,degree-seeking,first-time,first-yearstudentswhohadhigh","[[{0: 'Score Range', 1: 'Percent'}, {0: 'Percent who had GPA of 4.0', 1: '17.35'}, {0: 'Percent who had GPA between 3.75 and 3.99', 1: '16.82'}, {0: 'Percent who had GPA between 3.50 and 3.74', 1: '15.35'}, {0: 'Percent who had GPA between 3.25 and 3.49', 1: '18.61'}, {0: 'Percent who had GPA between 3.00 and 3.24', 1: '14.93'}, {0: 'Percent who had GPA between 2.50 and 2.99', 1: '13.88'}, {0: 'Percent who had GPA between 2.0 and 2.49', 1: '2.94'}, {0: 'Percent who had GPA between 1.0 and 1.99', 1: '0.11'}, {0: 'Percent who had GPA below 1.0', 1: '0.00'}]]",<table> <tr> <td> Score Range </td> <td> Percent </td> </tr> <tr> <td> Percent who had GPA of 4.0 </td> <td> 17.35 </td> </tr> <tr> <td> Percent who had GPA between 3.75 and 3.99 </td> <td> 16.82 </td> </tr> <tr> <td> Percent who had GPA between 3.50 and 3.74 </td> <td> 15.35 </td> </tr> <tr> <td> Percent who had GPA between 3.25 and 3.49 </td> <td> 18.61 </td> </tr> <tr> <td> Percent who had GPA between 3.00 and 3.24 </td> <td> 14.93 </td> </tr> <tr> <td> Percent who had GPA between 2.50 and 2.99 </td> <td> 13.88 </td> </tr> <tr> <td> Percent who had GPA between 2.0 and 2.49 </td> <td> 2.94 </td> </tr> <tr> <td> Percent who had GPA between 1.0 and 1.99 </td> <td> 0.11 </td> </tr> <tr> <td> Percent who had GPA below 1.0 </td> <td> 0.00 </td> </tr> </table>,115755,../data/cds-docs/2022-2023/115755.pdf,2022-2023
C,12,C12,"AveragehighschoolGPAofalldegree-seeking,first-time,first-yearstudentswho","[[{0: '', 1: '%'}, {0: 'Percent Submitting GPA', 1: '98.96'}]]",<table> <tr> <td> </td> <td> % </td> </tr> <tr> <td> Percent Submitting GPA </td> <td> 98.96 </td> </tr> </table>,115755,../data/cds-docs/2022-2023/115755.pdf,2022-2023
C,14,C14,Applicationclosingdate,"[[{0: '', 1: 'Month', 2: 'Day'}, {0: 'Application closing date (fall)', 1: '4', 2: '30'}, {0: 'Priority Date', 1: '11', 2: '30'}]]",<table> <tr> <td> </td> <td> Month </td> <td> Day </td> </tr> <tr> <td> Application closing date (fall) </td> <td> 4 </td> <td> 30 </td> </tr> <tr> <td> Priority Date </td> <td> 11 </td> <td> 30 </td> </tr> </table>,115755,../data/cds-docs/2022-2023/115755.pdf,2022-2023
D,9,D9,"Listapplicationpriority,closing,notification,andcandidatereplydatesfortransferstudents.Ifapplicationsare","[[{0: '', 1: 'Priority Date\nMonth Day', 2: 'Closing Date\nMonth Day', 3: 'Notification Date\nMonth Day', 4: 'Reply Date\nMonth Day', 5: 'Rolling\nadmission'}, {0: 'Fall', 1: '11\n30', 2: '4\n30', 3: '', 4: '', 5: ''}, {0: 'Winter', 1: '', 2: '', 3: '', 4: '', 5: ''}, {0: 'Spring', 1: '9\n30', 2: '12\n30', 3: '', 4: '', 5: ''}, {0: 'Summer', 1: '', 2: '', 3: '', 4: '', 5: ''}]]",<table> <tr> <td> </td> <td> Priority Date <br/> Month Day </td> <td> Closing Date <br/> Month Day </td> <td> Notification Date <br/> Month Day </td> <td> Reply Date <br/> Month Day </td> <td> Rolling <br/> admission </td> </tr> <tr> <td> Fall </td> <td> 11 <br/> 30 </td> <td> 4 <br/> 30 </td> <td> </td> <td> </td> <td> </td> </tr> <tr> <td> Winter </td> <td> </td> <td> </td> <td> </td> <td> </td> <td> </td> </tr> <tr> <td> Spring </td> <td> 9 <br/> 30 </td> <td> 12 <br/> 30 </td> <td> </td> <td> </td> <td> </td> </tr> <tr> <td> Summer </td> <td> </td> <td> </td> <td> </td> <td> </td> <td> </td> </tr> </table>,115755,../data/cds-docs/2022-2023/115755.pdf,2022-2023
F,1,F1,"Percentagesoffirst-time,first-yeardegree-seekingstudentsanddegree-seeking","[[{0: '', 1: 'First-time, first\ufffe\nyear students', 2: 'Undergraduates'}, {0: 'Percent who are from out of state (exclude international/nonresident\nfrom the numerator and denominator)', 1: '8.53', 2: '5.75'}, {0: 'Percent of men who join fraternities', 1: '1.00', 2: '1.00'}, {0: 'Percent of women who join sororities', 1: '1.00', 2: '1.00'}, {0: 'Percent who live in college-owned, -operated, or -affiliated housing', 1: '86.58', 2: '38.43'}, {0: 'Percent who live off campus or commute', 1: '13.42', 2: '61.57'}, {0: 'Percent of students age 25 and older', 1: '0.31', 2: '25.73'}, {0: 'Average age of full-time students', 1: '18.20', 2: '22.37'}, {0: 'Average age of all students (full- and part-time)', 1: '18.20', 2: '22.80'}]]","<table> <tr> <td> </td> <td> First-time, first￾ <br/> year students </td> <td> Undergraduates </td> </tr> <tr> <td> Percent who are from out of state (exclude international/nonresident <br/> from the numerator and denominator) </td> <td> 8.53 </td> <td> 5.75 </td> </tr> <tr> <td> Percent of men who join fraternities </td> <td> 1.00 </td> <td> 1.00 </td> </tr> <tr> <td> Percent of women who join sororities </td> <td> 1.00 </td> <td> 1.00 </td> </tr> <tr> <td> Percent who live in college-owned, -operated, or -affiliated housing </td> <td> 86.58 </td> <td> 38.43 </td> </tr> <tr> <td> Percent who live off campus or commute </td> <td> 13.42 </td> <td> 61.57 </td> </tr> <tr> <td> Percent of students age 25 and older </td> <td> 0.31 </td> <td> 25.73 </td> </tr> <tr> <td> Average age of full-time students </td> <td> 18.20 </td> <td> 22.37 </td> </tr> <tr> <td> Average age of all students (full- and part-time) </td> <td> 18.20 </td> <td> 22.80 </td> </tr> </table>",115755,../data/cds-docs/2022-2023/115755.pdf,2022-2023
G,1,G1,"Undergraduatefull-timetuition,requiredfees,roomandboard","[[{0: '', 1: 'FIRST-YEAR', 2: 'UNDERGRADUATES'}, {0: 'PRIVATE INSTITUTION', 1: '', 2: ''}, {0: 'Tuition:', 1: '', 2: ''}, {0: 'PUBLIC INSTITUTION', 1: '', 2: ''}, {0: 'Tuition: In-district:', 1: '', 2: ''}, {0: 'Tuition: In-state (out-of-district):', 1: '$5742.00', 2: '$5742.00'}, {0: 'Tuition: Out-of-state:', 1: '$17622.00', 2: '$17622.00'}, {0: 'Tuition: Non-resident', 1: '$17622.00', 2: '$17622.00'}, {0: 'FOR ALL INSTITUTIONS', 1: '', 2: ''}, {0: 'Required Fees', 1: '$2122.00', 2: '$2122.00'}, {0: 'Room and Board (on-campus):', 1: '$12540.00', 2: '$12540.00'}, {0: 'Room Only (on-campus):', 1: '$6638.00', 2: '$6638.00'}, {0: 'Board Only (on-campus meal plan):', 1: '$5600.00', 2: '$5600.00'}]]",<table> <tr> <td> </td> <td> FIRST-YEAR </td> <td> UNDERGRADUATES </td> </tr> <tr> <td> PRIVATE INSTITUTION </td> <td> </td> <td> </td> </tr> <tr> <td> Tuition: </td> <td> </td> <td> </td> </tr> <tr> <td> PUBLIC INSTITUTION </td> <td> </td> <td> </td> </tr> <tr> <td> Tuition: In-district: </td> <td> </td> <td> </td> </tr> <tr> <td> Tuition: In-state (out-of-district): </td> <td> $5742.00 </td> <td> $5742.00 </td> </tr> <tr> <td> Tuition: Out-of-state: </td> <td> $17622.00 </td> <td> $17622.00 </td> </tr> <tr> <td> Tuition: Non-resident </td> <td> $17622.00 </td> <td> $17622.00 </td> </tr> <tr> <td> FOR ALL INSTITUTIONS </td> <td> </td> <td> </td> </tr> <tr> <td> Required Fees </td> <td> $2122.00 </td> <td> $2122.00 </td> </tr> <tr> <td> Room and Board (on-campus): </td> <td> $12540.00 </td> <td> $12540.00 </td> </tr> <tr> <td> Room Only (on-campus): </td> <td> $6638.00 </td> <td> $6638.00 </td> </tr> <tr> <td> Board Only (on-campus meal plan): </td> <td> $5600.00 </td> <td> $5600.00 </td> </tr> </table>,115755,../data/cds-docs/2022-2023/115755.pdf,2022-2023
G,5,G5,Providetheestimatedexpensesforatypicalfull-timeundergraduatestudent:,"[[{0: '', 1: 'Residents', 2: 'Commuters\n(living at home)', 3: 'Commuters\n(not living at\nhome)'}, {0: 'Books and supplies:', 1: '$1090.00', 2: '$1090.00', 3: '$1090.00'}, {0: 'Room only:', 1: '$5600.00', 2: '$5600.00', 3: '$6638.00'}, {0: 'Board only:', 1: '$5600.00', 2: '$5600.00', 3: '$5600.00'}, {0: 'Room and board total*', 1: '', 2: '', 3: ''}, {0: 'Transportation:', 1: '$1158.00', 2: '$1158.00', 3: '$1158.00'}, {0: 'Other expenses:', 1: '$2204.00', 2: '$2204.00', 3: '$2204.00'}]]","<table> <tr> <td> </td> <td> Residents </td> <td> Commuters <br/> (living at home) </td> <td> Commuters <br/> (not living at <br/> home) </td> </tr> <tr> <td> Books and supplies: </td> <td> $1090.00 </td> <td> $1090.00 </td> <td> $1090.00 </td> </tr> <tr> <td> Room only: </td> <td colspan=""2""> $5600.00 </td> <td> $6638.00 </td> </tr> <tr> <td> Board only: </td> <td> $5600.00 </td> <td> $5600.00 </td> <td> $5600.00 </td> </tr> <tr> <td> Room and board total* </td> <td colspan=""2""> </td> <td> </td> </tr> <tr> <td> Transportation: </td> <td> $1158.00 </td> <td> $1158.00 </td> <td> $1158.00 </td> </tr> <tr> <td> Other expenses: </td> <td> $2204.00 </td> <td> $2204.00 </td> <td> $2204.00 </td> </tr> </table>",115755,../data/cds-docs/2022-2023/115755.pdf,2022-2023
G,6,G6,Undergraduateper-credit-hourcharges(tuitiononly):,"[[{0: 'PRIVATE INSTITUTIONS:', 1: ''}, {0: 'PUBLIC INSTITUTIONS:', 1: ''}, {0: 'In-district:', 1: ''}, {0: 'In-state (out-of-district):', 1: ''}, {0: 'Out-of-state:', 1: '$396.00'}, {0: 'NONRESIDENT6:', 1: ''}]]",<table> <tr> <td> PRIVATE INSTITUTIONS: </td> <td> </td> </tr> <tr> <td> PUBLIC INSTITUTIONS: </td> <td> </td> </tr> <tr> <td> In-district: </td> <td> </td> </tr> <tr> <td> In-state (out-of-district): </td> <td> </td> </tr> <tr> <td> Out-of-state: </td> <td> $396.00 </td> </tr> <tr> <td> NONRESIDENT6: </td> <td> </td> </tr> </table>,115755,../data/cds-docs/2022-2023/115755.pdf,2022-2023
H,1,H1,Enter total dollar amounts awarded to enrolled full-time and less than full-time degree-seeking,"[[{0: '', 1: 'Need-based\n(Include non-need\ufffe\nbased aid use to\nmeet need.)', 2: 'Non-need-based\n(Exclude non-need\ufffe\nbased aid use to\nmeet need.)'}, {0: 'Scholarships/Grants', 1: '', 2: ''}, {0: 'Federal', 1: '$13007859.00', 2: '$0.00'}, {0: 'State all states, not only the state in which your institution\nis located', 1: '$7418626.00', 2: '$0.00'}, {0: 'Institutional: Endowed scholarships, annual gifts and\ntuition funded grants, awarded by the college, excluding\nathletic aid and tuition waivers (which are reported below).', 1: '$9629624.00', 2: '$180083.00'}, {0: 'Scholarships/grants from external sources (e.g.\nKiwanis, National Merit) not awarded by the college', 1: '$1253454.00', 2: '$449721.00'}, {0: 'Total Scholarships/Grants', 1: '$31309563.00', 2: '$629804.00'}, {0: 'Self-Help', 1: '', 2: ''}, {0: 'Student loans from all sources (excluding parent loans)', 1: '$19730385.00', 2: '$6120954.00'}, {0: 'Federal Work-Study', 1: '$814081.00', 2: ''}, {0: 'State and other (e.g., institutional) work-study/employment\n(Note: Excludes Federal Work-Study captured above.)', 1: '', 2: ''}, {0: 'Total Self-Help', 1: '$20544466.00', 2: '$6120954.00'}, {0: 'Parent Loans', 1: '$376041.00', 2: '$1373348.00'}]]","<table> <tr> <td> </td> <td> Need-based <br/> (Include non-need￾ <br/> based aid use to <br/> meet need.) </td> <td> Non-need-based <br/> (Exclude non-need￾ <br/> based aid use to <br/> meet need.) </td> </tr> <tr> <td> Scholarships/Grants </td> <td> </td> <td> </td> </tr> <tr> <td> Federal </td> <td> $13007859.00 </td> <td> $0.00 </td> </tr> <tr> <td> State all states, not only the state in which your institution <br/> is located </td> <td> $7418626.00 </td> <td> $0.00 </td> </tr> <tr> <td> Institutional: Endowed scholarships, annual gifts and <br/> tuition funded grants, awarded by the college, excluding <br/> athletic aid and tuition waivers (which are reported below). </td> <td> $9629624.00 </td> <td> $180083.00 </td> </tr> <tr> <td> Scholarships/grants from external sources (e.g. <br/> Kiwanis, National Merit) not awarded by the college </td> <td> $1253454.00 </td> <td> $449721.00 </td> </tr> <tr> <td> Total Scholarships/Grants </td> <td> $31309563.00 </td> <td> $629804.00 </td> </tr> <tr> <td> Self-Help </td> <td> </td> <td> </td> </tr> <tr> <td> Student loans from all sources (excluding parent loans) </td> <td> $19730385.00 </td> <td> $6120954.00 </td> </tr> <tr> <td> Federal Work-Study </td> <td> $814081.00 </td> <td> </td> </tr> <tr> <td> State and other (e.g., institutional) work-study/employment <br/> (Note: Excludes Federal Work-Study captured above.) </td> <td> </td> <td> </td> </tr> <tr> <td> Total Self-Help </td> <td> $20544466.00 </td> <td> $6120954.00 </td> </tr> <tr> <td> Parent Loans </td> <td> $376041.00 </td> <td> $1373348.00 </td> </tr> </table>",115755,../data/cds-docs/2022-2023/115755.pdf,2022-2023
H,5,H5,"Number and percent of students in class (defined in H4 above) borrowing from federal, non-federal,","[[{0: '', 1: 'Source/Type of Loan', 2: 'Number in the\nclass (defined in\nH4 above) who\nborrowed from\nthe types of\nloans specified\nin the first\ncolumn', 3: 'Percent of the\nclass (defined\nabove) who\nborrowed from\nthe types of\nloans specified\nin the first\ncolumn\n(nearest 1%)', 4: 'Average per\ufffe\nundergraduate\ufffe\nborrower\ncumulative\nprincipal\nborrowed from the\ntypes of loans\nspecified in the\nfirst\ncolumn (nearest\n('}, {0: 'A', 1: 'Any loan program: Federal Perkins,\nFederal Stafford Subsidized and\nUnsubsidized, institutional, state, private\nloans that your institution is aware of, etc.\nInclude both Federal Direct Student Loans\nand Federal Family Education Loans', 2: '423', 3: '65.00', 4: '$23195'}, {0: 'B', 1: 'Federal loan programs: Federal Perkins,\nFederal Stafford Subsidized and\nUnsubsidized. Include both Federal Direct\nStudent Loans and Federal Family\nEducation Loans', 2: '419', 3: '64.00', 4: '$21484'}, {0: 'C', 1: 'Institutional loan programs', 2: '', 3: '', 4: ''}, {0: 'D', 1: 'State loan programs', 2: '', 3: '', 4: ''}, {0: 'E', 1: 'Private student loans made by a bank or\nlender', 2: '', 3: '', 4: ''}]]","<table> <tr> <td> </td> <td> Source/Type of Loan </td> <td> Number in the <br/> class (defined in <br/> H4 above) who <br/> borrowed from <br/> the types of <br/> loans specified <br/> in the first <br/> column </td> <td> Percent of the <br/> class (defined <br/> above) who <br/> borrowed from <br/> the types of <br/> loans specified <br/> in the first <br/> column <br/> (nearest 1%) </td> <td> Average per￾ <br/> undergraduate￾ <br/> borrower <br/> cumulative <br/> principal <br/> borrowed from the <br/> types of loans <br/> specified in the <br/> first <br/> column (nearest <br/> ( </td> </tr> <tr> <td> A </td> <td> Any loan program: Federal Perkins, <br/> Federal Stafford Subsidized and <br/> Unsubsidized, institutional, state, private <br/> loans that your institution is aware of, etc. <br/> Include both Federal Direct Student Loans <br/> and Federal Family Education Loans </td> <td> 423 </td> <td> 65.00 </td> <td> $23195 </td> </tr> <tr> <td> B </td> <td> Federal loan programs: Federal Perkins, <br/> Federal Stafford Subsidized and <br/> Unsubsidized. Include both Federal Direct <br/> Student Loans and Federal Family <br/> Education Loans </td> <td> 419 </td> <td> 64.00 </td> <td> $21484 </td> </tr> <tr> <td> C </td> <td> Institutional loan programs </td> <td> </td> <td> </td> <td> </td> </tr> <tr> <td> D </td> <td> State loan programs </td> <td> </td> <td> </td> <td> </td> </tr> <tr> <td> E </td> <td> Private student loans made by a bank or <br/> lender </td> <td> </td> <td> </td> <td> </td> </tr> </table>",115755,../data/cds-docs/2022-2023/115755.pdf,2022-2023
H,14,H14,Checkoffcriteriausedinawardinginstitutionalaid.Checkallthatapply.,"[[{0: '', 1: 'Non-Need Based', 2: 'Need-Based'}, {0: 'Academics', 1: '܆\n✔', 2: '܆\n✔'}, {0: 'Alumni affiliation', 1: '܆', 2: '܆\n✔'}, {0: 'Art', 1: '܆', 2: '܆'}, {0: 'Athletics', 1: '܆\n✔', 2: '܆\n✔'}, {0: 'Job skills', 1: '܆', 2: '܆'}, {0: 'ROTC', 1: '܆', 2: ''}, {0: 'Leadership', 1: '܆', 2: '܆'}, {0: 'Minority status', 1: '܆', 2: '܆'}, {0: 'Music/drama', 1: '܆', 2: '܆'}, {0: 'Religious affiliation', 1: '܆', 2: '܆'}, {0: 'State/district residency', 1: '܆', 2: '܆\n✔'}]]",<table> <tr> <td> </td> <td> Non-Need Based </td> <td> Need-Based </td> </tr> <tr> <td> Academics </td> <td> ܆ <br/> ✔ </td> <td> ܆ <br/> ✔ </td> </tr> <tr> <td> Alumni affiliation </td> <td> ܆ </td> <td> ܆ <br/> ✔ </td> </tr> <tr> <td> Art </td> <td> ܆ </td> <td> ܆ </td> </tr> <tr> <td> Athletics </td> <td> ܆ <br/> ✔ </td> <td> ܆ <br/> ✔ </td> </tr> <tr> <td> Job skills </td> <td> ܆ </td> <td> ܆ </td> </tr> <tr> <td> ROTC </td> <td> ܆ </td> <td> </td> </tr> <tr> <td> Leadership </td> <td> ܆ </td> <td> ܆ </td> </tr> <tr> <td> Minority status </td> <td> ܆ </td> <td> ܆ </td> </tr> <tr> <td> Music/drama </td> <td> ܆ </td> <td> ܆ </td> </tr> <tr> <td> Religious affiliation </td> <td> ܆ </td> <td> ܆ </td> </tr> <tr> <td> State/district residency </td> <td> ܆ </td> <td> ܆ <br/> ✔ </td> </tr> </table>,115755,../data/cds-docs/2022-2023/115755.pdf,2022-2023
B,1,B1,Institutional Enrollment - Men and Women,"[[{0: 'ti t d b d t d', 1: 't l\nthi li k\nFULL-TIME', 2: 't l\nthi li k\nFULL-TIME', 3: 'PART-TIME', 4: 'PART-TIME'}, {0: 'ti t d b d t d', 1: 'Men\nWomen', 2: 'Men\nWomen', 3: 'Men\nWomen', 4: 'Men\nWomen'}, {0: 'Undergraduates', 1: 'Undergraduates', 2: 'Undergraduates', 3: 'Undergraduates', 4: 'Undergraduates'}, {0: 'Degree-seeking, first-time\nfreshmen', 1: '244', 2: '365', 3: '10', 4: '10'}, {0: 'Other first-year, degree-seeking', 1: '277', 2: '387', 3: '33', 4: '29'}, {0: 'All other degree-seeking', 1: '1,332', 2: '1,972', 3: '252', 4: '270'}, {0: 'Total degree-seeking', 1: '1,853', 2: '2,724', 3: '295', 4: '309'}, {0: 'All other undergraduates\nenrolled in credit courses', 1: '0', 2: '0', 3: '7', 4: '13'}, {0: 'Total undergraduates', 1: '1,853', 2: '2,724', 3: '302', 4: '322'}, {0: 'Graduate', 1: 'Graduate', 2: 'Graduate', 3: 'Graduate', 4: 'Graduate'}, {0: 'Degree-seeking, first-time', 1: '81', 2: '189', 3: '10', 4: '22'}, {0: 'All other degree-seeking', 1: '63', 2: '89', 3: '29', 4: '53'}, {0: 'All other graduates enrolled in\ncredit courses', 1: '1', 2: '1', 3: '0', 4: '0'}, {0: 'Total graduate', 1: '145', 2: '279', 3: '39', 4: '75'}, {0: 'Total all students', 1: '1,998', 2: '3,003', 3: '341', 4: '397'}]]","<table> <tr> <td rowspan=""2""> ti t d b d t d </td> <td colspan=""2""> t l <br/> thi li k <br/> FULL-TIME </td> <td colspan=""2""> PART-TIME </td> </tr> <tr> <td colspan=""2""> Men <br/> Women </td> <td colspan=""2""> Men <br/> Women </td> </tr> <tr> <td colspan=""5""> Undergraduates </td> </tr> <tr> <td> Degree-seeking, first-time <br/> freshmen </td> <td> 244 </td> <td> 365 </td> <td> 10 </td> <td> 10 </td> </tr> <tr> <td> Other first-year, degree-seeking </td> <td> 277 </td> <td> 387 </td> <td> 33 </td> <td> 29 </td> </tr> <tr> <td> All other degree-seeking </td> <td> 1,332 </td> <td> 1,972 </td> <td> 252 </td> <td> 270 </td> </tr> <tr> <td> Total degree-seeking </td> <td> 1,853 </td> <td> 2,724 </td> <td> 295 </td> <td> 309 </td> </tr> <tr> <td> All other undergraduates <br/> enrolled in credit courses </td> <td> 0 </td> <td> 0 </td> <td> 7 </td> <td> 13 </td> </tr> <tr> <td> Total undergraduates </td> <td> 1,853 </td> <td> 2,724 </td> <td> 302 </td> <td> 322 </td> </tr> <tr> <td colspan=""5""> Graduate </td> </tr> <tr> <td> Degree-seeking, first-time </td> <td> 81 </td> <td> 189 </td> <td> 10 </td> <td> 22 </td> </tr> <tr> <td> All other degree-seeking </td> <td> 63 </td> <td> 89 </td> <td> 29 </td> <td> 53 </td> </tr> <tr> <td> All other graduates enrolled in <br/> credit courses </td> <td> 1 </td> <td> 1 </td> <td> 0 </td> <td> 0 </td> </tr> <tr> <td> Total graduate </td> <td> 145 </td> <td> 279 </td> <td> 39 </td> <td> 75 </td> </tr> <tr> <td> Total all students </td> <td> 1,998 </td> <td> 3,003 </td> <td> 341 </td> <td> 397 </td> </tr> </table>",115755,../data/cds-docs/2021-2022/115755.pdf,2021-2022
B,2,B2,Enrollment by Racial/Ethnic Category.,"[[{0: '', 1: 'Degree-Seeking\nFirst-Time\nFirst Year', 2: 'Degree-Seeking\nUndergraduates\n(include first-time\nfirst-year)', 3: 'Total\nUndergraduates\n(both degree- and\nnon-degree\ufffe\nseeking)'}, {0: 'Nonresident aliens', 1: '4', 2: '60', 3: '60'}, {0: 'Hispanic/Latino', 1: '136', 2: '1,280', 3: '1,287'}, {0: 'Black or African American, non-Hispanic', 1: '23', 2: '220', 3: '222'}, {0: 'White, non-Hispanic', 1: '354', 2: '2,625', 3: '2,627'}, {0: 'American Indian or Alaska Native, non-Hispanic', 1: '11', 2: '137', 3: '137'}, {0: 'Asian, non-Hispanic', 1: '17', 2: '172', 3: '176'}, {0: 'Native Hawaiian or other Pacific Islander, non\ufffe\nHispanic', 1: '3', 2: '37', 3: '37'}, {0: 'Two or more races, non-Hispanic', 1: '72', 2: '501', 3: '504'}, {0: 'Race and/or ethnicity unknown', 1: '9', 2: '149', 3: '149'}, {0: 'TOTAL', 1: '629', 2: '5,181', 3: '5,199'}]]","<table> <tr> <td> </td> <td> Degree-Seeking <br/> First-Time <br/> First Year </td> <td> Degree-Seeking <br/> Undergraduates <br/> (include first-time <br/> first-year) </td> <td> Total <br/> Undergraduates <br/> (both degree- and <br/> non-degree￾ <br/> seeking) </td> </tr> <tr> <td> Nonresident aliens </td> <td> 4 </td> <td> 60 </td> <td> 60 </td> </tr> <tr> <td> Hispanic/Latino </td> <td> 136 </td> <td> 1,280 </td> <td> 1,287 </td> </tr> <tr> <td> Black or African American, non-Hispanic </td> <td> 23 </td> <td> 220 </td> <td> 222 </td> </tr> <tr> <td> White, non-Hispanic </td> <td> 354 </td> <td> 2,625 </td> <td> 2,627 </td> </tr> <tr> <td> American Indian or Alaska Native, non-Hispanic </td> <td> 11 </td> <td> 137 </td> <td> 137 </td> </tr> <tr> <td> Asian, non-Hispanic </td> <td> 17 </td> <td> 172 </td> <td> 176 </td> </tr> <tr> <td> Native Hawaiian or other Pacific Islander, non￾ <br/> Hispanic </td> <td> 3 </td> <td> 37 </td> <td> 37 </td> </tr> <tr> <td> Two or more races, non-Hispanic </td> <td> 72 </td> <td> 501 </td> <td> 504 </td> </tr> <tr> <td> Race and/or ethnicity unknown </td> <td> 9 </td> <td> 149 </td> <td> 149 </td> </tr> <tr> <td> TOTAL </td> <td> 629 </td> <td> 5,181 </td> <td> 5,199 </td> </tr> </table>",115755,../data/cds-docs/2021-2022/115755.pdf,2021-2022
B,4,B4,-B21: Graduation Rates,"[[{0: '', 1: 'Recipients of a\nFederal Grant Pell', 2: 'Recipients of a\nSubsidized\nStafford Loan\nwho did not\nreceive Grant a Pell', 3: 'Students who did\nnot receive either\na Pell Grant or a\nsubsidized\nStafford Loan', 4: 'Total\n(sum of 3 columns\nto the left)'}, {0: ""Initial 2015 cohort of first-time, full\ufffe\ntime, bachelor's (or equivalent)\ndegree-seeking undergraduate\nstudents"", 1: '765', 2: '200', 3: '435', 4: '1400'}, {0: 'Of the initial 2015 cohort, how many\ndid not persist and did not graduate\nfor the following reasons:\n• Deceased\n• Permanently Disabled\n• Armed Forces\n• Foreign Aid Service of the Federal\nGovernment\n• Official church missions\n• Report Total Allowable Exclusions', 1: '', 2: '', 3: '', 4: '0'}, {0: 'Final 2015 cohort, after adjusting for\nallowable exclusions', 1: '765', 2: '200', 3: '435', 4: '1400'}, {0: 'Of the initial 2015 cohort, how many\ncompleted the program in four years\nor less (by Aug. 31, 2019)', 1: '144', 2: '44', 3: '97', 4: '285'}, {0: 'Of the initial 2015 cohort, how many\ncompleted the program in more than\nfour years but in five years or less\n(after Aug. 31, 2019 and by Aug. 31,\n2020)', 1: '159', 2: '40', 3: '103', 4: '302'}, {0: 'Of the initial 2015 cohort, how many\ncompleted the program in more than\nfive years but in six years or less\n(after Aug. 31, 2020 and by Aug. 31,\n2021)', 1: '43', 2: '11', 3: '27', 4: '81'}, {0: 'Total graduating within six years\n(sum of lines D, E, and F)', 1: '346', 2: '95', 3: '227', 4: '668'}, {0: 'Six-year graduation rate for 2015\ncohort (G divided by C)', 1: '45%', 2: '48%', 3: '52%', 4: '48%'}]]","<table> <tr> <td> </td> <td> Recipients of a <br/> Federal Grant Pell </td> <td> Recipients of a <br/> Subsidized <br/> Stafford Loan <br/> who did not <br/> receive Grant a Pell </td> <td> Students who did <br/> not receive either <br/> a Pell Grant or a <br/> subsidized <br/> Stafford Loan </td> <td> Total <br/> (sum of 3 columns <br/> to the left) </td> </tr> <tr> <td> Initial 2015 cohort of first-time, full￾ <br/> time, bachelor's (or equivalent) <br/> degree-seeking undergraduate <br/> students </td> <td> 765 </td> <td> 200 </td> <td> 435 </td> <td> 1400 </td> </tr> <tr> <td> Of the initial 2015 cohort, how many <br/> did not persist and did not graduate <br/> for the following reasons: <br/> • Deceased <br/> • Permanently Disabled <br/> • Armed Forces <br/> • Foreign Aid Service of the Federal <br/> Government <br/> • Official church missions <br/> • Report Total Allowable Exclusions </td> <td> </td> <td> </td> <td> </td> <td> 0 </td> </tr> <tr> <td> Final 2015 cohort, after adjusting for <br/> allowable exclusions </td> <td> 765 </td> <td> 200 </td> <td> 435 </td> <td> 1400 </td> </tr> <tr> <td> Of the initial 2015 cohort, how many <br/> completed the program in four years <br/> or less (by Aug. 31, 2019) </td> <td> 144 </td> <td> 44 </td> <td> 97 </td> <td> 285 </td> </tr> <tr> <td> Of the initial 2015 cohort, how many <br/> completed the program in more than <br/> four years but in five years or less <br/> (after Aug. 31, 2019 and by Aug. 31, <br/> 2020) </td> <td> 159 </td> <td> 40 </td> <td> 103 </td> <td> 302 </td> </tr> <tr> <td> Of the initial 2015 cohort, how many <br/> completed the program in more than <br/> five years but in six years or less <br/> (after Aug. 31, 2020 and by Aug. 31, <br/> 2021) </td> <td> 43 </td> <td> 11 </td> <td> 27 </td> <td> 81 </td> </tr> <tr> <td> Total graduating within six years <br/> (sum of lines D, E, and F) </td> <td> 346 </td> <td> 95 </td> <td> 227 </td> <td> 668 </td> </tr> <tr> <td> Six-year graduation rate for 2015 <br/> cohort (G divided by C) </td> <td> 45% </td> <td> 48% </td> <td> 52% </td> <td> 48% </td> </tr> </table>",115755,../data/cds-docs/2021-2022/115755.pdf,2021-2022
B,12,B12,"Initial cohort, total of first-time, full-time degree/certificate-seeking students:","[[{0: '', 1: '2018 Cohort', 2: '2017 Cohort'}, {0: 'Initial cohort, total of first-time, full-time degree/certificate-seeking students:', 1: '', 2: ''}, {0: 'Of the initial cohort, how many did not persist and did not graduate for the\nfollowing reasons:\n• • Death Permanently Disability\n• Service in the armed forces,\n• Foreign aid service of the federal government\n• Official church missions\n• Report total allowable exclusions', 1: '', 2: ''}, {0: 'Final cohort, after adjusting for allowable exclusions:', 1: '0', 2: '0'}, {0: 'Completers of programs of less than two years duration (total):', 1: '', 2: ''}, {0: 'Completers of programs of less than two years within 150 percent of normal\ntime:', 1: '', 2: ''}, {0: 'Completers of programs of at least two but less than four years (total):', 1: '', 2: ''}, {0: 'Completers of programs of at least two but less than four-years within 150\npercent of normal time:', 1: '', 2: ''}, {0: 'Total transfers-out (within three years) to other institutions:', 1: '', 2: ''}, {0: 'Total transfers to two-year institutions:', 1: '', 2: ''}, {0: 'Total transfers to four-year institutions:', 1: '', 2: ''}]]","<table> <tr> <td> </td> <td> 2018 Cohort </td> <td> 2017 Cohort </td> </tr> <tr> <td> Initial cohort, total of first-time, full-time degree/certificate-seeking students: </td> <td> </td> <td> </td> </tr> <tr> <td> Of the initial cohort, how many did not persist and did not graduate for the <br/> following reasons: <br/> • • Death Permanently Disability <br/> • Service in the armed forces, <br/> • Foreign aid service of the federal government <br/> • Official church missions <br/> • Report total allowable exclusions </td> <td> </td> <td> </td> </tr> <tr> <td> Final cohort, after adjusting for allowable exclusions: </td> <td> 0 </td> <td> 0 </td> </tr> <tr> <td> Completers of programs of less than two years duration (total): </td> <td> </td> <td> </td> </tr> <tr> <td> Completers of programs of less than two years within 150 percent of normal <br/> time: </td> <td> </td> <td> </td> </tr> <tr> <td> Completers of programs of at least two but less than four years (total): </td> <td> </td> <td> </td> </tr> <tr> <td> Completers of programs of at least two but less than four-years within 150 <br/> percent of normal time: </td> <td> </td> <td> </td> </tr> <tr> <td> Total transfers-out (within three years) to other institutions: </td> <td> </td> <td> </td> </tr> <tr> <td> Total transfers to two-year institutions: </td> <td> </td> <td> </td> </tr> <tr> <td> Total transfers to four-year institutions: </td> <td> </td> <td> </td> </tr> </table>",115755,../data/cds-docs/2021-2022/115755.pdf,2021-2022
C,1,C1,"First-time, first-year (freshman) students: Provide the number of degree-seeking, first-time, first-year","[[{0: 'Total first-time, first-year', 1: '(freshman)', 2: 'men who applied', 3: '2768'}, {0: 'Total first-time, first-year', 1: '(freshman)', 2: 'women who applied', 3: '4257'}], [{0: 'Total first-time, first-year', 1: '(freshman)', 2: 'men who were admitted', 3: '2478'}, {0: 'Total first-time, first-year', 1: '(freshman)', 2: 'women who were admitted', 3: '3920'}], [{0: 'Total full-time, first-time, first-year (freshman) men who enrolled', 1: '244'}, {0: 'Total part-time, first-time, first-year (freshman) men who enrolled', 1: '10'}], [{0: 'Total full-time, first-time, first-year (freshman) women who enrolled', 1: '365'}, {0: 'Total part-time, first-time, first-year (freshman) women who enrolled', 1: '10'}], [{0: 'Total first-time, first-year (degree-seeking) who applied', 1: 'Total first-time, first-year (degree-seeking) who applied', 2: 'Total first-time, first-year (degree-seeking) who applied', 3: '7025'}, {0: 'Total first-time, first-year (degree-seeking) who were admitted', 1: 'Total first-time, first-year (degree-seeking) who were admitted', 2: 'Total first-time, first-year (degree-seeking) who were admitted', 3: '6398'}, {0: 'Total first-time, first-year', 1: '(degree-seeking)', 2: 'who enrolled', 3: '628'}]]","<table> <tr> <td> Total first-time, first-year </td> <td> (freshman) </td> <td> men who applied </td> <td> 2768 </td> </tr> <tr> <td> Total first-time, first-year </td> <td> (freshman) </td> <td> women who applied </td> <td> 4257 </td> </tr> </table><div class=""separator""></div><table> <tr> <td> Total first-time, first-year </td> <td> (freshman) </td> <td> men who were admitted </td> <td> 2478 </td> </tr> <tr> <td> Total first-time, first-year </td> <td> (freshman) </td> <td> women who were admitted </td> <td> 3920 </td> </tr> </table><div class=""separator""></div><table> <tr> <td> Total full-time, first-time, first-year (freshman) men who enrolled </td> <td> 244 </td> </tr> <tr> <td> Total part-time, first-time, first-year (freshman) men who enrolled </td> <td> 10 </td> </tr> </table><div class=""separator""></div><table> <tr> <td> Total full-time, first-time, first-year (freshman) women who enrolled </td> <td> 365 </td> </tr> <tr> <td> Total part-time, first-time, first-year (freshman) women who enrolled </td> <td> 10 </td> </tr> </table><div class=""separator""></div><table> <tr> <td colspan=""3""> Total first-time, first-year (degree-seeking) who applied </td> <td> 7025 </td> </tr> <tr> <td colspan=""3""> Total first-time, first-year (degree-seeking) who were admitted </td> <td> 6398 </td> </tr> <tr> <td> Total first-time, first-year </td> <td> (degree-seeking) </td> <td> who enrolled </td> <td> 628 </td> </tr> </table>",115755,../data/cds-docs/2021-2022/115755.pdf,2021-2022
C,2,C2,Freshman wait-listed students,"[[{0: 'WAITING LIST', 1: 'TOTAL'}, {0: 'Number of qualified applicants offered a place on waiting list:', 1: ''}, {0: 'Number accepting a place on the waiting list:', 1: ''}, {0: 'Number of wait-listed students admitted:', 1: ''}]]",<table> <tr> <td> WAITING LIST </td> <td> TOTAL </td> </tr> <tr> <td> Number of qualified applicants offered a place on waiting list: </td> <td> </td> </tr> <tr> <td> Number accepting a place on the waiting list: </td> <td> </td> </tr> <tr> <td> Number of wait-listed students admitted: </td> <td> </td> </tr> </table>,115755,../data/cds-docs/2021-2022/115755.pdf,2021-2022
C,5,C5,Distribution of high school units required and/or recommended. Specify the distribution of academic,"[[{0: '', 1: 'Required Units', 2: 'Units\nRecommended'}, {0: 'Total academic units', 1: '15', 2: ''}, {0: 'English', 1: '4', 2: ''}, {0: 'Mathematics', 1: '3', 2: ''}, {0: 'Science', 1: '2', 2: ''}, {0: 'Of these, units that must be\nlab', 1: '2', 2: ''}, {0: 'Foreign language', 1: '2', 2: ''}, {0: 'Social studies', 1: '1', 2: ''}, {0: 'History', 1: '1', 2: ''}, {0: 'Academic electives', 1: '1', 2: ''}, {0: 'Computer Science', 1: '', 2: ''}, {0: 'Visual/Performing Arts', 1: '1', 2: ''}, {0: 'Other (specify)', 1: '', 2: ''}]]","<table> <tr> <td> </td> <td> Required Units </td> <td> Units <br/> Recommended </td> </tr> <tr> <td> Total academic units </td> <td> 15 </td> <td> </td> </tr> <tr> <td> English </td> <td> 4 </td> <td> </td> </tr> <tr> <td> Mathematics </td> <td> 3 </td> <td> </td> </tr> <tr> <td> Science </td> <td> 2 </td> <td> </td> </tr> <tr> <td> Of these, units that must be <br/> lab </td> <td> 2 </td> <td> </td> </tr> <tr> <td> Foreign language </td> <td> 2 </td> <td> </td> </tr> <tr> <td> Social studies </td> <td> 1 </td> <td> </td> </tr> <tr> <td> History </td> <td> 1 </td> <td> </td> </tr> <tr> <td> Academic electives </td> <td> 1 </td> <td> </td> </tr> <tr> <td> Computer Science </td> <td> </td> <td> </td> </tr> <tr> <td> Visual/Performing Arts </td> <td> 1 </td> <td> </td> </tr> <tr> <td> Other (specify) </td> <td> </td> <td> </td> </tr> </table>",115755,../data/cds-docs/2021-2022/115755.pdf,2021-2022
C,7,C7,"Relative importance of each of the following academic and nonacademic factors in your first-time,","[[{0: '', 1: 'Very Important', 2: 'Important', 3: 'Considered', 4: 'Not Considered'}, {0: 'Academic', 1: 'Academic', 2: 'Academic', 3: 'Academic', 4: 'Academic'}, {0: 'Rigor of secondary school\nrecord', 1: '', 2: '', 3: 'x', 4: ''}, {0: 'Class rank', 1: '', 2: '', 3: '', 4: 'x'}, {0: 'Academic GPA', 1: 'x', 2: '', 3: '', 4: ''}, {0: 'Standardized test scores', 1: '', 2: '', 3: 'x', 4: ''}, {0: 'Application Essay', 1: '', 2: '', 3: '', 4: 'x'}, {0: 'Recommendation(s)', 1: '', 2: '', 3: '', 4: 'x'}, {0: 'Nonacademic', 1: 'Nonacademic', 2: 'Nonacademic', 3: 'Nonacademic', 4: 'Nonacademic'}, {0: 'Interview', 1: '', 2: '', 3: '', 4: 'x'}, {0: 'Extracurricular activities', 1: '', 2: '', 3: '', 4: 'x'}, {0: 'Talent/ability', 1: '', 2: '', 3: '', 4: 'x'}, {0: 'Character/personal qualities', 1: '', 2: '', 3: '', 4: 'x'}, {0: 'First generation', 1: '', 2: '', 3: '', 4: 'x'}, {0: 'Alumni/ae relation', 1: '', 2: '', 3: '', 4: 'x'}, {0: 'Geographical residence', 1: '', 2: '', 3: '', 4: 'x'}, {0: 'State residency', 1: '', 2: '', 3: '', 4: 'x'}, {0: 'Religious affiliation/commitment', 1: '', 2: '', 3: '', 4: 'x'}, {0: 'Racial/ethnic status', 1: '', 2: '', 3: '', 4: 'x'}, {0: 'Volunteer work', 1: '', 2: '', 3: '', 4: 'x'}, {0: 'Work experience', 1: '', 2: '', 3: '', 4: 'x'}, {0: 'Level of applicant’s interest', 1: '', 2: '', 3: '', 4: 'x'}]]","<table> <tr> <td> </td> <td> Very Important </td> <td> Important </td> <td> Considered </td> <td> Not Considered </td> </tr> <tr> <td colspan=""5""> Academic </td> </tr> <tr> <td> Rigor of secondary school <br/> record </td> <td> </td> <td> </td> <td> x </td> <td> </td> </tr> <tr> <td> Class rank </td> <td> </td> <td> </td> <td> </td> <td> x </td> </tr> <tr> <td> Academic GPA </td> <td> x </td> <td> </td> <td> </td> <td> </td> </tr> <tr> <td> Standardized test scores </td> <td> </td> <td> </td> <td> x </td> <td> </td> </tr> <tr> <td> Application Essay </td> <td> </td> <td> </td> <td> </td> <td> x </td> </tr> <tr> <td> Recommendation(s) </td> <td> </td> <td> </td> <td> </td> <td> x </td> </tr> <tr> <td colspan=""5""> Nonacademic </td> </tr> <tr> <td> Interview </td> <td> </td> <td> </td> <td> </td> <td> x </td> </tr> <tr> <td> Extracurricular activities </td> <td> </td> <td> </td> <td> </td> <td> x </td> </tr> <tr> <td> Talent/ability </td> <td> </td> <td> </td> <td> </td> <td> x </td> </tr> <tr> <td> Character/personal qualities </td> <td> </td> <td> </td> <td> </td> <td> x </td> </tr> <tr> <td> First generation </td> <td> </td> <td> </td> <td> </td> <td> x </td> </tr> <tr> <td> Alumni/ae relation </td> <td> </td> <td> </td> <td> </td> <td> x </td> </tr> <tr> <td> Geographical residence </td> <td> </td> <td> </td> <td> </td> <td> x </td> </tr> <tr> <td> State residency </td> <td> </td> <td> </td> <td> </td> <td> x </td> </tr> <tr> <td> Religious affiliation/commitment </td> <td> </td> <td> </td> <td> </td> <td> x </td> </tr> <tr> <td> Racial/ethnic status </td> <td> </td> <td> </td> <td> </td> <td> x </td> </tr> <tr> <td> Volunteer work </td> <td> </td> <td> </td> <td> </td> <td> x </td> </tr> <tr> <td> Work experience </td> <td> </td> <td> </td> <td> </td> <td> x </td> </tr> <tr> <td> Level of applicant’s interest </td> <td> </td> <td> </td> <td> </td> <td> x </td> </tr> </table>",115755,../data/cds-docs/2021-2022/115755.pdf,2021-2022
C,8,C8,"A If yes, place check marks in the appropriate boxes below to reflect your institution’s policies for use in","[[{0: '', 1: 'ADMISSION', 2: 'ADMISSION', 3: 'ADMISSION', 4: 'ADMISSION', 5: 'ADMISSION'}, {0: '', 1: 'Require', 2: 'Recommend', 3: 'Require for Some', 4: 'Consider if\nSubmitted', 5: 'Used Not'}, {0: 'SAT or ACT', 1: '', 2: '', 3: '', 4: 'x', 5: ''}, {0: 'ACT Only', 1: '', 2: '', 3: '', 4: 'x', 5: ''}, {0: 'SAT Only', 1: '', 2: '', 3: '', 4: 'x', 5: ''}, {0: 'SAT and SAT Subject Tests or', 1: '', 2: '', 3: '', 4: '', 5: 'x'}, {0: 'SAT Subject Tests', 1: '', 2: '', 3: '', 4: '', 5: 'x'}], [{0: 'x', 1: 'x'}, {0: 'x', 1: 'x'}]]","<table> <tr> <td rowspan=""2""> </td> <td colspan=""5""> ADMISSION </td> </tr> <tr> <td> Require </td> <td> Recommend </td> <td> Require for Some </td> <td> Consider if <br/> Submitted </td> <td> Used Not </td> </tr> <tr> <td> SAT or ACT </td> <td> </td> <td> </td> <td> </td> <td> x </td> <td> </td> </tr> <tr> <td> ACT Only </td> <td> </td> <td> </td> <td> </td> <td> x </td> <td> </td> </tr> <tr> <td> SAT Only </td> <td> </td> <td> </td> <td> </td> <td> x </td> <td> </td> </tr> <tr> <td> SAT and SAT Subject Tests or </td> <td> </td> <td> </td> <td> </td> <td> </td> <td> x </td> </tr> <tr> <td> SAT Subject Tests </td> <td> </td> <td> </td> <td> </td> <td> </td> <td> x </td> </tr> </table><div class=""separator""></div><table> <tr> <td> x </td> <td> x </td> </tr> <tr> <td> x </td> <td> x </td> </tr> </table>",115755,../data/cds-docs/2021-2022/115755.pdf,2021-2022
C,9,C9,"Percent and number of first-time, first-year (freshman) students enrolled in Fall 2021 who submitted","[[{0: '21%', 1: '134'}, {0: '5%', 1: '34'}], [{0: 'Assessment', 1: '25th Percentile', 2: '75th Percentile'}, {0: 'SAT Composite', 1: '1022.5', 2: '1257.5'}, {0: 'SAT Evidence-Based Reading and\nWriting', 1: '520', 2: '653'}, {0: 'SAT Math', 1: '500', 2: '608'}, {0: 'ACT Composite', 1: '22', 2: '28.5'}, {0: 'ACT Math', 1: '19.5', 2: '26.5'}, {0: 'ACT English', 1: '22', 2: '28'}, {0: 'ACT Writing', 1: '8', 2: '9'}]]","<table> <tr> <td> 21% </td> <td> 134 </td> </tr> <tr> <td> 5% </td> <td> 34 </td> </tr> </table><div class=""separator""></div><table> <tr> <td> Assessment </td> <td> 25th Percentile </td> <td> 75th Percentile </td> </tr> <tr> <td> SAT Composite </td> <td> 1022.5 </td> <td> 1257.5 </td> </tr> <tr> <td> SAT Evidence-Based Reading and <br/> Writing </td> <td> 520 </td> <td> 653 </td> </tr> <tr> <td> SAT Math </td> <td> 500 </td> <td> 608 </td> </tr> <tr> <td> ACT Composite </td> <td> 22 </td> <td> 28.5 </td> </tr> <tr> <td> ACT Math </td> <td> 19.5 </td> <td> 26.5 </td> </tr> <tr> <td> ACT English </td> <td> 22 </td> <td> 28 </td> </tr> <tr> <td> ACT Writing </td> <td> 8 </td> <td> 9 </td> </tr> </table>",115755,../data/cds-docs/2021-2022/115755.pdf,2021-2022
C,10,C10,"Percent of all degree-seeking, first-time, first-year (freshman) students who had high school class","[[{0: 'Assessment', 1: 'Percent'}, {0: 'Percent in top tenth of high school graduating class', 1: '5%'}, {0: 'Percent in top quarter of high school graduating class', 1: '31%'}, {0: 'Percent in top half of high school graduating class', 1: '71%'}, {0: 'Percent in bottom half of high school graduating class', 1: '29%'}, {0: 'Percent in bottom quarter of high school graduating class', 1: '5%'}, {0: 'Percent of total first-time, first-year (freshmen) students who submitted', 1: '67%'}]]","<table> <tr> <td> Assessment </td> <td> Percent </td> </tr> <tr> <td> Percent in top tenth of high school graduating class </td> <td> 5% </td> </tr> <tr> <td> Percent in top quarter of high school graduating class </td> <td> 31% </td> </tr> <tr> <td> Percent in top half of high school graduating class </td> <td> 71% </td> </tr> <tr> <td> Percent in bottom half of high school graduating class </td> <td> 29% </td> </tr> <tr> <td> Percent in bottom quarter of high school graduating class </td> <td> 5% </td> </tr> <tr> <td> Percent of total first-time, first-year (freshmen) students who submitted </td> <td> 67% </td> </tr> </table>",115755,../data/cds-docs/2021-2022/115755.pdf,2021-2022
C,11,C11,"Percentage of all enrolled, degree-seeking, first-time, first-year (freshman) students who had high","[[{0: 'Score Range', 1: 'Percent'}, {0: 'Percent who had GPA of 4.0', 1: '16.60%'}, {0: 'Percent who had GPA between 3.75 and 3.99', 1: '14.50%'}, {0: 'Percent who had GPA between 3.50 and 3.74', 1: '17.30%'}, {0: 'Percent who had GPA between 3.25 and 3.49', 1: '15.80%'}, {0: 'Percent who had GPA between 3.00 and 3.24', 1: '18.20%'}, {0: 'Percent who had GPA between 2.50 and 2.99', 1: '13.70%'}, {0: 'Percent who had GPA between 2.0 and 2.49', 1: '3.70%'}, {0: 'Percent who had GPA between 1.0 and 1.99', 1: '0.20%'}, {0: 'Percent who had GPA below 1.0', 1: '0.00%'}, {0: 'Totals should = 100%', 1: '100.00%'}]]",<table> <tr> <td> Score Range </td> <td> Percent </td> </tr> <tr> <td> Percent who had GPA of 4.0 </td> <td> 16.60% </td> </tr> <tr> <td> Percent who had GPA between 3.75 and 3.99 </td> <td> 14.50% </td> </tr> <tr> <td> Percent who had GPA between 3.50 and 3.74 </td> <td> 17.30% </td> </tr> <tr> <td> Percent who had GPA between 3.25 and 3.49 </td> <td> 15.80% </td> </tr> <tr> <td> Percent who had GPA between 3.00 and 3.24 </td> <td> 18.20% </td> </tr> <tr> <td> Percent who had GPA between 2.50 and 2.99 </td> <td> 13.70% </td> </tr> <tr> <td> Percent who had GPA between 2.0 and 2.49 </td> <td> 3.70% </td> </tr> <tr> <td> Percent who had GPA between 1.0 and 1.99 </td> <td> 0.20% </td> </tr> <tr> <td> Percent who had GPA below 1.0 </td> <td> 0.00% </td> </tr> <tr> <td> Totals should = 100% </td> <td> 100.00% </td> </tr> </table>,115755,../data/cds-docs/2021-2022/115755.pdf,2021-2022
C,14,C14,Application closing date,"[[{0: '', 1: 'Date'}, {0: 'Application closing date (fall)', 1: '4/30'}, {0: 'Priority Date', 1: '2/28'}]]",<table> <tr> <td> </td> <td> Date </td> </tr> <tr> <td> Application closing date (fall) </td> <td> 4/30 </td> </tr> <tr> <td> Priority Date </td> <td> 2/28 </td> </tr> </table>,115755,../data/cds-docs/2021-2022/115755.pdf,2021-2022
D,2,D2,"Provide the number of students who applied, were admitted, and enrolled as degree-seeking transfer","[[{0: '', 1: 'Applicants', 2: 'Admitted\nApplicants', 3: 'Enrolled\nApplicants'}, {0: 'Men', 1: '1,603', 2: '1,308', 3: '322'}, {0: 'Women', 1: '2,218', 2: '1,803', 3: '434'}, {0: 'Total', 1: '3,821', 2: '3,111', 3: '756'}]]","<table> <tr> <td> </td> <td> Applicants </td> <td> Admitted <br/> Applicants </td> <td> Enrolled <br/> Applicants </td> </tr> <tr> <td> Men </td> <td> 1,603 </td> <td> 1,308 </td> <td> 322 </td> </tr> <tr> <td> Women </td> <td> 2,218 </td> <td> 1,803 </td> <td> 434 </td> </tr> <tr> <td> Total </td> <td> 3,821 </td> <td> 3,111 </td> <td> 756 </td> </tr> </table>",115755,../data/cds-docs/2021-2022/115755.pdf,2021-2022
D,9,D9,Rolling,"[[{0: '', 1: 'Priority Date', 2: 'Closing Date', 3: 'Notification Date', 4: 'Reply Date', 5: 'Rolling\nAdmission'}, {0: 'Fall', 1: '2/28', 2: '4/30', 3: '', 4: '', 5: ''}, {0: 'Winter', 1: '', 2: '', 3: '', 4: '', 5: ''}, {0: 'Spring', 1: '8/31', 2: '11/30', 3: '', 4: '', 5: ''}, {0: 'Summer', 1: '', 2: '', 3: '', 4: '', 5: ''}]]",<table> <tr> <td> </td> <td> Priority Date </td> <td> Closing Date </td> <td> Notification Date </td> <td> Reply Date </td> <td> Rolling <br/> Admission </td> </tr> <tr> <td> Fall </td> <td> 2/28 </td> <td> 4/30 </td> <td> </td> <td> </td> <td> </td> </tr> <tr> <td> Winter </td> <td> </td> <td> </td> <td> </td> <td> </td> <td> </td> </tr> <tr> <td> Spring </td> <td> 8/31 </td> <td> 11/30 </td> <td> </td> <td> </td> <td> </td> </tr> <tr> <td> Summer </td> <td> </td> <td> </td> <td> </td> <td> </td> <td> </td> </tr> </table>,115755,../data/cds-docs/2021-2022/115755.pdf,2021-2022
F,1,F1,"Percentages of first-time, first-year (freshman) degree-seeking students and degree-","[[{0: '', 1: 'First-time, first\ufffe\nyear (freshman)\nstudents', 2: 'Undergraduates'}, {0: 'Percent who are from out of state (exclude\ninternational/nonresident aliens from the numerator\nand denominator)', 1: '7%', 2: '6%'}, {0: 'Percent of men who join fraternities', 1: '1%', 2: '1%'}, {0: 'Percent of women who join sororities', 1: '1%', 2: '1%'}, {0: 'Percent who live in college-owned, -operated, or -\naffiliated housing', 1: '84%', 2: '27%'}, {0: 'Percent who live off campus or commute', 1: '16%', 2: '73%'}, {0: 'Percent of students age 25 and older', 1: '0%', 2: '26%'}, {0: 'Average age of full-time students', 1: '18', 2: '23'}, {0: 'Average age of all students (full- and part-time)', 1: '18', 2: '23'}]]","<table> <tr> <td> </td> <td> First-time, first￾ <br/> year (freshman) <br/> students </td> <td> Undergraduates </td> </tr> <tr> <td> Percent who are from out of state (exclude <br/> international/nonresident aliens from the numerator <br/> and denominator) </td> <td> 7% </td> <td> 6% </td> </tr> <tr> <td> Percent of men who join fraternities </td> <td> 1% </td> <td> 1% </td> </tr> <tr> <td> Percent of women who join sororities </td> <td> 1% </td> <td> 1% </td> </tr> <tr> <td> Percent who live in college-owned, -operated, or - <br/> affiliated housing </td> <td> 84% </td> <td> 27% </td> </tr> <tr> <td> Percent who live off campus or commute </td> <td> 16% </td> <td> 73% </td> </tr> <tr> <td> Percent of students age 25 and older </td> <td> 0% </td> <td> 26% </td> </tr> <tr> <td> Average age of full-time students </td> <td> 18 </td> <td> 23 </td> </tr> <tr> <td> Average age of all students (full- and part-time) </td> <td> 18 </td> <td> 23 </td> </tr> </table>",115755,../data/cds-docs/2021-2022/115755.pdf,2021-2022
F,3,F3,ROTC (program offered in cooperation with Reserve Officers' Training Corps),"[[{0: '', 1: 'On Campus', 2: 'At Cooperating\nInstitution', 3: 'Name of Cooperating\nInstitution'}, {0: 'Army ROTC is offered:', 1: '', 2: '', 3: ''}, {0: 'Naval ROTC is offered:', 1: '', 2: '', 3: ''}, {0: 'Air Force ROTC is offered:', 1: '', 2: '', 3: ''}]]",<table> <tr> <td> </td> <td> On Campus </td> <td> At Cooperating <br/> Institution </td> <td> Name of Cooperating <br/> Institution </td> </tr> <tr> <td> Army ROTC is offered: </td> <td> </td> <td> </td> <td> </td> </tr> <tr> <td> Naval ROTC is offered: </td> <td> </td> <td> </td> <td> </td> </tr> <tr> <td> Air Force ROTC is offered: </td> <td> </td> <td> </td> <td> </td> </tr> </table>,115755,../data/cds-docs/2021-2022/115755.pdf,2021-2022
G,1,G1,First-Year Undergraduates,"[[{0: '', 1: 'First-Year', 2: 'Undergraduates'}, {0: 'PRIVATE INSTITUTIONS', 1: '', 2: ''}, {0: 'Tuition:', 1: '', 2: ''}, {0: 'PUBLIC INSTITUTIONS', 1: '', 2: ''}, {0: 'Tuition: In-district', 1: '', 2: ''}, {0: 'Tuition: In-state (out-of-district):', 1: '$5,742', 2: '$5,742'}, {0: 'Tuition: Out-of-state:', 1: '$15,246', 2: '$15,246'}, {0: 'Tuition: Non-resident alien', 1: '$15,246', 2: '$15,246'}, {0: 'FOR ALL INSTITUTIONS', 1: 'FOR ALL INSTITUTIONS', 2: 'FOR ALL INSTITUTIONS'}, {0: 'Required Fees', 1: '$2,122', 2: '$2,122'}, {0: 'Room and Board (on-campus):', 1: '$12,540', 2: '$12,540'}, {0: 'Room Only (on-campus):', 1: '$6,638', 2: '$6,638'}, {0: 'Board Only (on-campus meal plan):', 1: '$5,600', 2: '$5,600'}]]","<table> <tr> <td> </td> <td> First-Year </td> <td> Undergraduates </td> </tr> <tr> <td> PRIVATE INSTITUTIONS </td> <td> </td> <td> </td> </tr> <tr> <td> Tuition: </td> <td> </td> <td> </td> </tr> <tr> <td> PUBLIC INSTITUTIONS </td> <td> </td> <td> </td> </tr> <tr> <td> Tuition: In-district </td> <td> </td> <td> </td> </tr> <tr> <td> Tuition: In-state (out-of-district): </td> <td> $5,742 </td> <td> $5,742 </td> </tr> <tr> <td> Tuition: Out-of-state: </td> <td> $15,246 </td> <td> $15,246 </td> </tr> <tr> <td> Tuition: Non-resident alien </td> <td> $15,246 </td> <td> $15,246 </td> </tr> <tr> <td colspan=""3""> FOR ALL INSTITUTIONS </td> </tr> <tr> <td> Required Fees </td> <td> $2,122 </td> <td> $2,122 </td> </tr> <tr> <td> Room and Board (on-campus): </td> <td> $12,540 </td> <td> $12,540 </td> </tr> <tr> <td> Room Only (on-campus): </td> <td> $6,638 </td> <td> $6,638 </td> </tr> <tr> <td> Board Only (on-campus meal plan): </td> <td> $5,600 </td> <td> $5,600 </td> </tr> </table>",115755,../data/cds-docs/2021-2022/115755.pdf,2021-2022
G,5,G5,Provide the estimated expenses for a typical full-time undergraduate student:,"[[{0: '', 1: 'Residents', 2: 'Commuters\n(living at home)', 3: 'Commuters\n(not living at home)'}, {0: 'Books and supplies:', 1: '$1,090', 2: '$1,090', 3: '$1,090'}, {0: 'Room only:', 1: '', 2: '', 3: '$6,638'}, {0: 'Board only:', 1: '', 2: '$5,600', 3: '$5,600'}, {0: 'Room and board total*', 1: '', 2: '', 3: ''}, {0: 'Transportation:', 1: '$1,158', 2: '$1,158', 3: '$1,158'}, {0: 'Other expenses:', 1: '$2,204', 2: '$2,204', 3: '$2,204'}]]","<table> <tr> <td> </td> <td> Residents </td> <td> Commuters <br/> (living at home) </td> <td> Commuters <br/> (not living at home) </td> </tr> <tr> <td> Books and supplies: </td> <td> $1,090 </td> <td> $1,090 </td> <td> $1,090 </td> </tr> <tr> <td> Room only: </td> <td> </td> <td> </td> <td> $6,638 </td> </tr> <tr> <td> Board only: </td> <td> </td> <td> $5,600 </td> <td> $5,600 </td> </tr> <tr> <td> Room and board total* </td> <td> </td> <td> </td> <td> </td> </tr> <tr> <td> Transportation: </td> <td> $1,158 </td> <td> $1,158 </td> <td> $1,158 </td> </tr> <tr> <td> Other expenses: </td> <td> $2,204 </td> <td> $2,204 </td> <td> $2,204 </td> </tr> </table>",115755,../data/cds-docs/2021-2022/115755.pdf,2021-2022
H,2,H2,Number of Enrolled Students Awarded Aid: List the number of degree-seeking full-time and less-than-,"[[{0: '', 1: '', 2: 'First-time Full\ufffe\ntime Freshmen', 3: 'Full-time\nUndergrad\n(Incl. Fresh)', 4: 'Less Full-time Than\nUndergrad'}, {0: 'A', 1: 'Number of degree-seeking undergraduate students\n(CDS Item B1 if reporting on Fall 2021 cohort)', 2: '609', 3: '4577', 4: '604'}, {0: 'B', 1: 'Number of students in line a who applied for need\ufffe\nbased financial aid', 2: '527', 3: '4059', 4: '466'}, {0: 'C', 1: 'Number of students in line b who were determined to\nhave financial need', 2: '349', 3: '3507', 4: '417'}, {0: 'D', 1: 'Number of students in line c who were awarded any\nfinancial aid', 2: '340', 3: '3451', 4: '397'}, {0: 'E', 1: 'Number of students in line d who were awarded any\nneed-based scholarship or grant aid', 2: '330', 3: '3312', 4: '371'}, {0: 'F', 1: 'Number of students in line d who were awarded any\nneed-based self-help aid', 2: '179', 3: '1935', 4: '217'}, {0: 'G', 1: 'Number of students in line d who were awarded any\nnon-need-based scholarship or grant aid', 2: '13', 3: '106', 4: '8'}, {0: 'H', 1: 'Number of students in line d whose need was fully met\n(exclude PLUS loans, unsubsidized loans, and private\nalternative loans)', 2: '38', 3: '28', 4: '20'}], [{0: '', 1: '', 2: 'First-time\nFull-time\nFreshmen', 3: 'Full-time\nUndergrad\n(Incl. Fresh.)', 4: 'Less Full-time Than\nUndergrad'}, {0: 'N', 1: 'Number of students in line a who had no financial need\nand who were awarded institutional non-need-based\nscholarship or grant aid (exclude those who were\nawarded athletic awards and tuition benefits)', 2: '112', 3: '444', 4: '54'}, {0: 'O', 1: 'Average dollar amount of institutional non-need-based\nscholarship and grant aid awarded to students in line n', 2: '$ 1,152', 3: '$ 1,443', 4: '$ 1,917'}, {0: 'P', 1: 'Number of students in line a who were awarded an\ninstitutional non-need-based athletic scholarship or\ngrant', 2: '25', 3: '97', 4: '1'}, {0: 'Q', 1: 'Average dollar amount of institutional non-need-based\nathletic scholarships and grants awarded to students in\nline p', 2: '$ 5,176', 3: '$ 5,543', 4: '$ 1,000'}]]","<table> <tr> <td> </td> <td> </td> <td> First-time Full￾ <br/> time Freshmen </td> <td> Full-time <br/> Undergrad <br/> (Incl. Fresh) </td> <td> Less Full-time Than <br/> Undergrad </td> </tr> <tr> <td> A </td> <td> Number of degree-seeking undergraduate students <br/> (CDS Item B1 if reporting on Fall 2021 cohort) </td> <td> 609 </td> <td> 4577 </td> <td> 604 </td> </tr> <tr> <td> B </td> <td> Number of students in line a who applied for need￾ <br/> based financial aid </td> <td> 527 </td> <td> 4059 </td> <td> 466 </td> </tr> <tr> <td> C </td> <td> Number of students in line b who were determined to <br/> have financial need </td> <td> 349 </td> <td> 3507 </td> <td> 417 </td> </tr> <tr> <td> D </td> <td> Number of students in line c who were awarded any <br/> financial aid </td> <td> 340 </td> <td> 3451 </td> <td> 397 </td> </tr> <tr> <td> E </td> <td> Number of students in line d who were awarded any <br/> need-based scholarship or grant aid </td> <td> 330 </td> <td> 3312 </td> <td> 371 </td> </tr> <tr> <td> F </td> <td> Number of students in line d who were awarded any <br/> need-based self-help aid </td> <td> 179 </td> <td> 1935 </td> <td> 217 </td> </tr> <tr> <td> G </td> <td> Number of students in line d who were awarded any <br/> non-need-based scholarship or grant aid </td> <td> 13 </td> <td> 106 </td> <td> 8 </td> </tr> <tr> <td> H </td> <td> Number of students in line d whose need was fully met <br/> (exclude PLUS loans, unsubsidized loans, and private <br/> alternative loans) </td> <td> 38 </td> <td> 28 </td> <td> 20 </td> </tr> </table><div class=""separator""></div><table> <tr> <td> </td> <td> </td> <td> First-time <br/> Full-time <br/> Freshmen </td> <td> Full-time <br/> Undergrad <br/> (Incl. Fresh.) </td> <td> Less Full-time Than <br/> Undergrad </td> </tr> <tr> <td> N </td> <td> Number of students in line a who had no financial need <br/> and who were awarded institutional non-need-based <br/> scholarship or grant aid (exclude those who were <br/> awarded athletic awards and tuition benefits) </td> <td> 112 </td> <td> 444 </td> <td> 54 </td> </tr> <tr> <td> O </td> <td> Average dollar amount of institutional non-need-based <br/> scholarship and grant aid awarded to students in line n </td> <td> $ 1,152 </td> <td> $ 1,443 </td> <td> $ 1,917 </td> </tr> <tr> <td> P </td> <td> Number of students in line a who were awarded an <br/> institutional non-need-based athletic scholarship or <br/> grant </td> <td> 25 </td> <td> 97 </td> <td> 1 </td> </tr> <tr> <td> Q </td> <td> Average dollar amount of institutional non-need-based <br/> athletic scholarships and grants awarded to students in <br/> line p </td> <td> $ 5,176 </td> <td> $ 5,543 </td> <td> $ 1,000 </td> </tr> </table>",115755,../data/cds-docs/2021-2022/115755.pdf,2021-2022
H,5,H5,"Number and percent of students in class (defined in H4 above) borrowing from federal, non-federal,","[[{0: 'Source/Type of Loan', 1: 'Source/Type of Loan', 2: 'Number in the\nclass (defined\nin H4 above)\nwho borrowed\nfrom the types\nof loans\nspecified in the\nfirst Xcolumn', 3: 'Percent of the\nclass (defined\nabove) who\nborrowed from\nthe types of\nloans specified\nin column the first\n(nearest 1%)', 4: 'Average per\ufffe\nundergraduate\ufffe\nborrower\ncumulative\nprincipal\nborrowed from\nthe types of\nloans specified\nin column the first\n(nearest $1)'}, {0: 'A', 1: 'Any loan program: Federal Perkins, Federal Stafford\nSubsidized and Unsubsidized, institutional, state,\nprivate loans that your institution is aware of, etc.\nInclude both Federal Direct Student Loans and Federal\nFamily Education Loans.', 2: '552', 3: '71.00%', 4: '$23,200'}, {0: 'B', 1: 'Federal loan programs: Federal Perkins, Federal\nStafford Subsidized and Unsubsidized. Include both\nFederal Direct Student Loans and Federal Family\nEducation Loans.', 2: '548', 3: '71.00%', 4: '$21,994'}, {0: 'C', 1: 'Institutional loan programs.', 2: '', 3: '', 4: ''}, {0: 'D', 1: 'State loan programs.', 2: '', 3: '', 4: ''}, {0: 'E', 1: 'Private student loans made by a bank or lender.', 2: '', 3: '', 4: ''}]]","<table> <tr> <td colspan=""2""> Source/Type of Loan </td> <td> Number in the <br/> class (defined <br/> in H4 above) <br/> who borrowed <br/> from the types <br/> of loans <br/> specified in the <br/> first Xcolumn </td> <td> Percent of the <br/> class (defined <br/> above) who <br/> borrowed from <br/> the types of <br/> loans specified <br/> in column the first <br/> (nearest 1%) </td> <td> Average per￾ <br/> undergraduate￾ <br/> borrower <br/> cumulative <br/> principal <br/> borrowed from <br/> the types of <br/> loans specified <br/> in column the first <br/> (nearest $1) </td> </tr> <tr> <td> A </td> <td> Any loan program: Federal Perkins, Federal Stafford <br/> Subsidized and Unsubsidized, institutional, state, <br/> private loans that your institution is aware of, etc. <br/> Include both Federal Direct Student Loans and Federal <br/> Family Education Loans. </td> <td> 552 </td> <td> 71.00% </td> <td> $23,200 </td> </tr> <tr> <td> B </td> <td> Federal loan programs: Federal Perkins, Federal <br/> Stafford Subsidized and Unsubsidized. Include both <br/> Federal Direct Student Loans and Federal Family <br/> Education Loans. </td> <td> 548 </td> <td> 71.00% </td> <td> $21,994 </td> </tr> <tr> <td> C </td> <td> Institutional loan programs. </td> <td> </td> <td> </td> <td> </td> </tr> <tr> <td> D </td> <td> State loan programs. </td> <td> </td> <td> </td> <td> </td> </tr> <tr> <td> E </td> <td> Private student loans made by a bank or lender. </td> <td> </td> <td> </td> <td> </td> </tr> </table>",115755,../data/cds-docs/2021-2022/115755.pdf,2021-2022
H,11,H11,Indicate reply dates:,"[[{0: 'Students must reply by (date):', 1: ''}, {0: 'or within _______ weeks of notification.', 1: '4.00'}]]",<table> <tr> <td> Students must reply by (date): </td> <td> </td> </tr> <tr> <td> or within _______ weeks of notification. </td> <td> 4.00 </td> </tr> </table>,115755,../data/cds-docs/2021-2022/115755.pdf,2021-2022
H,14,H14,Check off criteria used in awarding institutional aid. Check all that apply.,"[[{0: '', 1: 'Non-Need Based', 2: 'Need-Based'}, {0: 'Academics', 1: 'X', 2: 'X'}, {0: 'Alumni affiliation', 1: '', 2: 'X'}, {0: 'Art', 1: '', 2: ''}, {0: 'Athletics', 1: 'X', 2: 'X'}, {0: 'Job skills', 1: '', 2: ''}, {0: 'ROTC', 1: '', 2: ''}, {0: 'Leadership', 1: '', 2: ''}, {0: 'Minority status', 1: '', 2: ''}, {0: 'Music/drama', 1: '', 2: ''}, {0: 'Religious affiliation', 1: '', 2: ''}, {0: 'State/district residency', 1: '', 2: 'X'}]]",<table> <tr> <td> </td> <td> Non-Need Based </td> <td> Need-Based </td> </tr> <tr> <td> Academics </td> <td> X </td> <td> X </td> </tr> <tr> <td> Alumni affiliation </td> <td> </td> <td> X </td> </tr> <tr> <td> Art </td> <td> </td> <td> </td> </tr> <tr> <td> Athletics </td> <td> X </td> <td> X </td> </tr> <tr> <td> Job skills </td> <td> </td> <td> </td> </tr> <tr> <td> ROTC </td> <td> </td> <td> </td> </tr> <tr> <td> Leadership </td> <td> </td> <td> </td> </tr> <tr> <td> Minority status </td> <td> </td> <td> </td> </tr> <tr> <td> Music/drama </td> <td> </td> <td> </td> </tr> <tr> <td> Religious affiliation </td> <td> </td> <td> </td> </tr> <tr> <td> State/district residency </td> <td> </td> <td> X </td> </tr> </table>,115755,../data/cds-docs/2021-2022/115755.pdf,2021-2022
J,1,J1,"Degrees conferred between July 1, 2020 and June 30, 2021","[[{0: 'Category', 1: 'Diploma/Certificates', 2: 'Associate', 3: 'Bachelor’s', 4: 'CIP 2020 Categories\nto Include'}, {0: 'Agriculture', 1: '', 2: '', 3: '1%', 4: '01'}, {0: 'Natural resources and conservation', 1: '', 2: '', 3: '17%', 4: '03'}, {0: 'Architecture', 1: '', 2: '', 3: '', 4: '04'}, {0: 'Area, ethnic, and gender studies', 1: '', 2: '', 3: '2%', 4: '05'}, {0: 'Communication/journalism', 1: '', 2: '', 3: '1%', 4: '09'}, {0: 'Communication technologies', 1: '', 2: '', 3: '', 4: '10'}, {0: 'Computer and information sciences', 1: '', 2: '', 3: '2%', 4: '11'}, {0: 'Personal and culinary services', 1: '', 2: '', 3: '', 4: '12'}, {0: 'Education', 1: '', 2: '', 3: '1%', 4: '13'}, {0: 'Engineering', 1: '', 2: '', 3: '2%', 4: '14'}, {0: 'Engineering technologies', 1: '', 2: '', 3: '', 4: '15'}, {0: 'Foreign languages, literatures, and linguistics', 1: '', 2: '', 3: '1%', 4: '16'}, {0: 'Family and consumer sciences', 1: '', 2: '', 3: '1%', 4: '19'}, {0: 'Law/legal studies', 1: '', 2: '', 3: '', 4: '22'}, {0: 'English', 1: '', 2: '', 3: '4%', 4: '23'}, {0: 'Liberal arts/general studies', 1: '', 2: '', 3: '4%', 4: '24'}, {0: 'Library science', 1: '', 2: '', 3: '', 4: '25'}, {0: 'Biological/life sciences', 1: '', 2: '', 3: '10%', 4: '26'}, {0: 'Mathematics and statistics', 1: '', 2: '', 3: '1%', 4: '27'}, {0: 'Military science and military technologies', 1: '', 2: '', 3: '', 4: '28 & 29'}, {0: 'Interdisciplinary studies', 1: '', 2: '', 3: '4%', 4: '30'}, {0: 'Parks and recreation', 1: '', 2: '', 3: '7%', 4: '31'}, {0: 'Philosophy and religious studies', 1: '', 2: '', 3: '2%', 4: '38'}, {0: 'Theology and religious vocations', 1: '', 2: '', 3: '', 4: '39'}, {0: 'Physical sciences', 1: '', 2: '', 3: '5%', 4: '40'}, {0: 'Science technologies', 1: '', 2: '', 3: '', 4: '41'}, {0: 'Psychology', 1: '', 2: '', 3: '8%', 4: '42'}, {0: 'Homeland Security, law enforcement, firefighting,\nand protective services', 1: '', 2: '', 3: '', 4: '43'}, {0: 'Public administration and social services', 1: '', 2: '', 3: '3%', 4: '44'}, {0: 'Social sciences', 1: '', 2: '', 3: '9%', 4: '45'}, {0: 'Construction trades', 1: '', 2: '', 3: '', 4: '46'}, {0: 'Mechanic and repair technologies', 1: '', 2: '', 3: '', 4: '47'}, {0: 'Precision production', 1: '', 2: '', 3: '', 4: '48'}, {0: 'Transportation and materials moving', 1: '', 2: '', 3: '', 4: '49'}, {0: 'Visual and performing arts', 1: '', 2: '', 3: '7%', 4: '50'}, {0: 'Health professions and related programs', 1: '', 2: '', 3: '', 4: '51'}, {0: 'Business/marketing', 1: '', 2: '', 3: '8%', 4: '52'}, {0: 'History', 1: '', 2: '', 3: '1%', 4: '54'}, {0: 'Other', 1: '', 2: '', 3: '', 4: ''}, {0: 'TOTAL (should = 100%)', 1: '0.00%', 2: '0.00%', 3: '100.00%', 4: ''}]]","<table> <tr> <td> Category </td> <td> Diploma/Certificates </td> <td> Associate </td> <td> Bachelor’s </td> <td> CIP 2020 Categories <br/> to Include </td> </tr> <tr> <td> Agriculture </td> <td> </td> <td> </td> <td> 1% </td> <td> 01 </td> </tr> <tr> <td> Natural resources and conservation </td> <td> </td> <td> </td> <td> 17% </td> <td> 03 </td> </tr> <tr> <td> Architecture </td> <td> </td> <td> </td> <td> </td> <td> 04 </td> </tr> <tr> <td> Area, ethnic, and gender studies </td> <td> </td> <td> </td> <td> 2% </td> <td> 05 </td> </tr> <tr> <td> Communication/journalism </td> <td> </td> <td> </td> <td> 1% </td> <td> 09 </td> </tr> <tr> <td> Communication technologies </td> <td> </td> <td> </td> <td> </td> <td> 10 </td> </tr> <tr> <td> Computer and information sciences </td> <td> </td> <td> </td> <td> 2% </td> <td> 11 </td> </tr> <tr> <td> Personal and culinary services </td> <td> </td> <td> </td> <td> </td> <td> 12 </td> </tr> <tr> <td> Education </td> <td> </td> <td> </td> <td> 1% </td> <td> 13 </td> </tr> <tr> <td> Engineering </td> <td> </td> <td> </td> <td> 2% </td> <td> 14 </td> </tr> <tr> <td> Engineering technologies </td> <td> </td> <td> </td> <td> </td> <td> 15 </td> </tr> <tr> <td> Foreign languages, literatures, and linguistics </td> <td> </td> <td> </td> <td> 1% </td> <td> 16 </td> </tr> <tr> <td> Family and consumer sciences </td> <td> </td> <td> </td> <td> 1% </td> <td> 19 </td> </tr> <tr> <td> Law/legal studies </td> <td> </td> <td> </td> <td> </td> <td> 22 </td> </tr> <tr> <td> English </td> <td> </td> <td> </td> <td> 4% </td> <td> 23 </td> </tr> <tr> <td> Liberal arts/general studies </td> <td> </td> <td> </td> <td> 4% </td> <td> 24 </td> </tr> <tr> <td> Library science </td> <td> </td> <td> </td> <td> </td> <td> 25 </td> </tr> <tr> <td> Biological/life sciences </td> <td> </td> <td> </td> <td> 10% </td> <td> 26 </td> </tr> <tr> <td> Mathematics and statistics </td> <td> </td> <td> </td> <td> 1% </td> <td> 27 </td> </tr> <tr> <td> Military science and military technologies </td> <td> </td> <td> </td> <td> </td> <td> 28 &amp; 29 </td> </tr> <tr> <td> Interdisciplinary studies </td> <td> </td> <td> </td> <td> 4% </td> <td> 30 </td> </tr> <tr> <td> Parks and recreation </td> <td> </td> <td> </td> <td> 7% </td> <td> 31 </td> </tr> <tr> <td> Philosophy and religious studies </td> <td> </td> <td> </td> <td> 2% </td> <td> 38 </td> </tr> <tr> <td> Theology and religious vocations </td> <td> </td> <td> </td> <td> </td> <td> 39 </td> </tr> <tr> <td> Physical sciences </td> <td> </td> <td> </td> <td> 5% </td> <td> 40 </td> </tr> <tr> <td> Science technologies </td> <td> </td> <td> </td> <td> </td> <td> 41 </td> </tr> <tr> <td> Psychology </td> <td> </td> <td> </td> <td> 8% </td> <td> 42 </td> </tr> <tr> <td> Homeland Security, law enforcement, firefighting, <br/> and protective services </td> <td> </td> <td> </td> <td> </td> <td> 43 </td> </tr> <tr> <td> Public administration and social services </td> <td> </td> <td> </td> <td> 3% </td> <td> 44 </td> </tr> <tr> <td> Social sciences </td> <td> </td> <td> </td> <td> 9% </td> <td> 45 </td> </tr> <tr> <td> Construction trades </td> <td> </td> <td> </td> <td> </td> <td> 46 </td> </tr> <tr> <td> Mechanic and repair technologies </td> <td> </td> <td> </td> <td> </td> <td> 47 </td> </tr> <tr> <td> Precision production </td> <td> </td> <td> </td> <td> </td> <td> 48 </td> </tr> <tr> <td> Transportation and materials moving </td> <td> </td> <td> </td> <td> </td> <td> 49 </td> </tr> <tr> <td> Visual and performing arts </td> <td> </td> <td> </td> <td> 7% </td> <td> 50 </td> </tr> <tr> <td> Health professions and related programs </td> <td> </td> <td> </td> <td> </td> <td> 51 </td> </tr> <tr> <td> Business/marketing </td> <td> </td> <td> </td> <td> 8% </td> <td> 52 </td> </tr> <tr> <td> History </td> <td> </td> <td> </td> <td> 1% </td> <td> 54 </td> </tr> <tr> <td> Other </td> <td> </td> <td> </td> <td> </td> <td> </td> </tr> <tr> <td> TOTAL (should = 100%) </td> <td> 0.00% </td> <td> 0.00% </td> <td> 100.00% </td> <td> </td> </tr> </table>",115755,../data/cds-docs/2021-2022/115755.pdf,2021-2022
