section,table_num,table_code,table_title,table_records,table_html,unitid,file,year
A,0,A0,Name: Jeanne Stronach,"[[{0: 'Name:', 1: 'Jeanne Stronach'}, {0: 'Title:', 1: 'Assistant Vice President'}, {0: 'Office:', 1: 'Analytic Studies & Institutional Research'}, {0: 'Mailing Address:', 1: '5500 Campanile Drive'}, {0: 'City/State/Zip/Country:', 1: 'San Diego, CA 92182-7732'}, {0: 'Phone:', 1: ''}, {0: 'E-mail Address:', 1: 'oir@sdsu.edu'}, {0: ""Are your responses to the CDS posted for\nreference on your institution's Web site?"", 1: 'Yes'}, {0: 'If yes, please provide the URL of the\ncorresponding Web page:', 1: 'https://asir.sdsu.edu/'}]]","<table> <tr> <td> Name: </td> <td> Jeanne Stronach </td> </tr> <tr> <td> Title: </td> <td> Assistant Vice President </td> </tr> <tr> <td> Office: </td> <td> Analytic Studies &amp; Institutional Research </td> </tr> <tr> <td> Mailing Address: </td> <td> 5500 Campanile Drive </td> </tr> <tr> <td> City/State/Zip/Country: </td> <td> San Diego, CA 92182-7732 </td> </tr> <tr> <td> Phone: </td> <td> </td> </tr> <tr> <td> E-mail Address: </td> <td> oir@sdsu.edu </td> </tr> <tr> <td> Are your responses to the CDS posted for <br/> reference on your institution's Web site? </td> <td> Yes </td> </tr> <tr> <td> If yes, please provide the URL of the <br/> corresponding Web page: </td> <td> https://asir.sdsu.edu/ </td> </tr> </table>",122409,../data/cds-docs/2024-2025/122409.pdf,2024-2025
A,1,A1,Name of College/University: San Diego State University,"[[{0: 'Name of College/University:', 1: 'San Diego State University'}, {0: 'Mailing Address:', 1: '5500 Campanile Drive'}, {0: 'City/State/Zip/Country:', 1: 'San Diego, CA 92182-7455'}, {0: 'Street Address (if different):', 1: ''}, {0: 'City/State/Zip/Country:', 1: ''}, {0: 'Main Phone Number:', 1: '619-594-5200'}, {0: 'WWW Home Page Address:', 1: 'www.sdsu.edu'}, {0: 'Admissions Phone Number:', 1: '619-594-6336'}, {0: 'Admissions Toll-Free Phone Number:', 1: ''}, {0: 'Admissions Office Mailing Address:', 1: ''}, {0: 'City/State/Zip/Country:', 1: ''}, {0: 'Admissions Fax Number:', 1: ''}, {0: 'Admissions E-mail Address:', 1: ''}, {0: 'If there is a separate URL for your school’s\nonline application, please specify:', 1: 'https://admissions.sdsu.edu/'}, {0: 'If you have a mailing address other than the\nabove to which applications should be sent,\nplease provide:', 1: ''}]]","<table> <tr> <td> Name of College/University: </td> <td> San Diego State University </td> </tr> <tr> <td> Mailing Address: </td> <td> 5500 Campanile Drive </td> </tr> <tr> <td> City/State/Zip/Country: </td> <td> San Diego, CA 92182-7455 </td> </tr> <tr> <td> Street Address (if different): </td> <td> </td> </tr> <tr> <td> City/State/Zip/Country: </td> <td> </td> </tr> <tr> <td> Main Phone Number: </td> <td> 619-594-5200 </td> </tr> <tr> <td> WWW Home Page Address: </td> <td> www.sdsu.edu </td> </tr> <tr> <td> Admissions Phone Number: </td> <td> 619-594-6336 </td> </tr> <tr> <td> Admissions Toll-Free Phone Number: </td> <td> </td> </tr> <tr> <td> Admissions Office Mailing Address: </td> <td> </td> </tr> <tr> <td> City/State/Zip/Country: </td> <td> </td> </tr> <tr> <td> Admissions Fax Number: </td> <td> </td> </tr> <tr> <td> Admissions E-mail Address: </td> <td> </td> </tr> <tr> <td> If there is a separate URL for your school’s <br/> online application, please specify: </td> <td> https://admissions.sdsu.edu/ </td> </tr> <tr> <td> If you have a mailing address other than the <br/> above to which applications should be sent, <br/> please provide: </td> <td> </td> </tr> </table>",122409,../data/cds-docs/2024-2025/122409.pdf,2024-2025
A,2,A2,Public X,"[[{0: 'Public', 1: 'X'}, {0: 'Private (nonprofit)', 1: ''}, {0: 'Proprietary', 1: ''}]]",<table> <tr> <td> Public </td> <td> X </td> </tr> <tr> <td> Private (nonprofit) </td> <td> </td> </tr> <tr> <td> Proprietary </td> <td> </td> </tr> </table>,122409,../data/cds-docs/2024-2025/122409.pdf,2024-2025
A,3,A3,Coeducational college X,"[[{0: 'Coeducational college', 1: 'X'}, {0: ""Men's college"", 1: ''}, {0: ""Women's college"", 1: ''}]]",<table> <tr> <td> Coeducational college </td> <td> X </td> </tr> <tr> <td> Men's college </td> <td> </td> </tr> <tr> <td> Women's college </td> <td> </td> </tr> </table>,122409,../data/cds-docs/2024-2025/122409.pdf,2024-2025
A,4,A4,Semester X,"[[{0: 'Semester', 1: 'X'}, {0: 'Quarter', 1: ''}, {0: 'Trimester', 1: ''}, {0: '4-1-4', 1: ''}, {0: 'Continuous', 1: ''}, {0: 'Differs by program (describe):', 1: ''}, {0: 'Other (describe):', 1: ''}]]",<table> <tr> <td> Semester </td> <td> X </td> </tr> <tr> <td> Quarter </td> <td> </td> </tr> <tr> <td> Trimester </td> <td> </td> </tr> <tr> <td> 4-1-4 </td> <td> </td> </tr> <tr> <td> Continuous </td> <td> </td> </tr> <tr> <td> Differs by program (describe): </td> <td> </td> </tr> <tr> <td> Other (describe): </td> <td> </td> </tr> </table>,122409,../data/cds-docs/2024-2025/122409.pdf,2024-2025
A,5,A5,Certificate,"[[{0: 'Certificate', 1: ''}, {0: 'Diploma', 1: ''}, {0: 'Associate', 1: ''}, {0: 'Transfer Associate', 1: ''}, {0: 'Terminal Associate', 1: ''}, {0: ""Bachelor's"", 1: 'X'}, {0: ""Postbachelor's certificate"", 1: 'X'}, {0: ""Master's"", 1: 'X'}, {0: ""Post-master's certificate"", 1: ''}, {0: 'Doctoral degree\nresearch/scholarship', 1: 'X'}, {0: 'Doctoral degree –\nprofessional practice', 1: 'X'}, {0: 'Doctoral degree -- other', 1: ''}]]",<table> <tr> <td> Certificate </td> <td> </td> </tr> <tr> <td> Diploma </td> <td> </td> </tr> <tr> <td> Associate </td> <td> </td> </tr> <tr> <td> Transfer Associate </td> <td> </td> </tr> <tr> <td> Terminal Associate </td> <td> </td> </tr> <tr> <td> Bachelor's </td> <td> X </td> </tr> <tr> <td> Postbachelor's certificate </td> <td> X </td> </tr> <tr> <td> Master's </td> <td> X </td> </tr> <tr> <td> Post-master's certificate </td> <td> </td> </tr> <tr> <td> Doctoral degree <br/> research/scholarship </td> <td> X </td> </tr> <tr> <td> Doctoral degree – <br/> professional practice </td> <td> X </td> </tr> <tr> <td> Doctoral degree -- other </td> <td> </td> </tr> </table>,122409,../data/cds-docs/2024-2025/122409.pdf,2024-2025
B,1,B1,FULL-TIME PART-TIME,"[[{0: '', 1: 'FULL-TIME', 2: 'FULL-TIME', 3: 'FULL-TIME', 4: 'PART-TIME', 5: 'PART-TIME', 6: 'PART-TIME'}, {0: '', 1: 'Men', 2: 'Women', 3: 'Another Gender', 4: 'Men', 5: 'Women', 6: 'Another\nGender'}, {0: 'Undergraduates', 1: '', 2: '', 3: '', 4: '', 5: '', 6: ''}, {0: 'Degree-seeking, first-time', 1: '2586', 2: '3,953', 3: '13', 4: '30', 5: '47', 6: ''}, {0: 'Other first-year, degree-seeking', 1: '', 2: '', 3: '', 4: '', 5: '', 6: ''}, {0: 'All other degree-seeking', 1: '10886', 2: '14088', 3: '82', 4: '1494', 5: '1442', 6: '16'}, {0: 'Total degree-seeking', 1: '13,472', 2: '18,041', 3: '95', 4: '1,524', 5: '1,489', 6: '16'}, {0: 'All other undergraduates enrolled\nin credit courses', 1: '', 2: '', 3: '', 4: '', 5: '', 6: ''}, {0: 'Total undergraduates', 1: '13,472', 2: '18,041', 3: '95', 4: '1,524', 5: '1,489', 6: '16'}, {0: 'Graduate', 1: '', 2: '', 3: '', 4: '', 5: '', 6: ''}, {0: 'Degree-seeking, first-time', 1: '486', 2: '873', 3: '16', 4: '166', 5: '228', 6: '1'}, {0: 'All other degree-seeking', 1: '531', 2: '1113', 3: '9', 4: '558', 5: '744', 6: '11'}, {0: 'All other graduates enrolled in\ncredit courses', 1: '', 2: '', 3: '', 4: '', 5: '', 6: ''}, {0: 'Total graduate', 1: '1017', 2: '', 3: '', 4: '', 5: '', 6: ''}]]","<table> <tr> <td> </td> <td colspan=""3""> FULL-TIME </td> <td colspan=""3""> PART-TIME </td> </tr> <tr> <td> </td> <td> Men </td> <td> Women </td> <td> Another Gender </td> <td> Men </td> <td> Women </td> <td> Another <br/> Gender </td> </tr> <tr> <td> Undergraduates </td> <td colspan=""6""> </td> </tr> <tr> <td> Degree-seeking, first-time </td> <td> 2586 </td> <td> 3,953 </td> <td> 13 </td> <td> 30 </td> <td> 47 </td> <td> </td> </tr> <tr> <td> Other first-year, degree-seeking </td> <td> </td> <td> </td> <td> </td> <td> </td> <td> </td> <td> </td> </tr> <tr> <td> All other degree-seeking </td> <td> 10886 </td> <td> 14088 </td> <td> 82 </td> <td> 1494 </td> <td> 1442 </td> <td> 16 </td> </tr> <tr> <td> Total degree-seeking </td> <td> 13,472 </td> <td> 18,041 </td> <td> 95 </td> <td> 1,524 </td> <td> 1,489 </td> <td> 16 </td> </tr> <tr> <td> All other undergraduates enrolled <br/> in credit courses </td> <td> </td> <td> </td> <td> </td> <td> </td> <td> </td> <td> </td> </tr> <tr> <td> Total undergraduates </td> <td> 13,472 </td> <td> 18,041 </td> <td> 95 </td> <td> 1,524 </td> <td> 1,489 </td> <td> 16 </td> </tr> <tr> <td> Graduate </td> <td colspan=""6""> </td> </tr> <tr> <td> Degree-seeking, first-time </td> <td> 486 </td> <td> 873 </td> <td> 16 </td> <td> 166 </td> <td> 228 </td> <td> 1 </td> </tr> <tr> <td> All other degree-seeking </td> <td> 531 </td> <td> 1113 </td> <td> 9 </td> <td> 558 </td> <td> 744 </td> <td> 11 </td> </tr> <tr> <td> All other graduates enrolled in <br/> credit courses </td> <td> </td> <td colspan=""5""> </td> </tr> <tr> <td> Total graduate </td> <td> 1017 </td> <td colspan=""5""> </td> </tr> </table>",122409,../data/cds-docs/2024-2025/122409.pdf,2024-2025
B,2,B2,Total,"[[{0: '', 1: 'Degree-Seeking\nFirst-Time\nFirst Year', 2: 'Degree-Seeking\nUndergraduates\n(include first-time\nfirst-year)', 3: 'Total\nUndergraduates\n(both degree- and\nnon-degree\ufffe\nseeking)'}, {0: 'Nonresident', 1: '148', 2: '920', 3: ''}, {0: 'Hispanic/Latino', 1: '2,174', 2: '12,493', 3: ''}, {0: 'Black or African American, non-Hispanic', 1: '177', 2: '1,187', 3: ''}, {0: 'White, non-Hispanic', 1: '2,489', 2: '11,569', 3: ''}, {0: 'American Indian or Alaska Native, non-Hispanic', 1: '5', 2: '55', 3: ''}, {0: 'Asian, non-Hispanic', 1: '880', 2: '4,563', 3: ''}, {0: 'Native Hawaiian or other Pacific Islander, non\ufffe\nHispanic', 1: '11', 2: '63', 3: ''}, {0: 'Two or more races, non-Hispanic', 1: '601', 2: '2,592', 3: ''}, {0: 'Race and/or ethnicity unknown', 1: '144', 2: '1,195', 3: ''}, {0: 'TOTAL', 1: '6,629', 2: '34,637', 3: ''}]]","<table> <tr> <td> </td> <td> Degree-Seeking <br/> First-Time <br/> First Year </td> <td> Degree-Seeking <br/> Undergraduates <br/> (include first-time <br/> first-year) </td> <td> Total <br/> Undergraduates <br/> (both degree- and <br/> non-degree￾ <br/> seeking) </td> </tr> <tr> <td> Nonresident </td> <td> 148 </td> <td> 920 </td> <td> </td> </tr> <tr> <td> Hispanic/Latino </td> <td> 2,174 </td> <td> 12,493 </td> <td> </td> </tr> <tr> <td> Black or African American, non-Hispanic </td> <td> 177 </td> <td> 1,187 </td> <td> </td> </tr> <tr> <td> White, non-Hispanic </td> <td> 2,489 </td> <td> 11,569 </td> <td> </td> </tr> <tr> <td> American Indian or Alaska Native, non-Hispanic </td> <td> 5 </td> <td> 55 </td> <td> </td> </tr> <tr> <td> Asian, non-Hispanic </td> <td> 880 </td> <td> 4,563 </td> <td> </td> </tr> <tr> <td> Native Hawaiian or other Pacific Islander, non￾ <br/> Hispanic </td> <td> 11 </td> <td> 63 </td> <td> </td> </tr> <tr> <td> Two or more races, non-Hispanic </td> <td> 601 </td> <td> 2,592 </td> <td> </td> </tr> <tr> <td> Race and/or ethnicity unknown </td> <td> 144 </td> <td> 1,195 </td> <td> </td> </tr> <tr> <td> TOTAL </td> <td> 6,629 </td> <td> 34,637 </td> <td> </td> </tr> </table>",122409,../data/cds-docs/2024-2025/122409.pdf,2024-2025
B,3,B3,Associate degrees,"[[{0: 'Certificate/diploma', 1: ''}, {0: 'Associate degrees', 1: ''}, {0: ""Bachelor's degrees"", 1: '8,582'}, {0: ""Postbachelor's certificates"", 1: '82'}, {0: ""Master's degrees"", 1: '1,907'}, {0: ""Post-Master's certificates"", 1: ''}, {0: 'Doctoral degrees –\nresearch/scholarship', 1: '142'}, {0: 'Doctoral degrees – professional\npractice', 1: '37'}, {0: 'Doctoral degrees – other', 1: ''}]]","<table> <tr> <td> Certificate/diploma </td> <td> </td> </tr> <tr> <td> Associate degrees </td> <td> </td> </tr> <tr> <td> Bachelor's degrees </td> <td> 8,582 </td> </tr> <tr> <td> Postbachelor's certificates </td> <td> 82 </td> </tr> <tr> <td> Master's degrees </td> <td> 1,907 </td> </tr> <tr> <td> Post-Master's certificates </td> <td> </td> </tr> <tr> <td> Doctoral degrees – <br/> research/scholarship </td> <td> 142 </td> </tr> <tr> <td> Doctoral degrees – professional <br/> practice </td> <td> 37 </td> </tr> <tr> <td> Doctoral degrees – other </td> <td> </td> </tr> </table>",122409,../data/cds-docs/2024-2025/122409.pdf,2024-2025
C,1,C1,"Total first-time, first-year (degree seeking) who applied 81487 7741 1281 90509","[[{0: '', 1: '', 2: 'In-State', 3: 'Out-of-State', 4: 'International', 5: 'Total'}, {0: 'Total first-time, first-year (degree seeking) who applied', 1: 'Total first-time, first-year (degree seeking) who applied', 2: '81487', 3: '7741', 4: '1281', 5: '90509'}, {0: 'Total first-time, first-year (degree seeking) admitted', 1: 'Total first-time, first-year (degree seeking) admitted', 2: '25091', 3: '6739', 4: '731', 5: '32561'}, {0: 'Total first-time, first-year (degree seeking)', 1: 'enrolled', 2: '4993', 3: '1488', 4: '148', 5: '6629'}]]","<table> <tr> <td> </td> <td> </td> <td> In-State </td> <td> Out-of-State </td> <td> International </td> <td> Total </td> </tr> <tr> <td colspan=""2""> Total first-time, first-year (degree seeking) who applied </td> <td> 81487 </td> <td> 7741 </td> <td> 1281 </td> <td> 90509 </td> </tr> <tr> <td colspan=""2""> Total first-time, first-year (degree seeking) admitted </td> <td> 25091 </td> <td> 6739 </td> <td> 731 </td> <td> 32561 </td> </tr> <tr> <td> Total first-time, first-year (degree seeking) </td> <td> enrolled </td> <td> 4993 </td> <td> 1488 </td> <td> 148 </td> <td> 6629 </td> </tr> </table>",122409,../data/cds-docs/2024-2025/122409.pdf,2024-2025
C,2,C2,Do you have a policy of placing students on a waiting list? X,"[[{0: '', 1: 'Yes', 2: 'No'}, {0: 'Do you have a policy of placing students on a waiting list?', 1: 'X', 2: ''}], [{0: 'Number of qualified applicants offered a place on waiting list', 1: '10,520'}, {0: 'Number accepting a place on the waiting list', 1: '4,802'}, {0: 'Number of wait-listed students admitted', 1: '1,804'}, {0: 'Is your waiting list ranked?', 1: 'Yes'}, {0: 'If yes, do you release that information to students?', 1: 'No'}, {0: 'Do you release that information to school counselors?', 1: 'No'}]]","<table> <tr> <td> </td> <td> Yes </td> <td> No </td> </tr> <tr> <td> Do you have a policy of placing students on a waiting list? </td> <td> X </td> <td> </td> </tr> </table><div class=""separator""></div><table> <tr> <td> Number of qualified applicants offered a place on waiting list </td> <td> 10,520 </td> </tr> <tr> <td> Number accepting a place on the waiting list </td> <td> 4,802 </td> </tr> <tr> <td> Number of wait-listed students admitted </td> <td> 1,804 </td> </tr> <tr> <td> Is your waiting list ranked? </td> <td> Yes </td> </tr> <tr> <td> If yes, do you release that information to students? </td> <td> No </td> </tr> <tr> <td> Do you release that information to school counselors? </td> <td> No </td> </tr> </table>",122409,../data/cds-docs/2024-2025/122409.pdf,2024-2025
C,3,C3,High school diploma is required and GED is,"[[{0: 'High school diploma is required and GED is\naccepted', 1: 'X'}, {0: 'High school diploma is required and GED is not\naccepted', 1: ''}, {0: 'High school diploma or equivalent is not required', 1: ''}]]",<table> <tr> <td> High school diploma is required and GED is <br/> accepted </td> <td> X </td> </tr> <tr> <td> High school diploma is required and GED is not <br/> accepted </td> <td> </td> </tr> <tr> <td> High school diploma or equivalent is not required </td> <td> </td> </tr> </table>,122409,../data/cds-docs/2024-2025/122409.pdf,2024-2025
C,4,C4,Recommend,"[[{0: 'Require', 1: 'X'}, {0: 'Recommend', 1: ''}, {0: 'Neither require nor recommend', 1: ''}]]",<table> <tr> <td> Require </td> <td> X </td> </tr> <tr> <td> Recommend </td> <td> </td> </tr> <tr> <td> Neither require nor recommend </td> <td> </td> </tr> </table>,122409,../data/cds-docs/2024-2025/122409.pdf,2024-2025
C,5,C5,Units Units,"[[{0: '', 1: 'Required Units', 2: 'Units\nRecommended'}, {0: 'Total academic units', 1: '15', 2: ''}, {0: 'English', 1: '4', 2: ''}, {0: 'Mathematics', 1: '3', 2: '4'}, {0: 'Science', 1: '2', 2: '3'}, {0: 'Of these, units that must be\nlab', 1: '2', 2: '3'}, {0: 'Foreign language', 1: '2', 2: ''}, {0: 'Social studies', 1: '1', 2: ''}, {0: 'History', 1: '1', 2: ''}, {0: 'Academic electives', 1: '1', 2: ''}, {0: 'Computer Science', 1: '', 2: ''}, {0: 'Visual/Performing Arts', 1: '1', 2: ''}]]","<table> <tr> <td> </td> <td> Required Units </td> <td> Units <br/> Recommended </td> </tr> <tr> <td> Total academic units </td> <td> 15 </td> <td> </td> </tr> <tr> <td> English </td> <td> 4 </td> <td> </td> </tr> <tr> <td> Mathematics </td> <td> 3 </td> <td> 4 </td> </tr> <tr> <td> Science </td> <td> 2 </td> <td> 3 </td> </tr> <tr> <td> Of these, units that must be <br/> lab </td> <td> 2 </td> <td> 3 </td> </tr> <tr> <td> Foreign language </td> <td> 2 </td> <td> </td> </tr> <tr> <td> Social studies </td> <td> 1 </td> <td> </td> </tr> <tr> <td> History </td> <td> 1 </td> <td> </td> </tr> <tr> <td> Academic electives </td> <td> 1 </td> <td> </td> </tr> <tr> <td> Computer Science </td> <td> </td> <td> </td> </tr> <tr> <td> Visual/Performing Arts </td> <td> 1 </td> <td> </td> </tr> </table>",122409,../data/cds-docs/2024-2025/122409.pdf,2024-2025
C,7,C7,,"[[{0: '', 1: 'Very Important', 2: 'Important', 3: 'Considered', 4: 'Considered Not'}, {0: 'Academic', 1: 'Academic', 2: 'Academic', 3: 'Academic', 4: 'Academic'}, {0: 'Rigor of secondary school\nrecord', 1: 'X', 2: '', 3: '', 4: ''}, {0: 'Class rank', 1: '', 2: '', 3: '', 4: 'X'}, {0: 'Academic GPA', 1: 'X', 2: '', 3: '', 4: ''}, {0: 'Recommendations', 1: '', 2: '', 3: '', 4: 'X'}, {0: 'Standardized test scores', 1: '', 2: '', 3: '', 4: 'X'}, {0: 'Application Essay', 1: '', 2: '', 3: '', 4: 'X'}, {0: 'Nonacademic', 1: 'Nonacademic', 2: 'Nonacademic', 3: 'Nonacademic', 4: 'Nonacademic'}, {0: 'Interview', 1: '', 2: '', 3: '', 4: 'X'}, {0: 'Extracurricular activities', 1: '', 2: '', 3: '', 4: 'X'}, {0: 'Talent/ability', 1: '', 2: '', 3: '', 4: 'X'}, {0: 'Character/personal qualities', 1: '', 2: '', 3: '', 4: 'X'}, {0: 'First generation', 1: '', 2: '', 3: '', 4: 'X'}, {0: 'Alumni/ae relation', 1: '', 2: '', 3: '', 4: 'X'}, {0: 'Geographical residence', 1: '', 2: 'X', 3: '', 4: ''}, {0: 'State residency', 1: '', 2: 'X', 3: '', 4: ''}, {0: 'Religious affiliation/commitment', 1: '', 2: '', 3: '', 4: 'X'}, {0: 'Volunteer work', 1: '', 2: '', 3: '', 4: 'X'}, {0: 'Work experience', 1: '', 2: '', 3: '', 4: 'X'}, {0: 'Level of applicant’s interest', 1: '', 2: '', 3: '', 4: 'X'}]]","<table> <tr> <td> </td> <td> Very Important </td> <td> Important </td> <td> Considered </td> <td> Considered Not </td> </tr> <tr> <td colspan=""5""> Academic </td> </tr> <tr> <td> Rigor of secondary school <br/> record </td> <td> X </td> <td> </td> <td> </td> <td> </td> </tr> <tr> <td> Class rank </td> <td> </td> <td> </td> <td> </td> <td> X </td> </tr> <tr> <td> Academic GPA </td> <td> X </td> <td> </td> <td> </td> <td> </td> </tr> <tr> <td> Recommendations </td> <td> </td> <td> </td> <td> </td> <td> X </td> </tr> <tr> <td> Standardized test scores </td> <td> </td> <td> </td> <td> </td> <td> X </td> </tr> <tr> <td> Application Essay </td> <td> </td> <td> </td> <td> </td> <td> X </td> </tr> <tr> <td colspan=""5""> Nonacademic </td> </tr> <tr> <td> Interview </td> <td> </td> <td> </td> <td> </td> <td> X </td> </tr> <tr> <td> Extracurricular activities </td> <td> </td> <td> </td> <td> </td> <td> X </td> </tr> <tr> <td> Talent/ability </td> <td> </td> <td> </td> <td> </td> <td> X </td> </tr> <tr> <td> Character/personal qualities </td> <td> </td> <td> </td> <td> </td> <td> X </td> </tr> <tr> <td> First generation </td> <td> </td> <td> </td> <td> </td> <td> X </td> </tr> <tr> <td> Alumni/ae relation </td> <td> </td> <td> </td> <td> </td> <td> X </td> </tr> <tr> <td> Geographical residence </td> <td> </td> <td> X </td> <td> </td> <td> </td> </tr> <tr> <td> State residency </td> <td> </td> <td> X </td> <td> </td> <td> </td> </tr> <tr> <td> Religious affiliation/commitment </td> <td> </td> <td> </td> <td> </td> <td> X </td> </tr> <tr> <td> Volunteer work </td> <td> </td> <td> </td> <td> </td> <td> X </td> </tr> <tr> <td> Work experience </td> <td> </td> <td> </td> <td> </td> <td> X </td> </tr> <tr> <td> Level of applicant’s interest </td> <td> </td> <td> </td> <td> </td> <td> X </td> </tr> </table>",122409,../data/cds-docs/2024-2025/122409.pdf,2024-2025
C,8,C8,A Does your institution make use of SAT or ACT test scores in,"[[{0: '', 1: 'Yes', 2: 'No'}, {0: 'Does your institution make use of SAT or ACT test scores in\nadmission decisions for first-time, first-year, degree-seeking\napplicants?', 1: '', 2: 'X'}], [{0: '', 1: 'ADMISSION', 2: 'ADMISSION', 3: 'ADMISSION', 4: 'ADMISSION', 5: 'ADMISSION'}, {0: '', 1: 'Required to be\nsubmitted for\nadmission', 2: 'Required for Some', 3: 'Recommend', 4: 'Consider if\nSubmitted', 5: 'Not Considered,\neven if submitted'}, {0: 'SAT or ACT', 1: '', 2: '', 3: '', 4: '', 5: 'X'}, {0: 'ACT only', 1: '', 2: '', 3: '', 4: '', 5: ''}, {0: 'SAT only', 1: '', 2: '', 3: '', 4: '', 5: ''}], [{0: 'Yes', 1: 'No'}, {0: 'X', 1: ''}], [{0: 'SAT', 1: 'X'}, {0: 'ACT', 1: 'X'}, {0: 'SAT Subject Tests', 1: 'X'}, {0: 'AP', 1: 'X'}, {0: 'CLEP', 1: ''}, {0: 'Institutional Exam', 1: 'X'}, {0: 'State Exam (specify):', 1: ''}]]","<table> <tr> <td> </td> <td> Yes </td> <td> No </td> </tr> <tr> <td> Does your institution make use of SAT or ACT test scores in <br/> admission decisions for first-time, first-year, degree-seeking <br/> applicants? </td> <td> </td> <td> X </td> </tr> </table><div class=""separator""></div><table> <tr> <td> </td> <td colspan=""5""> ADMISSION </td> </tr> <tr> <td> </td> <td> Required to be <br/> submitted for <br/> admission </td> <td> Required for Some </td> <td> Recommend </td> <td> Consider if <br/> Submitted </td> <td> Not Considered, <br/> even if submitted </td> </tr> <tr> <td> SAT or ACT </td> <td> </td> <td> </td> <td> </td> <td> </td> <td> X </td> </tr> <tr> <td> ACT only </td> <td> </td> <td> </td> <td> </td> <td> </td> <td> </td> </tr> <tr> <td> SAT only </td> <td> </td> <td> </td> <td> </td> <td> </td> <td> </td> </tr> </table><div class=""separator""></div><table> <tr> <td> Yes </td> <td> No </td> </tr> <tr> <td> X </td> <td> </td> </tr> </table><div class=""separator""></div><table> <tr> <td> SAT </td> <td> X </td> </tr> <tr> <td> ACT </td> <td> X </td> </tr> <tr> <td> SAT Subject Tests </td> <td> X </td> </tr> <tr> <td> AP </td> <td> X </td> </tr> <tr> <td> CLEP </td> <td> </td> </tr> <tr> <td> Institutional Exam </td> <td> X </td> </tr> <tr> <td> State Exam (specify): </td> <td> </td> </tr> </table>",122409,../data/cds-docs/2024-2025/122409.pdf,2024-2025
C,10,C10,Percent in top quarter of high school graduating class 68%,"[[{0: 'Percent in top tenth of high school graduating class', 1: '30%', 2: ''}, {0: 'Percent in top quarter of high school graduating class', 1: '68%', 2: ''}, {0: 'Percent in top half of high school graduating class', 1: '96%', 2: ''}, {0: 'Percent in bottom half of high school graduating class', 1: '4%', 2: ''}, {0: 'Percent in bottom quarter of high school graduating class', 1: '0%', 2: ''}, {0: 'Percent of total first-time, first-year (freshmen) students who submitted high school\nclass rank:', 1: 'Percent of total first-time, first-year (freshmen) students who submitted high school\nclass rank:', 2: '15%'}]]","<table> <tr> <td> Percent in top tenth of high school graduating class </td> <td> 30% </td> <td> </td> </tr> <tr> <td> Percent in top quarter of high school graduating class </td> <td> 68% </td> <td> </td> </tr> <tr> <td> Percent in top half of high school graduating class </td> <td> 96% </td> <td> </td> </tr> <tr> <td> Percent in bottom half of high school graduating class </td> <td> 4% </td> <td> </td> </tr> <tr> <td> Percent in bottom quarter of high school graduating class </td> <td> 0% </td> <td> </td> </tr> <tr> <td colspan=""2""> Percent of total first-time, first-year (freshmen) students who submitted high school <br/> class rank: </td> <td> 15% </td> </tr> </table>",122409,../data/cds-docs/2024-2025/122409.pdf,2024-2025
C,11,C11,Percent who had GPA between 3.75 and 3.99 30%,"[[{0: 'Percent who had GPA of 4.0', 1: '37%'}, {0: 'Percent who had GPA between 3.75 and 3.99', 1: '30%'}, {0: 'Percent who had GPA between 3.50 and 3.74', 1: '20%'}, {0: 'Percent who had GPA between 3.25 and 3.49', 1: '9%'}, {0: 'Percent who had GPA between 3.00 and 3.24', 1: '3%'}, {0: 'Percent who had GPA between 2.50 and 2.99', 1: '1%'}, {0: 'Percent who had GPA between 2.0 and 2.49', 1: ''}, {0: 'Percent who had GPA between 1.0 and 1.99', 1: ''}, {0: 'Percent who had GPA below 1.0', 1: ''}, {0: 'Totals should = 100%', 1: '100%'}]]",<table> <tr> <td> Percent who had GPA of 4.0 </td> <td> 37% </td> </tr> <tr> <td> Percent who had GPA between 3.75 and 3.99 </td> <td> 30% </td> </tr> <tr> <td> Percent who had GPA between 3.50 and 3.74 </td> <td> 20% </td> </tr> <tr> <td> Percent who had GPA between 3.25 and 3.49 </td> <td> 9% </td> </tr> <tr> <td> Percent who had GPA between 3.00 and 3.24 </td> <td> 3% </td> </tr> <tr> <td> Percent who had GPA between 2.50 and 2.99 </td> <td> 1% </td> </tr> <tr> <td> Percent who had GPA between 2.0 and 2.49 </td> <td> </td> </tr> <tr> <td> Percent who had GPA between 1.0 and 1.99 </td> <td> </td> </tr> <tr> <td> Percent who had GPA below 1.0 </td> <td> </td> </tr> <tr> <td> Totals should = 100% </td> <td> 100% </td> </tr> </table>,122409,../data/cds-docs/2024-2025/122409.pdf,2024-2025
C,12,C12,"Average high school GPA of all degree-seeking, first-time, first-year","[[{0: 'Average high school GPA of all degree-seeking, first-time, first-year\nstudents who submitted GPA:', 1: '3.84'}, {0: 'Percent of total first-time, first-year students who submitted high\nschool GPA:', 1: '100%'}]]","<table> <tr> <td> Average high school GPA of all degree-seeking, first-time, first-year <br/> students who submitted GPA: </td> <td> 3.84 </td> </tr> <tr> <td> Percent of total first-time, first-year students who submitted high <br/> school GPA: </td> <td> 100% </td> </tr> </table>",122409,../data/cds-docs/2024-2025/122409.pdf,2024-2025
C,13,C13,Does your institution have an,"[[{0: '', 1: 'Yes', 2: 'No'}, {0: 'Does your institution have an\napplication fee?', 1: 'X', 2: ''}, {0: 'Amount of application fee:', 1: '$70.00', 2: ''}, {0: '', 1: 'Yes', 2: 'No'}, {0: 'Can it be waived for applicants', 1: 'X', 2: ''}], [{0: '', 1: 'Yes', 2: 'No'}, {0: 'Can on-line application fee be\nwaived for applicants with\nfinancial need?', 1: 'X', 2: ''}]]","<table> <tr> <td> </td> <td> Yes </td> <td> No </td> </tr> <tr> <td> Does your institution have an <br/> application fee? </td> <td> X </td> <td> </td> </tr> <tr> <td> Amount of application fee: </td> <td> $70.00 </td> <td> </td> </tr> <tr> <td> </td> <td> Yes </td> <td> No </td> </tr> <tr> <td> Can it be waived for applicants </td> <td> X </td> <td> </td> </tr> </table><div class=""separator""></div><table> <tr> <td> </td> <td> Yes </td> <td> No </td> </tr> <tr> <td> Can on-line application fee be <br/> waived for applicants with <br/> financial need? </td> <td> X </td> <td> </td> </tr> </table>",122409,../data/cds-docs/2024-2025/122409.pdf,2024-2025
C,14,C14,Does your institution have an,"[[{0: '', 1: 'Yes', 2: 'No'}, {0: 'Does your institution have an\napplication closing date?', 1: 'X', 2: ''}, {0: 'Application closing date (fall):', 1: '11/30', 2: ''}, {0: 'Priority date:', 1: '', 2: ''}]]",<table> <tr> <td> </td> <td> Yes </td> <td> No </td> </tr> <tr> <td> Does your institution have an <br/> application closing date? </td> <td> X </td> <td> </td> </tr> <tr> <td> Application closing date (fall): </td> <td> 11/30 </td> <td> </td> </tr> <tr> <td> Priority date: </td> <td> </td> <td> </td> </tr> </table>,122409,../data/cds-docs/2024-2025/122409.pdf,2024-2025
C,15,C15,Yes No,"[[{0: '', 1: 'Yes', 2: 'No'}, {0: 'Are first-time, first-year students accepted for terms other than\nthe fall?', 1: '', 2: 'X'}]]","<table> <tr> <td> </td> <td> Yes </td> <td> No </td> </tr> <tr> <td> Are first-time, first-year students accepted for terms other than <br/> the fall? </td> <td> </td> <td> X </td> </tr> </table>",122409,../data/cds-docs/2024-2025/122409.pdf,2024-2025
C,16,C16,On a rolling basis beginning,"[[{0: 'On a rolling basis beginning\n(date):', 1: ''}, {0: 'By (date):', 1: 'March'}, {0: 'Other:', 1: 'Other:'}]]","<table> <tr> <td> On a rolling basis beginning <br/> (date): </td> <td> </td> </tr> <tr> <td> By (date): </td> <td> March </td> </tr> <tr> <td colspan=""2""> Other: </td> </tr> </table>",122409,../data/cds-docs/2024-2025/122409.pdf,2024-2025
C,17,C17,Must reply by (date): 5/1,"[[{0: 'Must reply by (date):', 1: '5/1', 2: ''}, {0: 'No set date:', 1: '', 2: ''}, {0: 'Must reply by May 1 or within\n_____ weeks if notified\nthereafter', 1: '', 2: ''}, {0: 'Other:', 1: 'Other:', 2: ''}, {0: 'Deadline for housing deposit (MM/DD):', 1: 'Deadline for housing deposit (MM/DD):', 2: '5/1'}, {0: 'Amount of housing deposit:', 1: 'Amount of housing deposit:', 2: '$375.00'}, {0: 'Refundable if student does not enroll?', 1: 'Refundable if student does not enroll?', 2: ''}, {0: 'Yes, in full', 1: '', 2: ''}, {0: 'Yes, in part', 1: '', 2: ''}, {0: 'No', 1: 'X', 2: 'http://housing.sdsu.edu'}]]","<table> <tr> <td> Must reply by (date): </td> <td> 5/1 </td> <td> </td> </tr> <tr> <td> No set date: </td> <td> </td> <td> </td> </tr> <tr> <td> Must reply by May 1 or within <br/> _____ weeks if notified <br/> thereafter </td> <td> </td> <td> </td> </tr> <tr> <td colspan=""2""> Other: </td> <td> </td> </tr> <tr> <td colspan=""2""> Deadline for housing deposit (MM/DD): </td> <td> 5/1 </td> </tr> <tr> <td colspan=""2""> Amount of housing deposit: </td> <td> $375.00 </td> </tr> <tr> <td colspan=""2""> Refundable if student does not enroll? </td> <td> </td> </tr> <tr> <td> Yes, in full </td> <td> </td> <td> </td> </tr> <tr> <td> Yes, in part </td> <td> </td> <td> </td> </tr> <tr> <td> No </td> <td> X </td> <td> http://housing.sdsu.edu </td> </tr> </table>",122409,../data/cds-docs/2024-2025/122409.pdf,2024-2025
C,18,C18,Does your institution allow students to postpone enrollment after,"[[{0: '', 1: 'Yes', 2: 'No'}, {0: 'Does your institution allow students to postpone enrollment after\nadmission?', 1: '', 2: 'X'}]]",<table> <tr> <td> </td> <td> Yes </td> <td> No </td> </tr> <tr> <td> Does your institution allow students to postpone enrollment after <br/> admission? </td> <td> </td> <td> X </td> </tr> </table>,122409,../data/cds-docs/2024-2025/122409.pdf,2024-2025
C,19,C19,"Does your institution allow high school students to enroll as full-time,","[[{0: '', 1: 'Yes', 2: 'No'}, {0: 'Does your institution allow high school students to enroll as full-time,\nfirst-time, first-year students one year or more before high school\ngraduation?', 1: '', 2: 'X'}]]","<table> <tr> <td> </td> <td> Yes </td> <td> No </td> </tr> <tr> <td> Does your institution allow high school students to enroll as full-time, <br/> first-time, first-year students one year or more before high school <br/> graduation? </td> <td> </td> <td> X </td> </tr> </table>",122409,../data/cds-docs/2024-2025/122409.pdf,2024-2025
C,21,C21,Does your institution offer an early decision plan (an admission plan,"[[{0: '', 1: 'Yes', 2: 'No'}, {0: 'Does your institution offer an early decision plan (an admission plan\nthat permits students to apply and be notified of an admission\ndecision well in advance of the regular notification date and that asks\nstudents to commit to attending if accepted) for first-time, first-year\napplicants for fall enrollment?', 1: '', 2: 'X'}]]","<table> <tr> <td> </td> <td> Yes </td> <td> No </td> </tr> <tr> <td> Does your institution offer an early decision plan (an admission plan <br/> that permits students to apply and be notified of an admission <br/> decision well in advance of the regular notification date and that asks <br/> students to commit to attending if accepted) for first-time, first-year <br/> applicants for fall enrollment? </td> <td> </td> <td> X </td> </tr> </table>",122409,../data/cds-docs/2024-2025/122409.pdf,2024-2025
C,22,C22,Do you have a nonbinding early action plan whereby students are,"[[{0: '', 1: 'Yes', 2: 'No'}, {0: 'Do you have a nonbinding early action plan whereby students are\nnotified of an admission decision well in advance of the regular\nnotification date but do not have to commit to attending your college?', 1: '', 2: 'X'}]]",<table> <tr> <td> </td> <td> Yes </td> <td> No </td> </tr> <tr> <td> Do you have a nonbinding early action plan whereby students are <br/> notified of an admission decision well in advance of the regular <br/> notification date but do not have to commit to attending your college? </td> <td> </td> <td> X </td> </tr> </table>,122409,../data/cds-docs/2024-2025/122409.pdf,2024-2025
D,1,D1,Yes No,"[[{0: '', 1: 'Yes', 2: 'No'}, {0: 'Does your institution enroll transfer students? (If no, please\nskip to Section E)', 1: 'X', 2: ''}, {0: 'If yes, may transfer students earn advanced standing credit\nby transferring credits earned from course work completed\nat other colleges/universities?', 1: 'X', 2: ''}]]","<table> <tr> <td> </td> <td> Yes </td> <td> No </td> </tr> <tr> <td> Does your institution enroll transfer students? (If no, please <br/> skip to Section E) </td> <td> X </td> <td> </td> </tr> <tr> <td> If yes, may transfer students earn advanced standing credit <br/> by transferring credits earned from course work completed <br/> at other colleges/universities? </td> <td> X </td> <td> </td> </tr> </table>",122409,../data/cds-docs/2024-2025/122409.pdf,2024-2025
D,2,D2,Applicants Admitted Enrolled,"[[{0: '', 1: 'Applicants', 2: 'Admitted', 3: 'Enrolled'}, {0: 'Men', 1: '7,645', 2: '4,036', 3: '1,985'}, {0: 'Women', 1: '8,571', 2: '4,634', 3: '2,221'}, {0: 'Another Gender', 1: '68', 2: '37', 3: '16'}, {0: 'Total', 1: '16,284', 2: '8,707', 3: '4,222'}]]","<table> <tr> <td> </td> <td> Applicants </td> <td> Admitted </td> <td> Enrolled </td> </tr> <tr> <td> Men </td> <td> 7,645 </td> <td> 4,036 </td> <td> 1,985 </td> </tr> <tr> <td> Women </td> <td> 8,571 </td> <td> 4,634 </td> <td> 2,221 </td> </tr> <tr> <td> Another Gender </td> <td> 68 </td> <td> 37 </td> <td> 16 </td> </tr> <tr> <td> Total </td> <td> 16,284 </td> <td> 8,707 </td> <td> 4,222 </td> </tr> </table>",122409,../data/cds-docs/2024-2025/122409.pdf,2024-2025
D,3,D3,Fall X,"[[{0: 'Fall', 1: 'X'}, {0: 'Winter', 1: ''}, {0: 'Spring', 1: ''}, {0: 'Summer', 1: ''}]]",<table> <tr> <td> Fall </td> <td> X </td> </tr> <tr> <td> Winter </td> <td> </td> </tr> <tr> <td> Spring </td> <td> </td> </tr> <tr> <td> Summer </td> <td> </td> </tr> </table>,122409,../data/cds-docs/2024-2025/122409.pdf,2024-2025
D,4,D4,Yes No,"[[{0: '', 1: 'Yes', 2: 'No'}, {0: 'Must a transfer applicant have a minimum number of\ncredits completed or else must apply as an entering\nfreshman?', 1: 'X', 2: ''}, {0: 'If yes, what is the minimum number of credits and the unit\nof measure?', 1: '60 semester', 2: ''}]]","<table> <tr> <td> </td> <td> Yes </td> <td> No </td> </tr> <tr> <td> Must a transfer applicant have a minimum number of <br/> credits completed or else must apply as an entering <br/> freshman? </td> <td> X </td> <td> </td> </tr> <tr> <td> If yes, what is the minimum number of credits and the unit <br/> of measure? </td> <td> 60 semester </td> <td> </td> </tr> </table>",122409,../data/cds-docs/2024-2025/122409.pdf,2024-2025
D,5,D5,Recommended Recommended,"[[{0: '', 1: 'Required of All', 2: 'Recommended\nof All', 3: 'Recommended\nof Some', 4: 'Required of Some', 5: 'Not Required'}, {0: 'High school transcript', 1: '', 2: '', 3: 'X', 4: '', 5: ''}, {0: 'College transcript(s)', 1: 'X', 2: '', 3: '', 4: '', 5: ''}, {0: 'Essay or personal', 1: '', 2: '', 3: '', 4: '', 5: 'X'}, {0: 'Interview', 1: '', 2: '', 3: '', 4: '', 5: 'X'}, {0: 'Standardized test scores', 1: '', 2: '', 3: 'X', 4: '', 5: ''}, {0: 'Statement of good standing', 1: '', 2: '', 3: '', 4: '', 5: 'X'}]]",<table> <tr> <td> </td> <td> Required of All </td> <td> Recommended <br/> of All </td> <td> Recommended <br/> of Some </td> <td> Required of Some </td> <td> Not Required </td> </tr> <tr> <td> High school transcript </td> <td> </td> <td> </td> <td> X </td> <td> </td> <td> </td> </tr> <tr> <td> College transcript(s) </td> <td> X </td> <td> </td> <td> </td> <td> </td> <td> </td> </tr> <tr> <td> Essay or personal </td> <td> </td> <td> </td> <td> </td> <td> </td> <td> X </td> </tr> <tr> <td> Interview </td> <td> </td> <td> </td> <td> </td> <td> </td> <td> X </td> </tr> <tr> <td> Standardized test scores </td> <td> </td> <td> </td> <td> X </td> <td> </td> <td> </td> </tr> <tr> <td> Statement of good standing </td> <td> </td> <td> </td> <td> </td> <td> </td> <td> X </td> </tr> </table>,122409,../data/cds-docs/2024-2025/122409.pdf,2024-2025
D,9,D9,Rolling,"[[{0: '', 1: 'Priority Date', 2: 'Closing Date', 3: 'Notification Date', 4: 'Reply Date', 5: 'Rolling\nAdmission'}, {0: 'Fall', 1: '', 2: '11/30', 3: 'March', 4: '5/1', 5: ''}, {0: 'Winter', 1: '', 2: '', 3: '', 4: '', 5: ''}, {0: 'Spring', 1: '', 2: '', 3: '', 4: '', 5: ''}, {0: 'Summer', 1: '', 2: '', 3: '', 4: '', 5: ''}]]",<table> <tr> <td> </td> <td> Priority Date </td> <td> Closing Date </td> <td> Notification Date </td> <td> Reply Date </td> <td> Rolling <br/> Admission </td> </tr> <tr> <td> Fall </td> <td> </td> <td> 11/30 </td> <td> March </td> <td> 5/1 </td> <td> </td> </tr> <tr> <td> Winter </td> <td> </td> <td> </td> <td> </td> <td> </td> <td> </td> </tr> <tr> <td> Spring </td> <td> </td> <td> </td> <td> </td> <td> </td> <td> </td> </tr> <tr> <td> Summer </td> <td> </td> <td> </td> <td> </td> <td> </td> <td> </td> </tr> </table>,122409,../data/cds-docs/2024-2025/122409.pdf,2024-2025
D,10,D10,Yes No,"[[{0: '', 1: 'Yes', 2: 'No'}, {0: 'Does an open admission policy, if reported, apply to\ntransfer students?', 1: '', 2: 'n/a'}]]","<table> <tr> <td> </td> <td> Yes </td> <td> No </td> </tr> <tr> <td> Does an open admission policy, if reported, apply to <br/> transfer students? </td> <td> </td> <td> n/a </td> </tr> </table>",122409,../data/cds-docs/2024-2025/122409.pdf,2024-2025
D,13,D13,Number Unit Type,"[[{0: '', 1: 'Number', 2: 'Unit Type'}, {0: 'Maximum number of credits or courses that may be\ntransferred from a two-year institution:', 1: '70', 2: 'semester'}]]",<table> <tr> <td> </td> <td> Number </td> <td> Unit Type </td> </tr> <tr> <td> Maximum number of credits or courses that may be <br/> transferred from a two-year institution: </td> <td> 70 </td> <td> semester </td> </tr> </table>,122409,../data/cds-docs/2024-2025/122409.pdf,2024-2025
D,14,D14,Number Unit Type,"[[{0: '', 1: 'Number', 2: 'Unit Type'}, {0: 'Maximum number of credits or courses that may be\ntransferred from a four-year institution:', 1: 'No limit', 2: 'semester'}]]",<table> <tr> <td> </td> <td> Number </td> <td> Unit Type </td> </tr> <tr> <td> Maximum number of credits or courses that may be <br/> transferred from a four-year institution: </td> <td> No limit </td> <td> semester </td> </tr> </table>,122409,../data/cds-docs/2024-2025/122409.pdf,2024-2025
D,18,D18,Does your institution accept the following military/veteran transfer credits:,"[[{0: '', 1: 'Yes', 2: 'No'}, {0: 'American Council on Education (ACE)', 1: 'X', 2: ''}, {0: 'College Level Examination Program (CLEP)', 1: 'X', 2: ''}, {0: 'DANTES Subject Standardized Tests (DSST)', 1: 'X', 2: ''}]]",<table> <tr> <td> </td> <td> Yes </td> <td> No </td> </tr> <tr> <td> American Council on Education (ACE) </td> <td> X </td> <td> </td> </tr> <tr> <td> College Level Examination Program (CLEP) </td> <td> X </td> <td> </td> </tr> <tr> <td> DANTES Subject Standardized Tests (DSST) </td> <td> X </td> <td> </td> </tr> </table>,122409,../data/cds-docs/2024-2025/122409.pdf,2024-2025
D,19,D19,Number Unit Type,"[[{0: '', 1: 'Number', 2: 'Unit Type'}, {0: 'Maximum number of credits or courses that may be\ntransferred based on military education evaluated by the\nAmerican Council on Education (ACE):', 1: 'No Limit', 2: 'Semester\nCredit'}]]",<table> <tr> <td> </td> <td> Number </td> <td> Unit Type </td> </tr> <tr> <td> Maximum number of credits or courses that may be <br/> transferred based on military education evaluated by the <br/> American Council on Education (ACE): </td> <td> No Limit </td> <td> Semester <br/> Credit </td> </tr> </table>,122409,../data/cds-docs/2024-2025/122409.pdf,2024-2025
D,20,D20,Number Unit Type,"[[{0: '', 1: 'Number', 2: 'Unit Type'}, {0: 'Maximum number of credits or courses that may be\ntransferred based on Department of Defense supported\nprior learning assessments (College Level Examination\nProgram (CLEP) or DANTES Subject Standardized Tests\n(DSST)):', 1: '24 30 DSST CLEP', 2: 'Semester\nCredit'}], [{0: '', 1: 'Yes', 2: 'No'}, {0: 'Are the military/veteran credit transfer policies on your\nwebsite?', 1: 'X', 2: ''}]]","<table> <tr> <td> </td> <td> Number </td> <td> Unit Type </td> </tr> <tr> <td> Maximum number of credits or courses that may be <br/> transferred based on Department of Defense supported <br/> prior learning assessments (College Level Examination <br/> Program (CLEP) or DANTES Subject Standardized Tests <br/> (DSST)): </td> <td> 24 30 DSST CLEP </td> <td> Semester <br/> Credit </td> </tr> </table><div class=""separator""></div><table> <tr> <td> </td> <td> Yes </td> <td> No </td> </tr> <tr> <td> Are the military/veteran credit transfer policies on your <br/> website? </td> <td> X </td> <td> </td> </tr> </table>",122409,../data/cds-docs/2024-2025/122409.pdf,2024-2025
E,1,E1,Accelerated program,"[[{0: 'Accelerated program', 1: ''}, {0: 'Comprehensive transition and postsecondary program for students with\nintellectual disabilities', 1: ''}, {0: 'Cross-registration', 1: 'X'}, {0: 'Distance learning', 1: 'X'}, {0: 'Double major', 1: 'X'}, {0: 'Dual enrollment', 1: 'X'}, {0: 'English as a Second Language (ESL)', 1: 'X'}, {0: 'Exchange student program (domestic)', 1: ''}, {0: 'External degree program', 1: 'X'}, {0: 'Honors Program', 1: 'X'}, {0: 'Independent study', 1: 'X'}, {0: 'Internships', 1: 'X'}, {0: 'Liberal arts/career combination', 1: 'X'}, {0: 'Student-designed major', 1: 'X'}, {0: 'Study abroad', 1: 'X'}, {0: 'Teacher certification program', 1: 'X'}, {0: 'Undergraduate Research', 1: 'X'}, {0: 'Weekend college', 1: ''}, {0: 'Other (specify):', 1: ''}]]",<table> <tr> <td> Accelerated program </td> <td> </td> </tr> <tr> <td> Comprehensive transition and postsecondary program for students with <br/> intellectual disabilities </td> <td> </td> </tr> <tr> <td> Cross-registration </td> <td> X </td> </tr> <tr> <td> Distance learning </td> <td> X </td> </tr> <tr> <td> Double major </td> <td> X </td> </tr> <tr> <td> Dual enrollment </td> <td> X </td> </tr> <tr> <td> English as a Second Language (ESL) </td> <td> X </td> </tr> <tr> <td> Exchange student program (domestic) </td> <td> </td> </tr> <tr> <td> External degree program </td> <td> X </td> </tr> <tr> <td> Honors Program </td> <td> X </td> </tr> <tr> <td> Independent study </td> <td> X </td> </tr> <tr> <td> Internships </td> <td> X </td> </tr> <tr> <td> Liberal arts/career combination </td> <td> X </td> </tr> <tr> <td> Student-designed major </td> <td> X </td> </tr> <tr> <td> Study abroad </td> <td> X </td> </tr> <tr> <td> Teacher certification program </td> <td> X </td> </tr> <tr> <td> Undergraduate Research </td> <td> X </td> </tr> <tr> <td> Weekend college </td> <td> </td> </tr> <tr> <td> Other (specify): </td> <td> </td> </tr> </table>,122409,../data/cds-docs/2024-2025/122409.pdf,2024-2025
E,3,E3,Arts/fine arts X,"[[{0: 'Arts/fine arts', 1: 'X'}, {0: 'Computer literacy', 1: ''}, {0: 'English (including composition)', 1: 'X'}, {0: 'Foreign languages', 1: 'X'}, {0: 'History', 1: 'X'}, {0: 'Physical Education', 1: ''}, {0: 'Humanities', 1: 'X'}, {0: 'Intensive writing', 1: 'X'}, {0: 'Mathematics', 1: 'X'}, {0: 'Philosophy', 1: 'X'}, {0: 'Sciences (biological or physical)', 1: 'X'}, {0: 'Social science', 1: 'X'}, {0: 'Other (describe): Ethnic Studies', 1: 'X'}]]",<table> <tr> <td> Arts/fine arts </td> <td> X </td> </tr> <tr> <td> Computer literacy </td> <td> </td> </tr> <tr> <td> English (including composition) </td> <td> X </td> </tr> <tr> <td> Foreign languages </td> <td> X </td> </tr> <tr> <td> History </td> <td> X </td> </tr> <tr> <td> Physical Education </td> <td> </td> </tr> <tr> <td> Humanities </td> <td> X </td> </tr> <tr> <td> Intensive writing </td> <td> X </td> </tr> <tr> <td> Mathematics </td> <td> X </td> </tr> <tr> <td> Philosophy </td> <td> X </td> </tr> <tr> <td> Sciences (biological or physical) </td> <td> X </td> </tr> <tr> <td> Social science </td> <td> X </td> </tr> <tr> <td> Other (describe): Ethnic Studies </td> <td> X </td> </tr> </table>,122409,../data/cds-docs/2024-2025/122409.pdf,2024-2025
F,1,F1,,"[[{0: '', 1: 'First-time, first-year\nstudents', 2: 'Undergraduates'}, {0: 'Percent who are from out of state (exclude\ninternational/nonresidents from the numerator and\ndenominator)', 1: '24%', 2: '16%'}, {0: 'Percent of men who join fraternities', 1: '14%', 2: '11%'}, {0: 'Percent of women who join sororities', 1: '15%', 2: '12%'}, {0: 'Percent who live in college-owned, -operated, or -\naffiliated housing', 1: '70%', 2: '24%'}, {0: 'Percent who live off campus or commute', 1: '30%', 2: '76%'}, {0: 'Percent of students age 25 and older', 1: '0%', 2: '9%'}, {0: 'Average age of full-time students', 1: '18', 2: '21'}, {0: 'Average age of all students (full- and part-time)', 1: '18', 2: '22'}]]","<table> <tr> <td> </td> <td> First-time, first-year <br/> students </td> <td> Undergraduates </td> </tr> <tr> <td> Percent who are from out of state (exclude <br/> international/nonresidents from the numerator and <br/> denominator) </td> <td> 24% </td> <td> 16% </td> </tr> <tr> <td> Percent of men who join fraternities </td> <td> 14% </td> <td> 11% </td> </tr> <tr> <td> Percent of women who join sororities </td> <td> 15% </td> <td> 12% </td> </tr> <tr> <td> Percent who live in college-owned, -operated, or - <br/> affiliated housing </td> <td> 70% </td> <td> 24% </td> </tr> <tr> <td> Percent who live off campus or commute </td> <td> 30% </td> <td> 76% </td> </tr> <tr> <td> Percent of students age 25 and older </td> <td> 0% </td> <td> 9% </td> </tr> <tr> <td> Average age of full-time students </td> <td> 18 </td> <td> 21 </td> </tr> <tr> <td> Average age of all students (full- and part-time) </td> <td> 18 </td> <td> 22 </td> </tr> </table>",122409,../data/cds-docs/2024-2025/122409.pdf,2024-2025
F,2,F2,Campus Ministries X,"[[{0: 'Campus Ministries', 1: 'X'}, {0: 'Choral groups', 1: 'X'}, {0: 'Concert band', 1: 'X'}, {0: 'Dance', 1: 'X'}, {0: 'Drama/theater', 1: 'X'}, {0: 'International Student', 1: 'X'}, {0: 'Jazz band', 1: 'X'}, {0: 'Literary magazine', 1: 'X'}, {0: 'Marching band', 1: 'X'}, {0: 'Model UN', 1: 'X'}, {0: 'Music ensembles', 1: 'X'}, {0: 'Musical theater', 1: 'X'}, {0: 'Opera', 1: 'X'}, {0: 'Pep band', 1: 'X'}, {0: 'Radio station', 1: 'X'}, {0: 'Student government', 1: 'X'}, {0: 'Student newspaper', 1: 'X'}, {0: 'Student-run film society', 1: 'X'}, {0: 'Symphony orchestra', 1: 'X'}, {0: 'Television station', 1: 'X'}, {0: 'Yearbook', 1: ''}]]",<table> <tr> <td> Campus Ministries </td> <td> X </td> </tr> <tr> <td> Choral groups </td> <td> X </td> </tr> <tr> <td> Concert band </td> <td> X </td> </tr> <tr> <td> Dance </td> <td> X </td> </tr> <tr> <td> Drama/theater </td> <td> X </td> </tr> <tr> <td> International Student </td> <td> X </td> </tr> <tr> <td> Jazz band </td> <td> X </td> </tr> <tr> <td> Literary magazine </td> <td> X </td> </tr> <tr> <td> Marching band </td> <td> X </td> </tr> <tr> <td> Model UN </td> <td> X </td> </tr> <tr> <td> Music ensembles </td> <td> X </td> </tr> <tr> <td> Musical theater </td> <td> X </td> </tr> <tr> <td> Opera </td> <td> X </td> </tr> <tr> <td> Pep band </td> <td> X </td> </tr> <tr> <td> Radio station </td> <td> X </td> </tr> <tr> <td> Student government </td> <td> X </td> </tr> <tr> <td> Student newspaper </td> <td> X </td> </tr> <tr> <td> Student-run film society </td> <td> X </td> </tr> <tr> <td> Symphony orchestra </td> <td> X </td> </tr> <tr> <td> Television station </td> <td> X </td> </tr> <tr> <td> Yearbook </td> <td> </td> </tr> </table>,122409,../data/cds-docs/2024-2025/122409.pdf,2024-2025
F,3,F3,On Campus At Cooperating Name of Cooperating,"[[{0: '', 1: 'On Campus', 2: 'At Cooperating\nInstitution', 3: 'Name of Cooperating\nInstitution'}, {0: 'Army ROTC is offered:', 1: 'X', 2: '', 3: ''}, {0: 'Naval ROTC is offered:', 1: '', 2: 'X', 3: 'University of San Diego'}, {0: 'Marine Option (for Naval ROTC)', 1: '', 2: 'X', 3: 'University of San Diego'}, {0: 'Air Force ROTC is offered:', 1: 'X', 2: '', 3: ''}]]",<table> <tr> <td> </td> <td> On Campus </td> <td> At Cooperating <br/> Institution </td> <td> Name of Cooperating <br/> Institution </td> </tr> <tr> <td> Army ROTC is offered: </td> <td> X </td> <td> </td> <td> </td> </tr> <tr> <td> Naval ROTC is offered: </td> <td> </td> <td> X </td> <td> University of San Diego </td> </tr> <tr> <td> Marine Option (for Naval ROTC) </td> <td> </td> <td> X </td> <td> University of San Diego </td> </tr> <tr> <td> Air Force ROTC is offered: </td> <td> X </td> <td> </td> <td> </td> </tr> </table>,122409,../data/cds-docs/2024-2025/122409.pdf,2024-2025
F,4,F4,Coed dorms X,"[[{0: 'Coed dorms', 1: 'X'}, {0: ""Men's dorms"", 1: ''}, {0: ""Women's dorms"", 1: ''}, {0: 'Apartments for married students', 1: ''}, {0: 'Apartments for single students', 1: 'X'}, {0: 'Special housing for disabled\nstudents', 1: 'X'}, {0: 'Special housing for international\nstudents', 1: 'X'}, {0: 'Fraternity/sorority housing', 1: 'X'}, {0: 'Cooperative housing', 1: ''}, {0: 'Theme housing', 1: 'X'}, {0: 'Wellness housing', 1: 'X'}, {0: 'Living Learning Communities', 1: 'X'}, {0: 'Other housing options (specify):\nX\nSDSU Housing', 1: 'X'}, {0: 'Other housing options (specify):\nX\nSDSU Housing', 1: 'Other housing options (specify):\nX\nSDSU Housing'}]]","<table> <tr> <td> Coed dorms </td> <td> X </td> </tr> <tr> <td> Men's dorms </td> <td> </td> </tr> <tr> <td> Women's dorms </td> <td> </td> </tr> <tr> <td> Apartments for married students </td> <td> </td> </tr> <tr> <td> Apartments for single students </td> <td> X </td> </tr> <tr> <td> Special housing for disabled <br/> students </td> <td> X </td> </tr> <tr> <td> Special housing for international <br/> students </td> <td> X </td> </tr> <tr> <td> Fraternity/sorority housing </td> <td> X </td> </tr> <tr> <td> Cooperative housing </td> <td> </td> </tr> <tr> <td> Theme housing </td> <td> X </td> </tr> <tr> <td> Wellness housing </td> <td> X </td> </tr> <tr> <td> Living Learning Communities </td> <td> X </td> </tr> <tr> <td rowspan=""2""> Other housing options (specify): <br/> X <br/> SDSU Housing </td> <td> X </td> </tr> <tr> <td> Other housing options (specify): <br/> X <br/> SDSU Housing </td> </tr> </table>",122409,../data/cds-docs/2024-2025/122409.pdf,2024-2025
G,1,G1,First-Year Undergraduates,"[[{0: '', 1: 'First-Year', 2: 'Undergraduates'}, {0: 'PRIVATE INSTITUTIONS\nTuition:', 1: '', 2: ''}, {0: 'PUBLIC INSTITUTIONS\nTuition:\nIn-district', 1: '$6,450', 2: '$6,450'}, {0: 'PUBLIC INSTITUTIONS\nIn-state (out-of-district):', 1: '$6,450', 2: '$6,450'}, {0: 'PUBLIC INSTITUTIONS\nOut-of-state:', 1: '$19,770', 2: '$19,770'}, {0: 'NONRESIDENT\nTuition:', 1: '$19,770', 2: '$19,770'}, {0: 'REQUIRED FEES:', 1: '$2,730', 2: '$2,730'}, {0: 'Nonresident Fee**', 1: '$3,000', 2: '$3,000'}, {0: 'FOOD AND HOUSING (on campus):', 1: '$23,736', 2: '$23,736'}, {0: 'HOUSING ONLY (on campus):', 1: '', 2: ''}, {0: 'FOOD ONLY (on campus meal plan):\n(on-campus meal plan)', 1: '', 2: ''}]]","<table> <tr> <td> </td> <td> First-Year </td> <td> Undergraduates </td> </tr> <tr> <td> PRIVATE INSTITUTIONS <br/> Tuition: </td> <td> </td> <td> </td> </tr> <tr> <td> PUBLIC INSTITUTIONS <br/> Tuition: <br/> In-district </td> <td> $6,450 </td> <td> $6,450 </td> </tr> <tr> <td> PUBLIC INSTITUTIONS <br/> In-state (out-of-district): </td> <td> $6,450 </td> <td> $6,450 </td> </tr> <tr> <td> PUBLIC INSTITUTIONS <br/> Out-of-state: </td> <td> $19,770 </td> <td> $19,770 </td> </tr> <tr> <td> NONRESIDENT <br/> Tuition: </td> <td> $19,770 </td> <td> $19,770 </td> </tr> <tr> <td> REQUIRED FEES: </td> <td> $2,730 </td> <td> $2,730 </td> </tr> <tr> <td> Nonresident Fee** </td> <td> $3,000 </td> <td> $3,000 </td> </tr> <tr> <td> FOOD AND HOUSING (on campus): </td> <td> $23,736 </td> <td> $23,736 </td> </tr> <tr> <td> HOUSING ONLY (on campus): </td> <td> </td> <td> </td> </tr> <tr> <td> FOOD ONLY (on campus meal plan): <br/> (on-campus meal plan) </td> <td> </td> <td> </td> </tr> </table>",122409,../data/cds-docs/2024-2025/122409.pdf,2024-2025
G,2,G2,Minimum Maximum,"[[{0: '', 1: 'Minimum', 2: 'Maximum'}, {0: 'Number of credits per term a student can take for the stated\nfull-time tuition', 1: '6.1', 2: '+'}]]",<table> <tr> <td> </td> <td> Minimum </td> <td> Maximum </td> </tr> <tr> <td> Number of credits per term a student can take for the stated <br/> full-time tuition </td> <td> 6.1 </td> <td> + </td> </tr> </table>,122409,../data/cds-docs/2024-2025/122409.pdf,2024-2025
G,3,G3,Yes No,"[[{0: '', 1: 'Yes', 2: 'No'}, {0: 'Do tuition and fees vary by year of study (e.g., sophomore,\njunior, senior)?', 1: '', 2: 'X'}]]","<table> <tr> <td> </td> <td> Yes </td> <td> No </td> </tr> <tr> <td> Do tuition and fees vary by year of study (e.g., sophomore, <br/> junior, senior)? </td> <td> </td> <td> X </td> </tr> </table>",122409,../data/cds-docs/2024-2025/122409.pdf,2024-2025
G,4,G4,Yes No,"[[{0: '', 1: 'Yes', 2: 'No'}, {0: 'Do tuition and fees vary by undergraduate instructional\nprogram?', 1: '', 2: 'X'}]]",<table> <tr> <td> </td> <td> Yes </td> <td> No </td> </tr> <tr> <td> Do tuition and fees vary by undergraduate instructional <br/> program? </td> <td> </td> <td> X </td> </tr> </table>,122409,../data/cds-docs/2024-2025/122409.pdf,2024-2025
G,5,G5,Commuters Commuters,"[[{0: '', 1: 'Residents', 2: 'Commuters\n(living at home)', 3: 'Commuters\n(not living at home)'}, {0: 'Books and supplies', 1: '$970', 2: '$970', 3: '$970'}, {0: 'Housing only', 1: '', 2: '', 3: ''}, {0: 'Food only', 1: '', 2: '', 3: ''}, {0: 'Food and Housing total (if your college\ncannot provide separate food and\nhousing figures for commuters not\nliving at home):', 1: '$23,736', 2: '$9,527', 3: '$18,406'}, {0: 'Transportation', 1: '$1,170', 2: '$2,470', 3: '$2,466'}, {0: 'Other expenses', 1: '$2,268', 2: '$2,612', 3: '$2,980'}]]","<table> <tr> <td> </td> <td> Residents </td> <td> Commuters <br/> (living at home) </td> <td> Commuters <br/> (not living at home) </td> </tr> <tr> <td> Books and supplies </td> <td> $970 </td> <td> $970 </td> <td> $970 </td> </tr> <tr> <td> Housing only </td> <td> </td> <td> </td> <td> </td> </tr> <tr> <td> Food only </td> <td> </td> <td> </td> <td> </td> </tr> <tr> <td> Food and Housing total (if your college <br/> cannot provide separate food and <br/> housing figures for commuters not <br/> living at home): </td> <td> $23,736 </td> <td> $9,527 </td> <td> $18,406 </td> </tr> <tr> <td> Transportation </td> <td> $1,170 </td> <td> $2,470 </td> <td> $2,466 </td> </tr> <tr> <td> Other expenses </td> <td> $2,268 </td> <td> $2,612 </td> <td> $2,980 </td> </tr> </table>",122409,../data/cds-docs/2024-2025/122409.pdf,2024-2025
G,6,G6,PRIVATE INSTITUTIONS:,"[[{0: 'PRIVATE INSTITUTIONS:', 1: ''}, {0: 'PUBLIC INSTITUTIONS\nIn-district:', 1: ''}, {0: 'PUBLIC INSTITUTIONS\nIn-state (out-of-district):', 1: ''}, {0: 'PUBLIC INSTITUTIONS\nOut-of-state:', 1: '$444/unit'}, {0: 'NONRESIDENT:', 1: '$444/unit'}]]",<table> <tr> <td> PRIVATE INSTITUTIONS: </td> <td> </td> </tr> <tr> <td> PUBLIC INSTITUTIONS <br/> In-district: </td> <td> </td> </tr> <tr> <td> PUBLIC INSTITUTIONS <br/> In-state (out-of-district): </td> <td> </td> </tr> <tr> <td> PUBLIC INSTITUTIONS <br/> Out-of-state: </td> <td> $444/unit </td> </tr> <tr> <td> NONRESIDENT: </td> <td> $444/unit </td> </tr> </table>,122409,../data/cds-docs/2024-2025/122409.pdf,2024-2025
H,1,H1,2024-2025 2023-2024 Final,"[[{0: '', 1: '2024-2025', 2: '2023-2024 Final'}, {0: 'Indicate the academic year for which data are reported for items H1,\nH2, H2A, and H6 below:', 1: 'X', 2: ''}], [{0: '', 1: 'Need-based $ (Include\nnon-need-based aid used to\nmeet need.)', 2: 'Non-need-based $\n(Exclude non-need-based aid\nused to meet need.)'}, {0: 'Scholarships/Grants', 1: 'Scholarships/Grants', 2: 'Scholarships/Grants'}, {0: 'Federal', 1: '$79,638,015', 2: '$9,559'}, {0: 'State (i.e., all states, not only the state in which your institution is\nlocated)', 1: '$83,152,781', 2: '$18,572,987'}, {0: 'Institutional: Endowed scholarships, annual gifts and tuition funded\ngrants, awarded by the college, excluding athletic aid and tuition\nwaivers (which are reported below).', 1: '$34,376,122', 2: '$3,404,600'}, {0: 'Scholarships/grants from external sources (e.g., Kiwanis, National\nMerit) not awarded by the college', 1: '$0', 2: '$4,270,513'}, {0: 'Total Scholarships/Grants', 1: '$197,166,918', 2: '$26,257,659'}, {0: 'Self-Help', 1: 'Self-Help', 2: 'Self-Help'}, {0: 'Student loans from all sources (excluding parent loans)', 1: '$56,449,607', 2: '$28,377,379'}, {0: 'Federal Work-Study', 1: '$2,549,525', 2: ''}, {0: 'State and other (e.g., institutional) work-study/employment (Note:\nExcludes Federal Work-Study captured above.)', 1: '$0', 2: '$0'}, {0: 'Total Self-Help', 1: '$58,999,132', 2: '$28,377,379'}, {0: 'Other', 1: 'Other', 2: 'Other'}, {0: 'Parent Loans', 1: '$4,070,862', 2: '$38,061,795'}, {0: 'Tuition Waivers\nReporting is optional. Report tuition waivers in this row if you choose to report them. Do\nnot report tuition waivers elsewhere.', 1: '$0', 2: '$6,107,584'}, {0: 'Athletic Awards', 1: '$0', 2: '$8,327,624'}]]","<table> <tr> <td> </td> <td> 2024-2025 </td> <td> 2023-2024 Final </td> </tr> <tr> <td> Indicate the academic year for which data are reported for items H1, <br/> H2, H2A, and H6 below: </td> <td> X </td> <td> </td> </tr> </table><div class=""separator""></div><table> <tr> <td> </td> <td> Need-based $ (Include <br/> non-need-based aid used to <br/> meet need.) </td> <td> Non-need-based $ <br/> (Exclude non-need-based aid <br/> used to meet need.) </td> </tr> <tr> <td colspan=""3""> Scholarships/Grants </td> </tr> <tr> <td> Federal </td> <td> $79,638,015 </td> <td> $9,559 </td> </tr> <tr> <td> State (i.e., all states, not only the state in which your institution is <br/> located) </td> <td> $83,152,781 </td> <td> $18,572,987 </td> </tr> <tr> <td> Institutional: Endowed scholarships, annual gifts and tuition funded <br/> grants, awarded by the college, excluding athletic aid and tuition <br/> waivers (which are reported below). </td> <td> $34,376,122 </td> <td> $3,404,600 </td> </tr> <tr> <td> Scholarships/grants from external sources (e.g., Kiwanis, National <br/> Merit) not awarded by the college </td> <td> $0 </td> <td> $4,270,513 </td> </tr> <tr> <td> Total Scholarships/Grants </td> <td> $197,166,918 </td> <td> $26,257,659 </td> </tr> <tr> <td colspan=""3""> Self-Help </td> </tr> <tr> <td> Student loans from all sources (excluding parent loans) </td> <td> $56,449,607 </td> <td> $28,377,379 </td> </tr> <tr> <td> Federal Work-Study </td> <td> $2,549,525 </td> <td> </td> </tr> <tr> <td> State and other (e.g., institutional) work-study/employment (Note: <br/> Excludes Federal Work-Study captured above.) </td> <td> $0 </td> <td> $0 </td> </tr> <tr> <td> Total Self-Help </td> <td> $58,999,132 </td> <td> $28,377,379 </td> </tr> <tr> <td colspan=""3""> Other </td> </tr> <tr> <td> Parent Loans </td> <td> $4,070,862 </td> <td> $38,061,795 </td> </tr> <tr> <td> Tuition Waivers <br/> Reporting is optional. Report tuition waivers in this row if you choose to report them. Do <br/> not report tuition waivers elsewhere. </td> <td> $0 </td> <td> $6,107,584 </td> </tr> <tr> <td> Athletic Awards </td> <td> $0 </td> <td> $8,327,624 </td> </tr> </table>",122409,../data/cds-docs/2024-2025/122409.pdf,2024-2025
H,2,H2,First-time Full-time Less Than,"[[{0: '', 1: 'First-time\nFull-time\nFreshmen', 2: 'Full-time\nUndergraduate\n(Incl. Fresh.)', 3: 'Less Full-time Than\nUndergraduate'}, {0: 'a) Number of degree-seeking undergraduate students\n(CDS Item B1 if reporting on Fall 2024 cohort)', 1: '6,552', 2: '31,608', 3: '3,029'}, {0: 'b) Number of students in line a who applied for need\ufffe\nbased financial aid', 1: '5,140', 2: '26,472', 3: '2,205'}, {0: 'c) Number of students in line b who were determined to\nhave financial need', 1: '2,784', 2: '18,428', 3: '1,796'}, {0: 'd) Number of students in line c who were awarded any\nfinancial aid', 1: '2,672', 2: '17,469', 3: '1,679'}, {0: 'e) Number of students in line d who were awarded any\nneed-based scholarship or grant aid', 1: '1,997', 2: '16,951', 3: '1,302'}, {0: 'f) Number of students in line d who were awarded any\nneed-based self-help aid', 1: '1,872', 2: '12,786', 3: '1,228'}, {0: 'g) Number of students in line d who were awarded any\nnon-need-based scholarship or grant aid', 1: '746', 2: '3,478', 3: '141'}, {0: 'h) Number of students in line d whose need was fully met\n(exclude PLUS loans, unsubsidized loans, and private\nalternative loans)', 1: '1,503', 2: '5,144', 3: '198'}, {0: 'i) On average, the percentage of need that was met of\nstudents who were awarded any need-based aid.\nExclude any aid that was awarded in excess of need\nas well as any resources that were awarded to replace\nEFC (PLUS loans, unsubsidized loans, and private\nalternative loans)', 1: '76%', 2: '75%', 3: '66%'}, {0: 'j) The average financial aid package of those in line d.\nExclude any resources that were awarded to replace\nEFC (PLUS loans, unsubsidized loans, and private\nalternative loans)', 1: '$18,278', 2: '$ 18,068', 3: '$ 14,752'}, {0: 'k) Average need-based scholarship and grant award of\nthose in line e', 1: '$ 12,250', 2: '$ 12,441', 3: '$ 9,360'}, {0: 'l) Average need-based self-help award (excluding PLUS\nloans, unsubsidized loans, and private alternative\nloans) of those in line f', 1: '$ 5,148', 2: '$ 562', 3: '$ 6,162'}, {0: 'm) Average need-based loan (excluding PLUS loans,\nunsubsidized loans, and private alternative loans) of\nthose in line f who were awarded a need-based loan', 1: '$ 3,048', 2: '$ 4,255', 3: '$ 4,500'}], [{0: '', 1: 'First-time\nFull-time\nFreshmen', 2: 'Full-time\nUndergrad\n(Incl. Fresh.)', 3: 'Less Full-time Than\nUndergrad'}, {0: 'n) Number of students in line a who had no financial need\nand who were awarded institutional non-need-based\nscholarship or grant aid (exclude those who were\nawarded athletic awards and tuition benefits)', 1: '57', 2: '776', 3: '22'}, {0: 'o) Average dollar amount of institutional non-need-based\nscholarship and grant aid awarded to students in line n', 1: '$3,811', 2: '$2,358', 3: '$2,129'}, {0: 'p) Number of students in line a who were awarded an\ninstitutional non-need-based athletic scholarship or\ngrant', 1: '62', 2: '272', 3: '1'}, {0: 'q) Average dollar amount of institutional non-need-based\nathletic scholarships and grants awarded to students in\nline p', 1: '$ 24,843', 2: '$ 21,980', 3: '$ 20,568'}]]","<table> <tr> <td> </td> <td> First-time <br/> Full-time <br/> Freshmen </td> <td> Full-time <br/> Undergraduate <br/> (Incl. Fresh.) </td> <td> Less Full-time Than <br/> Undergraduate </td> </tr> <tr> <td> a) Number of degree-seeking undergraduate students <br/> (CDS Item B1 if reporting on Fall 2024 cohort) </td> <td> 6,552 </td> <td> 31,608 </td> <td> 3,029 </td> </tr> <tr> <td> b) Number of students in line a who applied for need￾ <br/> based financial aid </td> <td> 5,140 </td> <td> 26,472 </td> <td> 2,205 </td> </tr> <tr> <td> c) Number of students in line b who were determined to <br/> have financial need </td> <td> 2,784 </td> <td> 18,428 </td> <td> 1,796 </td> </tr> <tr> <td> d) Number of students in line c who were awarded any <br/> financial aid </td> <td> 2,672 </td> <td> 17,469 </td> <td> 1,679 </td> </tr> <tr> <td> e) Number of students in line d who were awarded any <br/> need-based scholarship or grant aid </td> <td> 1,997 </td> <td> 16,951 </td> <td> 1,302 </td> </tr> <tr> <td> f) Number of students in line d who were awarded any <br/> need-based self-help aid </td> <td> 1,872 </td> <td> 12,786 </td> <td> 1,228 </td> </tr> <tr> <td> g) Number of students in line d who were awarded any <br/> non-need-based scholarship or grant aid </td> <td> 746 </td> <td> 3,478 </td> <td> 141 </td> </tr> <tr> <td> h) Number of students in line d whose need was fully met <br/> (exclude PLUS loans, unsubsidized loans, and private <br/> alternative loans) </td> <td> 1,503 </td> <td> 5,144 </td> <td> 198 </td> </tr> <tr> <td> i) On average, the percentage of need that was met of <br/> students who were awarded any need-based aid. <br/> Exclude any aid that was awarded in excess of need <br/> as well as any resources that were awarded to replace <br/> EFC (PLUS loans, unsubsidized loans, and private <br/> alternative loans) </td> <td> 76% </td> <td> 75% </td> <td> 66% </td> </tr> <tr> <td> j) The average financial aid package of those in line d. <br/> Exclude any resources that were awarded to replace <br/> EFC (PLUS loans, unsubsidized loans, and private <br/> alternative loans) </td> <td> $18,278 </td> <td> $ 18,068 </td> <td> $ 14,752 </td> </tr> <tr> <td> k) Average need-based scholarship and grant award of <br/> those in line e </td> <td> $ 12,250 </td> <td> $ 12,441 </td> <td> $ 9,360 </td> </tr> <tr> <td> l) Average need-based self-help award (excluding PLUS <br/> loans, unsubsidized loans, and private alternative <br/> loans) of those in line f </td> <td> $ 5,148 </td> <td> $ 562 </td> <td> $ 6,162 </td> </tr> <tr> <td> m) Average need-based loan (excluding PLUS loans, <br/> unsubsidized loans, and private alternative loans) of <br/> those in line f who were awarded a need-based loan </td> <td> $ 3,048 </td> <td> $ 4,255 </td> <td> $ 4,500 </td> </tr> </table><div class=""separator""></div><table> <tr> <td> </td> <td> First-time <br/> Full-time <br/> Freshmen </td> <td> Full-time <br/> Undergrad <br/> (Incl. Fresh.) </td> <td> Less Full-time Than <br/> Undergrad </td> </tr> <tr> <td> n) Number of students in line a who had no financial need <br/> and who were awarded institutional non-need-based <br/> scholarship or grant aid (exclude those who were <br/> awarded athletic awards and tuition benefits) </td> <td> 57 </td> <td> 776 </td> <td> 22 </td> </tr> <tr> <td> o) Average dollar amount of institutional non-need-based <br/> scholarship and grant aid awarded to students in line n </td> <td> $3,811 </td> <td> $2,358 </td> <td> $2,129 </td> </tr> <tr> <td> p) Number of students in line a who were awarded an <br/> institutional non-need-based athletic scholarship or <br/> grant </td> <td> 62 </td> <td> 272 </td> <td> 1 </td> </tr> <tr> <td> q) Average dollar amount of institutional non-need-based <br/> athletic scholarships and grants awarded to students in <br/> line p </td> <td> $ 24,843 </td> <td> $ 21,980 </td> <td> $ 20,568 </td> </tr> </table>",122409,../data/cds-docs/2024-2025/122409.pdf,2024-2025
H,3,H3,Federal methodology (FM) X,"[[{0: 'Federal methodology (FM)', 1: 'X'}, {0: 'Institutional methodology (IM)', 1: ''}, {0: 'Both FM and IM', 1: ''}]]",<table> <tr> <td> Federal methodology (FM) </td> <td> X </td> </tr> <tr> <td> Institutional methodology (IM) </td> <td> </td> </tr> <tr> <td> Both FM and IM </td> <td> </td> </tr> </table>,122409,../data/cds-docs/2024-2025/122409.pdf,2024-2025
H,5,H5,,"[[{0: 'Source/Type of Loan', 1: 'Number in the\nclass (defined in\nH4 above) who\nborrowed from\nthe types of\nloans specified\nin column the first', 2: 'Percent of the class\n(defined above) who\nborrowed from the\ntypes of loans specified\nin the first column\n(nearest 1%)', 3: 'Average per-undergraduate\ufffe\nborrower cumulative\nprincipal borrowed from the\ntypes of loans specified in\nthe first column (nearest $1)'}, {0: 'a) Any loan program: Federal Perkins, Federal Stafford\nSubsidized and Unsubsidized, institutional, state,\nprivate loans that your institution is aware of, etc.\nInclude both Federal Direct Student Loans and Federal\nFamily Education Loans.', 1: '1,203', 2: '29%', 3: '$19,355'}, {0: 'b) Federal loan programs: Federal Perkins, Federal\nStafford Subsidized and Unsubsidized. Include both\nFederal Direct Student Loans and Federal Family\nEducation Loans.', 1: '1,185', 2: '29%', 3: '$17,014'}, {0: 'c) Institutional loan programs.', 1: '0', 2: '0%', 3: '$0'}, {0: 'd) State loan programs.', 1: '2', 2: '0.05%', 3: '$4,000'}, {0: 'e) Private student loans made by a bank or\nlender.', 1: '117', 2: '3%', 3: '$26,618'}]]","<table> <tr> <td> Source/Type of Loan </td> <td> Number in the <br/> class (defined in <br/> H4 above) who <br/> borrowed from <br/> the types of <br/> loans specified <br/> in column the first </td> <td> Percent of the class <br/> (defined above) who <br/> borrowed from the <br/> types of loans specified <br/> in the first column <br/> (nearest 1%) </td> <td> Average per-undergraduate￾ <br/> borrower cumulative <br/> principal borrowed from the <br/> types of loans specified in <br/> the first column (nearest $1) </td> </tr> <tr> <td> a) Any loan program: Federal Perkins, Federal Stafford <br/> Subsidized and Unsubsidized, institutional, state, <br/> private loans that your institution is aware of, etc. <br/> Include both Federal Direct Student Loans and Federal <br/> Family Education Loans. </td> <td> 1,203 </td> <td> 29% </td> <td> $19,355 </td> </tr> <tr> <td> b) Federal loan programs: Federal Perkins, Federal <br/> Stafford Subsidized and Unsubsidized. Include both <br/> Federal Direct Student Loans and Federal Family <br/> Education Loans. </td> <td> 1,185 </td> <td> 29% </td> <td> $17,014 </td> </tr> <tr> <td> c) Institutional loan programs. </td> <td> 0 </td> <td> 0% </td> <td> $0 </td> </tr> <tr> <td> d) State loan programs. </td> <td> 2 </td> <td> 0.05% </td> <td> $4,000 </td> </tr> <tr> <td> e) Private student loans made by a bank or <br/> lender. </td> <td> 117 </td> <td> 3% </td> <td> $26,618 </td> </tr> </table>",122409,../data/cds-docs/2024-2025/122409.pdf,2024-2025
H,6,H6,Institutional need-based scholarship or grant aid is available X,"[[{0: 'Institutional need-based scholarship or grant aid is available', 1: 'X'}, {0: 'Institutional non-need-based scholarship or grant aid is available', 1: 'X'}, {0: 'Institutional scholarship or grant aid is not available', 1: ''}]]",<table> <tr> <td> Institutional need-based scholarship or grant aid is available </td> <td> X </td> </tr> <tr> <td> Institutional non-need-based scholarship or grant aid is available </td> <td> X </td> </tr> <tr> <td> Institutional scholarship or grant aid is not available </td> <td> </td> </tr> </table>,122409,../data/cds-docs/2024-2025/122409.pdf,2024-2025
H,7,H7,Institution’s own financial aid form,"[[{0: 'Institution’s own financial aid form', 1: ''}, {0: 'CSS Profile', 1: ''}, {0: 'International Student’s Financial Aid Application', 1: ''}, {0: 'International Student’s Certification of Finances', 1: ''}, {0: 'Other (specify):', 1: 'X'}]]",<table> <tr> <td> Institution’s own financial aid form </td> <td> </td> </tr> <tr> <td> CSS Profile </td> <td> </td> </tr> <tr> <td> International Student’s Financial Aid Application </td> <td> </td> </tr> <tr> <td> International Student’s Certification of Finances </td> <td> </td> </tr> <tr> <td> Other (specify): </td> <td> X </td> </tr> </table>,122409,../data/cds-docs/2024-2025/122409.pdf,2024-2025
H,8,H8,FAFSA X,"[[{0: 'FAFSA', 1: 'X'}, {0: ""Institution's own financial aid form"", 1: ''}, {0: 'CSS Profile', 1: ''}, {0: 'State aid form', 1: 'X'}, {0: 'Business/Farm Supplement', 1: ''}, {0: 'Other (specify):', 1: ''}]]",<table> <tr> <td> FAFSA </td> <td> X </td> </tr> <tr> <td> Institution's own financial aid form </td> <td> </td> </tr> <tr> <td> CSS Profile </td> <td> </td> </tr> <tr> <td> State aid form </td> <td> X </td> </tr> <tr> <td> Business/Farm Supplement </td> <td> </td> </tr> <tr> <td> Other (specify): </td> <td> </td> </tr> </table>,122409,../data/cds-docs/2024-2025/122409.pdf,2024-2025
H,9,H9,Priority date for filing required financial aid forms: April 1,"[[{0: 'Priority date for filing required financial aid forms:', 1: 'April 1'}, {0: 'Deadline for filing required financial aid forms:', 1: 'March 2'}, {0: 'No deadline for filing required forms (applications processed on a\nrolling basis):', 1: 'X'}]]",<table> <tr> <td> Priority date for filing required financial aid forms: </td> <td> April 1 </td> </tr> <tr> <td> Deadline for filing required financial aid forms: </td> <td> March 2 </td> </tr> <tr> <td> No deadline for filing required forms (applications processed on a <br/> rolling basis): </td> <td> X </td> </tr> </table>,122409,../data/cds-docs/2024-2025/122409.pdf,2024-2025
H,10,H10,a) Students notified on or about (date):,"[[{0: 'a)\nStudents notified on or about (date):', 1: 'a)\nStudents notified on or about (date):', 2: 'a)\nStudents notified on or about (date):', 3: ''}, {0: '', 1: '', 2: 'Yes', 3: 'No'}, {0: 'b)', 1: 'Students notified on a rolling basis:', 2: 'X', 3: ''}, {0: 'b)', 1: 'If yes, starting date:', 2: 'March 15', 3: ''}]]","<table> <tr> <td colspan=""3""> a) <br/> Students notified on or about (date): </td> <td> </td> </tr> <tr> <td colspan=""2""> </td> <td> Yes </td> <td> No </td> </tr> <tr> <td rowspan=""2""> b) </td> <td> Students notified on a rolling basis: </td> <td> X </td> <td> </td> </tr> <tr> <td> If yes, starting date: </td> <td> March 15 </td> <td> </td> </tr> </table>",122409,../data/cds-docs/2024-2025/122409.pdf,2024-2025
H,12,H12,Direct Subsidized Stafford Loans X,"[[{0: 'Direct Subsidized Stafford Loans', 1: 'X'}, {0: 'Direct Unsubsidized Stafford Loans', 1: 'X'}, {0: 'Direct PLUS Loans', 1: 'X'}], [{0: 'Federal Perkins Loans', 1: ''}, {0: 'Federal Nursing Loans', 1: ''}, {0: 'State Loans', 1: 'X'}, {0: 'College/university loans from institutional funds', 1: 'X'}, {0: 'Other (specify):', 1: 'Other (specify):'}]]","<table> <tr> <td> Direct Subsidized Stafford Loans </td> <td> X </td> </tr> <tr> <td> Direct Unsubsidized Stafford Loans </td> <td> X </td> </tr> <tr> <td> Direct PLUS Loans </td> <td> X </td> </tr> </table><div class=""separator""></div><table> <tr> <td> Federal Perkins Loans </td> <td> </td> </tr> <tr> <td> Federal Nursing Loans </td> <td> </td> </tr> <tr> <td> State Loans </td> <td> X </td> </tr> <tr> <td> College/university loans from institutional funds </td> <td> X </td> </tr> <tr> <td colspan=""2""> Other (specify): </td> </tr> </table>",122409,../data/cds-docs/2024-2025/122409.pdf,2024-2025
H,13,H13,Federal Pell X,"[[{0: 'Federal Pell', 1: 'X'}, {0: 'SEOG', 1: 'X'}, {0: 'State scholarships/grants', 1: 'X'}, {0: 'Private scholarships', 1: 'X'}, {0: 'College/university scholarship or grant aid from institutional funds', 1: 'X'}, {0: 'United Negro College Fund', 1: ''}, {0: 'Federal Nursing Scholarship', 1: ''}, {0: 'Other (specify):', 1: 'Other (specify):'}]]","<table> <tr> <td> Federal Pell </td> <td> X </td> </tr> <tr> <td> SEOG </td> <td> X </td> </tr> <tr> <td> State scholarships/grants </td> <td> X </td> </tr> <tr> <td> Private scholarships </td> <td> X </td> </tr> <tr> <td> College/university scholarship or grant aid from institutional funds </td> <td> X </td> </tr> <tr> <td> United Negro College Fund </td> <td> </td> </tr> <tr> <td> Federal Nursing Scholarship </td> <td> </td> </tr> <tr> <td colspan=""2""> Other (specify): </td> </tr> </table>",122409,../data/cds-docs/2024-2025/122409.pdf,2024-2025
H,14,H14,Non-Need Based Need-Based,"[[{0: '', 1: 'Non-Need Based', 2: 'Need-Based'}, {0: 'Academics', 1: 'X', 2: 'X'}, {0: 'Alumni affiliation', 1: 'X', 2: 'X'}, {0: 'Art', 1: 'X', 2: 'X'}, {0: 'Athletics', 1: 'X', 2: ''}, {0: 'Job skills', 1: '', 2: ''}, {0: 'ROTC', 1: 'X', 2: ''}, {0: 'Leadership', 1: 'X', 2: 'X'}, {0: 'Minority status', 1: '', 2: ''}, {0: 'Music/drama', 1: 'X', 2: 'X'}, {0: 'Religious affiliation', 1: '', 2: ''}, {0: 'State/district residency', 1: 'X', 2: 'X'}]]",<table> <tr> <td> </td> <td> Non-Need Based </td> <td> Need-Based </td> </tr> <tr> <td> Academics </td> <td> X </td> <td> X </td> </tr> <tr> <td> Alumni affiliation </td> <td> X </td> <td> X </td> </tr> <tr> <td> Art </td> <td> X </td> <td> X </td> </tr> <tr> <td> Athletics </td> <td> X </td> <td> </td> </tr> <tr> <td> Job skills </td> <td> </td> <td> </td> </tr> <tr> <td> ROTC </td> <td> X </td> <td> </td> </tr> <tr> <td> Leadership </td> <td> X </td> <td> X </td> </tr> <tr> <td> Minority status </td> <td> </td> <td> </td> </tr> <tr> <td> Music/drama </td> <td> X </td> <td> X </td> </tr> <tr> <td> Religious affiliation </td> <td> </td> <td> </td> </tr> <tr> <td> State/district residency </td> <td> X </td> <td> X </td> </tr> </table>,122409,../data/cds-docs/2024-2025/122409.pdf,2024-2025
I,1,I1,Full-Time Part-Time Total,"[[{0: '', 1: '', 2: 'Full-Time', 3: 'Part-Time', 4: 'Total'}, {0: 'a)\nTotal number of instructional faculty', 1: 'a)\nTotal number of instructional faculty', 2: '1082', 3: '1140', 4: '2,222'}, {0: 'b)', 1: 'Total number who are members of minority groups', 2: '404', 3: '441', 4: '845'}, {0: 'c)', 1: 'Total number who are women', 2: '539', 3: '642', 4: '1,181'}, {0: 'd)', 1: 'Total number who are men', 2: '543', 3: '498', 4: '1,041'}, {0: 'Total number who are nonresidents (international)\ne)', 1: 'Total number who are nonresidents (international)\ne)', 2: '50', 3: '0', 4: '50'}, {0: 'f)\nTotal number with doctorate, or other terminal degree', 1: 'f)\nTotal number with doctorate, or other terminal degree', 2: '916', 3: '423', 4: '1,339'}, {0: ""g)\nTotal number whose highest degree is a master's but not a terminal\nmaster's"", 1: ""g)\nTotal number whose highest degree is a master's but not a terminal\nmaster's"", 2: '136', 3: '540', 4: '676'}, {0: ""h)\nTotal number whose highest degree is a bachelor's"", 1: ""h)\nTotal number whose highest degree is a bachelor's"", 2: '29', 3: '149', 4: '178'}, {0: 'Total number whose highest degree is unknown or other (Note: Items\ni)\nf, g, h, and i must sum up to item a.)', 1: 'Total number whose highest degree is unknown or other (Note: Items\ni)\nf, g, h, and i must sum up to item a.)', 2: '1', 3: '28', 4: '29'}]]","<table> <tr> <td colspan=""2""> </td> <td> Full-Time </td> <td> Part-Time </td> <td> Total </td> </tr> <tr> <td colspan=""2""> a) <br/> Total number of instructional faculty </td> <td> 1082 </td> <td> 1140 </td> <td> 2,222 </td> </tr> <tr> <td> b) </td> <td> Total number who are members of minority groups </td> <td> 404 </td> <td> 441 </td> <td> 845 </td> </tr> <tr> <td> c) </td> <td> Total number who are women </td> <td> 539 </td> <td> 642 </td> <td> 1,181 </td> </tr> <tr> <td> d) </td> <td> Total number who are men </td> <td> 543 </td> <td> 498 </td> <td> 1,041 </td> </tr> <tr> <td colspan=""2""> Total number who are nonresidents (international) <br/> e) </td> <td> 50 </td> <td> 0 </td> <td> 50 </td> </tr> <tr> <td colspan=""2""> f) <br/> Total number with doctorate, or other terminal degree </td> <td> 916 </td> <td> 423 </td> <td> 1,339 </td> </tr> <tr> <td colspan=""2""> g) <br/> Total number whose highest degree is a master's but not a terminal <br/> master's </td> <td> 136 </td> <td> 540 </td> <td> 676 </td> </tr> <tr> <td colspan=""2""> h) <br/> Total number whose highest degree is a bachelor's </td> <td> 29 </td> <td> 149 </td> <td> 178 </td> </tr> <tr> <td colspan=""2""> Total number whose highest degree is unknown or other (Note: Items <br/> i) <br/> f, g, h, and i must sum up to item a.) </td> <td> 1 </td> <td> 28 </td> <td> 29 </td> </tr> </table>",122409,../data/cds-docs/2024-2025/122409.pdf,2024-2025
I,3,I3,CLASS 2-9 10-19 20-29 30-39 40-49 50-99 100+ Total,"[[{0: 'CLASS\nSECTIONS', 1: '2-9', 2: '10-19', 3: '20-29', 4: '30-39', 5: '40-49', 6: '50-99', 7: '100+', 8: 'Total'}, {0: 'CLASS\nSECTIONS', 1: '287', 2: '731', 3: '1055', 4: '461', 5: '295', 6: '483', 7: '196', 8: '3508'}], [{0: 'CLASS SUB\ufffe\nSECTIONS', 1: '2-9', 2: '10-19', 3: '20-29', 4: '30-39', 5: '40-49', 6: '50-99', 7: '100+', 8: 'Total'}, {0: 'CLASS SUB\ufffe\nSECTIONS', 1: '99', 2: '162', 3: '428', 4: '113', 5: '40', 6: '23', 7: '3', 8: '868'}]]","<table> <tr> <td rowspan=""2""> CLASS <br/> SECTIONS </td> <td> 2-9 </td> <td> 10-19 </td> <td> 20-29 </td> <td> 30-39 </td> <td> 40-49 </td> <td> 50-99 </td> <td> 100+ </td> <td> Total </td> </tr> <tr> <td> 287 </td> <td> 731 </td> <td> 1055 </td> <td> 461 </td> <td> 295 </td> <td> 483 </td> <td> 196 </td> <td> 3508 </td> </tr> </table><div class=""separator""></div><table> <tr> <td rowspan=""2""> CLASS SUB￾ <br/> SECTIONS </td> <td> 2-9 </td> <td> 10-19 </td> <td> 20-29 </td> <td> 30-39 </td> <td> 40-49 </td> <td> 50-99 </td> <td> 100+ </td> <td> Total </td> </tr> <tr> <td> 99 </td> <td> 162 </td> <td> 428 </td> <td> 113 </td> <td> 40 </td> <td> 23 </td> <td> 3 </td> <td> 868 </td> </tr> </table>",122409,../data/cds-docs/2024-2025/122409.pdf,2024-2025
J,1,J1,Diploma/ CIP 2021 Categories,"[[{0: 'Category', 1: 'Diploma/\nCertificates', 2: 'Associate', 3: 'Bachelor’s', 4: 'CIP 2021 Categories\nto Include'}, {0: 'Agriculture', 1: '', 2: '', 3: '', 4: '1'}, {0: 'Natural resources and conservation', 1: '', 2: '', 3: '1.1%', 4: '3'}, {0: 'Architecture', 1: '', 2: '', 3: '', 4: '4'}, {0: 'Area, ethnic, and gender studies', 1: '', 2: '', 3: '0.4%', 4: '5'}, {0: 'Communication/journalism', 1: '', 2: '', 3: '6.7%', 4: '9'}, {0: 'Communication technologies', 1: '', 2: '', 3: '', 4: '10'}, {0: 'Computer and information sciences', 1: '', 2: '', 3: '4.4%', 4: '11'}, {0: 'Personal and culinary services', 1: '', 2: '', 3: '', 4: '12'}, {0: 'Education', 1: '', 2: '', 3: '1.6%', 4: '13'}, {0: 'Engineering', 1: '', 2: '', 3: '7.4%', 4: '14'}, {0: 'Engineering technologies', 1: '', 2: '', 3: '0.2%', 4: '15'}, {0: 'Foreign languages, literatures, and linguistics', 1: '', 2: '', 3: '1.1%', 4: '16'}, {0: 'Family and consumer sciences', 1: '', 2: '', 3: '', 4: '19'}, {0: 'Law/legal studies', 1: '', 2: '', 3: '', 4: '22'}, {0: 'English', 1: '', 2: '', 3: '1.5%', 4: '23'}, {0: 'Liberal arts/general studies', 1: '', 2: '', 3: '3.1%', 4: '24'}, {0: 'Library science', 1: '', 2: '', 3: '', 4: '25'}, {0: 'Biological/life sciences', 1: '', 2: '', 3: '3.3%', 4: '26'}, {0: 'Mathematics and statistics', 1: '', 2: '', 3: '0.8%', 4: '27'}, {0: 'Military science and military technologies', 1: '', 2: '', 3: '', 4: '28 & 29'}, {0: 'Interdisciplinary studies', 1: '', 2: '', 3: '2.9%', 4: '30'}, {0: 'Parks and recreation', 1: '', 2: '', 3: '4.9%', 4: '31'}, {0: 'Philosophy and religious studies', 1: '', 2: '', 3: '0.3%', 4: '38'}, {0: 'Theology and religious vocations', 1: '', 2: '', 3: '', 4: '39'}, {0: 'Physical sciences', 1: '', 2: '', 3: '0.9%', 4: '40'}, {0: 'Science technologies', 1: '', 2: '', 3: '', 4: '41'}, {0: 'Psychology', 1: '', 2: '', 3: '7.8%', 4: '42'}, {0: 'Homeland Security, law enforcement, firefighting,', 1: '', 2: '', 3: '6.3%', 4: '43'}, {0: 'Public administration and social services', 1: '', 2: '', 3: '1.5%', 4: '44'}, {0: 'Social sciences', 1: '', 2: '', 3: '7.7%', 4: '45'}, {0: 'Construction trades', 1: '', 2: '', 3: '', 4: '46'}, {0: 'Mechanic and repair technologies', 1: '', 2: '', 3: '', 4: '47'}, {0: 'Precision production', 1: '', 2: '', 3: '', 4: '48'}, {0: 'Transportation and materials moving', 1: '', 2: '', 3: '', 4: '49'}, {0: 'Visual and performing arts', 1: '', 2: '', 3: '4.2%', 4: '50'}, {0: 'Health professions and related programs', 1: '', 2: '', 3: '5.9%', 4: '51'}, {0: 'Business/marketing', 1: '', 2: '', 3: '25.0%', 4: '52'}, {0: 'History', 1: '', 2: '', 3: '1.0%', 4: '54'}, {0: 'Other', 1: '', 2: '', 3: '0.0%', 4: ''}, {0: 'TOTAL (should = 100%)', 1: '0.00%', 2: '0.00%', 3: '100.00%', 4: ''}]]","<table> <tr> <td> Category </td> <td> Diploma/ <br/> Certificates </td> <td> Associate </td> <td> Bachelor’s </td> <td> CIP 2021 Categories <br/> to Include </td> </tr> <tr> <td> Agriculture </td> <td> </td> <td> </td> <td> </td> <td> 1 </td> </tr> <tr> <td> Natural resources and conservation </td> <td> </td> <td> </td> <td> 1.1% </td> <td> 3 </td> </tr> <tr> <td> Architecture </td> <td> </td> <td> </td> <td> </td> <td> 4 </td> </tr> <tr> <td> Area, ethnic, and gender studies </td> <td> </td> <td> </td> <td> 0.4% </td> <td> 5 </td> </tr> <tr> <td> Communication/journalism </td> <td> </td> <td> </td> <td> 6.7% </td> <td> 9 </td> </tr> <tr> <td> Communication technologies </td> <td> </td> <td> </td> <td> </td> <td> 10 </td> </tr> <tr> <td> Computer and information sciences </td> <td> </td> <td> </td> <td> 4.4% </td> <td> 11 </td> </tr> <tr> <td> Personal and culinary services </td> <td> </td> <td> </td> <td> </td> <td> 12 </td> </tr> <tr> <td> Education </td> <td> </td> <td> </td> <td> 1.6% </td> <td> 13 </td> </tr> <tr> <td> Engineering </td> <td> </td> <td> </td> <td> 7.4% </td> <td> 14 </td> </tr> <tr> <td> Engineering technologies </td> <td> </td> <td> </td> <td> 0.2% </td> <td> 15 </td> </tr> <tr> <td> Foreign languages, literatures, and linguistics </td> <td> </td> <td> </td> <td> 1.1% </td> <td> 16 </td> </tr> <tr> <td> Family and consumer sciences </td> <td> </td> <td> </td> <td> </td> <td> 19 </td> </tr> <tr> <td> Law/legal studies </td> <td> </td> <td> </td> <td> </td> <td> 22 </td> </tr> <tr> <td> English </td> <td> </td> <td> </td> <td> 1.5% </td> <td> 23 </td> </tr> <tr> <td> Liberal arts/general studies </td> <td> </td> <td> </td> <td> 3.1% </td> <td> 24 </td> </tr> <tr> <td> Library science </td> <td> </td> <td> </td> <td> </td> <td> 25 </td> </tr> <tr> <td> Biological/life sciences </td> <td> </td> <td> </td> <td> 3.3% </td> <td> 26 </td> </tr> <tr> <td> Mathematics and statistics </td> <td> </td> <td> </td> <td> 0.8% </td> <td> 27 </td> </tr> <tr> <td> Military science and military technologies </td> <td> </td> <td> </td> <td> </td> <td> 28 &amp; 29 </td> </tr> <tr> <td> Interdisciplinary studies </td> <td> </td> <td> </td> <td> 2.9% </td> <td> 30 </td> </tr> <tr> <td> Parks and recreation </td> <td> </td> <td> </td> <td> 4.9% </td> <td> 31 </td> </tr> <tr> <td> Philosophy and religious studies </td> <td> </td> <td> </td> <td> 0.3% </td> <td> 38 </td> </tr> <tr> <td> Theology and religious vocations </td> <td> </td> <td> </td> <td> </td> <td> 39 </td> </tr> <tr> <td> Physical sciences </td> <td> </td> <td> </td> <td> 0.9% </td> <td> 40 </td> </tr> <tr> <td> Science technologies </td> <td> </td> <td> </td> <td> </td> <td> 41 </td> </tr> <tr> <td> Psychology </td> <td> </td> <td> </td> <td> 7.8% </td> <td> 42 </td> </tr> <tr> <td> Homeland Security, law enforcement, firefighting, </td> <td> </td> <td> </td> <td> 6.3% </td> <td> 43 </td> </tr> <tr> <td> Public administration and social services </td> <td> </td> <td> </td> <td> 1.5% </td> <td> 44 </td> </tr> <tr> <td> Social sciences </td> <td> </td> <td> </td> <td> 7.7% </td> <td> 45 </td> </tr> <tr> <td> Construction trades </td> <td> </td> <td> </td> <td> </td> <td> 46 </td> </tr> <tr> <td> Mechanic and repair technologies </td> <td> </td> <td> </td> <td> </td> <td> 47 </td> </tr> <tr> <td> Precision production </td> <td> </td> <td> </td> <td> </td> <td> 48 </td> </tr> <tr> <td> Transportation and materials moving </td> <td> </td> <td> </td> <td> </td> <td> 49 </td> </tr> <tr> <td> Visual and performing arts </td> <td> </td> <td> </td> <td> 4.2% </td> <td> 50 </td> </tr> <tr> <td> Health professions and related programs </td> <td> </td> <td> </td> <td> 5.9% </td> <td> 51 </td> </tr> <tr> <td> Business/marketing </td> <td> </td> <td> </td> <td> 25.0% </td> <td> 52 </td> </tr> <tr> <td> History </td> <td> </td> <td> </td> <td> 1.0% </td> <td> 54 </td> </tr> <tr> <td> Other </td> <td> </td> <td> </td> <td> 0.0% </td> <td> </td> </tr> <tr> <td> TOTAL (should = 100%) </td> <td> 0.00% </td> <td> 0.00% </td> <td> 100.00% </td> <td> </td> </tr> </table>",122409,../data/cds-docs/2024-2025/122409.pdf,2024-2025
A,0,A0,Name: Jeanne Stronach,"[[{0: 'Name:', 1: 'Jeanne Stronach'}, {0: 'Title:', 1: 'Assistant Vice President'}, {0: 'Office:', 1: 'Analytic Studies & Institutional Research'}, {0: 'Mailing Address:', 1: '5500 Campanile Drive'}, {0: 'City/State/Zip/Country:', 1: 'San Diego, CA 92182-7732'}, {0: 'Phone:', 1: '619-594-6846'}, {0: 'E-mail Address:', 1: 'oir@sdsu.edu'}, {0: ""Are your responses to the CDS posted for\nreference on your institution's Web site?"", 1: 'Yes'}, {0: 'If yes, please provide the URL of the\ncorresponding Web page:', 1: 'https://asir.sdsu.edu/'}]]","<table> <tr> <td> Name: </td> <td> Jeanne Stronach </td> </tr> <tr> <td> Title: </td> <td> Assistant Vice President </td> </tr> <tr> <td> Office: </td> <td> Analytic Studies &amp; Institutional Research </td> </tr> <tr> <td> Mailing Address: </td> <td> 5500 Campanile Drive </td> </tr> <tr> <td> City/State/Zip/Country: </td> <td> San Diego, CA 92182-7732 </td> </tr> <tr> <td> Phone: </td> <td> 619-594-6846 </td> </tr> <tr> <td> E-mail Address: </td> <td> oir@sdsu.edu </td> </tr> <tr> <td> Are your responses to the CDS posted for <br/> reference on your institution's Web site? </td> <td> Yes </td> </tr> <tr> <td> If yes, please provide the URL of the <br/> corresponding Web page: </td> <td> https://asir.sdsu.edu/ </td> </tr> </table>",122409,../data/cds-docs/2023-2024/122409.pdf,2023-2024
A,1,A1,Mailing Address: 5500 Campanile Drive,"[[{0: 'Name of College/University:', 1: 'San Diego State University'}, {0: 'Mailing Address:', 1: '5500 Campanile Drive'}, {0: 'City/State/Zip/Country:', 1: 'San Diego, CA 92182-7455'}, {0: 'Street Address (if different):', 1: ''}, {0: 'City/State/Zip/Country:', 1: ''}, {0: 'Main Phone Number:', 1: '619-594-5200'}, {0: 'WWW Home Page Address:', 1: 'www.sdsu.edu'}, {0: 'Admissions Phone Number:', 1: '619-594-6336'}, {0: 'Admissions Toll-Free Phone Number:', 1: ''}, {0: 'Admissions Office Mailing Address:', 1: ''}, {0: 'City/State/Zip/Country:', 1: ''}, {0: 'Admissions Fax Number:', 1: ''}, {0: 'Admissions E-mail Address:', 1: ''}, {0: 'If there is a separate URL for your school’s\nonline application, please specify:', 1: 'https://admissions.sdsu.edu/'}, {0: 'If you have a mailing address other than\nthe above to which applications should be\nsent, please provide:', 1: ''}]]","<table> <tr> <td> Name of College/University: </td> <td> San Diego State University </td> </tr> <tr> <td> Mailing Address: </td> <td> 5500 Campanile Drive </td> </tr> <tr> <td> City/State/Zip/Country: </td> <td> San Diego, CA 92182-7455 </td> </tr> <tr> <td> Street Address (if different): </td> <td> </td> </tr> <tr> <td> City/State/Zip/Country: </td> <td> </td> </tr> <tr> <td> Main Phone Number: </td> <td> 619-594-5200 </td> </tr> <tr> <td> WWW Home Page Address: </td> <td> www.sdsu.edu </td> </tr> <tr> <td> Admissions Phone Number: </td> <td> 619-594-6336 </td> </tr> <tr> <td> Admissions Toll-Free Phone Number: </td> <td> </td> </tr> <tr> <td> Admissions Office Mailing Address: </td> <td> </td> </tr> <tr> <td> City/State/Zip/Country: </td> <td> </td> </tr> <tr> <td> Admissions Fax Number: </td> <td> </td> </tr> <tr> <td> Admissions E-mail Address: </td> <td> </td> </tr> <tr> <td> If there is a separate URL for your school’s <br/> online application, please specify: </td> <td> https://admissions.sdsu.edu/ </td> </tr> <tr> <td> If you have a mailing address other than <br/> the above to which applications should be <br/> sent, please provide: </td> <td> </td> </tr> </table>",122409,../data/cds-docs/2023-2024/122409.pdf,2023-2024
A,2,A2,Private (nonprofit),"[[{0: 'Public', 1: 'X'}, {0: 'Private (nonprofit)', 1: ''}, {0: 'Proprietary', 1: ''}]]",<table> <tr> <td> Public </td> <td> X </td> </tr> <tr> <td> Private (nonprofit) </td> <td> </td> </tr> <tr> <td> Proprietary </td> <td> </td> </tr> </table>,122409,../data/cds-docs/2023-2024/122409.pdf,2023-2024
A,3,A3,Men's college,"[[{0: 'Coeducational college', 1: 'X'}, {0: ""Men's college"", 1: ''}, {0: ""Women's college"", 1: ''}]]",<table> <tr> <td> Coeducational college </td> <td> X </td> </tr> <tr> <td> Men's college </td> <td> </td> </tr> <tr> <td> Women's college </td> <td> </td> </tr> </table>,122409,../data/cds-docs/2023-2024/122409.pdf,2023-2024
A,4,A4,Quarter,"[[{0: 'Semester', 1: 'X'}, {0: 'Quarter', 1: ''}, {0: 'Trimester', 1: ''}, {0: '4-1-4', 1: ''}, {0: 'Continuous', 1: ''}, {0: 'Differs by program (describe):', 1: ''}, {0: 'Other (describe):', 1: ''}]]",<table> <tr> <td> Semester </td> <td> X </td> </tr> <tr> <td> Quarter </td> <td> </td> </tr> <tr> <td> Trimester </td> <td> </td> </tr> <tr> <td> 4-1-4 </td> <td> </td> </tr> <tr> <td> Continuous </td> <td> </td> </tr> <tr> <td> Differs by program (describe): </td> <td> </td> </tr> <tr> <td> Other (describe): </td> <td> </td> </tr> </table>,122409,../data/cds-docs/2023-2024/122409.pdf,2023-2024
A,5,A5,Certificate,"[[{0: 'Certificate', 1: ''}, {0: 'Diploma', 1: ''}, {0: 'Associate', 1: ''}, {0: 'Transfer Associate', 1: ''}, {0: 'Terminal Associate', 1: ''}, {0: ""Bachelor's"", 1: 'X'}, {0: ""Postbachelor's certificate"", 1: 'X'}, {0: ""Master's"", 1: 'X'}, {0: ""Post-master's certificate"", 1: ''}, {0: 'Doctoral degree\nresearch/scholarship', 1: 'X'}, {0: 'Doctoral degree –\nprofessional practice', 1: 'X'}, {0: 'Doctoral degree -- other', 1: ''}]]",<table> <tr> <td> Certificate </td> <td> </td> </tr> <tr> <td> Diploma </td> <td> </td> </tr> <tr> <td> Associate </td> <td> </td> </tr> <tr> <td> Transfer Associate </td> <td> </td> </tr> <tr> <td> Terminal Associate </td> <td> </td> </tr> <tr> <td> Bachelor's </td> <td> X </td> </tr> <tr> <td> Postbachelor's certificate </td> <td> X </td> </tr> <tr> <td> Master's </td> <td> X </td> </tr> <tr> <td> Post-master's certificate </td> <td> </td> </tr> <tr> <td> Doctoral degree <br/> research/scholarship </td> <td> X </td> </tr> <tr> <td> Doctoral degree – <br/> professional practice </td> <td> X </td> </tr> <tr> <td> Doctoral degree -- other </td> <td> </td> </tr> </table>,122409,../data/cds-docs/2023-2024/122409.pdf,2023-2024
B,1,B1,FULL-TIME PART-TIME,"[[{0: '', 1: 'FULL-TIME', 2: 'FULL-TIME', 3: 'FULL-TIME', 4: 'PART-TIME', 5: 'PART-TIME', 6: 'PART-TIME'}, {0: '', 1: 'Men', 2: 'Women', 3: 'Another Gender', 4: 'Men', 5: 'Women', 6: 'Another\nGender'}, {0: 'Undergraduates', 1: '', 2: '', 3: '', 4: '', 5: '', 6: ''}, {0: 'Degree-seeking, first-time', 1: '2462', 2: '3,622', 3: '11', 4: '33', 5: '34', 6: ''}, {0: 'Other first-year, degree-seeking', 1: '', 2: '', 3: '', 4: '', 5: '', 6: ''}, {0: 'All other degree-seeking', 1: '10208', 2: '13235', 3: '65', 4: '1604', 5: '1605', 6: '17'}, {0: 'Total degree-seeking', 1: '12,670', 2: '16,857', 3: '76', 4: '1,637', 5: '1,639', 6: '17'}, {0: 'All other undergraduates enrolled\nin credit courses', 1: '', 2: '', 3: '', 4: '', 5: '', 6: ''}, {0: 'Total undergraduates', 1: '12,670', 2: '16,857', 3: '76', 4: '1,637', 5: '1,639', 6: '17'}, {0: 'Graduate', 1: '', 2: '', 3: '', 4: '', 5: '', 6: ''}, {0: 'Degree-seeking, first-time', 1: '415', 2: '813', 3: '6', 4: '129', 5: '212', 6: '2'}, {0: 'All other degree-seeking', 1: '', 2: '', 3: '', 4: '', 5: '', 6: ''}, {0: 'All other graduates enrolled in\ncredit courses', 1: '510', 2: '1142', 3: '15', 4: '604', 5: '783', 6: '12'}, {0: 'Total graduate', 1: '925', 2: '1955', 3: '21', 4: '733', 5: '995', 6: '14'}]]","<table> <tr> <td> </td> <td colspan=""3""> FULL-TIME </td> <td colspan=""3""> PART-TIME </td> </tr> <tr> <td> </td> <td> Men </td> <td> Women </td> <td> Another Gender </td> <td> Men </td> <td> Women </td> <td> Another <br/> Gender </td> </tr> <tr> <td> Undergraduates </td> <td colspan=""6""> </td> </tr> <tr> <td> Degree-seeking, first-time </td> <td> 2462 </td> <td> 3,622 </td> <td> 11 </td> <td> 33 </td> <td> 34 </td> <td> </td> </tr> <tr> <td> Other first-year, degree-seeking </td> <td> </td> <td> </td> <td> </td> <td> </td> <td> </td> <td> </td> </tr> <tr> <td> All other degree-seeking </td> <td> 10208 </td> <td> 13235 </td> <td> 65 </td> <td> 1604 </td> <td> 1605 </td> <td> 17 </td> </tr> <tr> <td> Total degree-seeking </td> <td> 12,670 </td> <td> 16,857 </td> <td> 76 </td> <td> 1,637 </td> <td> 1,639 </td> <td> 17 </td> </tr> <tr> <td> All other undergraduates enrolled <br/> in credit courses </td> <td> </td> <td> </td> <td> </td> <td> </td> <td> </td> <td> </td> </tr> <tr> <td> Total undergraduates </td> <td> 12,670 </td> <td> 16,857 </td> <td> 76 </td> <td> 1,637 </td> <td> 1,639 </td> <td> 17 </td> </tr> <tr> <td> Graduate </td> <td colspan=""6""> </td> </tr> <tr> <td> Degree-seeking, first-time </td> <td> 415 </td> <td> 813 </td> <td> 6 </td> <td> 129 </td> <td> 212 </td> <td> 2 </td> </tr> <tr> <td> All other degree-seeking </td> <td> </td> <td> </td> <td> </td> <td> </td> <td> </td> <td> </td> </tr> <tr> <td> All other graduates enrolled in <br/> credit courses </td> <td> 510 </td> <td> 1142 </td> <td> 15 </td> <td> 604 </td> <td> 783 </td> <td> 12 </td> </tr> <tr> <td> Total graduate </td> <td> 925 </td> <td> 1955 </td> <td> 21 </td> <td> 733 </td> <td> 995 </td> <td> 14 </td> </tr> </table>",122409,../data/cds-docs/2023-2024/122409.pdf,2023-2024
B,2,B2,Total,"[[{0: '', 1: 'Degree-Seeking\nFirst-Time\nFirst Year', 2: 'Degree-Seeking\nUndergraduates\n(include first-time\nfirst-year)', 3: 'Total\nUndergraduates\n(both degree- and\nnon-degree\ufffe\nseeking)'}, {0: 'Nonresident', 1: '117', 2: '978', 3: ''}, {0: 'Hispanic/Latino', 1: '1,979', 2: '11,639', 3: ''}, {0: 'Black or African American, non-Hispanic', 1: '169', 2: '1,190', 3: ''}, {0: 'White, non-Hispanic', 1: '2,339', 2: '11,122', 3: ''}, {0: 'American Indian or Alaska Native, non-Hispanic', 1: '13', 2: '67', 3: ''}, {0: 'Asian, non-Hispanic', 1: '873', 2: '4,354', 3: ''}, {0: 'Native Hawaiian or other Pacific Islander, non\ufffe\nHispanic', 1: '12', 2: '75', 3: ''}, {0: 'Two or more races, non-Hispanic', 1: '507', 2: '2,309', 3: ''}, {0: 'Race and/or ethnicity unknown', 1: '153', 2: '1,162', 3: ''}, {0: 'TOTAL', 1: '6,162', 2: '32,896', 3: ''}]]","<table> <tr> <td> </td> <td> Degree-Seeking <br/> First-Time <br/> First Year </td> <td> Degree-Seeking <br/> Undergraduates <br/> (include first-time <br/> first-year) </td> <td> Total <br/> Undergraduates <br/> (both degree- and <br/> non-degree￾ <br/> seeking) </td> </tr> <tr> <td> Nonresident </td> <td> 117 </td> <td> 978 </td> <td> </td> </tr> <tr> <td> Hispanic/Latino </td> <td> 1,979 </td> <td> 11,639 </td> <td> </td> </tr> <tr> <td> Black or African American, non-Hispanic </td> <td> 169 </td> <td> 1,190 </td> <td> </td> </tr> <tr> <td> White, non-Hispanic </td> <td> 2,339 </td> <td> 11,122 </td> <td> </td> </tr> <tr> <td> American Indian or Alaska Native, non-Hispanic </td> <td> 13 </td> <td> 67 </td> <td> </td> </tr> <tr> <td> Asian, non-Hispanic </td> <td> 873 </td> <td> 4,354 </td> <td> </td> </tr> <tr> <td> Native Hawaiian or other Pacific Islander, non￾ <br/> Hispanic </td> <td> 12 </td> <td> 75 </td> <td> </td> </tr> <tr> <td> Two or more races, non-Hispanic </td> <td> 507 </td> <td> 2,309 </td> <td> </td> </tr> <tr> <td> Race and/or ethnicity unknown </td> <td> 153 </td> <td> 1,162 </td> <td> </td> </tr> <tr> <td> TOTAL </td> <td> 6,162 </td> <td> 32,896 </td> <td> </td> </tr> </table>",122409,../data/cds-docs/2023-2024/122409.pdf,2023-2024
B,3,B3,Associate degrees,"[[{0: 'Certificate/diploma', 1: ''}, {0: 'Associate degrees', 1: ''}, {0: ""Bachelor's degrees"", 1: '8,571'}, {0: ""Postbachelor's certificates"", 1: '195'}, {0: ""Master's degrees"", 1: '1,826'}, {0: ""Post-Master's certificates"", 1: ''}, {0: 'Doctoral degrees –\nresearch/scholarship', 1: '123'}, {0: 'Doctoral degrees – professional\npractice', 1: '37'}, {0: 'Doctoral degrees – other', 1: ''}]]","<table> <tr> <td> Certificate/diploma </td> <td> </td> </tr> <tr> <td> Associate degrees </td> <td> </td> </tr> <tr> <td> Bachelor's degrees </td> <td> 8,571 </td> </tr> <tr> <td> Postbachelor's certificates </td> <td> 195 </td> </tr> <tr> <td> Master's degrees </td> <td> 1,826 </td> </tr> <tr> <td> Post-Master's certificates </td> <td> </td> </tr> <tr> <td> Doctoral degrees – <br/> research/scholarship </td> <td> 123 </td> </tr> <tr> <td> Doctoral degrees – professional <br/> practice </td> <td> 37 </td> </tr> <tr> <td> Doctoral degrees – other </td> <td> </td> </tr> </table>",122409,../data/cds-docs/2023-2024/122409.pdf,2023-2024
C,1,C1,"Total first-time, first-year (degree seeking) who applied 74629 7266 1295 83190","[[{0: '', 1: '', 2: 'In-State', 3: 'Out-of-State', 4: 'International', 5: 'Total'}, {0: 'Total first-time, first-year (degree seeking) who applied', 1: 'Total first-time, first-year (degree seeking) who applied', 2: '74629', 3: '7266', 4: '1295', 5: '83190'}, {0: 'Total first-time, first-year (degree seeking) admitted', 1: 'Total first-time, first-year (degree seeking) admitted', 2: '21893', 3: '5891', 4: '649', 5: '28433'}, {0: 'Total first-time, first-year (degree seeking)', 1: 'enrolled', 2: '4626', 3: '1419', 4: '117', 5: '6162'}]]","<table> <tr> <td> </td> <td> </td> <td> In-State </td> <td> Out-of-State </td> <td> International </td> <td> Total </td> </tr> <tr> <td colspan=""2""> Total first-time, first-year (degree seeking) who applied </td> <td> 74629 </td> <td> 7266 </td> <td> 1295 </td> <td> 83190 </td> </tr> <tr> <td colspan=""2""> Total first-time, first-year (degree seeking) admitted </td> <td> 21893 </td> <td> 5891 </td> <td> 649 </td> <td> 28433 </td> </tr> <tr> <td> Total first-time, first-year (degree seeking) </td> <td> enrolled </td> <td> 4626 </td> <td> 1419 </td> <td> 117 </td> <td> 6162 </td> </tr> </table>",122409,../data/cds-docs/2023-2024/122409.pdf,2023-2024
C,2,C2,Do you have a policy of placing students on a waiting list? X,"[[{0: '', 1: 'Yes', 2: 'No'}, {0: 'Do you have a policy of placing students on a waiting list?', 1: 'X', 2: ''}], [{0: 'Number of qualified applicants offered a place on waiting list', 1: '8,646'}, {0: 'Number accepting a place on the waiting list', 1: '4,096'}, {0: 'Number of wait-listed students admitted', 1: '869'}, {0: 'Is your waiting list ranked?', 1: 'Yes'}, {0: 'If yes, do you release that information to students?', 1: 'No'}, {0: 'Do you release that information to school counselors?', 1: 'No'}]]","<table> <tr> <td> </td> <td> Yes </td> <td> No </td> </tr> <tr> <td> Do you have a policy of placing students on a waiting list? </td> <td> X </td> <td> </td> </tr> </table><div class=""separator""></div><table> <tr> <td> Number of qualified applicants offered a place on waiting list </td> <td> 8,646 </td> </tr> <tr> <td> Number accepting a place on the waiting list </td> <td> 4,096 </td> </tr> <tr> <td> Number of wait-listed students admitted </td> <td> 869 </td> </tr> <tr> <td> Is your waiting list ranked? </td> <td> Yes </td> </tr> <tr> <td> If yes, do you release that information to students? </td> <td> No </td> </tr> <tr> <td> Do you release that information to school counselors? </td> <td> No </td> </tr> </table>",122409,../data/cds-docs/2023-2024/122409.pdf,2023-2024
C,3,C3,High school diploma is required and GED is,"[[{0: 'High school diploma is required and GED is\naccepted', 1: 'X'}, {0: 'High school diploma is required and GED is not\naccepted', 1: ''}, {0: 'High school diploma or equivalent is not required', 1: ''}]]",<table> <tr> <td> High school diploma is required and GED is <br/> accepted </td> <td> X </td> </tr> <tr> <td> High school diploma is required and GED is not <br/> accepted </td> <td> </td> </tr> <tr> <td> High school diploma or equivalent is not required </td> <td> </td> </tr> </table>,122409,../data/cds-docs/2023-2024/122409.pdf,2023-2024
C,4,C4,Recommend,"[[{0: 'Require', 1: 'X'}, {0: 'Recommend', 1: ''}, {0: 'Neither require nor recommend', 1: ''}]]",<table> <tr> <td> Require </td> <td> X </td> </tr> <tr> <td> Recommend </td> <td> </td> </tr> <tr> <td> Neither require nor recommend </td> <td> </td> </tr> </table>,122409,../data/cds-docs/2023-2024/122409.pdf,2023-2024
C,5,C5,Units Units,"[[{0: '', 1: 'Required Units', 2: 'Units\nRecommended'}, {0: 'Total academic units', 1: '15', 2: ''}, {0: 'English', 1: '4', 2: ''}, {0: 'Mathematics', 1: '3', 2: '4'}, {0: 'Science', 1: '2', 2: '3'}, {0: 'Of these, units that must be\nlab', 1: '2', 2: '3'}, {0: 'Foreign language', 1: '2', 2: ''}, {0: 'Social studies', 1: '1', 2: ''}, {0: 'History', 1: '1', 2: ''}, {0: 'Academic electives', 1: '1', 2: ''}, {0: 'Computer Science', 1: '', 2: ''}, {0: 'Visual/Performing Arts', 1: '1', 2: ''}]]","<table> <tr> <td> </td> <td> Required Units </td> <td> Units <br/> Recommended </td> </tr> <tr> <td> Total academic units </td> <td> 15 </td> <td> </td> </tr> <tr> <td> English </td> <td> 4 </td> <td> </td> </tr> <tr> <td> Mathematics </td> <td> 3 </td> <td> 4 </td> </tr> <tr> <td> Science </td> <td> 2 </td> <td> 3 </td> </tr> <tr> <td> Of these, units that must be <br/> lab </td> <td> 2 </td> <td> 3 </td> </tr> <tr> <td> Foreign language </td> <td> 2 </td> <td> </td> </tr> <tr> <td> Social studies </td> <td> 1 </td> <td> </td> </tr> <tr> <td> History </td> <td> 1 </td> <td> </td> </tr> <tr> <td> Academic electives </td> <td> 1 </td> <td> </td> </tr> <tr> <td> Computer Science </td> <td> </td> <td> </td> </tr> <tr> <td> Visual/Performing Arts </td> <td> 1 </td> <td> </td> </tr> </table>",122409,../data/cds-docs/2023-2024/122409.pdf,2023-2024
C,7,C7,Not,"[[{0: '', 1: 'Very Important', 2: 'Important', 3: 'Considered', 4: 'Considered Not'}, {0: 'Academic', 1: 'Academic', 2: 'Academic', 3: 'Academic', 4: 'Academic'}, {0: 'Rigor of secondary school\nrecord', 1: 'X', 2: '', 3: '', 4: ''}, {0: 'Class rank', 1: '', 2: '', 3: '', 4: 'X'}, {0: 'Academic GPA', 1: 'X', 2: '', 3: '', 4: ''}, {0: 'Recommendations', 1: '', 2: '', 3: '', 4: 'X'}, {0: 'Standardized test scores', 1: '', 2: '', 3: '', 4: 'X'}, {0: 'Application Essay', 1: '', 2: '', 3: '', 4: 'X'}, {0: 'Nonacademic', 1: 'Nonacademic', 2: 'Nonacademic', 3: 'Nonacademic', 4: 'Nonacademic'}, {0: 'Interview', 1: '', 2: '', 3: '', 4: 'X'}, {0: 'Extracurricular activities', 1: '', 2: '', 3: '', 4: 'X'}, {0: 'Talent/ability', 1: '', 2: '', 3: '', 4: 'X'}, {0: 'Character/personal qualities', 1: '', 2: '', 3: '', 4: 'X'}, {0: 'First generation', 1: '', 2: '', 3: '', 4: 'X'}, {0: 'Alumni/ae relation', 1: '', 2: '', 3: '', 4: 'X'}, {0: 'Geographical residence', 1: '', 2: 'X', 3: '', 4: ''}, {0: 'State residency', 1: '', 2: 'X', 3: '', 4: ''}, {0: 'Religious affiliation/commitment', 1: '', 2: '', 3: '', 4: 'X'}, {0: 'Volunteer work', 1: '', 2: '', 3: '', 4: 'X'}, {0: 'Work experience', 1: '', 2: '', 3: '', 4: 'X'}, {0: 'Level of applicant’s interest', 1: '', 2: '', 3: '', 4: 'X'}]]","<table> <tr> <td> </td> <td> Very Important </td> <td> Important </td> <td> Considered </td> <td> Considered Not </td> </tr> <tr> <td colspan=""5""> Academic </td> </tr> <tr> <td> Rigor of secondary school <br/> record </td> <td> X </td> <td> </td> <td> </td> <td> </td> </tr> <tr> <td> Class rank </td> <td> </td> <td> </td> <td> </td> <td> X </td> </tr> <tr> <td> Academic GPA </td> <td> X </td> <td> </td> <td> </td> <td> </td> </tr> <tr> <td> Recommendations </td> <td> </td> <td> </td> <td> </td> <td> X </td> </tr> <tr> <td> Standardized test scores </td> <td> </td> <td> </td> <td> </td> <td> X </td> </tr> <tr> <td> Application Essay </td> <td> </td> <td> </td> <td> </td> <td> X </td> </tr> <tr> <td colspan=""5""> Nonacademic </td> </tr> <tr> <td> Interview </td> <td> </td> <td> </td> <td> </td> <td> X </td> </tr> <tr> <td> Extracurricular activities </td> <td> </td> <td> </td> <td> </td> <td> X </td> </tr> <tr> <td> Talent/ability </td> <td> </td> <td> </td> <td> </td> <td> X </td> </tr> <tr> <td> Character/personal qualities </td> <td> </td> <td> </td> <td> </td> <td> X </td> </tr> <tr> <td> First generation </td> <td> </td> <td> </td> <td> </td> <td> X </td> </tr> <tr> <td> Alumni/ae relation </td> <td> </td> <td> </td> <td> </td> <td> X </td> </tr> <tr> <td> Geographical residence </td> <td> </td> <td> X </td> <td> </td> <td> </td> </tr> <tr> <td> State residency </td> <td> </td> <td> X </td> <td> </td> <td> </td> </tr> <tr> <td> Religious affiliation/commitment </td> <td> </td> <td> </td> <td> </td> <td> X </td> </tr> <tr> <td> Volunteer work </td> <td> </td> <td> </td> <td> </td> <td> X </td> </tr> <tr> <td> Work experience </td> <td> </td> <td> </td> <td> </td> <td> X </td> </tr> <tr> <td> Level of applicant’s interest </td> <td> </td> <td> </td> <td> </td> <td> X </td> </tr> </table>",122409,../data/cds-docs/2023-2024/122409.pdf,2023-2024
C,8,C8,A Does your institution make use of SAT or ACT test scores in,"[[{0: '', 1: 'Yes', 2: 'No'}, {0: 'Does your institution make use of SAT or ACT test scores in\nadmission decisions for first-time, first-year, degree-seeking\napplicants?', 1: '', 2: 'X'}], [{0: '', 1: 'ADMISSION', 2: 'ADMISSION', 3: 'ADMISSION', 4: 'ADMISSION', 5: 'ADMISSION'}, {0: '', 1: 'Required to be\nsubmitted for\nadmission', 2: 'Required for Some', 3: 'Recommend', 4: 'Consider if\nSubmitted', 5: 'Not Considered,\neven if submitted'}, {0: 'SAT or ACT', 1: '', 2: '', 3: '', 4: '', 5: 'X'}, {0: 'ACT only', 1: '', 2: '', 3: '', 4: '', 5: ''}, {0: 'SAT only', 1: '', 2: '', 3: '', 4: '', 5: ''}], [{0: 'Yes', 1: 'No'}, {0: 'X', 1: ''}], [{0: 'SAT', 1: 'X'}, {0: 'ACT', 1: 'X'}, {0: 'SAT Subject Tests', 1: 'X'}, {0: 'AP', 1: 'X'}, {0: 'CLEP', 1: ''}, {0: 'Institutional Exam', 1: 'X'}, {0: 'State Exam (specify):', 1: ''}]]","<table> <tr> <td> </td> <td> Yes </td> <td> No </td> </tr> <tr> <td> Does your institution make use of SAT or ACT test scores in <br/> admission decisions for first-time, first-year, degree-seeking <br/> applicants? </td> <td> </td> <td> X </td> </tr> </table><div class=""separator""></div><table> <tr> <td> </td> <td colspan=""5""> ADMISSION </td> </tr> <tr> <td> </td> <td> Required to be <br/> submitted for <br/> admission </td> <td> Required for Some </td> <td> Recommend </td> <td> Consider if <br/> Submitted </td> <td> Not Considered, <br/> even if submitted </td> </tr> <tr> <td> SAT or ACT </td> <td> </td> <td> </td> <td> </td> <td> </td> <td> X </td> </tr> <tr> <td> ACT only </td> <td> </td> <td> </td> <td> </td> <td> </td> <td> </td> </tr> <tr> <td> SAT only </td> <td> </td> <td> </td> <td> </td> <td> </td> <td> </td> </tr> </table><div class=""separator""></div><table> <tr> <td> Yes </td> <td> No </td> </tr> <tr> <td> X </td> <td> </td> </tr> </table><div class=""separator""></div><table> <tr> <td> SAT </td> <td> X </td> </tr> <tr> <td> ACT </td> <td> X </td> </tr> <tr> <td> SAT Subject Tests </td> <td> X </td> </tr> <tr> <td> AP </td> <td> X </td> </tr> <tr> <td> CLEP </td> <td> </td> </tr> <tr> <td> Institutional Exam </td> <td> X </td> </tr> <tr> <td> State Exam (specify): </td> <td> </td> </tr> </table>",122409,../data/cds-docs/2023-2024/122409.pdf,2023-2024
C,10,C10,Percent in top quarter of high school graduating class 66%,"[[{0: 'Percent in top tenth of high school graduating class', 1: '27%', 2: ''}, {0: 'Percent in top quarter of high school graduating class', 1: '66%', 2: ''}, {0: 'Percent in top half of high school graduating class', 1: '94%', 2: ''}, {0: 'Percent in bottom half of high school graduating class', 1: '6%', 2: ''}, {0: 'Percent in bottom quarter of high school graduating class', 1: '0%', 2: ''}, {0: 'Percent of total first-time, first-year (freshmen) students who submitted high school\nclass rank:', 1: 'Percent of total first-time, first-year (freshmen) students who submitted high school\nclass rank:', 2: '32%'}]]","<table> <tr> <td> Percent in top tenth of high school graduating class </td> <td> 27% </td> <td> </td> </tr> <tr> <td> Percent in top quarter of high school graduating class </td> <td> 66% </td> <td> </td> </tr> <tr> <td> Percent in top half of high school graduating class </td> <td> 94% </td> <td> </td> </tr> <tr> <td> Percent in bottom half of high school graduating class </td> <td> 6% </td> <td> </td> </tr> <tr> <td> Percent in bottom quarter of high school graduating class </td> <td> 0% </td> <td> </td> </tr> <tr> <td colspan=""2""> Percent of total first-time, first-year (freshmen) students who submitted high school <br/> class rank: </td> <td> 32% </td> </tr> </table>",122409,../data/cds-docs/2023-2024/122409.pdf,2023-2024
C,11,C11,Percent who had GPA between 3.75 and 3.99 28%,"[[{0: 'Percent who had GPA of 4.0', 1: '41%'}, {0: 'Percent who had GPA between 3.75 and 3.99', 1: '28%'}, {0: 'Percent who had GPA between 3.50 and 3.74', 1: '19%'}, {0: 'Percent who had GPA between 3.25 and 3.49', 1: '8%'}, {0: 'Percent who had GPA between 3.00 and 3.24', 1: '3%'}, {0: 'Percent who had GPA between 2.50 and 2.99', 1: '1%'}, {0: 'Percent who had GPA between 2.0 and 2.49', 1: ''}, {0: 'Percent who had GPA between 1.0 and 1.99', 1: ''}, {0: 'Percent who had GPA below 1.0', 1: ''}, {0: 'Totals should = 100%', 1: '100%'}]]",<table> <tr> <td> Percent who had GPA of 4.0 </td> <td> 41% </td> </tr> <tr> <td> Percent who had GPA between 3.75 and 3.99 </td> <td> 28% </td> </tr> <tr> <td> Percent who had GPA between 3.50 and 3.74 </td> <td> 19% </td> </tr> <tr> <td> Percent who had GPA between 3.25 and 3.49 </td> <td> 8% </td> </tr> <tr> <td> Percent who had GPA between 3.00 and 3.24 </td> <td> 3% </td> </tr> <tr> <td> Percent who had GPA between 2.50 and 2.99 </td> <td> 1% </td> </tr> <tr> <td> Percent who had GPA between 2.0 and 2.49 </td> <td> </td> </tr> <tr> <td> Percent who had GPA between 1.0 and 1.99 </td> <td> </td> </tr> <tr> <td> Percent who had GPA below 1.0 </td> <td> </td> </tr> <tr> <td> Totals should = 100% </td> <td> 100% </td> </tr> </table>,122409,../data/cds-docs/2023-2024/122409.pdf,2023-2024
C,12,C12,"Average high school GPA of all degree-seeking, first-time, first-year","[[{0: 'Average high school GPA of all degree-seeking, first-time, first-year\nstudents who submitted GPA:', 1: '3.86'}, {0: 'Percent of total first-time, first-year students who submitted high\nschool GPA:', 1: '100%'}]]","<table> <tr> <td> Average high school GPA of all degree-seeking, first-time, first-year <br/> students who submitted GPA: </td> <td> 3.86 </td> </tr> <tr> <td> Percent of total first-time, first-year students who submitted high <br/> school GPA: </td> <td> 100% </td> </tr> </table>",122409,../data/cds-docs/2023-2024/122409.pdf,2023-2024
C,13,C13,Does your institution have an,"[[{0: '', 1: 'Yes', 2: 'No'}, {0: 'Does your institution have an\napplication fee?', 1: 'X', 2: ''}, {0: 'Amount of application fee:', 1: '$70.00', 2: ''}, {0: '', 1: 'Yes', 2: 'No'}, {0: 'Can it be waived for applicants', 1: 'X', 2: ''}], [{0: '', 1: 'Yes', 2: 'No'}, {0: 'Can on-line application fee be\nwaived for applicants with\nfinancial need?', 1: 'X', 2: ''}]]","<table> <tr> <td> </td> <td> Yes </td> <td> No </td> </tr> <tr> <td> Does your institution have an <br/> application fee? </td> <td> X </td> <td> </td> </tr> <tr> <td> Amount of application fee: </td> <td> $70.00 </td> <td> </td> </tr> <tr> <td> </td> <td> Yes </td> <td> No </td> </tr> <tr> <td> Can it be waived for applicants </td> <td> X </td> <td> </td> </tr> </table><div class=""separator""></div><table> <tr> <td> </td> <td> Yes </td> <td> No </td> </tr> <tr> <td> Can on-line application fee be <br/> waived for applicants with <br/> financial need? </td> <td> X </td> <td> </td> </tr> </table>",122409,../data/cds-docs/2023-2024/122409.pdf,2023-2024
C,14,C14,Does your institution have an,"[[{0: '', 1: 'Yes', 2: 'No'}, {0: 'Does your institution have an\napplication closing date?', 1: 'X', 2: ''}, {0: 'Application closing date (fall):', 1: '11/30', 2: ''}, {0: 'Priority date:', 1: '', 2: ''}]]",<table> <tr> <td> </td> <td> Yes </td> <td> No </td> </tr> <tr> <td> Does your institution have an <br/> application closing date? </td> <td> X </td> <td> </td> </tr> <tr> <td> Application closing date (fall): </td> <td> 11/30 </td> <td> </td> </tr> <tr> <td> Priority date: </td> <td> </td> <td> </td> </tr> </table>,122409,../data/cds-docs/2023-2024/122409.pdf,2023-2024
C,15,C15,Yes No,"[[{0: '', 1: 'Yes', 2: 'No'}, {0: 'Are first-time, first-year students accepted for terms other than\nthe fall?', 1: '', 2: 'X'}]]","<table> <tr> <td> </td> <td> Yes </td> <td> No </td> </tr> <tr> <td> Are first-time, first-year students accepted for terms other than <br/> the fall? </td> <td> </td> <td> X </td> </tr> </table>",122409,../data/cds-docs/2023-2024/122409.pdf,2023-2024
C,16,C16,On a rolling basis beginning,"[[{0: 'On a rolling basis beginning\n(date):', 1: ''}, {0: 'By (date):', 1: 'March'}, {0: 'Other:', 1: 'Other:'}]]","<table> <tr> <td> On a rolling basis beginning <br/> (date): </td> <td> </td> </tr> <tr> <td> By (date): </td> <td> March </td> </tr> <tr> <td colspan=""2""> Other: </td> </tr> </table>",122409,../data/cds-docs/2023-2024/122409.pdf,2023-2024
C,17,C17,Must reply by (date): 5/1,"[[{0: 'Must reply by (date):', 1: 'Must reply by (date):', 2: '5/1', 3: ''}, {0: 'No set date:', 1: 'No set date:', 2: '', 3: ''}, {0: 'Must reply by May 1 or within\n_____ weeks if notified\nthereafter', 1: 'Must reply by May 1 or within\n_____ weeks if notified\nthereafter', 2: '', 3: ''}, {0: 'Other:', 1: 'Other:', 2: 'Other:', 3: ''}, {0: 'Deadline for housing deposit (MM/DD):', 1: 'Deadline for housing deposit (MM/DD):', 2: 'Deadline for housing deposit (MM/DD):', 3: '5/1'}, {0: 'Amount of housing deposit:', 1: 'Amount of housing deposit:', 2: 'Amount of housing deposit:', 3: '$375.00'}, {0: 'Refundable if student does not enroll?', 1: 'Refundable if student does not enroll?', 2: 'Refundable if student does not enroll?', 3: ''}, {0: 'Yes,', 1: 'in full', 2: '', 3: ''}, {0: 'Yes, in part', 1: 'Yes, in part', 2: '', 3: ''}, {0: 'No', 1: 'No', 2: 'X', 3: 'http://housing.sdsu.edu'}]]","<table> <tr> <td colspan=""2""> Must reply by (date): </td> <td> 5/1 </td> <td> </td> </tr> <tr> <td colspan=""2""> No set date: </td> <td> </td> <td> </td> </tr> <tr> <td colspan=""2""> Must reply by May 1 or within <br/> _____ weeks if notified <br/> thereafter </td> <td> </td> <td> </td> </tr> <tr> <td colspan=""3""> Other: </td> <td> </td> </tr> <tr> <td colspan=""3""> Deadline for housing deposit (MM/DD): </td> <td> 5/1 </td> </tr> <tr> <td colspan=""3""> Amount of housing deposit: </td> <td> $375.00 </td> </tr> <tr> <td colspan=""3""> Refundable if student does not enroll? </td> <td> </td> </tr> <tr> <td> Yes, </td> <td> in full </td> <td> </td> <td> </td> </tr> <tr> <td colspan=""2""> Yes, in part </td> <td> </td> <td> </td> </tr> <tr> <td colspan=""2""> No </td> <td> X </td> <td> http://housing.sdsu.edu </td> </tr> </table>",122409,../data/cds-docs/2023-2024/122409.pdf,2023-2024
C,18,C18,Does your institution allow students to postpone enrollment after,"[[{0: '', 1: 'Yes', 2: 'No'}, {0: 'Does your institution allow students to postpone enrollment after\nadmission?', 1: '', 2: 'X'}]]",<table> <tr> <td> </td> <td> Yes </td> <td> No </td> </tr> <tr> <td> Does your institution allow students to postpone enrollment after <br/> admission? </td> <td> </td> <td> X </td> </tr> </table>,122409,../data/cds-docs/2023-2024/122409.pdf,2023-2024
C,19,C19,"Does your institution allow high school students to enroll as full-time,","[[{0: '', 1: 'Yes', 2: 'No'}, {0: 'Does your institution allow high school students to enroll as full-time,\nfirst-time, first-year students one year or more before high school\ngraduation?', 1: '', 2: 'X'}]]","<table> <tr> <td> </td> <td> Yes </td> <td> No </td> </tr> <tr> <td> Does your institution allow high school students to enroll as full-time, <br/> first-time, first-year students one year or more before high school <br/> graduation? </td> <td> </td> <td> X </td> </tr> </table>",122409,../data/cds-docs/2023-2024/122409.pdf,2023-2024
C,21,C21,Does your institution offer an early decision plan (an admission plan,"[[{0: '', 1: 'Yes', 2: 'No'}, {0: 'Does your institution offer an early decision plan (an admission plan\nthat permits students to apply and be notified of an admission decision\nwell in advance of the regular notification date and that asks students\nto commit to attending if accepted) for first-time, first-year applicants\nfor fall enrollment?', 1: '', 2: 'X'}]]","<table> <tr> <td> </td> <td> Yes </td> <td> No </td> </tr> <tr> <td> Does your institution offer an early decision plan (an admission plan <br/> that permits students to apply and be notified of an admission decision <br/> well in advance of the regular notification date and that asks students <br/> to commit to attending if accepted) for first-time, first-year applicants <br/> for fall enrollment? </td> <td> </td> <td> X </td> </tr> </table>",122409,../data/cds-docs/2023-2024/122409.pdf,2023-2024
C,22,C22,Do you have a nonbinding early action plan whereby students are,"[[{0: '', 1: 'Yes', 2: 'No'}, {0: 'Do you have a nonbinding early action plan whereby students are\nnotified of an admission decision well in advance of the regular\nnotification date but do not have to commit to attending your college?', 1: '', 2: 'X'}]]",<table> <tr> <td> </td> <td> Yes </td> <td> No </td> </tr> <tr> <td> Do you have a nonbinding early action plan whereby students are <br/> notified of an admission decision well in advance of the regular <br/> notification date but do not have to commit to attending your college? </td> <td> </td> <td> X </td> </tr> </table>,122409,../data/cds-docs/2023-2024/122409.pdf,2023-2024
D,1,D1,Yes No,"[[{0: '', 1: 'Yes', 2: 'No'}, {0: 'Does your institution enroll transfer students? (If no,\nplease skip to Section E)', 1: 'X', 2: ''}, {0: 'If yes, may transfer students earn advanced standing credit\nby transferring credits earned from course work completed\nat other colleges/universities?', 1: 'X', 2: ''}]]","<table> <tr> <td> </td> <td> Yes </td> <td> No </td> </tr> <tr> <td> Does your institution enroll transfer students? (If no, <br/> please skip to Section E) </td> <td> X </td> <td> </td> </tr> <tr> <td> If yes, may transfer students earn advanced standing credit <br/> by transferring credits earned from course work completed <br/> at other colleges/universities? </td> <td> X </td> <td> </td> </tr> </table>",122409,../data/cds-docs/2023-2024/122409.pdf,2023-2024
D,2,D2,Applicants Admitted Enrolled,"[[{0: '', 1: 'Applicants', 2: 'Admitted', 3: 'Enrolled'}, {0: 'Men', 1: '7,550', 2: '4,536', 3: '2,263'}, {0: 'Women', 1: '8,805', 2: '5,080', 3: '2,500'}, {0: 'Another Gender', 1: '55', 2: '31', 3: '14'}, {0: 'Total', 1: '16,410', 2: '9,647', 3: '4,777'}]]","<table> <tr> <td> </td> <td> Applicants </td> <td> Admitted </td> <td> Enrolled </td> </tr> <tr> <td> Men </td> <td> 7,550 </td> <td> 4,536 </td> <td> 2,263 </td> </tr> <tr> <td> Women </td> <td> 8,805 </td> <td> 5,080 </td> <td> 2,500 </td> </tr> <tr> <td> Another Gender </td> <td> 55 </td> <td> 31 </td> <td> 14 </td> </tr> <tr> <td> Total </td> <td> 16,410 </td> <td> 9,647 </td> <td> 4,777 </td> </tr> </table>",122409,../data/cds-docs/2023-2024/122409.pdf,2023-2024
D,3,D3,Fall X,"[[{0: 'Fall', 1: 'X'}, {0: 'Winter', 1: ''}, {0: 'Spring', 1: ''}, {0: 'Summer', 1: ''}]]",<table> <tr> <td> Fall </td> <td> X </td> </tr> <tr> <td> Winter </td> <td> </td> </tr> <tr> <td> Spring </td> <td> </td> </tr> <tr> <td> Summer </td> <td> </td> </tr> </table>,122409,../data/cds-docs/2023-2024/122409.pdf,2023-2024
D,4,D4,Yes No,"[[{0: '', 1: 'Yes', 2: 'No'}, {0: 'Must a transfer applicant have a minimum number of\ncredits completed or else must apply as an entering\nfreshman?', 1: 'X', 2: ''}, {0: 'If yes, what is the minimum number of credits and the unit\nof measure?', 1: '60 semester', 2: ''}]]","<table> <tr> <td> </td> <td> Yes </td> <td> No </td> </tr> <tr> <td> Must a transfer applicant have a minimum number of <br/> credits completed or else must apply as an entering <br/> freshman? </td> <td> X </td> <td> </td> </tr> <tr> <td> If yes, what is the minimum number of credits and the unit <br/> of measure? </td> <td> 60 semester </td> <td> </td> </tr> </table>",122409,../data/cds-docs/2023-2024/122409.pdf,2023-2024
D,9,D9,Rolling,"[[{0: '', 1: 'Priority Date', 2: 'Closing Date', 3: 'Notification Date', 4: 'Reply Date', 5: 'Rolling\nAdmission'}, {0: 'Fall', 1: '', 2: '11/30', 3: 'March', 4: '5/1', 5: ''}, {0: 'Winter', 1: '', 2: '', 3: '', 4: '', 5: ''}, {0: 'Spring', 1: '', 2: '', 3: '', 4: '', 5: ''}, {0: 'Summer', 1: '', 2: '', 3: '', 4: '', 5: ''}]]",<table> <tr> <td> </td> <td> Priority Date </td> <td> Closing Date </td> <td> Notification Date </td> <td> Reply Date </td> <td> Rolling <br/> Admission </td> </tr> <tr> <td> Fall </td> <td> </td> <td> 11/30 </td> <td> March </td> <td> 5/1 </td> <td> </td> </tr> <tr> <td> Winter </td> <td> </td> <td> </td> <td> </td> <td> </td> <td> </td> </tr> <tr> <td> Spring </td> <td> </td> <td> </td> <td> </td> <td> </td> <td> </td> </tr> <tr> <td> Summer </td> <td> </td> <td> </td> <td> </td> <td> </td> <td> </td> </tr> </table>,122409,../data/cds-docs/2023-2024/122409.pdf,2023-2024
D,10,D10,Yes No,"[[{0: '', 1: 'Yes', 2: 'No'}, {0: 'Does an open admission policy, if reported, apply to\ntransfer students?', 1: '', 2: 'n/a'}]]","<table> <tr> <td> </td> <td> Yes </td> <td> No </td> </tr> <tr> <td> Does an open admission policy, if reported, apply to <br/> transfer students? </td> <td> </td> <td> n/a </td> </tr> </table>",122409,../data/cds-docs/2023-2024/122409.pdf,2023-2024
D,13,D13,Number Unit Type,"[[{0: '', 1: 'Number', 2: 'Unit Type'}, {0: 'Maximum number of credits or courses that may be\ntransferred from a two-year institution:', 1: '70', 2: 'semester'}]]",<table> <tr> <td> </td> <td> Number </td> <td> Unit Type </td> </tr> <tr> <td> Maximum number of credits or courses that may be <br/> transferred from a two-year institution: </td> <td> 70 </td> <td> semester </td> </tr> </table>,122409,../data/cds-docs/2023-2024/122409.pdf,2023-2024
D,14,D14,Number Unit Type,"[[{0: '', 1: 'Number', 2: 'Unit Type'}, {0: 'Maximum number of credits or courses that may be\ntransferred from a four-year institution:', 1: 'No limit', 2: 'semester'}]]",<table> <tr> <td> </td> <td> Number </td> <td> Unit Type </td> </tr> <tr> <td> Maximum number of credits or courses that may be <br/> transferred from a four-year institution: </td> <td> No limit </td> <td> semester </td> </tr> </table>,122409,../data/cds-docs/2023-2024/122409.pdf,2023-2024
D,18,D18,Does your institution accept the following military/veteran transfer credits:,"[[{0: '', 1: 'Yes', 2: 'No'}, {0: 'American Council on Education (ACE)', 1: 'X', 2: ''}, {0: 'College Level Examination Program (CLEP)', 1: 'X', 2: ''}, {0: 'DANTES Subject Standardized Tests (DSST)', 1: 'X', 2: ''}]]",<table> <tr> <td> </td> <td> Yes </td> <td> No </td> </tr> <tr> <td> American Council on Education (ACE) </td> <td> X </td> <td> </td> </tr> <tr> <td> College Level Examination Program (CLEP) </td> <td> X </td> <td> </td> </tr> <tr> <td> DANTES Subject Standardized Tests (DSST) </td> <td> X </td> <td> </td> </tr> </table>,122409,../data/cds-docs/2023-2024/122409.pdf,2023-2024
D,19,D19,Number Unit Type,"[[{0: '', 1: 'Number', 2: 'Unit Type'}, {0: 'Maximum number of credits or courses that may be\ntransferred based on military education evaluated by the\nAmerican Council on Education (ACE):', 1: 'No Limit', 2: 'Semester\nCredit'}]]",<table> <tr> <td> </td> <td> Number </td> <td> Unit Type </td> </tr> <tr> <td> Maximum number of credits or courses that may be <br/> transferred based on military education evaluated by the <br/> American Council on Education (ACE): </td> <td> No Limit </td> <td> Semester <br/> Credit </td> </tr> </table>,122409,../data/cds-docs/2023-2024/122409.pdf,2023-2024
D,20,D20,Number Unit Type,"[[{0: '', 1: 'Number', 2: 'Unit Type'}, {0: 'Maximum number of credits or courses that may be\ntransferred based on Department of Defense supported\nprior learning assessments (College Level Examination\nProgram (CLEP) or DANTES Subject Standardized Tests\n(DSST)):', 1: '24 30 DSST CLEP', 2: 'Semester\nCredit'}], [{0: '', 1: 'Yes', 2: 'No'}, {0: 'Are the military/veteran credit transfer policies on your\nwebsite?', 1: 'X', 2: ''}]]","<table> <tr> <td> </td> <td> Number </td> <td> Unit Type </td> </tr> <tr> <td> Maximum number of credits or courses that may be <br/> transferred based on Department of Defense supported <br/> prior learning assessments (College Level Examination <br/> Program (CLEP) or DANTES Subject Standardized Tests <br/> (DSST)): </td> <td> 24 30 DSST CLEP </td> <td> Semester <br/> Credit </td> </tr> </table><div class=""separator""></div><table> <tr> <td> </td> <td> Yes </td> <td> No </td> </tr> <tr> <td> Are the military/veteran credit transfer policies on your <br/> website? </td> <td> X </td> <td> </td> </tr> </table>",122409,../data/cds-docs/2023-2024/122409.pdf,2023-2024
E,1,E1,Accelerated program,"[[{0: 'Accelerated program', 1: ''}, {0: 'Comprehensive transition and postsecondary program for students with\nintellectual disabilities', 1: ''}, {0: 'Cross-registration', 1: 'X'}, {0: 'Distance learning', 1: 'X'}, {0: 'Double major', 1: 'X'}, {0: 'Dual enrollment', 1: ''}, {0: 'English as a Second Language (ESL)', 1: 'X'}, {0: 'Exchange student program (domestic)', 1: ''}, {0: 'External degree program', 1: 'X'}, {0: 'Honors Program', 1: 'X'}, {0: 'Independent study', 1: 'X'}, {0: 'Internships', 1: 'X'}, {0: 'Liberal arts/career combination', 1: 'X'}, {0: 'Student-designed major', 1: 'X'}, {0: 'Study abroad', 1: 'X'}, {0: 'Teacher certification program', 1: 'X'}, {0: 'Undergraduate Research', 1: 'X'}, {0: 'Weekend college', 1: ''}, {0: 'Other (specify):', 1: ''}]]",<table> <tr> <td> Accelerated program </td> <td> </td> </tr> <tr> <td> Comprehensive transition and postsecondary program for students with <br/> intellectual disabilities </td> <td> </td> </tr> <tr> <td> Cross-registration </td> <td> X </td> </tr> <tr> <td> Distance learning </td> <td> X </td> </tr> <tr> <td> Double major </td> <td> X </td> </tr> <tr> <td> Dual enrollment </td> <td> </td> </tr> <tr> <td> English as a Second Language (ESL) </td> <td> X </td> </tr> <tr> <td> Exchange student program (domestic) </td> <td> </td> </tr> <tr> <td> External degree program </td> <td> X </td> </tr> <tr> <td> Honors Program </td> <td> X </td> </tr> <tr> <td> Independent study </td> <td> X </td> </tr> <tr> <td> Internships </td> <td> X </td> </tr> <tr> <td> Liberal arts/career combination </td> <td> X </td> </tr> <tr> <td> Student-designed major </td> <td> X </td> </tr> <tr> <td> Study abroad </td> <td> X </td> </tr> <tr> <td> Teacher certification program </td> <td> X </td> </tr> <tr> <td> Undergraduate Research </td> <td> X </td> </tr> <tr> <td> Weekend college </td> <td> </td> </tr> <tr> <td> Other (specify): </td> <td> </td> </tr> </table>,122409,../data/cds-docs/2023-2024/122409.pdf,2023-2024
E,3,E3,Arts/fine arts X,"[[{0: 'Arts/fine arts', 1: 'X'}, {0: 'Computer literacy', 1: ''}, {0: 'English (including composition)', 1: 'X'}, {0: 'Foreign languages', 1: 'X'}, {0: 'History', 1: 'X'}, {0: 'Physical Education', 1: ''}, {0: 'Humanities', 1: 'X'}, {0: 'Intensive writing', 1: 'X'}, {0: 'Mathematics', 1: 'X'}, {0: 'Philosophy', 1: 'X'}, {0: 'Sciences (biological or physical)', 1: 'X'}, {0: 'Social science', 1: 'X'}, {0: 'Other (describe): Ethnic Studies', 1: 'X'}]]",<table> <tr> <td> Arts/fine arts </td> <td> X </td> </tr> <tr> <td> Computer literacy </td> <td> </td> </tr> <tr> <td> English (including composition) </td> <td> X </td> </tr> <tr> <td> Foreign languages </td> <td> X </td> </tr> <tr> <td> History </td> <td> X </td> </tr> <tr> <td> Physical Education </td> <td> </td> </tr> <tr> <td> Humanities </td> <td> X </td> </tr> <tr> <td> Intensive writing </td> <td> X </td> </tr> <tr> <td> Mathematics </td> <td> X </td> </tr> <tr> <td> Philosophy </td> <td> X </td> </tr> <tr> <td> Sciences (biological or physical) </td> <td> X </td> </tr> <tr> <td> Social science </td> <td> X </td> </tr> <tr> <td> Other (describe): Ethnic Studies </td> <td> X </td> </tr> </table>,122409,../data/cds-docs/2023-2024/122409.pdf,2023-2024
F,1,F1,,"[[{0: '', 1: 'First-time, first-year\nstudents', 2: 'Undergraduates'}, {0: 'Percent who are from out of state (exclude\ninternational/nonresidents from the numerator and\ndenominator)', 1: '24%', 2: '15%'}, {0: 'Percent of men who join fraternities', 1: '14%', 2: '11%'}, {0: 'Percent of women who join sororities', 1: '15%', 2: '12%'}, {0: 'Percent who live in college-owned, -operated, or -\naffiliated housing', 1: '69%', 2: '25%'}, {0: 'Percent who live off campus or commute', 1: '31%', 2: '75%'}, {0: 'Percent of students age 25 and older', 1: '0%', 2: '10%'}, {0: 'Average age of full-time students', 1: '18', 2: '21'}, {0: 'Average age of all students (full- and part-time)', 1: '18', 2: '22'}]]","<table> <tr> <td> </td> <td> First-time, first-year <br/> students </td> <td> Undergraduates </td> </tr> <tr> <td> Percent who are from out of state (exclude <br/> international/nonresidents from the numerator and <br/> denominator) </td> <td> 24% </td> <td> 15% </td> </tr> <tr> <td> Percent of men who join fraternities </td> <td> 14% </td> <td> 11% </td> </tr> <tr> <td> Percent of women who join sororities </td> <td> 15% </td> <td> 12% </td> </tr> <tr> <td> Percent who live in college-owned, -operated, or - <br/> affiliated housing </td> <td> 69% </td> <td> 25% </td> </tr> <tr> <td> Percent who live off campus or commute </td> <td> 31% </td> <td> 75% </td> </tr> <tr> <td> Percent of students age 25 and older </td> <td> 0% </td> <td> 10% </td> </tr> <tr> <td> Average age of full-time students </td> <td> 18 </td> <td> 21 </td> </tr> <tr> <td> Average age of all students (full- and part-time) </td> <td> 18 </td> <td> 22 </td> </tr> </table>",122409,../data/cds-docs/2023-2024/122409.pdf,2023-2024
F,2,F2,Campus Ministries X,"[[{0: 'Campus Ministries', 1: 'X'}, {0: 'Choral groups', 1: 'X'}, {0: 'Concert band', 1: 'X'}, {0: 'Dance', 1: 'X'}, {0: 'Drama/theater', 1: 'X'}, {0: 'International Student', 1: 'X'}, {0: 'Jazz band', 1: 'X'}, {0: 'Literary magazine', 1: 'X'}, {0: 'Marching band', 1: 'X'}, {0: 'Model UN', 1: 'X'}, {0: 'Music ensembles', 1: 'X'}, {0: 'Musical theater', 1: 'X'}, {0: 'Opera', 1: 'X'}, {0: 'Pep band', 1: 'X'}, {0: 'Radio station', 1: 'X'}, {0: 'Student government', 1: 'X'}, {0: 'Student newspaper', 1: 'X'}, {0: 'Student-run film society', 1: 'X'}, {0: 'Symphony orchestra', 1: 'X'}, {0: 'Television station', 1: 'X'}, {0: 'Yearbook', 1: ''}]]",<table> <tr> <td> Campus Ministries </td> <td> X </td> </tr> <tr> <td> Choral groups </td> <td> X </td> </tr> <tr> <td> Concert band </td> <td> X </td> </tr> <tr> <td> Dance </td> <td> X </td> </tr> <tr> <td> Drama/theater </td> <td> X </td> </tr> <tr> <td> International Student </td> <td> X </td> </tr> <tr> <td> Jazz band </td> <td> X </td> </tr> <tr> <td> Literary magazine </td> <td> X </td> </tr> <tr> <td> Marching band </td> <td> X </td> </tr> <tr> <td> Model UN </td> <td> X </td> </tr> <tr> <td> Music ensembles </td> <td> X </td> </tr> <tr> <td> Musical theater </td> <td> X </td> </tr> <tr> <td> Opera </td> <td> X </td> </tr> <tr> <td> Pep band </td> <td> X </td> </tr> <tr> <td> Radio station </td> <td> X </td> </tr> <tr> <td> Student government </td> <td> X </td> </tr> <tr> <td> Student newspaper </td> <td> X </td> </tr> <tr> <td> Student-run film society </td> <td> X </td> </tr> <tr> <td> Symphony orchestra </td> <td> X </td> </tr> <tr> <td> Television station </td> <td> X </td> </tr> <tr> <td> Yearbook </td> <td> </td> </tr> </table>,122409,../data/cds-docs/2023-2024/122409.pdf,2023-2024
F,3,F3,At Cooperating Name of Cooperating,"[[{0: '', 1: 'On Campus', 2: 'At Cooperating\nInstitution', 3: 'Name of Cooperating\nInstitution'}, {0: 'Army ROTC is offered:', 1: 'X', 2: '', 3: ''}, {0: 'Naval ROTC is offered:', 1: '', 2: 'X', 3: 'University of San Diego'}, {0: 'Marine Option (for Naval ROTC)', 1: '', 2: '', 3: ''}, {0: 'Air Force ROTC is offered:', 1: 'X', 2: '', 3: ''}]]",<table> <tr> <td> </td> <td> On Campus </td> <td> At Cooperating <br/> Institution </td> <td> Name of Cooperating <br/> Institution </td> </tr> <tr> <td> Army ROTC is offered: </td> <td> X </td> <td> </td> <td> </td> </tr> <tr> <td> Naval ROTC is offered: </td> <td> </td> <td> X </td> <td> University of San Diego </td> </tr> <tr> <td> Marine Option (for Naval ROTC) </td> <td> </td> <td> </td> <td> </td> </tr> <tr> <td> Air Force ROTC is offered: </td> <td> X </td> <td> </td> <td> </td> </tr> </table>,122409,../data/cds-docs/2023-2024/122409.pdf,2023-2024
F,4,F4,Coed dorms X,"[[{0: 'Coed dorms', 1: 'X'}, {0: ""Men's dorms"", 1: ''}, {0: ""Women's dorms"", 1: ''}, {0: 'Apartments for married students', 1: ''}, {0: 'Apartments for single students', 1: 'X'}, {0: 'Special housing for disabled\nstudents', 1: 'X'}, {0: 'Special housing for international\nstudents', 1: 'X'}, {0: 'Fraternity/sorority housing', 1: 'X'}, {0: 'Cooperative housing', 1: ''}, {0: 'Theme housing', 1: 'X'}, {0: 'Wellness housing', 1: 'X'}, {0: 'Living Learning Communities', 1: 'X'}, {0: 'Other housing options (specify):\nX\nSDSU Housing', 1: 'X'}, {0: 'Other housing options (specify):\nX\nSDSU Housing', 1: 'Other housing options (specify):\nX\nSDSU Housing'}]]","<table> <tr> <td> Coed dorms </td> <td> X </td> </tr> <tr> <td> Men's dorms </td> <td> </td> </tr> <tr> <td> Women's dorms </td> <td> </td> </tr> <tr> <td> Apartments for married students </td> <td> </td> </tr> <tr> <td> Apartments for single students </td> <td> X </td> </tr> <tr> <td> Special housing for disabled <br/> students </td> <td> X </td> </tr> <tr> <td> Special housing for international <br/> students </td> <td> X </td> </tr> <tr> <td> Fraternity/sorority housing </td> <td> X </td> </tr> <tr> <td> Cooperative housing </td> <td> </td> </tr> <tr> <td> Theme housing </td> <td> X </td> </tr> <tr> <td> Wellness housing </td> <td> X </td> </tr> <tr> <td> Living Learning Communities </td> <td> X </td> </tr> <tr> <td rowspan=""2""> Other housing options (specify): <br/> X <br/> SDSU Housing </td> <td> X </td> </tr> <tr> <td> Other housing options (specify): <br/> X <br/> SDSU Housing </td> </tr> </table>",122409,../data/cds-docs/2023-2024/122409.pdf,2023-2024
G,1,G1,First-Year Undergraduates,"[[{0: '', 1: 'First-Year', 2: 'Undergraduates'}, {0: 'PRIVATE INSTITUTIONS\nTuition:', 1: '', 2: ''}, {0: 'PUBLIC INSTITUTIONS\nTuition:\nIn-district', 1: '$6,084', 2: '$6,084'}, {0: 'PUBLIC INSTITUTIONS\nIn-state (out-of-district):', 1: '$6,084', 2: '$6,084'}, {0: 'PUBLIC INSTITUTIONS\nOut-of-state:', 1: '$18,684', 2: '$18,684'}, {0: 'NONRESIDENT\nTuition:', 1: '$18,684', 2: '$18,684'}, {0: 'REQUIRED FEES: $2,644 $2,644', 1: 'REQUIRED FEES: $2,644 $2,644', 2: 'REQUIRED FEES: $2,644 $2,644'}, {0: 'FOOD AND HOUSING (on campus):', 1: '$23,030', 2: '$23,030'}, {0: '(\n)\nHOUSING ONLY (on campus):', 1: '', 2: ''}, {0: '(\n)\nFOOD ONLY (on campus meal plan):\n(on-campus meal plan)', 1: '', 2: ''}]]","<table> <tr> <td> </td> <td> First-Year </td> <td> Undergraduates </td> </tr> <tr> <td> PRIVATE INSTITUTIONS <br/> Tuition: </td> <td> </td> <td> </td> </tr> <tr> <td> PUBLIC INSTITUTIONS <br/> Tuition: <br/> In-district </td> <td> $6,084 </td> <td> $6,084 </td> </tr> <tr> <td> PUBLIC INSTITUTIONS <br/> In-state (out-of-district): </td> <td> $6,084 </td> <td> $6,084 </td> </tr> <tr> <td> PUBLIC INSTITUTIONS <br/> Out-of-state: </td> <td> $18,684 </td> <td> $18,684 </td> </tr> <tr> <td> NONRESIDENT <br/> Tuition: </td> <td> $18,684 </td> <td> $18,684 </td> </tr> <tr> <td colspan=""3""> REQUIRED FEES: $2,644 $2,644 </td> </tr> <tr> <td> FOOD AND HOUSING (on campus): </td> <td> $23,030 </td> <td> $23,030 </td> </tr> <tr> <td> ( <br/> ) <br/> HOUSING ONLY (on campus): </td> <td> </td> <td> </td> </tr> <tr> <td> ( <br/> ) <br/> FOOD ONLY (on campus meal plan): <br/> (on-campus meal plan) </td> <td> </td> <td> </td> </tr> </table>",122409,../data/cds-docs/2023-2024/122409.pdf,2023-2024
G,2,G2,Minimum Maximum,"[[{0: '', 1: 'Minimum', 2: 'Maximum'}, {0: 'Number of credits per term a student can take for the stated\nfull-time tuition', 1: '6.1', 2: '+'}]]",<table> <tr> <td> </td> <td> Minimum </td> <td> Maximum </td> </tr> <tr> <td> Number of credits per term a student can take for the stated <br/> full-time tuition </td> <td> 6.1 </td> <td> + </td> </tr> </table>,122409,../data/cds-docs/2023-2024/122409.pdf,2023-2024
G,3,G3,Yes No,"[[{0: '', 1: 'Yes', 2: 'No'}, {0: 'Do tuition and fees vary by year of study (e.g., sophomore,\njunior, senior)?', 1: '', 2: 'X'}]]","<table> <tr> <td> </td> <td> Yes </td> <td> No </td> </tr> <tr> <td> Do tuition and fees vary by year of study (e.g., sophomore, <br/> junior, senior)? </td> <td> </td> <td> X </td> </tr> </table>",122409,../data/cds-docs/2023-2024/122409.pdf,2023-2024
G,4,G4,Yes No,"[[{0: '', 1: 'Yes', 2: 'No'}, {0: 'Do tuition and fees vary by undergraduate instructional\nprogram?', 1: '', 2: 'X'}]]",<table> <tr> <td> </td> <td> Yes </td> <td> No </td> </tr> <tr> <td> Do tuition and fees vary by undergraduate instructional <br/> program? </td> <td> </td> <td> X </td> </tr> </table>,122409,../data/cds-docs/2023-2024/122409.pdf,2023-2024
G,5,G5,Commuters Commuters,"[[{0: '', 1: 'Residents', 2: 'Commuters\n(living at home)', 3: 'Commuters\n(not living at home)'}, {0: 'Books and supplies', 1: '$946', 2: '$946', 3: '$946'}, {0: 'Housing only', 1: '', 2: '', 3: ''}, {0: 'Food only', 1: '', 2: '', 3: ''}, {0: 'Food and Housing total (if your\ncollege cannot provide separate food\nand housing figures for commuters not\nliving at home):', 1: '$23,030', 2: '$9,010', 3: '$17,672'}, {0: 'Transportation', 1: '$1,172', 2: '$2,472', 3: '$2,468'}, {0: 'Other expenses', 1: '$2,214', 2: '$2,550', 3: '$2,908'}]]","<table> <tr> <td> </td> <td> Residents </td> <td> Commuters <br/> (living at home) </td> <td> Commuters <br/> (not living at home) </td> </tr> <tr> <td> Books and supplies </td> <td> $946 </td> <td> $946 </td> <td> $946 </td> </tr> <tr> <td> Housing only </td> <td> </td> <td> </td> <td> </td> </tr> <tr> <td> Food only </td> <td> </td> <td> </td> <td> </td> </tr> <tr> <td> Food and Housing total (if your <br/> college cannot provide separate food <br/> and housing figures for commuters not <br/> living at home): </td> <td> $23,030 </td> <td> $9,010 </td> <td> $17,672 </td> </tr> <tr> <td> Transportation </td> <td> $1,172 </td> <td> $2,472 </td> <td> $2,468 </td> </tr> <tr> <td> Other expenses </td> <td> $2,214 </td> <td> $2,550 </td> <td> $2,908 </td> </tr> </table>",122409,../data/cds-docs/2023-2024/122409.pdf,2023-2024
G,6,G6,PRIVATE INSTITUTIONS:,"[[{0: 'PRIVATE INSTITUTIONS:', 1: ''}, {0: 'PUBLIC INSTITUTIONS\nIn-district:', 1: ''}, {0: 'PUBLIC INSTITUTIONS\nIn-state (out-of-district):', 1: ''}, {0: 'PUBLIC INSTITUTIONS\nOut-of-state:', 1: '$420/unit'}, {0: 'NONRESIDENT:', 1: '$420/unit'}]]",<table> <tr> <td> PRIVATE INSTITUTIONS: </td> <td> </td> </tr> <tr> <td> PUBLIC INSTITUTIONS <br/> In-district: </td> <td> </td> </tr> <tr> <td> PUBLIC INSTITUTIONS <br/> In-state (out-of-district): </td> <td> </td> </tr> <tr> <td> PUBLIC INSTITUTIONS <br/> Out-of-state: </td> <td> $420/unit </td> </tr> <tr> <td> NONRESIDENT: </td> <td> $420/unit </td> </tr> </table>,122409,../data/cds-docs/2023-2024/122409.pdf,2023-2024
H,1,H1,2023-2024 2022-2023 Final,"[[{0: '', 1: '2023-2024', 2: '2022-2023 Final'}, {0: 'Indicate the academic year for which data are reported for items H1,\nH2, H2A, and H6 below:', 1: 'X', 2: ''}], [{0: '', 1: 'Need-based $ (Include\nnon-need-based aid used to\nmeet need.)', 2: 'Non-need-based $\n(Exclude non-need-based aid used\nto meet need.)'}, {0: 'Scholarships/Grants', 1: 'Scholarships/Grants', 2: 'Scholarships/Grants'}, {0: 'Federal', 1: '$63,358,405', 2: '$27,847'}, {0: 'State (i.e., all states, not only the state in which your institution is\nlocated)', 1: '$70,128,622', 2: '$8,521,940'}, {0: 'Institutional: Endowed scholarships, annual gifts and tuition funded\ngrants, awarded by the college, excluding athletic aid and tuition\nwaivers (which are reported below).', 1: '$36,012,538', 2: '$4,587,913'}, {0: 'Scholarships/grants from external sources (e.g., Kiwanis, National\nMerit) not awarded by the college', 1: '', 2: '$4,344,849'}, {0: 'Total Scholarships/Grants', 1: '$169,499,565', 2: '$17,482,549'}, {0: 'Self-Help', 1: 'Self-Help', 2: 'Self-Help'}, {0: 'Student loans from all sources (excluding parent loans)', 1: '$147,151,837', 2: '$43,250,904'}, {0: 'Federal Work-Study', 1: '$8,156,887', 2: ''}, {0: 'State and other (e.g., institutional) work-study/employment (Note:\nExcludes Federal Work-Study captured above.)', 1: '$0', 2: '$0'}, {0: 'Total Self-Help', 1: '$155,308,724', 2: '$43,250,904'}, {0: 'Other', 1: 'Other', 2: 'Other'}, {0: 'Parent Loans', 1: '$10,569,766', 2: '$29,744,265'}, {0: 'Tuition Waivers\nReporting is optional. Report tuition waivers in this row if you choose to report them. Do\nnot report tuition waivers elsewhere.', 1: '$0', 2: '$5,022,558'}, {0: 'Athletic Awards', 1: '$0', 2: '$8,007,763'}]]","<table> <tr> <td> </td> <td> 2023-2024 </td> <td> 2022-2023 Final </td> </tr> <tr> <td> Indicate the academic year for which data are reported for items H1, <br/> H2, H2A, and H6 below: </td> <td> X </td> <td> </td> </tr> </table><div class=""separator""></div><table> <tr> <td> </td> <td> Need-based $ (Include <br/> non-need-based aid used to <br/> meet need.) </td> <td> Non-need-based $ <br/> (Exclude non-need-based aid used <br/> to meet need.) </td> </tr> <tr> <td colspan=""3""> Scholarships/Grants </td> </tr> <tr> <td> Federal </td> <td> $63,358,405 </td> <td> $27,847 </td> </tr> <tr> <td> State (i.e., all states, not only the state in which your institution is <br/> located) </td> <td> $70,128,622 </td> <td> $8,521,940 </td> </tr> <tr> <td> Institutional: Endowed scholarships, annual gifts and tuition funded <br/> grants, awarded by the college, excluding athletic aid and tuition <br/> waivers (which are reported below). </td> <td> $36,012,538 </td> <td> $4,587,913 </td> </tr> <tr> <td> Scholarships/grants from external sources (e.g., Kiwanis, National <br/> Merit) not awarded by the college </td> <td> </td> <td> $4,344,849 </td> </tr> <tr> <td> Total Scholarships/Grants </td> <td> $169,499,565 </td> <td> $17,482,549 </td> </tr> <tr> <td colspan=""3""> Self-Help </td> </tr> <tr> <td> Student loans from all sources (excluding parent loans) </td> <td> $147,151,837 </td> <td> $43,250,904 </td> </tr> <tr> <td> Federal Work-Study </td> <td> $8,156,887 </td> <td> </td> </tr> <tr> <td> State and other (e.g., institutional) work-study/employment (Note: <br/> Excludes Federal Work-Study captured above.) </td> <td> $0 </td> <td> $0 </td> </tr> <tr> <td> Total Self-Help </td> <td> $155,308,724 </td> <td> $43,250,904 </td> </tr> <tr> <td colspan=""3""> Other </td> </tr> <tr> <td> Parent Loans </td> <td> $10,569,766 </td> <td> $29,744,265 </td> </tr> <tr> <td> Tuition Waivers <br/> Reporting is optional. Report tuition waivers in this row if you choose to report them. Do <br/> not report tuition waivers elsewhere. </td> <td> $0 </td> <td> $5,022,558 </td> </tr> <tr> <td> Athletic Awards </td> <td> $0 </td> <td> $8,007,763 </td> </tr> </table>",122409,../data/cds-docs/2023-2024/122409.pdf,2023-2024
H,2,H2,First-time Full-time Less Than,"[[{0: '', 1: 'First-time\nFull-time\nFreshmen', 2: 'Full-time\nUndergraduate\n(Incl. Fresh.)', 3: 'Less Full-time Than\nUndergraduate'}, {0: 'a) Number of degree-seeking undergraduate students\n(CDS Item B1 if reporting on Fall 2022 cohort)', 1: '6,095', 2: '29,603', 3: '3,293'}, {0: 'b) Number of students in line a who applied for need\ufffe\nbased financial aid', 1: '4,746', 2: '21,693', 3: '2,360'}, {0: 'c) Number of students in line b who were determined to\nhave financial need', 1: '2,911', 2: '16,328', 3: '2,048'}, {0: 'd) Number of students in line c who were awarded any\nfinancial aid', 1: '2,814', 2: '15,887', 3: '1,915'}, {0: 'e) Number of students in line d who were awarded any\nneed-based scholarship or grant aid', 1: '1,783', 2: '11,646', 3: '1,530'}, {0: 'f) Number of students in line d who were awarded any\nneed-based self-help aid', 1: '2,329', 2: '13,881', 3: '1,451'}, {0: 'g) Number of students in line d who were awarded any\nnon-need-based scholarship or grant aid', 1: '2,041', 2: '10,365', 3: '878'}, {0: 'h) Number of students in line d whose need was fully met\n(exclude PLUS loans, unsubsidized loans, and private\nalternative loans)', 1: '342', 2: '1,982', 3: '98'}, {0: 'i) On average, the percentage of need that was met of\nstudents who were awarded any need-based aid.\nExclude any aid that was awarded in excess of need as\nwell as any resources that were awarded to replace\nEFC (PLUS loans, unsubsidized loans, and private\nalternative loans)', 1: '75%', 2: '67%', 3: '53%'}, {0: 'j) The average financial aid package of those in line d.\nExclude any resources that were awarded to replace\nEFC (PLUS loans, unsubsidized loans, and private\nalternative loans)', 1: '$13,940', 2: '$ 15,076', 3: '$ 10,844'}, {0: 'k) Average need-based scholarship and grant award of\nthose in line e', 1: '$ 11,258', 2: '$ 10,991', 3: '$ 7,179'}, {0: 'l) Average need-based self-help award (excluding PLUS\nloans, unsubsidized loans, and private alternative\nloans) of those in line f', 1: '$ 3,781', 2: '$ 4,923', 3: '$ 4,978'}, {0: 'm) Average need-based loan (excluding PLUS loans,\nunsubsidized loans, and private alternative loans) of\nthose in line f who were awarded a need-based loan', 1: '$ 3,301', 2: '$ 4,467', 3: '$ 4,672'}], [{0: '', 1: 'First-time\nFull-time\nFreshmen', 2: 'Full-time\nUndergrad\n(Incl. Fresh.)', 3: 'Less Full-time Than\nUndergrad'}, {0: 'n) Number of students in line a who had no financial need\nand who were awarded institutional non-need-based\nscholarship or grant aid (exclude those who were\nawarded athletic awards and tuition benefits)', 1: '47', 2: '595', 3: '25'}, {0: 'o) Average dollar amount of institutional non-need-based\nscholarship and grant aid awarded to students in line n', 1: '$3,568', 2: '$2,612', 3: '$2,404'}, {0: 'p) Number of students in line a who were awarded an\ninstitutional non-need-based athletic scholarship or\ngrant', 1: '51', 2: '260', 3: '5'}, {0: 'q) Average dollar amount of institutional non-need-based\nathletic scholarships and grants awarded to students in\nline p', 1: '$ 20,163', 2: '$ 20,221', 3: '$ 10,591'}]]","<table> <tr> <td> </td> <td> First-time <br/> Full-time <br/> Freshmen </td> <td> Full-time <br/> Undergraduate <br/> (Incl. Fresh.) </td> <td> Less Full-time Than <br/> Undergraduate </td> </tr> <tr> <td> a) Number of degree-seeking undergraduate students <br/> (CDS Item B1 if reporting on Fall 2022 cohort) </td> <td> 6,095 </td> <td> 29,603 </td> <td> 3,293 </td> </tr> <tr> <td> b) Number of students in line a who applied for need￾ <br/> based financial aid </td> <td> 4,746 </td> <td> 21,693 </td> <td> 2,360 </td> </tr> <tr> <td> c) Number of students in line b who were determined to <br/> have financial need </td> <td> 2,911 </td> <td> 16,328 </td> <td> 2,048 </td> </tr> <tr> <td> d) Number of students in line c who were awarded any <br/> financial aid </td> <td> 2,814 </td> <td> 15,887 </td> <td> 1,915 </td> </tr> <tr> <td> e) Number of students in line d who were awarded any <br/> need-based scholarship or grant aid </td> <td> 1,783 </td> <td> 11,646 </td> <td> 1,530 </td> </tr> <tr> <td> f) Number of students in line d who were awarded any <br/> need-based self-help aid </td> <td> 2,329 </td> <td> 13,881 </td> <td> 1,451 </td> </tr> <tr> <td> g) Number of students in line d who were awarded any <br/> non-need-based scholarship or grant aid </td> <td> 2,041 </td> <td> 10,365 </td> <td> 878 </td> </tr> <tr> <td> h) Number of students in line d whose need was fully met <br/> (exclude PLUS loans, unsubsidized loans, and private <br/> alternative loans) </td> <td> 342 </td> <td> 1,982 </td> <td> 98 </td> </tr> <tr> <td> i) On average, the percentage of need that was met of <br/> students who were awarded any need-based aid. <br/> Exclude any aid that was awarded in excess of need as <br/> well as any resources that were awarded to replace <br/> EFC (PLUS loans, unsubsidized loans, and private <br/> alternative loans) </td> <td> 75% </td> <td> 67% </td> <td> 53% </td> </tr> <tr> <td> j) The average financial aid package of those in line d. <br/> Exclude any resources that were awarded to replace <br/> EFC (PLUS loans, unsubsidized loans, and private <br/> alternative loans) </td> <td> $13,940 </td> <td> $ 15,076 </td> <td> $ 10,844 </td> </tr> <tr> <td> k) Average need-based scholarship and grant award of <br/> those in line e </td> <td> $ 11,258 </td> <td> $ 10,991 </td> <td> $ 7,179 </td> </tr> <tr> <td> l) Average need-based self-help award (excluding PLUS <br/> loans, unsubsidized loans, and private alternative <br/> loans) of those in line f </td> <td> $ 3,781 </td> <td> $ 4,923 </td> <td> $ 4,978 </td> </tr> <tr> <td> m) Average need-based loan (excluding PLUS loans, <br/> unsubsidized loans, and private alternative loans) of <br/> those in line f who were awarded a need-based loan </td> <td> $ 3,301 </td> <td> $ 4,467 </td> <td> $ 4,672 </td> </tr> </table><div class=""separator""></div><table> <tr> <td> </td> <td> First-time <br/> Full-time <br/> Freshmen </td> <td> Full-time <br/> Undergrad <br/> (Incl. Fresh.) </td> <td> Less Full-time Than <br/> Undergrad </td> </tr> <tr> <td> n) Number of students in line a who had no financial need <br/> and who were awarded institutional non-need-based <br/> scholarship or grant aid (exclude those who were <br/> awarded athletic awards and tuition benefits) </td> <td> 47 </td> <td> 595 </td> <td> 25 </td> </tr> <tr> <td> o) Average dollar amount of institutional non-need-based <br/> scholarship and grant aid awarded to students in line n </td> <td> $3,568 </td> <td> $2,612 </td> <td> $2,404 </td> </tr> <tr> <td> p) Number of students in line a who were awarded an <br/> institutional non-need-based athletic scholarship or <br/> grant </td> <td> 51 </td> <td> 260 </td> <td> 5 </td> </tr> <tr> <td> q) Average dollar amount of institutional non-need-based <br/> athletic scholarships and grants awarded to students in <br/> line p </td> <td> $ 20,163 </td> <td> $ 20,221 </td> <td> $ 10,591 </td> </tr> </table>",122409,../data/cds-docs/2023-2024/122409.pdf,2023-2024
H,3,H3,Federal methodology (FM) X,"[[{0: 'Federal methodology (FM)', 1: 'X'}, {0: 'Institutional methodology (IM)', 1: ''}, {0: 'Both FM and IM', 1: ''}]]",<table> <tr> <td> Federal methodology (FM) </td> <td> X </td> </tr> <tr> <td> Institutional methodology (IM) </td> <td> </td> </tr> <tr> <td> Both FM and IM </td> <td> </td> </tr> </table>,122409,../data/cds-docs/2023-2024/122409.pdf,2023-2024
H,5,H5,,"[[{0: 'Source/Type of Loan', 1: 'Number in the\nclass (defined in\nH4 above) who\nborrowed from\nthe types of\nloans specified\nin column the first', 2: 'Percent of the class\n(defined above) who\nborrowed from the\ntypes of loans specified\nin the first column\n(nearest 1%)', 3: 'Average per-undergraduate\ufffe\nborrower cumulative\nprincipal borrowed from the\ntypes of loans specified in\nthe first column (nearest $1)'}, {0: 'a) Any loan program: Federal Perkins, Federal Stafford\nSubsidized and Unsubsidized, institutional, state,\nprivate loans that your institution is aware of, etc.\nInclude both Federal Direct Student Loans and Federal\nFamily Education Loans.', 1: '1,188', 2: '28%', 3: '$14,063'}, {0: 'b) Federal loan programs: Federal Perkins, Federal\nStafford Subsidized and Unsubsidized. Include both\nFederal Direct Student Loans and Federal Family\nEducation Loans.', 1: '1,096', 2: '26%', 3: '$13,841'}, {0: 'c) Institutional loan programs.', 1: '0', 2: '0%', 3: 'N/A'}, {0: 'd) State loan programs.', 1: '5', 2: '0.12%', 3: '$5,611'}, {0: 'e) Private student loans made by a bank or\nlender.', 1: '87', 2: '2%', 3: '$17,345'}]]","<table> <tr> <td> Source/Type of Loan </td> <td> Number in the <br/> class (defined in <br/> H4 above) who <br/> borrowed from <br/> the types of <br/> loans specified <br/> in column the first </td> <td> Percent of the class <br/> (defined above) who <br/> borrowed from the <br/> types of loans specified <br/> in the first column <br/> (nearest 1%) </td> <td> Average per-undergraduate￾ <br/> borrower cumulative <br/> principal borrowed from the <br/> types of loans specified in <br/> the first column (nearest $1) </td> </tr> <tr> <td> a) Any loan program: Federal Perkins, Federal Stafford <br/> Subsidized and Unsubsidized, institutional, state, <br/> private loans that your institution is aware of, etc. <br/> Include both Federal Direct Student Loans and Federal <br/> Family Education Loans. </td> <td> 1,188 </td> <td> 28% </td> <td> $14,063 </td> </tr> <tr> <td> b) Federal loan programs: Federal Perkins, Federal <br/> Stafford Subsidized and Unsubsidized. Include both <br/> Federal Direct Student Loans and Federal Family <br/> Education Loans. </td> <td> 1,096 </td> <td> 26% </td> <td> $13,841 </td> </tr> <tr> <td> c) Institutional loan programs. </td> <td> 0 </td> <td> 0% </td> <td> N/A </td> </tr> <tr> <td> d) State loan programs. </td> <td> 5 </td> <td> 0.12% </td> <td> $5,611 </td> </tr> <tr> <td> e) Private student loans made by a bank or <br/> lender. </td> <td> 87 </td> <td> 2% </td> <td> $17,345 </td> </tr> </table>",122409,../data/cds-docs/2023-2024/122409.pdf,2023-2024
H,6,H6,Institutional need-based scholarship or grant aid is available X,"[[{0: 'Institutional need-based scholarship or grant aid is available', 1: 'X'}, {0: 'Institutional non-need-based scholarship or grant aid is available', 1: 'X'}, {0: 'Institutional scholarship or grant aid is not available', 1: ''}]]",<table> <tr> <td> Institutional need-based scholarship or grant aid is available </td> <td> X </td> </tr> <tr> <td> Institutional non-need-based scholarship or grant aid is available </td> <td> X </td> </tr> <tr> <td> Institutional scholarship or grant aid is not available </td> <td> </td> </tr> </table>,122409,../data/cds-docs/2023-2024/122409.pdf,2023-2024
H,7,H7,Institution’s own financial aid form,"[[{0: 'Institution’s own financial aid form', 1: ''}, {0: 'CSS Profile', 1: ''}, {0: 'International Student’s Financial Aid Application', 1: ''}, {0: 'International Student’s Certification of Finances', 1: ''}, {0: 'Other (specify):', 1: 'X'}]]",<table> <tr> <td> Institution’s own financial aid form </td> <td> </td> </tr> <tr> <td> CSS Profile </td> <td> </td> </tr> <tr> <td> International Student’s Financial Aid Application </td> <td> </td> </tr> <tr> <td> International Student’s Certification of Finances </td> <td> </td> </tr> <tr> <td> Other (specify): </td> <td> X </td> </tr> </table>,122409,../data/cds-docs/2023-2024/122409.pdf,2023-2024
H,8,H8,FAFSA X,"[[{0: 'FAFSA', 1: 'X'}, {0: ""Institution's own financial aid form"", 1: ''}, {0: 'CSS Profile', 1: ''}, {0: 'State aid form', 1: 'X'}, {0: 'Business/Farm Supplement', 1: ''}, {0: 'Other (specify):', 1: ''}]]",<table> <tr> <td> FAFSA </td> <td> X </td> </tr> <tr> <td> Institution's own financial aid form </td> <td> </td> </tr> <tr> <td> CSS Profile </td> <td> </td> </tr> <tr> <td> State aid form </td> <td> X </td> </tr> <tr> <td> Business/Farm Supplement </td> <td> </td> </tr> <tr> <td> Other (specify): </td> <td> </td> </tr> </table>,122409,../data/cds-docs/2023-2024/122409.pdf,2023-2024
H,9,H9,Priority date for filing required financial aid forms: April 1,"[[{0: 'Priority date for filing required financial aid forms:', 1: 'April 1'}, {0: 'Deadline for filing required financial aid forms:', 1: 'March 2'}, {0: 'No deadline for filing required forms (applications processed on a\nrolling basis):', 1: 'X'}]]",<table> <tr> <td> Priority date for filing required financial aid forms: </td> <td> April 1 </td> </tr> <tr> <td> Deadline for filing required financial aid forms: </td> <td> March 2 </td> </tr> <tr> <td> No deadline for filing required forms (applications processed on a <br/> rolling basis): </td> <td> X </td> </tr> </table>,122409,../data/cds-docs/2023-2024/122409.pdf,2023-2024
H,10,H10,a) Students notified on or about (date):,"[[{0: 'a)\nStudents notified on or about (date):', 1: 'a)\nStudents notified on or about (date):', 2: 'a)\nStudents notified on or about (date):', 3: ''}, {0: '', 1: '', 2: 'Yes', 3: 'No'}, {0: 'b)', 1: 'Students notified on a rolling basis:', 2: 'X', 3: ''}, {0: 'b)', 1: 'If yes, starting date:', 2: 'March 15', 3: ''}]]","<table> <tr> <td colspan=""3""> a) <br/> Students notified on or about (date): </td> <td> </td> </tr> <tr> <td colspan=""2""> </td> <td> Yes </td> <td> No </td> </tr> <tr> <td rowspan=""2""> b) </td> <td> Students notified on a rolling basis: </td> <td> X </td> <td> </td> </tr> <tr> <td> If yes, starting date: </td> <td> March 15 </td> <td> </td> </tr> </table>",122409,../data/cds-docs/2023-2024/122409.pdf,2023-2024
H,12,H12,Direct Subsidized Stafford Loans X,"[[{0: 'Direct Subsidized Stafford Loans', 1: 'X'}, {0: 'Direct Unsubsidized Stafford Loans', 1: 'X'}, {0: 'Direct PLUS Loans', 1: 'X'}], [{0: 'Federal Perkins Loans', 1: ''}, {0: 'Federal Nursing Loans', 1: ''}, {0: 'State Loans', 1: 'X'}, {0: 'College/university loans from institutional funds', 1: 'X'}, {0: 'Other (specify):', 1: 'Other (specify):'}]]","<table> <tr> <td> Direct Subsidized Stafford Loans </td> <td> X </td> </tr> <tr> <td> Direct Unsubsidized Stafford Loans </td> <td> X </td> </tr> <tr> <td> Direct PLUS Loans </td> <td> X </td> </tr> </table><div class=""separator""></div><table> <tr> <td> Federal Perkins Loans </td> <td> </td> </tr> <tr> <td> Federal Nursing Loans </td> <td> </td> </tr> <tr> <td> State Loans </td> <td> X </td> </tr> <tr> <td> College/university loans from institutional funds </td> <td> X </td> </tr> <tr> <td colspan=""2""> Other (specify): </td> </tr> </table>",122409,../data/cds-docs/2023-2024/122409.pdf,2023-2024
H,13,H13,Federal Pell X,"[[{0: 'Federal Pell', 1: 'X'}, {0: 'SEOG', 1: 'X'}, {0: 'State scholarships/grants', 1: 'X'}, {0: 'Private scholarships', 1: 'X'}, {0: 'College/university scholarship or grant aid from institutional funds', 1: 'X'}, {0: 'United Negro College Fund', 1: ''}, {0: 'Federal Nursing Scholarship', 1: ''}, {0: 'Other (specify):', 1: 'Other (specify):'}]]","<table> <tr> <td> Federal Pell </td> <td> X </td> </tr> <tr> <td> SEOG </td> <td> X </td> </tr> <tr> <td> State scholarships/grants </td> <td> X </td> </tr> <tr> <td> Private scholarships </td> <td> X </td> </tr> <tr> <td> College/university scholarship or grant aid from institutional funds </td> <td> X </td> </tr> <tr> <td> United Negro College Fund </td> <td> </td> </tr> <tr> <td> Federal Nursing Scholarship </td> <td> </td> </tr> <tr> <td colspan=""2""> Other (specify): </td> </tr> </table>",122409,../data/cds-docs/2023-2024/122409.pdf,2023-2024
H,14,H14,Non-Need Based Need-Based,"[[{0: '', 1: 'Non-Need Based', 2: 'Need-Based'}, {0: 'Academics', 1: 'X', 2: 'X'}, {0: 'Alumni affiliation', 1: 'X', 2: 'X'}, {0: 'Art', 1: 'X', 2: 'X'}, {0: 'Athletics', 1: 'X', 2: ''}, {0: 'Job skills', 1: '', 2: ''}, {0: 'ROTC', 1: 'X', 2: ''}, {0: 'Leadership', 1: 'X', 2: 'X'}, {0: 'Minority status', 1: '', 2: ''}, {0: 'Music/drama', 1: 'X', 2: 'X'}, {0: 'Religious affiliation', 1: '', 2: ''}, {0: 'State/district residency', 1: 'X', 2: 'X'}]]",<table> <tr> <td> </td> <td> Non-Need Based </td> <td> Need-Based </td> </tr> <tr> <td> Academics </td> <td> X </td> <td> X </td> </tr> <tr> <td> Alumni affiliation </td> <td> X </td> <td> X </td> </tr> <tr> <td> Art </td> <td> X </td> <td> X </td> </tr> <tr> <td> Athletics </td> <td> X </td> <td> </td> </tr> <tr> <td> Job skills </td> <td> </td> <td> </td> </tr> <tr> <td> ROTC </td> <td> X </td> <td> </td> </tr> <tr> <td> Leadership </td> <td> X </td> <td> X </td> </tr> <tr> <td> Minority status </td> <td> </td> <td> </td> </tr> <tr> <td> Music/drama </td> <td> X </td> <td> X </td> </tr> <tr> <td> Religious affiliation </td> <td> </td> <td> </td> </tr> <tr> <td> State/district residency </td> <td> X </td> <td> X </td> </tr> </table>,122409,../data/cds-docs/2023-2024/122409.pdf,2023-2024
I,1,I1,Full-Time Part-Time Total,"[[{0: '', 1: '', 2: 'Full-Time', 3: 'Part-Time', 4: 'Total'}, {0: 'a)', 1: 'Total number of instructional faculty', 2: '1054', 3: '1100', 4: '2,154'}, {0: 'b)', 1: 'Total number who are members of minority groups', 2: '385', 3: '411', 4: '796'}, {0: 'c)', 1: 'Total number who are women', 2: '518', 3: '615', 4: '1,133'}, {0: 'd)', 1: 'Total number who are men', 2: '536', 3: '485', 4: '1,021'}, {0: 'Total number who are nonresidents (international)\ne)', 1: 'Total number who are nonresidents (international)\ne)', 2: '50', 3: '', 4: '50'}, {0: 'f)\nTotal number with doctorate, or other terminal degree', 1: 'f)\nTotal number with doctorate, or other terminal degree', 2: '884', 3: '397', 4: '1,281'}, {0: ""g)\nTotal number whose highest degree is a master's but not a terminal\nmaster's"", 1: ""g)\nTotal number whose highest degree is a master's but not a terminal\nmaster's"", 2: '133', 3: '555', 4: '688'}, {0: ""h)\nTotal number whose highest degree is a bachelor's"", 1: ""h)\nTotal number whose highest degree is a bachelor's"", 2: '36', 3: '137', 4: '173'}, {0: 'Total number whose highest degree is unknown or other (Note:\ni)\nItems f, g, h, and i must sum up to item a.)', 1: 'Total number whose highest degree is unknown or other (Note:\ni)\nItems f, g, h, and i must sum up to item a.)', 2: '1', 3: '11', 4: '12'}]]","<table> <tr> <td colspan=""2""> </td> <td> Full-Time </td> <td> Part-Time </td> <td> Total </td> </tr> <tr> <td> a) </td> <td> Total number of instructional faculty </td> <td> 1054 </td> <td> 1100 </td> <td> 2,154 </td> </tr> <tr> <td> b) </td> <td> Total number who are members of minority groups </td> <td> 385 </td> <td> 411 </td> <td> 796 </td> </tr> <tr> <td> c) </td> <td> Total number who are women </td> <td> 518 </td> <td> 615 </td> <td> 1,133 </td> </tr> <tr> <td> d) </td> <td> Total number who are men </td> <td> 536 </td> <td> 485 </td> <td> 1,021 </td> </tr> <tr> <td colspan=""2""> Total number who are nonresidents (international) <br/> e) </td> <td> 50 </td> <td> </td> <td> 50 </td> </tr> <tr> <td colspan=""2""> f) <br/> Total number with doctorate, or other terminal degree </td> <td> 884 </td> <td> 397 </td> <td> 1,281 </td> </tr> <tr> <td colspan=""2""> g) <br/> Total number whose highest degree is a master's but not a terminal <br/> master's </td> <td> 133 </td> <td> 555 </td> <td> 688 </td> </tr> <tr> <td colspan=""2""> h) <br/> Total number whose highest degree is a bachelor's </td> <td> 36 </td> <td> 137 </td> <td> 173 </td> </tr> <tr> <td colspan=""2""> Total number whose highest degree is unknown or other (Note: <br/> i) <br/> Items f, g, h, and i must sum up to item a.) </td> <td> 1 </td> <td> 11 </td> <td> 12 </td> </tr> </table>",122409,../data/cds-docs/2023-2024/122409.pdf,2023-2024
I,3,I3,CLASS 2-9 10-19 20-29 30-39 40-49 50-99 100+ Total,"[[{0: 'CLASS\nSECTIONS', 1: '2-9', 2: '10-19', 3: '20-29', 4: '30-39', 5: '40-49', 6: '50-99', 7: '100+', 8: 'Total'}, {0: 'CLASS\nSECTIONS', 1: '289', 2: '628', 3: '1051', 4: '439', 5: '268', 6: '437', 7: '174', 8: '3286'}], [{0: 'CLASS SUB\ufffe\nSECTIONS', 1: '2-9', 2: '10-19', 3: '20-29', 4: '30-39', 5: '40-49', 6: '50-99', 7: '100+', 8: 'Total'}, {0: 'CLASS SUB\ufffe\nSECTIONS', 1: '100', 2: '176', 3: '330', 4: '93', 5: '50', 6: '20', 7: '4', 8: '773'}]]","<table> <tr> <td rowspan=""2""> CLASS <br/> SECTIONS </td> <td> 2-9 </td> <td> 10-19 </td> <td> 20-29 </td> <td> 30-39 </td> <td> 40-49 </td> <td> 50-99 </td> <td> 100+ </td> <td> Total </td> </tr> <tr> <td> 289 </td> <td> 628 </td> <td> 1051 </td> <td> 439 </td> <td> 268 </td> <td> 437 </td> <td> 174 </td> <td> 3286 </td> </tr> </table><div class=""separator""></div><table> <tr> <td rowspan=""2""> CLASS SUB￾ <br/> SECTIONS </td> <td> 2-9 </td> <td> 10-19 </td> <td> 20-29 </td> <td> 30-39 </td> <td> 40-49 </td> <td> 50-99 </td> <td> 100+ </td> <td> Total </td> </tr> <tr> <td> 100 </td> <td> 176 </td> <td> 330 </td> <td> 93 </td> <td> 50 </td> <td> 20 </td> <td> 4 </td> <td> 773 </td> </tr> </table>",122409,../data/cds-docs/2023-2024/122409.pdf,2023-2024
J,1,J1,Diploma/ CIP 2021 Categories,"[[{0: 'Category', 1: 'Diploma/\nCertificates', 2: 'Associate', 3: 'Bachelor’s', 4: 'CIP 2021 Categories\nto Include'}, {0: 'Agriculture', 1: '', 2: '', 3: '', 4: '1'}, {0: 'Natural resources and conservation', 1: '', 2: '', 3: '1.2%', 4: '3'}, {0: 'Architecture', 1: '', 2: '', 3: '', 4: '4'}, {0: 'Area, ethnic, and gender studies', 1: '', 2: '', 3: '0.5%', 4: '5'}, {0: 'Communication/journalism', 1: '', 2: '', 3: '6.8%', 4: '9'}, {0: 'Communication technologies', 1: '', 2: '', 3: '', 4: '10'}, {0: 'Computer and information sciences', 1: '', 2: '', 3: '4.0%', 4: '11'}, {0: 'Personal and culinary services', 1: '', 2: '', 3: '', 4: '12'}, {0: 'Education', 1: '', 2: '', 3: '1.6%', 4: '13'}, {0: 'Engineering', 1: '', 2: '', 3: '9.0%', 4: '14'}, {0: 'Engineering technologies', 1: '', 2: '', 3: '0.2%', 4: '15'}, {0: 'Foreign languages, literatures, and linguistics', 1: '', 2: '', 3: '0.9%', 4: '16'}, {0: 'Family and consumer sciences', 1: '', 2: '', 3: '', 4: '19'}, {0: 'Law/legal studies', 1: '', 2: '', 3: '', 4: '22'}, {0: 'English', 1: '', 2: '', 3: '1.3%', 4: '23'}, {0: 'Liberal arts/general studies', 1: '', 2: '', 3: '2.7%', 4: '24'}, {0: 'Library science', 1: '', 2: '', 3: '', 4: '25'}, {0: 'Biological/life sciences', 1: '', 2: '', 3: '3.5%', 4: '26'}, {0: 'Mathematics and statistics', 1: '', 2: '', 3: '1.2%', 4: '27'}, {0: 'Military science and military technologies', 1: '', 2: '', 3: '', 4: '28 & 29'}, {0: 'Interdisciplinary studies', 1: '', 2: '', 3: '4.1%', 4: '30'}, {0: 'Parks and recreation', 1: '', 2: '', 3: '4.3%', 4: '31'}, {0: 'Philosophy and religious studies', 1: '', 2: '', 3: '0.4%', 4: '38'}, {0: 'Theology and religious vocations', 1: '', 2: '', 3: '', 4: '39'}, {0: 'Physical sciences', 1: '', 2: '', 3: '1.5%', 4: '40'}, {0: 'Science technologies', 1: '', 2: '', 3: '', 4: '41'}, {0: 'Psychology', 1: '', 2: '', 3: '7.3%', 4: '42'}, {0: 'Homeland Security, law enforcement, firefighting,', 1: '', 2: '', 3: '4.7%', 4: '43'}, {0: 'Public administration and social services', 1: '', 2: '', 3: '2.1%', 4: '44'}, {0: 'Social sciences', 1: '', 2: '', 3: '8.2%', 4: '45'}, {0: 'Construction trades', 1: '', 2: '', 3: '', 4: '46'}, {0: 'Mechanic and repair technologies', 1: '', 2: '', 3: '', 4: '47'}, {0: 'Precision production', 1: '', 2: '', 3: '', 4: '48'}, {0: 'Transportation and materials moving', 1: '', 2: '', 3: '', 4: '49'}, {0: 'Visual and performing arts', 1: '', 2: '', 3: '3.6%', 4: '50'}, {0: 'Health professions and related programs', 1: '', 2: '', 3: '6.1%', 4: '51'}, {0: 'Business/marketing', 1: '', 2: '', 3: '23.9%', 4: '52'}, {0: 'History', 1: '', 2: '', 3: '0.9%', 4: '54'}, {0: 'Other', 1: '', 2: '', 3: '', 4: ''}, {0: 'TOTAL (should = 100%)', 1: '0.00%', 2: '0.00%', 3: '100.00%', 4: ''}]]","<table> <tr> <td> Category </td> <td> Diploma/ <br/> Certificates </td> <td> Associate </td> <td> Bachelor’s </td> <td> CIP 2021 Categories <br/> to Include </td> </tr> <tr> <td> Agriculture </td> <td> </td> <td> </td> <td> </td> <td> 1 </td> </tr> <tr> <td> Natural resources and conservation </td> <td> </td> <td> </td> <td> 1.2% </td> <td> 3 </td> </tr> <tr> <td> Architecture </td> <td> </td> <td> </td> <td> </td> <td> 4 </td> </tr> <tr> <td> Area, ethnic, and gender studies </td> <td> </td> <td> </td> <td> 0.5% </td> <td> 5 </td> </tr> <tr> <td> Communication/journalism </td> <td> </td> <td> </td> <td> 6.8% </td> <td> 9 </td> </tr> <tr> <td> Communication technologies </td> <td> </td> <td> </td> <td> </td> <td> 10 </td> </tr> <tr> <td> Computer and information sciences </td> <td> </td> <td> </td> <td> 4.0% </td> <td> 11 </td> </tr> <tr> <td> Personal and culinary services </td> <td> </td> <td> </td> <td> </td> <td> 12 </td> </tr> <tr> <td> Education </td> <td> </td> <td> </td> <td> 1.6% </td> <td> 13 </td> </tr> <tr> <td> Engineering </td> <td> </td> <td> </td> <td> 9.0% </td> <td> 14 </td> </tr> <tr> <td> Engineering technologies </td> <td> </td> <td> </td> <td> 0.2% </td> <td> 15 </td> </tr> <tr> <td> Foreign languages, literatures, and linguistics </td> <td> </td> <td> </td> <td> 0.9% </td> <td> 16 </td> </tr> <tr> <td> Family and consumer sciences </td> <td> </td> <td> </td> <td> </td> <td> 19 </td> </tr> <tr> <td> Law/legal studies </td> <td> </td> <td> </td> <td> </td> <td> 22 </td> </tr> <tr> <td> English </td> <td> </td> <td> </td> <td> 1.3% </td> <td> 23 </td> </tr> <tr> <td> Liberal arts/general studies </td> <td> </td> <td> </td> <td> 2.7% </td> <td> 24 </td> </tr> <tr> <td> Library science </td> <td> </td> <td> </td> <td> </td> <td> 25 </td> </tr> <tr> <td> Biological/life sciences </td> <td> </td> <td> </td> <td> 3.5% </td> <td> 26 </td> </tr> <tr> <td> Mathematics and statistics </td> <td> </td> <td> </td> <td> 1.2% </td> <td> 27 </td> </tr> <tr> <td> Military science and military technologies </td> <td> </td> <td> </td> <td> </td> <td> 28 &amp; 29 </td> </tr> <tr> <td> Interdisciplinary studies </td> <td> </td> <td> </td> <td> 4.1% </td> <td> 30 </td> </tr> <tr> <td> Parks and recreation </td> <td> </td> <td> </td> <td> 4.3% </td> <td> 31 </td> </tr> <tr> <td> Philosophy and religious studies </td> <td> </td> <td> </td> <td> 0.4% </td> <td> 38 </td> </tr> <tr> <td> Theology and religious vocations </td> <td> </td> <td> </td> <td> </td> <td> 39 </td> </tr> <tr> <td> Physical sciences </td> <td> </td> <td> </td> <td> 1.5% </td> <td> 40 </td> </tr> <tr> <td> Science technologies </td> <td> </td> <td> </td> <td> </td> <td> 41 </td> </tr> <tr> <td> Psychology </td> <td> </td> <td> </td> <td> 7.3% </td> <td> 42 </td> </tr> <tr> <td> Homeland Security, law enforcement, firefighting, </td> <td> </td> <td> </td> <td> 4.7% </td> <td> 43 </td> </tr> <tr> <td> Public administration and social services </td> <td> </td> <td> </td> <td> 2.1% </td> <td> 44 </td> </tr> <tr> <td> Social sciences </td> <td> </td> <td> </td> <td> 8.2% </td> <td> 45 </td> </tr> <tr> <td> Construction trades </td> <td> </td> <td> </td> <td> </td> <td> 46 </td> </tr> <tr> <td> Mechanic and repair technologies </td> <td> </td> <td> </td> <td> </td> <td> 47 </td> </tr> <tr> <td> Precision production </td> <td> </td> <td> </td> <td> </td> <td> 48 </td> </tr> <tr> <td> Transportation and materials moving </td> <td> </td> <td> </td> <td> </td> <td> 49 </td> </tr> <tr> <td> Visual and performing arts </td> <td> </td> <td> </td> <td> 3.6% </td> <td> 50 </td> </tr> <tr> <td> Health professions and related programs </td> <td> </td> <td> </td> <td> 6.1% </td> <td> 51 </td> </tr> <tr> <td> Business/marketing </td> <td> </td> <td> </td> <td> 23.9% </td> <td> 52 </td> </tr> <tr> <td> History </td> <td> </td> <td> </td> <td> 0.9% </td> <td> 54 </td> </tr> <tr> <td> Other </td> <td> </td> <td> </td> <td> </td> <td> </td> </tr> <tr> <td> TOTAL (should = 100%) </td> <td> 0.00% </td> <td> 0.00% </td> <td> 100.00% </td> <td> </td> </tr> </table>",122409,../data/cds-docs/2023-2024/122409.pdf,2023-2024
A,0,A0,Respondent Information (Not for Publication),"[[{0: 'Name:', 1: 'Jeanne Stronach'}, {0: 'Title:', 1: 'Assistant Vice President'}, {0: 'Office:', 1: 'Analytic Studies & Institutional Research'}, {0: 'Mailing Address:', 1: '5500 Campanile Drive'}, {0: 'City/State/Zip/Country:', 1: 'San Diego, CA 92182-7732'}, {0: 'Phone:', 1: '619-594-6846'}, {0: 'Fax:', 1: ''}, {0: 'E-mail Address:', 1: 'oir@sdsu.edu'}, {0: ""Are your responses to the CDS posted for\nreference on your institution's Web site?"", 1: 'Yes'}, {0: 'If yes, please provide the URL of the\ncorresponding Web page:', 1: 'http://asir.sdsu.edu/'}]]","<table> <tr> <td> Name: </td> <td> Jeanne Stronach </td> </tr> <tr> <td> Title: </td> <td> Assistant Vice President </td> </tr> <tr> <td> Office: </td> <td> Analytic Studies &amp; Institutional Research </td> </tr> <tr> <td> Mailing Address: </td> <td> 5500 Campanile Drive </td> </tr> <tr> <td> City/State/Zip/Country: </td> <td> San Diego, CA 92182-7732 </td> </tr> <tr> <td> Phone: </td> <td> 619-594-6846 </td> </tr> <tr> <td> Fax: </td> <td> </td> </tr> <tr> <td> E-mail Address: </td> <td> oir@sdsu.edu </td> </tr> <tr> <td> Are your responses to the CDS posted for <br/> reference on your institution's Web site? </td> <td> Yes </td> </tr> <tr> <td> If yes, please provide the URL of the <br/> corresponding Web page: </td> <td> http://asir.sdsu.edu/ </td> </tr> </table>",122409,../data/cds-docs/2022-2023/122409.pdf,2022-2023
A,1,A1,Address Information,"[[{0: 'Name of College/University:', 1: 'San Diego State University'}, {0: 'Mailing Address:', 1: '5500 Campanile Drive'}, {0: 'City/State/Zip/Country:', 1: 'San Diego, CA 92182-7455'}, {0: 'Street Address (if different):', 1: ''}, {0: 'City/State/Zip/Country:', 1: ''}, {0: 'Main Phone Number:', 1: '619-594-5200'}, {0: 'WWW Home Page Address:', 1: 'www.sdsu.edu'}, {0: 'Admissions Phone Number:', 1: '619-594-6336'}, {0: 'Admissions Toll-Free Phone Number:', 1: ''}, {0: 'Admissions Office Mailing Address:', 1: ''}, {0: 'City/State/Zip/Country:', 1: ''}, {0: 'Admissions Fax Number:', 1: ''}, {0: 'Admissions E-mail Address:', 1: ''}, {0: 'If there is a separate URL for your school’s\nonline application, please specify:', 1: 'www.sdsu.edu/apply'}, {0: 'If you have a mailing address other than\nthe above to which applications should be\nsent, please provide:', 1: ''}]]","<table> <tr> <td> Name of College/University: </td> <td> San Diego State University </td> </tr> <tr> <td> Mailing Address: </td> <td> 5500 Campanile Drive </td> </tr> <tr> <td> City/State/Zip/Country: </td> <td> San Diego, CA 92182-7455 </td> </tr> <tr> <td> Street Address (if different): </td> <td> </td> </tr> <tr> <td> City/State/Zip/Country: </td> <td> </td> </tr> <tr> <td> Main Phone Number: </td> <td> 619-594-5200 </td> </tr> <tr> <td> WWW Home Page Address: </td> <td> www.sdsu.edu </td> </tr> <tr> <td> Admissions Phone Number: </td> <td> 619-594-6336 </td> </tr> <tr> <td> Admissions Toll-Free Phone Number: </td> <td> </td> </tr> <tr> <td> Admissions Office Mailing Address: </td> <td> </td> </tr> <tr> <td> City/State/Zip/Country: </td> <td> </td> </tr> <tr> <td> Admissions Fax Number: </td> <td> </td> </tr> <tr> <td> Admissions E-mail Address: </td> <td> </td> </tr> <tr> <td> If there is a separate URL for your school’s <br/> online application, please specify: </td> <td> www.sdsu.edu/apply </td> </tr> <tr> <td> If you have a mailing address other than <br/> the above to which applications should be <br/> sent, please provide: </td> <td> </td> </tr> </table>",122409,../data/cds-docs/2022-2023/122409.pdf,2022-2023
A,2,A2,Source of institutional control (Check only one):,"[[{0: 'Public', 1: 'X'}, {0: 'Private (nonprofit)', 1: ''}, {0: 'Proprietary', 1: ''}]]",<table> <tr> <td> Public </td> <td> X </td> </tr> <tr> <td> Private (nonprofit) </td> <td> </td> </tr> <tr> <td> Proprietary </td> <td> </td> </tr> </table>,122409,../data/cds-docs/2022-2023/122409.pdf,2022-2023
A,3,A3,Classify your undergraduate institution:,"[[{0: 'Coeducational college', 1: 'X'}, {0: ""Men's college"", 1: ''}, {0: ""Women's college"", 1: ''}]]",<table> <tr> <td> Coeducational college </td> <td> X </td> </tr> <tr> <td> Men's college </td> <td> </td> </tr> <tr> <td> Women's college </td> <td> </td> </tr> </table>,122409,../data/cds-docs/2022-2023/122409.pdf,2022-2023
A,4,A4,Academic year calendar:,"[[{0: 'Semester', 1: 'X'}, {0: 'Quarter', 1: ''}, {0: 'Trimester', 1: ''}, {0: '4-1-4', 1: ''}, {0: 'Continuous', 1: ''}, {0: 'Differs by program (describe):', 1: ''}, {0: 'Other (describe):', 1: ''}]]",<table> <tr> <td> Semester </td> <td> X </td> </tr> <tr> <td> Quarter </td> <td> </td> </tr> <tr> <td> Trimester </td> <td> </td> </tr> <tr> <td> 4-1-4 </td> <td> </td> </tr> <tr> <td> Continuous </td> <td> </td> </tr> <tr> <td> Differs by program (describe): </td> <td> </td> </tr> <tr> <td> Other (describe): </td> <td> </td> </tr> </table>,122409,../data/cds-docs/2022-2023/122409.pdf,2022-2023
A,5,A5,Degrees offered by your institution:,"[[{0: 'Certificate', 1: ''}, {0: 'Diploma', 1: ''}, {0: 'Associate', 1: ''}, {0: 'Transfer Associate', 1: ''}, {0: 'Terminal Associate', 1: ''}, {0: ""Bachelor's"", 1: 'X'}, {0: ""Postbachelor's certificate"", 1: 'X'}, {0: ""Master's"", 1: 'X'}, {0: ""Post-master's certificate"", 1: ''}, {0: 'Doctoral degree\nresearch/scholarship', 1: 'X'}, {0: 'Doctoral degree –\nprofessional practice', 1: 'X'}, {0: 'Doctoral degree -- other', 1: ''}]]",<table> <tr> <td> Certificate </td> <td> </td> </tr> <tr> <td> Diploma </td> <td> </td> </tr> <tr> <td> Associate </td> <td> </td> </tr> <tr> <td> Transfer Associate </td> <td> </td> </tr> <tr> <td> Terminal Associate </td> <td> </td> </tr> <tr> <td> Bachelor's </td> <td> X </td> </tr> <tr> <td> Postbachelor's certificate </td> <td> X </td> </tr> <tr> <td> Master's </td> <td> X </td> </tr> <tr> <td> Post-master's certificate </td> <td> </td> </tr> <tr> <td> Doctoral degree <br/> research/scholarship </td> <td> X </td> </tr> <tr> <td> Doctoral degree – <br/> professional practice </td> <td> X </td> </tr> <tr> <td> Doctoral degree -- other </td> <td> </td> </tr> </table>,122409,../data/cds-docs/2022-2023/122409.pdf,2022-2023
B,1,B1,Institutional Enrollment - Men and Women Provide numbers of students for each of the following,"[[{0: '', 1: 'FULL-TIME', 2: 'FULL-TIME', 3: 'FULL-TIME', 4: 'PART-TIME', 5: 'PART-TIME', 6: 'PART-TIME'}, {0: '', 1: 'Men', 2: 'Women', 3: 'Another Gender', 4: 'Men', 5: 'Women', 6: 'Another\nGender'}, {0: 'Undergraduates', 1: '', 2: '', 3: '', 4: '', 5: '', 6: ''}, {0: 'Degree-seeking, first-time', 1: '2546', 2: '3,972', 3: '11', 4: '15', 5: '29', 6: ''}, {0: 'Other first-year, degree-seeking', 1: '', 2: '', 3: '', 4: '', 5: '', 6: ''}, {0: 'All other degree-seeking', 1: '9,399', 2: '12,407', 3: '46', 4: '1,639', 5: '1,649', 6: '11'}, {0: 'Total degree-seeking', 1: '11,945', 2: '16,379', 3: '57', 4: '1,654', 5: '1,678', 6: '11'}, {0: 'All other undergraduates enrolled\nin credit courses', 1: '', 2: '', 3: '', 4: '', 5: '', 6: ''}, {0: 'Total undergraduates', 1: '11,945', 2: '16,379', 3: '57', 4: '1,654', 5: '1,678', 6: '11'}, {0: 'Graduate', 1: '', 2: '', 3: '', 4: '', 5: '', 6: ''}, {0: 'Degree-seeking, first-time', 1: '417', 2: '814', 3: '7', 4: '139', 5: '197', 6: ''}, {0: 'All other degree-seeking', 1: '540', 2: '1250', 3: '10', 4: '663', 5: '873', 6: '3'}, {0: 'All other graduates enrolled in\ncredit courses', 1: '', 2: '', 3: '', 4: '', 5: '', 6: ''}, {0: 'Total graduate', 1: '957', 2: '2064', 3: '17', 4: '802', 5: '1070', 6: '3'}]]","<table> <tr> <td> </td> <td colspan=""3""> FULL-TIME </td> <td colspan=""3""> PART-TIME </td> </tr> <tr> <td> </td> <td> Men </td> <td> Women </td> <td> Another Gender </td> <td> Men </td> <td> Women </td> <td> Another <br/> Gender </td> </tr> <tr> <td> Undergraduates </td> <td colspan=""6""> </td> </tr> <tr> <td> Degree-seeking, first-time </td> <td> 2546 </td> <td> 3,972 </td> <td> 11 </td> <td> 15 </td> <td> 29 </td> <td> </td> </tr> <tr> <td> Other first-year, degree-seeking </td> <td> </td> <td> </td> <td> </td> <td> </td> <td> </td> <td> </td> </tr> <tr> <td> All other degree-seeking </td> <td> 9,399 </td> <td> 12,407 </td> <td> 46 </td> <td> 1,639 </td> <td> 1,649 </td> <td> 11 </td> </tr> <tr> <td> Total degree-seeking </td> <td> 11,945 </td> <td> 16,379 </td> <td> 57 </td> <td> 1,654 </td> <td> 1,678 </td> <td> 11 </td> </tr> <tr> <td> All other undergraduates enrolled <br/> in credit courses </td> <td> </td> <td> </td> <td> </td> <td> </td> <td> </td> <td> </td> </tr> <tr> <td> Total undergraduates </td> <td> 11,945 </td> <td> 16,379 </td> <td> 57 </td> <td> 1,654 </td> <td> 1,678 </td> <td> 11 </td> </tr> <tr> <td> Graduate </td> <td colspan=""6""> </td> </tr> <tr> <td> Degree-seeking, first-time </td> <td> 417 </td> <td> 814 </td> <td> 7 </td> <td> 139 </td> <td> 197 </td> <td> </td> </tr> <tr> <td> All other degree-seeking </td> <td> 540 </td> <td> 1250 </td> <td> 10 </td> <td> 663 </td> <td> 873 </td> <td> 3 </td> </tr> <tr> <td> All other graduates enrolled in <br/> credit courses </td> <td> </td> <td> </td> <td> </td> <td> </td> <td> </td> <td> </td> </tr> <tr> <td> Total graduate </td> <td> 957 </td> <td> 2064 </td> <td> 17 </td> <td> 802 </td> <td> 1070 </td> <td> 3 </td> </tr> </table>",122409,../data/cds-docs/2022-2023/122409.pdf,2022-2023
B,2,B2,Enrollment by Racial/Ethnic Category. Provide numbers of undergraduate students for each of the,"[[{0: '', 1: 'Degree-Seeking\nFirst-Time\nFirst Year', 2: 'Degree-Seeking\nUndergraduates\n(include first-time\nfirst-year)', 3: 'Total\nUndergraduates\n(both degree- and\nnon-degree\ufffe\nseeking)'}, {0: 'Nonresident', 1: '104', 2: '1,032', 3: ''}, {0: 'Hispanic/Latino', 1: '1,991', 2: '10,962', 3: ''}, {0: 'Black or African American, non-Hispanic', 1: '217', 2: '1,251', 3: ''}, {0: 'White, non-Hispanic', 1: '2,577', 2: '10,865', 3: ''}, {0: 'American Indian or Alaska Native, non-Hispanic', 1: '9', 2: '66', 3: ''}, {0: 'Asian, non-Hispanic', 1: '925', 2: '4,236', 3: ''}, {0: 'Native Hawaiian or other Pacific Islander, non\ufffe\nHispanic', 1: '16', 2: '79', 3: ''}, {0: 'Two or more races, non-Hispanic', 1: '527', 2: '2,191', 3: ''}, {0: 'Race and/or ethnicity unknown', 1: '207', 2: '1,042', 3: ''}, {0: 'TOTAL', 1: '6,573', 2: '31,724', 3: ''}]]","<table> <tr> <td> </td> <td> Degree-Seeking <br/> First-Time <br/> First Year </td> <td> Degree-Seeking <br/> Undergraduates <br/> (include first-time <br/> first-year) </td> <td> Total <br/> Undergraduates <br/> (both degree- and <br/> non-degree￾ <br/> seeking) </td> </tr> <tr> <td> Nonresident </td> <td> 104 </td> <td> 1,032 </td> <td> </td> </tr> <tr> <td> Hispanic/Latino </td> <td> 1,991 </td> <td> 10,962 </td> <td> </td> </tr> <tr> <td> Black or African American, non-Hispanic </td> <td> 217 </td> <td> 1,251 </td> <td> </td> </tr> <tr> <td> White, non-Hispanic </td> <td> 2,577 </td> <td> 10,865 </td> <td> </td> </tr> <tr> <td> American Indian or Alaska Native, non-Hispanic </td> <td> 9 </td> <td> 66 </td> <td> </td> </tr> <tr> <td> Asian, non-Hispanic </td> <td> 925 </td> <td> 4,236 </td> <td> </td> </tr> <tr> <td> Native Hawaiian or other Pacific Islander, non￾ <br/> Hispanic </td> <td> 16 </td> <td> 79 </td> <td> </td> </tr> <tr> <td> Two or more races, non-Hispanic </td> <td> 527 </td> <td> 2,191 </td> <td> </td> </tr> <tr> <td> Race and/or ethnicity unknown </td> <td> 207 </td> <td> 1,042 </td> <td> </td> </tr> <tr> <td> TOTAL </td> <td> 6,573 </td> <td> 31,724 </td> <td> </td> </tr> </table>",122409,../data/cds-docs/2022-2023/122409.pdf,2022-2023
B,3,B3,"Number of degrees awarded from July 1, 2021 to June 30, 2022","[[{0: 'Certificate/diploma', 1: ''}, {0: 'Associate degrees', 1: ''}, {0: ""Bachelor's degrees"", 1: '8,750'}, {0: ""Postbachelor's certificates"", 1: '166'}, {0: ""Master's degrees"", 1: '1,650'}, {0: ""Post-Master's certificates"", 1: ''}, {0: 'Doctoral degrees –\nresearch/scholarship', 1: '106'}, {0: 'Doctoral degrees – professional\npractice', 1: '51'}, {0: 'Doctoral degrees – other', 1: ''}]]","<table> <tr> <td> Certificate/diploma </td> <td> </td> </tr> <tr> <td> Associate degrees </td> <td> </td> </tr> <tr> <td> Bachelor's degrees </td> <td> 8,750 </td> </tr> <tr> <td> Postbachelor's certificates </td> <td> 166 </td> </tr> <tr> <td> Master's degrees </td> <td> 1,650 </td> </tr> <tr> <td> Post-Master's certificates </td> <td> </td> </tr> <tr> <td> Doctoral degrees – <br/> research/scholarship </td> <td> 106 </td> </tr> <tr> <td> Doctoral degrees – professional <br/> practice </td> <td> 51 </td> </tr> <tr> <td> Doctoral degrees – other </td> <td> </td> </tr> </table>",122409,../data/cds-docs/2022-2023/122409.pdf,2022-2023
C,1,C1,"First-time, first-year students: Provide the number of degree-seeking, first-time, first-year students","[[{0: 'Total first-time, first-year men who applied', 1: '31,458'}, {0: 'Total first-time, first-year women who applied', 1: '45,573'}, {0: 'Total first-time, first-year another gender who applied', 1: '219'}, {0: '', 1: '77,250'}], [{0: 'Total first-time, first-year men who were admitted', 1: '11,410'}, {0: 'Total first-time, first-year women who were admitted', 1: '18,842'}, {0: 'Total first-time, first-year another gender who were admitted', 1: '79'}, {0: '', 1: '30,331'}], [{0: 'Total full-time, first-time, first-year men who enrolled', 1: '2,546'}, {0: 'Total part-time, first-time, first-year men who enrolled', 1: '15'}, {0: '', 1: '2,561'}], [{0: 'Total full-time, first-time, first-year women who enrolled', 1: '3,972'}, {0: 'Total part-time, first-time, first-year women who enrolled', 1: '29'}, {0: '', 1: '4,001'}], [{0: 'Total full-time, first-time, first-year another gender who enrolled', 1: '11'}, {0: 'Total part-time, first-time, first-year another gender who enrolled', 1: ''}, {0: '', 1: '11'}]]","<table> <tr> <td> Total first-time, first-year men who applied </td> <td> 31,458 </td> </tr> <tr> <td> Total first-time, first-year women who applied </td> <td> 45,573 </td> </tr> <tr> <td> Total first-time, first-year another gender who applied </td> <td> 219 </td> </tr> <tr> <td> </td> <td> 77,250 </td> </tr> </table><div class=""separator""></div><table> <tr> <td> Total first-time, first-year men who were admitted </td> <td> 11,410 </td> </tr> <tr> <td> Total first-time, first-year women who were admitted </td> <td> 18,842 </td> </tr> <tr> <td> Total first-time, first-year another gender who were admitted </td> <td> 79 </td> </tr> <tr> <td> </td> <td> 30,331 </td> </tr> </table><div class=""separator""></div><table> <tr> <td> Total full-time, first-time, first-year men who enrolled </td> <td> 2,546 </td> </tr> <tr> <td> Total part-time, first-time, first-year men who enrolled </td> <td> 15 </td> </tr> <tr> <td> </td> <td> 2,561 </td> </tr> </table><div class=""separator""></div><table> <tr> <td> Total full-time, first-time, first-year women who enrolled </td> <td> 3,972 </td> </tr> <tr> <td> Total part-time, first-time, first-year women who enrolled </td> <td> 29 </td> </tr> <tr> <td> </td> <td> 4,001 </td> </tr> </table><div class=""separator""></div><table> <tr> <td> Total full-time, first-time, first-year another gender who enrolled </td> <td> 11 </td> </tr> <tr> <td> Total part-time, first-time, first-year another gender who enrolled </td> <td> </td> </tr> <tr> <td> </td> <td> 11 </td> </tr> </table>",122409,../data/cds-docs/2022-2023/122409.pdf,2022-2023
C,2,C2,wait-listed students (students who met admission requirements but whose final admission was,"[[{0: '', 1: 'Yes', 2: 'No'}, {0: 'Do you have a policy of placing students on a waiting list?', 1: 'X', 2: ''}], [{0: 'Number of qualified applicants offered a place on waiting list', 1: '8,585'}, {0: 'Number accepting a place on the waiting list', 1: '3,993'}, {0: 'Number of wait-listed students admitted', 1: '0'}, {0: 'Is your waiting list ranked?', 1: 'Yes'}, {0: 'If yes, do you release that information to students?', 1: 'No'}, {0: 'Do you release that information to school counselors?', 1: 'No'}]]","<table> <tr> <td> </td> <td> Yes </td> <td> No </td> </tr> <tr> <td> Do you have a policy of placing students on a waiting list? </td> <td> X </td> <td> </td> </tr> </table><div class=""separator""></div><table> <tr> <td> Number of qualified applicants offered a place on waiting list </td> <td> 8,585 </td> </tr> <tr> <td> Number accepting a place on the waiting list </td> <td> 3,993 </td> </tr> <tr> <td> Number of wait-listed students admitted </td> <td> 0 </td> </tr> <tr> <td> Is your waiting list ranked? </td> <td> Yes </td> </tr> <tr> <td> If yes, do you release that information to students? </td> <td> No </td> </tr> <tr> <td> Do you release that information to school counselors? </td> <td> No </td> </tr> </table>",122409,../data/cds-docs/2022-2023/122409.pdf,2022-2023
C,3,C3,High school completion requirement,"[[{0: 'High school diploma is required and GED is\naccepted', 1: 'X'}, {0: 'High school diploma is required and GED is not\naccepted', 1: ''}, {0: 'High school diploma or equivalent is not required', 1: ''}]]",<table> <tr> <td> High school diploma is required and GED is <br/> accepted </td> <td> X </td> </tr> <tr> <td> High school diploma is required and GED is not <br/> accepted </td> <td> </td> </tr> <tr> <td> High school diploma or equivalent is not required </td> <td> </td> </tr> </table>,122409,../data/cds-docs/2022-2023/122409.pdf,2022-2023
C,4,C4,Does your institution require or recommend a general college-preparatory program for degree-,"[[{0: 'Require', 1: 'X'}, {0: 'Recommend', 1: ''}, {0: 'Neither require nor recommend', 1: ''}]]",<table> <tr> <td> Require </td> <td> X </td> </tr> <tr> <td> Recommend </td> <td> </td> </tr> <tr> <td> Neither require nor recommend </td> <td> </td> </tr> </table>,122409,../data/cds-docs/2022-2023/122409.pdf,2022-2023
C,5,C5,Units Units,"[[{0: '', 1: 'Units\nRequired', 2: 'Units\nRecommended'}, {0: 'Total academic units', 1: '15', 2: ''}, {0: 'English', 1: '4', 2: ''}, {0: 'Mathematics', 1: '3', 2: '4'}, {0: 'Science', 1: '2', 2: '3'}, {0: 'Of these, units that must be\nlab', 1: '2', 2: '3'}, {0: 'Foreign language', 1: '2', 2: ''}, {0: 'Social studies', 1: '1', 2: ''}, {0: 'History', 1: '1', 2: ''}, {0: 'Academic electives', 1: '1', 2: ''}, {0: 'Computer Science', 1: '', 2: ''}, {0: 'Visual/Performing Arts', 1: '1', 2: ''}, {0: 'Other (specify)', 1: '', 2: ''}]]","<table> <tr> <td> </td> <td> Units <br/> Required </td> <td> Units <br/> Recommended </td> </tr> <tr> <td> Total academic units </td> <td> 15 </td> <td> </td> </tr> <tr> <td> English </td> <td> 4 </td> <td> </td> </tr> <tr> <td> Mathematics </td> <td> 3 </td> <td> 4 </td> </tr> <tr> <td> Science </td> <td> 2 </td> <td> 3 </td> </tr> <tr> <td> Of these, units that must be <br/> lab </td> <td> 2 </td> <td> 3 </td> </tr> <tr> <td> Foreign language </td> <td> 2 </td> <td> </td> </tr> <tr> <td> Social studies </td> <td> 1 </td> <td> </td> </tr> <tr> <td> History </td> <td> 1 </td> <td> </td> </tr> <tr> <td> Academic electives </td> <td> 1 </td> <td> </td> </tr> <tr> <td> Computer Science </td> <td> </td> <td> </td> </tr> <tr> <td> Visual/Performing Arts </td> <td> 1 </td> <td> </td> </tr> <tr> <td> Other (specify) </td> <td> </td> <td> </td> </tr> </table>",122409,../data/cds-docs/2022-2023/122409.pdf,2022-2023
C,7,C7,"Relative importance of each of the following academic and nonacademic factors in first-time, first-","[[{0: '', 1: 'Very Important', 2: 'Important', 3: 'Considered', 4: 'Considered Not'}, {0: 'Academic', 1: 'Academic', 2: 'Academic', 3: 'Academic', 4: 'Academic'}, {0: 'Rigor of secondary school\nrecord', 1: 'X', 2: '', 3: '', 4: ''}, {0: 'Class rank', 1: '', 2: '', 3: '', 4: 'X'}, {0: 'Academic GPA', 1: 'X', 2: '', 3: '', 4: ''}, {0: 'Standardized test scores', 1: '', 2: '', 3: '', 4: 'X'}, {0: 'Application Essay', 1: '', 2: '', 3: '', 4: 'X'}, {0: 'Recommendation(s)', 1: '', 2: '', 3: '', 4: 'X'}, {0: 'Nonacademic', 1: 'Nonacademic', 2: 'Nonacademic', 3: 'Nonacademic', 4: 'Nonacademic'}, {0: 'Interview', 1: '', 2: '', 3: '', 4: 'X'}, {0: 'Extracurricular activities', 1: '', 2: '', 3: 'X', 4: ''}, {0: 'Talent/ability', 1: '', 2: '', 3: '', 4: 'X'}, {0: 'Character/personal qualities', 1: '', 2: '', 3: '', 4: 'X'}, {0: 'First generation', 1: '', 2: '', 3: '', 4: 'X'}, {0: 'Alumni/ae relation', 1: '', 2: '', 3: '', 4: 'X'}, {0: 'Geographical residence', 1: '', 2: 'X', 3: '', 4: ''}, {0: 'State residency', 1: '', 2: 'X', 3: '', 4: ''}, {0: 'Religious affiliation/commitment', 1: '', 2: '', 3: '', 4: 'X'}, {0: 'Racial/ethnic status', 1: '', 2: '', 3: '', 4: 'X'}, {0: 'Volunteer work', 1: '', 2: '', 3: '', 4: 'X'}, {0: 'Work experience', 1: '', 2: '', 3: '', 4: 'X'}, {0: 'Level of applicant’s interest', 1: '', 2: '', 3: '', 4: 'X'}]]","<table> <tr> <td> </td> <td> Very Important </td> <td> Important </td> <td> Considered </td> <td> Considered Not </td> </tr> <tr> <td colspan=""5""> Academic </td> </tr> <tr> <td> Rigor of secondary school <br/> record </td> <td> X </td> <td> </td> <td> </td> <td> </td> </tr> <tr> <td> Class rank </td> <td> </td> <td> </td> <td> </td> <td> X </td> </tr> <tr> <td> Academic GPA </td> <td> X </td> <td> </td> <td> </td> <td> </td> </tr> <tr> <td> Standardized test scores </td> <td> </td> <td> </td> <td> </td> <td> X </td> </tr> <tr> <td> Application Essay </td> <td> </td> <td> </td> <td> </td> <td> X </td> </tr> <tr> <td> Recommendation(s) </td> <td> </td> <td> </td> <td> </td> <td> X </td> </tr> <tr> <td colspan=""5""> Nonacademic </td> </tr> <tr> <td> Interview </td> <td> </td> <td> </td> <td> </td> <td> X </td> </tr> <tr> <td> Extracurricular activities </td> <td> </td> <td> </td> <td> X </td> <td> </td> </tr> <tr> <td> Talent/ability </td> <td> </td> <td> </td> <td> </td> <td> X </td> </tr> <tr> <td> Character/personal qualities </td> <td> </td> <td> </td> <td> </td> <td> X </td> </tr> <tr> <td> First generation </td> <td> </td> <td> </td> <td> </td> <td> X </td> </tr> <tr> <td> Alumni/ae relation </td> <td> </td> <td> </td> <td> </td> <td> X </td> </tr> <tr> <td> Geographical residence </td> <td> </td> <td> X </td> <td> </td> <td> </td> </tr> <tr> <td> State residency </td> <td> </td> <td> X </td> <td> </td> <td> </td> </tr> <tr> <td> Religious affiliation/commitment </td> <td> </td> <td> </td> <td> </td> <td> X </td> </tr> <tr> <td> Racial/ethnic status </td> <td> </td> <td> </td> <td> </td> <td> X </td> </tr> <tr> <td> Volunteer work </td> <td> </td> <td> </td> <td> </td> <td> X </td> </tr> <tr> <td> Work experience </td> <td> </td> <td> </td> <td> </td> <td> X </td> </tr> <tr> <td> Level of applicant’s interest </td> <td> </td> <td> </td> <td> </td> <td> X </td> </tr> </table>",122409,../data/cds-docs/2022-2023/122409.pdf,2022-2023
C,8,C8,Entrance exams,"[[{0: '', 1: 'Yes', 2: 'No'}, {0: 'Does your institution make use of SAT, ACT, or SAT Subject Test\nscores in admission decisions for first-time, first-year, degree-seeking\napplicants?', 1: '', 2: 'X'}], [{0: '', 1: 'ADMISSION', 2: 'ADMISSION', 3: 'ADMISSION', 4: 'ADMISSION', 5: 'ADMISSION'}, {0: '', 1: 'Require', 2: 'Recommend', 3: 'Require for Some', 4: 'Consider if\nSubmitted', 5: 'Not Considered'}, {0: 'SAT or ACT', 1: '', 2: '', 3: '', 4: '', 5: 'X'}, {0: 'ACT only', 1: '', 2: '', 3: '', 4: '', 5: ''}, {0: 'SAT only', 1: '', 2: '', 3: '', 4: '', 5: ''}], [{0: 'Yes', 1: 'No'}, {0: 'X', 1: ''}], [{0: 'Latest date by which SAT or ACT scores must be received for fall-term\nadmission', 1: 'December of senior year'}, {0: 'Latest date by which SAT Subject Test scores must be received for fall\ufffe\nterm admission', 1: 'December of senior year'}], [{0: 'SAT', 1: 'X'}, {0: 'ACT', 1: 'X'}, {0: 'SAT Subject Tests', 1: 'X'}, {0: 'AP', 1: 'X'}, {0: 'CLEP', 1: ''}, {0: 'Institutional Exam', 1: 'X'}, {0: 'State Exam (specify):', 1: ''}]]","<table> <tr> <td> </td> <td> Yes </td> <td> No </td> </tr> <tr> <td> Does your institution make use of SAT, ACT, or SAT Subject Test <br/> scores in admission decisions for first-time, first-year, degree-seeking <br/> applicants? </td> <td> </td> <td> X </td> </tr> </table><div class=""separator""></div><table> <tr> <td> </td> <td colspan=""5""> ADMISSION </td> </tr> <tr> <td> </td> <td> Require </td> <td> Recommend </td> <td> Require for Some </td> <td> Consider if <br/> Submitted </td> <td> Not Considered </td> </tr> <tr> <td> SAT or ACT </td> <td> </td> <td> </td> <td> </td> <td> </td> <td> X </td> </tr> <tr> <td> ACT only </td> <td> </td> <td> </td> <td> </td> <td> </td> <td> </td> </tr> <tr> <td> SAT only </td> <td> </td> <td> </td> <td> </td> <td> </td> <td> </td> </tr> </table><div class=""separator""></div><table> <tr> <td> Yes </td> <td> No </td> </tr> <tr> <td> X </td> <td> </td> </tr> </table><div class=""separator""></div><table> <tr> <td> Latest date by which SAT or ACT scores must be received for fall-term <br/> admission </td> <td> December of senior year </td> </tr> <tr> <td> Latest date by which SAT Subject Test scores must be received for fall￾ <br/> term admission </td> <td> December of senior year </td> </tr> </table><div class=""separator""></div><table> <tr> <td> SAT </td> <td> X </td> </tr> <tr> <td> ACT </td> <td> X </td> </tr> <tr> <td> SAT Subject Tests </td> <td> X </td> </tr> <tr> <td> AP </td> <td> X </td> </tr> <tr> <td> CLEP </td> <td> </td> </tr> <tr> <td> Institutional Exam </td> <td> X </td> </tr> <tr> <td> State Exam (specify): </td> <td> </td> </tr> </table>",122409,../data/cds-docs/2022-2023/122409.pdf,2022-2023
C,9,C9,"Percent and number of first-time, first-year students enrolled in Fall 2022 who submitted national","[[{0: 'Percent submitting SAT scores', 1: '10%', 2: 'Number submitting SAT scores', 3: '664'}, {0: 'Percent submitting ACT scores', 1: '4%', 2: 'Number submitting ACT scores', 3: '272'}], [{0: '', 1: '25th Percentile', 2: '50th Percentile', 3: '75th Percentile'}, {0: 'SAT Composite', 1: '1130', 2: '1230', 3: '1340'}, {0: 'SAT Evidence-Based Reading\nand Writing', 1: '560', 2: '620', 3: '670'}, {0: 'SAT Math', 1: '560', 2: '610', 3: '670'}, {0: 'ACT Composite', 1: '23', 2: '26', 3: '29'}, {0: 'ACT Math', 1: '22', 2: '25', 3: '27'}, {0: 'ACT English', 1: '22', 2: '26', 3: '30'}, {0: 'ACT Writing', 1: '', 2: '', 3: ''}, {0: 'ACT Science', 1: '', 2: '', 3: ''}, {0: 'ACT Reading', 1: '', 2: '', 3: ''}], [{0: '', 1: 'SAT Composite', 2: '', 3: ''}, {0: '1400-1600', 1: '11.9%', 2: '', 3: ''}, {0: '1200-1399', 1: '49.1%', 2: '', 3: ''}, {0: '1000-1199', 1: '33.6%', 2: '', 3: ''}, {0: '800-999', 1: '5.1%', 2: '', 3: ''}, {0: '600-799', 1: '0.3%', 2: '', 3: ''}, {0: '400-599', 1: '', 2: '', 3: ''}, {0: 'Totals should = 100%', 1: '100%', 2: '', 3: ''}, {0: '', 1: 'SAT Evidence\ufffe\nBased Reading\nand Writing', 2: 'SAT Math', 3: ''}, {0: '700-800', 1: '15.7%', 2: '15.3%', 3: ''}, {0: '600-699', 1: '44.6%', 2: '41.7%', 3: ''}, {0: '500-599', 1: '33.3%', 2: '36.8%', 3: ''}, {0: '400-499', 1: '6.3%', 2: '5.4%', 3: ''}, {0: '300-399', 1: '0.1%', 2: '0.8%', 3: ''}, {0: '200-299', 1: '', 2: '', 3: ''}, {0: 'Totals should = 100%', 1: '100%', 2: '100%', 3: ''}, {0: '', 1: 'ACT Composite', 2: 'ACT English', 3: 'ACT Math'}, {0: '30-36', 1: '22.4%', 2: '28.3%', 3: '13.2%'}, {0: '24-29', 1: '52.2%', 2: '40.1%', 3: '51.5%'}, {0: '18-23', 1: '20.6%', 2: '25.7%', 3: '24.6%'}, {0: '12-17', 1: '4.8%', 2: '5.5%', 3: '10.7%'}, {0: '6-11', 1: '', 2: '0.4%', 3: ''}, {0: 'Below 6', 1: '', 2: '', 3: ''}, {0: 'Totals should = 100%', 1: '100%', 2: '100%', 3: '100%'}]]","<table> <tr> <td> Percent submitting SAT scores </td> <td> 10% </td> <td> Number submitting SAT scores </td> <td> 664 </td> </tr> <tr> <td> Percent submitting ACT scores </td> <td> 4% </td> <td> Number submitting ACT scores </td> <td> 272 </td> </tr> </table><div class=""separator""></div><table> <tr> <td> </td> <td> 25th Percentile </td> <td> 50th Percentile </td> <td> 75th Percentile </td> </tr> <tr> <td> SAT Composite </td> <td> 1130 </td> <td> 1230 </td> <td> 1340 </td> </tr> <tr> <td> SAT Evidence-Based Reading <br/> and Writing </td> <td> 560 </td> <td> 620 </td> <td> 670 </td> </tr> <tr> <td> SAT Math </td> <td> 560 </td> <td> 610 </td> <td> 670 </td> </tr> <tr> <td> ACT Composite </td> <td> 23 </td> <td> 26 </td> <td> 29 </td> </tr> <tr> <td> ACT Math </td> <td> 22 </td> <td> 25 </td> <td> 27 </td> </tr> <tr> <td> ACT English </td> <td> 22 </td> <td> 26 </td> <td> 30 </td> </tr> <tr> <td> ACT Writing </td> <td> </td> <td> </td> <td> </td> </tr> <tr> <td> ACT Science </td> <td> </td> <td> </td> <td> </td> </tr> <tr> <td> ACT Reading </td> <td> </td> <td> </td> <td> </td> </tr> </table><div class=""separator""></div><table> <tr> <td> </td> <td> SAT Composite </td> <td colspan=""2""> </td> </tr> <tr> <td> 1400-1600 </td> <td> 11.9% </td> <td colspan=""2""> </td> </tr> <tr> <td> 1200-1399 </td> <td> 49.1% </td> <td colspan=""2""> </td> </tr> <tr> <td> 1000-1199 </td> <td> 33.6% </td> <td colspan=""2""> </td> </tr> <tr> <td> 800-999 </td> <td> 5.1% </td> <td colspan=""2""> </td> </tr> <tr> <td> 600-799 </td> <td> 0.3% </td> <td colspan=""2""> </td> </tr> <tr> <td> 400-599 </td> <td> </td> <td colspan=""2""> </td> </tr> <tr> <td> Totals should = 100% </td> <td> 100% </td> <td> </td> <td> </td> </tr> <tr> <td> </td> <td> SAT Evidence￾ <br/> Based Reading <br/> and Writing </td> <td> SAT Math </td> <td> </td> </tr> <tr> <td> 700-800 </td> <td> 15.7% </td> <td> 15.3% </td> <td> </td> </tr> <tr> <td> 600-699 </td> <td> 44.6% </td> <td> 41.7% </td> <td> </td> </tr> <tr> <td> 500-599 </td> <td> 33.3% </td> <td> 36.8% </td> <td> </td> </tr> <tr> <td> 400-499 </td> <td> 6.3% </td> <td> 5.4% </td> <td> </td> </tr> <tr> <td> 300-399 </td> <td> 0.1% </td> <td> 0.8% </td> <td> </td> </tr> <tr> <td> 200-299 </td> <td> </td> <td> </td> <td> </td> </tr> <tr> <td> Totals should = 100% </td> <td> 100% </td> <td> 100% </td> <td> </td> </tr> <tr> <td> </td> <td> ACT Composite </td> <td> ACT English </td> <td> ACT Math </td> </tr> <tr> <td> 30-36 </td> <td> 22.4% </td> <td> 28.3% </td> <td> 13.2% </td> </tr> <tr> <td> 24-29 </td> <td> 52.2% </td> <td> 40.1% </td> <td> 51.5% </td> </tr> <tr> <td> 18-23 </td> <td> 20.6% </td> <td> 25.7% </td> <td> 24.6% </td> </tr> <tr> <td> 12-17 </td> <td> 4.8% </td> <td> 5.5% </td> <td> 10.7% </td> </tr> <tr> <td> 6-11 </td> <td> </td> <td> 0.4% </td> <td> </td> </tr> <tr> <td> Below 6 </td> <td> </td> <td> </td> <td> </td> </tr> <tr> <td> Totals should = 100% </td> <td> 100% </td> <td> 100% </td> <td> 100% </td> </tr> </table>",122409,../data/cds-docs/2022-2023/122409.pdf,2022-2023
C,10,C10,"Percent of all degree-seeking, first-time, first-year students who had high school class rank within each of","[[{0: 'Percent in top tenth of high school graduating class', 1: '27%', 2: ''}, {0: 'Percent in top quarter of high school graduating class', 1: '64%', 2: ''}, {0: 'Percent in top half of high school graduating class', 1: '92%', 2: ''}, {0: 'Percent in bottom half of high school graduating class', 1: '8%', 2: ''}, {0: 'Percent in bottom quarter of high school graduating class', 1: '0%', 2: ''}, {0: 'Percent of total first-time, first-year (freshmen) students who submitted high school class\nrank:', 1: 'Percent of total first-time, first-year (freshmen) students who submitted high school class\nrank:', 2: '39%'}]]","<table> <tr> <td> Percent in top tenth of high school graduating class </td> <td> 27% </td> <td> </td> </tr> <tr> <td> Percent in top quarter of high school graduating class </td> <td> 64% </td> <td> </td> </tr> <tr> <td> Percent in top half of high school graduating class </td> <td> 92% </td> <td> </td> </tr> <tr> <td> Percent in bottom half of high school graduating class </td> <td> 8% </td> <td> </td> </tr> <tr> <td> Percent in bottom quarter of high school graduating class </td> <td> 0% </td> <td> </td> </tr> <tr> <td colspan=""2""> Percent of total first-time, first-year (freshmen) students who submitted high school class <br/> rank: </td> <td> 39% </td> </tr> </table>",122409,../data/cds-docs/2022-2023/122409.pdf,2022-2023
C,11,C11,"Percentage of all enrolled, degree-seeking, first-time, first-year students who had high school grade-point","[[{0: 'Percent who had GPA of 4.0', 1: '41.0%'}, {0: 'Percent who had GPA between 3.75 and 3.99', 1: '29.5%'}, {0: 'Percent who had GPA between 3.50 and 3.74', 1: '18.1%'}, {0: 'Percent who had GPA between 3.25 and 3.49', 1: '7.8%'}, {0: 'Percent who had GPA between 3.00 and 3.24', 1: '2.8%'}, {0: 'Percent who had GPA between 2.50 and 2.99', 1: '0.8%'}, {0: 'Percent who had GPA between 2.0 and 2.49', 1: ''}, {0: 'Percent who had GPA between 1.0 and 1.99', 1: ''}, {0: 'Percent who had GPA below 1.0', 1: ''}, {0: 'Totals should = 100%', 1: '100%'}]]",<table> <tr> <td> Percent who had GPA of 4.0 </td> <td> 41.0% </td> </tr> <tr> <td> Percent who had GPA between 3.75 and 3.99 </td> <td> 29.5% </td> </tr> <tr> <td> Percent who had GPA between 3.50 and 3.74 </td> <td> 18.1% </td> </tr> <tr> <td> Percent who had GPA between 3.25 and 3.49 </td> <td> 7.8% </td> </tr> <tr> <td> Percent who had GPA between 3.00 and 3.24 </td> <td> 2.8% </td> </tr> <tr> <td> Percent who had GPA between 2.50 and 2.99 </td> <td> 0.8% </td> </tr> <tr> <td> Percent who had GPA between 2.0 and 2.49 </td> <td> </td> </tr> <tr> <td> Percent who had GPA between 1.0 and 1.99 </td> <td> </td> </tr> <tr> <td> Percent who had GPA below 1.0 </td> <td> </td> </tr> <tr> <td> Totals should = 100% </td> <td> 100% </td> </tr> </table>,122409,../data/cds-docs/2022-2023/122409.pdf,2022-2023
C,13,C13,,"[[{0: '', 1: 'Yes', 2: 'No'}, {0: 'Does your institution have an\napplication fee?', 1: 'X', 2: ''}, {0: 'Amount of application fee:', 1: '$70.00', 2: ''}, {0: '', 1: 'Yes', 2: 'No'}, {0: 'Can it be waived for applicants', 1: 'X', 2: ''}], [{0: '', 1: 'Yes', 2: 'No'}, {0: 'Can on-line application fee be\nwaived for applicants with\nfinancial need?', 1: 'X', 2: ''}]]","<table> <tr> <td> </td> <td> Yes </td> <td> No </td> </tr> <tr> <td> Does your institution have an <br/> application fee? </td> <td> X </td> <td> </td> </tr> <tr> <td> Amount of application fee: </td> <td> $70.00 </td> <td> </td> </tr> <tr> <td> </td> <td> Yes </td> <td> No </td> </tr> <tr> <td> Can it be waived for applicants </td> <td> X </td> <td> </td> </tr> </table><div class=""separator""></div><table> <tr> <td> </td> <td> Yes </td> <td> No </td> </tr> <tr> <td> Can on-line application fee be <br/> waived for applicants with <br/> financial need? </td> <td> X </td> <td> </td> </tr> </table>",122409,../data/cds-docs/2022-2023/122409.pdf,2022-2023
C,14,C14,Application closing date,"[[{0: '', 1: 'Yes', 2: 'No'}, {0: 'Does your institution have an\napplication closing date?', 1: 'X', 2: ''}, {0: 'Application closing date (fall):', 1: '11/30', 2: ''}, {0: 'Priority date:', 1: '', 2: ''}], [{0: '', 1: 'Yes', 2: 'No'}, {0: 'Are first-time, first-year students accepted for terms other than\nthe fall?', 1: '', 2: 'X'}]]","<table> <tr> <td> </td> <td> Yes </td> <td> No </td> </tr> <tr> <td> Does your institution have an <br/> application closing date? </td> <td> X </td> <td> </td> </tr> <tr> <td> Application closing date (fall): </td> <td> 11/30 </td> <td> </td> </tr> <tr> <td> Priority date: </td> <td> </td> <td> </td> </tr> </table><div class=""separator""></div><table> <tr> <td> </td> <td> Yes </td> <td> No </td> </tr> <tr> <td> Are first-time, first-year students accepted for terms other than <br/> the fall? </td> <td> </td> <td> X </td> </tr> </table>",122409,../data/cds-docs/2022-2023/122409.pdf,2022-2023
C,16,C16,Notification to applicants of admission decision sent (fill in one only),"[[{0: 'On a rolling basis beginning\n(date):', 1: ''}, {0: 'By (date):', 1: 'March'}, {0: 'Other:', 1: 'Other:'}]]","<table> <tr> <td> On a rolling basis beginning <br/> (date): </td> <td> </td> </tr> <tr> <td> By (date): </td> <td> March </td> </tr> <tr> <td colspan=""2""> Other: </td> </tr> </table>",122409,../data/cds-docs/2022-2023/122409.pdf,2022-2023
C,17,C17,Reply policy for admitted applicants (fill in one only),"[[{0: 'Must reply by (date):', 1: '5/1', 2: ''}, {0: 'No set date:', 1: '', 2: ''}, {0: 'Must reply by May 1 or within\n_____ weeks if notified', 1: '', 2: ''}, {0: 'Other:', 1: 'Other:', 2: ''}, {0: 'Deadline for housing deposit (MM/DD):', 1: 'Deadline for housing deposit (MM/DD):', 2: '5/1'}, {0: 'Amount of housing deposit:', 1: 'Amount of housing deposit:', 2: '$375.00'}, {0: 'Refundable if student does not enroll?', 1: 'Refundable if student does not enroll?', 2: ''}, {0: 'Yes, in full', 1: '', 2: ''}, {0: 'Yes, in part', 1: '', 2: ''}, {0: 'No', 1: 'X', 2: 'http://housing.sdsu.edu'}]]","<table> <tr> <td> Must reply by (date): </td> <td> 5/1 </td> <td> </td> </tr> <tr> <td> No set date: </td> <td> </td> <td> </td> </tr> <tr> <td> Must reply by May 1 or within <br/> _____ weeks if notified </td> <td> </td> <td> </td> </tr> <tr> <td colspan=""2""> Other: </td> <td> </td> </tr> <tr> <td colspan=""2""> Deadline for housing deposit (MM/DD): </td> <td> 5/1 </td> </tr> <tr> <td colspan=""2""> Amount of housing deposit: </td> <td> $375.00 </td> </tr> <tr> <td colspan=""2""> Refundable if student does not enroll? </td> <td> </td> </tr> <tr> <td> Yes, in full </td> <td> </td> <td> </td> </tr> <tr> <td> Yes, in part </td> <td> </td> <td> </td> </tr> <tr> <td> No </td> <td> X </td> <td> http://housing.sdsu.edu </td> </tr> </table>",122409,../data/cds-docs/2022-2023/122409.pdf,2022-2023
C,18,C18,Deferred admission,"[[{0: '', 1: 'Yes', 2: 'No'}, {0: 'Does your institution allow students to postpone enrollment after\nadmission?', 1: 'X', 2: ''}]]",<table> <tr> <td> </td> <td> Yes </td> <td> No </td> </tr> <tr> <td> Does your institution allow students to postpone enrollment after <br/> admission? </td> <td> X </td> <td> </td> </tr> </table>,122409,../data/cds-docs/2022-2023/122409.pdf,2022-2023
C,19,C19,Early admission of high school students,"[[{0: '', 1: 'Yes', 2: 'No'}, {0: 'Does your institution allow high school students to enroll as full-time,\nfirst-time, first-year students one year or more before high school\ngraduation?', 1: '', 2: 'X'}]]","<table> <tr> <td> </td> <td> Yes </td> <td> No </td> </tr> <tr> <td> Does your institution allow high school students to enroll as full-time, <br/> first-time, first-year students one year or more before high school <br/> graduation? </td> <td> </td> <td> X </td> </tr> </table>",122409,../data/cds-docs/2022-2023/122409.pdf,2022-2023
C,21,C21,Early Decision,"[[{0: '', 1: 'Yes', 2: 'No'}, {0: 'Does your institution offer an early decision plan (an admission plan\nthat permits students to apply and be notified of an admission decision\nwell in advance of the regular notification date and that asks students\nto commit to attending if accepted) for first-time, first-year applicants\nfor fall enrollment?', 1: '', 2: 'X'}]]","<table> <tr> <td> </td> <td> Yes </td> <td> No </td> </tr> <tr> <td> Does your institution offer an early decision plan (an admission plan <br/> that permits students to apply and be notified of an admission decision <br/> well in advance of the regular notification date and that asks students <br/> to commit to attending if accepted) for first-time, first-year applicants <br/> for fall enrollment? </td> <td> </td> <td> X </td> </tr> </table>",122409,../data/cds-docs/2022-2023/122409.pdf,2022-2023
C,22,C22,Early action,"[[{0: '', 1: 'Yes', 2: 'No'}, {0: 'Do you have a nonbinding early action plan whereby students are\nnotified of an admission decision well in advance of the regular\nnotification date but do not have to commit to attending your college?', 1: '', 2: 'X'}]]",<table> <tr> <td> </td> <td> Yes </td> <td> No </td> </tr> <tr> <td> Do you have a nonbinding early action plan whereby students are <br/> notified of an admission decision well in advance of the regular <br/> notification date but do not have to commit to attending your college? </td> <td> </td> <td> X </td> </tr> </table>,122409,../data/cds-docs/2022-2023/122409.pdf,2022-2023
D,2,D2,"Provide the number of students who applied, were admitted, and enrolled as degree-seeking transfer","[[{0: '', 1: 'Applicants', 2: 'Admitted', 3: 'Enrolled'}, {0: 'Men', 1: '10,514', 2: '3,865', 3: '1,870'}, {0: 'Women', 1: '12,998', 2: '4,829', 3: '2,200'}, {0: 'Another Gender', 1: '82', 2: '39', 3: '21'}, {0: 'Total', 1: '23,594', 2: '8,733', 3: '4,091'}]]","<table> <tr> <td> </td> <td> Applicants </td> <td> Admitted </td> <td> Enrolled </td> </tr> <tr> <td> Men </td> <td> 10,514 </td> <td> 3,865 </td> <td> 1,870 </td> </tr> <tr> <td> Women </td> <td> 12,998 </td> <td> 4,829 </td> <td> 2,200 </td> </tr> <tr> <td> Another Gender </td> <td> 82 </td> <td> 39 </td> <td> 21 </td> </tr> <tr> <td> Total </td> <td> 23,594 </td> <td> 8,733 </td> <td> 4,091 </td> </tr> </table>",122409,../data/cds-docs/2022-2023/122409.pdf,2022-2023
D,3,D3,Indicate terms for which transfers may enroll:,"[[{0: 'Fall', 1: 'X'}, {0: 'Winter', 1: ''}, {0: 'Spring', 1: ''}, {0: 'Summer', 1: ''}], [{0: '', 1: 'Yes', 2: 'No'}, {0: 'Must a transfer applicant have a minimum number of\ncredits completed or else must apply as an entering\nfreshman?', 1: 'X', 2: ''}, {0: 'If yes, what is the minimum number of credits and the unit\nof measure?', 1: '60 semester', 2: ''}]]","<table> <tr> <td> Fall </td> <td> X </td> </tr> <tr> <td> Winter </td> <td> </td> </tr> <tr> <td> Spring </td> <td> </td> </tr> <tr> <td> Summer </td> <td> </td> </tr> </table><div class=""separator""></div><table> <tr> <td> </td> <td> Yes </td> <td> No </td> </tr> <tr> <td> Must a transfer applicant have a minimum number of <br/> credits completed or else must apply as an entering <br/> freshman? </td> <td> X </td> <td> </td> </tr> <tr> <td> If yes, what is the minimum number of credits and the unit <br/> of measure? </td> <td> 60 semester </td> <td> </td> </tr> </table>",122409,../data/cds-docs/2022-2023/122409.pdf,2022-2023
D,9,D9,"List application priority, closing, notification, and candidate reply dates for transfer students. If applications","[[{0: '', 1: 'Priority Date', 2: 'Closing Date', 3: 'Notification Date', 4: 'Reply Date', 5: 'Rolling\nAdmission'}, {0: 'Fall', 1: '', 2: '11/30', 3: 'March', 4: '5/1', 5: ''}, {0: 'Winter', 1: '', 2: '', 3: '', 4: '', 5: ''}, {0: 'Spring', 1: '', 2: '', 3: '', 4: '', 5: ''}, {0: 'Summer', 1: '', 2: '', 3: '', 4: '', 5: ''}], [{0: '', 1: 'Yes', 2: 'No'}, {0: 'Does an open admission policy, if reported, apply to\ntransfer students?', 1: '', 2: 'n/a'}]]","<table> <tr> <td> </td> <td> Priority Date </td> <td> Closing Date </td> <td> Notification Date </td> <td> Reply Date </td> <td> Rolling <br/> Admission </td> </tr> <tr> <td> Fall </td> <td> </td> <td> 11/30 </td> <td> March </td> <td> 5/1 </td> <td> </td> </tr> <tr> <td> Winter </td> <td> </td> <td> </td> <td> </td> <td> </td> <td> </td> </tr> <tr> <td> Spring </td> <td> </td> <td> </td> <td> </td> <td> </td> <td> </td> </tr> <tr> <td> Summer </td> <td> </td> <td> </td> <td> </td> <td> </td> <td> </td> </tr> </table><div class=""separator""></div><table> <tr> <td> </td> <td> Yes </td> <td> No </td> </tr> <tr> <td> Does an open admission policy, if reported, apply to <br/> transfer students? </td> <td> </td> <td> n/a </td> </tr> </table>",122409,../data/cds-docs/2022-2023/122409.pdf,2022-2023
D,12,D12,Report the lowest grade earned for any course that may be,"[[{0: '', 1: 'Number', 2: 'Unit Type'}, {0: 'Maximum number of credits or courses that may be\ntransferred from a two-year institution:', 1: '70', 2: 'semester'}]]",<table> <tr> <td> </td> <td> Number </td> <td> Unit Type </td> </tr> <tr> <td> Maximum number of credits or courses that may be <br/> transferred from a two-year institution: </td> <td> 70 </td> <td> semester </td> </tr> </table>,122409,../data/cds-docs/2022-2023/122409.pdf,2022-2023
D,13,D13,Maximum number of credits or courses that may be,"[[{0: '', 1: 'Number', 2: 'Unit Type'}, {0: 'Maximum number of credits or courses that may be\ntransferred from a four-year institution:', 1: 'No limit', 2: 'semester'}]]",<table> <tr> <td> </td> <td> Number </td> <td> Unit Type </td> </tr> <tr> <td> Maximum number of credits or courses that may be <br/> transferred from a four-year institution: </td> <td> No limit </td> <td> semester </td> </tr> </table>,122409,../data/cds-docs/2022-2023/122409.pdf,2022-2023
D,18,D18,Does your institution accept the following military/veteran transfer credits:,"[[{0: '', 1: 'Yes', 2: 'No'}, {0: 'American Council on Education (ACE)', 1: 'X', 2: ''}, {0: 'College Level Examination Program (CLEP)', 1: 'X', 2: ''}, {0: 'DANTES Subject Standardized Tests (DSST)', 1: 'X', 2: ''}], [{0: '', 1: 'Number', 2: 'Unit Type'}, {0: 'Maximum number of credits or courses that may be\ntransferred based on military education evaluated by the\nAmerican Council on Education (ACE):', 1: 'No Limit', 2: 'Semester\nCredit'}]]","<table> <tr> <td> </td> <td> Yes </td> <td> No </td> </tr> <tr> <td> American Council on Education (ACE) </td> <td> X </td> <td> </td> </tr> <tr> <td> College Level Examination Program (CLEP) </td> <td> X </td> <td> </td> </tr> <tr> <td> DANTES Subject Standardized Tests (DSST) </td> <td> X </td> <td> </td> </tr> </table><div class=""separator""></div><table> <tr> <td> </td> <td> Number </td> <td> Unit Type </td> </tr> <tr> <td> Maximum number of credits or courses that may be <br/> transferred based on military education evaluated by the <br/> American Council on Education (ACE): </td> <td> No Limit </td> <td> Semester <br/> Credit </td> </tr> </table>",122409,../data/cds-docs/2022-2023/122409.pdf,2022-2023
D,19,D19,Number Unit Type,"[[{0: '', 1: 'Number', 2: 'Unit Type'}, {0: 'Maximum number of credits or courses that may be\ntransferred based on Department of Defense supported\nprior learning assessments (College Level Examination\nProgram (CLEP) or DANTES Subject Standardized Tests\n(DSST)):', 1: '30 CLEP\n24 DSST', 2: 'Semester\nCredit'}]]",<table> <tr> <td> </td> <td> Number </td> <td> Unit Type </td> </tr> <tr> <td> Maximum number of credits or courses that may be <br/> transferred based on Department of Defense supported <br/> prior learning assessments (College Level Examination <br/> Program (CLEP) or DANTES Subject Standardized Tests <br/> (DSST)): </td> <td> 30 CLEP <br/> 24 DSST </td> <td> Semester <br/> Credit </td> </tr> </table>,122409,../data/cds-docs/2022-2023/122409.pdf,2022-2023
D,20,D20,Number Unit Type,"[[{0: '', 1: 'Yes', 2: 'No'}, {0: 'Are the military/veteran credit transfer policies on your\nwebsite?', 1: 'X', 2: ''}]]",<table> <tr> <td> </td> <td> Yes </td> <td> No </td> </tr> <tr> <td> Are the military/veteran credit transfer policies on your <br/> website? </td> <td> X </td> <td> </td> </tr> </table>,122409,../data/cds-docs/2022-2023/122409.pdf,2022-2023
E,1,E1,Special study options: Identify those programs available at your institution. Refer to the glossary,"[[{0: 'Accelerated program', 1: ''}, {0: 'Comprehensive transition and postsecondary program for students with\nintellectual disabilities', 1: ''}, {0: 'Cross-registration', 1: 'X'}, {0: 'Distance learning', 1: 'X'}, {0: 'Double major', 1: 'X'}, {0: 'Dual enrollment', 1: ''}, {0: 'English as a Second Language (ESL)', 1: 'X'}, {0: 'Exchange student program (domestic)', 1: 'X'}, {0: 'External degree program', 1: 'X'}, {0: 'Honors Program', 1: 'X'}, {0: 'Independent study', 1: 'X'}, {0: 'Internships', 1: 'X'}, {0: 'Liberal arts/career combination', 1: 'X'}, {0: 'Student-designed major', 1: 'X'}, {0: 'Study abroad', 1: 'X'}, {0: 'Teacher certification program', 1: 'X'}, {0: 'Undergraduate Research', 1: ''}, {0: 'Weekend college', 1: ''}, {0: 'Other (specify):', 1: ''}]]",<table> <tr> <td> Accelerated program </td> <td> </td> </tr> <tr> <td> Comprehensive transition and postsecondary program for students with <br/> intellectual disabilities </td> <td> </td> </tr> <tr> <td> Cross-registration </td> <td> X </td> </tr> <tr> <td> Distance learning </td> <td> X </td> </tr> <tr> <td> Double major </td> <td> X </td> </tr> <tr> <td> Dual enrollment </td> <td> </td> </tr> <tr> <td> English as a Second Language (ESL) </td> <td> X </td> </tr> <tr> <td> Exchange student program (domestic) </td> <td> X </td> </tr> <tr> <td> External degree program </td> <td> X </td> </tr> <tr> <td> Honors Program </td> <td> X </td> </tr> <tr> <td> Independent study </td> <td> X </td> </tr> <tr> <td> Internships </td> <td> X </td> </tr> <tr> <td> Liberal arts/career combination </td> <td> X </td> </tr> <tr> <td> Student-designed major </td> <td> X </td> </tr> <tr> <td> Study abroad </td> <td> X </td> </tr> <tr> <td> Teacher certification program </td> <td> X </td> </tr> <tr> <td> Undergraduate Research </td> <td> </td> </tr> <tr> <td> Weekend college </td> <td> </td> </tr> <tr> <td> Other (specify): </td> <td> </td> </tr> </table>,122409,../data/cds-docs/2022-2023/122409.pdf,2022-2023
E,3,E3,Areas in which all or most students are required to complete some course work prior to,"[[{0: 'Arts/fine arts', 1: 'X'}, {0: 'Computer literacy', 1: ''}, {0: 'English (including composition)', 1: 'X'}, {0: 'Foreign languages', 1: 'X'}, {0: 'History', 1: 'X'}, {0: 'Physical Education', 1: ''}, {0: 'Humanities', 1: 'X'}, {0: 'Intensive writing', 1: 'X'}, {0: 'Mathematics', 1: 'X'}, {0: 'Philosophy', 1: 'X'}, {0: 'Sciences (biological or physical)', 1: 'X'}, {0: 'Social science', 1: 'X'}, {0: 'Other (describe):', 1: ''}]]",<table> <tr> <td> Arts/fine arts </td> <td> X </td> </tr> <tr> <td> Computer literacy </td> <td> </td> </tr> <tr> <td> English (including composition) </td> <td> X </td> </tr> <tr> <td> Foreign languages </td> <td> X </td> </tr> <tr> <td> History </td> <td> X </td> </tr> <tr> <td> Physical Education </td> <td> </td> </tr> <tr> <td> Humanities </td> <td> X </td> </tr> <tr> <td> Intensive writing </td> <td> X </td> </tr> <tr> <td> Mathematics </td> <td> X </td> </tr> <tr> <td> Philosophy </td> <td> X </td> </tr> <tr> <td> Sciences (biological or physical) </td> <td> X </td> </tr> <tr> <td> Social science </td> <td> X </td> </tr> <tr> <td> Other (describe): </td> <td> </td> </tr> </table>,122409,../data/cds-docs/2022-2023/122409.pdf,2022-2023
F,1,F1,"Percentages of first-time, first-year degree-seeking students and degree-seeking","[[{0: '', 1: 'First-time, first-year\nstudents', 2: 'Undergraduates'}, {0: 'Percent who are from out of state (exclude\ninternational/nonresidents from the numerator and\ndenominator)', 1: '23%', 2: '14%'}, {0: 'Percent of men who join fraternities', 1: '15%', 2: '10%'}, {0: 'Percent of women who join sororities', 1: '15%', 2: '12%'}, {0: 'Percent who live in college-owned, -operated, or -\naffiliated housing', 1: '75%', 2: '26%'}, {0: 'Percent who live off campus or commute', 1: '25%', 2: '74%'}, {0: 'Percent of students age 25 and older', 1: '0%', 2: '11%'}, {0: 'Average age of full-time students', 1: '18', 2: '21'}, {0: 'Average age of all students (full- and part-time)', 1: '18', 2: '22'}]]","<table> <tr> <td> </td> <td> First-time, first-year <br/> students </td> <td> Undergraduates </td> </tr> <tr> <td> Percent who are from out of state (exclude <br/> international/nonresidents from the numerator and <br/> denominator) </td> <td> 23% </td> <td> 14% </td> </tr> <tr> <td> Percent of men who join fraternities </td> <td> 15% </td> <td> 10% </td> </tr> <tr> <td> Percent of women who join sororities </td> <td> 15% </td> <td> 12% </td> </tr> <tr> <td> Percent who live in college-owned, -operated, or - <br/> affiliated housing </td> <td> 75% </td> <td> 26% </td> </tr> <tr> <td> Percent who live off campus or commute </td> <td> 25% </td> <td> 74% </td> </tr> <tr> <td> Percent of students age 25 and older </td> <td> 0% </td> <td> 11% </td> </tr> <tr> <td> Average age of full-time students </td> <td> 18 </td> <td> 21 </td> </tr> <tr> <td> Average age of all students (full- and part-time) </td> <td> 18 </td> <td> 22 </td> </tr> </table>",122409,../data/cds-docs/2022-2023/122409.pdf,2022-2023
F,2,F2,Activities offered Identify those programs available at your institution.,"[[{0: 'Campus Ministries', 1: 'X'}, {0: 'Choral groups', 1: 'X'}, {0: 'Concert band', 1: 'X'}, {0: 'Dance', 1: 'X'}, {0: 'Drama/theater', 1: 'X'}, {0: 'International Student', 1: 'X'}, {0: 'Jazz band', 1: 'X'}, {0: 'Literary magazine', 1: 'X'}, {0: 'Marching band', 1: 'X'}, {0: 'Model UN', 1: 'X'}, {0: 'Music ensembles', 1: 'X'}, {0: 'Musical theater', 1: 'X'}, {0: 'Opera', 1: 'X'}, {0: 'Pep band', 1: 'X'}, {0: 'Radio station', 1: 'X'}, {0: 'Student government', 1: 'X'}, {0: 'Student newspaper', 1: 'X'}, {0: 'Student-run film society', 1: 'X'}, {0: 'Symphony orchestra', 1: 'X'}, {0: 'Television station', 1: 'X'}, {0: 'Yearbook', 1: ''}]]",<table> <tr> <td> Campus Ministries </td> <td> X </td> </tr> <tr> <td> Choral groups </td> <td> X </td> </tr> <tr> <td> Concert band </td> <td> X </td> </tr> <tr> <td> Dance </td> <td> X </td> </tr> <tr> <td> Drama/theater </td> <td> X </td> </tr> <tr> <td> International Student </td> <td> X </td> </tr> <tr> <td> Jazz band </td> <td> X </td> </tr> <tr> <td> Literary magazine </td> <td> X </td> </tr> <tr> <td> Marching band </td> <td> X </td> </tr> <tr> <td> Model UN </td> <td> X </td> </tr> <tr> <td> Music ensembles </td> <td> X </td> </tr> <tr> <td> Musical theater </td> <td> X </td> </tr> <tr> <td> Opera </td> <td> X </td> </tr> <tr> <td> Pep band </td> <td> X </td> </tr> <tr> <td> Radio station </td> <td> X </td> </tr> <tr> <td> Student government </td> <td> X </td> </tr> <tr> <td> Student newspaper </td> <td> X </td> </tr> <tr> <td> Student-run film society </td> <td> X </td> </tr> <tr> <td> Symphony orchestra </td> <td> X </td> </tr> <tr> <td> Television station </td> <td> X </td> </tr> <tr> <td> Yearbook </td> <td> </td> </tr> </table>,122409,../data/cds-docs/2022-2023/122409.pdf,2022-2023
F,3,F3,ROTC (program offered in cooperation with Reserve Officers' Training Corps),"[[{0: '', 1: 'On Campus', 2: 'At Cooperating\nInstitution', 3: 'Name of Cooperating\nInstitution'}, {0: 'Army ROTC is offered:', 1: 'X', 2: '', 3: ''}, {0: 'Naval ROTC is offered:', 1: '', 2: 'X', 3: 'University of San Diego'}, {0: 'Marine Option (for Naval ROTC)', 1: '', 2: '', 3: ''}, {0: 'Air Force ROTC is offered:', 1: 'X', 2: '', 3: ''}]]",<table> <tr> <td> </td> <td> On Campus </td> <td> At Cooperating <br/> Institution </td> <td> Name of Cooperating <br/> Institution </td> </tr> <tr> <td> Army ROTC is offered: </td> <td> X </td> <td> </td> <td> </td> </tr> <tr> <td> Naval ROTC is offered: </td> <td> </td> <td> X </td> <td> University of San Diego </td> </tr> <tr> <td> Marine Option (for Naval ROTC) </td> <td> </td> <td> </td> <td> </td> </tr> <tr> <td> Air Force ROTC is offered: </td> <td> X </td> <td> </td> <td> </td> </tr> </table>,122409,../data/cds-docs/2022-2023/122409.pdf,2022-2023
F,4,F4,"Housing: Check all types of college-owned, -operated, or -affiliated housing available for","[[{0: 'Coed dorms', 1: 'X'}, {0: ""Men's dorms"", 1: ''}, {0: ""Women's dorms"", 1: ''}, {0: 'Apartments for married students', 1: ''}, {0: 'Apartments for single students', 1: 'X'}, {0: 'Special housing for disabled\nstudents', 1: 'X'}, {0: 'Special housing for international\nstudents', 1: 'X'}, {0: 'Fraternity/sorority housing', 1: 'X'}, {0: 'Cooperative housing', 1: ''}, {0: 'Theme housing', 1: 'X'}, {0: 'Wellness housing', 1: 'X'}, {0: 'Living Learning Communities', 1: 'X'}, {0: 'Other housing options (specify):\nX\nSDSU Housing', 1: 'X'}, {0: 'Other housing options (specify):\nX\nSDSU Housing', 1: 'Other housing options (specify):\nX\nSDSU Housing'}]]","<table> <tr> <td> Coed dorms </td> <td> X </td> </tr> <tr> <td> Men's dorms </td> <td> </td> </tr> <tr> <td> Women's dorms </td> <td> </td> </tr> <tr> <td> Apartments for married students </td> <td> </td> </tr> <tr> <td> Apartments for single students </td> <td> X </td> </tr> <tr> <td> Special housing for disabled <br/> students </td> <td> X </td> </tr> <tr> <td> Special housing for international <br/> students </td> <td> X </td> </tr> <tr> <td> Fraternity/sorority housing </td> <td> X </td> </tr> <tr> <td> Cooperative housing </td> <td> </td> </tr> <tr> <td> Theme housing </td> <td> X </td> </tr> <tr> <td> Wellness housing </td> <td> X </td> </tr> <tr> <td> Living Learning Communities </td> <td> X </td> </tr> <tr> <td rowspan=""2""> Other housing options (specify): <br/> X <br/> SDSU Housing </td> <td> X </td> </tr> <tr> <td> Other housing options (specify): <br/> X <br/> SDSU Housing </td> </tr> </table>",122409,../data/cds-docs/2022-2023/122409.pdf,2022-2023
G,1,G1,"Undergraduate full-time tuition, required fees, room and board List the typical tuition, required fees,","[[{0: '', 1: 'First-Year', 2: 'Undergraduates'}, {0: 'PRIVATE INSTITUTIONS\nTuition:', 1: '', 2: ''}, {0: 'PUBLIC INSTITUTIONS\nTuition:\nIn-district', 1: '$5,742', 2: '$5,742'}, {0: 'PUBLIC INSTITUTIONS\nIn-state (out-of-district):', 1: '$5,742', 2: '$5,742'}, {0: 'PUBLIC INSTITUTIONS\nOut-of-state:', 1: '$17,622', 2: '$17,622'}, {0: 'NONRESIDENT\nTuition:', 1: '$17,622', 2: '$17,622'}, {0: 'REQUIRED FEES: $2,432 $2,432', 1: 'REQUIRED FEES: $2,432 $2,432', 2: 'REQUIRED FEES: $2,432 $2,432'}, {0: 'ROOM AND BOARD:', 1: '$20,500', 2: '$20,500'}, {0: 'ROOM ONLY:', 1: '', 2: ''}, {0: 'BOARD ONLY:', 1: '', 2: ''}]]","<table> <tr> <td> </td> <td> First-Year </td> <td> Undergraduates </td> </tr> <tr> <td> PRIVATE INSTITUTIONS <br/> Tuition: </td> <td> </td> <td> </td> </tr> <tr> <td> PUBLIC INSTITUTIONS <br/> Tuition: <br/> In-district </td> <td> $5,742 </td> <td> $5,742 </td> </tr> <tr> <td> PUBLIC INSTITUTIONS <br/> In-state (out-of-district): </td> <td> $5,742 </td> <td> $5,742 </td> </tr> <tr> <td> PUBLIC INSTITUTIONS <br/> Out-of-state: </td> <td> $17,622 </td> <td> $17,622 </td> </tr> <tr> <td> NONRESIDENT <br/> Tuition: </td> <td> $17,622 </td> <td> $17,622 </td> </tr> <tr> <td colspan=""3""> REQUIRED FEES: $2,432 $2,432 </td> </tr> <tr> <td> ROOM AND BOARD: </td> <td> $20,500 </td> <td> $20,500 </td> </tr> <tr> <td> ROOM ONLY: </td> <td> </td> <td> </td> </tr> <tr> <td> BOARD ONLY: </td> <td> </td> <td> </td> </tr> </table>",122409,../data/cds-docs/2022-2023/122409.pdf,2022-2023
G,2,G2,Number of credits per term a student can take for the,"[[{0: '', 1: 'Yes', 2: 'No'}, {0: 'Do tuition and fees vary by year of study (e.g., sophomore,\njunior, senior)?', 1: '', 2: 'X'}]]","<table> <tr> <td> </td> <td> Yes </td> <td> No </td> </tr> <tr> <td> Do tuition and fees vary by year of study (e.g., sophomore, <br/> junior, senior)? </td> <td> </td> <td> X </td> </tr> </table>",122409,../data/cds-docs/2022-2023/122409.pdf,2022-2023
G,3,G3,"Do tuition and fees vary by year of study (e.g., sophomore,","[[{0: '', 1: 'Yes', 2: 'No'}, {0: 'Do tuition and fees vary by undergraduate instructional\nprogram?', 1: '', 2: 'X'}]]",<table> <tr> <td> </td> <td> Yes </td> <td> No </td> </tr> <tr> <td> Do tuition and fees vary by undergraduate instructional <br/> program? </td> <td> </td> <td> X </td> </tr> </table>,122409,../data/cds-docs/2022-2023/122409.pdf,2022-2023
G,5,G5,Provide the estimated expenses for a typical full-time undergraduate student:,"[[{0: '', 1: 'Residents', 2: 'Commuters\n(living at home)', 3: 'Commuters\n(not living at home)'}, {0: 'Books and supplies', 1: '$908', 2: '$908', 3: '$908'}, {0: 'Room only', 1: '', 2: '', 3: ''}, {0: 'Board only', 1: '', 2: '', 3: ''}, {0: 'Room and board total (if your\ncollege cannot provide separate\nroom and board figures for\ncommuters not living at home):', 1: '', 2: '', 3: '$17,110'}, {0: 'Transportation', 1: '$1,113', 2: '$2,348', 3: '$2,344'}, {0: 'Other expenses', 1: '$2,129', 2: '$2,451', 3: '$2,796'}]]","<table> <tr> <td> </td> <td> Residents </td> <td> Commuters <br/> (living at home) </td> <td> Commuters <br/> (not living at home) </td> </tr> <tr> <td> Books and supplies </td> <td> $908 </td> <td> $908 </td> <td> $908 </td> </tr> <tr> <td> Room only </td> <td> </td> <td> </td> <td> </td> </tr> <tr> <td> Board only </td> <td> </td> <td> </td> <td> </td> </tr> <tr> <td> Room and board total (if your <br/> college cannot provide separate <br/> room and board figures for <br/> commuters not living at home): </td> <td> </td> <td> </td> <td> $17,110 </td> </tr> <tr> <td> Transportation </td> <td> $1,113 </td> <td> $2,348 </td> <td> $2,344 </td> </tr> <tr> <td> Other expenses </td> <td> $2,129 </td> <td> $2,451 </td> <td> $2,796 </td> </tr> </table>",122409,../data/cds-docs/2022-2023/122409.pdf,2022-2023
G,6,G6,Undergraduate per-credit-hour charges (tuition only),"[[{0: 'PRIVATE INSTITUTIONS:', 1: ''}, {0: 'PUBLIC INSTITUTIONS\nIn-district:', 1: ''}, {0: 'PUBLIC INSTITUTIONS\nIn-state (out-of-district):', 1: ''}, {0: 'PUBLIC INSTITUTIONS\nOut-of-state:', 1: '$396/unit'}, {0: 'NONRESIDENT:', 1: '$396/unit'}]]",<table> <tr> <td> PRIVATE INSTITUTIONS: </td> <td> </td> </tr> <tr> <td> PUBLIC INSTITUTIONS <br/> In-district: </td> <td> </td> </tr> <tr> <td> PUBLIC INSTITUTIONS <br/> In-state (out-of-district): </td> <td> </td> </tr> <tr> <td> PUBLIC INSTITUTIONS <br/> Out-of-state: </td> <td> $396/unit </td> </tr> <tr> <td> NONRESIDENT: </td> <td> $396/unit </td> </tr> </table>,122409,../data/cds-docs/2022-2023/122409.pdf,2022-2023
H,2,H2,Number of Enrolled Students Awarded Aid: List the number of degree-seeking full-time and less-than-full-time,"[[{0: '', 1: 'First-time\nFull-time\nFreshmen', 2: 'Full-time\nUndergraduate\n(Incl. Fresh.)', 3: 'Less Than\nFull-time\nUndergraduate'}, {0: 'a) Number of degree-seeking undergraduate students\n(CDS Item B1 if reporting on Fall 2022 cohort)', 1: '6,529', 2: '28,381', 3: '3,343'}, {0: 'b) Number of students in line a who applied for need\ufffe\nbased financial aid', 1: '4,921', 2: '20,456', 3: '1,782'}, {0: 'c) Number of students in line b who were determined to\nhave financial need', 1: '2,897', 2: '15,159', 3: '1,500'}, {0: 'd) Number of students in line c who were awarded any\nfinancial aid', 1: '2,844', 2: '14,752', 3: '1,386'}, {0: 'e) Number of students in line d who were awarded any\nneed-based scholarship or grant aid', 1: '1,772', 2: '10,646', 3: '1,057'}, {0: 'f) Number of students in line d who were awarded any\nneed-based self-help aid', 1: '2,615', 2: '13,292', 3: '1,097'}, {0: 'g) Number of students in line d who were awarded any\nnon-need-based scholarship or grant aid', 1: '739', 2: '2,664', 3: '130'}, {0: 'h) Number of students in line d whose need was fully met\n(exclude PLUS loans, unsubsidized loans, and private\nalternative loans)', 1: '73', 2: '302', 3: '86'}, {0: 'i) On average, the percentage of need that was met of\nstudents who were awarded any need-based aid.\nExclude any aid that was awarded in excess of need\nas well as any resources that were awarded to replace\nEFC (PLUS loans, unsubsidized loans, and private\nalternative loans)', 1: '68%', 2: '74%', 3: '71%'}, {0: 'j) The average financial aid package of those in line d.\nExclude any resources that were awarded to replace\nEFC (PLUS loans, unsubsidized loans, and private\nalternative loans)', 1: '$15,094', 2: '$ 16,075', 3: '$ 12,750'}, {0: 'k) Average need-based scholarship and grant award of\nthose in line e', 1: '$ 10,714', 2: '$ 10,575', 3: '$ 7,436'}, {0: 'l) Average need-based self-help award ( excluding PLUS\nloans, unsubsidized loans, and private alternative\nloans) of those in line f', 1: '$ 3,819', 2: '$ 4,957', 3: '$ 4,752'}, {0: 'm) Average need-based loan (excluding PLUS loans,\nunsubsidized loans, and private alternative loans ) of\nthose in line f who were awarded a need-based loan', 1: '$ 3,308', 2: '$ 4,476', 3: '$ 4,437'}], [{0: '', 1: 'First-time\nFull-time\nFreshmen', 2: 'Full-time\nUndergrad\n(Incl. Fresh.)', 3: 'Less Than\nFull-time\nUndergrad'}, {0: 'n) Number of students in line a who had no financial need\nand who were awarded institutional non-need-based\nscholarship or grant aid (exclude those who were\nawarded athletic awards and tuition benefits)', 1: '49', 2: '366', 3: '24'}, {0: 'o) Average dollar amount of institutional non-need-based\nscholarship and grant aid awarded to students in line n', 1: '$4,793', 2: '$4,074', 3: '$3,177'}, {0: 'p) Number of students in line a who were awarded an\ninstitutional non-need-based athletic scholarship or\ngrant', 1: '55', 2: '228', 3: '4'}, {0: 'q) Average dollar amount of institutional non-need-based\nathletic scholarships and grants awarded to students in\nline p', 1: '$ 19,127', 2: '$ 20,942', 3: '$ 25,476'}]]","<table> <tr> <td> </td> <td> First-time <br/> Full-time <br/> Freshmen </td> <td> Full-time <br/> Undergraduate <br/> (Incl. Fresh.) </td> <td> Less Than <br/> Full-time <br/> Undergraduate </td> </tr> <tr> <td> a) Number of degree-seeking undergraduate students <br/> (CDS Item B1 if reporting on Fall 2022 cohort) </td> <td> 6,529 </td> <td> 28,381 </td> <td> 3,343 </td> </tr> <tr> <td> b) Number of students in line a who applied for need￾ <br/> based financial aid </td> <td> 4,921 </td> <td> 20,456 </td> <td> 1,782 </td> </tr> <tr> <td> c) Number of students in line b who were determined to <br/> have financial need </td> <td> 2,897 </td> <td> 15,159 </td> <td> 1,500 </td> </tr> <tr> <td> d) Number of students in line c who were awarded any <br/> financial aid </td> <td> 2,844 </td> <td> 14,752 </td> <td> 1,386 </td> </tr> <tr> <td> e) Number of students in line d who were awarded any <br/> need-based scholarship or grant aid </td> <td> 1,772 </td> <td> 10,646 </td> <td> 1,057 </td> </tr> <tr> <td> f) Number of students in line d who were awarded any <br/> need-based self-help aid </td> <td> 2,615 </td> <td> 13,292 </td> <td> 1,097 </td> </tr> <tr> <td> g) Number of students in line d who were awarded any <br/> non-need-based scholarship or grant aid </td> <td> 739 </td> <td> 2,664 </td> <td> 130 </td> </tr> <tr> <td> h) Number of students in line d whose need was fully met <br/> (exclude PLUS loans, unsubsidized loans, and private <br/> alternative loans) </td> <td> 73 </td> <td> 302 </td> <td> 86 </td> </tr> <tr> <td> i) On average, the percentage of need that was met of <br/> students who were awarded any need-based aid. <br/> Exclude any aid that was awarded in excess of need <br/> as well as any resources that were awarded to replace <br/> EFC (PLUS loans, unsubsidized loans, and private <br/> alternative loans) </td> <td> 68% </td> <td> 74% </td> <td> 71% </td> </tr> <tr> <td> j) The average financial aid package of those in line d. <br/> Exclude any resources that were awarded to replace <br/> EFC (PLUS loans, unsubsidized loans, and private <br/> alternative loans) </td> <td> $15,094 </td> <td> $ 16,075 </td> <td> $ 12,750 </td> </tr> <tr> <td> k) Average need-based scholarship and grant award of <br/> those in line e </td> <td> $ 10,714 </td> <td> $ 10,575 </td> <td> $ 7,436 </td> </tr> <tr> <td> l) Average need-based self-help award ( excluding PLUS <br/> loans, unsubsidized loans, and private alternative <br/> loans) of those in line f </td> <td> $ 3,819 </td> <td> $ 4,957 </td> <td> $ 4,752 </td> </tr> <tr> <td> m) Average need-based loan (excluding PLUS loans, <br/> unsubsidized loans, and private alternative loans ) of <br/> those in line f who were awarded a need-based loan </td> <td> $ 3,308 </td> <td> $ 4,476 </td> <td> $ 4,437 </td> </tr> </table><div class=""separator""></div><table> <tr> <td> </td> <td> First-time <br/> Full-time <br/> Freshmen </td> <td> Full-time <br/> Undergrad <br/> (Incl. Fresh.) </td> <td> Less Than <br/> Full-time <br/> Undergrad </td> </tr> <tr> <td> n) Number of students in line a who had no financial need <br/> and who were awarded institutional non-need-based <br/> scholarship or grant aid (exclude those who were <br/> awarded athletic awards and tuition benefits) </td> <td> 49 </td> <td> 366 </td> <td> 24 </td> </tr> <tr> <td> o) Average dollar amount of institutional non-need-based <br/> scholarship and grant aid awarded to students in line n </td> <td> $4,793 </td> <td> $4,074 </td> <td> $3,177 </td> </tr> <tr> <td> p) Number of students in line a who were awarded an <br/> institutional non-need-based athletic scholarship or <br/> grant </td> <td> 55 </td> <td> 228 </td> <td> 4 </td> </tr> <tr> <td> q) Average dollar amount of institutional non-need-based <br/> athletic scholarships and grants awarded to students in <br/> line p </td> <td> $ 19,127 </td> <td> $ 20,942 </td> <td> $ 25,476 </td> </tr> </table>",122409,../data/cds-docs/2022-2023/122409.pdf,2022-2023
H,3,H3,Which needs-analysis methodology does your institution use in awarding institutional aid?,"[[{0: 'Federal methodology (FM)', 1: 'X'}, {0: 'Institutional methodology (IM)', 1: ''}, {0: 'Both FM and IM', 1: ''}], [{0: '', 1: 'Need-based $ (Include\nnon-need-based aid used to\nmeet need.)', 2: 'Non-need-based $\n(Exclude non-need-based aid\nused to meet need.)'}, {0: 'Scholarships/Grants', 1: 'Scholarships/Grants', 2: 'Scholarships/Grants'}, {0: 'Federal', 1: '$55,552,215', 2: '$22,654'}, {0: 'State (i.e., all states, not only the state in which your institution is\nlocated)', 1: '$39,393,098', 2: '$26,797'}, {0: 'Institutional: Endowed scholarships, annual gifts and tuition funded\ngrants, awarded by the college, excluding athletic aid and tuition\nwaivers (which are reported below).', 1: '$30,399,492', 2: '$7,094,757'}, {0: 'Scholarships/grants from external sources (e.g., Kiwanis, National\nMerit) not awarded by the college', 1: '$0', 2: '$3,453,851'}, {0: 'Total Scholarships/Grants', 1: '$125,344,805', 2: '$10,598,059'}, {0: 'Self-Help', 1: 'Self-Help', 2: 'Self-Help'}, {0: 'Student loans from all sources (excluding parent loans)', 1: '$111,695,254', 2: '$34,327,080'}, {0: 'Federal Work-Study', 1: '$7,707,333', 2: ''}, {0: 'State and other (e.g., institutional) work-study/employment (Note:\nExcludes Federal Work-Study captured above.)', 1: '$0', 2: '$0'}, {0: 'Total Self-Help', 1: '$119,402,587', 2: '$34,327,080'}, {0: 'Other', 1: 'Other', 2: 'Other'}, {0: 'Parent Loans', 1: '$25,064,445', 2: '$16,085,111'}, {0: 'Tuition Waivers\nReporting is optional. Report tuition waivers in this row if you choose to report them. Do\nnot report tuition waivers elsewhere.', 1: '$0', 2: '$3,184,581'}, {0: 'Athletic Awards', 1: '$0', 2: '$7,511,801'}]]","<table> <tr> <td> Federal methodology (FM) </td> <td> X </td> </tr> <tr> <td> Institutional methodology (IM) </td> <td> </td> </tr> <tr> <td> Both FM and IM </td> <td> </td> </tr> </table><div class=""separator""></div><table> <tr> <td> </td> <td> Need-based $ (Include <br/> non-need-based aid used to <br/> meet need.) </td> <td> Non-need-based $ <br/> (Exclude non-need-based aid <br/> used to meet need.) </td> </tr> <tr> <td colspan=""3""> Scholarships/Grants </td> </tr> <tr> <td> Federal </td> <td> $55,552,215 </td> <td> $22,654 </td> </tr> <tr> <td> State (i.e., all states, not only the state in which your institution is <br/> located) </td> <td> $39,393,098 </td> <td> $26,797 </td> </tr> <tr> <td> Institutional: Endowed scholarships, annual gifts and tuition funded <br/> grants, awarded by the college, excluding athletic aid and tuition <br/> waivers (which are reported below). </td> <td> $30,399,492 </td> <td> $7,094,757 </td> </tr> <tr> <td> Scholarships/grants from external sources (e.g., Kiwanis, National <br/> Merit) not awarded by the college </td> <td> $0 </td> <td> $3,453,851 </td> </tr> <tr> <td> Total Scholarships/Grants </td> <td> $125,344,805 </td> <td> $10,598,059 </td> </tr> <tr> <td colspan=""3""> Self-Help </td> </tr> <tr> <td> Student loans from all sources (excluding parent loans) </td> <td> $111,695,254 </td> <td> $34,327,080 </td> </tr> <tr> <td> Federal Work-Study </td> <td> $7,707,333 </td> <td> </td> </tr> <tr> <td> State and other (e.g., institutional) work-study/employment (Note: <br/> Excludes Federal Work-Study captured above.) </td> <td> $0 </td> <td> $0 </td> </tr> <tr> <td> Total Self-Help </td> <td> $119,402,587 </td> <td> $34,327,080 </td> </tr> <tr> <td colspan=""3""> Other </td> </tr> <tr> <td> Parent Loans </td> <td> $25,064,445 </td> <td> $16,085,111 </td> </tr> <tr> <td> Tuition Waivers <br/> Reporting is optional. Report tuition waivers in this row if you choose to report them. Do <br/> not report tuition waivers elsewhere. </td> <td> $0 </td> <td> $3,184,581 </td> </tr> <tr> <td> Athletic Awards </td> <td> $0 </td> <td> $7,511,801 </td> </tr> </table>",122409,../data/cds-docs/2022-2023/122409.pdf,2022-2023
H,5,H5,,"[[{0: 'Source/Type of Loan', 1: 'Number in the\nclass (defined in\nH4 above) who\nborrowed from\nthe types of\nloans specified\nin the first\ncolumn', 2: 'Percent of the class\n(defined above) who\nborrowed from the\ntypes of loans specified\nin the first column\n(nearest 1%)', 3: 'Average per-undergraduate\ufffe\nborrower cumulative\nprincipal borrowed from the\ntypes of loans specified in\nthe first column (nearest $1)'}, {0: 'a) Any loan program: Federal Perkins, Federal Stafford\nSubsidized and Unsubsidized, institutional, state,\nprivate loans that your institution is aware of, etc.\nInclude both Federal Direct Student Loans and Federal\nFamily Education Loans.', 1: '1,662', 2: '35%', 3: '$21,212'}, {0: 'b) Federal loan programs: Federal Perkins, Federal\nStafford Subsidized and Unsubsidized. Include both\nFederal Direct Student Loans and Federal Family\nEducation Loans.', 1: '1,594', 2: '33%', 3: '$17,173'}, {0: 'c) Institutional loan programs.', 1: '0', 2: '0%', 3: 'N/A'}, {0: 'd) State loan programs.', 1: '6', 2: '0.13%', 3: '$6,733'}, {0: 'e) Private student loans made by a bank or\nlender.', 1: '204', 2: '4%', 3: '$38,437'}]]","<table> <tr> <td> Source/Type of Loan </td> <td> Number in the <br/> class (defined in <br/> H4 above) who <br/> borrowed from <br/> the types of <br/> loans specified <br/> in the first <br/> column </td> <td> Percent of the class <br/> (defined above) who <br/> borrowed from the <br/> types of loans specified <br/> in the first column <br/> (nearest 1%) </td> <td> Average per-undergraduate￾ <br/> borrower cumulative <br/> principal borrowed from the <br/> types of loans specified in <br/> the first column (nearest $1) </td> </tr> <tr> <td> a) Any loan program: Federal Perkins, Federal Stafford <br/> Subsidized and Unsubsidized, institutional, state, <br/> private loans that your institution is aware of, etc. <br/> Include both Federal Direct Student Loans and Federal <br/> Family Education Loans. </td> <td> 1,662 </td> <td> 35% </td> <td> $21,212 </td> </tr> <tr> <td> b) Federal loan programs: Federal Perkins, Federal <br/> Stafford Subsidized and Unsubsidized. Include both <br/> Federal Direct Student Loans and Federal Family <br/> Education Loans. </td> <td> 1,594 </td> <td> 33% </td> <td> $17,173 </td> </tr> <tr> <td> c) Institutional loan programs. </td> <td> 0 </td> <td> 0% </td> <td> N/A </td> </tr> <tr> <td> d) State loan programs. </td> <td> 6 </td> <td> 0.13% </td> <td> $6,733 </td> </tr> <tr> <td> e) Private student loans made by a bank or <br/> lender. </td> <td> 204 </td> <td> 4% </td> <td> $38,437 </td> </tr> </table>",122409,../data/cds-docs/2022-2023/122409.pdf,2022-2023
H,6,H6,Indicate your institution’s policy regarding institutional scholarship and grant aid for undergraduate degree-seeking,"[[{0: 'Institutional need-based scholarship or grant aid is available', 1: 'X'}, {0: 'Institutional non-need-based scholarship or grant aid is available', 1: 'X'}, {0: 'Institutional scholarship or grant aid is not available', 1: ''}]]",<table> <tr> <td> Institutional need-based scholarship or grant aid is available </td> <td> X </td> </tr> <tr> <td> Institutional non-need-based scholarship or grant aid is available </td> <td> X </td> </tr> <tr> <td> Institutional scholarship or grant aid is not available </td> <td> </td> </tr> </table>,122409,../data/cds-docs/2022-2023/122409.pdf,2022-2023
H,7,H7,Check off all financial aid forms nonresident first-year financial aid applicants must submit:,"[[{0: 'Institution’s own financial aid form', 1: ''}, {0: 'CSS/Financial Aid PROFILE', 1: ''}, {0: 'International Student’s Financial Aid Application', 1: ''}, {0: 'International Student’s Certification of Finances', 1: ''}, {0: 'Other (specify):', 1: 'X'}]]",<table> <tr> <td> Institution’s own financial aid form </td> <td> </td> </tr> <tr> <td> CSS/Financial Aid PROFILE </td> <td> </td> </tr> <tr> <td> International Student’s Financial Aid Application </td> <td> </td> </tr> <tr> <td> International Student’s Certification of Finances </td> <td> </td> </tr> <tr> <td> Other (specify): </td> <td> X </td> </tr> </table>,122409,../data/cds-docs/2022-2023/122409.pdf,2022-2023
H,8,H8,Check off all financial aid forms domestic first-year financial aid applicants must submit:,"[[{0: 'FAFSA', 1: 'X'}, {0: ""Institution's own financial aid form"", 1: ''}, {0: 'CSS/Financial Aid PROFILE', 1: ''}, {0: 'State aid form', 1: 'X'}, {0: 'Noncustodial PROFILE', 1: ''}, {0: 'Business/Farm Supplement', 1: ''}, {0: 'Other (specify):', 1: ''}]]",<table> <tr> <td> FAFSA </td> <td> X </td> </tr> <tr> <td> Institution's own financial aid form </td> <td> </td> </tr> <tr> <td> CSS/Financial Aid PROFILE </td> <td> </td> </tr> <tr> <td> State aid form </td> <td> X </td> </tr> <tr> <td> Noncustodial PROFILE </td> <td> </td> </tr> <tr> <td> Business/Farm Supplement </td> <td> </td> </tr> <tr> <td> Other (specify): </td> <td> </td> </tr> </table>,122409,../data/cds-docs/2022-2023/122409.pdf,2022-2023
H,9,H9,Indicate filing dates for first-year students:,"[[{0: 'Priority date for filing required financial aid forms:', 1: 'April 1'}, {0: 'Deadline for filing required financial aid forms:', 1: 'March 2'}, {0: 'No deadline for filing required forms (applications processed on a\nrolling basis):', 1: 'X'}]]",<table> <tr> <td> Priority date for filing required financial aid forms: </td> <td> April 1 </td> </tr> <tr> <td> Deadline for filing required financial aid forms: </td> <td> March 2 </td> </tr> <tr> <td> No deadline for filing required forms (applications processed on a <br/> rolling basis): </td> <td> X </td> </tr> </table>,122409,../data/cds-docs/2022-2023/122409.pdf,2022-2023
H,10,H10,Indicate notification dates for first-year students (answer a or b):,"[[{0: 'a)\nStudents notified on or about (date):', 1: 'a)\nStudents notified on or about (date):', 2: 'a)\nStudents notified on or about (date):', 3: ''}, {0: '', 1: '', 2: 'Yes', 3: 'No'}, {0: 'b)', 1: 'Students notified on a rolling basis:', 2: 'X', 3: ''}, {0: 'b)', 1: 'If yes, starting date:', 2: 'March 15', 3: ''}]]","<table> <tr> <td colspan=""3""> a) <br/> Students notified on or about (date): </td> <td> </td> </tr> <tr> <td colspan=""2""> </td> <td> Yes </td> <td> No </td> </tr> <tr> <td rowspan=""2""> b) </td> <td> Students notified on a rolling basis: </td> <td> X </td> <td> </td> </tr> <tr> <td> If yes, starting date: </td> <td> March 15 </td> <td> </td> </tr> </table>",122409,../data/cds-docs/2022-2023/122409.pdf,2022-2023
H,12,H12,FEDERAL DIRECT STUDENT LOAN PROGRAM (DIRECT LOAN),"[[{0: 'Direct Subsidized Stafford Loans', 1: 'X'}, {0: 'Direct Unsubsidized Stafford Loans', 1: 'X'}, {0: 'Direct PLUS Loans', 1: 'X'}], [{0: 'Federal Perkins Loans', 1: ''}, {0: 'Federal Nursing Loans', 1: ''}, {0: 'State Loans', 1: ''}, {0: 'College/university loans from institutional funds', 1: 'X'}, {0: 'Other (specify):', 1: 'Other (specify):'}]]","<table> <tr> <td> Direct Subsidized Stafford Loans </td> <td> X </td> </tr> <tr> <td> Direct Unsubsidized Stafford Loans </td> <td> X </td> </tr> <tr> <td> Direct PLUS Loans </td> <td> X </td> </tr> </table><div class=""separator""></div><table> <tr> <td> Federal Perkins Loans </td> <td> </td> </tr> <tr> <td> Federal Nursing Loans </td> <td> </td> </tr> <tr> <td> State Loans </td> <td> </td> </tr> <tr> <td> College/university loans from institutional funds </td> <td> X </td> </tr> <tr> <td colspan=""2""> Other (specify): </td> </tr> </table>",122409,../data/cds-docs/2022-2023/122409.pdf,2022-2023
H,13,H13,NEED-BASED:,"[[{0: 'Federal Pell', 1: 'X'}, {0: 'SEOG', 1: 'X'}, {0: 'State scholarships/grants', 1: 'X'}, {0: 'Private scholarships', 1: 'X'}, {0: 'College/university scholarship or grant aid from institutional funds', 1: 'X'}, {0: 'United Negro College Fund', 1: ''}, {0: 'Federal Nursing Scholarship', 1: ''}, {0: 'Other (specify):', 1: 'Other (specify):'}]]","<table> <tr> <td> Federal Pell </td> <td> X </td> </tr> <tr> <td> SEOG </td> <td> X </td> </tr> <tr> <td> State scholarships/grants </td> <td> X </td> </tr> <tr> <td> Private scholarships </td> <td> X </td> </tr> <tr> <td> College/university scholarship or grant aid from institutional funds </td> <td> X </td> </tr> <tr> <td> United Negro College Fund </td> <td> </td> </tr> <tr> <td> Federal Nursing Scholarship </td> <td> </td> </tr> <tr> <td colspan=""2""> Other (specify): </td> </tr> </table>",122409,../data/cds-docs/2022-2023/122409.pdf,2022-2023
H,14,H14,Check off criteria used in awarding institutional aid. Check all that apply.,"[[{0: '', 1: 'Non-Need Based', 2: 'Need-Based'}, {0: 'Academics', 1: 'X', 2: 'X'}, {0: 'Alumni affiliation', 1: 'X', 2: 'X'}, {0: 'Art', 1: 'X', 2: 'X'}, {0: 'Athletics', 1: 'X', 2: ''}, {0: 'Job skills', 1: '', 2: ''}, {0: 'ROTC', 1: 'X', 2: ''}, {0: 'Leadership', 1: 'X', 2: 'X'}, {0: 'Minority status', 1: '', 2: ''}, {0: 'Music/drama', 1: 'X', 2: 'X'}, {0: 'Religious affiliation', 1: '', 2: ''}, {0: 'State/district residency', 1: 'X', 2: 'X'}]]",<table> <tr> <td> </td> <td> Non-Need Based </td> <td> Need-Based </td> </tr> <tr> <td> Academics </td> <td> X </td> <td> X </td> </tr> <tr> <td> Alumni affiliation </td> <td> X </td> <td> X </td> </tr> <tr> <td> Art </td> <td> X </td> <td> X </td> </tr> <tr> <td> Athletics </td> <td> X </td> <td> </td> </tr> <tr> <td> Job skills </td> <td> </td> <td> </td> </tr> <tr> <td> ROTC </td> <td> X </td> <td> </td> </tr> <tr> <td> Leadership </td> <td> X </td> <td> X </td> </tr> <tr> <td> Minority status </td> <td> </td> <td> </td> </tr> <tr> <td> Music/drama </td> <td> X </td> <td> X </td> </tr> <tr> <td> Religious affiliation </td> <td> </td> <td> </td> </tr> <tr> <td> State/district residency </td> <td> X </td> <td> X </td> </tr> </table>,122409,../data/cds-docs/2022-2023/122409.pdf,2022-2023
I,1,I1,,"[[{0: '', 1: '', 2: 'Full-Time', 3: 'Part-Time', 4: 'Total'}, {0: 'a)', 1: 'Total number of instructional faculty', 2: '968', 3: '1059', 4: '2,027'}, {0: 'b)', 1: 'Total number who are members of minority groups', 2: '315', 3: '371', 4: '686'}, {0: 'c)', 1: 'Total number who are women', 2: '454', 3: '586', 4: '1,040'}, {0: 'd)', 1: 'Total number who are men', 2: '514', 3: '473', 4: '987'}, {0: 'Total number who are nonresidents (international)\ne)', 1: 'Total number who are nonresidents (international)\ne)', 2: '40', 3: '', 4: '40'}, {0: 'f)\nTotal number with doctorate, or other terminal degree', 1: 'f)\nTotal number with doctorate, or other terminal degree', 2: '814', 3: '352', 4: '1,166'}, {0: ""g)\nTotal number whose highest degree is a master's but not a terminal\nmaster's"", 1: ""g)\nTotal number whose highest degree is a master's but not a terminal\nmaster's"", 2: '124', 3: '529', 4: '653'}, {0: ""h)\nTotal number whose highest degree is a bachelor's"", 1: ""h)\nTotal number whose highest degree is a bachelor's"", 2: '29', 3: '157', 4: '186'}, {0: 'Total number whose highest degree is unknown or other (Note: Items\ni)\nf, g, h, and i must sum up to item a.)', 1: 'Total number whose highest degree is unknown or other (Note: Items\ni)\nf, g, h, and i must sum up to item a.)', 2: '1', 3: '21', 4: '22'}]]","<table> <tr> <td colspan=""2""> </td> <td> Full-Time </td> <td> Part-Time </td> <td> Total </td> </tr> <tr> <td> a) </td> <td> Total number of instructional faculty </td> <td> 968 </td> <td> 1059 </td> <td> 2,027 </td> </tr> <tr> <td> b) </td> <td> Total number who are members of minority groups </td> <td> 315 </td> <td> 371 </td> <td> 686 </td> </tr> <tr> <td> c) </td> <td> Total number who are women </td> <td> 454 </td> <td> 586 </td> <td> 1,040 </td> </tr> <tr> <td> d) </td> <td> Total number who are men </td> <td> 514 </td> <td> 473 </td> <td> 987 </td> </tr> <tr> <td colspan=""2""> Total number who are nonresidents (international) <br/> e) </td> <td> 40 </td> <td> </td> <td> 40 </td> </tr> <tr> <td colspan=""2""> f) <br/> Total number with doctorate, or other terminal degree </td> <td> 814 </td> <td> 352 </td> <td> 1,166 </td> </tr> <tr> <td colspan=""2""> g) <br/> Total number whose highest degree is a master's but not a terminal <br/> master's </td> <td> 124 </td> <td> 529 </td> <td> 653 </td> </tr> <tr> <td colspan=""2""> h) <br/> Total number whose highest degree is a bachelor's </td> <td> 29 </td> <td> 157 </td> <td> 186 </td> </tr> <tr> <td colspan=""2""> Total number whose highest degree is unknown or other (Note: Items <br/> i) <br/> f, g, h, and i must sum up to item a.) </td> <td> 1 </td> <td> 21 </td> <td> 22 </td> </tr> </table>",122409,../data/cds-docs/2022-2023/122409.pdf,2022-2023
I,3,I3,Undergraduate Class Size (provide numbers),"[[{0: 'CLASS\nSECTIONS', 1: '2-9', 2: '10-19', 3: '20-29', 4: '30-39', 5: '40-49', 6: '50-99', 7: '100+', 8: 'Total'}, {0: 'CLASS\nSECTIONS', 1: '299', 2: '672', 3: '892', 4: '395', 5: '251', 6: '436', 7: '190', 8: '3135'}], [{0: 'CLASS SUB\ufffe\nSECTIONS', 1: '2-9', 2: '10-19', 3: '20-29', 4: '30-39', 5: '40-49', 6: '50-99', 7: '100+', 8: 'Total'}, {0: 'CLASS SUB\ufffe\nSECTIONS', 1: '94', 2: '170', 3: '342', 4: '89', 5: '28', 6: '12', 7: '2', 8: '737'}]]","<table> <tr> <td rowspan=""2""> CLASS <br/> SECTIONS </td> <td> 2-9 </td> <td> 10-19 </td> <td> 20-29 </td> <td> 30-39 </td> <td> 40-49 </td> <td> 50-99 </td> <td> 100+ </td> <td> Total </td> </tr> <tr> <td> 299 </td> <td> 672 </td> <td> 892 </td> <td> 395 </td> <td> 251 </td> <td> 436 </td> <td> 190 </td> <td> 3135 </td> </tr> </table><div class=""separator""></div><table> <tr> <td rowspan=""2""> CLASS SUB￾ <br/> SECTIONS </td> <td> 2-9 </td> <td> 10-19 </td> <td> 20-29 </td> <td> 30-39 </td> <td> 40-49 </td> <td> 50-99 </td> <td> 100+ </td> <td> Total </td> </tr> <tr> <td> 94 </td> <td> 170 </td> <td> 342 </td> <td> 89 </td> <td> 28 </td> <td> 12 </td> <td> 2 </td> <td> 737 </td> </tr> </table>",122409,../data/cds-docs/2022-2023/122409.pdf,2022-2023
J,1,J1,"For each of the following discipline areas, provide the percentage of diplomas/certificates, associate, and bachelor’s","[[{0: 'Category', 1: 'Diploma/\nCertificates', 2: 'Associate', 3: 'Bachelor’s', 4: 'CIP 2021 Categories\nto Include'}, {0: 'Agriculture', 1: '', 2: '', 3: '', 4: '1'}, {0: 'Natural resources and conservation', 1: '', 2: '', 3: '1.3%', 4: '3'}, {0: 'Architecture', 1: '', 2: '', 3: '', 4: '4'}, {0: 'Area, ethnic, and gender studies', 1: '', 2: '', 3: '0.6%', 4: '5'}, {0: 'Communication/journalism', 1: '', 2: '', 3: '6.8%', 4: '9'}, {0: 'Communication technologies', 1: '', 2: '', 3: '', 4: '10'}, {0: 'Computer and information sciences', 1: '', 2: '', 3: '4.5%', 4: '11'}, {0: 'Personal and culinary services', 1: '', 2: '', 3: '', 4: '12'}, {0: 'Education', 1: '', 2: '', 3: '1.6%', 4: '13'}, {0: 'Engineering', 1: '', 2: '', 3: '9.1%', 4: '14'}, {0: 'Engineering technologies', 1: '', 2: '', 3: '0.4%', 4: '15'}, {0: 'Foreign languages, literatures, and linguistics', 1: '', 2: '', 3: '1.2%', 4: '16'}, {0: 'Family and consumer sciences', 1: '', 2: '', 3: '', 4: '19'}, {0: 'Law/legal studies', 1: '', 2: '', 3: '', 4: '22'}, {0: 'English', 1: '', 2: '', 3: '1.5%', 4: '23'}, {0: 'Liberal arts/general studies', 1: '', 2: '', 3: '2.7%', 4: '24'}, {0: 'Library science', 1: '', 2: '', 3: '', 4: '25'}, {0: 'Biological/life sciences', 1: '', 2: '', 3: '3.5%', 4: '26'}, {0: 'Mathematics and statistics', 1: '', 2: '', 3: '1.3%', 4: '27'}, {0: 'Military science and military technologies', 1: '', 2: '', 3: '', 4: '28 & 29'}, {0: 'Interdisciplinary studies', 1: '', 2: '', 3: '5.4%', 4: '30'}, {0: 'Parks and recreation', 1: '', 2: '', 3: '4.9%', 4: '31'}, {0: 'Philosophy and religious studies', 1: '', 2: '', 3: '0.4%', 4: '38'}, {0: 'Theology and religious vocations', 1: '', 2: '', 3: '', 4: '39'}, {0: 'Physical sciences', 1: '', 2: '', 3: '1.8%', 4: '40'}, {0: 'Science technologies', 1: '', 2: '', 3: '', 4: '41'}, {0: 'Psychology', 1: '', 2: '', 3: '7.8%', 4: '42'}, {0: 'Homeland Security, law enforcement, firefighting,', 1: '', 2: '', 3: '4.7%', 4: '43'}, {0: 'Public administration and social services', 1: '', 2: '', 3: '2.0%', 4: '44'}, {0: 'Social sciences', 1: '', 2: '', 3: '7.1%', 4: '45'}, {0: 'Construction trades', 1: '', 2: '', 3: '', 4: '46'}, {0: 'Mechanic and repair technologies', 1: '', 2: '', 3: '', 4: '47'}, {0: 'Precision production', 1: '', 2: '', 3: '', 4: '48'}, {0: 'Transportation and materials moving', 1: '', 2: '', 3: '', 4: '49'}, {0: 'Visual and performing arts', 1: '', 2: '', 3: '3.5%', 4: '50'}, {0: 'Health professions and related programs', 1: '', 2: '', 3: '6.3%', 4: '51'}, {0: 'Business/marketing', 1: '', 2: '', 3: '20.9%', 4: '52'}, {0: 'History', 1: '', 2: '', 3: '0.7%', 4: '54'}, {0: 'Other', 1: '', 2: '', 3: '', 4: ''}, {0: 'TOTAL (should = 100%)', 1: '0.00%', 2: '0.00%', 3: '100.00%', 4: ''}]]","<table> <tr> <td> Category </td> <td> Diploma/ <br/> Certificates </td> <td> Associate </td> <td> Bachelor’s </td> <td> CIP 2021 Categories <br/> to Include </td> </tr> <tr> <td> Agriculture </td> <td> </td> <td> </td> <td> </td> <td> 1 </td> </tr> <tr> <td> Natural resources and conservation </td> <td> </td> <td> </td> <td> 1.3% </td> <td> 3 </td> </tr> <tr> <td> Architecture </td> <td> </td> <td> </td> <td> </td> <td> 4 </td> </tr> <tr> <td> Area, ethnic, and gender studies </td> <td> </td> <td> </td> <td> 0.6% </td> <td> 5 </td> </tr> <tr> <td> Communication/journalism </td> <td> </td> <td> </td> <td> 6.8% </td> <td> 9 </td> </tr> <tr> <td> Communication technologies </td> <td> </td> <td> </td> <td> </td> <td> 10 </td> </tr> <tr> <td> Computer and information sciences </td> <td> </td> <td> </td> <td> 4.5% </td> <td> 11 </td> </tr> <tr> <td> Personal and culinary services </td> <td> </td> <td> </td> <td> </td> <td> 12 </td> </tr> <tr> <td> Education </td> <td> </td> <td> </td> <td> 1.6% </td> <td> 13 </td> </tr> <tr> <td> Engineering </td> <td> </td> <td> </td> <td> 9.1% </td> <td> 14 </td> </tr> <tr> <td> Engineering technologies </td> <td> </td> <td> </td> <td> 0.4% </td> <td> 15 </td> </tr> <tr> <td> Foreign languages, literatures, and linguistics </td> <td> </td> <td> </td> <td> 1.2% </td> <td> 16 </td> </tr> <tr> <td> Family and consumer sciences </td> <td> </td> <td> </td> <td> </td> <td> 19 </td> </tr> <tr> <td> Law/legal studies </td> <td> </td> <td> </td> <td> </td> <td> 22 </td> </tr> <tr> <td> English </td> <td> </td> <td> </td> <td> 1.5% </td> <td> 23 </td> </tr> <tr> <td> Liberal arts/general studies </td> <td> </td> <td> </td> <td> 2.7% </td> <td> 24 </td> </tr> <tr> <td> Library science </td> <td> </td> <td> </td> <td> </td> <td> 25 </td> </tr> <tr> <td> Biological/life sciences </td> <td> </td> <td> </td> <td> 3.5% </td> <td> 26 </td> </tr> <tr> <td> Mathematics and statistics </td> <td> </td> <td> </td> <td> 1.3% </td> <td> 27 </td> </tr> <tr> <td> Military science and military technologies </td> <td> </td> <td> </td> <td> </td> <td> 28 &amp; 29 </td> </tr> <tr> <td> Interdisciplinary studies </td> <td> </td> <td> </td> <td> 5.4% </td> <td> 30 </td> </tr> <tr> <td> Parks and recreation </td> <td> </td> <td> </td> <td> 4.9% </td> <td> 31 </td> </tr> <tr> <td> Philosophy and religious studies </td> <td> </td> <td> </td> <td> 0.4% </td> <td> 38 </td> </tr> <tr> <td> Theology and religious vocations </td> <td> </td> <td> </td> <td> </td> <td> 39 </td> </tr> <tr> <td> Physical sciences </td> <td> </td> <td> </td> <td> 1.8% </td> <td> 40 </td> </tr> <tr> <td> Science technologies </td> <td> </td> <td> </td> <td> </td> <td> 41 </td> </tr> <tr> <td> Psychology </td> <td> </td> <td> </td> <td> 7.8% </td> <td> 42 </td> </tr> <tr> <td> Homeland Security, law enforcement, firefighting, </td> <td> </td> <td> </td> <td> 4.7% </td> <td> 43 </td> </tr> <tr> <td> Public administration and social services </td> <td> </td> <td> </td> <td> 2.0% </td> <td> 44 </td> </tr> <tr> <td> Social sciences </td> <td> </td> <td> </td> <td> 7.1% </td> <td> 45 </td> </tr> <tr> <td> Construction trades </td> <td> </td> <td> </td> <td> </td> <td> 46 </td> </tr> <tr> <td> Mechanic and repair technologies </td> <td> </td> <td> </td> <td> </td> <td> 47 </td> </tr> <tr> <td> Precision production </td> <td> </td> <td> </td> <td> </td> <td> 48 </td> </tr> <tr> <td> Transportation and materials moving </td> <td> </td> <td> </td> <td> </td> <td> 49 </td> </tr> <tr> <td> Visual and performing arts </td> <td> </td> <td> </td> <td> 3.5% </td> <td> 50 </td> </tr> <tr> <td> Health professions and related programs </td> <td> </td> <td> </td> <td> 6.3% </td> <td> 51 </td> </tr> <tr> <td> Business/marketing </td> <td> </td> <td> </td> <td> 20.9% </td> <td> 52 </td> </tr> <tr> <td> History </td> <td> </td> <td> </td> <td> 0.7% </td> <td> 54 </td> </tr> <tr> <td> Other </td> <td> </td> <td> </td> <td> </td> <td> </td> </tr> <tr> <td> TOTAL (should = 100%) </td> <td> 0.00% </td> <td> 0.00% </td> <td> 100.00% </td> <td> </td> </tr> </table>",122409,../data/cds-docs/2022-2023/122409.pdf,2022-2023
A,0,A0,Name: Jeanne Stronach,"[[{0: 'Name:', 1: 'Jeanne Stronach'}, {0: 'Title:', 1: 'Assistant Vice President'}, {0: 'Office:', 1: 'Analytic Studies & Institutional Research'}, {0: 'Mailing Address:', 1: '5500 Campanile Drive'}, {0: 'City/State/Zip/Country:', 1: 'San Diego, CA 92182-7732'}, {0: 'Phone:', 1: '619-594-6846'}, {0: 'Fax:', 1: ''}, {0: 'E-mail Address:', 1: 'oir@sdsu.edu'}, {0: ""Are your responses to the CDS posted for\nreference on your institution's Web site?"", 1: 'Yes'}, {0: 'If yes, please provide the URL of the\ncorresponding Web page:', 1: 'http://asir.sdsu.edu/'}]]","<table> <tr> <td> Name: </td> <td> Jeanne Stronach </td> </tr> <tr> <td> Title: </td> <td> Assistant Vice President </td> </tr> <tr> <td> Office: </td> <td> Analytic Studies &amp; Institutional Research </td> </tr> <tr> <td> Mailing Address: </td> <td> 5500 Campanile Drive </td> </tr> <tr> <td> City/State/Zip/Country: </td> <td> San Diego, CA 92182-7732 </td> </tr> <tr> <td> Phone: </td> <td> 619-594-6846 </td> </tr> <tr> <td> Fax: </td> <td> </td> </tr> <tr> <td> E-mail Address: </td> <td> oir@sdsu.edu </td> </tr> <tr> <td> Are your responses to the CDS posted for <br/> reference on your institution's Web site? </td> <td> Yes </td> </tr> <tr> <td> If yes, please provide the URL of the <br/> corresponding Web page: </td> <td> http://asir.sdsu.edu/ </td> </tr> </table>",122409,../data/cds-docs/2021-2022/122409.pdf,2021-2022
A,1,A1,Name of College/University: San Diego State University,"[[{0: 'Name of College/University:', 1: 'San Diego State University'}, {0: 'Mailing Address:', 1: '5500 Campanile Drive'}, {0: 'City/State/Zip/Country:', 1: 'San Diego, CA 92182-7455'}, {0: 'Street Address (if different):', 1: ''}, {0: 'City/State/Zip/Country:', 1: ''}, {0: 'Main Phone Number:', 1: '619-594-5200'}, {0: 'WWW Home Page Address:', 1: 'www.sdsu.edu'}, {0: 'Admissions Phone Number:', 1: '619-594-6336'}, {0: 'Admissions Toll-Free Phone Number:', 1: ''}, {0: 'Admissions Office Mailing Address:', 1: ''}, {0: 'City/State/Zip/Country:', 1: ''}, {0: 'Admissions Fax Number:', 1: ''}, {0: 'Admissions E-mail Address:', 1: ''}, {0: 'If there is a separate URL for your school’s\nonline application, please specify:', 1: 'www.sdsu.edu/apply'}, {0: 'If you have a mailing address other than\nthe above to which applications should be\nsent, please provide:', 1: ''}]]","<table> <tr> <td> Name of College/University: </td> <td> San Diego State University </td> </tr> <tr> <td> Mailing Address: </td> <td> 5500 Campanile Drive </td> </tr> <tr> <td> City/State/Zip/Country: </td> <td> San Diego, CA 92182-7455 </td> </tr> <tr> <td> Street Address (if different): </td> <td> </td> </tr> <tr> <td> City/State/Zip/Country: </td> <td> </td> </tr> <tr> <td> Main Phone Number: </td> <td> 619-594-5200 </td> </tr> <tr> <td> WWW Home Page Address: </td> <td> www.sdsu.edu </td> </tr> <tr> <td> Admissions Phone Number: </td> <td> 619-594-6336 </td> </tr> <tr> <td> Admissions Toll-Free Phone Number: </td> <td> </td> </tr> <tr> <td> Admissions Office Mailing Address: </td> <td> </td> </tr> <tr> <td> City/State/Zip/Country: </td> <td> </td> </tr> <tr> <td> Admissions Fax Number: </td> <td> </td> </tr> <tr> <td> Admissions E-mail Address: </td> <td> </td> </tr> <tr> <td> If there is a separate URL for your school’s <br/> online application, please specify: </td> <td> www.sdsu.edu/apply </td> </tr> <tr> <td> If you have a mailing address other than <br/> the above to which applications should be <br/> sent, please provide: </td> <td> </td> </tr> </table>",122409,../data/cds-docs/2021-2022/122409.pdf,2021-2022
A,2,A2,Public X,"[[{0: 'Public', 1: 'X'}, {0: 'Private (nonprofit)', 1: ''}, {0: 'Proprietary', 1: ''}]]",<table> <tr> <td> Public </td> <td> X </td> </tr> <tr> <td> Private (nonprofit) </td> <td> </td> </tr> <tr> <td> Proprietary </td> <td> </td> </tr> </table>,122409,../data/cds-docs/2021-2022/122409.pdf,2021-2022
A,3,A3,Coeducational college X,"[[{0: 'Coeducational college', 1: 'X'}, {0: ""Men's college"", 1: ''}, {0: ""Women's college"", 1: ''}]]",<table> <tr> <td> Coeducational college </td> <td> X </td> </tr> <tr> <td> Men's college </td> <td> </td> </tr> <tr> <td> Women's college </td> <td> </td> </tr> </table>,122409,../data/cds-docs/2021-2022/122409.pdf,2021-2022
A,4,A4,Semester X,"[[{0: 'Semester', 1: 'X'}, {0: 'Quarter', 1: ''}, {0: 'Trimester', 1: ''}, {0: '4-1-4', 1: ''}, {0: 'Continuous', 1: ''}, {0: 'Differs by program (describe):', 1: ''}, {0: 'Other (describe):', 1: ''}]]",<table> <tr> <td> Semester </td> <td> X </td> </tr> <tr> <td> Quarter </td> <td> </td> </tr> <tr> <td> Trimester </td> <td> </td> </tr> <tr> <td> 4-1-4 </td> <td> </td> </tr> <tr> <td> Continuous </td> <td> </td> </tr> <tr> <td> Differs by program (describe): </td> <td> </td> </tr> <tr> <td> Other (describe): </td> <td> </td> </tr> </table>,122409,../data/cds-docs/2021-2022/122409.pdf,2021-2022
A,5,A5,Certificate,"[[{0: 'Certificate', 1: ''}, {0: 'Diploma', 1: ''}, {0: 'Associate', 1: ''}, {0: 'Transfer Associate', 1: ''}, {0: 'Terminal Associate', 1: ''}, {0: ""Bachelor's"", 1: 'X'}, {0: ""Postbachelor's certificate"", 1: 'X'}, {0: ""Master's"", 1: 'X'}, {0: ""Post-master's certificate"", 1: ''}, {0: 'Doctoral degree\nresearch/scholarship', 1: 'X'}, {0: 'Doctoral degree –\nprofessional practice', 1: 'X'}, {0: 'Doctoral degree -- other', 1: 'X'}]]",<table> <tr> <td> Certificate </td> <td> </td> </tr> <tr> <td> Diploma </td> <td> </td> </tr> <tr> <td> Associate </td> <td> </td> </tr> <tr> <td> Transfer Associate </td> <td> </td> </tr> <tr> <td> Terminal Associate </td> <td> </td> </tr> <tr> <td> Bachelor's </td> <td> X </td> </tr> <tr> <td> Postbachelor's certificate </td> <td> X </td> </tr> <tr> <td> Master's </td> <td> X </td> </tr> <tr> <td> Post-master's certificate </td> <td> </td> </tr> <tr> <td> Doctoral degree <br/> research/scholarship </td> <td> X </td> </tr> <tr> <td> Doctoral degree – <br/> professional practice </td> <td> X </td> </tr> <tr> <td> Doctoral degree -- other </td> <td> X </td> </tr> </table>,122409,../data/cds-docs/2021-2022/122409.pdf,2021-2022
B,1,B1,FULL-TIME PART-TIME,"[[{0: '', 1: 'FULL-TIME', 2: 'FULL-TIME', 3: 'PART-TIME', 4: 'PART-TIME'}, {0: '', 1: 'Men', 2: 'Women', 3: 'Men', 4: 'Women'}, {0: 'Undergraduates', 1: '', 2: '', 3: '', 4: ''}, {0: 'Degree-seeking, first-time\nfreshmen', 1: '2,060', 2: '3,173', 3: '15', 4: '21'}, {0: 'Other first-year, degree-seeking', 1: '9,648', 2: '12,715', 3: '1,617', 4: '1,616'}, {0: 'All other degree-seeking', 1: '', 2: '', 3: '', 4: ''}, {0: 'Total degree-seeking', 1: '11,708', 2: '15,888', 3: '1,632', 4: '1,637'}, {0: 'All other undergraduates enrolled\nin credit courses', 1: '0', 2: '0', 3: '0', 4: '0'}, {0: 'Total undergraduates', 1: '11,708', 2: '15,888', 3: '1,632', 4: '1,637'}, {0: 'Graduate', 1: '', 2: '', 3: '', 4: ''}, {0: 'Degree-seeking, first-time', 1: '470', 2: '922', 3: '154', 4: '215'}, {0: 'All other degree-seeking', 1: '542', 2: '1,133', 3: '585', 4: '846'}, {0: 'All other graduates enrolled in\ncredit courses', 1: '0', 2: '0', 3: '0', 4: '0'}, {0: 'Total graduate', 1: '1,012', 2: '2,055', 3: '739', 4: '1,061'}]]","<table> <tr> <td> </td> <td colspan=""2""> FULL-TIME </td> <td colspan=""2""> PART-TIME </td> </tr> <tr> <td> </td> <td> Men </td> <td> Women </td> <td> Men </td> <td> Women </td> </tr> <tr> <td> Undergraduates </td> <td> </td> <td> </td> <td> </td> <td> </td> </tr> <tr> <td> Degree-seeking, first-time <br/> freshmen </td> <td> 2,060 </td> <td> 3,173 </td> <td> 15 </td> <td> 21 </td> </tr> <tr> <td> Other first-year, degree-seeking </td> <td> 9,648 </td> <td> 12,715 </td> <td> 1,617 </td> <td> 1,616 </td> </tr> <tr> <td> All other degree-seeking </td> <td> </td> <td> </td> <td> </td> <td> </td> </tr> <tr> <td> Total degree-seeking </td> <td> 11,708 </td> <td> 15,888 </td> <td> 1,632 </td> <td> 1,637 </td> </tr> <tr> <td> All other undergraduates enrolled <br/> in credit courses </td> <td> 0 </td> <td> 0 </td> <td> 0 </td> <td> 0 </td> </tr> <tr> <td> Total undergraduates </td> <td> 11,708 </td> <td> 15,888 </td> <td> 1,632 </td> <td> 1,637 </td> </tr> <tr> <td> Graduate </td> <td> </td> <td> </td> <td> </td> <td> </td> </tr> <tr> <td> Degree-seeking, first-time </td> <td> 470 </td> <td> 922 </td> <td> 154 </td> <td> 215 </td> </tr> <tr> <td> All other degree-seeking </td> <td> 542 </td> <td> 1,133 </td> <td> 585 </td> <td> 846 </td> </tr> <tr> <td> All other graduates enrolled in <br/> credit courses </td> <td> 0 </td> <td> 0 </td> <td> 0 </td> <td> 0 </td> </tr> <tr> <td> Total graduate </td> <td> 1,012 </td> <td> 2,055 </td> <td> 739 </td> <td> 1,061 </td> </tr> </table>",122409,../data/cds-docs/2021-2022/122409.pdf,2021-2022
B,2,B2,Degree-Seeking Degree-Seeking Total,"[[{0: '', 1: 'Degree-Seeking\nFirst-Time', 2: 'Degree-Seeking\nUndergraduates', 3: 'Total\nUndergraduates'}, {0: 'Nonresident aliens', 1: '146', 2: '1,497', 3: ''}, {0: 'Hispanic/Latino', 1: '1,526', 2: '10,286', 3: ''}, {0: 'Black or African American, non-Hispanic', 1: '175', 2: '1,274', 3: ''}, {0: 'White, non-Hispanic', 1: '2,105', 2: '10,519', 3: ''}, {0: 'American Indian or Alaska Native, non-Hispanic', 1: '8', 2: '82', 3: ''}, {0: 'Asian, non-Hispanic', 1: '739', 2: '4,133', 3: ''}, {0: 'Native Hawaiian or other Pacific Islander, non\ufffe\nHispanic', 1: '18', 2: '80', 3: ''}, {0: 'Two or more races, non-Hispanic', 1: '433', 2: '2,118', 3: ''}, {0: 'Race and/or ethnicity unknown', 1: '119', 2: '876', 3: ''}, {0: 'TOTAL', 1: '5,269', 2: '30,865', 3: ''}]]","<table> <tr> <td> </td> <td> Degree-Seeking <br/> First-Time </td> <td> Degree-Seeking <br/> Undergraduates </td> <td> Total <br/> Undergraduates </td> </tr> <tr> <td> Nonresident aliens </td> <td> 146 </td> <td> 1,497 </td> <td> </td> </tr> <tr> <td> Hispanic/Latino </td> <td> 1,526 </td> <td> 10,286 </td> <td> </td> </tr> <tr> <td> Black or African American, non-Hispanic </td> <td> 175 </td> <td> 1,274 </td> <td> </td> </tr> <tr> <td> White, non-Hispanic </td> <td> 2,105 </td> <td> 10,519 </td> <td> </td> </tr> <tr> <td> American Indian or Alaska Native, non-Hispanic </td> <td> 8 </td> <td> 82 </td> <td> </td> </tr> <tr> <td> Asian, non-Hispanic </td> <td> 739 </td> <td> 4,133 </td> <td> </td> </tr> <tr> <td> Native Hawaiian or other Pacific Islander, non￾ <br/> Hispanic </td> <td> 18 </td> <td> 80 </td> <td> </td> </tr> <tr> <td> Two or more races, non-Hispanic </td> <td> 433 </td> <td> 2,118 </td> <td> </td> </tr> <tr> <td> Race and/or ethnicity unknown </td> <td> 119 </td> <td> 876 </td> <td> </td> </tr> <tr> <td> TOTAL </td> <td> 5,269 </td> <td> 30,865 </td> <td> </td> </tr> </table>",122409,../data/cds-docs/2021-2022/122409.pdf,2021-2022
B,3,B3,Certificate/diploma,"[[{0: 'Certificate/diploma', 1: ''}, {0: 'Associate degrees', 1: ''}, {0: ""Bachelor's degrees"", 1: '8,492'}, {0: ""Postbachelor's certificates"", 1: ''}, {0: ""Master's degrees"", 1: '1,610'}, {0: ""Post-Master's certificates"", 1: ''}, {0: 'Doctoral degrees –\nresearch/scholarship', 1: '101'}, {0: 'Doctoral degrees – professional', 1: '39'}, {0: 'Doctoral degrees – other', 1: ''}]]","<table> <tr> <td> Certificate/diploma </td> <td> </td> </tr> <tr> <td> Associate degrees </td> <td> </td> </tr> <tr> <td> Bachelor's degrees </td> <td> 8,492 </td> </tr> <tr> <td> Postbachelor's certificates </td> <td> </td> </tr> <tr> <td> Master's degrees </td> <td> 1,610 </td> </tr> <tr> <td> Post-Master's certificates </td> <td> </td> </tr> <tr> <td> Doctoral degrees – <br/> research/scholarship </td> <td> 101 </td> </tr> <tr> <td> Doctoral degrees – professional </td> <td> 39 </td> </tr> <tr> <td> Doctoral degrees – other </td> <td> </td> </tr> </table>",122409,../data/cds-docs/2021-2022/122409.pdf,2021-2022
C,1,C1,"Total first-time, first-year (freshman) men who applied 27,414","[[{0: 'Total first-time, first-year', 1: '(freshman)', 2: 'men who applied', 3: '27,414'}, {0: 'Total first-time, first-year', 1: '(freshman)', 2: 'women who applied', 3: '40,246'}, {0: '', 1: '', 2: '', 3: '67,660'}], [{0: 'Total first-time, first-year (freshman) men who were admitted', 1: '9,584'}, {0: 'Total first-time, first-year (freshman) women who were admitted', 1: '16,062'}, {0: '', 1: '25,646'}], [{0: 'Total full-time, first-time, first-year (freshman) men who enrolled', 1: '2,060'}, {0: 'Total part-time, first-time, first-year (freshman) men who enrolled', 1: '15'}, {0: '', 1: '2,075'}], [{0: 'Total full-time, first-time, first-year (freshman) women who enrolled', 1: '3,172'}, {0: 'Total part-time, first-time, first-year (freshman) women who enrolled', 1: '25'}, {0: '', 1: '3,197'}]]","<table> <tr> <td> Total first-time, first-year </td> <td> (freshman) </td> <td> men who applied </td> <td> 27,414 </td> </tr> <tr> <td> Total first-time, first-year </td> <td> (freshman) </td> <td> women who applied </td> <td> 40,246 </td> </tr> <tr> <td colspan=""2""> </td> <td> </td> <td> 67,660 </td> </tr> </table><div class=""separator""></div><table> <tr> <td> Total first-time, first-year (freshman) men who were admitted </td> <td> 9,584 </td> </tr> <tr> <td> Total first-time, first-year (freshman) women who were admitted </td> <td> 16,062 </td> </tr> <tr> <td> </td> <td> 25,646 </td> </tr> </table><div class=""separator""></div><table> <tr> <td> Total full-time, first-time, first-year (freshman) men who enrolled </td> <td> 2,060 </td> </tr> <tr> <td> Total part-time, first-time, first-year (freshman) men who enrolled </td> <td> 15 </td> </tr> <tr> <td> </td> <td> 2,075 </td> </tr> </table><div class=""separator""></div><table> <tr> <td> Total full-time, first-time, first-year (freshman) women who enrolled </td> <td> 3,172 </td> </tr> <tr> <td> Total part-time, first-time, first-year (freshman) women who enrolled </td> <td> 25 </td> </tr> <tr> <td> </td> <td> 3,197 </td> </tr> </table>",122409,../data/cds-docs/2021-2022/122409.pdf,2021-2022
C,2,C2,Do you have a policy of placing students on a waiting list? X,"[[{0: '', 1: 'Yes', 2: 'No'}, {0: 'Do you have a policy of placing students on a waiting list?', 1: 'X', 2: ''}], [{0: 'Number of qualified applicants offered a place on waiting list', 1: '6,917'}, {0: 'Number accepting a place on the waiting list', 1: '3,206'}, {0: 'Number of wait-listed students admitted', 1: '326'}, {0: 'Is your waiting list ranked?', 1: 'Yes'}, {0: 'If yes, do you release that information to students?', 1: 'No'}, {0: 'Do you release that information to school counselors?', 1: 'No'}]]","<table> <tr> <td> </td> <td> Yes </td> <td> No </td> </tr> <tr> <td> Do you have a policy of placing students on a waiting list? </td> <td> X </td> <td> </td> </tr> </table><div class=""separator""></div><table> <tr> <td> Number of qualified applicants offered a place on waiting list </td> <td> 6,917 </td> </tr> <tr> <td> Number accepting a place on the waiting list </td> <td> 3,206 </td> </tr> <tr> <td> Number of wait-listed students admitted </td> <td> 326 </td> </tr> <tr> <td> Is your waiting list ranked? </td> <td> Yes </td> </tr> <tr> <td> If yes, do you release that information to students? </td> <td> No </td> </tr> <tr> <td> Do you release that information to school counselors? </td> <td> No </td> </tr> </table>",122409,../data/cds-docs/2021-2022/122409.pdf,2021-2022
C,3,C3,High school diploma is required and GED is,"[[{0: 'High school diploma is required and GED is\naccepted', 1: 'X'}, {0: 'High school diploma is required and GED is not\naccepted', 1: ''}, {0: 'High school diploma or equivalent is not required', 1: ''}]]",<table> <tr> <td> High school diploma is required and GED is <br/> accepted </td> <td> X </td> </tr> <tr> <td> High school diploma is required and GED is not <br/> accepted </td> <td> </td> </tr> <tr> <td> High school diploma or equivalent is not required </td> <td> </td> </tr> </table>,122409,../data/cds-docs/2021-2022/122409.pdf,2021-2022
C,4,C4,Require X,"[[{0: 'Require', 1: 'X'}, {0: 'Recommend', 1: ''}, {0: 'Neither require nor recommend', 1: ''}]]",<table> <tr> <td> Require </td> <td> X </td> </tr> <tr> <td> Recommend </td> <td> </td> </tr> <tr> <td> Neither require nor recommend </td> <td> </td> </tr> </table>,122409,../data/cds-docs/2021-2022/122409.pdf,2021-2022
C,5,C5,Units Units,"[[{0: '', 1: 'Required Units', 2: 'Units\nRecommended'}, {0: 'Total academic units', 1: '15', 2: ''}, {0: 'English', 1: '4', 2: ''}, {0: 'Mathematics', 1: '3', 2: '4'}, {0: 'Science', 1: '2', 2: '3'}, {0: 'Of these, units that must be\nlab', 1: '2', 2: '3'}, {0: 'Foreign language', 1: '2', 2: ''}, {0: 'Social studies', 1: '1', 2: ''}, {0: 'History', 1: '1', 2: ''}, {0: 'Academic electives', 1: '1', 2: ''}, {0: 'Computer Science', 1: '', 2: ''}, {0: 'Visual/Performing Arts', 1: '1', 2: ''}, {0: 'Other (specify)', 1: '', 2: ''}]]","<table> <tr> <td> </td> <td> Required Units </td> <td> Units <br/> Recommended </td> </tr> <tr> <td> Total academic units </td> <td> 15 </td> <td> </td> </tr> <tr> <td> English </td> <td> 4 </td> <td> </td> </tr> <tr> <td> Mathematics </td> <td> 3 </td> <td> 4 </td> </tr> <tr> <td> Science </td> <td> 2 </td> <td> 3 </td> </tr> <tr> <td> Of these, units that must be <br/> lab </td> <td> 2 </td> <td> 3 </td> </tr> <tr> <td> Foreign language </td> <td> 2 </td> <td> </td> </tr> <tr> <td> Social studies </td> <td> 1 </td> <td> </td> </tr> <tr> <td> History </td> <td> 1 </td> <td> </td> </tr> <tr> <td> Academic electives </td> <td> 1 </td> <td> </td> </tr> <tr> <td> Computer Science </td> <td> </td> <td> </td> </tr> <tr> <td> Visual/Performing Arts </td> <td> 1 </td> <td> </td> </tr> <tr> <td> Other (specify) </td> <td> </td> <td> </td> </tr> </table>",122409,../data/cds-docs/2021-2022/122409.pdf,2021-2022
C,7,C7,Very Important Important Considered Not Considered,"[[{0: 'Very Important Important Considered Not Considered', 1: 'Very Important Important Considered Not Considered', 2: 'Very Important Important Considered Not Considered', 3: 'Very Important Important Considered Not Considered', 4: 'Very Important Important Considered Not Considered'}, {0: 'Academic', 1: 'Academic', 2: 'Academic', 3: 'Academic', 4: 'Academic'}, {0: 'Rigor of secondary school\nrecord', 1: 'X', 2: '', 3: '', 4: ''}, {0: 'Class rank', 1: '', 2: '', 3: '', 4: 'X'}, {0: 'Academic GPA', 1: 'X', 2: '', 3: '', 4: ''}, {0: 'Standardized test scores', 1: '', 2: '', 3: '', 4: 'X'}, {0: 'Application Essay', 1: '', 2: '', 3: '', 4: 'X'}, {0: 'Recommendation(s)', 1: '', 2: '', 3: '', 4: 'X'}, {0: 'Nonacademic', 1: 'Nonacademic', 2: 'Nonacademic', 3: 'Nonacademic', 4: 'Nonacademic'}, {0: 'Interview', 1: '', 2: '', 3: '', 4: 'X'}, {0: 'Extracurricular activities', 1: '', 2: '', 3: 'X', 4: ''}, {0: 'Talent/ability', 1: '', 2: '', 3: '', 4: 'X'}, {0: 'Character/personal qualities', 1: '', 2: '', 3: '', 4: 'X'}, {0: 'First generation', 1: '', 2: '', 3: '', 4: 'X'}, {0: 'Alumni/ae relation', 1: '', 2: '', 3: '', 4: 'X'}, {0: 'Geographical residence', 1: '', 2: 'X', 3: '', 4: ''}, {0: 'State residency', 1: '', 2: 'X', 3: '', 4: ''}, {0: 'Religious affiliation/commitment', 1: '', 2: '', 3: '', 4: 'X'}, {0: 'Racial/ethnic status', 1: '', 2: '', 3: '', 4: 'X'}, {0: 'Volunteer work', 1: '', 2: '', 3: '', 4: 'X'}, {0: 'Work experience', 1: '', 2: '', 3: '', 4: 'X'}, {0: 'Level of applicant’s interest', 1: '', 2: '', 3: '', 4: 'X'}]]","<table> <tr> <td colspan=""5""> Very Important Important Considered Not Considered </td> </tr> <tr> <td colspan=""5""> Academic </td> </tr> <tr> <td> Rigor of secondary school <br/> record </td> <td> X </td> <td> </td> <td> </td> <td> </td> </tr> <tr> <td> Class rank </td> <td> </td> <td> </td> <td> </td> <td> X </td> </tr> <tr> <td> Academic GPA </td> <td> X </td> <td> </td> <td> </td> <td> </td> </tr> <tr> <td> Standardized test scores </td> <td> </td> <td> </td> <td> </td> <td> X </td> </tr> <tr> <td> Application Essay </td> <td> </td> <td> </td> <td> </td> <td> X </td> </tr> <tr> <td> Recommendation(s) </td> <td> </td> <td> </td> <td> </td> <td> X </td> </tr> <tr> <td colspan=""5""> Nonacademic </td> </tr> <tr> <td> Interview </td> <td> </td> <td> </td> <td> </td> <td> X </td> </tr> <tr> <td> Extracurricular activities </td> <td> </td> <td> </td> <td> X </td> <td> </td> </tr> <tr> <td> Talent/ability </td> <td> </td> <td> </td> <td> </td> <td> X </td> </tr> <tr> <td> Character/personal qualities </td> <td> </td> <td> </td> <td> </td> <td> X </td> </tr> <tr> <td> First generation </td> <td> </td> <td> </td> <td> </td> <td> X </td> </tr> <tr> <td> Alumni/ae relation </td> <td> </td> <td> </td> <td> </td> <td> X </td> </tr> <tr> <td> Geographical residence </td> <td> </td> <td> X </td> <td> </td> <td> </td> </tr> <tr> <td> State residency </td> <td> </td> <td> X </td> <td> </td> <td> </td> </tr> <tr> <td> Religious affiliation/commitment </td> <td> </td> <td> </td> <td> </td> <td> X </td> </tr> <tr> <td> Racial/ethnic status </td> <td> </td> <td> </td> <td> </td> <td> X </td> </tr> <tr> <td> Volunteer work </td> <td> </td> <td> </td> <td> </td> <td> X </td> </tr> <tr> <td> Work experience </td> <td> </td> <td> </td> <td> </td> <td> X </td> </tr> <tr> <td> Level of applicant’s interest </td> <td> </td> <td> </td> <td> </td> <td> X </td> </tr> </table>",122409,../data/cds-docs/2021-2022/122409.pdf,2021-2022
C,8,C8,Entrance exams,"[[{0: '', 1: 'Yes', 2: 'No'}, {0: 'Does your institution make use of SAT, ACT, or SAT Subject Test\nscores in admission decisions for first-time, first-year, degree-seeking\napplicants?', 1: '', 2: 'X'}], [{0: '', 1: 'ADMISSION', 2: 'ADMISSION', 3: 'ADMISSION', 4: 'ADMISSION', 5: 'ADMISSION'}, {0: '', 1: 'Require', 2: 'Recommend', 3: 'Require for Some', 4: 'Consider if\nSubmitted', 5: 'Not Used'}, {0: 'SAT or ACT', 1: '', 2: '', 3: '', 4: '', 5: 'X'}, {0: 'ACT only', 1: '', 2: '', 3: '', 4: '', 5: ''}, {0: 'SAT only', 1: '', 2: '', 3: '', 4: '', 5: ''}, {0: 'SAT and SAT Subject Tests or\nACT', 1: '', 2: '', 3: '', 4: '', 5: ''}, {0: 'SAT Subject Tests only', 1: '', 2: '', 3: '', 4: '', 5: ''}], [{0: 'Yes', 1: 'No'}, {0: 'X', 1: ''}], [{0: 'Latest date by which SAT or ACT scores must be received for fall-term\nadmission', 1: 'November of senior year'}, {0: 'Latest date by which SAT Subject Test scores must be received for fall\ufffe\nterm admission', 1: 'November of senior year'}], [{0: 'SAT', 1: 'X'}, {0: 'ACT', 1: 'X'}, {0: 'SAT Subject Tests', 1: 'X'}, {0: 'AP', 1: 'X'}, {0: 'CLEP', 1: ''}, {0: 'Institutional Exam', 1: 'X'}, {0: 'State Exam (specify):', 1: ''}]]","<table> <tr> <td> </td> <td> Yes </td> <td> No </td> </tr> <tr> <td> Does your institution make use of SAT, ACT, or SAT Subject Test <br/> scores in admission decisions for first-time, first-year, degree-seeking <br/> applicants? </td> <td> </td> <td> X </td> </tr> </table><div class=""separator""></div><table> <tr> <td> </td> <td colspan=""5""> ADMISSION </td> </tr> <tr> <td> </td> <td> Require </td> <td> Recommend </td> <td> Require for Some </td> <td> Consider if <br/> Submitted </td> <td> Not Used </td> </tr> <tr> <td> SAT or ACT </td> <td> </td> <td> </td> <td> </td> <td> </td> <td> X </td> </tr> <tr> <td> ACT only </td> <td> </td> <td> </td> <td> </td> <td> </td> <td> </td> </tr> <tr> <td> SAT only </td> <td> </td> <td> </td> <td> </td> <td> </td> <td> </td> </tr> <tr> <td> SAT and SAT Subject Tests or <br/> ACT </td> <td> </td> <td> </td> <td> </td> <td> </td> <td> </td> </tr> <tr> <td> SAT Subject Tests only </td> <td> </td> <td> </td> <td> </td> <td> </td> <td> </td> </tr> </table><div class=""separator""></div><table> <tr> <td> Yes </td> <td> No </td> </tr> <tr> <td> X </td> <td> </td> </tr> </table><div class=""separator""></div><table> <tr> <td> Latest date by which SAT or ACT scores must be received for fall-term <br/> admission </td> <td> November of senior year </td> </tr> <tr> <td> Latest date by which SAT Subject Test scores must be received for fall￾ <br/> term admission </td> <td> November of senior year </td> </tr> </table><div class=""separator""></div><table> <tr> <td> SAT </td> <td> X </td> </tr> <tr> <td> ACT </td> <td> X </td> </tr> <tr> <td> SAT Subject Tests </td> <td> X </td> </tr> <tr> <td> AP </td> <td> X </td> </tr> <tr> <td> CLEP </td> <td> </td> </tr> <tr> <td> Institutional Exam </td> <td> X </td> </tr> <tr> <td> State Exam (specify): </td> <td> </td> </tr> </table>",122409,../data/cds-docs/2021-2022/122409.pdf,2021-2022
C,9,C9,Percent submitting SAT scores 13% Number submitting SAT scores 669,"[[{0: 'Percent submitting SAT scores', 1: '13%', 2: 'Number submitting SAT scores', 3: '669'}, {0: 'Percent submitting ACT scores', 1: '6%', 2: 'Number submitting ACT scores', 3: '301'}], [{0: '', 1: '25th Percentile', 2: '75th Percentile'}, {0: 'SAT Composite', 1: '1130', 2: '1320'}, {0: 'SAT Evidence-Based Reading\nand Writing', 1: '560', 2: '660'}, {0: 'SAT Math', 1: '560', 2: '670'}, {0: 'ACT Composite', 1: '22', 2: '29'}, {0: 'ACT Math', 1: '21', 2: '27'}, {0: 'ACT English', 1: '22', 2: '30'}, {0: 'ACT Writing', 1: '0', 2: '0'}], [{0: '', 1: 'SAT Composite', 2: '', 3: ''}, {0: '1400-1600', 1: '10.9%', 2: '', 3: ''}, {0: '1200-1399', 1: '49.2%', 2: '', 3: ''}, {0: '1000-1199', 1: '33.9%', 2: '', 3: ''}, {0: '800-999', 1: '5.5%', 2: '', 3: ''}, {0: '600-799', 1: '0.4%', 2: '', 3: ''}, {0: '400-599', 1: '', 2: '', 3: ''}, {0: 'Totals should = 100%', 1: '100%', 2: '', 3: ''}, {0: '', 1: 'SAT Evidence\ufffe\nBased Reading\nand Writing', 2: 'SAT Math', 3: ''}, {0: '700-800', 1: '12.6%', 2: '16.4%', 3: ''}, {0: '600-699', 1: '46.5%', 2: '42.6%', 3: ''}, {0: '500-599', 1: '35.1%', 2: '34.5%', 3: ''}, {0: '400-499', 1: '5.2%', 2: '5.5%', 3: ''}, {0: '300-399', 1: '0.6%', 2: '0.9%', 3: ''}, {0: '200-299', 1: '', 2: '', 3: ''}, {0: 'Totals should = 100%', 1: '100%', 2: '100%', 3: ''}, {0: '', 1: 'ACT Composite', 2: 'ACT English', 3: 'ACT Math'}, {0: '30-36', 1: '21.6%', 2: '27.2%', 3: '13.3%'}, {0: '24-29', 1: '47.2%', 2: '36.5%', 3: '49.8%'}, {0: '18-23', 1: '26.9%', 2: '28.6%', 3: '26.6%'}, {0: '12-17', 1: '4.3%', 2: '7.6%', 3: '10.3%'}, {0: '6-11', 1: '', 2: '', 3: ''}, {0: 'Below 6', 1: '', 2: '', 3: ''}, {0: 'Totals should = 100%', 1: '100%', 2: '100%', 3: '100%'}]]","<table> <tr> <td> Percent submitting SAT scores </td> <td> 13% </td> <td> Number submitting SAT scores </td> <td> 669 </td> </tr> <tr> <td> Percent submitting ACT scores </td> <td> 6% </td> <td> Number submitting ACT scores </td> <td> 301 </td> </tr> </table><div class=""separator""></div><table> <tr> <td> </td> <td> 25th Percentile </td> <td> 75th Percentile </td> </tr> <tr> <td> SAT Composite </td> <td> 1130 </td> <td> 1320 </td> </tr> <tr> <td> SAT Evidence-Based Reading <br/> and Writing </td> <td> 560 </td> <td> 660 </td> </tr> <tr> <td> SAT Math </td> <td> 560 </td> <td> 670 </td> </tr> <tr> <td> ACT Composite </td> <td> 22 </td> <td> 29 </td> </tr> <tr> <td> ACT Math </td> <td> 21 </td> <td> 27 </td> </tr> <tr> <td> ACT English </td> <td> 22 </td> <td> 30 </td> </tr> <tr> <td> ACT Writing </td> <td> 0 </td> <td> 0 </td> </tr> </table><div class=""separator""></div><table> <tr> <td> </td> <td> SAT Composite </td> <td colspan=""2""> </td> </tr> <tr> <td> 1400-1600 </td> <td> 10.9% </td> <td colspan=""2""> </td> </tr> <tr> <td> 1200-1399 </td> <td> 49.2% </td> <td colspan=""2""> </td> </tr> <tr> <td> 1000-1199 </td> <td> 33.9% </td> <td colspan=""2""> </td> </tr> <tr> <td> 800-999 </td> <td> 5.5% </td> <td colspan=""2""> </td> </tr> <tr> <td> 600-799 </td> <td> 0.4% </td> <td colspan=""2""> </td> </tr> <tr> <td> 400-599 </td> <td> </td> <td colspan=""2""> </td> </tr> <tr> <td> Totals should = 100% </td> <td> 100% </td> <td> </td> <td> </td> </tr> <tr> <td> </td> <td> SAT Evidence￾ <br/> Based Reading <br/> and Writing </td> <td> SAT Math </td> <td> </td> </tr> <tr> <td> 700-800 </td> <td> 12.6% </td> <td> 16.4% </td> <td> </td> </tr> <tr> <td> 600-699 </td> <td> 46.5% </td> <td> 42.6% </td> <td> </td> </tr> <tr> <td> 500-599 </td> <td> 35.1% </td> <td> 34.5% </td> <td> </td> </tr> <tr> <td> 400-499 </td> <td> 5.2% </td> <td> 5.5% </td> <td> </td> </tr> <tr> <td> 300-399 </td> <td> 0.6% </td> <td> 0.9% </td> <td> </td> </tr> <tr> <td> 200-299 </td> <td> </td> <td> </td> <td> </td> </tr> <tr> <td> Totals should = 100% </td> <td> 100% </td> <td> 100% </td> <td> </td> </tr> <tr> <td> </td> <td> ACT Composite </td> <td> ACT English </td> <td> ACT Math </td> </tr> <tr> <td> 30-36 </td> <td> 21.6% </td> <td> 27.2% </td> <td> 13.3% </td> </tr> <tr> <td> 24-29 </td> <td> 47.2% </td> <td> 36.5% </td> <td> 49.8% </td> </tr> <tr> <td> 18-23 </td> <td> 26.9% </td> <td> 28.6% </td> <td> 26.6% </td> </tr> <tr> <td> 12-17 </td> <td> 4.3% </td> <td> 7.6% </td> <td> 10.3% </td> </tr> <tr> <td> 6-11 </td> <td> </td> <td> </td> <td> </td> </tr> <tr> <td> Below 6 </td> <td> </td> <td> </td> <td> </td> </tr> <tr> <td> Totals should = 100% </td> <td> 100% </td> <td> 100% </td> <td> 100% </td> </tr> </table>",122409,../data/cds-docs/2021-2022/122409.pdf,2021-2022
C,10,C10,Percent in top quarter of high school graduating class 61%,"[[{0: 'Percent in top tenth of high school graduating class', 1: '24%', 2: ''}, {0: 'Percent in top quarter of high school graduating class', 1: '61%', 2: ''}, {0: 'Percent in top half of high school graduating class', 1: '91%', 2: ''}, {0: 'Percent in bottom half of high school graduating class', 1: '9%', 2: ''}, {0: 'Percent in bottom quarter of high school graduating class', 1: '0%', 2: ''}, {0: 'Percent of total first-time, first-year (freshmen) students who submitted high school class\nrank:', 1: 'Percent of total first-time, first-year (freshmen) students who submitted high school class\nrank:', 2: '42%'}]]","<table> <tr> <td> Percent in top tenth of high school graduating class </td> <td> 24% </td> <td> </td> </tr> <tr> <td> Percent in top quarter of high school graduating class </td> <td> 61% </td> <td> </td> </tr> <tr> <td> Percent in top half of high school graduating class </td> <td> 91% </td> <td> </td> </tr> <tr> <td> Percent in bottom half of high school graduating class </td> <td> 9% </td> <td> </td> </tr> <tr> <td> Percent in bottom quarter of high school graduating class </td> <td> 0% </td> <td> </td> </tr> <tr> <td colspan=""2""> Percent of total first-time, first-year (freshmen) students who submitted high school class <br/> rank: </td> <td> 42% </td> </tr> </table>",122409,../data/cds-docs/2021-2022/122409.pdf,2021-2022
C,11,C11,Percent who had GPA of 4.0 33.8%,"[[{0: 'Percent who had GPA of 4.0', 1: '33.8%'}, {0: 'Percent who had GPA between 3.75 and 3.99', 1: '31.5%'}, {0: 'Percent who had GPA between 3.50 and 3.74', 1: '19.6%'}, {0: 'Percent who had GPA between 3.25 and 3.49', 1: '9.6%'}, {0: 'Percent who had GPA between 3.00 and 3.24', 1: '4.1%'}, {0: 'Percent who had GPA between 2.50 and 2.99', 1: '1.25%'}, {0: 'Percent who had GPA between 2.0 and 2.49', 1: '0.17%'}, {0: 'Percent who had GPA between 1.0 and 1.99', 1: ''}, {0: 'Percent who had GPA below 1.0', 1: ''}, {0: 'Totals should = 100%', 1: '100%'}]]",<table> <tr> <td> Percent who had GPA of 4.0 </td> <td> 33.8% </td> </tr> <tr> <td> Percent who had GPA between 3.75 and 3.99 </td> <td> 31.5% </td> </tr> <tr> <td> Percent who had GPA between 3.50 and 3.74 </td> <td> 19.6% </td> </tr> <tr> <td> Percent who had GPA between 3.25 and 3.49 </td> <td> 9.6% </td> </tr> <tr> <td> Percent who had GPA between 3.00 and 3.24 </td> <td> 4.1% </td> </tr> <tr> <td> Percent who had GPA between 2.50 and 2.99 </td> <td> 1.25% </td> </tr> <tr> <td> Percent who had GPA between 2.0 and 2.49 </td> <td> 0.17% </td> </tr> <tr> <td> Percent who had GPA between 1.0 and 1.99 </td> <td> </td> </tr> <tr> <td> Percent who had GPA below 1.0 </td> <td> </td> </tr> <tr> <td> Totals should = 100% </td> <td> 100% </td> </tr> </table>,122409,../data/cds-docs/2021-2022/122409.pdf,2021-2022
C,12,C12,"Average high school GPA of all degree-seeking, first-time, first-year","[[{0: 'Average high school GPA of all degree-seeking, first-time, first-year\n(freshman) students who submitted GPA:', 1: '3.82'}, {0: 'Percent of total first-time, first-year (freshman) students who submitted\nhigh school GPA:', 1: '100%'}]]","<table> <tr> <td> Average high school GPA of all degree-seeking, first-time, first-year <br/> (freshman) students who submitted GPA: </td> <td> 3.82 </td> </tr> <tr> <td> Percent of total first-time, first-year (freshman) students who submitted <br/> high school GPA: </td> <td> 100% </td> </tr> </table>",122409,../data/cds-docs/2021-2022/122409.pdf,2021-2022
C,13,C13,Yes No,"[[{0: '', 1: 'Yes', 2: 'No'}, {0: 'Does your institution have an\napplication fee?', 1: 'X', 2: ''}, {0: 'Amount of application fee:', 1: '$70.00', 2: ''}, {0: '', 1: 'Yes', 2: 'No'}, {0: 'Can it be waived for applicants', 1: 'X', 2: ''}], [{0: '', 1: 'Yes', 2: 'No'}, {0: 'Can on-line application fee be\nwaived for applicants with\nfinancial need?', 1: 'X', 2: ''}]]","<table> <tr> <td> </td> <td> Yes </td> <td> No </td> </tr> <tr> <td> Does your institution have an <br/> application fee? </td> <td> X </td> <td> </td> </tr> <tr> <td> Amount of application fee: </td> <td> $70.00 </td> <td> </td> </tr> <tr> <td> </td> <td> Yes </td> <td> No </td> </tr> <tr> <td> Can it be waived for applicants </td> <td> X </td> <td> </td> </tr> </table><div class=""separator""></div><table> <tr> <td> </td> <td> Yes </td> <td> No </td> </tr> <tr> <td> Can on-line application fee be <br/> waived for applicants with <br/> financial need? </td> <td> X </td> <td> </td> </tr> </table>",122409,../data/cds-docs/2021-2022/122409.pdf,2021-2022
C,14,C14,Yes No,"[[{0: '', 1: 'Yes', 2: 'No'}, {0: 'Does your institution have an\napplication closing date?', 1: 'X', 2: ''}, {0: 'Application closing date (fall):', 1: '11/30', 2: ''}, {0: 'Priority date:', 1: '', 2: ''}]]",<table> <tr> <td> </td> <td> Yes </td> <td> No </td> </tr> <tr> <td> Does your institution have an <br/> application closing date? </td> <td> X </td> <td> </td> </tr> <tr> <td> Application closing date (fall): </td> <td> 11/30 </td> <td> </td> </tr> <tr> <td> Priority date: </td> <td> </td> <td> </td> </tr> </table>,122409,../data/cds-docs/2021-2022/122409.pdf,2021-2022
C,15,C15,Yes No,"[[{0: '', 1: 'Yes', 2: 'No'}, {0: 'Are first-time, first-year students accepted for terms other than\nthe fall?', 1: '', 2: 'X'}]]","<table> <tr> <td> </td> <td> Yes </td> <td> No </td> </tr> <tr> <td> Are first-time, first-year students accepted for terms other than <br/> the fall? </td> <td> </td> <td> X </td> </tr> </table>",122409,../data/cds-docs/2021-2022/122409.pdf,2021-2022
C,16,C16,On a rolling basis beginning,"[[{0: 'On a rolling basis beginning\n(date):', 1: ''}, {0: 'By (date):', 1: 'March'}, {0: 'Other:', 1: 'Other:'}]]","<table> <tr> <td> On a rolling basis beginning <br/> (date): </td> <td> </td> </tr> <tr> <td> By (date): </td> <td> March </td> </tr> <tr> <td colspan=""2""> Other: </td> </tr> </table>",122409,../data/cds-docs/2021-2022/122409.pdf,2021-2022
C,17,C17,Must reply by (date): 5/1,"[[{0: 'Must reply by (date):', 1: '5/1', 2: ''}, {0: 'No set date:', 1: '', 2: ''}, {0: 'Must reply by May 1 or within\n_____ weeks if notified', 1: '', 2: ''}, {0: 'Other:', 1: 'Other:', 2: ''}, {0: 'Deadline for housing deposit (MM/DD):', 1: 'Deadline for housing deposit (MM/DD):', 2: '5/1'}, {0: 'Amount of housing deposit:', 1: 'Amount of housing deposit:', 2: '$375.00'}, {0: 'Refundable if student does not enroll?', 1: 'Refundable if student does not enroll?', 2: ''}, {0: 'Yes, in full', 1: '', 2: ''}, {0: 'Yes, in part', 1: '', 2: ''}, {0: 'No', 1: 'X', 2: 'http://housing.sdsu.edu'}]]","<table> <tr> <td> Must reply by (date): </td> <td> 5/1 </td> <td> </td> </tr> <tr> <td> No set date: </td> <td> </td> <td> </td> </tr> <tr> <td> Must reply by May 1 or within <br/> _____ weeks if notified </td> <td> </td> <td> </td> </tr> <tr> <td colspan=""2""> Other: </td> <td> </td> </tr> <tr> <td colspan=""2""> Deadline for housing deposit (MM/DD): </td> <td> 5/1 </td> </tr> <tr> <td colspan=""2""> Amount of housing deposit: </td> <td> $375.00 </td> </tr> <tr> <td colspan=""2""> Refundable if student does not enroll? </td> <td> </td> </tr> <tr> <td> Yes, in full </td> <td> </td> <td> </td> </tr> <tr> <td> Yes, in part </td> <td> </td> <td> </td> </tr> <tr> <td> No </td> <td> X </td> <td> http://housing.sdsu.edu </td> </tr> </table>",122409,../data/cds-docs/2021-2022/122409.pdf,2021-2022
C,18,C18,Yes No,"[[{0: '', 1: 'Yes', 2: 'No'}, {0: 'Does your institution allow students to postpone enrollment after\nadmission?', 1: 'X', 2: ''}]]",<table> <tr> <td> </td> <td> Yes </td> <td> No </td> </tr> <tr> <td> Does your institution allow students to postpone enrollment after <br/> admission? </td> <td> X </td> <td> </td> </tr> </table>,122409,../data/cds-docs/2021-2022/122409.pdf,2021-2022
C,19,C19,Yes No,"[[{0: '', 1: 'Yes', 2: 'No'}, {0: 'Does your institution allow high school students to enroll as full-time,\nfirst-time, first-year (freshman) students one year or more before high\nschool graduation?', 1: '', 2: 'X'}]]","<table> <tr> <td> </td> <td> Yes </td> <td> No </td> </tr> <tr> <td> Does your institution allow high school students to enroll as full-time, <br/> first-time, first-year (freshman) students one year or more before high <br/> school graduation? </td> <td> </td> <td> X </td> </tr> </table>",122409,../data/cds-docs/2021-2022/122409.pdf,2021-2022
C,21,C21,Yes No,"[[{0: '', 1: 'Yes', 2: 'No'}, {0: 'Does your institution offer an early decision plan (an admission plan\nthat permits students to apply and be notified of an admission decision\nwell in advance of the regular notification date and that asks students\nto commit to attending if accepted) for first-time, first-year (freshman)\napplicants for fall enrollment?', 1: '', 2: 'X'}]]","<table> <tr> <td> </td> <td> Yes </td> <td> No </td> </tr> <tr> <td> Does your institution offer an early decision plan (an admission plan <br/> that permits students to apply and be notified of an admission decision <br/> well in advance of the regular notification date and that asks students <br/> to commit to attending if accepted) for first-time, first-year (freshman) <br/> applicants for fall enrollment? </td> <td> </td> <td> X </td> </tr> </table>",122409,../data/cds-docs/2021-2022/122409.pdf,2021-2022
C,22,C22,Yes No,"[[{0: '', 1: 'Yes', 2: 'No'}, {0: 'Do you have a nonbinding early action plan whereby students are\nnotified of an admission decision well in advance of the regular\nnotification date but do not have to commit to attending your college?', 1: '', 2: 'X'}]]",<table> <tr> <td> </td> <td> Yes </td> <td> No </td> </tr> <tr> <td> Do you have a nonbinding early action plan whereby students are <br/> notified of an admission decision well in advance of the regular <br/> notification date but do not have to commit to attending your college? </td> <td> </td> <td> X </td> </tr> </table>,122409,../data/cds-docs/2021-2022/122409.pdf,2021-2022
D,1,D1,Yes No,"[[{0: '', 1: 'Yes', 2: 'No'}, {0: 'Does your institution enroll transfer students? (If no,\nplease skip to Section E)', 1: 'X', 2: ''}, {0: 'If yes, may transfer students earn advanced standing credit\nby transferring credits earned from course work completed\nat other colleges/universities?', 1: 'X', 2: ''}]]","<table> <tr> <td> </td> <td> Yes </td> <td> No </td> </tr> <tr> <td> Does your institution enroll transfer students? (If no, <br/> please skip to Section E) </td> <td> X </td> <td> </td> </tr> <tr> <td> If yes, may transfer students earn advanced standing credit <br/> by transferring credits earned from course work completed <br/> at other colleges/universities? </td> <td> X </td> <td> </td> </tr> </table>",122409,../data/cds-docs/2021-2022/122409.pdf,2021-2022
D,2,D2,Applicants Admitted Enrolled,"[[{0: '', 1: 'Applicants', 2: 'Admitted', 3: 'Enrolled'}, {0: 'Men', 1: '11,308', 2: '3,216', 3: '1,680'}, {0: 'Women', 1: '14,369', 2: '4,415', 3: '2,200'}, {0: 'Total', 1: '25,677', 2: '7,631', 3: '3,880'}]]","<table> <tr> <td> </td> <td> Applicants </td> <td> Admitted </td> <td> Enrolled </td> </tr> <tr> <td> Men </td> <td> 11,308 </td> <td> 3,216 </td> <td> 1,680 </td> </tr> <tr> <td> Women </td> <td> 14,369 </td> <td> 4,415 </td> <td> 2,200 </td> </tr> <tr> <td> Total </td> <td> 25,677 </td> <td> 7,631 </td> <td> 3,880 </td> </tr> </table>",122409,../data/cds-docs/2021-2022/122409.pdf,2021-2022
D,3,D3,Fall X,"[[{0: 'Fall', 1: 'X'}, {0: 'Winter', 1: ''}, {0: 'Spring', 1: ''}, {0: 'Summer', 1: ''}]]",<table> <tr> <td> Fall </td> <td> X </td> </tr> <tr> <td> Winter </td> <td> </td> </tr> <tr> <td> Spring </td> <td> </td> </tr> <tr> <td> Summer </td> <td> </td> </tr> </table>,122409,../data/cds-docs/2021-2022/122409.pdf,2021-2022
D,4,D4,Yes No,"[[{0: '', 1: 'Yes', 2: 'No'}, {0: 'Must a transfer applicant have a minimum number of\ncredits completed or else must apply as an entering\nfreshman?', 1: 'X', 2: ''}, {0: 'If yes, what is the minimum number of credits and the unit\nof measure?', 1: '60 semester', 2: ''}]]","<table> <tr> <td> </td> <td> Yes </td> <td> No </td> </tr> <tr> <td> Must a transfer applicant have a minimum number of <br/> credits completed or else must apply as an entering <br/> freshman? </td> <td> X </td> <td> </td> </tr> <tr> <td> If yes, what is the minimum number of credits and the unit <br/> of measure? </td> <td> 60 semester </td> <td> </td> </tr> </table>",122409,../data/cds-docs/2021-2022/122409.pdf,2021-2022
D,9,D9,Rolling,"[[{0: '', 1: 'Priority Date', 2: 'Closing Date', 3: 'Notification Date', 4: 'Reply Date', 5: 'Rolling\nAdmission'}, {0: 'Fall', 1: '', 2: '11/30', 3: 'March', 4: '5/1', 5: ''}, {0: 'Winter', 1: '', 2: '', 3: '', 4: '', 5: ''}, {0: 'Spring', 1: '', 2: '', 3: '', 4: '', 5: ''}, {0: 'Summer', 1: '', 2: '', 3: '', 4: '', 5: ''}]]",<table> <tr> <td> </td> <td> Priority Date </td> <td> Closing Date </td> <td> Notification Date </td> <td> Reply Date </td> <td> Rolling <br/> Admission </td> </tr> <tr> <td> Fall </td> <td> </td> <td> 11/30 </td> <td> March </td> <td> 5/1 </td> <td> </td> </tr> <tr> <td> Winter </td> <td> </td> <td> </td> <td> </td> <td> </td> <td> </td> </tr> <tr> <td> Spring </td> <td> </td> <td> </td> <td> </td> <td> </td> <td> </td> </tr> <tr> <td> Summer </td> <td> </td> <td> </td> <td> </td> <td> </td> <td> </td> </tr> </table>,122409,../data/cds-docs/2021-2022/122409.pdf,2021-2022
D,10,D10,Yes No,"[[{0: '', 1: 'Yes', 2: 'No'}, {0: 'Does an open admission policy, if reported, apply to\ntransfer students?', 1: '', 2: 'n/a'}]]","<table> <tr> <td> </td> <td> Yes </td> <td> No </td> </tr> <tr> <td> Does an open admission policy, if reported, apply to <br/> transfer students? </td> <td> </td> <td> n/a </td> </tr> </table>",122409,../data/cds-docs/2021-2022/122409.pdf,2021-2022
D,13,D13,Number Unit Type,"[[{0: '', 1: 'Number', 2: 'Unit Type'}, {0: 'Maximum number of credits or courses that may be\ntransferred from a two-year institution:', 1: '70', 2: 'semester'}]]",<table> <tr> <td> </td> <td> Number </td> <td> Unit Type </td> </tr> <tr> <td> Maximum number of credits or courses that may be <br/> transferred from a two-year institution: </td> <td> 70 </td> <td> semester </td> </tr> </table>,122409,../data/cds-docs/2021-2022/122409.pdf,2021-2022
D,14,D14,Number Unit Type,"[[{0: '', 1: 'Number', 2: 'Unit Type'}, {0: 'Maximum number of credits or courses that may be\ntransferred from a four-year institution:', 1: 'No limit', 2: 'semester'}]]",<table> <tr> <td> </td> <td> Number </td> <td> Unit Type </td> </tr> <tr> <td> Maximum number of credits or courses that may be <br/> transferred from a four-year institution: </td> <td> No limit </td> <td> semester </td> </tr> </table>,122409,../data/cds-docs/2021-2022/122409.pdf,2021-2022
D,18,D18,Does your institution accept the following military/veteran transfer credits:,"[[{0: '', 1: 'Yes', 2: 'No'}, {0: 'American Council on Education (ACE)', 1: 'X', 2: ''}, {0: 'College Level Examination Program (CLEP)', 1: 'X', 2: ''}, {0: 'DANTES Subject Standardized Tests (DSST)', 1: 'X', 2: ''}]]",<table> <tr> <td> </td> <td> Yes </td> <td> No </td> </tr> <tr> <td> American Council on Education (ACE) </td> <td> X </td> <td> </td> </tr> <tr> <td> College Level Examination Program (CLEP) </td> <td> X </td> <td> </td> </tr> <tr> <td> DANTES Subject Standardized Tests (DSST) </td> <td> X </td> <td> </td> </tr> </table>,122409,../data/cds-docs/2021-2022/122409.pdf,2021-2022
D,19,D19,Number Unit Type,"[[{0: '', 1: 'Number', 2: 'Unit Type'}, {0: 'Maximum number of credits or courses that may be\ntransferred based on military education evaluated by the\nAmerican Council on Education (ACE):', 1: 'No Limit', 2: 'Semester\nCredit'}]]",<table> <tr> <td> </td> <td> Number </td> <td> Unit Type </td> </tr> <tr> <td> Maximum number of credits or courses that may be <br/> transferred based on military education evaluated by the <br/> American Council on Education (ACE): </td> <td> No Limit </td> <td> Semester <br/> Credit </td> </tr> </table>,122409,../data/cds-docs/2021-2022/122409.pdf,2021-2022
D,20,D20,Number Unit Type,"[[{0: '', 1: 'Number', 2: 'Unit Type'}, {0: 'Maximum number of credits or courses that may be\ntransferred based on Department of Defense supported\nprior learning assessments (College Level Examination\nProgram (CLEP) or DANTES Subject Standardized Tests\n(DSST)):', 1: '24 30 DSST CLEP', 2: 'Semester\nCredit'}], [{0: '', 1: 'Yes', 2: 'No'}, {0: 'Are the military/veteran credit transfer policies on your\nwebsite?', 1: 'X', 2: ''}]]","<table> <tr> <td> </td> <td> Number </td> <td> Unit Type </td> </tr> <tr> <td> Maximum number of credits or courses that may be <br/> transferred based on Department of Defense supported <br/> prior learning assessments (College Level Examination <br/> Program (CLEP) or DANTES Subject Standardized Tests <br/> (DSST)): </td> <td> 24 30 DSST CLEP </td> <td> Semester <br/> Credit </td> </tr> </table><div class=""separator""></div><table> <tr> <td> </td> <td> Yes </td> <td> No </td> </tr> <tr> <td> Are the military/veteran credit transfer policies on your <br/> website? </td> <td> X </td> <td> </td> </tr> </table>",122409,../data/cds-docs/2021-2022/122409.pdf,2021-2022
E,1,E1,Accelerated program,"[[{0: 'Accelerated program', 1: ''}, {0: 'Cooperative education program', 1: ''}, {0: 'Cross-registration', 1: 'X'}, {0: 'Distance learning', 1: 'X'}, {0: 'Double major', 1: 'X'}, {0: 'Dual enrollment', 1: ''}, {0: 'English as a Second Language (ESL)', 1: 'X'}, {0: 'Exchange student program (domestic)', 1: 'X'}, {0: 'External degree program', 1: 'X'}, {0: 'Honors Program', 1: 'X'}, {0: 'Independent study', 1: 'X'}, {0: 'Internships', 1: 'X'}, {0: 'Liberal arts/career combination', 1: 'X'}, {0: 'Student-designed major', 1: 'X'}, {0: 'Study abroad', 1: 'X'}, {0: 'Teacher certification program', 1: 'X'}, {0: 'Weekend college', 1: ''}, {0: 'Other (specify):', 1: ''}]]",<table> <tr> <td> Accelerated program </td> <td> </td> </tr> <tr> <td> Cooperative education program </td> <td> </td> </tr> <tr> <td> Cross-registration </td> <td> X </td> </tr> <tr> <td> Distance learning </td> <td> X </td> </tr> <tr> <td> Double major </td> <td> X </td> </tr> <tr> <td> Dual enrollment </td> <td> </td> </tr> <tr> <td> English as a Second Language (ESL) </td> <td> X </td> </tr> <tr> <td> Exchange student program (domestic) </td> <td> X </td> </tr> <tr> <td> External degree program </td> <td> X </td> </tr> <tr> <td> Honors Program </td> <td> X </td> </tr> <tr> <td> Independent study </td> <td> X </td> </tr> <tr> <td> Internships </td> <td> X </td> </tr> <tr> <td> Liberal arts/career combination </td> <td> X </td> </tr> <tr> <td> Student-designed major </td> <td> X </td> </tr> <tr> <td> Study abroad </td> <td> X </td> </tr> <tr> <td> Teacher certification program </td> <td> X </td> </tr> <tr> <td> Weekend college </td> <td> </td> </tr> <tr> <td> Other (specify): </td> <td> </td> </tr> </table>,122409,../data/cds-docs/2021-2022/122409.pdf,2021-2022
E,3,E3,Arts/fine arts X,"[[{0: 'Arts/fine arts', 1: 'X'}, {0: 'Computer lit\neracy', 1: ''}, {0: 'English (including composition)', 1: 'X'}, {0: 'Foreign languages', 1: 'X'}, {0: 'History', 1: 'X'}, {0: 'Humanities', 1: 'X'}, {0: 'Mathematics', 1: 'X'}, {0: 'Philosophy', 1: 'X'}, {0: 'Sciences (biological or physical)', 1: 'X'}, {0: 'Social science', 1: 'X'}, {0: 'Other (describe):', 1: ''}]]",<table> <tr> <td> Arts/fine arts </td> <td> X </td> </tr> <tr> <td> Computer lit <br/> eracy </td> <td> </td> </tr> <tr> <td> English (including composition) </td> <td> X </td> </tr> <tr> <td> Foreign languages </td> <td> X </td> </tr> <tr> <td> History </td> <td> X </td> </tr> <tr> <td> Humanities </td> <td> X </td> </tr> <tr> <td> Mathematics </td> <td> X </td> </tr> <tr> <td> Philosophy </td> <td> X </td> </tr> <tr> <td> Sciences (biological or physical) </td> <td> X </td> </tr> <tr> <td> Social science </td> <td> X </td> </tr> <tr> <td> Other (describe): </td> <td> </td> </tr> </table>,122409,../data/cds-docs/2021-2022/122409.pdf,2021-2022
F,1,F1,"First-time, first-year","[[{0: '', 1: 'First-time, first-year\n(freshman)\nstudents', 2: 'Undergraduates'}, {0: 'Percent who are from out of state (exclude\ninternational/nonresident aliens from the numerator\nand denominator)', 1: '25%', 2: '13%'}, {0: 'Percent of men who join fraternities', 1: '14%', 2: '9%'}, {0: 'Percent of women who join sororities', 1: '15%', 2: '12%'}, {0: 'Percent who live in college-owned, -operated, or -\naffiliated housing', 1: '74%', 2: '19%'}, {0: 'Percent who live off campus or commute', 1: '26%', 2: '81%'}, {0: 'Percent of students age 25 and older', 1: '0%', 2: '12%'}, {0: 'Average age of full-time students', 1: '18', 2: '21'}, {0: 'Average age of all students (full- and part-time)', 1: '18', 2: '22'}]]","<table> <tr> <td> </td> <td> First-time, first-year <br/> (freshman) <br/> students </td> <td> Undergraduates </td> </tr> <tr> <td> Percent who are from out of state (exclude <br/> international/nonresident aliens from the numerator <br/> and denominator) </td> <td> 25% </td> <td> 13% </td> </tr> <tr> <td> Percent of men who join fraternities </td> <td> 14% </td> <td> 9% </td> </tr> <tr> <td> Percent of women who join sororities </td> <td> 15% </td> <td> 12% </td> </tr> <tr> <td> Percent who live in college-owned, -operated, or - <br/> affiliated housing </td> <td> 74% </td> <td> 19% </td> </tr> <tr> <td> Percent who live off campus or commute </td> <td> 26% </td> <td> 81% </td> </tr> <tr> <td> Percent of students age 25 and older </td> <td> 0% </td> <td> 12% </td> </tr> <tr> <td> Average age of full-time students </td> <td> 18 </td> <td> 21 </td> </tr> <tr> <td> Average age of all students (full- and part-time) </td> <td> 18 </td> <td> 22 </td> </tr> </table>",122409,../data/cds-docs/2021-2022/122409.pdf,2021-2022
F,2,F2,Campus Ministries X,"[[{0: 'Campus Ministries', 1: 'X'}, {0: 'Choral groups', 1: 'X'}, {0: 'Concert band', 1: 'X'}, {0: 'Dance', 1: 'X'}, {0: 'Drama/theater', 1: 'X'}, {0: 'International Student', 1: 'X'}, {0: 'Jazz band', 1: 'X'}, {0: 'Literary magazine', 1: 'X'}, {0: 'Marching band', 1: 'X'}, {0: 'Model UN', 1: ''}, {0: 'Music ensembles', 1: 'X'}, {0: 'Musical theater', 1: 'X'}, {0: 'Opera', 1: 'X'}, {0: 'Pep band', 1: 'X'}, {0: 'Radio station', 1: 'X'}, {0: 'Student government', 1: 'X'}, {0: 'Student newspaper', 1: 'X'}, {0: 'Student-run film society', 1: 'X'}, {0: 'Symphony orchestra', 1: 'X'}, {0: 'Television station', 1: 'X'}, {0: 'Yearbook', 1: ''}]]",<table> <tr> <td> Campus Ministries </td> <td> X </td> </tr> <tr> <td> Choral groups </td> <td> X </td> </tr> <tr> <td> Concert band </td> <td> X </td> </tr> <tr> <td> Dance </td> <td> X </td> </tr> <tr> <td> Drama/theater </td> <td> X </td> </tr> <tr> <td> International Student </td> <td> X </td> </tr> <tr> <td> Jazz band </td> <td> X </td> </tr> <tr> <td> Literary magazine </td> <td> X </td> </tr> <tr> <td> Marching band </td> <td> X </td> </tr> <tr> <td> Model UN </td> <td> </td> </tr> <tr> <td> Music ensembles </td> <td> X </td> </tr> <tr> <td> Musical theater </td> <td> X </td> </tr> <tr> <td> Opera </td> <td> X </td> </tr> <tr> <td> Pep band </td> <td> X </td> </tr> <tr> <td> Radio station </td> <td> X </td> </tr> <tr> <td> Student government </td> <td> X </td> </tr> <tr> <td> Student newspaper </td> <td> X </td> </tr> <tr> <td> Student-run film society </td> <td> X </td> </tr> <tr> <td> Symphony orchestra </td> <td> X </td> </tr> <tr> <td> Television station </td> <td> X </td> </tr> <tr> <td> Yearbook </td> <td> </td> </tr> </table>,122409,../data/cds-docs/2021-2022/122409.pdf,2021-2022
F,3,F3,At Cooperating Name of Cooperating,"[[{0: '', 1: 'On Campus', 2: 'At Cooperating\nInstitution', 3: 'Name of Cooperating\nInstitution'}, {0: 'Army ROTC is offered:', 1: 'X', 2: '', 3: ''}, {0: 'Naval ROTC is offered:', 1: '', 2: 'X', 3: 'University of San Diego'}, {0: 'Air Force ROTC is offered:', 1: 'X', 2: '', 3: ''}]]",<table> <tr> <td> </td> <td> On Campus </td> <td> At Cooperating <br/> Institution </td> <td> Name of Cooperating <br/> Institution </td> </tr> <tr> <td> Army ROTC is offered: </td> <td> X </td> <td> </td> <td> </td> </tr> <tr> <td> Naval ROTC is offered: </td> <td> </td> <td> X </td> <td> University of San Diego </td> </tr> <tr> <td> Air Force ROTC is offered: </td> <td> X </td> <td> </td> <td> </td> </tr> </table>,122409,../data/cds-docs/2021-2022/122409.pdf,2021-2022
F,4,F4,Coed dorms X,"[[{0: 'Coed dorms', 1: 'X'}, {0: ""Men's dorms"", 1: ''}, {0: ""Women's dorms"", 1: ''}, {0: 'Apartments for married students', 1: ''}, {0: 'Apartments for single students', 1: 'X'}, {0: 'Special housing for disabled\nstudents', 1: 'X'}, {0: 'Special housing for international\nstudents', 1: 'X'}, {0: 'Fraternity/sorority housing', 1: 'X'}, {0: 'Cooperative housing', 1: ''}, {0: 'Theme housing', 1: 'X'}, {0: 'Wellness housing', 1: 'X'}, {0: 'Other housing options (specify):\nX\nhttp://housing.sdsu.edu/', 1: 'X'}, {0: 'Other housing options (specify):\nX\nhttp://housing.sdsu.edu/', 1: 'Other housing options (specify):\nX\nhttp://housing.sdsu.edu/'}]]","<table> <tr> <td> Coed dorms </td> <td> X </td> </tr> <tr> <td> Men's dorms </td> <td> </td> </tr> <tr> <td> Women's dorms </td> <td> </td> </tr> <tr> <td> Apartments for married students </td> <td> </td> </tr> <tr> <td> Apartments for single students </td> <td> X </td> </tr> <tr> <td> Special housing for disabled <br/> students </td> <td> X </td> </tr> <tr> <td> Special housing for international <br/> students </td> <td> X </td> </tr> <tr> <td> Fraternity/sorority housing </td> <td> X </td> </tr> <tr> <td> Cooperative housing </td> <td> </td> </tr> <tr> <td> Theme housing </td> <td> X </td> </tr> <tr> <td> Wellness housing </td> <td> X </td> </tr> <tr> <td rowspan=""2""> Other housing options (specify): <br/> X <br/> http://housing.sdsu.edu/ </td> <td> X </td> </tr> <tr> <td> Other housing options (specify): <br/> X <br/> http://housing.sdsu.edu/ </td> </tr> </table>",122409,../data/cds-docs/2021-2022/122409.pdf,2021-2022
G,1,G1,First-Year Undergraduates,"[[{0: '', 1: 'First-Year', 2: 'Undergraduates'}, {0: 'PRIVATE INSTITUTIONS\nTuition:', 1: '', 2: ''}, {0: 'PUBLIC INSTITUTIONS\nTuition:\nIn-district', 1: '$5,742', 2: '$5,742'}, {0: 'PUBLIC INSTITUTIONS\nIn-state (out-of-district):', 1: '$5,742', 2: '$5,742'}, {0: 'PUBLIC INSTITUTIONS\nOut-of-state:', 1: '$17,622', 2: '$17,622'}, {0: 'NONRESIDENT ALIENS\nTuition:', 1: '$17,622', 2: '$17,622'}, {0: 'REQUIRED FEES: $2,394 $2,394', 1: 'REQUIRED FEES: $2,394 $2,394', 2: 'REQUIRED FEES: $2,394 $2,394'}, {0: 'ROOM AND BOARD:', 1: '$20,902', 2: '$20,902'}, {0: 'ROOM ONLY:', 1: '', 2: ''}, {0: 'BOARD ONLY:', 1: '', 2: ''}]]","<table> <tr> <td> </td> <td> First-Year </td> <td> Undergraduates </td> </tr> <tr> <td> PRIVATE INSTITUTIONS <br/> Tuition: </td> <td> </td> <td> </td> </tr> <tr> <td> PUBLIC INSTITUTIONS <br/> Tuition: <br/> In-district </td> <td> $5,742 </td> <td> $5,742 </td> </tr> <tr> <td> PUBLIC INSTITUTIONS <br/> In-state (out-of-district): </td> <td> $5,742 </td> <td> $5,742 </td> </tr> <tr> <td> PUBLIC INSTITUTIONS <br/> Out-of-state: </td> <td> $17,622 </td> <td> $17,622 </td> </tr> <tr> <td> NONRESIDENT ALIENS <br/> Tuition: </td> <td> $17,622 </td> <td> $17,622 </td> </tr> <tr> <td colspan=""3""> REQUIRED FEES: $2,394 $2,394 </td> </tr> <tr> <td> ROOM AND BOARD: </td> <td> $20,902 </td> <td> $20,902 </td> </tr> <tr> <td> ROOM ONLY: </td> <td> </td> <td> </td> </tr> <tr> <td> BOARD ONLY: </td> <td> </td> <td> </td> </tr> </table>",122409,../data/cds-docs/2021-2022/122409.pdf,2021-2022
G,2,G2,Minimum Maximum,"[[{0: '', 1: 'Minimum', 2: 'Maximum'}, {0: 'Number of credits per term a student can take for the\nstated full-time tuition', 1: '6.1', 2: '+'}]]",<table> <tr> <td> </td> <td> Minimum </td> <td> Maximum </td> </tr> <tr> <td> Number of credits per term a student can take for the <br/> stated full-time tuition </td> <td> 6.1 </td> <td> + </td> </tr> </table>,122409,../data/cds-docs/2021-2022/122409.pdf,2021-2022
G,3,G3,Yes No,"[[{0: '', 1: 'Yes', 2: 'No'}, {0: 'Do tuition and fees vary by year of study (e.g., sophomore,\njunior, senior)?', 1: '', 2: 'X'}]]","<table> <tr> <td> </td> <td> Yes </td> <td> No </td> </tr> <tr> <td> Do tuition and fees vary by year of study (e.g., sophomore, <br/> junior, senior)? </td> <td> </td> <td> X </td> </tr> </table>",122409,../data/cds-docs/2021-2022/122409.pdf,2021-2022
G,4,G4,Yes No,"[[{0: '', 1: 'Yes', 2: 'No'}, {0: 'Do tuition and fees vary by undergraduate instructional\nprogram?', 1: '', 2: 'X'}]]",<table> <tr> <td> </td> <td> Yes </td> <td> No </td> </tr> <tr> <td> Do tuition and fees vary by undergraduate instructional <br/> program? </td> <td> </td> <td> X </td> </tr> </table>,122409,../data/cds-docs/2021-2022/122409.pdf,2021-2022
G,5,G5,Commuters Commuters,"[[{0: '', 1: 'Residents', 2: 'Commuters\n(living at home)', 3: 'Commuters\n(not living at home)'}, {0: 'Books and supplies', 1: '$1,454', 2: '$1,454', 3: '$1,454'}, {0: 'Room only', 1: '', 2: '', 3: ''}, {0: 'Board only', 1: '', 2: '', 3: ''}, {0: 'Room and board total (if your\ncollege cannot provide separate\nroom and board figures for\ncommuters not living at home):', 1: '', 2: '', 3: '$22,546'}, {0: 'Transportation', 1: '$1,709', 2: '$2,338', 3: '$2,108'}, {0: 'Other expenses', 1: '$2,923', 2: '$3,418', 3: '$3,688'}]]","<table> <tr> <td> </td> <td> Residents </td> <td> Commuters <br/> (living at home) </td> <td> Commuters <br/> (not living at home) </td> </tr> <tr> <td> Books and supplies </td> <td> $1,454 </td> <td> $1,454 </td> <td> $1,454 </td> </tr> <tr> <td> Room only </td> <td> </td> <td> </td> <td> </td> </tr> <tr> <td> Board only </td> <td> </td> <td> </td> <td> </td> </tr> <tr> <td> Room and board total (if your <br/> college cannot provide separate <br/> room and board figures for <br/> commuters not living at home): </td> <td> </td> <td> </td> <td> $22,546 </td> </tr> <tr> <td> Transportation </td> <td> $1,709 </td> <td> $2,338 </td> <td> $2,108 </td> </tr> <tr> <td> Other expenses </td> <td> $2,923 </td> <td> $3,418 </td> <td> $3,688 </td> </tr> </table>",122409,../data/cds-docs/2021-2022/122409.pdf,2021-2022
G,6,G6,PRIVATE INSTITUTIONS:,"[[{0: 'PRIVATE INSTITUTIONS:', 1: ''}, {0: 'PUBLIC INSTITUTIONS', 1: ''}, {0: 'PUBLIC INSTITUTIONS', 1: ''}, {0: 'PUBLIC INSTITUTIONS', 1: '$396/unit'}, {0: 'NONRESIDENT ALIENS:', 1: '$396/unit'}]]",<table> <tr> <td> PRIVATE INSTITUTIONS: </td> <td> </td> </tr> <tr> <td> PUBLIC INSTITUTIONS </td> <td> </td> </tr> <tr> <td> PUBLIC INSTITUTIONS </td> <td> </td> </tr> <tr> <td> PUBLIC INSTITUTIONS </td> <td> $396/unit </td> </tr> <tr> <td> NONRESIDENT ALIENS: </td> <td> $396/unit </td> </tr> </table>,122409,../data/cds-docs/2021-2022/122409.pdf,2021-2022
H,1,H1,2021-2022 estimated 2020-21 Final,"[[{0: '', 1: '2021-2022 estimated', 2: '2020-21 Final'}, {0: 'Indicate the academic year for which data are reported for items H1,\nH2, H2A, and H6 below:', 1: 'X', 2: ''}], [{0: '', 1: 'Need-based $ (Include\nnon-need-based aid used to\nmeet need.)', 2: 'Non-need-based $\n(Exclude non-need-based aid used\nto meet need.)'}, {0: 'Scholarships/Grants', 1: 'Scholarships/Grants', 2: 'Scholarships/Grants'}, {0: 'Federal', 1: '$53,577,000', 2: '$35,900'}, {0: 'State (i.e., all states, not only the state in which your institution is\nlocated)', 1: '$35,819,000', 2: '$5,798,000'}, {0: 'Institutional: Endowed scholarships, annual gifts and tuition funded\ngrants, awarded by the college, excluding athletic aid and tuition\nwaivers (which are reported below).', 1: '$32,902,000', 2: '$4,691,000'}, {0: 'Scholarships/grants from external sources (e.g., Kiwanis, National\nMerit) not awarded by the college', 1: '$0', 2: '$3,487,000'}, {0: 'Total Scholarships/Grants', 1: '$122,298,000', 2: '$14,011,900'}, {0: 'Self-Help', 1: 'Self-Help', 2: 'Self-Help'}, {0: 'Student loans from all sources (excluding parent loans)', 1: '$105,349,000', 2: '$59,046,000'}, {0: 'Federal Work-Study', 1: '$1,888,000', 2: ''}, {0: 'State and other (e.g., institutional) work-study/employment (Note:\nExcludes Federal Work-Study captured above.)', 1: '$0', 2: '$0'}, {0: 'Total Self-Help', 1: '$107,237,000', 2: '$59,046,000'}, {0: 'Other', 1: 'Other', 2: 'Other'}, {0: 'Parent Loans', 1: '$49,758,000', 2: '$187,184,000'}, {0: 'Tuition Waivers\nReporting is optional. Report tuition waivers in this row if you choose to report them. Do\nnot report tuition waivers elsewhere.', 1: '', 2: ''}, {0: 'Athletic Awards', 1: '$0', 2: '$7,636,000'}]]","<table> <tr> <td> </td> <td> 2021-2022 estimated </td> <td> 2020-21 Final </td> </tr> <tr> <td> Indicate the academic year for which data are reported for items H1, <br/> H2, H2A, and H6 below: </td> <td> X </td> <td> </td> </tr> </table><div class=""separator""></div><table> <tr> <td> </td> <td> Need-based $ (Include <br/> non-need-based aid used to <br/> meet need.) </td> <td> Non-need-based $ <br/> (Exclude non-need-based aid used <br/> to meet need.) </td> </tr> <tr> <td colspan=""3""> Scholarships/Grants </td> </tr> <tr> <td> Federal </td> <td> $53,577,000 </td> <td> $35,900 </td> </tr> <tr> <td> State (i.e., all states, not only the state in which your institution is <br/> located) </td> <td> $35,819,000 </td> <td> $5,798,000 </td> </tr> <tr> <td> Institutional: Endowed scholarships, annual gifts and tuition funded <br/> grants, awarded by the college, excluding athletic aid and tuition <br/> waivers (which are reported below). </td> <td> $32,902,000 </td> <td> $4,691,000 </td> </tr> <tr> <td> Scholarships/grants from external sources (e.g., Kiwanis, National <br/> Merit) not awarded by the college </td> <td> $0 </td> <td> $3,487,000 </td> </tr> <tr> <td> Total Scholarships/Grants </td> <td> $122,298,000 </td> <td> $14,011,900 </td> </tr> <tr> <td colspan=""3""> Self-Help </td> </tr> <tr> <td> Student loans from all sources (excluding parent loans) </td> <td> $105,349,000 </td> <td> $59,046,000 </td> </tr> <tr> <td> Federal Work-Study </td> <td> $1,888,000 </td> <td> </td> </tr> <tr> <td> State and other (e.g., institutional) work-study/employment (Note: <br/> Excludes Federal Work-Study captured above.) </td> <td> $0 </td> <td> $0 </td> </tr> <tr> <td> Total Self-Help </td> <td> $107,237,000 </td> <td> $59,046,000 </td> </tr> <tr> <td colspan=""3""> Other </td> </tr> <tr> <td> Parent Loans </td> <td> $49,758,000 </td> <td> $187,184,000 </td> </tr> <tr> <td> Tuition Waivers <br/> Reporting is optional. Report tuition waivers in this row if you choose to report them. Do <br/> not report tuition waivers elsewhere. </td> <td> </td> <td> </td> </tr> <tr> <td> Athletic Awards </td> <td> $0 </td> <td> $7,636,000 </td> </tr> </table>",122409,../data/cds-docs/2021-2022/122409.pdf,2021-2022
H,2,H2,First-time Full-time Less Than,"[[{0: '', 1: 'First-time\nFull-time\nFreshmen', 2: 'Full-time\nUndergraduate\n(Incl. Fresh.)', 3: 'Less Full-time Than\nUndergraduate'}, {0: 'a) Number of degree-seeking undergraduate students\n(CDS Item B1 if reporting on Fall 2021 cohort)', 1: '5,233', 2: '27,596', 3: '3,269'}, {0: 'b) Number of students in line a who applied for need\ufffe\nbased financial aid', 1: '4,298', 2: '19,607', 3: '2,178'}, {0: 'c) Number of students in line b who were determined to\nhave financial need', 1: '2,578', 2: '14,551', 3: '1,860'}, {0: 'd) Number of students in line c who were awarded any\nfinancial aid', 1: '2,552', 2: '14,231', 3: '1,777'}, {0: 'e) Number of students in line d who were awarded any\nneed-based scholarship or grant aid', 1: '1,453', 2: '9,998', 3: '1,247'}, {0: 'f) Number of students in line d who were awarded any\nneed-based self-help aid', 1: '2,256', 2: '13,148', 3: '1,493'}, {0: 'g) Number of students in line d who were awarded any\nnon-need-based scholarship or grant aid', 1: '839', 2: '3,532', 3: '302'}, {0: 'h) Number of students in line d whose need was fully met\n(exclude PLUS loans, unsubsidized loans, and private\nalternative loans)', 1: '164', 2: '654', 3: '41'}, {0: 'i) On average, the percentage of need that was met of\nstudents who were awarded any need-based aid.\nExclude any aid that was awarded in excess of need as\nwell as any resources that were awarded to replace\nEFC (PLUS loans, unsubsidized loans, and private\nalternative loans)', 1: '53%', 2: '55%', 3: '43%'}, {0: 'j) The average financial aid package of those in line d.\nExclude any resources that were awarded to replace\nEFC (PLUS loans, unsubsidized loans, and private\nalternative loans)', 1: '$ 10,542', 2: '$ 12,770', 3: '$ 11,093'}, {0: 'k) Average need-based scholarship and grant award of\nthose in line e', 1: '$ 10,701', 2: '$ 10,411', 3: '$ 8,029'}, {0: 'l) Average need-based self-help award (excluding PLUS\nloans, unsubsidized loans, and private alternative\nloans) of those in line f', 1: '$ 3,736', 2: '$ 4,980', 3: '$ 5,138'}, {0: 'm) Average need-based loan (excluding PLUS loans,\nunsubsidized loans, and private alternative loans) of\nthose in line f who were awarded a need-based loan', 1: '$ 3,376', 2: '$ 4,599', 3: '$ 4,886'}], [{0: '', 1: 'First-time\nFull-time\nFreshmen', 2: 'Full-time\nUndergrad\n(Incl. Fresh.)', 3: 'Less Full-time Than\nUndergrad'}, {0: 'n) Number of students in line a who had no financial need\nand who were awarded institutional non-need-based\nscholarship or grant aid (exclude those who were\nawarded athletic awards and tuition benefits)', 1: '121', 2: '979', 3: '59'}], [{0: 'o) Average dollar amount of institutional non-need-based\nscholarship and grant aid awarded to students in line n', 1: '$ 3,515', 2: '$ 3,591', 3: '$ 1,963'}, {0: 'p) Number of students in line a who were awarded an\ninstitutional non-need-based athletic scholarship or\ngrant', 1: '89', 2: '400', 3: '10'}, {0: 'q) Average dollar amount of institutional non-need-based\nathletic scholarships and grants awarded to students in\nline p', 1: '$ 22,415', 2: '$ 19,400', 3: '$ 18,892'}]]","<table> <tr> <td> </td> <td> First-time <br/> Full-time <br/> Freshmen </td> <td> Full-time <br/> Undergraduate <br/> (Incl. Fresh.) </td> <td> Less Full-time Than <br/> Undergraduate </td> </tr> <tr> <td> a) Number of degree-seeking undergraduate students <br/> (CDS Item B1 if reporting on Fall 2021 cohort) </td> <td> 5,233 </td> <td> 27,596 </td> <td> 3,269 </td> </tr> <tr> <td> b) Number of students in line a who applied for need￾ <br/> based financial aid </td> <td> 4,298 </td> <td> 19,607 </td> <td> 2,178 </td> </tr> <tr> <td> c) Number of students in line b who were determined to <br/> have financial need </td> <td> 2,578 </td> <td> 14,551 </td> <td> 1,860 </td> </tr> <tr> <td> d) Number of students in line c who were awarded any <br/> financial aid </td> <td> 2,552 </td> <td> 14,231 </td> <td> 1,777 </td> </tr> <tr> <td> e) Number of students in line d who were awarded any <br/> need-based scholarship or grant aid </td> <td> 1,453 </td> <td> 9,998 </td> <td> 1,247 </td> </tr> <tr> <td> f) Number of students in line d who were awarded any <br/> need-based self-help aid </td> <td> 2,256 </td> <td> 13,148 </td> <td> 1,493 </td> </tr> <tr> <td> g) Number of students in line d who were awarded any <br/> non-need-based scholarship or grant aid </td> <td> 839 </td> <td> 3,532 </td> <td> 302 </td> </tr> <tr> <td> h) Number of students in line d whose need was fully met <br/> (exclude PLUS loans, unsubsidized loans, and private <br/> alternative loans) </td> <td> 164 </td> <td> 654 </td> <td> 41 </td> </tr> <tr> <td> i) On average, the percentage of need that was met of <br/> students who were awarded any need-based aid. <br/> Exclude any aid that was awarded in excess of need as <br/> well as any resources that were awarded to replace <br/> EFC (PLUS loans, unsubsidized loans, and private <br/> alternative loans) </td> <td> 53% </td> <td> 55% </td> <td> 43% </td> </tr> <tr> <td> j) The average financial aid package of those in line d. <br/> Exclude any resources that were awarded to replace <br/> EFC (PLUS loans, unsubsidized loans, and private <br/> alternative loans) </td> <td> $ 10,542 </td> <td> $ 12,770 </td> <td> $ 11,093 </td> </tr> <tr> <td> k) Average need-based scholarship and grant award of <br/> those in line e </td> <td> $ 10,701 </td> <td> $ 10,411 </td> <td> $ 8,029 </td> </tr> <tr> <td> l) Average need-based self-help award (excluding PLUS <br/> loans, unsubsidized loans, and private alternative <br/> loans) of those in line f </td> <td> $ 3,736 </td> <td> $ 4,980 </td> <td> $ 5,138 </td> </tr> <tr> <td> m) Average need-based loan (excluding PLUS loans, <br/> unsubsidized loans, and private alternative loans) of <br/> those in line f who were awarded a need-based loan </td> <td> $ 3,376 </td> <td> $ 4,599 </td> <td> $ 4,886 </td> </tr> </table><div class=""separator""></div><table> <tr> <td> </td> <td> First-time <br/> Full-time <br/> Freshmen </td> <td> Full-time <br/> Undergrad <br/> (Incl. Fresh.) </td> <td> Less Full-time Than <br/> Undergrad </td> </tr> <tr> <td> n) Number of students in line a who had no financial need <br/> and who were awarded institutional non-need-based <br/> scholarship or grant aid (exclude those who were <br/> awarded athletic awards and tuition benefits) </td> <td> 121 </td> <td> 979 </td> <td> 59 </td> </tr> </table><div class=""separator""></div><table> <tr> <td> o) Average dollar amount of institutional non-need-based <br/> scholarship and grant aid awarded to students in line n </td> <td> $ 3,515 </td> <td> $ 3,591 </td> <td> $ 1,963 </td> </tr> <tr> <td> p) Number of students in line a who were awarded an <br/> institutional non-need-based athletic scholarship or <br/> grant </td> <td> 89 </td> <td> 400 </td> <td> 10 </td> </tr> <tr> <td> q) Average dollar amount of institutional non-need-based <br/> athletic scholarships and grants awarded to students in <br/> line p </td> <td> $ 22,415 </td> <td> $ 19,400 </td> <td> $ 18,892 </td> </tr> </table>",122409,../data/cds-docs/2021-2022/122409.pdf,2021-2022
H,3,H3,Federal methodology (FM) X,"[[{0: 'Federal methodology (FM)', 1: 'X'}, {0: 'Institutional methodology (IM)', 1: ''}, {0: 'Both FM and IM', 1: ''}]]",<table> <tr> <td> Federal methodology (FM) </td> <td> X </td> </tr> <tr> <td> Institutional methodology (IM) </td> <td> </td> </tr> <tr> <td> Both FM and IM </td> <td> </td> </tr> </table>,122409,../data/cds-docs/2021-2022/122409.pdf,2021-2022
H,5,H5,,"[[{0: 'Source/Type of Loan', 1: 'Number in the\nclass (defined in\nH4 above) who\nborrowed from\nthe types of\nloans specified\nin column the first', 2: 'Percent of the class\n(defined above) who\nborrowed from the\ntypes of loans specified\nin the first column\n(nearest 1%)', 3: 'Average per-undergraduate\ufffe\nborrower cumulative\nprincipal borrowed from the\ntypes of loans specified in\nthe first column (nearest $1)'}, {0: 'a) Any loan program: Federal Perkins, Federal Stafford\nSubsidized and Unsubsidized, institutional, state,\nprivate loans that your institution is aware of, etc.\nInclude both Federal Direct Student Loans and Federal\nFamily Education Loans.', 1: '1,768', 2: '38', 3: '$21,552'}, {0: 'b) Federal loan programs: Federal Perkins, Federal\nStafford Subsidized and Unsubsidized. Include both\nFederal Direct Student Loans and Federal Family\nEducation Loans.', 1: '1,726', 2: '37', 3: '$17,845'}, {0: 'c) Institutional loan programs.', 1: '3', 2: '0', 3: '$9,087'}, {0: 'd) State loan programs.', 1: '0', 2: '0', 3: '$0'}, {0: 'e) Private student loans made by a bank or\nlender.', 1: '199', 2: '4', 3: '$36,837'}]]","<table> <tr> <td> Source/Type of Loan </td> <td> Number in the <br/> class (defined in <br/> H4 above) who <br/> borrowed from <br/> the types of <br/> loans specified <br/> in column the first </td> <td> Percent of the class <br/> (defined above) who <br/> borrowed from the <br/> types of loans specified <br/> in the first column <br/> (nearest 1%) </td> <td> Average per-undergraduate￾ <br/> borrower cumulative <br/> principal borrowed from the <br/> types of loans specified in <br/> the first column (nearest $1) </td> </tr> <tr> <td> a) Any loan program: Federal Perkins, Federal Stafford <br/> Subsidized and Unsubsidized, institutional, state, <br/> private loans that your institution is aware of, etc. <br/> Include both Federal Direct Student Loans and Federal <br/> Family Education Loans. </td> <td> 1,768 </td> <td> 38 </td> <td> $21,552 </td> </tr> <tr> <td> b) Federal loan programs: Federal Perkins, Federal <br/> Stafford Subsidized and Unsubsidized. Include both <br/> Federal Direct Student Loans and Federal Family <br/> Education Loans. </td> <td> 1,726 </td> <td> 37 </td> <td> $17,845 </td> </tr> <tr> <td> c) Institutional loan programs. </td> <td> 3 </td> <td> 0 </td> <td> $9,087 </td> </tr> <tr> <td> d) State loan programs. </td> <td> 0 </td> <td> 0 </td> <td> $0 </td> </tr> <tr> <td> e) Private student loans made by a bank or <br/> lender. </td> <td> 199 </td> <td> 4 </td> <td> $36,837 </td> </tr> </table>",122409,../data/cds-docs/2021-2022/122409.pdf,2021-2022
H,6,H6,Institutional need-based scholarship or grant aid is available X,"[[{0: 'Institutional need-based scholarship or grant aid is available', 1: 'X'}, {0: 'Institutional non-need-based scholarship or grant aid is available', 1: 'X'}, {0: 'Institutional scholarship or grant aid is not available', 1: ''}]]",<table> <tr> <td> Institutional need-based scholarship or grant aid is available </td> <td> X </td> </tr> <tr> <td> Institutional non-need-based scholarship or grant aid is available </td> <td> X </td> </tr> <tr> <td> Institutional scholarship or grant aid is not available </td> <td> </td> </tr> </table>,122409,../data/cds-docs/2021-2022/122409.pdf,2021-2022
H,7,H7,Institution’s own financial aid form,"[[{0: 'Institution’s own financial aid form', 1: ''}, {0: 'CSS/Financial Aid PROFILE', 1: ''}, {0: 'International Student’s Financial Aid Application', 1: ''}, {0: 'International Student’s Certification of Finances', 1: ''}, {0: 'Other (specify):', 1: 'X'}]]",<table> <tr> <td> Institution’s own financial aid form </td> <td> </td> </tr> <tr> <td> CSS/Financial Aid PROFILE </td> <td> </td> </tr> <tr> <td> International Student’s Financial Aid Application </td> <td> </td> </tr> <tr> <td> International Student’s Certification of Finances </td> <td> </td> </tr> <tr> <td> Other (specify): </td> <td> X </td> </tr> </table>,122409,../data/cds-docs/2021-2022/122409.pdf,2021-2022
H,8,H8,FAFSA X,"[[{0: 'FAFSA', 1: 'X'}, {0: ""Institution's own financial aid form"", 1: ''}, {0: 'CSS/Financial Aid PROFILE', 1: ''}, {0: 'State aid form', 1: 'X'}, {0: 'Noncustodial PROFILE', 1: ''}, {0: 'Business/Farm Supplement', 1: ''}, {0: 'Other (specify):', 1: ''}]]",<table> <tr> <td> FAFSA </td> <td> X </td> </tr> <tr> <td> Institution's own financial aid form </td> <td> </td> </tr> <tr> <td> CSS/Financial Aid PROFILE </td> <td> </td> </tr> <tr> <td> State aid form </td> <td> X </td> </tr> <tr> <td> Noncustodial PROFILE </td> <td> </td> </tr> <tr> <td> Business/Farm Supplement </td> <td> </td> </tr> <tr> <td> Other (specify): </td> <td> </td> </tr> </table>,122409,../data/cds-docs/2021-2022/122409.pdf,2021-2022
H,9,H9,Deadline for filing required financial aid forms: March 2 Cal Grant Deadline,"[[{0: 'Priority date for filing required financial aid forms:', 1: 'April 1'}, {0: 'Deadline for filing required financial aid forms:', 1: 'March 2'}, {0: 'No deadline for filing required forms (applications processed on a\nrolling basis):', 1: 'X'}]]",<table> <tr> <td> Priority date for filing required financial aid forms: </td> <td> April 1 </td> </tr> <tr> <td> Deadline for filing required financial aid forms: </td> <td> March 2 </td> </tr> <tr> <td> No deadline for filing required forms (applications processed on a <br/> rolling basis): </td> <td> X </td> </tr> </table>,122409,../data/cds-docs/2021-2022/122409.pdf,2021-2022
H,10,H10,a) Students notified on or about (date):,"[[{0: 'a)\nStudents notified on or about (date):', 1: 'a)\nStudents notified on or about (date):', 2: 'a)\nStudents notified on or about (date):', 3: ''}, {0: '', 1: '', 2: 'Yes', 3: 'No'}, {0: 'b)', 1: 'Students notified on a rolling basis:', 2: 'X', 3: ''}, {0: 'b)', 1: 'If yes, starting date:', 2: 'March 15', 3: ''}]]","<table> <tr> <td colspan=""3""> a) <br/> Students notified on or about (date): </td> <td> </td> </tr> <tr> <td colspan=""2""> </td> <td> Yes </td> <td> No </td> </tr> <tr> <td rowspan=""2""> b) </td> <td> Students notified on a rolling basis: </td> <td> X </td> <td> </td> </tr> <tr> <td> If yes, starting date: </td> <td> March 15 </td> <td> </td> </tr> </table>",122409,../data/cds-docs/2021-2022/122409.pdf,2021-2022
H,12,H12,Direct Subsidized Stafford Loans X,"[[{0: 'Direct Subsidized Stafford Loans', 1: 'X'}, {0: 'Direct Unsubsidized Stafford Loans', 1: 'X'}, {0: 'Direct PLUS Loans', 1: 'X'}], [{0: 'Federal Perkins Loans', 1: ''}, {0: 'Federal Nursing Loans', 1: ''}, {0: 'State Loans', 1: ''}, {0: 'College/university loans from institutional funds', 1: 'X'}, {0: 'Other (specify):', 1: 'Other (specify):'}]]","<table> <tr> <td> Direct Subsidized Stafford Loans </td> <td> X </td> </tr> <tr> <td> Direct Unsubsidized Stafford Loans </td> <td> X </td> </tr> <tr> <td> Direct PLUS Loans </td> <td> X </td> </tr> </table><div class=""separator""></div><table> <tr> <td> Federal Perkins Loans </td> <td> </td> </tr> <tr> <td> Federal Nursing Loans </td> <td> </td> </tr> <tr> <td> State Loans </td> <td> </td> </tr> <tr> <td> College/university loans from institutional funds </td> <td> X </td> </tr> <tr> <td colspan=""2""> Other (specify): </td> </tr> </table>",122409,../data/cds-docs/2021-2022/122409.pdf,2021-2022
H,13,H13,Federal Pell X,"[[{0: 'Federal Pell', 1: 'X'}, {0: 'SEOG', 1: 'X'}, {0: 'State scholarships/grants', 1: 'X'}, {0: 'Private scholarships', 1: 'X'}, {0: 'College/university scholarship or grant aid from institutional funds', 1: 'X'}, {0: 'United Negro College Fund', 1: ''}, {0: 'Federal Nursing Scholarship', 1: ''}, {0: 'Other (specify):', 1: 'Other (specify):'}]]","<table> <tr> <td> Federal Pell </td> <td> X </td> </tr> <tr> <td> SEOG </td> <td> X </td> </tr> <tr> <td> State scholarships/grants </td> <td> X </td> </tr> <tr> <td> Private scholarships </td> <td> X </td> </tr> <tr> <td> College/university scholarship or grant aid from institutional funds </td> <td> X </td> </tr> <tr> <td> United Negro College Fund </td> <td> </td> </tr> <tr> <td> Federal Nursing Scholarship </td> <td> </td> </tr> <tr> <td colspan=""2""> Other (specify): </td> </tr> </table>",122409,../data/cds-docs/2021-2022/122409.pdf,2021-2022
H,14,H14,Non-Need Based Need-Based,"[[{0: '', 1: 'Non-Need Based', 2: 'Need-Based'}, {0: 'Academics', 1: 'X', 2: 'X'}, {0: 'Alumni affiliation', 1: 'X', 2: 'X'}, {0: 'Art', 1: 'X', 2: 'X'}, {0: 'Athletics', 1: 'X', 2: ''}, {0: 'Job skills', 1: '', 2: ''}, {0: 'ROTC', 1: 'X', 2: ''}, {0: 'Leadership', 1: 'X', 2: 'X'}, {0: 'Minority status', 1: '', 2: ''}, {0: 'Music/drama', 1: 'X', 2: 'X'}, {0: 'Religious affiliation', 1: '', 2: ''}, {0: 'State/district residency', 1: 'X', 2: 'X'}]]",<table> <tr> <td> </td> <td> Non-Need Based </td> <td> Need-Based </td> </tr> <tr> <td> Academics </td> <td> X </td> <td> X </td> </tr> <tr> <td> Alumni affiliation </td> <td> X </td> <td> X </td> </tr> <tr> <td> Art </td> <td> X </td> <td> X </td> </tr> <tr> <td> Athletics </td> <td> X </td> <td> </td> </tr> <tr> <td> Job skills </td> <td> </td> <td> </td> </tr> <tr> <td> ROTC </td> <td> X </td> <td> </td> </tr> <tr> <td> Leadership </td> <td> X </td> <td> X </td> </tr> <tr> <td> Minority status </td> <td> </td> <td> </td> </tr> <tr> <td> Music/drama </td> <td> X </td> <td> X </td> </tr> <tr> <td> Religious affiliation </td> <td> </td> <td> </td> </tr> <tr> <td> State/district residency </td> <td> X </td> <td> X </td> </tr> </table>,122409,../data/cds-docs/2021-2022/122409.pdf,2021-2022
I,1,I1,Full-Time Part-Time Total,"[[{0: '', 1: '', 2: 'Full-Time', 3: 'Part-Time', 4: 'Total'}, {0: 'a)', 1: 'Total number of instructional faculty', 2: '977', 3: '1017', 4: '1,994'}, {0: 'b)', 1: 'Total number who are members of minority groups', 2: '311', 3: '345', 4: '656'}, {0: 'c)', 1: 'Total number who are women', 2: '453', 3: '577', 4: '1,030'}, {0: 'd)', 1: 'Total number who are men', 2: '524', 3: '440', 4: '964'}, {0: 'Total number who are nonresident aliens (international)\ne)', 1: 'Total number who are nonresident aliens (international)\ne)', 2: '32', 3: '0', 4: '32'}, {0: 'f)\nTotal number with doctorate, or other terminal degree', 1: 'f)\nTotal number with doctorate, or other terminal degree', 2: '836', 3: '373', 4: '1,209'}, {0: ""g)\nTotal number whose highest degree is a master's but not a terminal\nmaster's"", 1: ""g)\nTotal number whose highest degree is a master's but not a terminal\nmaster's"", 2: '113', 3: '522', 4: '635'}, {0: ""h)\nTotal number whose highest degree is a bachelor's"", 1: ""h)\nTotal number whose highest degree is a bachelor's"", 2: '27', 3: '110', 4: '137'}, {0: 'Total number whose highest degree is unknown or other (Note:\ni)\nItems f, g, h, and i must sum up to item a.)', 1: 'Total number whose highest degree is unknown or other (Note:\ni)\nItems f, g, h, and i must sum up to item a.)', 2: '1', 3: '12', 4: '13'}]]","<table> <tr> <td colspan=""2""> </td> <td> Full-Time </td> <td> Part-Time </td> <td> Total </td> </tr> <tr> <td> a) </td> <td> Total number of instructional faculty </td> <td> 977 </td> <td> 1017 </td> <td> 1,994 </td> </tr> <tr> <td> b) </td> <td> Total number who are members of minority groups </td> <td> 311 </td> <td> 345 </td> <td> 656 </td> </tr> <tr> <td> c) </td> <td> Total number who are women </td> <td> 453 </td> <td> 577 </td> <td> 1,030 </td> </tr> <tr> <td> d) </td> <td> Total number who are men </td> <td> 524 </td> <td> 440 </td> <td> 964 </td> </tr> <tr> <td colspan=""2""> Total number who are nonresident aliens (international) <br/> e) </td> <td> 32 </td> <td> 0 </td> <td> 32 </td> </tr> <tr> <td colspan=""2""> f) <br/> Total number with doctorate, or other terminal degree </td> <td> 836 </td> <td> 373 </td> <td> 1,209 </td> </tr> <tr> <td colspan=""2""> g) <br/> Total number whose highest degree is a master's but not a terminal <br/> master's </td> <td> 113 </td> <td> 522 </td> <td> 635 </td> </tr> <tr> <td colspan=""2""> h) <br/> Total number whose highest degree is a bachelor's </td> <td> 27 </td> <td> 110 </td> <td> 137 </td> </tr> <tr> <td colspan=""2""> Total number whose highest degree is unknown or other (Note: <br/> i) <br/> Items f, g, h, and i must sum up to item a.) </td> <td> 1 </td> <td> 12 </td> <td> 13 </td> </tr> </table>",122409,../data/cds-docs/2021-2022/122409.pdf,2021-2022
I,3,I3,CLASS 2-9 10-19 20-29 30-39 40-49 50-99 100+ Total,"[[{0: 'CLASS\nSECTIONS', 1: '2-9', 2: '10-19', 3: '20-29', 4: '30-39', 5: '40-49', 6: '50-99', 7: '100+', 8: 'Total'}, {0: 'CLASS\nSECTIONS', 1: '295', 2: '797', 3: '778', 4: '502', 5: '260', 6: '531', 7: '270', 8: '3433'}], [{0: 'CLASS SUB\ufffe\nSECTIONS', 1: '2-9', 2: '10-19', 3: '20-29', 4: '30-39', 5: '40-49', 6: '50-99', 7: '100+', 8: 'Total'}, {0: 'CLASS SUB\ufffe\nSECTIONS', 1: '79', 2: '214', 3: '328', 4: '83', 5: '31', 6: '15', 7: '3', 8: '753'}]]","<table> <tr> <td rowspan=""2""> CLASS <br/> SECTIONS </td> <td> 2-9 </td> <td> 10-19 </td> <td> 20-29 </td> <td> 30-39 </td> <td> 40-49 </td> <td> 50-99 </td> <td> 100+ </td> <td> Total </td> </tr> <tr> <td> 295 </td> <td> 797 </td> <td> 778 </td> <td> 502 </td> <td> 260 </td> <td> 531 </td> <td> 270 </td> <td> 3433 </td> </tr> </table><div class=""separator""></div><table> <tr> <td rowspan=""2""> CLASS SUB￾ <br/> SECTIONS </td> <td> 2-9 </td> <td> 10-19 </td> <td> 20-29 </td> <td> 30-39 </td> <td> 40-49 </td> <td> 50-99 </td> <td> 100+ </td> <td> Total </td> </tr> <tr> <td> 79 </td> <td> 214 </td> <td> 328 </td> <td> 83 </td> <td> 31 </td> <td> 15 </td> <td> 3 </td> <td> 753 </td> </tr> </table>",122409,../data/cds-docs/2021-2022/122409.pdf,2021-2022
J,1,J1,Diploma/ CIP 2020 Categories,"[[{0: 'Category', 1: 'Diploma/\nCertificates', 2: 'Associate', 3: 'Bachelor’s', 4: 'CIP 2020 Categories\nto Include'}, {0: 'Agriculture', 1: '', 2: '', 3: '', 4: '1'}, {0: 'Natural resources and conservation', 1: '', 2: '', 3: '1.2%', 4: '3'}, {0: 'Architecture', 1: '', 2: '', 3: '', 4: '4'}, {0: 'Area, ethnic, and gender studies', 1: '', 2: '', 3: '0.4%', 4: '5'}, {0: 'Communication/journalism', 1: '', 2: '', 3: '6.0%', 4: '9'}, {0: 'Communication technologies', 1: '', 2: '', 3: '', 4: '10'}, {0: 'Computer and information sciences', 1: '', 2: '', 3: '4.9%', 4: '11'}, {0: 'Personal and culinary services', 1: '', 2: '', 3: '', 4: '12'}, {0: 'Education', 1: '', 2: '', 3: '1.9%', 4: '13'}, {0: 'Engineering', 1: '', 2: '', 3: '7.9%', 4: '14'}, {0: 'Engineering technologies', 1: '', 2: '', 3: '0.3%', 4: '15'}, {0: 'Foreign languages, literatures, and linguistics', 1: '', 2: '', 3: '1.1%', 4: '16'}, {0: 'Family and consumer sciences', 1: '', 2: '', 3: '', 4: '19'}, {0: 'Law/legal studies', 1: '', 2: '', 3: '', 4: '22'}, {0: 'English', 1: '', 2: '', 3: '1.0%', 4: '23'}, {0: 'Liberal arts/general studies', 1: '', 2: '', 3: '2.8%', 4: '24'}, {0: 'Library science', 1: '', 2: '', 3: '', 4: '25'}, {0: 'Biological/life sciences', 1: '', 2: '', 3: '3.7%', 4: '26'}, {0: 'Mathematics and statistics', 1: '', 2: '', 3: '1.2%', 4: '27'}, {0: 'Military science and military technologies', 1: '', 2: '', 3: '', 4: '28 & 29'}, {0: 'Interdisciplinary studies', 1: '', 2: '', 3: '6.3%', 4: '30'}, {0: 'Parks and recreation', 1: '', 2: '', 3: '5.3%', 4: '31'}, {0: 'Philosophy and religious studies', 1: '', 2: '', 3: '0.3%', 4: '38'}, {0: 'Theology and religious vocations', 1: '', 2: '', 3: '', 4: '39'}, {0: 'Physical sciences', 1: '', 2: '', 3: '1.6%', 4: '40'}, {0: 'Science technologies', 1: '', 2: '', 3: '', 4: '41'}, {0: 'Psychology', 1: '', 2: '', 3: '7.0%', 4: '42'}, {0: 'Homeland Security, law enforcement, firefighting,', 1: '', 2: '', 3: '4.4%', 4: '43'}, {0: 'Public administration and social services', 1: '', 2: '', 3: '2.4%', 4: '44'}, {0: 'Social sciences', 1: '', 2: '', 3: '8.5%', 4: '45'}, {0: 'Construction trades', 1: '', 2: '', 3: '', 4: '46'}, {0: 'Mechanic and repair technologies', 1: '', 2: '', 3: '', 4: '47'}, {0: 'Precision production', 1: '', 2: '', 3: '', 4: '48'}, {0: 'Transportation and materials moving', 1: '', 2: '', 3: '', 4: '49'}, {0: 'Visual and performing arts', 1: '', 2: '', 3: '3.7%', 4: '50'}, {0: 'Health professions and related programs', 1: '', 2: '', 3: '6.0%', 4: '51'}, {0: 'Business/marketing', 1: '', 2: '', 3: '21.3%', 4: '52'}, {0: 'History', 1: '', 2: '', 3: '0.8%', 4: '54'}, {0: 'Other', 1: '', 2: '', 3: '', 4: ''}, {0: 'TOTAL (should = 100%)', 1: '0.00%', 2: '0.00%', 3: '100.00%', 4: ''}]]","<table> <tr> <td> Category </td> <td> Diploma/ <br/> Certificates </td> <td> Associate </td> <td> Bachelor’s </td> <td> CIP 2020 Categories <br/> to Include </td> </tr> <tr> <td> Agriculture </td> <td> </td> <td> </td> <td> </td> <td> 1 </td> </tr> <tr> <td> Natural resources and conservation </td> <td> </td> <td> </td> <td> 1.2% </td> <td> 3 </td> </tr> <tr> <td> Architecture </td> <td> </td> <td> </td> <td> </td> <td> 4 </td> </tr> <tr> <td> Area, ethnic, and gender studies </td> <td> </td> <td> </td> <td> 0.4% </td> <td> 5 </td> </tr> <tr> <td> Communication/journalism </td> <td> </td> <td> </td> <td> 6.0% </td> <td> 9 </td> </tr> <tr> <td> Communication technologies </td> <td> </td> <td> </td> <td> </td> <td> 10 </td> </tr> <tr> <td> Computer and information sciences </td> <td> </td> <td> </td> <td> 4.9% </td> <td> 11 </td> </tr> <tr> <td> Personal and culinary services </td> <td> </td> <td> </td> <td> </td> <td> 12 </td> </tr> <tr> <td> Education </td> <td> </td> <td> </td> <td> 1.9% </td> <td> 13 </td> </tr> <tr> <td> Engineering </td> <td> </td> <td> </td> <td> 7.9% </td> <td> 14 </td> </tr> <tr> <td> Engineering technologies </td> <td> </td> <td> </td> <td> 0.3% </td> <td> 15 </td> </tr> <tr> <td> Foreign languages, literatures, and linguistics </td> <td> </td> <td> </td> <td> 1.1% </td> <td> 16 </td> </tr> <tr> <td> Family and consumer sciences </td> <td> </td> <td> </td> <td> </td> <td> 19 </td> </tr> <tr> <td> Law/legal studies </td> <td> </td> <td> </td> <td> </td> <td> 22 </td> </tr> <tr> <td> English </td> <td> </td> <td> </td> <td> 1.0% </td> <td> 23 </td> </tr> <tr> <td> Liberal arts/general studies </td> <td> </td> <td> </td> <td> 2.8% </td> <td> 24 </td> </tr> <tr> <td> Library science </td> <td> </td> <td> </td> <td> </td> <td> 25 </td> </tr> <tr> <td> Biological/life sciences </td> <td> </td> <td> </td> <td> 3.7% </td> <td> 26 </td> </tr> <tr> <td> Mathematics and statistics </td> <td> </td> <td> </td> <td> 1.2% </td> <td> 27 </td> </tr> <tr> <td> Military science and military technologies </td> <td> </td> <td> </td> <td> </td> <td> 28 &amp; 29 </td> </tr> <tr> <td> Interdisciplinary studies </td> <td> </td> <td> </td> <td> 6.3% </td> <td> 30 </td> </tr> <tr> <td> Parks and recreation </td> <td> </td> <td> </td> <td> 5.3% </td> <td> 31 </td> </tr> <tr> <td> Philosophy and religious studies </td> <td> </td> <td> </td> <td> 0.3% </td> <td> 38 </td> </tr> <tr> <td> Theology and religious vocations </td> <td> </td> <td> </td> <td> </td> <td> 39 </td> </tr> <tr> <td> Physical sciences </td> <td> </td> <td> </td> <td> 1.6% </td> <td> 40 </td> </tr> <tr> <td> Science technologies </td> <td> </td> <td> </td> <td> </td> <td> 41 </td> </tr> <tr> <td> Psychology </td> <td> </td> <td> </td> <td> 7.0% </td> <td> 42 </td> </tr> <tr> <td> Homeland Security, law enforcement, firefighting, </td> <td> </td> <td> </td> <td> 4.4% </td> <td> 43 </td> </tr> <tr> <td> Public administration and social services </td> <td> </td> <td> </td> <td> 2.4% </td> <td> 44 </td> </tr> <tr> <td> Social sciences </td> <td> </td> <td> </td> <td> 8.5% </td> <td> 45 </td> </tr> <tr> <td> Construction trades </td> <td> </td> <td> </td> <td> </td> <td> 46 </td> </tr> <tr> <td> Mechanic and repair technologies </td> <td> </td> <td> </td> <td> </td> <td> 47 </td> </tr> <tr> <td> Precision production </td> <td> </td> <td> </td> <td> </td> <td> 48 </td> </tr> <tr> <td> Transportation and materials moving </td> <td> </td> <td> </td> <td> </td> <td> 49 </td> </tr> <tr> <td> Visual and performing arts </td> <td> </td> <td> </td> <td> 3.7% </td> <td> 50 </td> </tr> <tr> <td> Health professions and related programs </td> <td> </td> <td> </td> <td> 6.0% </td> <td> 51 </td> </tr> <tr> <td> Business/marketing </td> <td> </td> <td> </td> <td> 21.3% </td> <td> 52 </td> </tr> <tr> <td> History </td> <td> </td> <td> </td> <td> 0.8% </td> <td> 54 </td> </tr> <tr> <td> Other </td> <td> </td> <td> </td> <td> </td> <td> </td> </tr> <tr> <td> TOTAL (should = 100%) </td> <td> 0.00% </td> <td> 0.00% </td> <td> 100.00% </td> <td> </td> </tr> </table>",122409,../data/cds-docs/2021-2022/122409.pdf,2021-2022
