section,table_num,table_code,table_title,table_records,table_html,unitid,file,year
B,1,B1,Institutional Enrollment - Men and Women,"[[{0: '', 1: 'FULL-TIME', 2: 'FULL-TIME', 3: 'FULL-TIME', 4: 'FULL-TIME', 5: 'PART-TIME', 6: 'PART-TIME', 7: 'PART-TIME', 8: 'PART-TIME'}, {0: '', 1: 'Men', 2: 'Women', 3: 'Another', 4: '', 5: 'Men', 6: 'Women', 7: 'Another', 8: ''}, {0: 'Undergraduate Students', 1: '', 2: '', 3: '', 4: '', 5: '', 6: '', 7: '', 8: ''}, {0: 'Degree-seeking, first\ufffe\ntime\nstudents', 1: '', 2: '', 3: '', 4: '', 5: '', 6: '', 7: '', 8: ''}, {0: 'Other first-year, degree\ufffe\nseeking students', 1: '', 2: '', 3: '', 4: '', 5: '', 6: '', 7: '', 8: ''}, {0: 'All other degree-seeking\nundergraduate students', 1: '', 2: '', 3: '', 4: '', 5: '', 6: '', 7: '', 8: ''}, {0: 'Total degree-seeking\nundergraduate students', 1: '', 2: '', 3: '', 4: '', 5: '', 6: '', 7: '', 8: ''}, {0: 'All other undergraduates\nenrolled in credit courses', 1: '', 2: '', 3: '', 4: '', 5: '', 6: '', 7: '', 8: ''}, {0: 'Undergraduate Students', 1: '', 2: '', 3: '', 4: '', 5: '', 6: '', 7: '', 8: ''}, {0: 'raduate Students', 1: '', 2: '', 3: '', 4: '', 5: '', 6: '', 7: '', 8: ''}, {0: 'Degree-seeking, first-time', 1: '', 2: '', 3: '', 4: '', 5: '', 6: '', 7: '', 8: ''}, {0: 'All other degree-seeking', 1: '', 2: '', 3: '', 4: '', 5: '', 6: '', 7: '', 8: ''}, {0: 'All other graduates enrolled in\ncredit courses', 1: '', 2: '', 3: '', 4: '', 5: '', 6: '', 7: '', 8: ''}, {0: 'Total Graduate Students', 1: '', 2: '', 3: '', 4: '', 5: '', 6: '', 7: '', 8: ''}, {0: 'Total All Students', 1: '', 2: '', 3: '', 4: '', 5: '', 6: '', 7: '', 8: ''}]]","<table> <tr> <td rowspan=""2""> </td> <td colspan=""4""> FULL-TIME </td> <td colspan=""4""> PART-TIME </td> </tr> <tr> <td> Men </td> <td> Women </td> <td> Another </td> <td> </td> <td> Men </td> <td> Women </td> <td> Another </td> <td> </td> </tr> <tr> <td> Undergraduate Students </td> <td colspan=""8""> </td> </tr> <tr> <td> Degree-seeking, first￾ <br/> time <br/> students </td> <td> </td> <td> </td> <td> </td> <td> </td> <td> </td> <td> </td> <td> </td> <td> </td> </tr> <tr> <td> Other first-year, degree￾ <br/> seeking students </td> <td> </td> <td> </td> <td> </td> <td> </td> <td> </td> <td> </td> <td> </td> <td> </td> </tr> <tr> <td> All other degree-seeking <br/> undergraduate students </td> <td> </td> <td> </td> <td> </td> <td> </td> <td> </td> <td> </td> <td> </td> <td> </td> </tr> <tr> <td> Total degree-seeking <br/> undergraduate students </td> <td> </td> <td> </td> <td> </td> <td> </td> <td> </td> <td> </td> <td> </td> <td> </td> </tr> <tr> <td> All other undergraduates <br/> enrolled in credit courses </td> <td> </td> <td> </td> <td> </td> <td> </td> <td> </td> <td> </td> <td> </td> <td> </td> </tr> <tr> <td> Undergraduate Students </td> <td> </td> <td> </td> <td> </td> <td> </td> <td> </td> <td> </td> <td> </td> <td> </td> </tr> <tr> <td> raduate Students </td> <td colspan=""8""> </td> </tr> <tr> <td> Degree-seeking, first-time </td> <td> </td> <td> </td> <td> </td> <td> </td> <td> </td> <td> </td> <td> </td> <td> </td> </tr> <tr> <td> All other degree-seeking </td> <td> </td> <td> </td> <td> </td> <td> </td> <td> </td> <td> </td> <td> </td> <td> </td> </tr> <tr> <td> All other graduates enrolled in <br/> credit courses </td> <td> </td> <td> </td> <td> </td> <td> </td> <td> </td> <td> </td> <td> </td> <td> </td> </tr> <tr> <td> Total Graduate Students </td> <td> </td> <td> </td> <td> </td> <td> </td> <td> </td> <td> </td> <td> </td> <td> </td> </tr> <tr> <td> Total All Students </td> <td> </td> <td> </td> <td> </td> <td> </td> <td> </td> <td> </td> <td> </td> <td> </td> </tr> </table>",127060,../data/cds-docs/2024-2025/127060.pdf,2024-2025
B,2,B2,Enrollment by Racial/Ethnic Category,"[[{0: '', 1: 'Degree-seeking\nFirst-time First\nyear', 2: 'Degree-seeking\nUndergraduates\n(include first-time\nfirst-year)', 3: 'Total\nUndergraduates\n(both degree- and\nnon-degree\ufffe\nseeking)'}, {0: 'Nonresidents', 1: '', 2: '', 3: ''}, {0: 'Hispanic/Latino', 1: '', 2: '', 3: ''}, {0: 'Black or African American, non-Hispanic', 1: '', 2: '', 3: ''}, {0: 'White, non-Hispanic', 1: '', 2: '', 3: ''}, {0: 'American Indian or Alaska Native, non\ufffe\nHispanic', 1: '', 2: '', 3: ''}, {0: 'Asian, non-Hispanic', 1: '', 2: '', 3: ''}, {0: 'Native Hawaiian or other Pacific Islander,\nnon-Hispanic', 1: '', 2: '', 3: ''}, {0: 'Two or more races, non-Hispanic', 1: '', 2: '', 3: ''}, {0: 'Race and/or ethnicity unknown', 1: '', 2: '', 3: ''}, {0: 'Total', 1: '', 2: '', 3: ''}]]","<table> <tr> <td> </td> <td> Degree-seeking <br/> First-time First <br/> year </td> <td> Degree-seeking <br/> Undergraduates <br/> (include first-time <br/> first-year) </td> <td> Total <br/> Undergraduates <br/> (both degree- and <br/> non-degree￾ <br/> seeking) </td> </tr> <tr> <td> Nonresidents </td> <td> </td> <td> </td> <td> </td> </tr> <tr> <td> Hispanic/Latino </td> <td> </td> <td> </td> <td> </td> </tr> <tr> <td> Black or African American, non-Hispanic </td> <td> </td> <td> </td> <td> </td> </tr> <tr> <td> White, non-Hispanic </td> <td> </td> <td> </td> <td> </td> </tr> <tr> <td> American Indian or Alaska Native, non￾ <br/> Hispanic </td> <td> </td> <td> </td> <td> </td> </tr> <tr> <td> Asian, non-Hispanic </td> <td> </td> <td> </td> <td> </td> </tr> <tr> <td> Native Hawaiian or other Pacific Islander, <br/> non-Hispanic </td> <td> </td> <td> </td> <td> </td> </tr> <tr> <td> Two or more races, non-Hispanic </td> <td> </td> <td> </td> <td> </td> </tr> <tr> <td> Race and/or ethnicity unknown </td> <td> </td> <td> </td> <td> </td> </tr> <tr> <td> Total </td> <td> </td> <td> </td> <td> </td> </tr> </table>",127060,../data/cds-docs/2024-2025/127060.pdf,2024-2025
B,3,B3,Persistence,"[[{0: 'AWARD TYPE', 1: '# AWARDED'}, {0: 'Certificate/diploma:', 1: ''}, {0: 'Associate degrees:', 1: ''}, {0: 'Bachelor’s degrees:', 1: ''}, {0: 'Post-bachelor’s certificates:', 1: ''}, {0: 'Master’s degrees:', 1: ''}, {0: 'Post-master’s certificates:', 1: ''}, {0: 'Doctoral degrees –\nresearch/scholarship:', 1: ''}, {0: 'Doctoral degrees – professional\npractice:', 1: ''}, {0: 'Doctoral degrees – other:', 1: ''}]]",<table> <tr> <td> AWARD TYPE </td> <td> # AWARDED </td> </tr> <tr> <td> Certificate/diploma: </td> <td> </td> </tr> <tr> <td> Associate degrees: </td> <td> </td> </tr> <tr> <td> Bachelor’s degrees: </td> <td> </td> </tr> <tr> <td> Post-bachelor’s certificates: </td> <td> </td> </tr> <tr> <td> Master’s degrees: </td> <td> </td> </tr> <tr> <td> Post-master’s certificates: </td> <td> </td> </tr> <tr> <td> Doctoral degrees – <br/> research/scholarship: </td> <td> </td> </tr> <tr> <td> Doctoral degrees – professional <br/> practice: </td> <td> </td> </tr> <tr> <td> Doctoral degrees – other: </td> <td> </td> </tr> </table>,127060,../data/cds-docs/2024-2025/127060.pdf,2024-2025
B,4,B4,-B21: GraduationRates,"[[{0: '', 1: '', 2: 'Recipients of a\nFederal Pell\nGrant', 3: 'Recipients of a\nSubsidized\nStafford Loan\nwho did not\nreceive a Pell\nGrant', 4: 'Students who\ndid not receive\neither a Pell\nGrant or a\nsubsidized\nStafford Loan', 5: 'Total\n(sum of 3\ncolumns to the\nleft)'}, {0: 'A', 1: ""Initial 201 cohort of first-time, full-time,\nbachelor's (or equivalent) degree\ufffe\nseeking undergraduate students"", 2: '', 3: '', 4: '', 5: ''}, {0: 'B', 1: 'Of the initial 201 cohort, how many did\nnot persist and did not graduate for the\nfollowing reasons:\nDeceased\nPermanently Disabled\nArmed Forces\nForeign Aid Service of the Federal Government\nOfficial church missions\nReport Total Allowable Exclusions', 2: '', 3: '', 4: '', 5: ''}, {0: 'C', 1: 'Final 201 cohort, after adjusting\nfor allowable exclusions', 2: '', 3: '', 4: '', 5: ''}, {0: 'D', 1: 'Of the initial 201 cohort, how many\ncompleted the program in four years or\nless (by Aug. 31, 20 )', 2: '', 3: '', 4: '', 5: ''}]]","<table> <tr> <td colspan=""2""> </td> <td> Recipients of a <br/> Federal Pell <br/> Grant </td> <td> Recipients of a <br/> Subsidized <br/> Stafford Loan <br/> who did not <br/> receive a Pell <br/> Grant </td> <td> Students who <br/> did not receive <br/> either a Pell <br/> Grant or a <br/> subsidized <br/> Stafford Loan </td> <td> Total <br/> (sum of 3 <br/> columns to the <br/> left) </td> </tr> <tr> <td> A </td> <td> Initial 201 cohort of first-time, full-time, <br/> bachelor's (or equivalent) degree￾ <br/> seeking undergraduate students </td> <td> </td> <td> </td> <td> </td> <td> </td> </tr> <tr> <td> B </td> <td> Of the initial 201 cohort, how many did <br/> not persist and did not graduate for the <br/> following reasons: <br/> Deceased <br/> Permanently Disabled <br/> Armed Forces <br/> Foreign Aid Service of the Federal Government <br/> Official church missions <br/> Report Total Allowable Exclusions </td> <td> </td> <td> </td> <td> </td> <td> </td> </tr> <tr> <td> C </td> <td> Final 201 cohort, after adjusting <br/> for allowable exclusions </td> <td> </td> <td> </td> <td> </td> <td> </td> </tr> <tr> <td> D </td> <td> Of the initial 201 cohort, how many <br/> completed the program in four years or <br/> less (by Aug. 31, 20 ) </td> <td> </td> <td> </td> <td> </td> <td> </td> </tr> </table>",127060,../data/cds-docs/2024-2025/127060.pdf,2024-2025
C,1,C1,"First-time, first-year students: Provide the number of degree-seeking, first-time, first-year","[[{0: 'FIRST-TIME, FIRST YEAR STUDENT APPLICANTS', 1: 'TOTAL'}, {0: 'Total first-time, first-year men who applied', 1: ''}, {0: 'Total first-time, first-year women who applied', 1: ''}, {0: 'Total first-time, first-year of another gender who applied', 1: ''}, {0: 'Total first-time, first-year of\ngender who applied', 1: ''}], [{0: 'FIRST-TIME, FIRST YEAR STUDENT A', 1: 'TOTAL'}, {0: 'Total first-time, first-year men who were admitted', 1: ''}, {0: 'Total first-time, first-year women who were admitted', 1: ''}, {0: 'Total first-time, first-year of another gender who were admitted', 1: ''}, {0: 'Total first-time, first-year of\ngender who were admitted', 1: ''}], [{0: 'FIRST-TIME, FIRST YEAR STUDENT', 1: 'TOTAL'}, {0: 'Total first-time, first-year men who', 1: ''}, {0: 'Total first-time, first-year women who', 1: ''}, {0: 'Total first-time, first-year of another gender who', 1: ''}, {0: 'Total first-time, first-year of\ngender who', 1: ''}], [{0: 'FIRST-TIME, FIRST YEAR STUDENT', 1: 'TOTAL'}, {0: 'Total full-time, first-time, first-year men who enrolled', 1: ''}, {0: 'Total part-time, first-time, first-year men who enrolled', 1: ''}, {0: 'Total full-time, first-time, first-year women who enrolled', 1: ''}, {0: 'Total part-time, first-time, first-year women who enrolled', 1: ''}, {0: 'Total full-time, first-time, first-year of another gender who enrolled', 1: ''}, {0: 'Total part-time, first-time, first-year of another gender who enrolled', 1: ''}, {0: 'Total -time, first-time, first-year o\ngender who enrolled', 1: ''}, {0: 'Total part-time, first-time, first-year o\ngender who enrolled', 1: ''}]]","<table> <tr> <td> FIRST-TIME, FIRST YEAR STUDENT APPLICANTS </td> <td> TOTAL </td> </tr> <tr> <td> Total first-time, first-year men who applied </td> <td> </td> </tr> <tr> <td> Total first-time, first-year women who applied </td> <td> </td> </tr> <tr> <td> Total first-time, first-year of another gender who applied </td> <td> </td> </tr> <tr> <td> Total first-time, first-year of <br/> gender who applied </td> <td> </td> </tr> </table><div class=""separator""></div><table> <tr> <td> FIRST-TIME, FIRST YEAR STUDENT A </td> <td> TOTAL </td> </tr> <tr> <td> Total first-time, first-year men who were admitted </td> <td> </td> </tr> <tr> <td> Total first-time, first-year women who were admitted </td> <td> </td> </tr> <tr> <td> Total first-time, first-year of another gender who were admitted </td> <td> </td> </tr> <tr> <td> Total first-time, first-year of <br/> gender who were admitted </td> <td> </td> </tr> </table><div class=""separator""></div><table> <tr> <td> FIRST-TIME, FIRST YEAR STUDENT </td> <td> TOTAL </td> </tr> <tr> <td> Total first-time, first-year men who </td> <td> </td> </tr> <tr> <td> Total first-time, first-year women who </td> <td> </td> </tr> <tr> <td> Total first-time, first-year of another gender who </td> <td> </td> </tr> <tr> <td> Total first-time, first-year of <br/> gender who </td> <td> </td> </tr> </table><div class=""separator""></div><table> <tr> <td> FIRST-TIME, FIRST YEAR STUDENT </td> <td> TOTAL </td> </tr> <tr> <td> Total full-time, first-time, first-year men who enrolled </td> <td> </td> </tr> <tr> <td> Total part-time, first-time, first-year men who enrolled </td> <td> </td> </tr> <tr> <td> Total full-time, first-time, first-year women who enrolled </td> <td> </td> </tr> <tr> <td> Total part-time, first-time, first-year women who enrolled </td> <td> </td> </tr> <tr> <td> Total full-time, first-time, first-year of another gender who enrolled </td> <td> </td> </tr> <tr> <td> Total part-time, first-time, first-year of another gender who enrolled </td> <td> </td> </tr> <tr> <td> Total -time, first-time, first-year o <br/> gender who enrolled </td> <td> </td> </tr> <tr> <td> Total part-time, first-time, first-year o <br/> gender who enrolled </td> <td> </td> </tr> </table>",127060,../data/cds-docs/2024-2025/127060.pdf,2024-2025
C,2,C2,wait-listedstudents,"[[{0: 'WAITING LIST', 1: 'TOTAL'}, {0: 'Number of qualified applicants offered a place on waiting list:', 1: ''}, {0: 'Number accepting a place on the waiting list:', 1: ''}, {0: 'Number of wait-listed students admitted:', 1: ''}]]",<table> <tr> <td> WAITING LIST </td> <td> TOTAL </td> </tr> <tr> <td> Number of qualified applicants offered a place on waiting list: </td> <td> </td> </tr> <tr> <td> Number accepting a place on the waiting list: </td> <td> </td> </tr> <tr> <td> Number of wait-listed students admitted: </td> <td> </td> </tr> </table>,127060,../data/cds-docs/2024-2025/127060.pdf,2024-2025
C,5,C5,Distributionofhighschoolunitsrequiredand/orrecommended.Specifythedistributionofacademic high,"[[{0: '', 1: 'Units Required', 2: 'Units Recommended'}, {0: 'Total academic units', 1: '', 2: ''}, {0: 'English', 1: '', 2: ''}, {0: 'Mathematics', 1: '', 2: ''}, {0: 'Science', 1: '', 2: ''}, {0: 'Of these, units that must be lab', 1: '', 2: ''}, {0: 'Foreign language', 1: '', 2: ''}, {0: 'Social studies', 1: '', 2: ''}, {0: 'History', 1: '', 2: ''}, {0: 'Academic electives', 1: '', 2: ''}, {0: 'Computer Science', 1: '', 2: ''}, {0: 'Visual/Performing Arts', 1: '', 2: ''}, {0: 'Other (specify)', 1: '', 2: ''}]]","<table> <tr> <td> </td> <td> Units Required </td> <td> Units Recommended </td> </tr> <tr> <td> Total academic units </td> <td> </td> <td> </td> </tr> <tr> <td> English </td> <td> </td> <td> </td> </tr> <tr> <td> Mathematics </td> <td> </td> <td> </td> </tr> <tr> <td> Science </td> <td> </td> <td> </td> </tr> <tr> <td> Of these, units that must be lab </td> <td> </td> <td> </td> </tr> <tr> <td> Foreign language </td> <td> </td> <td> </td> </tr> <tr> <td> Social studies </td> <td> </td> <td> </td> </tr> <tr> <td> History </td> <td> </td> <td> </td> </tr> <tr> <td> Academic electives </td> <td> </td> <td> </td> </tr> <tr> <td> Computer Science </td> <td> </td> <td> </td> </tr> <tr> <td> Visual/Performing Arts </td> <td> </td> <td> </td> </tr> <tr> <td> Other (specify) </td> <td> </td> <td> </td> </tr> </table>",127060,../data/cds-docs/2024-2025/127060.pdf,2024-2025
C,9,C9,"Percent and numberof first-time, first-yearstudents enrolled in Fall 202 who submittednational","[[{0: 'Assessment', 1: '25th Percentile\nScore', 2: '50th Percentile\nScore', 3: '75th Percentile\nScore'}, {0: 'SAT Composite', 1: '', 2: '', 3: ''}, {0: 'SAT Evidence-Based\nReading and Writing', 1: '', 2: '', 3: ''}, {0: 'SAT Math', 1: '', 2: '', 3: ''}, {0: 'ACT Composite', 1: '', 2: '', 3: ''}, {0: 'ACT Math', 1: '', 2: '', 3: ''}, {0: 'ACT English', 1: '', 2: '', 3: ''}, {0: 'ACT Writing', 1: '', 2: '', 3: ''}, {0: 'ACT Science', 1: '', 2: '', 3: ''}, {0: 'ACT Reading', 1: '', 2: '', 3: ''}]]",<table> <tr> <td> Assessment </td> <td> 25th Percentile <br/> Score </td> <td> 50th Percentile <br/> Score </td> <td> 75th Percentile <br/> Score </td> </tr> <tr> <td> SAT Composite </td> <td> </td> <td> </td> <td> </td> </tr> <tr> <td> SAT Evidence-Based <br/> Reading and Writing </td> <td> </td> <td> </td> <td> </td> </tr> <tr> <td> SAT Math </td> <td> </td> <td> </td> <td> </td> </tr> <tr> <td> ACT Composite </td> <td> </td> <td> </td> <td> </td> </tr> <tr> <td> ACT Math </td> <td> </td> <td> </td> <td> </td> </tr> <tr> <td> ACT English </td> <td> </td> <td> </td> <td> </td> </tr> <tr> <td> ACT Writing </td> <td> </td> <td> </td> <td> </td> </tr> <tr> <td> ACT Science </td> <td> </td> <td> </td> <td> </td> </tr> <tr> <td> ACT Reading </td> <td> </td> <td> </td> <td> </td> </tr> </table>,127060,../data/cds-docs/2024-2025/127060.pdf,2024-2025
C,12,C12,"AveragehighschoolGPAofalldegree-seeking,first-time,first-yearstudentswho","[[{0: '', 1: '%'}, {0: 'Percent Submitting GPA', 1: ''}]]",<table> <tr> <td> </td> <td> % </td> </tr> <tr> <td> Percent Submitting GPA </td> <td> </td> </tr> </table>,127060,../data/cds-docs/2024-2025/127060.pdf,2024-2025
C,14,C14,Applicationclosingdate,"[[{0: '', 1: 'Month', 2: 'Day'}, {0: 'Application closing date (fall)', 1: '', 2: ''}, {0: 'Priority Date', 1: '', 2: ''}]]",<table> <tr> <td> </td> <td> Month </td> <td> Day </td> </tr> <tr> <td> Application closing date (fall) </td> <td> </td> <td> </td> </tr> <tr> <td> Priority Date </td> <td> </td> <td> </td> </tr> </table>,127060,../data/cds-docs/2024-2025/127060.pdf,2024-2025
D,2,D2,"Providethenumberofstudentswhoapplied,wereadmitted,andenrolledas degree-seekingtransfer","[[{0: '', 1: 'Applicants', 2: 'Admitted Applicants', 3: 'Enrolled Applicants'}, {0: 'Men', 1: '', 2: '', 3: ''}, {0: 'Women', 1: '', 2: '', 3: ''}, {0: 'Another Gender', 1: '', 2: '', 3: ''}, {0: 'Total', 1: '', 2: '', 3: ''}]]",<table> <tr> <td> </td> <td> Applicants </td> <td> Admitted Applicants </td> <td> Enrolled Applicants </td> </tr> <tr> <td> Men </td> <td> </td> <td> </td> <td> </td> </tr> <tr> <td> Women </td> <td> </td> <td> </td> <td> </td> </tr> <tr> <td> Another Gender </td> <td> </td> <td> </td> <td> </td> </tr> <tr> <td> Total </td> <td> </td> <td> </td> <td> </td> </tr> </table>,127060,../data/cds-docs/2024-2025/127060.pdf,2024-2025
D,5,D5,Indicateallitemsrequiredoftransferstudentstoapplyforadmission:,"[[{0: '', 1: 'Required of All', 2: 'Recommended\nof All', 3: 'Recommended\nof Some', 4: 'Required of\nSome', 5: 'Not Required'}, {0: 'High school transcript', 1: '', 2: '', 3: '', 4: '', 5: ''}, {0: 'College transcript(s)', 1: '', 2: '', 3: '', 4: '', 5: ''}, {0: 'Essay or personal statement', 1: '', 2: '', 3: '', 4: '', 5: ''}, {0: 'Interview', 1: '', 2: '', 3: '', 4: '', 5: ''}, {0: 'Standardized test scores', 1: '', 2: '', 3: '', 4: '', 5: ''}, {0: 'Statement of good standing\nfrom prior institution(s)', 1: '', 2: '', 3: '', 4: '', 5: ''}]]",<table> <tr> <td> </td> <td> Required of All </td> <td> Recommended <br/> of All </td> <td> Recommended <br/> of Some </td> <td> Required of <br/> Some </td> <td> Not Required </td> </tr> <tr> <td> High school transcript </td> <td> </td> <td> </td> <td> </td> <td> </td> <td> </td> </tr> <tr> <td> College transcript(s) </td> <td> </td> <td> </td> <td> </td> <td> </td> <td> </td> </tr> <tr> <td> Essay or personal statement </td> <td> </td> <td> </td> <td> </td> <td> </td> <td> </td> </tr> <tr> <td> Interview </td> <td> </td> <td> </td> <td> </td> <td> </td> <td> </td> </tr> <tr> <td> Standardized test scores </td> <td> </td> <td> </td> <td> </td> <td> </td> <td> </td> </tr> <tr> <td> Statement of good standing <br/> from prior institution(s) </td> <td> </td> <td> </td> <td> </td> <td> </td> <td> </td> </tr> </table>,127060,../data/cds-docs/2024-2025/127060.pdf,2024-2025
D,9,D9,"Listapplicationpriority,closing,notification,andcandidatereplydatesfortransferstudents.Ifapplicationsare","[[{0: '', 1: 'Priority Date\nMonth Day', 2: 'Closing Date\nMonth Day', 3: 'Notification Date\nMonth Day', 4: 'Reply Date\nMonth Day', 5: 'Rolling\nadmission'}, {0: 'Fall', 1: '', 2: '', 3: '', 4: '', 5: ''}, {0: 'Winter', 1: '', 2: '', 3: '', 4: '', 5: ''}, {0: 'Spring', 1: '', 2: '', 3: '', 4: '', 5: ''}, {0: 'Summer', 1: '', 2: '', 3: '', 4: '', 5: ''}]]",<table> <tr> <td> </td> <td> Priority Date <br/> Month Day </td> <td> Closing Date <br/> Month Day </td> <td> Notification Date <br/> Month Day </td> <td> Reply Date <br/> Month Day </td> <td> Rolling <br/> admission </td> </tr> <tr> <td> Fall </td> <td> </td> <td> </td> <td> </td> <td> </td> <td> </td> </tr> <tr> <td> Winter </td> <td> </td> <td> </td> <td> </td> <td> </td> <td> </td> </tr> <tr> <td> Spring </td> <td> </td> <td> </td> <td> </td> <td> </td> <td> </td> </tr> <tr> <td> Summer </td> <td> </td> <td> </td> <td> </td> <td> </td> <td> </td> </tr> </table>,127060,../data/cds-docs/2024-2025/127060.pdf,2024-2025
F,1,F1,"Percentagesoffirst-time,first-yeardegree-seekingstudentsanddegree-seeking","[[{0: '', 1: 'First-time, first\ufffe\nyear students', 2: 'Undergraduates'}, {0: 'Percent who are from out of state (exclude international/nonresident\nfrom the numerator and denominator)', 1: '', 2: ''}, {0: 'Percent of men who join fraternities', 1: '', 2: ''}, {0: 'Percent of women who join sororities', 1: '', 2: ''}, {0: 'Percent who live in college-owned, -operated, or -affiliated housing', 1: '', 2: ''}, {0: 'Percent who live off campus or commute', 1: '', 2: ''}, {0: 'Percent of students age 25 and older', 1: '', 2: ''}, {0: 'Average age of full-time students', 1: '', 2: ''}, {0: 'Average age of all students (full- and part-time)', 1: '', 2: ''}]]","<table> <tr> <td> </td> <td> First-time, first￾ <br/> year students </td> <td> Undergraduates </td> </tr> <tr> <td> Percent who are from out of state (exclude international/nonresident <br/> from the numerator and denominator) </td> <td> </td> <td> </td> </tr> <tr> <td> Percent of men who join fraternities </td> <td> </td> <td> </td> </tr> <tr> <td> Percent of women who join sororities </td> <td> </td> <td> </td> </tr> <tr> <td> Percent who live in college-owned, -operated, or -affiliated housing </td> <td> </td> <td> </td> </tr> <tr> <td> Percent who live off campus or commute </td> <td> </td> <td> </td> </tr> <tr> <td> Percent of students age 25 and older </td> <td> </td> <td> </td> </tr> <tr> <td> Average age of full-time students </td> <td> </td> <td> </td> </tr> <tr> <td> Average age of all students (full- and part-time) </td> <td> </td> <td> </td> </tr> </table>",127060,../data/cds-docs/2024-2025/127060.pdf,2024-2025
G,1,G1,"Undergraduatefull-timetuition,requiredfees,","[[{0: '', 1: 'FIRST-YEAR', 2: 'UNDERGRADUATES'}, {0: 'PRIVATE INSTITUTION', 1: '', 2: ''}, {0: 'Tuition:', 1: '', 2: ''}, {0: 'PUBLIC INSTITUTION', 1: '', 2: ''}, {0: 'Tuition: In-district:', 1: '', 2: ''}, {0: 'Tuition: In-state (out-of-district):', 1: '', 2: ''}, {0: 'Tuition: Out-of-state:', 1: '', 2: ''}, {0: 'Tuition: Non-resident', 1: '', 2: ''}, {0: 'FOR ALL INSTITUTIONS', 1: '', 2: ''}, {0: 'Required Fees', 1: '', 2: ''}, {0: '(on-campus):', 1: '', 2: ''}, {0: 'Only (on-campus):', 1: '', 2: ''}, {0: 'Only (on-campus meal plan):', 1: '', 2: ''}]]",<table> <tr> <td> </td> <td> FIRST-YEAR </td> <td> UNDERGRADUATES </td> </tr> <tr> <td> PRIVATE INSTITUTION </td> <td> </td> <td> </td> </tr> <tr> <td> Tuition: </td> <td> </td> <td> </td> </tr> <tr> <td> PUBLIC INSTITUTION </td> <td> </td> <td> </td> </tr> <tr> <td> Tuition: In-district: </td> <td> </td> <td> </td> </tr> <tr> <td> Tuition: In-state (out-of-district): </td> <td> </td> <td> </td> </tr> <tr> <td> Tuition: Out-of-state: </td> <td> </td> <td> </td> </tr> <tr> <td> Tuition: Non-resident </td> <td> </td> <td> </td> </tr> <tr> <td> FOR ALL INSTITUTIONS </td> <td> </td> <td> </td> </tr> <tr> <td> Required Fees </td> <td> </td> <td> </td> </tr> <tr> <td> (on-campus): </td> <td> </td> <td> </td> </tr> <tr> <td> Only (on-campus): </td> <td> </td> <td> </td> </tr> <tr> <td> Only (on-campus meal plan): </td> <td> </td> <td> </td> </tr> </table>,127060,../data/cds-docs/2024-2025/127060.pdf,2024-2025
G,5,G5,Providetheestimatedexpensesforatypicalfull-timeundergraduatestudent:,"[[{0: '', 1: 'Residents', 2: 'Commuters\n(living at home)', 3: 'Commuters\n(not living at\nhome)'}, {0: 'Books and supplies:', 1: '', 2: '', 3: ''}, {0: 'only:', 1: '', 2: '', 3: ''}, {0: 'only:', 1: '', 2: '', 3: ''}, {0: 'total*', 1: '', 2: '', 3: ''}, {0: 'Transportation:', 1: '', 2: '', 3: ''}, {0: 'Other expenses:', 1: '', 2: '', 3: ''}]]","<table> <tr> <td> </td> <td> Residents </td> <td> Commuters <br/> (living at home) </td> <td> Commuters <br/> (not living at <br/> home) </td> </tr> <tr> <td> Books and supplies: </td> <td> </td> <td> </td> <td> </td> </tr> <tr> <td> only: </td> <td colspan=""2""> </td> <td> </td> </tr> <tr> <td> only: </td> <td> </td> <td> </td> <td> </td> </tr> <tr> <td> total* </td> <td colspan=""2""> </td> <td> </td> </tr> <tr> <td> Transportation: </td> <td> </td> <td> </td> <td> </td> </tr> <tr> <td> Other expenses: </td> <td> </td> <td> </td> <td> </td> </tr> </table>",127060,../data/cds-docs/2024-2025/127060.pdf,2024-2025
H,1,H1,Enter total dollar amounts awarded to enrolled full-time and less than full-time degree-seeking,"[[{0: '', 1: 'Need-based\n(Include non-need\ufffe\nbased aid use to\nmeet need.)', 2: 'Non-need-based\n(Exclude non-need\ufffe\nbased aid use to\nmeet need.)'}, {0: 'Scholarships/Grants', 1: '', 2: ''}, {0: 'Federal', 1: '', 2: ''}, {0: 'State all states, not only the state in which your institution\nis located', 1: '', 2: ''}, {0: 'Institutional: Endowed scholarships, annual gifts and\ntuition funded grants, awarded by the college, excluding\nathletic aid and tuition waivers (which are reported below).', 1: '', 2: ''}, {0: 'Scholarships/grants from external sources (e.g.\nKiwanis, National Merit) not awarded by the college', 1: '', 2: ''}, {0: 'Total Scholarships/Grants', 1: '', 2: ''}, {0: 'Self-Help', 1: '', 2: ''}, {0: 'Student loans from all sources (excluding parent loans)', 1: '', 2: ''}, {0: 'Federal Work-Study', 1: '', 2: ''}, {0: 'State and other (e.g., institutional) work-study/employment\n(Note: Excludes Federal Work-Study captured above.)', 1: '', 2: ''}, {0: 'Total Self-Help', 1: '', 2: ''}, {0: 'Parent Loans', 1: '', 2: ''}]]","<table> <tr> <td> </td> <td> Need-based <br/> (Include non-need￾ <br/> based aid use to <br/> meet need.) </td> <td> Non-need-based <br/> (Exclude non-need￾ <br/> based aid use to <br/> meet need.) </td> </tr> <tr> <td> Scholarships/Grants </td> <td> </td> <td> </td> </tr> <tr> <td> Federal </td> <td> </td> <td> </td> </tr> <tr> <td> State all states, not only the state in which your institution <br/> is located </td> <td> </td> <td> </td> </tr> <tr> <td> Institutional: Endowed scholarships, annual gifts and <br/> tuition funded grants, awarded by the college, excluding <br/> athletic aid and tuition waivers (which are reported below). </td> <td> </td> <td> </td> </tr> <tr> <td> Scholarships/grants from external sources (e.g. <br/> Kiwanis, National Merit) not awarded by the college </td> <td> </td> <td> </td> </tr> <tr> <td> Total Scholarships/Grants </td> <td> </td> <td> </td> </tr> <tr> <td> Self-Help </td> <td> </td> <td> </td> </tr> <tr> <td> Student loans from all sources (excluding parent loans) </td> <td> </td> <td> </td> </tr> <tr> <td> Federal Work-Study </td> <td> </td> <td> </td> </tr> <tr> <td> State and other (e.g., institutional) work-study/employment <br/> (Note: Excludes Federal Work-Study captured above.) </td> <td> </td> <td> </td> </tr> <tr> <td> Total Self-Help </td> <td> </td> <td> </td> </tr> <tr> <td> Parent Loans </td> <td> </td> <td> </td> </tr> </table>",127060,../data/cds-docs/2024-2025/127060.pdf,2024-2025
H,2,H2,NumberofEnrolledStudentsAwardedAid:Listthenumberofdegree-seekingfull-timeandless-than-full-,"[[{0: '', 1: '', 2: 'F -time\nF -time\nF', 3: 'Full-time\nUndergrad\n(Incl. Fresh)', 4: 'Less Than\nFull-time\nUndergrad'}, {0: 'A', 1: 'Number of degree-seeking undergraduate students (CDS\nItem B1 if reporting on Fall 202 cohort)', 2: '', 3: '', 4: ''}, {0: 'B', 1: 'Number of students in line a who applied for need-based\nfinancial aid', 2: '', 3: '', 4: ''}, {0: 'C', 1: 'Number of students in line b who were determined to have\nfinancial need', 2: '', 3: '', 4: ''}, {0: 'D', 1: 'Number of students in line c who were awarded any financial aid', 2: '', 3: '', 4: ''}, {0: 'E', 1: 'Number of students in line d who were awarded any need-based\nscholarship or grant aid', 2: '', 3: '', 4: ''}, {0: 'F', 1: 'Number of students in line d who were awarded any need-based\nself-help aid', 2: '', 3: '', 4: ''}, {0: 'G', 1: 'Number of students in line d who were awarded any non-need\ufffe\nbased scholarship or grant aid', 2: '', 3: '', 4: ''}, {0: 'H', 1: 'Number of students in line d whose need was fully met (exclude\nline d\nneed\nPLUS loans, unsubsidized loans, and private alternative loans)\nPLUS loans, unsubsidized loans, and private alternative loans)', 2: '', 3: '', 4: ''}, {0: 'I', 1: 'On average, the percentage of need that was met of students\nwho were awarded any need-based aid. Exclude any aid that\nwas awarded in excess of need as well as any resources that\nwas awarded in excess of need as well as any resources that\nwere awarded to replace EFC (PLUS loans, unsubsidized loans,\nwere\nunsubsidized loans,\nand private alternative loans)\nand private alter', 2: '', 3: '', 4: ''}, {0: 'J', 1: 'The average financial aid package of those in line d. Exclude\nany resources that were awarded to replace EFC (PLUS loans,\nresources\nwere awarded\nunsubsidized loans, and private alternative loans)\nunsubsidized loans, and private alternative loans', 2: '', 3: '', 4: ''}, {0: 'K', 1: 'Average need-based scholarship or grant award of those in line\ne', 2: '', 3: '', 4: ''}, {0: 'L', 1: 'Average need-based self-help award (excluding PLUS loans,\nAverage need excluding PLUS loans,\nbased and self\nunsubsidized loans, and private alternative loans) of those in line\nunsubsidized\nf', 2: '', 3: '', 4: ''}], [{0: '', 1: '', 2: 'F -time\nF -time', 3: 'Full-time\nUndergrad\n(Incl.\nFresh)', 4: 'Less Than\nFull-time\nUndergrad'}, {0: 'N', 1: 'Number of students in line a who had no financial need and who\nwere awarded institutional non-need-based scholarship or grant\naid (exclude those who were awarded athletic awards and tuition\nbenefits)', 2: '', 3: '', 4: ''}, {0: 'O', 1: 'Average dollar amount of institutional non-need-based\nscholarship and grant aid awarded to students in line n', 2: '', 3: '', 4: ''}, {0: 'P', 1: 'Number of students in line a who were awarded an institutional\nnon-need-based athletic scholarship or grant', 2: '', 3: '', 4: ''}, {0: 'Q', 1: 'Average dollar amount of institutional non-need-based athletic\nscholarships and grants awarded to students in line p', 2: '', 3: '', 4: ''}]]","<table> <tr> <td> </td> <td> </td> <td> F -time <br/> F -time <br/> F </td> <td> Full-time <br/> Undergrad <br/> (Incl. Fresh) </td> <td> Less Than <br/> Full-time <br/> Undergrad </td> </tr> <tr> <td> A </td> <td> Number of degree-seeking undergraduate students (CDS <br/> Item B1 if reporting on Fall 202 cohort) </td> <td> </td> <td> </td> <td> </td> </tr> <tr> <td> B </td> <td> Number of students in line a who applied for need-based <br/> financial aid </td> <td> </td> <td> </td> <td> </td> </tr> <tr> <td> C </td> <td> Number of students in line b who were determined to have <br/> financial need </td> <td> </td> <td> </td> <td> </td> </tr> <tr> <td> D </td> <td> Number of students in line c who were awarded any financial aid </td> <td> </td> <td> </td> <td> </td> </tr> <tr> <td> E </td> <td> Number of students in line d who were awarded any need-based <br/> scholarship or grant aid </td> <td> </td> <td> </td> <td> </td> </tr> <tr> <td> F </td> <td> Number of students in line d who were awarded any need-based <br/> self-help aid </td> <td> </td> <td> </td> <td> </td> </tr> <tr> <td> G </td> <td> Number of students in line d who were awarded any non-need￾ <br/> based scholarship or grant aid </td> <td> </td> <td> </td> <td> </td> </tr> <tr> <td> H </td> <td> Number of students in line d whose need was fully met (exclude <br/> line d <br/> need <br/> PLUS loans, unsubsidized loans, and private alternative loans) <br/> PLUS loans, unsubsidized loans, and private alternative loans) </td> <td> </td> <td> </td> <td> </td> </tr> <tr> <td> I </td> <td> On average, the percentage of need that was met of students <br/> who were awarded any need-based aid. Exclude any aid that <br/> was awarded in excess of need as well as any resources that <br/> was awarded in excess of need as well as any resources that <br/> were awarded to replace EFC (PLUS loans, unsubsidized loans, <br/> were <br/> unsubsidized loans, <br/> and private alternative loans) <br/> and private alter </td> <td> </td> <td> </td> <td> </td> </tr> <tr> <td> J </td> <td> The average financial aid package of those in line d. Exclude <br/> any resources that were awarded to replace EFC (PLUS loans, <br/> resources <br/> were awarded <br/> unsubsidized loans, and private alternative loans) <br/> unsubsidized loans, and private alternative loans </td> <td> </td> <td> </td> <td> </td> </tr> <tr> <td> K </td> <td> Average need-based scholarship or grant award of those in line <br/> e </td> <td> </td> <td> </td> <td> </td> </tr> <tr> <td> L </td> <td> Average need-based self-help award (excluding PLUS loans, <br/> Average need excluding PLUS loans, <br/> based and self <br/> unsubsidized loans, and private alternative loans) of those in line <br/> unsubsidized <br/> f </td> <td> </td> <td> </td> <td> </td> </tr> </table><div class=""separator""></div><table> <tr> <td> </td> <td> </td> <td> F -time <br/> F -time </td> <td> Full-time <br/> Undergrad <br/> (Incl. <br/> Fresh) </td> <td> Less Than <br/> Full-time <br/> Undergrad </td> </tr> <tr> <td> N </td> <td> Number of students in line a who had no financial need and who <br/> were awarded institutional non-need-based scholarship or grant <br/> aid (exclude those who were awarded athletic awards and tuition <br/> benefits) </td> <td> </td> <td> </td> <td> </td> </tr> <tr> <td> O </td> <td> Average dollar amount of institutional non-need-based <br/> scholarship and grant aid awarded to students in line n </td> <td> </td> <td> </td> <td> </td> </tr> <tr> <td> P </td> <td> Number of students in line a who were awarded an institutional <br/> non-need-based athletic scholarship or grant </td> <td> </td> <td> </td> <td> </td> </tr> <tr> <td> Q </td> <td> Average dollar amount of institutional non-need-based athletic <br/> scholarships and grants awarded to students in line p </td> <td> </td> <td> </td> <td> </td> </tr> </table>",127060,../data/cds-docs/2024-2025/127060.pdf,2024-2025
H,5,H5,"Number and percent of students in class (defined in H4 above) borrowing from federal, non-federal,","[[{0: '', 1: 'Source/Type of Loan', 2: 'Number in the\nclass (defined in\nH4 above) who\nborrowed from\nthe types of\nloans specified\nin the first\ncolumn', 3: 'Percent of the\nclass (defined\nabove) who\nborrowed from\nthe types of\nloans specified\nin the first\ncolumn\n(nearest 1%)', 4: 'Average per\ufffe\nundergraduate\ufffe\nborrower\ncumulative\nprincipal\nborrowed from the\ntypes of loans\nspecified in the\nfirst\ncolumn (nearest\n(nearest'}, {0: 'A', 1: 'Any loan program: Federal Perkins,\nFederal Stafford Subsidized and\nUnsubsidized, institutional, state, private\nloans that your institution is aware of, etc.\nInclude both Federal Direct Student Loans\nand Federal Family Education Loans', 2: '', 3: '', 4: ''}, {0: 'B', 1: 'Federal loan programs: Federal Perkins,\nFederal Stafford Subsidized and\nUnsubsidized. Include both Federal Direct\nStudent Loans and Federal Family\nEducation Loans', 2: '', 3: '', 4: ''}, {0: 'C', 1: 'Institutional loan programs', 2: '', 3: '', 4: ''}, {0: 'D', 1: 'State loan programs', 2: '', 3: '', 4: ''}, {0: 'E', 1: 'Private student loans made by a bank or\nlender', 2: '', 3: '', 4: ''}]]","<table> <tr> <td> </td> <td> Source/Type of Loan </td> <td> Number in the <br/> class (defined in <br/> H4 above) who <br/> borrowed from <br/> the types of <br/> loans specified <br/> in the first <br/> column </td> <td> Percent of the <br/> class (defined <br/> above) who <br/> borrowed from <br/> the types of <br/> loans specified <br/> in the first <br/> column <br/> (nearest 1%) </td> <td> Average per￾ <br/> undergraduate￾ <br/> borrower <br/> cumulative <br/> principal <br/> borrowed from the <br/> types of loans <br/> specified in the <br/> first <br/> column (nearest <br/> (nearest </td> </tr> <tr> <td> A </td> <td> Any loan program: Federal Perkins, <br/> Federal Stafford Subsidized and <br/> Unsubsidized, institutional, state, private <br/> loans that your institution is aware of, etc. <br/> Include both Federal Direct Student Loans <br/> and Federal Family Education Loans </td> <td> </td> <td> </td> <td> </td> </tr> <tr> <td> B </td> <td> Federal loan programs: Federal Perkins, <br/> Federal Stafford Subsidized and <br/> Unsubsidized. Include both Federal Direct <br/> Student Loans and Federal Family <br/> Education Loans </td> <td> </td> <td> </td> <td> </td> </tr> <tr> <td> C </td> <td> Institutional loan programs </td> <td> </td> <td> </td> <td> </td> </tr> <tr> <td> D </td> <td> State loan programs </td> <td> </td> <td> </td> <td> </td> </tr> <tr> <td> E </td> <td> Private student loans made by a bank or <br/> lender </td> <td> </td> <td> </td> <td> </td> </tr> </table>",127060,../data/cds-docs/2024-2025/127060.pdf,2024-2025
H,14,H14,Checkoffcriteriausedinawardinginstitutionalaid.Checkallthatapply.,"[[{0: '', 1: 'Non-Need Based', 2: 'Need-Based'}, {0: 'Academics', 1: '', 2: ''}, {0: 'Alumni affiliation', 1: '', 2: ''}, {0: 'Art', 1: '', 2: ''}, {0: 'Athletics', 1: '', 2: ''}, {0: 'Job skills', 1: '', 2: ''}, {0: 'ROTC', 1: '', 2: ''}, {0: 'Leadership', 1: '', 2: ''}, {0: 'Music/drama', 1: '', 2: ''}, {0: 'Religious affiliation', 1: '', 2: ''}, {0: 'State/district residency', 1: '', 2: ''}]]",<table> <tr> <td> </td> <td> Non-Need Based </td> <td> Need-Based </td> </tr> <tr> <td> Academics </td> <td> </td> <td> </td> </tr> <tr> <td> Alumni affiliation </td> <td> </td> <td> </td> </tr> <tr> <td> Art </td> <td> </td> <td> </td> </tr> <tr> <td> Athletics </td> <td> </td> <td> </td> </tr> <tr> <td> Job skills </td> <td> </td> <td> </td> </tr> <tr> <td> ROTC </td> <td> </td> <td> </td> </tr> <tr> <td> Leadership </td> <td> </td> <td> </td> </tr> <tr> <td> Music/drama </td> <td> </td> <td> </td> </tr> <tr> <td> Religious affiliation </td> <td> </td> <td> </td> </tr> <tr> <td> State/district residency </td> <td> </td> <td> </td> </tr> </table>,127060,../data/cds-docs/2024-2025/127060.pdf,2024-2025
B,1,B1,Institutional Enrollment,"[[{0: '', 1: 'Men', 2: 'Men', 3: 'Women', 4: 'Women', 5: 'Another Gender', 6: 'Another Gender'}, {0: '', 1: 'Enrollment Full Time', 2: 'Enrollment Part Time', 3: 'Enrollment Full Time', 4: 'Enrollment Part Time', 5: 'Enrollment Full Time', 6: 'Enrollment Part Time'}, {0: 'UNDERGRADUATE STUDENTS', 1: 'UNDERGRADUATE STUDENTS', 2: 'UNDERGRADUATE STUDENTS', 3: 'UNDERGRADUATE STUDENTS', 4: 'UNDERGRADUATE STUDENTS', 5: 'UNDERGRADUATE STUDENTS', 6: 'UNDERGRADUATE STUDENTS'}, {0: 'Degree-seeking, first-time, first-year\nstudents', 1: '621.0', 2: '12.0', 3: '817.0', 4: '8.0', 5: '', 6: ''}, {0: 'Other first-year, degree-seeking students', 1: '82.0', 2: '14.0', 3: '86.0', 4: '24.0', 5: '', 6: ''}, {0: 'All other degree-seeking undergraduate\nstudents', 1: '1,860.0', 2: '129.0', 3: '2,285.0', 4: '121.0', 5: '', 6: ''}, {0: 'Total degree-seeking undergraduate students', 1: '2,563.0', 2: '155.0', 3: '3,188.0', 4: '153.0', 5: '0.0', 6: '0.0'}, {0: 'All other undergraduates enrolled in credit\ncourses', 1: '0.0', 2: '146.0', 3: '4.0', 4: '203.0', 5: '', 6: ''}, {0: 'Total Undergraduate Students', 1: '2,563.0', 2: '301.0', 3: '3,192.0', 4: '356.0', 5: '0.0', 6: '0.0'}, {0: '', 1: '', 2: '', 3: '', 4: '308.0', 5: '', 6: ''}, {0: '', 1: '', 2: '', 3: '', 4: '5,751.0', 5: '', 6: ''}, {0: '', 1: '', 2: '', 3: '', 4: '6,059.0', 5: '', 6: ''}, {0: '', 1: '', 2: '', 3: '', 4: '6,412.0', 5: '', 6: ''}], [{0: '', 1: 'Men', 2: 'Men', 3: 'Women', 4: 'Women', 5: 'Another Gender', 6: 'Another Gender'}, {0: '', 1: 'Enrollment Full Time', 2: 'Enrollment Part Time', 3: 'Enrollment Full Time', 4: 'Enrollment Part Time', 5: 'Enrollment Full Time', 6: 'Enrollment Part Time'}, {0: 'GRADUATE STUDENTS', 1: 'GRADUATE STUDENTS', 2: 'GRADUATE STUDENTS', 3: 'GRADUATE STUDENTS', 4: 'GRADUATE STUDENTS', 5: 'GRADUATE STUDENTS', 6: 'GRADUATE STUDENTS'}, {0: 'Degree-seeking, first-time', 1: '341.0', 2: '427.0', 3: '800.0', 4: '768.0', 5: '', 6: ''}, {0: 'All other degree-seeking', 1: '499.0', 2: '1,008.0', 3: '1,155.0', 4: '1,841.0', 5: '', 6: ''}]]","<table> <tr> <td> </td> <td colspan=""2""> Men </td> <td colspan=""2""> Women </td> <td colspan=""2""> Another Gender </td> </tr> <tr> <td> </td> <td> Enrollment Full Time </td> <td> Enrollment Part Time </td> <td> Enrollment Full Time </td> <td> Enrollment Part Time </td> <td> Enrollment Full Time </td> <td> Enrollment Part Time </td> </tr> <tr> <td colspan=""7""> UNDERGRADUATE STUDENTS </td> </tr> <tr> <td> Degree-seeking, first-time, first-year <br/> students </td> <td> 621.0 </td> <td> 12.0 </td> <td> 817.0 </td> <td> 8.0 </td> <td> </td> <td> </td> </tr> <tr> <td> Other first-year, degree-seeking students </td> <td> 82.0 </td> <td> 14.0 </td> <td> 86.0 </td> <td> 24.0 </td> <td> </td> <td> </td> </tr> <tr> <td> All other degree-seeking undergraduate <br/> students </td> <td> 1,860.0 </td> <td> 129.0 </td> <td> 2,285.0 </td> <td> 121.0 </td> <td> </td> <td> </td> </tr> <tr> <td> Total degree-seeking undergraduate students </td> <td> 2,563.0 </td> <td> 155.0 </td> <td> 3,188.0 </td> <td> 153.0 </td> <td> 0.0 </td> <td> 0.0 </td> </tr> <tr> <td> All other undergraduates enrolled in credit <br/> courses </td> <td> 0.0 </td> <td> 146.0 </td> <td> 4.0 </td> <td> 203.0 </td> <td> </td> <td> </td> </tr> <tr> <td> Total Undergraduate Students </td> <td> 2,563.0 </td> <td> 301.0 </td> <td> 3,192.0 </td> <td> 356.0 </td> <td> 0.0 </td> <td> 0.0 </td> </tr> <tr> <td colspan=""4""> </td> <td> 308.0 </td> <td colspan=""2""> </td> </tr> <tr> <td colspan=""4""> </td> <td> 5,751.0 </td> <td colspan=""2""> </td> </tr> <tr> <td colspan=""4""> </td> <td> 6,059.0 </td> <td colspan=""2""> </td> </tr> <tr> <td colspan=""4""> </td> <td> 6,412.0 </td> <td colspan=""2""> </td> </tr> </table><div class=""separator""></div><table> <tr> <td> </td> <td colspan=""2""> Men </td> <td colspan=""2""> Women </td> <td colspan=""2""> Another Gender </td> </tr> <tr> <td> </td> <td> Enrollment Full Time </td> <td> Enrollment Part Time </td> <td> Enrollment Full Time </td> <td> Enrollment Part Time </td> <td> Enrollment Full Time </td> <td> Enrollment Part Time </td> </tr> <tr> <td colspan=""7""> GRADUATE STUDENTS </td> </tr> <tr> <td> Degree-seeking, first-time </td> <td> 341.0 </td> <td> 427.0 </td> <td> 800.0 </td> <td> 768.0 </td> <td> </td> <td> </td> </tr> <tr> <td> All other degree-seeking </td> <td> 499.0 </td> <td> 1,008.0 </td> <td> 1,155.0 </td> <td> 1,841.0 </td> <td> </td> <td> </td> </tr> </table>",127060,../data/cds-docs/2023-2024/127060.pdf,2023-2024
B,4,B4,- B21. Graduation Rates,"[[{0: '2017 COHORT (AY - 7)', 1: '2017 COHORT (AY - 7)', 2: '2017 COHORT (AY - 7)', 3: '2017 COHORT (AY - 7)'}, {0: 'Recipients\nof a Federal\nPell Grant', 1: 'Recipients of\na Subsidized\nStafford\nreceive Loan, did Grant not who a Pell', 2: 'Students\nwho receive did not\neither a Pell\nsubsidized Grant or a\nStafford\nLoan', 3: 'Total'}]]","<table> <tr> <td colspan=""4""> 2017 COHORT (AY - 7) </td> </tr> <tr> <td> Recipients <br/> of a Federal <br/> Pell Grant </td> <td> Recipients of <br/> a Subsidized <br/> Stafford <br/> receive Loan, did Grant not who a Pell </td> <td> Students <br/> who receive did not <br/> either a Pell <br/> subsidized Grant or a <br/> Stafford <br/> Loan </td> <td> Total </td> </tr> </table>",127060,../data/cds-docs/2023-2024/127060.pdf,2023-2024
C,1,C1,"Applications: First-time, First-year Students","[[{0: '', 1: 'In-State', 2: 'Out-of-State', 3: 'International', 4: 'Total'}, {0: 'Total first-time, first-year (degree seeking) who applied', 1: '5,589.0', 2: '12,704.0', 3: '921.0', 4: '19,214.0'}, {0: 'Total first-time, first-year (degree seeking) who were admitted', 1: '3,539.0', 2: '9,603.0', 3: '537.0', 4: '13,679.0'}, {0: 'Total first-time, first-year (degree seeking) enrolled', 1: '404.0', 2: '1,006.0', 3: '48.0', 4: '1,458.0'}]]","<table> <tr> <td> </td> <td> In-State </td> <td> Out-of-State </td> <td> International </td> <td> Total </td> </tr> <tr> <td> Total first-time, first-year (degree seeking) who applied </td> <td> 5,589.0 </td> <td> 12,704.0 </td> <td> 921.0 </td> <td> 19,214.0 </td> </tr> <tr> <td> Total first-time, first-year (degree seeking) who were admitted </td> <td> 3,539.0 </td> <td> 9,603.0 </td> <td> 537.0 </td> <td> 13,679.0 </td> </tr> <tr> <td> Total first-time, first-year (degree seeking) enrolled </td> <td> 404.0 </td> <td> 1,006.0 </td> <td> 48.0 </td> <td> 1,458.0 </td> </tr> </table>",127060,../data/cds-docs/2023-2024/127060.pdf,2023-2024
C,5,C5,Admission Requirements: High School Units Required/Recommended,"[[{0: '', 1: 'Required Units', 2: 'Recommended Units'}, {0: 'Total Academic Units', 1: '', 2: ''}, {0: 'English', 1: '', 2: '4.0'}, {0: 'Mathematics', 1: '', 2: '3.0'}, {0: 'Science', 1: '', 2: '3.0'}, {0: 'of Science Units, how many units must be lab', 1: '', 2: '2.0'}, {0: 'Foreign language', 1: '', 2: '2.0'}, {0: 'Social Studies', 1: '', 2: '3.0'}, {0: 'History', 1: '', 2: ''}, {0: 'Computer Science', 1: '', 2: ''}, {0: 'Visual/Performing Arts', 1: '', 2: ''}, {0: 'Academic Electives', 1: '', 2: ''}]]","<table> <tr> <td> </td> <td> Required Units </td> <td> Recommended Units </td> </tr> <tr> <td> Total Academic Units </td> <td> </td> <td> </td> </tr> <tr> <td> English </td> <td> </td> <td> 4.0 </td> </tr> <tr> <td> Mathematics </td> <td> </td> <td> 3.0 </td> </tr> <tr> <td> Science </td> <td> </td> <td> 3.0 </td> </tr> <tr> <td> of Science Units, how many units must be lab </td> <td> </td> <td> 2.0 </td> </tr> <tr> <td> Foreign language </td> <td> </td> <td> 2.0 </td> </tr> <tr> <td> Social Studies </td> <td> </td> <td> 3.0 </td> </tr> <tr> <td> History </td> <td> </td> <td> </td> </tr> <tr> <td> Computer Science </td> <td> </td> <td> </td> </tr> <tr> <td> Visual/Performing Arts </td> <td> </td> <td> </td> </tr> <tr> <td> Academic Electives </td> <td> </td> <td> </td> </tr> </table>",127060,../data/cds-docs/2023-2024/127060.pdf,2023-2024
C,9,C9,"First-time, first-year profile: National standardized test scores (SAT/ACT)","[[{0: '27%', 1: '399'}, {0: '16%', 1: '239'}], [{0: '1220', 1: '1300', 2: '1370'}, {0: '620', 1: '660', 2: '700'}, {0: '600', 1: '640', 2: '690'}, {0: '28', 1: '30', 2: '32'}, {0: '26', 1: '27', 2: '30'}, {0: '27', 1: '31', 2: '34'}, {0: '30', 1: '32', 2: '34'}, {0: '27', 1: '29', 2: '32'}], [{0: 'SAT Evidence\ufffe\nBased Reading\nand Writing', 1: 'SAT Math'}, {0: '30%', 1: '23%'}, {0: '54%', 1: '53%'}, {0: '13%', 1: '21%'}, {0: '3%', 1: '2%'}, {0: '0%', 1: '1%'}, {0: '0%', 1: '0%'}, {0: '100%', 1: '100%'}], [{0: 'ACT English', 1: 'ACT Math', 2: 'ACT Reading', 3: 'ACT Science'}, {0: '58%', 1: '29%', 2: '78%', 3: '47%'}]]","<table> <tr> <td> 27% </td> <td> 399 </td> </tr> <tr> <td> 16% </td> <td> 239 </td> </tr> </table><div class=""separator""></div><table> <tr> <td> 1220 </td> <td> 1300 </td> <td> 1370 </td> </tr> <tr> <td> 620 </td> <td> 660 </td> <td> 700 </td> </tr> <tr> <td> 600 </td> <td> 640 </td> <td> 690 </td> </tr> <tr> <td> 28 </td> <td> 30 </td> <td> 32 </td> </tr> <tr> <td> 26 </td> <td> 27 </td> <td> 30 </td> </tr> <tr> <td> 27 </td> <td> 31 </td> <td> 34 </td> </tr> <tr> <td> 30 </td> <td> 32 </td> <td> 34 </td> </tr> <tr> <td> 27 </td> <td> 29 </td> <td> 32 </td> </tr> </table><div class=""separator""></div><table> <tr> <td> SAT Evidence￾ <br/> Based Reading <br/> and Writing </td> <td> SAT Math </td> </tr> <tr> <td> 30% </td> <td> 23% </td> </tr> <tr> <td> 54% </td> <td> 53% </td> </tr> <tr> <td> 13% </td> <td> 21% </td> </tr> <tr> <td> 3% </td> <td> 2% </td> </tr> <tr> <td> 0% </td> <td> 1% </td> </tr> <tr> <td> 0% </td> <td> 0% </td> </tr> <tr> <td> 100% </td> <td> 100% </td> </tr> </table><div class=""separator""></div><table> <tr> <td> ACT English </td> <td> ACT Math </td> <td> ACT Reading </td> <td> ACT Science </td> </tr> <tr> <td> 58% </td> <td> 29% </td> <td> 78% </td> <td> 47% </td> </tr> </table>",127060,../data/cds-docs/2023-2024/127060.pdf,2023-2024
C,11,C11,High School Grade Point Ranges,"[[{0: '55.3%', 1: '35.9%', 2: '44.2%'}, {0: '20.3%', 1: '24.3%', 2: '22.6%'}, {0: '10.7%', 1: '17.6%', 2: '14.6%'}, {0: '6.3%', 1: '11.8%', 2: '9.5%'}, {0: '5.1%', 1: '8.1%', 2: '6.8%'}, {0: '2.3%', 1: '2.3%', 2: '2.3%'}, {0: '0.0%', 1: '0.0%', 2: '0.0%'}, {0: '0.0%', 1: '0.0%', 2: '0.0%'}, {0: '0.0%', 1: '0.0%', 2: '0.0%'}, {0: '100.0%', 1: '100.0%', 2: '100.0%'}]]",<table> <tr> <td> 55.3% </td> <td> 35.9% </td> <td> 44.2% </td> </tr> <tr> <td> 20.3% </td> <td> 24.3% </td> <td> 22.6% </td> </tr> <tr> <td> 10.7% </td> <td> 17.6% </td> <td> 14.6% </td> </tr> <tr> <td> 6.3% </td> <td> 11.8% </td> <td> 9.5% </td> </tr> <tr> <td> 5.1% </td> <td> 8.1% </td> <td> 6.8% </td> </tr> <tr> <td> 2.3% </td> <td> 2.3% </td> <td> 2.3% </td> </tr> <tr> <td> 0.0% </td> <td> 0.0% </td> <td> 0.0% </td> </tr> <tr> <td> 0.0% </td> <td> 0.0% </td> <td> 0.0% </td> </tr> <tr> <td> 0.0% </td> <td> 0.0% </td> <td> 0.0% </td> </tr> <tr> <td> 100.0% </td> <td> 100.0% </td> <td> 100.0% </td> </tr> </table>,127060,../data/cds-docs/2023-2024/127060.pdf,2023-2024
F,1,F1,"First-time, first-year degree-seeking students and undergraduates enrolled","[[{0: 'First-time,\nFirst-year Students', 1: 'Undergraduates'}, {0: '71.2%', 1: '69.6%'}, {0: '14.8%', 1: '18.6%'}, {0: '12.4%', 1: '19.1%'}, {0: '92.2%', 1: '50.2%'}, {0: '7.8%', 1: '49.8%'}, {0: '0.0%', 1: '4.2%'}, {0: '18', 1: '20'}, {0: '18', 1: '21'}]]","<table> <tr> <td> First-time, <br/> First-year Students </td> <td> Undergraduates </td> </tr> <tr> <td> 71.2% </td> <td> 69.6% </td> </tr> <tr> <td> 14.8% </td> <td> 18.6% </td> </tr> <tr> <td> 12.4% </td> <td> 19.1% </td> </tr> <tr> <td> 92.2% </td> <td> 50.2% </td> </tr> <tr> <td> 7.8% </td> <td> 49.8% </td> </tr> <tr> <td> 0.0% </td> <td> 4.2% </td> </tr> <tr> <td> 18 </td> <td> 20 </td> </tr> <tr> <td> 18 </td> <td> 21 </td> </tr> </table>",127060,../data/cds-docs/2023-2024/127060.pdf,2023-2024
G,1,G1,"Undergraduate, full-time tuition, required fees, food and housing","[[{0: '$1,350.00', 1: '$1,350.00'}, {0: '$17,759.00', 1: '$17,759.00'}, {0: '$10,928.00', 1: '$10,928.00'}, {0: '$6,831.00', 1: '$6,831.00'}]]","<table> <tr> <td> $1,350.00 </td> <td> $1,350.00 </td> </tr> <tr> <td> $17,759.00 </td> <td> $17,759.00 </td> </tr> <tr> <td> $10,928.00 </td> <td> $10,928.00 </td> </tr> <tr> <td> $6,831.00 </td> <td> $6,831.00 </td> </tr> </table>",127060,../data/cds-docs/2023-2024/127060.pdf,2023-2024
G,5,G5,Estimated Expenses for Typical Full-Time Undergraduates,"[[{0: '$1,000.00 $1,000.00', 1: '$1,000.00 $1,000.00', 2: '$1,000.00'}, {0: '$2,763.00', 1: '$2,763.00', 2: '$10,928.00'}, {0: '$2,763.00', 1: '$2,763.00', 2: '$6,831.00'}, {0: '$2,763.00', 1: '$2,763.00', 2: '$17,759.00'}, {0: '$627.00', 1: '$1,419.00', 2: '$627.00'}, {0: '$1,746.00', 1: '$1,557.00', 2: '$1,746.00'}]]","<table> <tr> <td colspan=""2""> $1,000.00 $1,000.00 </td> <td> $1,000.00 </td> </tr> <tr> <td rowspan=""3""> $2,763.00 </td> <td rowspan=""3""> $2,763.00 </td> <td> $10,928.00 </td> </tr> <tr> <td> $6,831.00 </td> </tr> <tr> <td> $17,759.00 </td> </tr> <tr> <td> $627.00 </td> <td> $1,419.00 </td> <td> $627.00 </td> </tr> <tr> <td> $1,746.00 </td> <td> $1,557.00 </td> <td> $1,746.00 </td> </tr> </table>",127060,../data/cds-docs/2023-2024/127060.pdf,2023-2024
H,2,H2,Number of Enrolled Students Awarded Aid,"[[{0: '', 1: 'Full-Time, First-Time,\nFirst-Year', 2: 'Full-Time Undergrad.\n(Include Freshman)', 3: 'Less Than Full\ufffe\nTime Undergrad.'}, {0: 'A. Number of degree-seeking undergraduate\nstudents (CDS Item B1 if reporting on Fall 2023\ncohort)', 1: '1438', 2: '5721', 3: '169'}]]","<table> <tr> <td> </td> <td> Full-Time, First-Time, <br/> First-Year </td> <td> Full-Time Undergrad. <br/> (Include Freshman) </td> <td> Less Than Full￾ <br/> Time Undergrad. </td> </tr> <tr> <td> A. Number of degree-seeking undergraduate <br/> students (CDS Item B1 if reporting on Fall 2023 <br/> cohort) </td> <td> 1438 </td> <td> 5721 </td> <td> 169 </td> </tr> </table>",127060,../data/cds-docs/2023-2024/127060.pdf,2023-2024
I,1,I1,Instructional Faculty by Category,"[[{0: '', 1: 'Full-Time', 2: 'Part-Time'}, {0: 'A. Instructional faculty in preclinical and clinical medicine, faculty who are not paid\n(e.g., those who donate their services or are in the military), or research-only\nfaculty, post-doctoral fellows, or pre-doctoral fellows', 1: 'Exclude', 2: 'Include only if they teach\none or more non-clinical\ncredit courses'}, {0: 'B. Administrative officers with titles such as dean of students, librarian, registrar,\ncoach, and the like, even though they may devote part of their time to classroom\ninstruction and may have faculty status', 1: 'Exclude', 2: 'Include only if they teach\none or more non-clinical\ncredit courses'}, {0: 'C. Other administrators/staff who teach one or more non-clinical credit courses\neven though they do not have faculty status', 1: 'Exclude', 2: 'Include'}, {0: 'D. Undergraduate or graduate students who assist in the instruction of courses,\nbut have titles such as teaching assistant, teaching fellow, and the like', 1: 'Exclude', 2: 'Exclude'}, {0: 'E. Faculty on sabbatical or leave with pay', 1: 'Include', 2: 'Exclude'}, {0: 'F. Faculty on leave without pay', 1: 'Exclude', 2: 'Exclude'}, {0: 'G. Replacement faculty for faculty on sabbatical leave or leave with pay', 1: 'Exclude', 2: 'Include'}], [{0: '', 1: 'Full-Time', 2: 'Part-Time', 3: 'Total'}, {0: 'A. Total number of instructional faculty', 1: '740', 2: '715', 3: '1455'}, {0: 'B. Total number who are members of minority groups', 1: '163', 2: '118', 3: '281'}, {0: 'C. Total number who are women', 1: '363', 2: '415', 3: '778'}, {0: 'D. Total number who are men', 1: '377', 2: '300', 3: '677'}, {0: 'E. Total number who are international (non-residents)', 1: '34', 2: '8', 3: '42'}, {0: 'F. Total number with docorate, or other terminal degrees', 1: '671', 2: '234', 3: '905'}, {0: ""G. Total number whose highest degree is a master's degree but not a terminal\nmaster's"", 1: '68', 2: '449', 3: '517'}]]","<table> <tr> <td> </td> <td> Full-Time </td> <td> Part-Time </td> </tr> <tr> <td> A. Instructional faculty in preclinical and clinical medicine, faculty who are not paid <br/> (e.g., those who donate their services or are in the military), or research-only <br/> faculty, post-doctoral fellows, or pre-doctoral fellows </td> <td> Exclude </td> <td> Include only if they teach <br/> one or more non-clinical <br/> credit courses </td> </tr> <tr> <td> B. Administrative officers with titles such as dean of students, librarian, registrar, <br/> coach, and the like, even though they may devote part of their time to classroom <br/> instruction and may have faculty status </td> <td> Exclude </td> <td> Include only if they teach <br/> one or more non-clinical <br/> credit courses </td> </tr> <tr> <td> C. Other administrators/staff who teach one or more non-clinical credit courses <br/> even though they do not have faculty status </td> <td> Exclude </td> <td> Include </td> </tr> <tr> <td> D. Undergraduate or graduate students who assist in the instruction of courses, <br/> but have titles such as teaching assistant, teaching fellow, and the like </td> <td> Exclude </td> <td> Exclude </td> </tr> <tr> <td> E. Faculty on sabbatical or leave with pay </td> <td> Include </td> <td> Exclude </td> </tr> <tr> <td> F. Faculty on leave without pay </td> <td> Exclude </td> <td> Exclude </td> </tr> <tr> <td> G. Replacement faculty for faculty on sabbatical leave or leave with pay </td> <td> Exclude </td> <td> Include </td> </tr> </table><div class=""separator""></div><table> <tr> <td> </td> <td> Full-Time </td> <td> Part-Time </td> <td> Total </td> </tr> <tr> <td> A. Total number of instructional faculty </td> <td> 740 </td> <td> 715 </td> <td> 1455 </td> </tr> <tr> <td> B. Total number who are members of minority groups </td> <td> 163 </td> <td> 118 </td> <td> 281 </td> </tr> <tr> <td> C. Total number who are women </td> <td> 363 </td> <td> 415 </td> <td> 778 </td> </tr> <tr> <td> D. Total number who are men </td> <td> 377 </td> <td> 300 </td> <td> 677 </td> </tr> <tr> <td> E. Total number who are international (non-residents) </td> <td> 34 </td> <td> 8 </td> <td> 42 </td> </tr> <tr> <td> F. Total number with docorate, or other terminal degrees </td> <td> 671 </td> <td> 234 </td> <td> 905 </td> </tr> <tr> <td> G. Total number whose highest degree is a master's degree but not a terminal <br/> master's </td> <td> 68 </td> <td> 449 </td> <td> 517 </td> </tr> </table>",127060,../data/cds-docs/2023-2024/127060.pdf,2023-2024
B,2,B2,Enrollment by Racial/Ethnic Category.,"[[{0: '', 1: 'Degree-Seeking\nFirst-Time\nFirst Year', 2: 'Degree-Seeking\nUndergraduates\n(include first-time\nfirst-year)', 3: 'Total\nUndergraduates (both\ndegree & non-degree\ufffe\nseeking)'}, {0: 'Nonresidents', 1: '44', 2: '195', 3: '201'}, {0: 'Hispanic/Latino', 1: '210', 2: '796', 3: '840'}, {0: 'Black or African American, non-Hispanic', 1: '40', 2: '150', 3: '175'}, {0: 'White, non-Hispanic', 1: '1,140', 2: '4,103', 3: '4,177'}, {0: 'American Indian or Alaska Native, non-Hispanic', 1: '10', 2: '26', 3: '27'}, {0: 'Asian, non-Hispanic', 1: '64', 2: '241', 3: '249'}, {0: 'Native Hawaiian or other Pacific Islander, non-Hispa', 1: '0', 2: '4', 3: '6'}, {0: 'Two or more races, non-Hispanic', 1: '108', 2: '371', 3: '377'}, {0: 'Race and/or ethnicity unknown', 1: '23', 2: '101', 3: '108'}, {0: 'TOTAL', 1: '1,639', 2: '5,987', 3: '6,160'}]]","<table> <tr> <td> </td> <td> Degree-Seeking <br/> First-Time <br/> First Year </td> <td> Degree-Seeking <br/> Undergraduates <br/> (include first-time <br/> first-year) </td> <td> Total <br/> Undergraduates (both <br/> degree &amp; non-degree￾ <br/> seeking) </td> </tr> <tr> <td> Nonresidents </td> <td> 44 </td> <td> 195 </td> <td> 201 </td> </tr> <tr> <td> Hispanic/Latino </td> <td> 210 </td> <td> 796 </td> <td> 840 </td> </tr> <tr> <td> Black or African American, non-Hispanic </td> <td> 40 </td> <td> 150 </td> <td> 175 </td> </tr> <tr> <td> White, non-Hispanic </td> <td> 1,140 </td> <td> 4,103 </td> <td> 4,177 </td> </tr> <tr> <td> American Indian or Alaska Native, non-Hispanic </td> <td> 10 </td> <td> 26 </td> <td> 27 </td> </tr> <tr> <td> Asian, non-Hispanic </td> <td> 64 </td> <td> 241 </td> <td> 249 </td> </tr> <tr> <td> Native Hawaiian or other Pacific Islander, non-Hispa </td> <td> 0 </td> <td> 4 </td> <td> 6 </td> </tr> <tr> <td> Two or more races, non-Hispanic </td> <td> 108 </td> <td> 371 </td> <td> 377 </td> </tr> <tr> <td> Race and/or ethnicity unknown </td> <td> 23 </td> <td> 101 </td> <td> 108 </td> </tr> <tr> <td> TOTAL </td> <td> 1,639 </td> <td> 5,987 </td> <td> 6,160 </td> </tr> </table>",127060,../data/cds-docs/2022-2023/127060.pdf,2022-2023
B,4,B4,-B21: Graduation Rates,"[[{0: '', 1: 'Recipients of a\nFederal Grant Pell', 2: 'Recipients of a\nSubsidized\nStafford Loan\nwho did not\nreceive Grant a Pell', 3: 'Students who did\nnot receive either\na Pell Grant or a\nsubsidized\nStafford Loan', 4: 'Total\n(sum of 3 columns to\nthe left)'}, {0: ""Initial 2016 cohort of first-time, full\ufffe\ntime, bachelor's (or equivalent)\ndegree-seeking undergraduate\nstudents"", 1: '204', 2: '234', 3: '939', 4: '1,377'}, {0: 'Of the initial 2016 cohort, how many\ndid not persist and did not graduate\nfor the following reasons:\n• Deceased\n• Permanently Disabled\n• Armed Forces\n• Foreign Aid Service of the Federal\nGovernment\n• Official church missions\n• Report Total Allowable Exclusions', 1: '1', 2: '0', 3: '1', 4: '2'}, {0: 'Final 2016 cohort, after adjusting for\nallowable exclusions', 1: '203', 2: '234', 3: '938', 4: '1,375'}, {0: 'Of the initial 2015 cohort, how many\ncompleted the program in four years\nor less (by Aug. 31, 2020)', 1: '144', 2: '162', 3: '659', 4: '965'}, {0: 'Of the initial 2016 cohort, how many\ncompleted the program in more than\nfour years but in five years or less\n(after Aug. 31, 2020 and by Aug. 31,\n2021)', 1: '5', 2: '18', 3: '63', 4: '86'}]]","<table> <tr> <td> </td> <td> Recipients of a <br/> Federal Grant Pell </td> <td> Recipients of a <br/> Subsidized <br/> Stafford Loan <br/> who did not <br/> receive Grant a Pell </td> <td> Students who did <br/> not receive either <br/> a Pell Grant or a <br/> subsidized <br/> Stafford Loan </td> <td> Total <br/> (sum of 3 columns to <br/> the left) </td> </tr> <tr> <td> Initial 2016 cohort of first-time, full￾ <br/> time, bachelor's (or equivalent) <br/> degree-seeking undergraduate <br/> students </td> <td> 204 </td> <td> 234 </td> <td> 939 </td> <td> 1,377 </td> </tr> <tr> <td> Of the initial 2016 cohort, how many <br/> did not persist and did not graduate <br/> for the following reasons: <br/> • Deceased <br/> • Permanently Disabled <br/> • Armed Forces <br/> • Foreign Aid Service of the Federal <br/> Government <br/> • Official church missions <br/> • Report Total Allowable Exclusions </td> <td> 1 </td> <td> 0 </td> <td> 1 </td> <td> 2 </td> </tr> <tr> <td> Final 2016 cohort, after adjusting for <br/> allowable exclusions </td> <td> 203 </td> <td> 234 </td> <td> 938 </td> <td> 1,375 </td> </tr> <tr> <td> Of the initial 2015 cohort, how many <br/> completed the program in four years <br/> or less (by Aug. 31, 2020) </td> <td> 144 </td> <td> 162 </td> <td> 659 </td> <td> 965 </td> </tr> <tr> <td> Of the initial 2016 cohort, how many <br/> completed the program in more than <br/> four years but in five years or less <br/> (after Aug. 31, 2020 and by Aug. 31, <br/> 2021) </td> <td> 5 </td> <td> 18 </td> <td> 63 </td> <td> 86 </td> </tr> </table>",127060,../data/cds-docs/2022-2023/127060.pdf,2022-2023
C,1,C1,"First-time, first-year students: Provide the number of degree-seeking, first-time, first-year students who","[[{0: 'Total first-time, first-year men who applied', 1: '8,209'}, {0: 'Total first-time, first-year women who applied', 1: '11,133'}, {0: 'Total first-time, first-year of another gender who applied', 1: ''}], [{0: 'Total first-time, first-year men who were admitted', 1: '6,240'}, {0: 'Total first-time, first-year women who were admitted', 1: '8,784'}, {0: 'Total first-time, first-year of another gender who were admitted', 1: ''}], [{0: 'Total full-time, first-time, first-year men who enrolled', 1: '717'}, {0: 'Total part-time, first-time, first-year men who enrolled', 1: '9'}], [{0: 'Total full-time, first-time, first-year women who enrolled', 1: '902'}, {0: 'Total part-time, first-time, first-year women who enrolled', 1: '10'}], [{0: 'Total first-time, first-year (degree-seeking) who applied', 1: '19,342'}, {0: 'Total first-time, first-year (degree-seeking) who were admitted', 1: '15,024'}, {0: 'Total first-time, first-year (degree-seeking) enrolled', 1: '1,638'}]]","<table> <tr> <td> Total first-time, first-year men who applied </td> <td> 8,209 </td> </tr> <tr> <td> Total first-time, first-year women who applied </td> <td> 11,133 </td> </tr> <tr> <td> Total first-time, first-year of another gender who applied </td> <td> </td> </tr> </table><div class=""separator""></div><table> <tr> <td> Total first-time, first-year men who were admitted </td> <td> 6,240 </td> </tr> <tr> <td> Total first-time, first-year women who were admitted </td> <td> 8,784 </td> </tr> <tr> <td> Total first-time, first-year of another gender who were admitted </td> <td> </td> </tr> </table><div class=""separator""></div><table> <tr> <td> Total full-time, first-time, first-year men who enrolled </td> <td> 717 </td> </tr> <tr> <td> Total part-time, first-time, first-year men who enrolled </td> <td> 9 </td> </tr> </table><div class=""separator""></div><table> <tr> <td> Total full-time, first-time, first-year women who enrolled </td> <td> 902 </td> </tr> <tr> <td> Total part-time, first-time, first-year women who enrolled </td> <td> 10 </td> </tr> </table><div class=""separator""></div><table> <tr> <td> Total first-time, first-year (degree-seeking) who applied </td> <td> 19,342 </td> </tr> <tr> <td> Total first-time, first-year (degree-seeking) who were admitted </td> <td> 15,024 </td> </tr> <tr> <td> Total first-time, first-year (degree-seeking) enrolled </td> <td> 1,638 </td> </tr> </table>",127060,../data/cds-docs/2022-2023/127060.pdf,2022-2023
C,2,C2,"First-time, first-year wait-listed students","[[{0: 'WAITING LIST', 1: 'TOTAL'}, {0: 'Number of qualified applicants offered a place on waiting list:', 1: '500'}, {0: 'Number accepting a place on the waiting list:', 1: '198'}, {0: 'Number of wait-listed students admitted:', 1: '3'}]]",<table> <tr> <td> WAITING LIST </td> <td> TOTAL </td> </tr> <tr> <td> Number of qualified applicants offered a place on waiting list: </td> <td> 500 </td> </tr> <tr> <td> Number accepting a place on the waiting list: </td> <td> 198 </td> </tr> <tr> <td> Number of wait-listed students admitted: </td> <td> 3 </td> </tr> </table>,127060,../data/cds-docs/2022-2023/127060.pdf,2022-2023
C,5,C5,Distribution of high school units required and/or recommended. Specify the distribution of academic high,"[[{0: '', 1: 'Required', 2: 'Recommended'}, {0: 'Total academic units', 1: '', 2: ''}, {0: 'English', 1: '', 2: '4'}, {0: 'Mathematics', 1: '', 2: '3 to 4'}, {0: 'Science', 1: '', 2: '3 to 4'}, {0: 'Of these, units that must be\nlab', 1: '', 2: '2'}, {0: 'Foreign language', 1: '', 2: '2 to 4'}, {0: 'Social studies', 1: '', 2: '3 to 4'}, {0: 'History', 1: '', 2: ''}, {0: 'Academic electives', 1: '', 2: ''}, {0: 'Computer Science', 1: '', 2: ''}, {0: 'Visual/Performing Arts', 1: '', 2: ''}, {0: 'Other (specify)', 1: '', 2: ''}]]","<table> <tr> <td> </td> <td> Required </td> <td> Recommended </td> </tr> <tr> <td> Total academic units </td> <td> </td> <td> </td> </tr> <tr> <td> English </td> <td> </td> <td> 4 </td> </tr> <tr> <td> Mathematics </td> <td> </td> <td> 3 to 4 </td> </tr> <tr> <td> Science </td> <td> </td> <td> 3 to 4 </td> </tr> <tr> <td> Of these, units that must be <br/> lab </td> <td> </td> <td> 2 </td> </tr> <tr> <td> Foreign language </td> <td> </td> <td> 2 to 4 </td> </tr> <tr> <td> Social studies </td> <td> </td> <td> 3 to 4 </td> </tr> <tr> <td> History </td> <td> </td> <td> </td> </tr> <tr> <td> Academic electives </td> <td> </td> <td> </td> </tr> <tr> <td> Computer Science </td> <td> </td> <td> </td> </tr> <tr> <td> Visual/Performing Arts </td> <td> </td> <td> </td> </tr> <tr> <td> Other (specify) </td> <td> </td> <td> </td> </tr> </table>",127060,../data/cds-docs/2022-2023/127060.pdf,2022-2023
C,7,C7,"Relative importance of each of the following academic and nonacademic factors in your first-time,","[[{0: 'Very Important Important Considered Not Considered', 1: 'Very Important Important Considered Not Considered', 2: 'Very Important Important Considered Not Considered', 3: 'Very Important Important Considered Not Considered', 4: 'Very Important Important Considered Not Considered'}, {0: 'Academic', 1: 'Academic', 2: 'Academic', 3: 'Academic', 4: 'Academic'}, {0: 'Rigor of secondary school record', 1: 'X', 2: '', 3: '', 4: ''}, {0: 'Class rank', 1: '', 2: '', 3: '', 4: 'X'}, {0: 'Academic GPA', 1: 'X', 2: '', 3: '', 4: ''}, {0: 'Standardized test scores', 1: '', 2: 'X', 3: '', 4: ''}, {0: 'Application Essay', 1: '', 2: 'X', 3: '', 4: ''}, {0: 'Recommendation(s)', 1: '', 2: 'X', 3: '', 4: ''}, {0: 'Nonacademic', 1: 'Nonacademic', 2: 'Nonacademic', 3: 'Nonacademic', 4: 'Nonacademic'}, {0: 'Interview', 1: '', 2: '', 3: '', 4: 'X'}, {0: 'Extracurricular activities', 1: '', 2: 'X', 3: '', 4: ''}, {0: 'Talent/ability', 1: '', 2: 'X', 3: '', 4: ''}, {0: 'Character/personal qualities', 1: '', 2: 'X', 3: '', 4: ''}, {0: 'First generation', 1: '', 2: '', 3: 'X', 4: ''}, {0: 'Alumni/ae relation', 1: '', 2: '', 3: 'X', 4: ''}, {0: 'Geographical residence', 1: '', 2: '', 3: 'X', 4: ''}, {0: 'State residency', 1: '', 2: '', 3: '', 4: 'X'}, {0: 'Religious affiliation/commitment', 1: '', 2: '', 3: '', 4: 'X'}, {0: 'Racial/ethnic status', 1: '', 2: '', 3: 'X', 4: ''}, {0: 'Volunteer work', 1: '', 2: '', 3: 'X', 4: ''}, {0: 'Work experience', 1: '', 2: '', 3: 'X', 4: ''}, {0: 'Level of applicant’s interest', 1: '', 2: '', 3: 'X', 4: ''}]]","<table> <tr> <td colspan=""5""> Very Important Important Considered Not Considered </td> </tr> <tr> <td colspan=""5""> Academic </td> </tr> <tr> <td> Rigor of secondary school record </td> <td> X </td> <td> </td> <td> </td> <td> </td> </tr> <tr> <td> Class rank </td> <td> </td> <td> </td> <td> </td> <td> X </td> </tr> <tr> <td> Academic GPA </td> <td> X </td> <td> </td> <td> </td> <td> </td> </tr> <tr> <td> Standardized test scores </td> <td> </td> <td> X </td> <td> </td> <td> </td> </tr> <tr> <td> Application Essay </td> <td> </td> <td> X </td> <td> </td> <td> </td> </tr> <tr> <td> Recommendation(s) </td> <td> </td> <td> X </td> <td> </td> <td> </td> </tr> <tr> <td colspan=""5""> Nonacademic </td> </tr> <tr> <td> Interview </td> <td> </td> <td> </td> <td> </td> <td> X </td> </tr> <tr> <td> Extracurricular activities </td> <td> </td> <td> X </td> <td> </td> <td> </td> </tr> <tr> <td> Talent/ability </td> <td> </td> <td> X </td> <td> </td> <td> </td> </tr> <tr> <td> Character/personal qualities </td> <td> </td> <td> X </td> <td> </td> <td> </td> </tr> <tr> <td> First generation </td> <td> </td> <td> </td> <td> X </td> <td> </td> </tr> <tr> <td> Alumni/ae relation </td> <td> </td> <td> </td> <td> X </td> <td> </td> </tr> <tr> <td> Geographical residence </td> <td> </td> <td> </td> <td> X </td> <td> </td> </tr> <tr> <td> State residency </td> <td> </td> <td> </td> <td> </td> <td> X </td> </tr> <tr> <td> Religious affiliation/commitment </td> <td> </td> <td> </td> <td> </td> <td> X </td> </tr> <tr> <td> Racial/ethnic status </td> <td> </td> <td> </td> <td> X </td> <td> </td> </tr> <tr> <td> Volunteer work </td> <td> </td> <td> </td> <td> X </td> <td> </td> </tr> <tr> <td> Work experience </td> <td> </td> <td> </td> <td> X </td> <td> </td> </tr> <tr> <td> Level of applicant’s interest </td> <td> </td> <td> </td> <td> X </td> <td> </td> </tr> </table>",127060,../data/cds-docs/2022-2023/127060.pdf,2022-2023
C,8,C8,A,"[[{0: '', 1: 'ADMISSION', 2: 'ADMISSION', 3: 'ADMISSION', 4: 'ADMISSION', 5: 'ADMISSION'}, {0: '', 1: 'Require', 2: 'Recommend', 3: 'Require for Some', 4: 'Consider if\nSubmitted', 5: 'Considered Not'}, {0: 'SAT or ACT', 1: '', 2: '', 3: '', 4: 'X', 5: ''}, {0: 'ACT Only', 1: '', 2: '', 3: '', 4: '', 5: ''}, {0: 'SAT Only', 1: '', 2: '', 3: '', 4: '', 5: ''}]]","<table> <tr> <td rowspan=""2""> </td> <td colspan=""5""> ADMISSION </td> </tr> <tr> <td> Require </td> <td> Recommend </td> <td> Require for Some </td> <td> Consider if <br/> Submitted </td> <td> Considered Not </td> </tr> <tr> <td> SAT or ACT </td> <td> </td> <td> </td> <td> </td> <td> X </td> <td> </td> </tr> <tr> <td> ACT Only </td> <td> </td> <td> </td> <td> </td> <td> </td> <td> </td> </tr> <tr> <td> SAT Only </td> <td> </td> <td> </td> <td> </td> <td> </td> <td> </td> </tr> </table>",127060,../data/cds-docs/2022-2023/127060.pdf,2022-2023
C,9,C9,"Percent and number of first-time, first-year students enrolled in Fall 2022 who submitted national","[[{0: '27%', 1: '444'}, {0: '23%', 1: '378'}], [{0: 'Assessment', 1: '25th Percentile', 2: '50th Percentile', 3: '75th Percentile'}, {0: 'SAT Composite', 1: '1240', 2: '1310', 3: '1390'}, {0: 'Writing', 1: '620', 2: '670', 3: '710'}, {0: 'SAT Math', 1: '600', 2: '650', 3: '690'}, {0: 'ACT Composite', 1: '28', 2: '30', 3: '32'}, {0: 'ACT Math', 1: '25', 2: '27', 3: '30'}, {0: 'ACT English', 1: '27', 2: '31', 3: '34'}, {0: 'ACT Writing', 1: '', 2: '', 3: ''}, {0: 'ACT Science', 1: '26', 2: '29', 3: '32'}, {0: 'ACT Reading', 1: '30', 2: '32', 3: '34'}], [{0: 'Score Range', 1: 'SAT Evidence-', 2: 'SAT Math'}, {0: '700-800', 1: '33.00%', 2: '23.00%'}, {0: '600-699', 1: '52.00%', 2: '55.00%'}, {0: '500-599', 1: '13.00%', 2: '19.00%'}, {0: '400-499', 1: '2.00%', 2: '3.00%'}, {0: '300-399', 1: '0.00%', 2: '0.00%'}, {0: '200-299', 1: '0.00%', 2: '0.00%'}, {0: 'Totals should = 100%', 1: '100.00%', 2: '100.00%'}], [{0: 'Score Range', 1: 'SAT Composite'}, {0: '1400-1600', 1: '23%'}, {0: '1200-1399', 1: '62%'}, {0: '1000-1199', 1: '13%'}, {0: '800-999', 1: '2%'}, {0: '600-799', 1: '0%'}, {0: '400-599', 1: '0%'}, {0: 'Totals should = 100%', 1: '100.00%'}], [{0: 'Score Range', 1: 'ACT Composite', 2: 'ACT English', 3: 'ACT Math', 4: 'ACT Reading', 5: 'ACT Science'}, {0: '30-36', 1: '56.00%', 2: '61.00%', 3: '30.00%', 4: '75.00%', 5: '44.00%'}, {0: '24-29', 1: '38.00%', 2: '29.00%', 3: '59.00%', 4: '16.00%', 5: '46.00%'}, {0: '18-23', 1: '5.00%', 2: '9.00%', 3: '10.00%', 4: '8.00%', 5: '9.00%'}, {0: '12-17', 1: '1.00%', 2: '1.00%', 3: '1.00%', 4: '1.00%', 5: '1.00%'}, {0: '6-11', 1: '0.00%', 2: '0.00%', 3: '0.00%', 4: '0.00%', 5: '0.00%'}, {0: 'Below 6', 1: '0.00%', 2: '0.00%', 3: '0.00%', 4: '0.00%', 5: '0.00%'}, {0: 'Totals should = 100%', 1: '100.00%', 2: '100.00%', 3: '100.00%', 4: '100.00%', 5: '100.00%'}]]","<table> <tr> <td> 27% </td> <td> 444 </td> </tr> <tr> <td> 23% </td> <td> 378 </td> </tr> </table><div class=""separator""></div><table> <tr> <td> Assessment </td> <td> 25th Percentile </td> <td> 50th Percentile </td> <td> 75th Percentile </td> </tr> <tr> <td> SAT Composite </td> <td> 1240 </td> <td> 1310 </td> <td> 1390 </td> </tr> <tr> <td> Writing </td> <td> 620 </td> <td> 670 </td> <td> 710 </td> </tr> <tr> <td> SAT Math </td> <td> 600 </td> <td> 650 </td> <td> 690 </td> </tr> <tr> <td> ACT Composite </td> <td> 28 </td> <td> 30 </td> <td> 32 </td> </tr> <tr> <td> ACT Math </td> <td> 25 </td> <td> 27 </td> <td> 30 </td> </tr> <tr> <td> ACT English </td> <td> 27 </td> <td> 31 </td> <td> 34 </td> </tr> <tr> <td> ACT Writing </td> <td> </td> <td> </td> <td> </td> </tr> <tr> <td> ACT Science </td> <td> 26 </td> <td> 29 </td> <td> 32 </td> </tr> <tr> <td> ACT Reading </td> <td> 30 </td> <td> 32 </td> <td> 34 </td> </tr> </table><div class=""separator""></div><table> <tr> <td> Score Range </td> <td> SAT Evidence- </td> <td> SAT Math </td> </tr> <tr> <td> 700-800 </td> <td> 33.00% </td> <td> 23.00% </td> </tr> <tr> <td> 600-699 </td> <td> 52.00% </td> <td> 55.00% </td> </tr> <tr> <td> 500-599 </td> <td> 13.00% </td> <td> 19.00% </td> </tr> <tr> <td> 400-499 </td> <td> 2.00% </td> <td> 3.00% </td> </tr> <tr> <td> 300-399 </td> <td> 0.00% </td> <td> 0.00% </td> </tr> <tr> <td> 200-299 </td> <td> 0.00% </td> <td> 0.00% </td> </tr> <tr> <td> Totals should = 100% </td> <td> 100.00% </td> <td> 100.00% </td> </tr> </table><div class=""separator""></div><table> <tr> <td> Score Range </td> <td> SAT Composite </td> </tr> <tr> <td> 1400-1600 </td> <td> 23% </td> </tr> <tr> <td> 1200-1399 </td> <td> 62% </td> </tr> <tr> <td> 1000-1199 </td> <td> 13% </td> </tr> <tr> <td> 800-999 </td> <td> 2% </td> </tr> <tr> <td> 600-799 </td> <td> 0% </td> </tr> <tr> <td> 400-599 </td> <td> 0% </td> </tr> <tr> <td> Totals should = 100% </td> <td> 100.00% </td> </tr> </table><div class=""separator""></div><table> <tr> <td> Score Range </td> <td> ACT Composite </td> <td> ACT English </td> <td> ACT Math </td> <td> ACT Reading </td> <td> ACT Science </td> </tr> <tr> <td> 30-36 </td> <td> 56.00% </td> <td> 61.00% </td> <td> 30.00% </td> <td> 75.00% </td> <td> 44.00% </td> </tr> <tr> <td> 24-29 </td> <td> 38.00% </td> <td> 29.00% </td> <td> 59.00% </td> <td> 16.00% </td> <td> 46.00% </td> </tr> <tr> <td> 18-23 </td> <td> 5.00% </td> <td> 9.00% </td> <td> 10.00% </td> <td> 8.00% </td> <td> 9.00% </td> </tr> <tr> <td> 12-17 </td> <td> 1.00% </td> <td> 1.00% </td> <td> 1.00% </td> <td> 1.00% </td> <td> 1.00% </td> </tr> <tr> <td> 6-11 </td> <td> 0.00% </td> <td> 0.00% </td> <td> 0.00% </td> <td> 0.00% </td> <td> 0.00% </td> </tr> <tr> <td> Below 6 </td> <td> 0.00% </td> <td> 0.00% </td> <td> 0.00% </td> <td> 0.00% </td> <td> 0.00% </td> </tr> <tr> <td> Totals should = 100% </td> <td> 100.00% </td> <td> 100.00% </td> <td> 100.00% </td> <td> 100.00% </td> <td> 100.00% </td> </tr> </table>",127060,../data/cds-docs/2022-2023/127060.pdf,2022-2023
C,11,C11,"Percentage of all enrolled, degree-seeking, first-time, first-year students who had high school grade-","[[{0: 'Score Range', 1: 'Percent'}, {0: 'Percent who had GPA of 4.0', 1: '45.00%'}, {0: 'Percent who had GPA between 3.75 and 3.99', 1: '23.00%'}, {0: 'Percent who had GPA between 3.50 and 3.74', 1: '17.00%'}, {0: 'Percent who had GPA between 3.25 and 3.49', 1: '9.00%'}, {0: 'Percent who had GPA between 3.00 and 3.24', 1: '5.00%'}, {0: 'Percent who had GPA between 2.50 and 2.99', 1: '1.00%'}, {0: 'Percent who had GPA between 2.0 and 2.49', 1: '0.00%'}, {0: 'Percent who had GPA between 1.0 and 1.99', 1: '0.00%'}, {0: 'Percent who had GPA below 1.0', 1: '0.00%'}, {0: 'Totals should = 100%', 1: '100.00%'}]]",<table> <tr> <td> Score Range </td> <td> Percent </td> </tr> <tr> <td> Percent who had GPA of 4.0 </td> <td> 45.00% </td> </tr> <tr> <td> Percent who had GPA between 3.75 and 3.99 </td> <td> 23.00% </td> </tr> <tr> <td> Percent who had GPA between 3.50 and 3.74 </td> <td> 17.00% </td> </tr> <tr> <td> Percent who had GPA between 3.25 and 3.49 </td> <td> 9.00% </td> </tr> <tr> <td> Percent who had GPA between 3.00 and 3.24 </td> <td> 5.00% </td> </tr> <tr> <td> Percent who had GPA between 2.50 and 2.99 </td> <td> 1.00% </td> </tr> <tr> <td> Percent who had GPA between 2.0 and 2.49 </td> <td> 0.00% </td> </tr> <tr> <td> Percent who had GPA between 1.0 and 1.99 </td> <td> 0.00% </td> </tr> <tr> <td> Percent who had GPA below 1.0 </td> <td> 0.00% </td> </tr> <tr> <td> Totals should = 100% </td> <td> 100.00% </td> </tr> </table>,127060,../data/cds-docs/2022-2023/127060.pdf,2022-2023
C,14,C14,Application closing date,"[[{0: '', 1: 'Date'}, {0: 'Application closing date (fall)', 1: '1/15'}, {0: 'Priority Date', 1: ''}]]",<table> <tr> <td> </td> <td> Date </td> </tr> <tr> <td> Application closing date (fall) </td> <td> 1/15 </td> </tr> <tr> <td> Priority Date </td> <td> </td> </tr> </table>,127060,../data/cds-docs/2022-2023/127060.pdf,2022-2023
D,2,D2,"Provide the number of students who applied, were admitted, and enrolled as degree-seeking transfer","[[{0: '', 1: 'Applicants', 2: 'Admitted', 3: 'Enrolled'}, {0: 'Men', 1: '301', 2: '169', 3: '69'}, {0: 'Women', 1: '338', 2: '217', 3: '71'}, {0: 'Another Gender', 1: '', 2: '', 3: ''}, {0: 'Total', 1: '639', 2: '386', 3: '140'}]]",<table> <tr> <td> </td> <td> Applicants </td> <td> Admitted </td> <td> Enrolled </td> </tr> <tr> <td> Men </td> <td> 301 </td> <td> 169 </td> <td> 69 </td> </tr> <tr> <td> Women </td> <td> 338 </td> <td> 217 </td> <td> 71 </td> </tr> <tr> <td> Another Gender </td> <td> </td> <td> </td> <td> </td> </tr> <tr> <td> Total </td> <td> 639 </td> <td> 386 </td> <td> 140 </td> </tr> </table>,127060,../data/cds-docs/2022-2023/127060.pdf,2022-2023
D,5,D5,Indicate all items required of transfer students to apply for admission:,"[[{0: '', 1: 'Required of All', 2: 'Recommended\nof All', 3: 'Recommended\nof Some', 4: 'Required of Some', 5: 'Not Required'}, {0: 'High school transcript', 1: '', 2: '', 3: '', 4: 'X', 5: ''}, {0: 'College transcript(s)', 1: 'X', 2: '', 3: '', 4: '', 5: ''}, {0: 'Essay or personal', 1: 'X', 2: '', 3: '', 4: '', 5: ''}, {0: 'Interview', 1: '', 2: '', 3: '', 4: '', 5: 'X'}, {0: 'Standardized test scores', 1: '', 2: '', 3: '', 4: '', 5: 'X'}, {0: 'Statement of good standing\nfrom prior institution(s)', 1: 'X', 2: '', 3: '', 4: '', 5: ''}]]",<table> <tr> <td> </td> <td> Required of All </td> <td> Recommended <br/> of All </td> <td> Recommended <br/> of Some </td> <td> Required of Some </td> <td> Not Required </td> </tr> <tr> <td> High school transcript </td> <td> </td> <td> </td> <td> </td> <td> X </td> <td> </td> </tr> <tr> <td> College transcript(s) </td> <td> X </td> <td> </td> <td> </td> <td> </td> <td> </td> </tr> <tr> <td> Essay or personal </td> <td> X </td> <td> </td> <td> </td> <td> </td> <td> </td> </tr> <tr> <td> Interview </td> <td> </td> <td> </td> <td> </td> <td> </td> <td> X </td> </tr> <tr> <td> Standardized test scores </td> <td> </td> <td> </td> <td> </td> <td> </td> <td> X </td> </tr> <tr> <td> Statement of good standing <br/> from prior institution(s) </td> <td> X </td> <td> </td> <td> </td> <td> </td> <td> </td> </tr> </table>,127060,../data/cds-docs/2022-2023/127060.pdf,2022-2023
D,9,D9,"List application priority, closing, notification, and candidate reply dates for transfer students. If applications","[[{0: '', 1: 'Priority Date', 2: 'Closing Date', 3: 'Notification Date', 4: 'Reply Date', 5: 'Rolling\nAdmission'}, {0: 'Fall', 1: '', 2: '', 3: '7/1', 4: '', 5: 'X'}, {0: 'Winter', 1: '', 2: '', 3: '10/15', 4: '', 5: 'X'}, {0: 'Spring', 1: '', 2: '', 3: '2/1', 4: '', 5: 'X'}, {0: 'Summer', 1: '', 2: '', 3: '5/1', 4: '', 5: 'X'}]]",<table> <tr> <td> </td> <td> Priority Date </td> <td> Closing Date </td> <td> Notification Date </td> <td> Reply Date </td> <td> Rolling <br/> Admission </td> </tr> <tr> <td> Fall </td> <td> </td> <td> </td> <td> 7/1 </td> <td> </td> <td> X </td> </tr> <tr> <td> Winter </td> <td> </td> <td> </td> <td> 10/15 </td> <td> </td> <td> X </td> </tr> <tr> <td> Spring </td> <td> </td> <td> </td> <td> 2/1 </td> <td> </td> <td> X </td> </tr> <tr> <td> Summer </td> <td> </td> <td> </td> <td> 5/1 </td> <td> </td> <td> X </td> </tr> </table>,127060,../data/cds-docs/2022-2023/127060.pdf,2022-2023
D,18,D18,Does your institution accept the following military/veteran transfer credits:,"[[{0: 'X', 1: ''}, {0: '', 1: 'X'}, {0: '', 1: 'X'}]]",<table> <tr> <td> X </td> <td> </td> </tr> <tr> <td> </td> <td> X </td> </tr> <tr> <td> </td> <td> X </td> </tr> </table>,127060,../data/cds-docs/2022-2023/127060.pdf,2022-2023
F,1,F1,"Percentages of first-time, first-year degree-seeking students and degree-seeking","[[{0: '', 1: 'First-time, first\ufffe\nyear students', 2: 'Undergraduate\ns'}, {0: 'Percent who are from out of state (exclude\ninternational/nonresidents from the numerator and\ndenominator)', 1: '75%', 2: '70%'}, {0: 'Percent of men who join fraternities', 1: '5%', 2: '16%'}, {0: 'Percent of women who join sororities', 1: '6%', 2: '20%'}, {0: 'Percent who live in college-owned, -operated, or -\naffiliated housing', 1: '95%', 2: '51%'}, {0: 'Percent who live off campus or commute', 1: '5%', 2: '49%'}, {0: 'Percent of students age 25 and older', 1: '0%', 2: '4%'}, {0: 'Average age of full-time students', 1: '18', 2: '20'}, {0: 'Average age of all students (full- and part-time)', 1: '18', 2: '20'}]]","<table> <tr> <td> </td> <td> First-time, first￾ <br/> year students </td> <td> Undergraduate <br/> s </td> </tr> <tr> <td> Percent who are from out of state (exclude <br/> international/nonresidents from the numerator and <br/> denominator) </td> <td> 75% </td> <td> 70% </td> </tr> <tr> <td> Percent of men who join fraternities </td> <td> 5% </td> <td> 16% </td> </tr> <tr> <td> Percent of women who join sororities </td> <td> 6% </td> <td> 20% </td> </tr> <tr> <td> Percent who live in college-owned, -operated, or - <br/> affiliated housing </td> <td> 95% </td> <td> 51% </td> </tr> <tr> <td> Percent who live off campus or commute </td> <td> 5% </td> <td> 49% </td> </tr> <tr> <td> Percent of students age 25 and older </td> <td> 0% </td> <td> 4% </td> </tr> <tr> <td> Average age of full-time students </td> <td> 18 </td> <td> 20 </td> </tr> <tr> <td> Average age of all students (full- and part-time) </td> <td> 18 </td> <td> 20 </td> </tr> </table>",127060,../data/cds-docs/2022-2023/127060.pdf,2022-2023
F,3,F3,ROTC (program offered in cooperation with Reserve Officers' Training Corps),"[[{0: '', 1: 'Marine Option\n(for Naval ROTC)', 2: 'On Campus', 3: 'At Cooperating Institution', 4: 'Name of Cooperating\nInstitution'}, {0: 'Army ROTC is offered:', 1: '', 2: '', 3: 'X', 4: 'University of Colorado Boulder'}, {0: 'Naval ROTC is offered:', 1: '', 2: '', 3: '', 4: ''}, {0: 'Air Force ROTC is offered:', 1: '', 2: '', 3: 'X', 4: 'University of Colorado Boulder'}]]",<table> <tr> <td> </td> <td> Marine Option <br/> (for Naval ROTC) </td> <td> On Campus </td> <td> At Cooperating Institution </td> <td> Name of Cooperating <br/> Institution </td> </tr> <tr> <td> Army ROTC is offered: </td> <td> </td> <td> </td> <td> X </td> <td> University of Colorado Boulder </td> </tr> <tr> <td> Naval ROTC is offered: </td> <td> </td> <td> </td> <td> </td> <td> </td> </tr> <tr> <td> Air Force ROTC is offered: </td> <td> </td> <td> </td> <td> X </td> <td> University of Colorado Boulder </td> </tr> </table>,127060,../data/cds-docs/2022-2023/127060.pdf,2022-2023
G,1,G1,"Undergraduate full-time tuition, required fees, room and board","[[{0: '', 1: 'First-Year', 2: 'Undergraduates'}, {0: 'PRIVATE INSTITUTIONS', 1: '', 2: ''}, {0: 'Tuition:', 1: '', 2: '$58,032'}, {0: 'PUBLIC INSTITUTIONS', 1: '', 2: ''}, {0: 'Tuition: In-district', 1: '', 2: ''}, {0: 'Tuition: In-state (out-of-district):', 1: '', 2: ''}, {0: 'Tuition: Out-of-state:', 1: '', 2: ''}, {0: 'Tuition: Non-resident', 1: '', 2: ''}, {0: 'FOR ALL INSTITUTIONS', 1: 'FOR ALL INSTITUTIONS', 2: 'FOR ALL INSTITUTIONS'}, {0: 'Required Fees', 1: '', 2: ''}, {0: 'Room and Board (on-campus):', 1: '', 2: '$17,049'}, {0: 'Room Only (on-campus):', 1: '', 2: ''}, {0: 'Board Only (on-campus meal plan):', 1: '', 2: ''}]]","<table> <tr> <td> </td> <td> First-Year </td> <td> Undergraduates </td> </tr> <tr> <td> PRIVATE INSTITUTIONS </td> <td> </td> <td> </td> </tr> <tr> <td> Tuition: </td> <td> </td> <td> $58,032 </td> </tr> <tr> <td> PUBLIC INSTITUTIONS </td> <td> </td> <td> </td> </tr> <tr> <td> Tuition: In-district </td> <td> </td> <td> </td> </tr> <tr> <td> Tuition: In-state (out-of-district): </td> <td> </td> <td> </td> </tr> <tr> <td> Tuition: Out-of-state: </td> <td> </td> <td> </td> </tr> <tr> <td> Tuition: Non-resident </td> <td> </td> <td> </td> </tr> <tr> <td colspan=""3""> FOR ALL INSTITUTIONS </td> </tr> <tr> <td> Required Fees </td> <td> </td> <td> </td> </tr> <tr> <td> Room and Board (on-campus): </td> <td> </td> <td> $17,049 </td> </tr> <tr> <td> Room Only (on-campus): </td> <td> </td> <td> </td> </tr> <tr> <td> Board Only (on-campus meal plan): </td> <td> </td> <td> </td> </tr> </table>",127060,../data/cds-docs/2022-2023/127060.pdf,2022-2023
G,5,G5,Provide the estimated expenses for a typical full-time undergraduate student:,"[[{0: '', 1: 'Residents', 2: 'Commuters'}, {0: 'Books and supplies:', 1: '$1,000', 2: '$1,000'}, {0: 'Room only:', 1: '', 2: ''}, {0: 'Board only:', 1: '', 2: ''}, {0: 'Room and board total*', 1: '$17,049', 2: ''}, {0: 'Transportation:', 1: '$1,536', 2: '$1,536'}, {0: 'Other expenses:', 1: '$1,611', 2: '$1,440'}]]","<table> <tr> <td> </td> <td> Residents </td> <td> Commuters </td> </tr> <tr> <td> Books and supplies: </td> <td> $1,000 </td> <td> $1,000 </td> </tr> <tr> <td> Room only: </td> <td> </td> <td> </td> </tr> <tr> <td> Board only: </td> <td> </td> <td> </td> </tr> <tr> <td> Room and board total* </td> <td> $17,049 </td> <td> </td> </tr> <tr> <td> Transportation: </td> <td> $1,536 </td> <td> $1,536 </td> </tr> <tr> <td> Other expenses: </td> <td> $1,611 </td> <td> $1,440 </td> </tr> </table>",127060,../data/cds-docs/2022-2023/127060.pdf,2022-2023
G,6,G6,Undergraduate per-credit-hour charges (tuition only):,"[[{0: 'PRIVATE INSTITUTIONS:', 1: '$1,612'}, {0: 'PUBLIC INSTITUTIONS:', 1: ''}, {0: 'In-district:', 1: ''}, {0: 'In-state (out-of-district):', 1: ''}, {0: 'Out-of-state:', 1: ''}, {0: 'NONRESIDENTS:', 1: ''}]]","<table> <tr> <td> PRIVATE INSTITUTIONS: </td> <td> $1,612 </td> </tr> <tr> <td> PUBLIC INSTITUTIONS: </td> <td> </td> </tr> <tr> <td> In-district: </td> <td> </td> </tr> <tr> <td> In-state (out-of-district): </td> <td> </td> </tr> <tr> <td> Out-of-state: </td> <td> </td> </tr> <tr> <td> NONRESIDENTS: </td> <td> </td> </tr> </table>",127060,../data/cds-docs/2022-2023/127060.pdf,2022-2023
H,2,H2,", A, and H6 below:","[[{0: '', 1: 'Need-based', 2: 'Non-need\ufffe'}, {0: 'Scholarships/Grants', 1: '', 2: ''}, {0: 'Federal', 1: '$5,053,587', 2: '$81,756'}, {0: 'State all states, not only the state in which your institution is located', 1: '$1,499,244', 2: '$87,380'}, {0: 'Institutional: Endowed scholarships, annual gifts and tuition funded\ngrants, awarded by the college, excluding athletic aid and tuition\nwaivers (which are reported below).', 1: '$80,879,809', 2: '$67,252,058'}, {0: 'Scholarships/grants from external sources (e.g. Kiwanis, National\nMerit) not awarded by the college', 1: '$4,186,189', 2: '$2,285,088'}, {0: 'Total Scholarships/Grants', 1: '$91,618,829', 2: '$69,706,282'}, {0: 'Self-Help', 1: '', 2: ''}, {0: 'Student loans from all sources (excluding parent loans)', 1: '$7,838,892', 2: '$10,148,325'}, {0: 'Federal Work-Study', 1: '$1,335,948', 2: ''}, {0: 'State and other (e.g., institutional) work-study/employment (Note:\nExcludes Federal Work-Study captured above.)', 1: '$201,085', 2: '$40,741'}, {0: 'Total Self-Help', 1: '$9,375,925', 2: '$10,189,066'}, {0: 'Parent Loans', 1: '$2,224,385', 2: '$7,535,719'}, {0: 'Tuition Waivers\nNote: Reporting is optional. Report tuition waivers in this row if you\nchoose to report them. Do not report tuition waivers elsewhere.', 1: '$1,038,916', 2: '$3,615,382'}, {0: 'Athletic Awards', 1: '$1,089,821', 2: '$10,426,291'}], [{0: '', 1: '', 2: 'Full-time\nFirst-time\nFirst-year', 3: 'Full-time\nUndergrad\n(Incl. Fresh)', 4: 'Less Full-time Than\nUndergrad'}, {0: 'A', 1: 'Number of degree-seeking undergraduate students\n(CDS Item B1 if reporting on Fall 2022 cohort)', 2: '1620', 3: '5630', 4: '182'}, {0: 'B', 1: 'Number of students in line a who applied for need-based\nfinancial aid', 2: '1124', 3: '3142', 4: '69'}, {0: 'C', 1: 'Number of students in line b who were determined to\nhave financial need', 2: '677', 3: '2285', 4: '53'}, {0: 'D', 1: 'Number of students in line c who were awarded any\nfinancial aid', 2: '677', 3: '2283', 4: '53'}, {0: 'E', 1: 'Number of students in line d who were awarded any\nneed-based scholarship or grant aid', 2: '676', 3: '2272', 4: '48'}, {0: 'F', 1: 'Number of students in line d who were awarded any\nneed-based self-help aid', 2: '441', 3: '1430', 4: '36'}, {0: 'G', 1: 'Number of students in line d who were awarded any non\ufffe\nneed-based scholarship or grant aid', 2: '175', 3: '588', 4: '9'}, {0: 'H', 1: 'Number of students in line d whose need was fully met\n(exclude PLUS loans, unsubsidized loans, and private\nalternative loans)', 2: '221', 3: '751', 4: '13'}], [{0: '', 1: '', 2: 'Full-time\nFirst-time\nFirst-year', 3: 'Full-time\nUndergrad\n(Incl. Fresh.)', 4: 'Less Full-time Than\nUndergrad'}, {0: 'N', 1: 'Number of students in line a who had no financial need\nand who were awarded institutional non-need-based\nscholarship or grant aid (exclude those who were\nawarded athletic awards and tuition benefits)', 2: '882', 3: '2975', 4: '90'}, {0: 'O', 1: 'Average dollar amount of institutional non-need-based\nscholarship and grant aid awarded to students in line n', 2: '$ 22,159', 3: '$ 21,438', 4: '$ 17,319'}, {0: 'P', 1: 'Number of students in line a who were awarded an\ninstitutional non-need-based athletic scholarship or grant', 2: '61', 3: '222', 4: '3'}, {0: 'Q', 1: 'Average dollar amount of institutional non-need-based\nathletic scholarships and grants awarded to students in\nline p', 2: '$ 46,350', 3: '$ 44,609', 4: '$ 11,467'}]]","<table> <tr> <td> </td> <td> Need-based </td> <td> Non-need￾ </td> </tr> <tr> <td> Scholarships/Grants </td> <td> </td> <td> </td> </tr> <tr> <td> Federal </td> <td> $5,053,587 </td> <td> $81,756 </td> </tr> <tr> <td> State all states, not only the state in which your institution is located </td> <td> $1,499,244 </td> <td> $87,380 </td> </tr> <tr> <td> Institutional: Endowed scholarships, annual gifts and tuition funded <br/> grants, awarded by the college, excluding athletic aid and tuition <br/> waivers (which are reported below). </td> <td> $80,879,809 </td> <td> $67,252,058 </td> </tr> <tr> <td> Scholarships/grants from external sources (e.g. Kiwanis, National <br/> Merit) not awarded by the college </td> <td> $4,186,189 </td> <td> $2,285,088 </td> </tr> <tr> <td> Total Scholarships/Grants </td> <td> $91,618,829 </td> <td> $69,706,282 </td> </tr> <tr> <td> Self-Help </td> <td> </td> <td> </td> </tr> <tr> <td> Student loans from all sources (excluding parent loans) </td> <td> $7,838,892 </td> <td> $10,148,325 </td> </tr> <tr> <td> Federal Work-Study </td> <td> $1,335,948 </td> <td> </td> </tr> <tr> <td> State and other (e.g., institutional) work-study/employment (Note: <br/> Excludes Federal Work-Study captured above.) </td> <td> $201,085 </td> <td> $40,741 </td> </tr> <tr> <td> Total Self-Help </td> <td> $9,375,925 </td> <td> $10,189,066 </td> </tr> <tr> <td> Parent Loans </td> <td> $2,224,385 </td> <td> $7,535,719 </td> </tr> <tr> <td> Tuition Waivers <br/> Note: Reporting is optional. Report tuition waivers in this row if you <br/> choose to report them. Do not report tuition waivers elsewhere. </td> <td> $1,038,916 </td> <td> $3,615,382 </td> </tr> <tr> <td> Athletic Awards </td> <td> $1,089,821 </td> <td> $10,426,291 </td> </tr> </table><div class=""separator""></div><table> <tr> <td> </td> <td> </td> <td> Full-time <br/> First-time <br/> First-year </td> <td> Full-time <br/> Undergrad <br/> (Incl. Fresh) </td> <td> Less Full-time Than <br/> Undergrad </td> </tr> <tr> <td> A </td> <td> Number of degree-seeking undergraduate students <br/> (CDS Item B1 if reporting on Fall 2022 cohort) </td> <td> 1620 </td> <td> 5630 </td> <td> 182 </td> </tr> <tr> <td> B </td> <td> Number of students in line a who applied for need-based <br/> financial aid </td> <td> 1124 </td> <td> 3142 </td> <td> 69 </td> </tr> <tr> <td> C </td> <td> Number of students in line b who were determined to <br/> have financial need </td> <td> 677 </td> <td> 2285 </td> <td> 53 </td> </tr> <tr> <td> D </td> <td> Number of students in line c who were awarded any <br/> financial aid </td> <td> 677 </td> <td> 2283 </td> <td> 53 </td> </tr> <tr> <td> E </td> <td> Number of students in line d who were awarded any <br/> need-based scholarship or grant aid </td> <td> 676 </td> <td> 2272 </td> <td> 48 </td> </tr> <tr> <td> F </td> <td> Number of students in line d who were awarded any <br/> need-based self-help aid </td> <td> 441 </td> <td> 1430 </td> <td> 36 </td> </tr> <tr> <td> G </td> <td> Number of students in line d who were awarded any non￾ <br/> need-based scholarship or grant aid </td> <td> 175 </td> <td> 588 </td> <td> 9 </td> </tr> <tr> <td> H </td> <td> Number of students in line d whose need was fully met <br/> (exclude PLUS loans, unsubsidized loans, and private <br/> alternative loans) </td> <td> 221 </td> <td> 751 </td> <td> 13 </td> </tr> </table><div class=""separator""></div><table> <tr> <td> </td> <td> </td> <td> Full-time <br/> First-time <br/> First-year </td> <td> Full-time <br/> Undergrad <br/> (Incl. Fresh.) </td> <td> Less Full-time Than <br/> Undergrad </td> </tr> <tr> <td> N </td> <td> Number of students in line a who had no financial need <br/> and who were awarded institutional non-need-based <br/> scholarship or grant aid (exclude those who were <br/> awarded athletic awards and tuition benefits) </td> <td> 882 </td> <td> 2975 </td> <td> 90 </td> </tr> <tr> <td> O </td> <td> Average dollar amount of institutional non-need-based <br/> scholarship and grant aid awarded to students in line n </td> <td> $ 22,159 </td> <td> $ 21,438 </td> <td> $ 17,319 </td> </tr> <tr> <td> P </td> <td> Number of students in line a who were awarded an <br/> institutional non-need-based athletic scholarship or grant </td> <td> 61 </td> <td> 222 </td> <td> 3 </td> </tr> <tr> <td> Q </td> <td> Average dollar amount of institutional non-need-based <br/> athletic scholarships and grants awarded to students in <br/> line p </td> <td> $ 46,350 </td> <td> $ 44,609 </td> <td> $ 11,467 </td> </tr> </table>",127060,../data/cds-docs/2022-2023/127060.pdf,2022-2023
H,5,H5,"Number and percent of students in class (defined in H4 above) borrowing from federal, non-federal,","[[{0: 'Source/Type of Loan', 1: 'Source/Type of Loan', 2: 'Number in the\nclass (defined\nin H4 above)\nwho borrowed\nfrom the types\nof loans\nspecified in the\nfirst column', 3: 'Percent of the\nclass (defined\nabove) who\nborrowed from\nthe types of\nloans specified\nin column the first\n(nearest 1%)', 4: 'Average per\ufffe\nundergraduate\ufffe\nborrower\ncumulative\nprincipal\nborrowed from\nthe types of\nloans specified\nin column the first\n(nearest $1)'}, {0: 'A', 1: 'Any loan program: Federal Perkins, Federal Stafford\nSubsidized and Unsubsidized, institutional, state, private\nloans that your institution is aware of, etc. Include both\nFederal Direct Student Loans and Federal Family\nEducation Loans.', 2: '424', 3: '43.80%', 4: '$31,313'}, {0: 'B', 1: 'Federal loan programs: Federal Perkins, Federal\nStafford Subsidized and Unsubsidized. Include both\nFederal Direct Student Loans and Federal Family\nEducation Loans.', 2: '413', 3: '42.67%', 4: '$20,131'}, {0: 'C', 1: 'Institutional loan programs.', 2: '2', 3: '0.21%', 4: '$29,314'}, {0: 'D', 1: 'State loan programs.', 2: '0', 3: '0.00%', 4: '$0'}, {0: 'E', 1: 'Private student loans made by a bank or lender.', 2: '90', 3: '9.30%', 4: '$54,492'}]]","<table> <tr> <td colspan=""2""> Source/Type of Loan </td> <td> Number in the <br/> class (defined <br/> in H4 above) <br/> who borrowed <br/> from the types <br/> of loans <br/> specified in the <br/> first column </td> <td> Percent of the <br/> class (defined <br/> above) who <br/> borrowed from <br/> the types of <br/> loans specified <br/> in column the first <br/> (nearest 1%) </td> <td> Average per￾ <br/> undergraduate￾ <br/> borrower <br/> cumulative <br/> principal <br/> borrowed from <br/> the types of <br/> loans specified <br/> in column the first <br/> (nearest $1) </td> </tr> <tr> <td> A </td> <td> Any loan program: Federal Perkins, Federal Stafford <br/> Subsidized and Unsubsidized, institutional, state, private <br/> loans that your institution is aware of, etc. Include both <br/> Federal Direct Student Loans and Federal Family <br/> Education Loans. </td> <td> 424 </td> <td> 43.80% </td> <td> $31,313 </td> </tr> <tr> <td> B </td> <td> Federal loan programs: Federal Perkins, Federal <br/> Stafford Subsidized and Unsubsidized. Include both <br/> Federal Direct Student Loans and Federal Family <br/> Education Loans. </td> <td> 413 </td> <td> 42.67% </td> <td> $20,131 </td> </tr> <tr> <td> C </td> <td> Institutional loan programs. </td> <td> 2 </td> <td> 0.21% </td> <td> $29,314 </td> </tr> <tr> <td> D </td> <td> State loan programs. </td> <td> 0 </td> <td> 0.00% </td> <td> $0 </td> </tr> <tr> <td> E </td> <td> Private student loans made by a bank or lender. </td> <td> 90 </td> <td> 9.30% </td> <td> $54,492 </td> </tr> </table>",127060,../data/cds-docs/2022-2023/127060.pdf,2022-2023
H,11,H11,Indicate reply dates:,"[[{0: 'Students must reply by (date):', 1: '5/1'}, {0: 'or within _______ weeks of notification.', 1: ''}]]",<table> <tr> <td> Students must reply by (date): </td> <td> 5/1 </td> </tr> <tr> <td> or within _______ weeks of notification. </td> <td> </td> </tr> </table>,127060,../data/cds-docs/2022-2023/127060.pdf,2022-2023
H,14,H14,Check off criteria used in awarding institutional aid. Check all that apply.,"[[{0: '', 1: 'Non-Need Based', 2: 'Need-Based'}, {0: 'Academics', 1: 'X', 2: 'X'}, {0: 'Alumni affiliation', 1: '', 2: ''}, {0: 'Art', 1: 'X', 2: 'X'}, {0: 'Athletics', 1: 'X', 2: 'X'}, {0: 'Job skills', 1: '', 2: ''}, {0: 'ROTC', 1: '', 2: ''}, {0: 'Leadership', 1: '', 2: ''}, {0: 'Minority status', 1: '', 2: ''}, {0: 'Music/drama', 1: 'X', 2: 'X'}, {0: 'Religious affiliation', 1: '', 2: ''}, {0: 'State/district residency', 1: '', 2: ''}]]",<table> <tr> <td> </td> <td> Non-Need Based </td> <td> Need-Based </td> </tr> <tr> <td> Academics </td> <td> X </td> <td> X </td> </tr> <tr> <td> Alumni affiliation </td> <td> </td> <td> </td> </tr> <tr> <td> Art </td> <td> X </td> <td> X </td> </tr> <tr> <td> Athletics </td> <td> X </td> <td> X </td> </tr> <tr> <td> Job skills </td> <td> </td> <td> </td> </tr> <tr> <td> ROTC </td> <td> </td> <td> </td> </tr> <tr> <td> Leadership </td> <td> </td> <td> </td> </tr> <tr> <td> Minority status </td> <td> </td> <td> </td> </tr> <tr> <td> Music/drama </td> <td> X </td> <td> X </td> </tr> <tr> <td> Religious affiliation </td> <td> </td> <td> </td> </tr> <tr> <td> State/district residency </td> <td> </td> <td> </td> </tr> </table>,127060,../data/cds-docs/2022-2023/127060.pdf,2022-2023
J,1,J1,"Degrees conferred between July 1, 2021 and June 30, 2022","[[{0: 'Category', 1: 'Diploma/Certificates', 2: 'Associate', 3: 'Bachelor’s', 4: 'CIP 2020 Categories\nto Include'}, {0: 'Agriculture', 1: '', 2: '', 3: '', 4: '01'}, {0: 'Natural resources and conservation', 1: '', 2: '', 3: '1.8%', 4: '03'}, {0: 'Architecture', 1: '', 2: '', 3: '', 4: '04'}, {0: 'Area, ethnic, and gender studies', 1: '', 2: '', 3: '0.4%', 4: '05'}, {0: 'Communication/journalism', 1: '', 2: '', 3: '7.6%', 4: '09'}, {0: 'Communication technologies', 1: '', 2: '', 3: '', 4: '10'}, {0: 'Computer and information sciences', 1: '', 2: '', 3: '4.3%', 4: '11'}, {0: 'Personal and culinary services', 1: '', 2: '', 3: '', 4: '12'}, {0: 'Education', 1: '', 2: '', 3: '', 4: '13'}, {0: 'Engineering', 1: '', 2: '', 3: '3.9%', 4: '14'}, {0: 'Engineering technologies', 1: '', 2: '', 3: '', 4: '15'}, {0: 'Foreign languages, literatures, and linguistics', 1: '', 2: '', 3: '1.9%', 4: '16'}, {0: 'Family and consumer sciences', 1: '', 2: '', 3: '', 4: '19'}, {0: 'Law/legal studies', 1: '', 2: '', 3: '0.5%', 4: '22'}, {0: 'English', 1: '', 2: '', 3: '1.6%', 4: '23'}, {0: 'Liberal arts/general studies', 1: '', 2: '', 3: '', 4: '24'}, {0: 'Library science', 1: '', 2: '', 3: '', 4: '25'}, {0: 'Biological/life sciences', 1: '', 2: '', 3: '8.8%', 4: '26'}, {0: 'Mathematics and statistics', 1: '', 2: '', 3: '1.3%', 4: '27'}, {0: 'Military science and military technologies', 1: '', 2: '', 3: '', 4: '28 & 29'}, {0: 'Interdisciplinary studies', 1: '', 2: '', 3: '0.9%', 4: '30'}, {0: 'Parks and recreation', 1: '', 2: '', 3: '', 4: '31'}, {0: 'Philosophy and religious studies', 1: '', 2: '', 3: '0.4%', 4: '38'}, {0: 'Theology and religious vocations', 1: '', 2: '', 3: '', 4: '39'}, {0: 'Physical sciences', 1: '', 2: '', 3: '1.7%', 4: '40'}, {0: 'Science technologies', 1: '', 2: '', 3: '', 4: '41'}, {0: 'Psychology', 1: '', 2: '', 3: '8.5%', 4: '42'}, {0: 'Homeland Security, law enforcement, firefighting,', 1: '', 2: '', 3: '', 4: '43'}, {0: 'Public administration and social services', 1: '', 2: '', 3: '0.5%', 4: '44'}, {0: 'Social sciences', 1: '', 2: '', 3: '15.6%', 4: '45'}, {0: 'Construction trades', 1: '', 2: '', 3: '', 4: '46'}, {0: 'Mechanic and repair technologies', 1: '', 2: '', 3: '', 4: '47'}, {0: 'Precision production', 1: '', 2: '', 3: '', 4: '48'}, {0: 'Transportation and materials moving', 1: '', 2: '', 3: '', 4: '49'}, {0: 'Visual and performing arts', 1: '', 2: '', 3: '6.8%', 4: '50'}, {0: 'Health professions and related programs', 1: '', 2: '', 3: '0.1%', 4: '51'}, {0: 'Business/marketing', 1: '', 2: '', 3: '32.0%', 4: '52'}, {0: 'History', 1: '', 2: '', 3: '1.3%', 4: '54'}, {0: 'Other', 1: '', 2: '', 3: '', 4: ''}, {0: 'TOTAL (should = 100%)', 1: '0.00%', 2: '0.00%', 3: '99.90%', 4: ''}]]","<table> <tr> <td> Category </td> <td> Diploma/Certificates </td> <td> Associate </td> <td> Bachelor’s </td> <td> CIP 2020 Categories <br/> to Include </td> </tr> <tr> <td> Agriculture </td> <td> </td> <td> </td> <td> </td> <td> 01 </td> </tr> <tr> <td> Natural resources and conservation </td> <td> </td> <td> </td> <td> 1.8% </td> <td> 03 </td> </tr> <tr> <td> Architecture </td> <td> </td> <td> </td> <td> </td> <td> 04 </td> </tr> <tr> <td> Area, ethnic, and gender studies </td> <td> </td> <td> </td> <td> 0.4% </td> <td> 05 </td> </tr> <tr> <td> Communication/journalism </td> <td> </td> <td> </td> <td> 7.6% </td> <td> 09 </td> </tr> <tr> <td> Communication technologies </td> <td> </td> <td> </td> <td> </td> <td> 10 </td> </tr> <tr> <td> Computer and information sciences </td> <td> </td> <td> </td> <td> 4.3% </td> <td> 11 </td> </tr> <tr> <td> Personal and culinary services </td> <td> </td> <td> </td> <td> </td> <td> 12 </td> </tr> <tr> <td> Education </td> <td> </td> <td> </td> <td> </td> <td> 13 </td> </tr> <tr> <td> Engineering </td> <td> </td> <td> </td> <td> 3.9% </td> <td> 14 </td> </tr> <tr> <td> Engineering technologies </td> <td> </td> <td> </td> <td> </td> <td> 15 </td> </tr> <tr> <td> Foreign languages, literatures, and linguistics </td> <td> </td> <td> </td> <td> 1.9% </td> <td> 16 </td> </tr> <tr> <td> Family and consumer sciences </td> <td> </td> <td> </td> <td> </td> <td> 19 </td> </tr> <tr> <td> Law/legal studies </td> <td> </td> <td> </td> <td> 0.5% </td> <td> 22 </td> </tr> <tr> <td> English </td> <td> </td> <td> </td> <td> 1.6% </td> <td> 23 </td> </tr> <tr> <td> Liberal arts/general studies </td> <td> </td> <td> </td> <td> </td> <td> 24 </td> </tr> <tr> <td> Library science </td> <td> </td> <td> </td> <td> </td> <td> 25 </td> </tr> <tr> <td> Biological/life sciences </td> <td> </td> <td> </td> <td> 8.8% </td> <td> 26 </td> </tr> <tr> <td> Mathematics and statistics </td> <td> </td> <td> </td> <td> 1.3% </td> <td> 27 </td> </tr> <tr> <td> Military science and military technologies </td> <td> </td> <td> </td> <td> </td> <td> 28 &amp; 29 </td> </tr> <tr> <td> Interdisciplinary studies </td> <td> </td> <td> </td> <td> 0.9% </td> <td> 30 </td> </tr> <tr> <td> Parks and recreation </td> <td> </td> <td> </td> <td> </td> <td> 31 </td> </tr> <tr> <td> Philosophy and religious studies </td> <td> </td> <td> </td> <td> 0.4% </td> <td> 38 </td> </tr> <tr> <td> Theology and religious vocations </td> <td> </td> <td> </td> <td> </td> <td> 39 </td> </tr> <tr> <td> Physical sciences </td> <td> </td> <td> </td> <td> 1.7% </td> <td> 40 </td> </tr> <tr> <td> Science technologies </td> <td> </td> <td> </td> <td> </td> <td> 41 </td> </tr> <tr> <td> Psychology </td> <td> </td> <td> </td> <td> 8.5% </td> <td> 42 </td> </tr> <tr> <td> Homeland Security, law enforcement, firefighting, </td> <td> </td> <td> </td> <td> </td> <td> 43 </td> </tr> <tr> <td> Public administration and social services </td> <td> </td> <td> </td> <td> 0.5% </td> <td> 44 </td> </tr> <tr> <td> Social sciences </td> <td> </td> <td> </td> <td> 15.6% </td> <td> 45 </td> </tr> <tr> <td> Construction trades </td> <td> </td> <td> </td> <td> </td> <td> 46 </td> </tr> <tr> <td> Mechanic and repair technologies </td> <td> </td> <td> </td> <td> </td> <td> 47 </td> </tr> <tr> <td> Precision production </td> <td> </td> <td> </td> <td> </td> <td> 48 </td> </tr> <tr> <td> Transportation and materials moving </td> <td> </td> <td> </td> <td> </td> <td> 49 </td> </tr> <tr> <td> Visual and performing arts </td> <td> </td> <td> </td> <td> 6.8% </td> <td> 50 </td> </tr> <tr> <td> Health professions and related programs </td> <td> </td> <td> </td> <td> 0.1% </td> <td> 51 </td> </tr> <tr> <td> Business/marketing </td> <td> </td> <td> </td> <td> 32.0% </td> <td> 52 </td> </tr> <tr> <td> History </td> <td> </td> <td> </td> <td> 1.3% </td> <td> 54 </td> </tr> <tr> <td> Other </td> <td> </td> <td> </td> <td> </td> <td> </td> </tr> <tr> <td> TOTAL (should = 100%) </td> <td> 0.00% </td> <td> 0.00% </td> <td> 99.90% </td> <td> </td> </tr> </table>",127060,../data/cds-docs/2022-2023/127060.pdf,2022-2023
B,1,B1,Institutional Enrollment - Men and Women,"[[{0: 'ti t d b d t d', 1: 't l\nthi li k\nFULL-TIME', 2: 't l\nthi li k\nFULL-TIME', 3: 'PART-TIME', 4: 'PART-TIME'}, {0: 'ti t d b d t d', 1: 'Men\nWomen', 2: 'Men\nWomen', 3: 'Men\nWomen', 4: 'Men\nWomen'}, {0: 'Undergraduates', 1: 'Undergraduates', 2: 'Undergraduates', 3: 'Undergraduates', 4: 'Undergraduates'}, {0: 'Degree-seeking, first-time\nfreshmen', 1: '690', 2: '912', 3: '14', 4: '8'}, {0: 'Other first-year, degree-seeking', 1: '92', 2: '106', 3: '14', 4: '14'}, {0: 'All other degree-seeking', 1: '1,646', 2: '1,985', 3: '137', 4: '153'}, {0: 'Total degree-seeking', 1: '2,428', 2: '3,003', 3: '165', 4: '175'}, {0: 'All other undergraduates\nenrolled in credit courses', 1: '3', 2: '2', 3: '33', 4: '58'}, {0: 'Total undergraduates', 1: '2,431', 2: '3,005', 3: '198', 4: '233'}, {0: 'Graduate', 1: 'Graduate', 2: 'Graduate', 3: 'Graduate', 4: 'Graduate'}, {0: 'Degree-seeking, first-time', 1: '404', 2: '1,010', 3: '495', 4: '839'}, {0: 'All other degree-seeking', 1: '635', 2: '1,391', 3: '1,225', 4: '2,145'}, {0: 'All other graduates enrolled in\ncredit courses', 1: '3', 2: '2', 3: '33', 4: '81'}, {0: 'Total graduate', 1: '1,042', 2: '2,403', 3: '1,753', 4: '3,065'}, {0: 'Total all students', 1: '3,473', 2: '5,408', 3: '1,951', 4: '3,298'}]]","<table> <tr> <td rowspan=""2""> ti t d b d t d </td> <td colspan=""2""> t l <br/> thi li k <br/> FULL-TIME </td> <td colspan=""2""> PART-TIME </td> </tr> <tr> <td colspan=""2""> Men <br/> Women </td> <td colspan=""2""> Men <br/> Women </td> </tr> <tr> <td colspan=""5""> Undergraduates </td> </tr> <tr> <td> Degree-seeking, first-time <br/> freshmen </td> <td> 690 </td> <td> 912 </td> <td> 14 </td> <td> 8 </td> </tr> <tr> <td> Other first-year, degree-seeking </td> <td> 92 </td> <td> 106 </td> <td> 14 </td> <td> 14 </td> </tr> <tr> <td> All other degree-seeking </td> <td> 1,646 </td> <td> 1,985 </td> <td> 137 </td> <td> 153 </td> </tr> <tr> <td> Total degree-seeking </td> <td> 2,428 </td> <td> 3,003 </td> <td> 165 </td> <td> 175 </td> </tr> <tr> <td> All other undergraduates <br/> enrolled in credit courses </td> <td> 3 </td> <td> 2 </td> <td> 33 </td> <td> 58 </td> </tr> <tr> <td> Total undergraduates </td> <td> 2,431 </td> <td> 3,005 </td> <td> 198 </td> <td> 233 </td> </tr> <tr> <td colspan=""5""> Graduate </td> </tr> <tr> <td> Degree-seeking, first-time </td> <td> 404 </td> <td> 1,010 </td> <td> 495 </td> <td> 839 </td> </tr> <tr> <td> All other degree-seeking </td> <td> 635 </td> <td> 1,391 </td> <td> 1,225 </td> <td> 2,145 </td> </tr> <tr> <td> All other graduates enrolled in <br/> credit courses </td> <td> 3 </td> <td> 2 </td> <td> 33 </td> <td> 81 </td> </tr> <tr> <td> Total graduate </td> <td> 1,042 </td> <td> 2,403 </td> <td> 1,753 </td> <td> 3,065 </td> </tr> <tr> <td> Total all students </td> <td> 3,473 </td> <td> 5,408 </td> <td> 1,951 </td> <td> 3,298 </td> </tr> </table>",127060,../data/cds-docs/2021-2022/127060.pdf,2021-2022
B,2,B2,Enrollment by Racial/Ethnic Category.,"[[{0: '', 1: 'Degree-Seeking\nFirst-Time\nFirst Year', 2: 'Degree-Seeking\nUndergraduates\n(include first-time\nfirst-year)', 3: 'Total\nUndergraduates\n(both degree- and\nnon-degree\ufffe\nseeking)'}, {0: 'Nonresident aliens', 1: '41', 2: '207', 3: '211'}, {0: 'Hispanic/Latino', 1: '230', 2: '762', 3: '782'}, {0: 'Black or African American, non-Hispanic', 1: '44', 2: '144', 3: '146'}, {0: 'White, non-Hispanic', 1: '1,102', 2: '3,959', 3: '4,020'}, {0: 'American Indian or Alaska Native, non-Hispanic', 1: '6', 2: '26', 3: '27'}, {0: 'Asian, non-Hispanic', 1: '57', 2: '217', 3: '222'}, {0: 'Native Hawaiian or other Pacific Islander, non\ufffe\nHispanic', 1: '2', 2: '9', 3: '9'}, {0: 'Two or more races, non-Hispanic', 1: '109', 2: '339', 3: '341'}, {0: 'Race and/or ethnicity unknown', 1: '33', 2: '108', 3: '109'}, {0: 'TOTAL', 1: '1,624', 2: '5,771', 3: '5,867'}]]","<table> <tr> <td> </td> <td> Degree-Seeking <br/> First-Time <br/> First Year </td> <td> Degree-Seeking <br/> Undergraduates <br/> (include first-time <br/> first-year) </td> <td> Total <br/> Undergraduates <br/> (both degree- and <br/> non-degree￾ <br/> seeking) </td> </tr> <tr> <td> Nonresident aliens </td> <td> 41 </td> <td> 207 </td> <td> 211 </td> </tr> <tr> <td> Hispanic/Latino </td> <td> 230 </td> <td> 762 </td> <td> 782 </td> </tr> <tr> <td> Black or African American, non-Hispanic </td> <td> 44 </td> <td> 144 </td> <td> 146 </td> </tr> <tr> <td> White, non-Hispanic </td> <td> 1,102 </td> <td> 3,959 </td> <td> 4,020 </td> </tr> <tr> <td> American Indian or Alaska Native, non-Hispanic </td> <td> 6 </td> <td> 26 </td> <td> 27 </td> </tr> <tr> <td> Asian, non-Hispanic </td> <td> 57 </td> <td> 217 </td> <td> 222 </td> </tr> <tr> <td> Native Hawaiian or other Pacific Islander, non￾ <br/> Hispanic </td> <td> 2 </td> <td> 9 </td> <td> 9 </td> </tr> <tr> <td> Two or more races, non-Hispanic </td> <td> 109 </td> <td> 339 </td> <td> 341 </td> </tr> <tr> <td> Race and/or ethnicity unknown </td> <td> 33 </td> <td> 108 </td> <td> 109 </td> </tr> <tr> <td> TOTAL </td> <td> 1,624 </td> <td> 5,771 </td> <td> 5,867 </td> </tr> </table>",127060,../data/cds-docs/2021-2022/127060.pdf,2021-2022
B,4,B4,-B21: Graduation Rates,"[[{0: '', 1: 'Recipients of a\nFederal Grant Pell', 2: 'Recipients of a\nSubsidized\nStafford Loan\nwho did not\nreceive Grant a Pell', 3: 'Students who did\nnot receive either\na Pell Grant or a\nsubsidized\nStafford Loan', 4: 'Total\n(sum of 3 columns\nto the left)'}, {0: ""Initial 2015 cohort of first-time, full\ufffe\ntime, bachelor's (or equivalent)\ndegree-seeking undergraduate\nstudents"", 1: '248', 2: '255', 3: '912', 4: '1,415'}, {0: 'Of the initial 2015 cohort, how many\ndid not persist and did not graduate\nfor the following reasons:\n• Deceased\n• Permanently Disabled\n• Armed Forces\n• Foreign Aid Service of the Federal\nGovernment\n• Official church missions\n• Report Total Allowable Exclusions', 1: '0', 2: '0', 3: '0', 4: '0'}, {0: 'Final 2015 cohort, after adjusting for\nallowable exclusions', 1: '248', 2: '255', 3: '912', 4: '1,415'}, {0: 'Of the initial 2015 cohort, how many\ncompleted the program in four years\nor less (by Aug. 31, 2019)', 1: '151', 2: '175', 3: '628', 4: '954'}, {0: 'Of the initial 2015 cohort, how many\ncompleted the program in more than\nfour years but in five years or less\n(after Aug. 31, 2019 and by Aug. 31,\n2020)', 1: '19', 2: '18', 3: '60', 4: '97'}, {0: 'Of the initial 2015 cohort, how many\ncompleted the program in more than\nfive years but in six years or less\n(after Aug. 31, 2020 and by Aug. 31,\n2021)', 1: '5', 2: '2', 3: '13', 4: '20'}, {0: 'Total graduating within six years\n(sum of lines D, E, and F)', 1: '175', 2: '195', 3: '701', 4: '1,071'}, {0: 'Six-year graduation rate for 2015\ncohort (G divided by C)', 1: '70.6%', 2: '76.5%', 3: '76.9%', 4: '75.7%'}]]","<table> <tr> <td> </td> <td> Recipients of a <br/> Federal Grant Pell </td> <td> Recipients of a <br/> Subsidized <br/> Stafford Loan <br/> who did not <br/> receive Grant a Pell </td> <td> Students who did <br/> not receive either <br/> a Pell Grant or a <br/> subsidized <br/> Stafford Loan </td> <td> Total <br/> (sum of 3 columns <br/> to the left) </td> </tr> <tr> <td> Initial 2015 cohort of first-time, full￾ <br/> time, bachelor's (or equivalent) <br/> degree-seeking undergraduate <br/> students </td> <td> 248 </td> <td> 255 </td> <td> 912 </td> <td> 1,415 </td> </tr> <tr> <td> Of the initial 2015 cohort, how many <br/> did not persist and did not graduate <br/> for the following reasons: <br/> • Deceased <br/> • Permanently Disabled <br/> • Armed Forces <br/> • Foreign Aid Service of the Federal <br/> Government <br/> • Official church missions <br/> • Report Total Allowable Exclusions </td> <td> 0 </td> <td> 0 </td> <td> 0 </td> <td> 0 </td> </tr> <tr> <td> Final 2015 cohort, after adjusting for <br/> allowable exclusions </td> <td> 248 </td> <td> 255 </td> <td> 912 </td> <td> 1,415 </td> </tr> <tr> <td> Of the initial 2015 cohort, how many <br/> completed the program in four years <br/> or less (by Aug. 31, 2019) </td> <td> 151 </td> <td> 175 </td> <td> 628 </td> <td> 954 </td> </tr> <tr> <td> Of the initial 2015 cohort, how many <br/> completed the program in more than <br/> four years but in five years or less <br/> (after Aug. 31, 2019 and by Aug. 31, <br/> 2020) </td> <td> 19 </td> <td> 18 </td> <td> 60 </td> <td> 97 </td> </tr> <tr> <td> Of the initial 2015 cohort, how many <br/> completed the program in more than <br/> five years but in six years or less <br/> (after Aug. 31, 2020 and by Aug. 31, <br/> 2021) </td> <td> 5 </td> <td> 2 </td> <td> 13 </td> <td> 20 </td> </tr> <tr> <td> Total graduating within six years <br/> (sum of lines D, E, and F) </td> <td> 175 </td> <td> 195 </td> <td> 701 </td> <td> 1,071 </td> </tr> <tr> <td> Six-year graduation rate for 2015 <br/> cohort (G divided by C) </td> <td> 70.6% </td> <td> 76.5% </td> <td> 76.9% </td> <td> 75.7% </td> </tr> </table>",127060,../data/cds-docs/2021-2022/127060.pdf,2021-2022
B,12,B12,"Initial cohort, total of first-time, full-time degree/certificate-seeking students:","[[{0: '', 1: '2018 Cohort', 2: '2017 Cohort'}, {0: 'Initial cohort, total of first-time, full-time degree/certificate-seeking students:', 1: '', 2: ''}, {0: 'Of the initial cohort, how many did not persist and did not graduate for the\nfollowing reasons:\n• • Death Permanently Disability\n• Service in the armed forces,\n• Foreign aid service of the federal government\n• Official church missions\n• Report total allowable exclusions', 1: '', 2: ''}, {0: 'Final cohort, after adjusting for allowable exclusions:', 1: '', 2: ''}, {0: 'Completers of programs of less than two years duration (total):', 1: '', 2: ''}, {0: 'Completers of programs of less than two years within 150 percent of normal\ntime:', 1: '', 2: ''}, {0: 'Completers of programs of at least two but less than four years (total):', 1: '', 2: ''}, {0: 'Completers of programs of at least two but less than four-years within 150\npercent of normal time:', 1: '', 2: ''}, {0: 'Total transfers-out (within three years) to other institutions:', 1: '', 2: ''}, {0: 'Total transfers to two-year institutions:', 1: '', 2: ''}, {0: 'Total transfers to four-year institutions:', 1: '', 2: ''}]]","<table> <tr> <td> </td> <td> 2018 Cohort </td> <td> 2017 Cohort </td> </tr> <tr> <td> Initial cohort, total of first-time, full-time degree/certificate-seeking students: </td> <td> </td> <td> </td> </tr> <tr> <td> Of the initial cohort, how many did not persist and did not graduate for the <br/> following reasons: <br/> • • Death Permanently Disability <br/> • Service in the armed forces, <br/> • Foreign aid service of the federal government <br/> • Official church missions <br/> • Report total allowable exclusions </td> <td> </td> <td> </td> </tr> <tr> <td> Final cohort, after adjusting for allowable exclusions: </td> <td> </td> <td> </td> </tr> <tr> <td> Completers of programs of less than two years duration (total): </td> <td> </td> <td> </td> </tr> <tr> <td> Completers of programs of less than two years within 150 percent of normal <br/> time: </td> <td> </td> <td> </td> </tr> <tr> <td> Completers of programs of at least two but less than four years (total): </td> <td> </td> <td> </td> </tr> <tr> <td> Completers of programs of at least two but less than four-years within 150 <br/> percent of normal time: </td> <td> </td> <td> </td> </tr> <tr> <td> Total transfers-out (within three years) to other institutions: </td> <td> </td> <td> </td> </tr> <tr> <td> Total transfers to two-year institutions: </td> <td> </td> <td> </td> </tr> <tr> <td> Total transfers to four-year institutions: </td> <td> </td> <td> </td> </tr> </table>",127060,../data/cds-docs/2021-2022/127060.pdf,2021-2022
C,1,C1,"First-time, first-year (freshman) students: Provide the number of degree-seeking, first-time, first-year","[[{0: 'Total first-time, first-year', 1: '(freshman)', 2: 'men who applied', 3: '9,310'}, {0: 'Total first-time, first-year', 1: '(freshman)', 2: 'women who applied', 3: '13,384'}], [{0: 'Total first-time, first-year', 1: '(freshman)', 2: 'men who were admitted', 3: '5,794'}, {0: 'Total first-time, first-year', 1: '(freshman)', 2: 'women who were admitted', 3: '8,646'}], [{0: 'Total full-time, first-time, first-year (freshman) men who enrolled', 1: '689'}, {0: 'Total part-time, first-time, first-year (freshman) men who enrolled', 1: '13'}], [{0: 'Total full-time, first-time, first-year (freshman) women who enrolled', 1: '911'}, {0: 'Total part-time, first-time, first-year (freshman) women who enrolled', 1: '8'}], [{0: 'Total first-time, first-year (degree-seeking) who applied', 1: '22,694'}, {0: 'Total first-time, first-year (degree-seeking) who were admitted', 1: '14,440'}, {0: 'Total first-time, first-year (degree-seeking) who enrolled', 1: '1,621'}]]","<table> <tr> <td> Total first-time, first-year </td> <td> (freshman) </td> <td> men who applied </td> <td> 9,310 </td> </tr> <tr> <td> Total first-time, first-year </td> <td> (freshman) </td> <td> women who applied </td> <td> 13,384 </td> </tr> </table><div class=""separator""></div><table> <tr> <td> Total first-time, first-year </td> <td> (freshman) </td> <td> men who were admitted </td> <td> 5,794 </td> </tr> <tr> <td> Total first-time, first-year </td> <td> (freshman) </td> <td> women who were admitted </td> <td> 8,646 </td> </tr> </table><div class=""separator""></div><table> <tr> <td> Total full-time, first-time, first-year (freshman) men who enrolled </td> <td> 689 </td> </tr> <tr> <td> Total part-time, first-time, first-year (freshman) men who enrolled </td> <td> 13 </td> </tr> </table><div class=""separator""></div><table> <tr> <td> Total full-time, first-time, first-year (freshman) women who enrolled </td> <td> 911 </td> </tr> <tr> <td> Total part-time, first-time, first-year (freshman) women who enrolled </td> <td> 8 </td> </tr> </table><div class=""separator""></div><table> <tr> <td> Total first-time, first-year (degree-seeking) who applied </td> <td> 22,694 </td> </tr> <tr> <td> Total first-time, first-year (degree-seeking) who were admitted </td> <td> 14,440 </td> </tr> <tr> <td> Total first-time, first-year (degree-seeking) who enrolled </td> <td> 1,621 </td> </tr> </table>",127060,../data/cds-docs/2021-2022/127060.pdf,2021-2022
C,2,C2,Freshman wait-listed students,"[[{0: 'WAITING LIST', 1: 'TOTAL'}, {0: 'Number of qualified applicants offered a place on waiting list:', 1: '584'}, {0: 'Number accepting a place on the waiting list:', 1: '164'}, {0: 'Number of wait-listed students admitted:', 1: '35'}]]",<table> <tr> <td> WAITING LIST </td> <td> TOTAL </td> </tr> <tr> <td> Number of qualified applicants offered a place on waiting list: </td> <td> 584 </td> </tr> <tr> <td> Number accepting a place on the waiting list: </td> <td> 164 </td> </tr> <tr> <td> Number of wait-listed students admitted: </td> <td> 35 </td> </tr> </table>,127060,../data/cds-docs/2021-2022/127060.pdf,2021-2022
C,7,C7,"Relative importance of each of the following academic and nonacademic factors in your first-time,","[[{0: '', 1: 'Very Important', 2: 'Important', 3: 'Considered', 4: 'Not Considered'}, {0: 'Academic', 1: 'Academic', 2: 'Academic', 3: 'Academic', 4: 'Academic'}, {0: 'Rigor of secondary school\nrecord', 1: 'X', 2: '', 3: '', 4: ''}, {0: 'Class rank', 1: '', 2: '', 3: '', 4: 'X'}, {0: 'Academic GPA', 1: 'X', 2: '', 3: '', 4: ''}, {0: 'Standardized test scores', 1: '', 2: 'X', 3: '', 4: ''}, {0: 'Application Essay', 1: '', 2: 'X', 3: '', 4: ''}, {0: 'Recommendation(s)', 1: '', 2: 'X', 3: '', 4: ''}, {0: 'Nonacademic', 1: 'Nonacademic', 2: 'Nonacademic', 3: 'Nonacademic', 4: 'Nonacademic'}, {0: 'Interview', 1: '', 2: '', 3: '', 4: 'X'}, {0: 'Extracurricular activities', 1: '', 2: 'X', 3: '', 4: ''}, {0: 'Talent/ability', 1: '', 2: 'X', 3: '', 4: ''}, {0: 'Character/personal qualities', 1: '', 2: 'X', 3: '', 4: ''}, {0: 'First generation', 1: '', 2: '', 3: 'X', 4: ''}, {0: 'Alumni/ae relation', 1: '', 2: '', 3: 'X', 4: ''}, {0: 'Geographical residence', 1: '', 2: '', 3: 'X', 4: ''}, {0: 'State residency', 1: '', 2: '', 3: '', 4: 'X'}, {0: 'Religious affiliation/commitment', 1: '', 2: '', 3: '', 4: 'X'}, {0: 'Racial/ethnic status', 1: '', 2: '', 3: 'X', 4: ''}, {0: 'Volunteer work', 1: '', 2: '', 3: 'X', 4: ''}, {0: 'Work experience', 1: '', 2: '', 3: 'X', 4: ''}, {0: 'Level of applicant’s interest', 1: '', 2: '', 3: 'X', 4: ''}]]","<table> <tr> <td> </td> <td> Very Important </td> <td> Important </td> <td> Considered </td> <td> Not Considered </td> </tr> <tr> <td colspan=""5""> Academic </td> </tr> <tr> <td> Rigor of secondary school <br/> record </td> <td> X </td> <td> </td> <td> </td> <td> </td> </tr> <tr> <td> Class rank </td> <td> </td> <td> </td> <td> </td> <td> X </td> </tr> <tr> <td> Academic GPA </td> <td> X </td> <td> </td> <td> </td> <td> </td> </tr> <tr> <td> Standardized test scores </td> <td> </td> <td> X </td> <td> </td> <td> </td> </tr> <tr> <td> Application Essay </td> <td> </td> <td> X </td> <td> </td> <td> </td> </tr> <tr> <td> Recommendation(s) </td> <td> </td> <td> X </td> <td> </td> <td> </td> </tr> <tr> <td colspan=""5""> Nonacademic </td> </tr> <tr> <td> Interview </td> <td> </td> <td> </td> <td> </td> <td> X </td> </tr> <tr> <td> Extracurricular activities </td> <td> </td> <td> X </td> <td> </td> <td> </td> </tr> <tr> <td> Talent/ability </td> <td> </td> <td> X </td> <td> </td> <td> </td> </tr> <tr> <td> Character/personal qualities </td> <td> </td> <td> X </td> <td> </td> <td> </td> </tr> <tr> <td> First generation </td> <td> </td> <td> </td> <td> X </td> <td> </td> </tr> <tr> <td> Alumni/ae relation </td> <td> </td> <td> </td> <td> X </td> <td> </td> </tr> <tr> <td> Geographical residence </td> <td> </td> <td> </td> <td> X </td> <td> </td> </tr> <tr> <td> State residency </td> <td> </td> <td> </td> <td> </td> <td> X </td> </tr> <tr> <td> Religious affiliation/commitment </td> <td> </td> <td> </td> <td> </td> <td> X </td> </tr> <tr> <td> Racial/ethnic status </td> <td> </td> <td> </td> <td> X </td> <td> </td> </tr> <tr> <td> Volunteer work </td> <td> </td> <td> </td> <td> X </td> <td> </td> </tr> <tr> <td> Work experience </td> <td> </td> <td> </td> <td> X </td> <td> </td> </tr> <tr> <td> Level of applicant’s interest </td> <td> </td> <td> </td> <td> X </td> <td> </td> </tr> </table>",127060,../data/cds-docs/2021-2022/127060.pdf,2021-2022
C,8,C8,"A If yes, place check marks in the appropriate boxes below to reflect your institution’s policies for use in","[[{0: '', 1: 'ADMISSION', 2: 'ADMISSION', 3: 'ADMISSION', 4: 'ADMISSION', 5: 'ADMISSION'}, {0: '', 1: 'Require', 2: 'Recommend', 3: 'Require for Some', 4: 'Consider if\nSubmitted', 5: 'Used Not'}, {0: 'SAT or ACT', 1: '', 2: '', 3: '', 4: 'X', 5: ''}]]","<table> <tr> <td rowspan=""2""> </td> <td colspan=""5""> ADMISSION </td> </tr> <tr> <td> Require </td> <td> Recommend </td> <td> Require for Some </td> <td> Consider if <br/> Submitted </td> <td> Used Not </td> </tr> <tr> <td> SAT or ACT </td> <td> </td> <td> </td> <td> </td> <td> X </td> <td> </td> </tr> </table>",127060,../data/cds-docs/2021-2022/127060.pdf,2021-2022
C,9,C9,"Percent and number of first-time, first-year (freshman) students enrolled in Fall 2021 who submitted","[[{0: '24%', 1: '385'}, {0: '27%', 1: '436'}], [{0: 'Assessment', 1: '25th Percentile', 2: '75th Percentile'}, {0: 'SAT Composite', 1: '1220', 2: '1370'}, {0: 'SAT Evidence-Based Reading and\nWriting', 1: '610', 2: '700'}, {0: 'SAT Math', 1: '590', 2: '690'}, {0: 'ACT Composite', 1: '27', 2: '31'}, {0: 'ACT Math', 1: '25', 2: '29'}, {0: 'ACT English', 1: '26', 2: '34'}, {0: 'ACT Writing', 1: '', 2: ''}], [{0: 'Score Range', 1: 'SAT Evidence\ufffe\nBased Reading\nand Writing', 2: 'SAT Math'}, {0: '700-800', 1: '26%', 2: '23%'}, {0: '600-699', 1: '54%', 2: '51%'}, {0: '500-599', 1: '17%', 2: '24%'}, {0: '400-499', 1: '3%', 2: '1%'}, {0: '300-399', 1: '0%', 2: '1%'}, {0: '200-299', 1: '0%', 2: '0%'}, {0: 'Totals should = 100%', 1: '', 2: ''}], [{0: 'Score Range', 1: 'SAT Composite'}, {0: '1400-1600', 1: '21%'}, {0: '1200-1399', 1: '61%'}, {0: '1000-1199', 1: '17%'}, {0: '800-999', 1: '2%'}, {0: '600-799', 1: '0%'}, {0: '400-599', 1: '0%'}, {0: 'Totals should = 100%', 1: '100%'}], [{0: 'Score Range', 1: 'ACT Composite', 2: 'ACT English', 3: 'ACT Math'}, {0: '30-36', 1: '49%', 2: '55%', 3: '24%'}, {0: '24-29', 1: '45%', 2: '36%', 3: '62%'}, {0: '18-23', 1: '7%', 2: '8%', 3: '13%'}]]","<table> <tr> <td> 24% </td> <td> 385 </td> </tr> <tr> <td> 27% </td> <td> 436 </td> </tr> </table><div class=""separator""></div><table> <tr> <td> Assessment </td> <td> 25th Percentile </td> <td> 75th Percentile </td> </tr> <tr> <td> SAT Composite </td> <td> 1220 </td> <td> 1370 </td> </tr> <tr> <td> SAT Evidence-Based Reading and <br/> Writing </td> <td> 610 </td> <td> 700 </td> </tr> <tr> <td> SAT Math </td> <td> 590 </td> <td> 690 </td> </tr> <tr> <td> ACT Composite </td> <td> 27 </td> <td> 31 </td> </tr> <tr> <td> ACT Math </td> <td> 25 </td> <td> 29 </td> </tr> <tr> <td> ACT English </td> <td> 26 </td> <td> 34 </td> </tr> <tr> <td> ACT Writing </td> <td> </td> <td> </td> </tr> </table><div class=""separator""></div><table> <tr> <td> Score Range </td> <td> SAT Evidence￾ <br/> Based Reading <br/> and Writing </td> <td> SAT Math </td> </tr> <tr> <td> 700-800 </td> <td> 26% </td> <td> 23% </td> </tr> <tr> <td> 600-699 </td> <td> 54% </td> <td> 51% </td> </tr> <tr> <td> 500-599 </td> <td> 17% </td> <td> 24% </td> </tr> <tr> <td> 400-499 </td> <td> 3% </td> <td> 1% </td> </tr> <tr> <td> 300-399 </td> <td> 0% </td> <td> 1% </td> </tr> <tr> <td> 200-299 </td> <td> 0% </td> <td> 0% </td> </tr> <tr> <td> Totals should = 100% </td> <td> </td> <td> </td> </tr> </table><div class=""separator""></div><table> <tr> <td> Score Range </td> <td> SAT Composite </td> </tr> <tr> <td> 1400-1600 </td> <td> 21% </td> </tr> <tr> <td> 1200-1399 </td> <td> 61% </td> </tr> <tr> <td> 1000-1199 </td> <td> 17% </td> </tr> <tr> <td> 800-999 </td> <td> 2% </td> </tr> <tr> <td> 600-799 </td> <td> 0% </td> </tr> <tr> <td> 400-599 </td> <td> 0% </td> </tr> <tr> <td> Totals should = 100% </td> <td> 100% </td> </tr> </table><div class=""separator""></div><table> <tr> <td> Score Range </td> <td> ACT Composite </td> <td> ACT English </td> <td> ACT Math </td> </tr> <tr> <td> 30-36 </td> <td> 49% </td> <td> 55% </td> <td> 24% </td> </tr> <tr> <td> 24-29 </td> <td> 45% </td> <td> 36% </td> <td> 62% </td> </tr> <tr> <td> 18-23 </td> <td> 7% </td> <td> 8% </td> <td> 13% </td> </tr> </table>",127060,../data/cds-docs/2021-2022/127060.pdf,2021-2022
C,10,C10,"Percent of all degree-seeking, first-time, first-year (freshman) students who had high school class","[[{0: 'Assessment', 1: 'Percent'}, {0: 'Percent in top tenth of high school graduating class', 1: '36%'}, {0: 'Percent in top quarter of high school graduating class', 1: '70%'}, {0: 'Percent in top half of high school graduating class', 1: '93%'}, {0: 'Percent in bottom half of high school graduating class', 1: '7%'}, {0: 'Percent in bottom quarter of high school graduating class', 1: '1%'}, {0: 'Percent of total first-time, first-year (freshmen) students who submitted', 1: '24%'}]]","<table> <tr> <td> Assessment </td> <td> Percent </td> </tr> <tr> <td> Percent in top tenth of high school graduating class </td> <td> 36% </td> </tr> <tr> <td> Percent in top quarter of high school graduating class </td> <td> 70% </td> </tr> <tr> <td> Percent in top half of high school graduating class </td> <td> 93% </td> </tr> <tr> <td> Percent in bottom half of high school graduating class </td> <td> 7% </td> </tr> <tr> <td> Percent in bottom quarter of high school graduating class </td> <td> 1% </td> </tr> <tr> <td> Percent of total first-time, first-year (freshmen) students who submitted </td> <td> 24% </td> </tr> </table>",127060,../data/cds-docs/2021-2022/127060.pdf,2021-2022
C,11,C11,"Percentage of all enrolled, degree-seeking, first-time, first-year (freshman) students who had high","[[{0: 'Score Range', 1: 'Percent'}, {0: 'Percent who had GPA of 4.0', 1: '35%'}, {0: 'Percent who had GPA between 3.75 and 3.99', 1: '22%'}, {0: 'Percent who had GPA between 3.50 and 3.74', 1: '20%'}, {0: 'Percent who had GPA between 3.25 and 3.49', 1: '12%'}, {0: 'Percent who had GPA between 3.00 and 3.24', 1: '8%'}, {0: 'Percent who had GPA between 2.50 and 2.99', 1: '3%'}, {0: 'Percent who had GPA between 2.0 and 2.49', 1: '0%'}, {0: 'Percent who had GPA between 1.0 and 1.99', 1: '0%'}, {0: 'Percent who had GPA below 1.0', 1: '0%'}, {0: 'Totals should = 100%', 1: '100%'}]]",<table> <tr> <td> Score Range </td> <td> Percent </td> </tr> <tr> <td> Percent who had GPA of 4.0 </td> <td> 35% </td> </tr> <tr> <td> Percent who had GPA between 3.75 and 3.99 </td> <td> 22% </td> </tr> <tr> <td> Percent who had GPA between 3.50 and 3.74 </td> <td> 20% </td> </tr> <tr> <td> Percent who had GPA between 3.25 and 3.49 </td> <td> 12% </td> </tr> <tr> <td> Percent who had GPA between 3.00 and 3.24 </td> <td> 8% </td> </tr> <tr> <td> Percent who had GPA between 2.50 and 2.99 </td> <td> 3% </td> </tr> <tr> <td> Percent who had GPA between 2.0 and 2.49 </td> <td> 0% </td> </tr> <tr> <td> Percent who had GPA between 1.0 and 1.99 </td> <td> 0% </td> </tr> <tr> <td> Percent who had GPA below 1.0 </td> <td> 0% </td> </tr> <tr> <td> Totals should = 100% </td> <td> 100% </td> </tr> </table>,127060,../data/cds-docs/2021-2022/127060.pdf,2021-2022
D,2,D2,"Provide the number of students who applied, were admitted, and enrolled as degree-seeking transfer","[[{0: '', 1: 'Applicants', 2: 'Admitted\nApplicants', 3: 'Enrolled\nApplicants'}, {0: 'Men', 1: '428', 2: '225', 3: '98'}, {0: 'Women', 1: '503', 2: '264', 3: '109'}, {0: 'Total', 1: '931', 2: '489', 3: '207'}]]",<table> <tr> <td> </td> <td> Applicants </td> <td> Admitted <br/> Applicants </td> <td> Enrolled <br/> Applicants </td> </tr> <tr> <td> Men </td> <td> 428 </td> <td> 225 </td> <td> 98 </td> </tr> <tr> <td> Women </td> <td> 503 </td> <td> 264 </td> <td> 109 </td> </tr> <tr> <td> Total </td> <td> 931 </td> <td> 489 </td> <td> 207 </td> </tr> </table>,127060,../data/cds-docs/2021-2022/127060.pdf,2021-2022
D,9,D9,Rolling,"[[{0: '', 1: 'Priority Date', 2: 'Closing Date', 3: 'Notification Date', 4: 'Reply Date', 5: 'Rolling\nAdmission'}, {0: 'Fall', 1: '', 2: '7/1', 3: '', 4: '', 5: 'X'}, {0: 'Winter', 1: '', 2: '10/15', 3: '', 4: '', 5: 'X'}, {0: 'Spring', 1: '', 2: '2/1', 3: '', 4: '', 5: 'X'}, {0: 'Summer', 1: '', 2: '5/1', 3: '', 4: '', 5: 'X'}]]",<table> <tr> <td> </td> <td> Priority Date </td> <td> Closing Date </td> <td> Notification Date </td> <td> Reply Date </td> <td> Rolling <br/> Admission </td> </tr> <tr> <td> Fall </td> <td> </td> <td> 7/1 </td> <td> </td> <td> </td> <td> X </td> </tr> <tr> <td> Winter </td> <td> </td> <td> 10/15 </td> <td> </td> <td> </td> <td> X </td> </tr> <tr> <td> Spring </td> <td> </td> <td> 2/1 </td> <td> </td> <td> </td> <td> X </td> </tr> <tr> <td> Summer </td> <td> </td> <td> 5/1 </td> <td> </td> <td> </td> <td> X </td> </tr> </table>,127060,../data/cds-docs/2021-2022/127060.pdf,2021-2022
D,18,D18,Does your institution accept the following military/veteran transfer credits:,"[[{0: 'X', 1: ''}, {0: '', 1: 'X'}, {0: '', 1: 'X'}]]",<table> <tr> <td> X </td> <td> </td> </tr> <tr> <td> </td> <td> X </td> </tr> <tr> <td> </td> <td> X </td> </tr> </table>,127060,../data/cds-docs/2021-2022/127060.pdf,2021-2022
F,1,F1,"Percentages of first-time, first-year (freshman) degree-seeking students and degree-","[[{0: '', 1: 'First-time, first\ufffe\nyear (freshman)\nstudents', 2: 'Undergraduates'}, {0: 'Percent who are from out of state (exclude\ninternational/nonresident aliens from the numerator\nand denominator)', 1: '72%', 2: '68%'}, {0: 'Percent of men who join fraternities', 1: '13%', 2: '20%'}, {0: 'Percent of women who join sororities', 1: '14%', 2: '24%'}, {0: 'Percent who live in college-owned, -operated, or -\naffiliated housing', 1: '94%', 2: '50%'}, {0: 'Percent who live off campus or commute', 1: '6%', 2: '50%'}, {0: 'Percent of students age 25 and older', 1: '0%', 2: '2%'}, {0: 'Average age of full-time students', 1: '18', 2: '20'}, {0: 'Average age of all students (full- and part-time)', 1: '18', 2: '20'}]]","<table> <tr> <td> </td> <td> First-time, first￾ <br/> year (freshman) <br/> students </td> <td> Undergraduates </td> </tr> <tr> <td> Percent who are from out of state (exclude <br/> international/nonresident aliens from the numerator <br/> and denominator) </td> <td> 72% </td> <td> 68% </td> </tr> <tr> <td> Percent of men who join fraternities </td> <td> 13% </td> <td> 20% </td> </tr> <tr> <td> Percent of women who join sororities </td> <td> 14% </td> <td> 24% </td> </tr> <tr> <td> Percent who live in college-owned, -operated, or - <br/> affiliated housing </td> <td> 94% </td> <td> 50% </td> </tr> <tr> <td> Percent who live off campus or commute </td> <td> 6% </td> <td> 50% </td> </tr> <tr> <td> Percent of students age 25 and older </td> <td> 0% </td> <td> 2% </td> </tr> <tr> <td> Average age of full-time students </td> <td> 18 </td> <td> 20 </td> </tr> <tr> <td> Average age of all students (full- and part-time) </td> <td> 18 </td> <td> 20 </td> </tr> </table>",127060,../data/cds-docs/2021-2022/127060.pdf,2021-2022
F,3,F3,ROTC (program offered in cooperation with Reserve Officers' Training Corps),"[[{0: '', 1: 'On Campus', 2: 'At Cooperating\nInstitution', 3: 'Name of Cooperating\nInstitution'}, {0: 'Army ROTC is offered:', 1: '', 2: 'X', 3: 'University of Colorado Boulder'}, {0: 'Naval ROTC is offered:', 1: '', 2: '', 3: ''}, {0: 'Air Force ROTC is offered:', 1: '', 2: 'X', 3: 'University of Colorado Boulder'}]]",<table> <tr> <td> </td> <td> On Campus </td> <td> At Cooperating <br/> Institution </td> <td> Name of Cooperating <br/> Institution </td> </tr> <tr> <td> Army ROTC is offered: </td> <td> </td> <td> X </td> <td> University of Colorado Boulder </td> </tr> <tr> <td> Naval ROTC is offered: </td> <td> </td> <td> </td> <td> </td> </tr> <tr> <td> Air Force ROTC is offered: </td> <td> </td> <td> X </td> <td> University of Colorado Boulder </td> </tr> </table>,127060,../data/cds-docs/2021-2022/127060.pdf,2021-2022
G,1,G1,First-Year Undergraduates,"[[{0: '', 1: 'First-Year', 2: 'Undergraduates'}, {0: 'PRIVATE INSTITUTIONS', 1: '', 2: ''}, {0: 'Tuition:', 1: '', 2: '$55,260'}, {0: 'PUBLIC INSTITUTIONS', 1: '', 2: ''}, {0: 'Tuition: In-district', 1: '', 2: ''}, {0: 'Tuition: In-state (out-of-district):', 1: '', 2: ''}, {0: 'Tuition: Out-of-state:', 1: '', 2: ''}, {0: 'Tuition: Non-resident alien', 1: '', 2: ''}, {0: 'FOR ALL INSTITUTIONS', 1: 'FOR ALL INSTITUTIONS', 2: 'FOR ALL INSTITUTIONS'}, {0: 'Required Fees', 1: '', 2: '$1,179'}, {0: 'Room and Board (on-campus):', 1: '', 2: '$15,470'}, {0: 'Room Only (on-campus):', 1: '', 2: ''}, {0: 'Board Only (on-campus meal plan):', 1: '', 2: ''}]]","<table> <tr> <td> </td> <td> First-Year </td> <td> Undergraduates </td> </tr> <tr> <td> PRIVATE INSTITUTIONS </td> <td> </td> <td> </td> </tr> <tr> <td> Tuition: </td> <td> </td> <td> $55,260 </td> </tr> <tr> <td> PUBLIC INSTITUTIONS </td> <td> </td> <td> </td> </tr> <tr> <td> Tuition: In-district </td> <td> </td> <td> </td> </tr> <tr> <td> Tuition: In-state (out-of-district): </td> <td> </td> <td> </td> </tr> <tr> <td> Tuition: Out-of-state: </td> <td> </td> <td> </td> </tr> <tr> <td> Tuition: Non-resident alien </td> <td> </td> <td> </td> </tr> <tr> <td colspan=""3""> FOR ALL INSTITUTIONS </td> </tr> <tr> <td> Required Fees </td> <td> </td> <td> $1,179 </td> </tr> <tr> <td> Room and Board (on-campus): </td> <td> </td> <td> $15,470 </td> </tr> <tr> <td> Room Only (on-campus): </td> <td> </td> <td> </td> </tr> <tr> <td> Board Only (on-campus meal plan): </td> <td> </td> <td> </td> </tr> </table>",127060,../data/cds-docs/2021-2022/127060.pdf,2021-2022
G,5,G5,Provide the estimated expenses for a typical full-time undergraduate student:,"[[{0: '', 1: 'Residents', 2: 'Commuters\n(living at home)', 3: 'Commuters\n(not living at home)'}, {0: 'Books and supplies:', 1: '$1,000', 2: '$1,000', 3: '$1,000'}, {0: 'Room only:', 1: '', 2: '', 3: ''}, {0: 'Board only:', 1: '', 2: '', 3: ''}, {0: 'Room and board total*', 1: '$15,470', 2: '$4,806', 3: '$14,674'}, {0: 'Transportation:', 1: '$1,536', 2: '$1,536', 3: '$1,665'}, {0: 'Other expenses:', 1: '$1,485', 2: '$1,332', 3: '$1,485'}]]","<table> <tr> <td> </td> <td> Residents </td> <td> Commuters <br/> (living at home) </td> <td> Commuters <br/> (not living at home) </td> </tr> <tr> <td> Books and supplies: </td> <td> $1,000 </td> <td> $1,000 </td> <td> $1,000 </td> </tr> <tr> <td> Room only: </td> <td> </td> <td> </td> <td> </td> </tr> <tr> <td> Board only: </td> <td> </td> <td> </td> <td> </td> </tr> <tr> <td> Room and board total* </td> <td> $15,470 </td> <td> $4,806 </td> <td> $14,674 </td> </tr> <tr> <td> Transportation: </td> <td> $1,536 </td> <td> $1,536 </td> <td> $1,665 </td> </tr> <tr> <td> Other expenses: </td> <td> $1,485 </td> <td> $1,332 </td> <td> $1,485 </td> </tr> </table>",127060,../data/cds-docs/2021-2022/127060.pdf,2021-2022
H,2,H2,Number of Enrolled Students Awarded Aid: List the number of degree-seeking full-time and less-than-,"[[{0: '', 1: '', 2: 'First-time Full\ufffe\ntime Freshmen', 3: 'Full-time\nUndergrad\n(Incl. Fresh)', 4: 'Less Full-time Than\nUndergrad'}, {0: 'A', 1: 'Number of degree-seeking undergraduate students\n(CDS Item B1 if reporting on Fall 2021 cohort)', 2: '1,601', 3: '5,403', 4: '200'}, {0: 'B', 1: 'Number of students in line a who applied for need\ufffe\nbased financial aid', 2: '1,092', 3: '3,013', 4: '78'}, {0: 'C', 1: 'Number of students in line b who were determined to\nhave financial need', 2: '703', 3: '2,233', 4: '66'}, {0: 'D', 1: 'Number of students in line c who were awarded any\nfinancial aid', 2: '703', 3: '2,232', 4: '64'}, {0: 'E', 1: 'Number of students in line d who were awarded any\nneed-based scholarship or grant aid', 2: '703', 3: '2,222', 4: '62'}, {0: 'F', 1: 'Number of students in line d who were awarded any\nneed-based self-help aid', 2: '461', 3: '1,461', 4: '43'}, {0: 'G', 1: 'Number of students in line d who were awarded any\nnon-need-based scholarship or grant aid', 2: '184', 3: '596', 4: '7'}, {0: 'H', 1: 'Number of students in line d whose need was fully met\n(exclude PLUS loans, unsubsidized loans, and private\nalternative loans)', 2: '220', 3: '740', 4: '10'}], [{0: '', 1: '', 2: 'First-time\nFull-time\nFreshmen', 3: 'Full-time\nUndergrad\n(Incl. Fresh.)', 4: 'Less Full-time Than\nUndergrad'}, {0: 'N', 1: 'Number of students in line a who had no financial need\nand who were awarded institutional non-need-based\nscholarship or grant aid (exclude those who were\nawarded athletic awards and tuition benefits)', 2: '830', 3: '2693', 4: '88'}, {0: 'O', 1: 'Average dollar amount of institutional non-need-based\nscholarship and grant aid awarded to students in line n', 2: '$20,065', 3: '$20,482', 4: '$16,099'}, {0: 'P', 1: 'Number of students in line a who were awarded an\ninstitutional non-need-based athletic scholarship or\ngrant', 2: '66', 3: '224', 4: '2'}, {0: 'Q', 1: 'Average dollar amount of institutional non-need-based\nathletic scholarships and grants awarded to students in\nline p', 2: '$38,920', 3: '$40,290', 4: '$9,448'}]]","<table> <tr> <td> </td> <td> </td> <td> First-time Full￾ <br/> time Freshmen </td> <td> Full-time <br/> Undergrad <br/> (Incl. Fresh) </td> <td> Less Full-time Than <br/> Undergrad </td> </tr> <tr> <td> A </td> <td> Number of degree-seeking undergraduate students <br/> (CDS Item B1 if reporting on Fall 2021 cohort) </td> <td> 1,601 </td> <td> 5,403 </td> <td> 200 </td> </tr> <tr> <td> B </td> <td> Number of students in line a who applied for need￾ <br/> based financial aid </td> <td> 1,092 </td> <td> 3,013 </td> <td> 78 </td> </tr> <tr> <td> C </td> <td> Number of students in line b who were determined to <br/> have financial need </td> <td> 703 </td> <td> 2,233 </td> <td> 66 </td> </tr> <tr> <td> D </td> <td> Number of students in line c who were awarded any <br/> financial aid </td> <td> 703 </td> <td> 2,232 </td> <td> 64 </td> </tr> <tr> <td> E </td> <td> Number of students in line d who were awarded any <br/> need-based scholarship or grant aid </td> <td> 703 </td> <td> 2,222 </td> <td> 62 </td> </tr> <tr> <td> F </td> <td> Number of students in line d who were awarded any <br/> need-based self-help aid </td> <td> 461 </td> <td> 1,461 </td> <td> 43 </td> </tr> <tr> <td> G </td> <td> Number of students in line d who were awarded any <br/> non-need-based scholarship or grant aid </td> <td> 184 </td> <td> 596 </td> <td> 7 </td> </tr> <tr> <td> H </td> <td> Number of students in line d whose need was fully met <br/> (exclude PLUS loans, unsubsidized loans, and private <br/> alternative loans) </td> <td> 220 </td> <td> 740 </td> <td> 10 </td> </tr> </table><div class=""separator""></div><table> <tr> <td> </td> <td> </td> <td> First-time <br/> Full-time <br/> Freshmen </td> <td> Full-time <br/> Undergrad <br/> (Incl. Fresh.) </td> <td> Less Full-time Than <br/> Undergrad </td> </tr> <tr> <td> N </td> <td> Number of students in line a who had no financial need <br/> and who were awarded institutional non-need-based <br/> scholarship or grant aid (exclude those who were <br/> awarded athletic awards and tuition benefits) </td> <td> 830 </td> <td> 2693 </td> <td> 88 </td> </tr> <tr> <td> O </td> <td> Average dollar amount of institutional non-need-based <br/> scholarship and grant aid awarded to students in line n </td> <td> $20,065 </td> <td> $20,482 </td> <td> $16,099 </td> </tr> <tr> <td> P </td> <td> Number of students in line a who were awarded an <br/> institutional non-need-based athletic scholarship or <br/> grant </td> <td> 66 </td> <td> 224 </td> <td> 2 </td> </tr> <tr> <td> Q </td> <td> Average dollar amount of institutional non-need-based <br/> athletic scholarships and grants awarded to students in <br/> line p </td> <td> $38,920 </td> <td> $40,290 </td> <td> $9,448 </td> </tr> </table>",127060,../data/cds-docs/2021-2022/127060.pdf,2021-2022
H,5,H5,"Number and percent of students in class (defined in H4 above) borrowing from federal, non-federal,","[[{0: 'Source/Type of Loan', 1: 'Source/Type of Loan', 2: 'Number in the\nclass (defined\nin H4 above)\nwho borrowed\nfrom the types\nof loans\nspecified in the\nfirst column', 3: 'Percent of the\nclass (defined\nabove) who\nborrowed from\nthe types of\nloans specified\nin column the first\n(nearest 1%)', 4: 'Average per\ufffe\nundergraduate\ufffe\nborrower\ncumulative\nprincipal\nborrowed from\nthe types of\nloans specified\nin column the first\n(nearest $1)'}, {0: 'A', 1: 'Any loan program: Federal Perkins, Federal Stafford\nSubsidized and Unsubsidized, institutional, state,\nprivate loans that your institution is aware of, etc.\nInclude both Federal Direct Student Loans and Federal\nFamily Education Loans.', 2: '443', 3: '44.48%', 4: '$31,302'}, {0: 'B', 1: 'Federal loan programs: Federal Perkins, Federal\nStafford Subsidized and Unsubsidized. Include both\nFederal Direct Student Loans and Federal Family\nEducation Loans.', 2: '432', 3: '43.37%', 4: '$21,025'}, {0: 'C', 1: 'Institutional loan programs.', 2: '2', 3: '0.20%', 4: '$3,593'}, {0: 'D', 1: 'State loan programs.', 2: '0', 3: '0.00%', 4: '$0'}, {0: 'E', 1: 'Private student loans made by a bank or lender.', 2: '102', 3: '10.24%', 4: '$46,833'}]]","<table> <tr> <td colspan=""2""> Source/Type of Loan </td> <td> Number in the <br/> class (defined <br/> in H4 above) <br/> who borrowed <br/> from the types <br/> of loans <br/> specified in the <br/> first column </td> <td> Percent of the <br/> class (defined <br/> above) who <br/> borrowed from <br/> the types of <br/> loans specified <br/> in column the first <br/> (nearest 1%) </td> <td> Average per￾ <br/> undergraduate￾ <br/> borrower <br/> cumulative <br/> principal <br/> borrowed from <br/> the types of <br/> loans specified <br/> in column the first <br/> (nearest $1) </td> </tr> <tr> <td> A </td> <td> Any loan program: Federal Perkins, Federal Stafford <br/> Subsidized and Unsubsidized, institutional, state, <br/> private loans that your institution is aware of, etc. <br/> Include both Federal Direct Student Loans and Federal <br/> Family Education Loans. </td> <td> 443 </td> <td> 44.48% </td> <td> $31,302 </td> </tr> <tr> <td> B </td> <td> Federal loan programs: Federal Perkins, Federal <br/> Stafford Subsidized and Unsubsidized. Include both <br/> Federal Direct Student Loans and Federal Family <br/> Education Loans. </td> <td> 432 </td> <td> 43.37% </td> <td> $21,025 </td> </tr> <tr> <td> C </td> <td> Institutional loan programs. </td> <td> 2 </td> <td> 0.20% </td> <td> $3,593 </td> </tr> <tr> <td> D </td> <td> State loan programs. </td> <td> 0 </td> <td> 0.00% </td> <td> $0 </td> </tr> <tr> <td> E </td> <td> Private student loans made by a bank or lender. </td> <td> 102 </td> <td> 10.24% </td> <td> $46,833 </td> </tr> </table>",127060,../data/cds-docs/2021-2022/127060.pdf,2021-2022
H,11,H11,Indicate reply dates:,"[[{0: 'Students must reply by (date):', 1: '5/1'}, {0: 'or within _______ weeks of notification.', 1: ''}]]",<table> <tr> <td> Students must reply by (date): </td> <td> 5/1 </td> </tr> <tr> <td> or within _______ weeks of notification. </td> <td> </td> </tr> </table>,127060,../data/cds-docs/2021-2022/127060.pdf,2021-2022
H,14,H14,Check off criteria used in awarding institutional aid. Check all that apply.,"[[{0: '', 1: 'Non-Need Based', 2: 'Need-Based'}, {0: 'Academics', 1: 'X', 2: 'X'}, {0: 'Alumni affiliation', 1: '', 2: ''}, {0: 'Art', 1: 'X', 2: 'X'}, {0: 'Athletics', 1: 'X', 2: 'X'}]]",<table> <tr> <td> </td> <td> Non-Need Based </td> <td> Need-Based </td> </tr> <tr> <td> Academics </td> <td> X </td> <td> X </td> </tr> <tr> <td> Alumni affiliation </td> <td> </td> <td> </td> </tr> <tr> <td> Art </td> <td> X </td> <td> X </td> </tr> <tr> <td> Athletics </td> <td> X </td> <td> X </td> </tr> </table>,127060,../data/cds-docs/2021-2022/127060.pdf,2021-2022
J,1,J1,"Degrees conferred between July 1, 2020 and June 30, 2021","[[{0: 'Category', 1: 'Diploma/Certificates', 2: 'Associate', 3: 'Bachelor’s', 4: 'CIP 2020 Categories\nto Include'}, {0: 'Agriculture', 1: '', 2: '', 3: '', 4: '01'}, {0: 'Natural resources and conservation', 1: '', 2: '', 3: '2.2%', 4: '03'}, {0: 'Architecture', 1: '', 2: '', 3: '', 4: '04'}, {0: 'Area, ethnic, and gender studies', 1: '', 2: '', 3: '0.4%', 4: '05'}, {0: 'Communication/journalism', 1: '', 2: '', 3: '6.7%', 4: '09'}, {0: 'Communication technologies', 1: '', 2: '', 3: '', 4: '10'}, {0: 'Computer and information sciences', 1: '', 2: '', 3: '4.0%', 4: '11'}, {0: 'Personal and culinary services', 1: '', 2: '', 3: '', 4: '12'}, {0: 'Education', 1: '', 2: '', 3: '', 4: '13'}, {0: 'Engineering', 1: '', 2: '', 3: '4.6%', 4: '14'}, {0: 'Engineering technologies', 1: '', 2: '', 3: '', 4: '15'}, {0: 'Foreign languages, literatures, and linguistics', 1: '', 2: '', 3: '1.1%', 4: '16'}, {0: 'Family and consumer sciences', 1: '', 2: '', 3: '', 4: '19'}, {0: 'Law/legal studies', 1: '', 2: '', 3: '0.8%', 4: '22'}, {0: 'English', 1: '', 2: '', 3: '1.8%', 4: '23'}, {0: 'Liberal arts/general studies', 1: '', 2: '', 3: '', 4: '24'}, {0: 'Library science', 1: '', 2: '', 3: '', 4: '25'}, {0: 'Biological/life sciences', 1: '', 2: '', 3: '7.5%', 4: '26'}, {0: 'Mathematics and statistics', 1: '', 2: '', 3: '1.7%', 4: '27'}, {0: 'Military science and military technologies', 1: '', 2: '', 3: '', 4: '28 & 29'}, {0: 'Interdisciplinary studies', 1: '', 2: '', 3: '0.7%', 4: '30'}, {0: 'Parks and recreation', 1: '', 2: '', 3: '', 4: '31'}, {0: 'Philosophy and religious studies', 1: '', 2: '', 3: '0.3%', 4: '38'}, {0: 'Theology and religious vocations', 1: '', 2: '', 3: '', 4: '39'}, {0: 'Physical sciences', 1: '', 2: '', 3: '1.2%', 4: '40'}, {0: 'Science technologies', 1: '', 2: '', 3: '', 4: '41'}, {0: 'Psychology', 1: '', 2: '', 3: '8.4%', 4: '42'}, {0: 'Homeland Security, law enforcement, firefighting,\nand protective services', 1: '', 2: '', 3: '', 4: '43'}, {0: 'Public administration and social services', 1: '', 2: '', 3: '0.4%', 4: '44'}, {0: 'Social sciences', 1: '', 2: '', 3: '15.4%', 4: '45'}, {0: 'Construction trades', 1: '', 2: '', 3: '', 4: '46'}, {0: 'Mechanic and repair technologies', 1: '', 2: '', 3: '', 4: '47'}, {0: 'Precision production', 1: '', 2: '', 3: '', 4: '48'}, {0: 'Transportation and materials moving', 1: '', 2: '', 3: '', 4: '49'}, {0: 'Visual and performing arts', 1: '', 2: '', 3: '6.0%', 4: '50'}, {0: 'Health professions and related programs', 1: '', 2: '', 3: '0.1%', 4: '51'}, {0: 'Business/marketing', 1: '', 2: '', 3: '35.2%', 4: '52'}, {0: 'History', 1: '', 2: '', 3: '1.5%', 4: '54'}, {0: 'Other', 1: '', 2: '', 3: '', 4: ''}, {0: 'TOTAL (should = 100%)', 1: '0.0%', 2: '0.0%', 3: '100.0%', 4: ''}]]","<table> <tr> <td> Category </td> <td> Diploma/Certificates </td> <td> Associate </td> <td> Bachelor’s </td> <td> CIP 2020 Categories <br/> to Include </td> </tr> <tr> <td> Agriculture </td> <td> </td> <td> </td> <td> </td> <td> 01 </td> </tr> <tr> <td> Natural resources and conservation </td> <td> </td> <td> </td> <td> 2.2% </td> <td> 03 </td> </tr> <tr> <td> Architecture </td> <td> </td> <td> </td> <td> </td> <td> 04 </td> </tr> <tr> <td> Area, ethnic, and gender studies </td> <td> </td> <td> </td> <td> 0.4% </td> <td> 05 </td> </tr> <tr> <td> Communication/journalism </td> <td> </td> <td> </td> <td> 6.7% </td> <td> 09 </td> </tr> <tr> <td> Communication technologies </td> <td> </td> <td> </td> <td> </td> <td> 10 </td> </tr> <tr> <td> Computer and information sciences </td> <td> </td> <td> </td> <td> 4.0% </td> <td> 11 </td> </tr> <tr> <td> Personal and culinary services </td> <td> </td> <td> </td> <td> </td> <td> 12 </td> </tr> <tr> <td> Education </td> <td> </td> <td> </td> <td> </td> <td> 13 </td> </tr> <tr> <td> Engineering </td> <td> </td> <td> </td> <td> 4.6% </td> <td> 14 </td> </tr> <tr> <td> Engineering technologies </td> <td> </td> <td> </td> <td> </td> <td> 15 </td> </tr> <tr> <td> Foreign languages, literatures, and linguistics </td> <td> </td> <td> </td> <td> 1.1% </td> <td> 16 </td> </tr> <tr> <td> Family and consumer sciences </td> <td> </td> <td> </td> <td> </td> <td> 19 </td> </tr> <tr> <td> Law/legal studies </td> <td> </td> <td> </td> <td> 0.8% </td> <td> 22 </td> </tr> <tr> <td> English </td> <td> </td> <td> </td> <td> 1.8% </td> <td> 23 </td> </tr> <tr> <td> Liberal arts/general studies </td> <td> </td> <td> </td> <td> </td> <td> 24 </td> </tr> <tr> <td> Library science </td> <td> </td> <td> </td> <td> </td> <td> 25 </td> </tr> <tr> <td> Biological/life sciences </td> <td> </td> <td> </td> <td> 7.5% </td> <td> 26 </td> </tr> <tr> <td> Mathematics and statistics </td> <td> </td> <td> </td> <td> 1.7% </td> <td> 27 </td> </tr> <tr> <td> Military science and military technologies </td> <td> </td> <td> </td> <td> </td> <td> 28 &amp; 29 </td> </tr> <tr> <td> Interdisciplinary studies </td> <td> </td> <td> </td> <td> 0.7% </td> <td> 30 </td> </tr> <tr> <td> Parks and recreation </td> <td> </td> <td> </td> <td> </td> <td> 31 </td> </tr> <tr> <td> Philosophy and religious studies </td> <td> </td> <td> </td> <td> 0.3% </td> <td> 38 </td> </tr> <tr> <td> Theology and religious vocations </td> <td> </td> <td> </td> <td> </td> <td> 39 </td> </tr> <tr> <td> Physical sciences </td> <td> </td> <td> </td> <td> 1.2% </td> <td> 40 </td> </tr> <tr> <td> Science technologies </td> <td> </td> <td> </td> <td> </td> <td> 41 </td> </tr> <tr> <td> Psychology </td> <td> </td> <td> </td> <td> 8.4% </td> <td> 42 </td> </tr> <tr> <td> Homeland Security, law enforcement, firefighting, <br/> and protective services </td> <td> </td> <td> </td> <td> </td> <td> 43 </td> </tr> <tr> <td> Public administration and social services </td> <td> </td> <td> </td> <td> 0.4% </td> <td> 44 </td> </tr> <tr> <td> Social sciences </td> <td> </td> <td> </td> <td> 15.4% </td> <td> 45 </td> </tr> <tr> <td> Construction trades </td> <td> </td> <td> </td> <td> </td> <td> 46 </td> </tr> <tr> <td> Mechanic and repair technologies </td> <td> </td> <td> </td> <td> </td> <td> 47 </td> </tr> <tr> <td> Precision production </td> <td> </td> <td> </td> <td> </td> <td> 48 </td> </tr> <tr> <td> Transportation and materials moving </td> <td> </td> <td> </td> <td> </td> <td> 49 </td> </tr> <tr> <td> Visual and performing arts </td> <td> </td> <td> </td> <td> 6.0% </td> <td> 50 </td> </tr> <tr> <td> Health professions and related programs </td> <td> </td> <td> </td> <td> 0.1% </td> <td> 51 </td> </tr> <tr> <td> Business/marketing </td> <td> </td> <td> </td> <td> 35.2% </td> <td> 52 </td> </tr> <tr> <td> History </td> <td> </td> <td> </td> <td> 1.5% </td> <td> 54 </td> </tr> <tr> <td> Other </td> <td> </td> <td> </td> <td> </td> <td> </td> </tr> <tr> <td> TOTAL (should = 100%) </td> <td> 0.0% </td> <td> 0.0% </td> <td> 100.0% </td> <td> </td> </tr> </table>",127060,../data/cds-docs/2021-2022/127060.pdf,2021-2022
