section,table_num,table_code,table_title,table_records,table_html,unitid,file,year
B,1,B1,Institutional Enrollment - Men and Women,"[[{0: 'Undergraduate Students: Full-Time', 1: 'Men', 2: 'Women', 3: 'Another Gender', 4: 'Unknown'}, {0: 'Degree-seeking, first-time first-year\nstudents', 1: '711', 2: '687', 3: '81', 4: '0'}, {0: 'Other first-year, degree-seeking', 1: '503', 2: '510', 3: '77', 4: '0'}, {0: 'All other degree-seeking', 1: '2,761', 2: '3,054', 3: '228', 4: '0'}, {0: 'Total degree-seeking', 1: '3,975', 2: '4,251', 3: '386', 4: '0'}, {0: 'All other undergraduates enrolled in credit', 1: '178', 2: '212', 3: '24', 4: '0'}, {0: 'Total undergraduate Full-Time Students', 1: '4,153', 2: '4,463', 3: '410', 4: '0'}], [{0: 'Undergraduate Students: Part-Time', 1: 'Men', 2: 'Women', 3: 'Another Gender', 4: 'Unknown'}, {0: 'Degree-seeking, first-time first-year\nstudents', 1: '290', 2: '377', 3: '49', 4: '0'}, {0: 'Other first-year, degree-seeking', 1: '284', 2: '489', 3: '63', 4: '0'}, {0: 'All other degree-seeking', 1: '2,002', 2: '2,657', 3: '179', 4: '0'}, {0: 'Total degree-seeking', 1: '2,576', 2: '3,523', 3: '291', 4: '0'}, {0: 'All other undergraduates enrolled in credit', 1: '903', 2: '929', 3: '26', 4: '0'}, {0: 'Total undergraduate Part-Time Students', 1: '3,479', 2: '4,452', 3: '317', 4: '0'}], [{0: 'Undergraduate Students: All', 1: 'Men', 2: 'Women', 3: 'Another Gender', 4: 'Unknown'}, {0: 'Total undergraduate Students', 1: '7,632', 2: '8,915', 3: '727', 4: '0'}], [{0: 'Graduate Students: Full-Time', 1: 'Graduate Students: Full-Time', 2: 'Graduate Students: Full-Time', 3: 'Graduate Students: Full-Time', 4: 'Graduate Students: Full-Time'}, {0: 'Degree-seeking, first-time', 1: '85', 2: '271', 3: '1', 4: '0'}, {0: 'All other degree-seeking', 1: '155', 2: '512', 3: '0', 4: '1'}, {0: 'All other graduates enrolled in credit', 1: '0', 2: '9', 3: '0', 4: '0'}, {0: 'Total graduate Full-Time Students', 1: '240', 2: '792', 3: '1', 4: '1'}], [{0: 'Graduate Students: Part-Time', 1: 'Graduate Students: Part-Time', 2: 'Graduate Students: Part-Time', 3: 'Graduate Students: Part-Time', 4: 'Graduate Students: Part-Time'}, {0: 'Degree-seeking, first-time', 1: '11', 2: '17', 3: '0', 4: '0'}, {0: 'All other degree-seeking', 1: '24', 2: '56', 3: '0', 4: '0'}, {0: 'All other graduates enrolled in credit', 1: '4', 2: '8', 3: '0', 4: '0'}, {0: 'Total graduate Part-Time Students', 1: '39', 2: '81', 3: '0', 4: '0'}], [{0: 'Graduate Students: All', 1: 'Men', 2: 'Women', 3: 'Another Gender', 4: 'Unknown'}, {0: 'Total Graduate Students', 1: '279', 2: '873', 3: '1', 4: '1'}], [{0: 'All Students: Total', 1: 'Men', 2: 'Women', 3: 'Another Gender', 4: 'Unknown'}, {0: 'Total all students', 1: '7,911', 2: '9,788', 3: '728', 4: '1'}]]","<table> <tr> <td> Undergraduate Students: Full-Time </td> <td> Men </td> <td> Women </td> <td> Another Gender </td> <td> Unknown </td> </tr> <tr> <td> Degree-seeking, first-time first-year <br/> students </td> <td> 711 </td> <td> 687 </td> <td> 81 </td> <td> 0 </td> </tr> <tr> <td> Other first-year, degree-seeking </td> <td> 503 </td> <td> 510 </td> <td> 77 </td> <td> 0 </td> </tr> <tr> <td> All other degree-seeking </td> <td> 2,761 </td> <td> 3,054 </td> <td> 228 </td> <td> 0 </td> </tr> <tr> <td> Total degree-seeking </td> <td> 3,975 </td> <td> 4,251 </td> <td> 386 </td> <td> 0 </td> </tr> <tr> <td> All other undergraduates enrolled in credit </td> <td> 178 </td> <td> 212 </td> <td> 24 </td> <td> 0 </td> </tr> <tr> <td> Total undergraduate Full-Time Students </td> <td> 4,153 </td> <td> 4,463 </td> <td> 410 </td> <td> 0 </td> </tr> </table><div class=""separator""></div><table> <tr> <td> Undergraduate Students: Part-Time </td> <td> Men </td> <td> Women </td> <td> Another Gender </td> <td> Unknown </td> </tr> <tr> <td> Degree-seeking, first-time first-year <br/> students </td> <td> 290 </td> <td> 377 </td> <td> 49 </td> <td> 0 </td> </tr> <tr> <td> Other first-year, degree-seeking </td> <td> 284 </td> <td> 489 </td> <td> 63 </td> <td> 0 </td> </tr> <tr> <td> All other degree-seeking </td> <td> 2,002 </td> <td> 2,657 </td> <td> 179 </td> <td> 0 </td> </tr> <tr> <td> Total degree-seeking </td> <td> 2,576 </td> <td> 3,523 </td> <td> 291 </td> <td> 0 </td> </tr> <tr> <td> All other undergraduates enrolled in credit </td> <td> 903 </td> <td> 929 </td> <td> 26 </td> <td> 0 </td> </tr> <tr> <td> Total undergraduate Part-Time Students </td> <td> 3,479 </td> <td> 4,452 </td> <td> 317 </td> <td> 0 </td> </tr> </table><div class=""separator""></div><table> <tr> <td> Undergraduate Students: All </td> <td> Men </td> <td> Women </td> <td> Another Gender </td> <td> Unknown </td> </tr> <tr> <td> Total undergraduate Students </td> <td> 7,632 </td> <td> 8,915 </td> <td> 727 </td> <td> 0 </td> </tr> </table><div class=""separator""></div><table> <tr> <td colspan=""5""> Graduate Students: Full-Time </td> </tr> <tr> <td> Degree-seeking, first-time </td> <td> 85 </td> <td> 271 </td> <td> 1 </td> <td> 0 </td> </tr> <tr> <td> All other degree-seeking </td> <td> 155 </td> <td> 512 </td> <td> 0 </td> <td> 1 </td> </tr> <tr> <td> All other graduates enrolled in credit </td> <td> 0 </td> <td> 9 </td> <td> 0 </td> <td> 0 </td> </tr> <tr> <td> Total graduate Full-Time Students </td> <td> 240 </td> <td> 792 </td> <td> 1 </td> <td> 1 </td> </tr> </table><div class=""separator""></div><table> <tr> <td colspan=""5""> Graduate Students: Part-Time </td> </tr> <tr> <td> Degree-seeking, first-time </td> <td> 11 </td> <td> 17 </td> <td> 0 </td> <td> 0 </td> </tr> <tr> <td> All other degree-seeking </td> <td> 24 </td> <td> 56 </td> <td> 0 </td> <td> 0 </td> </tr> <tr> <td> All other graduates enrolled in credit </td> <td> 4 </td> <td> 8 </td> <td> 0 </td> <td> 0 </td> </tr> <tr> <td> Total graduate Part-Time Students </td> <td> 39 </td> <td> 81 </td> <td> 0 </td> <td> 0 </td> </tr> </table><div class=""separator""></div><table> <tr> <td> Graduate Students: All </td> <td> Men </td> <td> Women </td> <td> Another Gender </td> <td> Unknown </td> </tr> <tr> <td> Total Graduate Students </td> <td> 279 </td> <td> 873 </td> <td> 1 </td> <td> 1 </td> </tr> </table><div class=""separator""></div><table> <tr> <td> All Students: Total </td> <td> Men </td> <td> Women </td> <td> Another Gender </td> <td> Unknown </td> </tr> <tr> <td> Total all students </td> <td> 7,911 </td> <td> 9,788 </td> <td> 728 </td> <td> 1 </td> </tr> </table>",127565,../data/cds-docs/2024-2025/127565.pdf,2024-2025
B,2,B2,Enrollment by Racial/Ethnic Category.,"[[{0: '', 1: 'Degree-Seeking\nFirst-Time\nFirst Year', 2: 'Degree-Seeking\nUndergraduates\n(include first-time first\ufffe\nyear)', 3: 'Total\nUndergraduates\n(both degree & non\ufffe\ndegree-seeking)'}, {0: 'Nonresidents', 1: '20', 2: '97', 3: '105'}, {0: 'Hispanic/Latino', 1: '1,512', 2: '5,501', 3: '6,357'}, {0: 'Black or African American, non-Hispanic', 1: '484', 2: '1,288', 3: '1,385'}, {0: 'White, non-Hispanic', 1: '1,572', 2: '6,268', 3: '7,310'}, {0: 'American Indian or Alaska Native, non-Hispanic', 1: '53', 2: '156', 3: '165'}, {0: 'Asian, non-Hispanic', 1: '172', 2: '671', 3: '745'}, {0: 'Native Hawaiian or other Pacific Islander, non-Hispanic', 1: '12', 2: '37', 3: '40'}, {0: 'Two or more races, non-Hispanic', 1: '230', 2: '819', 3: '939'}, {0: 'Race and/or ethnicity unknown', 1: '66', 2: '165', 3: '228'}, {0: 'TOTAL', 1: '4,121', 2: '15,002', 3: '17,274'}]]","<table> <tr> <td> </td> <td> Degree-Seeking <br/> First-Time <br/> First Year </td> <td> Degree-Seeking <br/> Undergraduates <br/> (include first-time first￾ <br/> year) </td> <td> Total <br/> Undergraduates <br/> (both degree &amp; non￾ <br/> degree-seeking) </td> </tr> <tr> <td> Nonresidents </td> <td> 20 </td> <td> 97 </td> <td> 105 </td> </tr> <tr> <td> Hispanic/Latino </td> <td> 1,512 </td> <td> 5,501 </td> <td> 6,357 </td> </tr> <tr> <td> Black or African American, non-Hispanic </td> <td> 484 </td> <td> 1,288 </td> <td> 1,385 </td> </tr> <tr> <td> White, non-Hispanic </td> <td> 1,572 </td> <td> 6,268 </td> <td> 7,310 </td> </tr> <tr> <td> American Indian or Alaska Native, non-Hispanic </td> <td> 53 </td> <td> 156 </td> <td> 165 </td> </tr> <tr> <td> Asian, non-Hispanic </td> <td> 172 </td> <td> 671 </td> <td> 745 </td> </tr> <tr> <td> Native Hawaiian or other Pacific Islander, non-Hispanic </td> <td> 12 </td> <td> 37 </td> <td> 40 </td> </tr> <tr> <td> Two or more races, non-Hispanic </td> <td> 230 </td> <td> 819 </td> <td> 939 </td> </tr> <tr> <td> Race and/or ethnicity unknown </td> <td> 66 </td> <td> 165 </td> <td> 228 </td> </tr> <tr> <td> TOTAL </td> <td> 4,121 </td> <td> 15,002 </td> <td> 17,274 </td> </tr> </table>",127565,../data/cds-docs/2024-2025/127565.pdf,2024-2025
B,4,B4,-B21: Graduation Rates,"[[{0: '', 1: 'Recipients of a\nFederal Pell\nGrant', 2: 'Recipients of a\nSubsidized\nStafford Loan who\ndid not receive a\nPell Grant', 3: 'Students who did\nnot receive either a\nPell Grant or a\nsubsidized Stafford\nLoan', 4: 'Total\n(sum of 3 columns to\nthe left)'}, {0: ""Initial 2018 cohort of first-time, full-time,\nbachelor's (or equivalent) degree-seeking\nundergraduate students"", 1: '790', 2: '239', 3: '940', 4: '1969'}]]","<table> <tr> <td> </td> <td> Recipients of a <br/> Federal Pell <br/> Grant </td> <td> Recipients of a <br/> Subsidized <br/> Stafford Loan who <br/> did not receive a <br/> Pell Grant </td> <td> Students who did <br/> not receive either a <br/> Pell Grant or a <br/> subsidized Stafford <br/> Loan </td> <td> Total <br/> (sum of 3 columns to <br/> the left) </td> </tr> <tr> <td> Initial 2018 cohort of first-time, full-time, <br/> bachelor's (or equivalent) degree-seeking <br/> undergraduate students </td> <td> 790 </td> <td> 239 </td> <td> 940 </td> <td> 1969 </td> </tr> </table>",127565,../data/cds-docs/2024-2025/127565.pdf,2024-2025
C,1,C1,"First-time, first-year students: Provide the number of degree-seeking, first-time, first-year students who","[[{0: 'First-Time, First-Year Student Applicants', 1: 'First-Time, First-Year Student Applicants', 2: 'Total'}, {0: 'Total first-time, first-year men who applied', 1: 'Total first-time, first-year men who applied', 2: '4868'}, {0: 'Total first-time, first-year', 1: 'women who applied', 2: '6516'}, {0: 'Total first-time, first-year', 1: 'another gender who applied', 2: '365'}, {0: 'Total first-time, first-year', 1: 'unknown gender who applied', 2: '0'}], [{0: 'First-Time, First-Year Student Admits', 1: 'First-Time, First-Year Student Admits', 2: 'Total'}, {0: 'Total first-time, first-year men who were admitted', 1: 'Total first-time, first-year men who were admitted', 2: '4804'}, {0: 'Total first-time, first-year', 1: 'women who were admitted', 2: '6446'}, {0: 'Total first-time, first-year', 1: 'another gender who were admitted', 2: '360'}, {0: 'Total first-time, first-year', 1: 'unknown gender who were admitted', 2: '0'}], [{0: 'First-Time, First-Year Student Enrollees by Status', 1: 'First-Time, First-Year Student Enrollees by Status', 2: 'Total'}, {0: 'Total full-time, first-time, first-year men who enrolled', 1: 'Total full-time, first-time, first-year men who enrolled', 2: '619'}, {0: 'Total part-time, first-time, first-year men who enrolled', 1: 'Total part-time, first-time, first-year men who enrolled', 2: '271'}, {0: 'Total full-time, first-time, first-year women who enrolled', 1: 'Total full-time, first-time, first-year women who enrolled', 2: '624'}, {0: 'Total part-time, first-time, first-year women who enrolled', 1: 'Total part-time, first-time, first-year women who enrolled', 2: '336'}, {0: 'Total full-time, first-time, first-year another gender who enrolled', 1: 'Total full-time, first-time, first-year another gender who enrolled', 2: '79'}, {0: 'Total part-time, first-time, first-year another gender who enrolled', 1: 'Total part-time, first-time, first-year another gender who enrolled', 2: '33'}, {0: 'Total full-time, first-time, first-year unknown', 1: 'gender who enrolled', 2: '0'}, {0: 'Total part-time, first-time, first-year unknown gender who enrolled', 1: 'Total part-time, first-time, first-year unknown gender who enrolled', 2: '0'}], [{0: 'First-Time, First-Year Student Applicants', 1: 'First-Time, First-Year Student Applicants', 2: 'Total', 3: 'In-State', 4: 'Out-of-State', 5: 'International', 6: 'Unknown'}, {0: 'Total first-time, first-year who applied', 1: 'Total first-time, first-year who applied', 2: '11749', 3: '8843', 4: '2752', 5: '27', 6: '127'}, {0: 'Total first-time, first-year', 1: 'who were admitted', 2: '11610', 3: '8730', 4: '2726', 5: '27', 6: '127'}, {0: 'Total first-time, first-year', 1: 'who enrolled', 2: '1962', 3: '1710', 4: '290', 5: '7', 6: '127'}]]","<table> <tr> <td colspan=""2""> First-Time, First-Year Student Applicants </td> <td> Total </td> </tr> <tr> <td colspan=""2""> Total first-time, first-year men who applied </td> <td> 4868 </td> </tr> <tr> <td> Total first-time, first-year </td> <td> women who applied </td> <td> 6516 </td> </tr> <tr> <td> Total first-time, first-year </td> <td> another gender who applied </td> <td> 365 </td> </tr> <tr> <td> Total first-time, first-year </td> <td> unknown gender who applied </td> <td> 0 </td> </tr> </table><div class=""separator""></div><table> <tr> <td colspan=""2""> First-Time, First-Year Student Admits </td> <td> Total </td> </tr> <tr> <td colspan=""2""> Total first-time, first-year men who were admitted </td> <td> 4804 </td> </tr> <tr> <td> Total first-time, first-year </td> <td> women who were admitted </td> <td> 6446 </td> </tr> <tr> <td> Total first-time, first-year </td> <td> another gender who were admitted </td> <td> 360 </td> </tr> <tr> <td> Total first-time, first-year </td> <td> unknown gender who were admitted </td> <td> 0 </td> </tr> </table><div class=""separator""></div><table> <tr> <td colspan=""2""> First-Time, First-Year Student Enrollees by Status </td> <td> Total </td> </tr> <tr> <td colspan=""2""> Total full-time, first-time, first-year men who enrolled </td> <td> 619 </td> </tr> <tr> <td colspan=""2""> Total part-time, first-time, first-year men who enrolled </td> <td> 271 </td> </tr> <tr> <td colspan=""2""> Total full-time, first-time, first-year women who enrolled </td> <td> 624 </td> </tr> <tr> <td colspan=""2""> Total part-time, first-time, first-year women who enrolled </td> <td> 336 </td> </tr> <tr> <td colspan=""2""> Total full-time, first-time, first-year another gender who enrolled </td> <td> 79 </td> </tr> <tr> <td colspan=""2""> Total part-time, first-time, first-year another gender who enrolled </td> <td> 33 </td> </tr> <tr> <td> Total full-time, first-time, first-year unknown </td> <td> gender who enrolled </td> <td> 0 </td> </tr> <tr> <td colspan=""2""> Total part-time, first-time, first-year unknown gender who enrolled </td> <td> 0 </td> </tr> </table><div class=""separator""></div><table> <tr> <td colspan=""2""> First-Time, First-Year Student Applicants </td> <td> Total </td> <td> In-State </td> <td> Out-of-State </td> <td> International </td> <td> Unknown </td> </tr> <tr> <td colspan=""2""> Total first-time, first-year who applied </td> <td> 11749 </td> <td> 8843 </td> <td> 2752 </td> <td> 27 </td> <td> 127 </td> </tr> <tr> <td> Total first-time, first-year </td> <td> who were admitted </td> <td> 11610 </td> <td> 8730 </td> <td> 2726 </td> <td> 27 </td> <td> 127 </td> </tr> <tr> <td> Total first-time, first-year </td> <td> who enrolled </td> <td> 1962 </td> <td> 1710 </td> <td> 290 </td> <td> 7 </td> <td> 127 </td> </tr> </table>",127565,../data/cds-docs/2024-2025/127565.pdf,2024-2025
C,2,C2,"First-time, first-year wait-listed students","[[{0: 'WAITING LIST', 1: 'WAITING LIST', 2: 'TOTAL'}, {0: 'Number of qualified applicants offered a place on waiting list:', 1: 'Number of qualified applicants offered a place on waiting list:', 2: ''}, {0: 'Number accepting a place on the waiting', 1: 'list:', 2: ''}, {0: 'Number of wait-listed students admitted:', 1: 'Number of wait-listed students admitted:', 2: ''}]]","<table> <tr> <td colspan=""2""> WAITING LIST </td> <td> TOTAL </td> </tr> <tr> <td colspan=""2""> Number of qualified applicants offered a place on waiting list: </td> <td> </td> </tr> <tr> <td> Number accepting a place on the waiting </td> <td> list: </td> <td> </td> </tr> <tr> <td colspan=""2""> Number of wait-listed students admitted: </td> <td> </td> </tr> </table>",127565,../data/cds-docs/2024-2025/127565.pdf,2024-2025
C,5,C5,Distribution of high school units required and/or recommended. Specify the distribution of academic,"[[{0: 'Distribution of high school units', 1: 'Units', 2: 'Units'}, {0: 'Total academic units', 1: '', 2: '17'}, {0: 'English', 1: '', 2: '4'}, {0: 'Mathematics', 1: '', 2: '4'}, {0: 'Science', 1: '', 2: '3'}, {0: 'Of these, units that must be\nlab', 1: '', 2: '2'}, {0: 'Foreign language', 1: '', 2: '1'}, {0: 'Social studies', 1: '', 2: '3'}, {0: 'History', 1: '', 2: ''}, {0: 'Academic electives', 1: '', 2: '2'}, {0: 'Computer Science', 1: '', 2: ''}]]","<table> <tr> <td> Distribution of high school units </td> <td> Units </td> <td> Units </td> </tr> <tr> <td> Total academic units </td> <td> </td> <td> 17 </td> </tr> <tr> <td> English </td> <td> </td> <td> 4 </td> </tr> <tr> <td> Mathematics </td> <td> </td> <td> 4 </td> </tr> <tr> <td> Science </td> <td> </td> <td> 3 </td> </tr> <tr> <td> Of these, units that must be <br/> lab </td> <td> </td> <td> 2 </td> </tr> <tr> <td> Foreign language </td> <td> </td> <td> 1 </td> </tr> <tr> <td> Social studies </td> <td> </td> <td> 3 </td> </tr> <tr> <td> History </td> <td> </td> <td> </td> </tr> <tr> <td> Academic electives </td> <td> </td> <td> 2 </td> </tr> <tr> <td> Computer Science </td> <td> </td> <td> </td> </tr> </table>",127565,../data/cds-docs/2024-2025/127565.pdf,2024-2025
C,7,C7,"Relative importance of each of the following academic and nonacademic factors in your first-time,","[[{0: 'Academic', 1: 'Very Important', 2: 'Important', 3: 'Considered', 4: 'Not Considered'}, {0: 'Rigor of secondary school record', 1: '', 2: '', 3: 'x', 4: ''}, {0: 'Class rank', 1: '', 2: '', 3: '', 4: 'x'}, {0: 'Academic GPA', 1: '', 2: '', 3: 'x', 4: ''}, {0: 'Standardized test scores', 1: '', 2: '', 3: 'x', 4: ''}, {0: 'Application Essay', 1: '', 2: '', 3: 'x', 4: ''}, {0: 'Recommendation(s)', 1: '', 2: '', 3: 'x', 4: ''}, {0: 'Nonacademic', 1: 'Very Important', 2: 'Important', 3: 'Considered', 4: 'Not Considered'}, {0: 'Interview', 1: '', 2: '', 3: '', 4: 'x'}, {0: 'Extracurricular activities', 1: '', 2: '', 3: 'x', 4: ''}, {0: 'Talent/ability', 1: '', 2: '', 3: 'x', 4: ''}, {0: 'Character/personal qualities', 1: '', 2: '', 3: 'x', 4: ''}, {0: 'First generation', 1: '', 2: '', 3: '', 4: 'x'}, {0: 'Alumni/ae relation', 1: '', 2: '', 3: '', 4: 'x'}, {0: 'Geographical residence', 1: '', 2: '', 3: '', 4: 'x'}, {0: 'State residency', 1: '', 2: '', 3: '', 4: 'x'}, {0: 'Religious affiliation/commitment', 1: '', 2: '', 3: '', 4: 'x'}, {0: 'Volunteer work', 1: '', 2: '', 3: 'x', 4: ''}, {0: 'Work experience', 1: '', 2: '', 3: 'x', 4: ''}, {0: 'Level of applicant’s interest', 1: '', 2: '', 3: '', 4: 'x'}]]",<table> <tr> <td> Academic </td> <td> Very Important </td> <td> Important </td> <td> Considered </td> <td> Not Considered </td> </tr> <tr> <td> Rigor of secondary school record </td> <td> </td> <td> </td> <td> x </td> <td> </td> </tr> <tr> <td> Class rank </td> <td> </td> <td> </td> <td> </td> <td> x </td> </tr> <tr> <td> Academic GPA </td> <td> </td> <td> </td> <td> x </td> <td> </td> </tr> <tr> <td> Standardized test scores </td> <td> </td> <td> </td> <td> x </td> <td> </td> </tr> <tr> <td> Application Essay </td> <td> </td> <td> </td> <td> x </td> <td> </td> </tr> <tr> <td> Recommendation(s) </td> <td> </td> <td> </td> <td> x </td> <td> </td> </tr> <tr> <td> Nonacademic </td> <td> Very Important </td> <td> Important </td> <td> Considered </td> <td> Not Considered </td> </tr> <tr> <td> Interview </td> <td> </td> <td> </td> <td> </td> <td> x </td> </tr> <tr> <td> Extracurricular activities </td> <td> </td> <td> </td> <td> x </td> <td> </td> </tr> <tr> <td> Talent/ability </td> <td> </td> <td> </td> <td> x </td> <td> </td> </tr> <tr> <td> Character/personal qualities </td> <td> </td> <td> </td> <td> x </td> <td> </td> </tr> <tr> <td> First generation </td> <td> </td> <td> </td> <td> </td> <td> x </td> </tr> <tr> <td> Alumni/ae relation </td> <td> </td> <td> </td> <td> </td> <td> x </td> </tr> <tr> <td> Geographical residence </td> <td> </td> <td> </td> <td> </td> <td> x </td> </tr> <tr> <td> State residency </td> <td> </td> <td> </td> <td> </td> <td> x </td> </tr> <tr> <td> Religious affiliation/commitment </td> <td> </td> <td> </td> <td> </td> <td> x </td> </tr> <tr> <td> Volunteer work </td> <td> </td> <td> </td> <td> x </td> <td> </td> </tr> <tr> <td> Work experience </td> <td> </td> <td> </td> <td> x </td> <td> </td> </tr> <tr> <td> Level of applicant’s interest </td> <td> </td> <td> </td> <td> </td> <td> x </td> </tr> </table>,127565,../data/cds-docs/2024-2025/127565.pdf,2024-2025
C,8,C8,: SAT and ACT Policies,"[[{0: 'Yes', 1: 'No'}, {0: '', 1: 'x'}]]",<table> <tr> <td> Yes </td> <td> No </td> </tr> <tr> <td> </td> <td> x </td> </tr> </table>,127565,../data/cds-docs/2024-2025/127565.pdf,2024-2025
C,9,C9,"Percent and number of first-time, first-year students enrolled in Fall 2024 who submitted national","[[{0: 'Assessment', 1: '25th Percentile', 2: '50th Percentile', 3: '75th Percentile'}, {0: 'SAT Composite', 1: 'NA', 2: 'NA', 3: 'NA'}, {0: 'SAT Evidence-Based Reading and', 1: 'NA', 2: 'NA', 3: 'NA'}, {0: 'SAT Math', 1: 'NA', 2: 'NA', 3: 'NA'}, {0: 'ACT Composite', 1: 'NA', 2: 'NA', 3: 'NA'}, {0: 'ACT Math', 1: 'NA', 2: 'NA', 3: 'NA'}, {0: 'ACT English', 1: 'NA', 2: 'NA', 3: 'NA'}, {0: 'ACT Writing', 1: 'NA', 2: 'NA', 3: 'NA'}, {0: 'ACT Science', 1: 'NA', 2: 'NA', 3: 'NA'}, {0: 'ACT Reading', 1: 'NA', 2: 'NA', 3: 'NA'}]]",<table> <tr> <td> Assessment </td> <td> 25th Percentile </td> <td> 50th Percentile </td> <td> 75th Percentile </td> </tr> <tr> <td> SAT Composite </td> <td> NA </td> <td> NA </td> <td> NA </td> </tr> <tr> <td> SAT Evidence-Based Reading and </td> <td> NA </td> <td> NA </td> <td> NA </td> </tr> <tr> <td> SAT Math </td> <td> NA </td> <td> NA </td> <td> NA </td> </tr> <tr> <td> ACT Composite </td> <td> NA </td> <td> NA </td> <td> NA </td> </tr> <tr> <td> ACT Math </td> <td> NA </td> <td> NA </td> <td> NA </td> </tr> <tr> <td> ACT English </td> <td> NA </td> <td> NA </td> <td> NA </td> </tr> <tr> <td> ACT Writing </td> <td> NA </td> <td> NA </td> <td> NA </td> </tr> <tr> <td> ACT Science </td> <td> NA </td> <td> NA </td> <td> NA </td> </tr> <tr> <td> ACT Reading </td> <td> NA </td> <td> NA </td> <td> NA </td> </tr> </table>,127565,../data/cds-docs/2024-2025/127565.pdf,2024-2025
C,10,C10,"Percent of all degree-seeking, first-time, first-year students who had high school class rank within","[[{0: 'Assessment', 1: 'Assessment', 2: 'Percent'}, {0: 'Percent in top tenth of high school graduating class', 1: 'Percent in top tenth of high school graduating class', 2: 'NA'}, {0: 'Percent in top', 1: 'quarter of high school graduating class', 2: 'NA'}, {0: 'Percent in top', 1: 'half of high school graduating class', 2: 'NA'}, {0: 'Percent in bottom half of high school graduating class', 1: 'Percent in bottom half of high school graduating class', 2: 'NA'}, {0: 'Percent in bottom quarter of high school graduating class', 1: 'Percent in bottom quarter of high school graduating class', 2: 'NA'}, {0: 'Percent of total first-time, first-year students who submitted high school\nclass rank:', 1: 'Percent of total first-time, first-year students who submitted high school\nclass rank:', 2: 'NA'}]]","<table> <tr> <td colspan=""2""> Assessment </td> <td> Percent </td> </tr> <tr> <td colspan=""2""> Percent in top tenth of high school graduating class </td> <td> NA </td> </tr> <tr> <td> Percent in top </td> <td> quarter of high school graduating class </td> <td> NA </td> </tr> <tr> <td> Percent in top </td> <td> half of high school graduating class </td> <td> NA </td> </tr> <tr> <td colspan=""2""> Percent in bottom half of high school graduating class </td> <td> NA </td> </tr> <tr> <td colspan=""2""> Percent in bottom quarter of high school graduating class </td> <td> NA </td> </tr> <tr> <td colspan=""2""> Percent of total first-time, first-year students who submitted high school <br/> class rank: </td> <td> NA </td> </tr> </table>",127565,../data/cds-docs/2024-2025/127565.pdf,2024-2025
C,14,C14,Application closing date,"[[{0: '', 1: 'Date'}, {0: 'Application closing date (fall)', 1: '7/1'}, {0: 'Priority Date', 1: ''}]]",<table> <tr> <td> </td> <td> Date </td> </tr> <tr> <td> Application closing date (fall) </td> <td> 7/1 </td> </tr> <tr> <td> Priority Date </td> <td> </td> </tr> </table>,127565,../data/cds-docs/2024-2025/127565.pdf,2024-2025
D,2,D2,"Provide the number of students who applied, were admitted, and enrolled as degree-seeking transfer","[[{0: 'Transfer Admission', 1: 'Applicants', 2: 'Admitted', 3: 'Enrolled'}, {0: 'Men', 1: '4,908', 2: '4,844', 3: '1,058'}, {0: 'Women', 1: '6,711', 2: '6,636', 3: '949'}, {0: 'Another Gender', 1: '7', 2: '0', 3: '0'}, {0: 'Unknown', 1: '0', 2: '7', 3: '4'}, {0: 'Total', 1: '11,626', 2: '11,487', 3: '2,011'}]]","<table> <tr> <td> Transfer Admission </td> <td> Applicants </td> <td> Admitted </td> <td> Enrolled </td> </tr> <tr> <td> Men </td> <td> 4,908 </td> <td> 4,844 </td> <td> 1,058 </td> </tr> <tr> <td> Women </td> <td> 6,711 </td> <td> 6,636 </td> <td> 949 </td> </tr> <tr> <td> Another Gender </td> <td> 7 </td> <td> 0 </td> <td> 0 </td> </tr> <tr> <td> Unknown </td> <td> 0 </td> <td> 7 </td> <td> 4 </td> </tr> <tr> <td> Total </td> <td> 11,626 </td> <td> 11,487 </td> <td> 2,011 </td> </tr> </table>",127565,../data/cds-docs/2024-2025/127565.pdf,2024-2025
D,9,D9,"List application priority, closing, notification, and candidate reply dates for transfer students. If applications","[[{0: 'Term', 1: 'Priority Date', 2: 'Closing Date', 3: 'Notification Date', 4: 'Reply Date', 5: 'Rolling\nAdmission'}, {0: 'Fall', 1: '', 2: '', 3: '', 4: '', 5: 'x'}, {0: 'Winter', 1: '', 2: '', 3: '', 4: '', 5: ''}, {0: 'Spring', 1: '', 2: '', 3: '', 4: '', 5: 'x'}, {0: 'Summer', 1: '', 2: '', 3: '', 4: '', 5: 'x'}]]",<table> <tr> <td> Term </td> <td> Priority Date </td> <td> Closing Date </td> <td> Notification Date </td> <td> Reply Date </td> <td> Rolling <br/> Admission </td> </tr> <tr> <td> Fall </td> <td> </td> <td> </td> <td> </td> <td> </td> <td> x </td> </tr> <tr> <td> Winter </td> <td> </td> <td> </td> <td> </td> <td> </td> <td> </td> </tr> <tr> <td> Spring </td> <td> </td> <td> </td> <td> </td> <td> </td> <td> x </td> </tr> <tr> <td> Summer </td> <td> </td> <td> </td> <td> </td> <td> </td> <td> x </td> </tr> </table>,127565,../data/cds-docs/2024-2025/127565.pdf,2024-2025
F,1,F1,"Percentages of first-time, first-year","[[{0: '', 1: '', 2: '', 3: 'First-time, first\ufffe\nyear students', 4: 'Undergraduates'}, {0: 'Percent who are from out of state (exclude\ninternational/nonresidents from the\nnumerator and denominator)', 1: 'Percent who are from out of state (exclude\ninternational/nonresidents from the\nnumerator and denominator)', 2: 'Percent who are from out of state (exclude\ninternational/nonresidents from the\nnumerator and denominator)', 3: '5%', 4: '3%'}, {0: 'Percent of men who join fraternities', 1: 'Percent of men who join fraternities', 2: 'Percent of men who join fraternities', 3: '', 4: ''}, {0: 'Percent of women who join sororities', 1: 'Percent of women who join sororities', 2: 'Percent of women who join sororities', 3: '', 4: ''}, {0: 'Percent who live in college-owned, -\noperated, or -affiliated housing', 1: 'Percent who live in college-owned, -\noperated, or -affiliated housing', 2: 'Percent who live in college-owned, -\noperated, or -affiliated housing', 3: '', 4: ''}, {0: 'Percent who live off campus or commute', 1: 'Percent who live off campus or commute', 2: 'Percent who live off campus or commute', 3: '100%', 4: '100%'}, {0: 'Percent of students age 25 and older', 1: 'Percent of students age 25 and older', 2: 'Percent of students age 25 and older', 3: '10%', 4: '34%'}, {0: 'Average age of full-time students', 1: 'Average age of full-time students', 2: 'Average age of full-time students', 3: '19', 4: '23'}, {0: 'Average', 1: 'age', 2: 'of all students (full- and part-', 3: '19', 4: '24'}]]","<table> <tr> <td colspan=""3""> </td> <td> First-time, first￾ <br/> year students </td> <td> Undergraduates </td> </tr> <tr> <td colspan=""3""> Percent who are from out of state (exclude <br/> international/nonresidents from the <br/> numerator and denominator) </td> <td> 5% </td> <td> 3% </td> </tr> <tr> <td colspan=""3""> Percent of men who join fraternities </td> <td> </td> <td> </td> </tr> <tr> <td colspan=""3""> Percent of women who join sororities </td> <td> </td> <td> </td> </tr> <tr> <td colspan=""3""> Percent who live in college-owned, - <br/> operated, or -affiliated housing </td> <td> </td> <td> </td> </tr> <tr> <td colspan=""3""> Percent who live off campus or commute </td> <td> 100% </td> <td> 100% </td> </tr> <tr> <td colspan=""3""> Percent of students age 25 and older </td> <td> 10% </td> <td> 34% </td> </tr> <tr> <td colspan=""3""> Average age of full-time students </td> <td> 19 </td> <td> 23 </td> </tr> <tr> <td> Average </td> <td> age </td> <td> of all students (full- and part- </td> <td> 19 </td> <td> 24 </td> </tr> </table>",127565,../data/cds-docs/2024-2025/127565.pdf,2024-2025
F,3,F3,ROTC (program offered in cooperation with Reserve Officers' Training Corps),"[[{0: 'Programs', 1: 'Marine Option\n(for Naval ROTC)', 2: 'On Campus', 3: 'At Cooperating\nInstitution', 4: 'Name of\nCooperating\nInstitution'}, {0: 'Army ROTC is offered:', 1: '', 2: '', 3: 'x', 4: ''}, {0: 'Naval ROTC is offered:', 1: '', 2: '', 3: '', 4: ''}, {0: 'Air Force ROTC is offered:', 1: '', 2: '', 3: 'x', 4: ''}]]",<table> <tr> <td> Programs </td> <td> Marine Option <br/> (for Naval ROTC) </td> <td> On Campus </td> <td> At Cooperating <br/> Institution </td> <td> Name of <br/> Cooperating <br/> Institution </td> </tr> <tr> <td> Army ROTC is offered: </td> <td> </td> <td> </td> <td> x </td> <td> </td> </tr> <tr> <td> Naval ROTC is offered: </td> <td> </td> <td> </td> <td> </td> <td> </td> </tr> <tr> <td> Air Force ROTC is offered: </td> <td> </td> <td> </td> <td> x </td> <td> </td> </tr> </table>,127565,../data/cds-docs/2024-2025/127565.pdf,2024-2025
G,1,G1,"Undergraduate full-time tuition, required fees, food and housing","[[{0: 'PRIVATE INSTITUTIONS', 1: 'First-Year', 2: 'Undergraduates'}, {0: 'Tuition:', 1: '', 2: ''}], [{0: 'PUBLIC INSTITUTIONS', 1: 'First-Year', 2: 'Undergraduates', 3: 'Undergraduates'}, {0: 'Tuition: In-district', 1: '$9,135', 2: '$9,135', 3: '$9,135'}, {0: 'Tuition: In-state (out-of-district):', 1: '$9,135', 2: '$9,135', 3: '$9,135'}, {0: 'Tuition: Out-of-state:', 1: '$28,695', 2: '$28,695', 3: '$28,695'}, {0: 'Tuition: Non-resident', 1: '$28,695', 2: '$28,695', 3: '$28,695'}, {0: 'FOR ALL INSTITUTIONS', 1: 'First-Year', 2: 'Undergraduates', 3: 'Undergraduates'}, {0: 'Required Fees:', 1: '$1,989', 2: '', 3: '$1,989'}, {0: 'Food and housing (on-campus):', 1: '', 2: '', 3: ''}, {0: 'Housing Only (on-campus):', 1: '', 2: '', 3: ''}, {0: 'Food Only (on-campus meal plan):', 1: '', 2: '', 3: ''}]]","<table> <tr> <td> PRIVATE INSTITUTIONS </td> <td> First-Year </td> <td> Undergraduates </td> </tr> <tr> <td> Tuition: </td> <td> </td> <td> </td> </tr> </table><div class=""separator""></div><table> <tr> <td> PUBLIC INSTITUTIONS </td> <td> First-Year </td> <td colspan=""2""> Undergraduates </td> </tr> <tr> <td> Tuition: In-district </td> <td> $9,135 </td> <td colspan=""2""> $9,135 </td> </tr> <tr> <td> Tuition: In-state (out-of-district): </td> <td> $9,135 </td> <td colspan=""2""> $9,135 </td> </tr> <tr> <td> Tuition: Out-of-state: </td> <td> $28,695 </td> <td colspan=""2""> $28,695 </td> </tr> <tr> <td> Tuition: Non-resident </td> <td> $28,695 </td> <td colspan=""2""> $28,695 </td> </tr> <tr> <td> FOR ALL INSTITUTIONS </td> <td> First-Year </td> <td colspan=""2""> Undergraduates </td> </tr> <tr> <td> Required Fees: </td> <td> $1,989 </td> <td> </td> <td> $1,989 </td> </tr> <tr> <td> Food and housing (on-campus): </td> <td> </td> <td colspan=""2""> </td> </tr> <tr> <td> Housing Only (on-campus): </td> <td> </td> <td colspan=""2""> </td> </tr> <tr> <td> Food Only (on-campus meal plan): </td> <td> </td> <td colspan=""2""> </td> </tr> </table>",127565,../data/cds-docs/2024-2025/127565.pdf,2024-2025
G,6,G6,Undergraduate per-credit-hour charges (tuition only):,"[[{0: 'PRIVATE INSTITUTIONS:', 1: ''}, {0: 'PUBLIC INSTITUTIONS:', 1: ''}, {0: 'In-district:', 1: '$431.20'}]]",<table> <tr> <td> PRIVATE INSTITUTIONS: </td> <td> </td> </tr> <tr> <td> PUBLIC INSTITUTIONS: </td> <td> </td> </tr> <tr> <td> In-district: </td> <td> $431.20 </td> </tr> </table>,127565,../data/cds-docs/2024-2025/127565.pdf,2024-2025
H,2,H2,Number of Enrolled Students Awarded Aid: List the number of degree-seeking full-time and less-than-,"[[{0: '', 1: 'Number of Enrolled Students Awarded Aid', 2: 'First-time Full\ufffe\ntime First-year\nStudents', 3: 'Full-time\nUndergrad\n(Incl. First-Year)', 4: 'Less Than\nFull-time\nUndergrad'}, {0: 'A', 1: 'Number of degree-seeking undergraduate students\n(CDS Item B1 if reporting on Fall 2024 cohort)', 2: '1625', 3: '9060', 4: '5872'}, {0: 'B', 1: 'Number of students in line a who applied for need\ufffe\nbased financial aid', 2: '947', 3: '4459', 4: '2171'}, {0: 'C', 1: 'Number of students in line b who were determined to\nhave financial need', 2: '811', 3: '4031', 4: '1916'}, {0: 'D', 1: 'Number of students in line c who were awarded any\nfinancial aid', 2: '799', 3: '3947', 4: '1819'}, {0: 'E', 1: 'Number of students in line d who were awarded any\nneed-based scholarship or grant aid', 2: '648', 3: '3211', 4: '1427'}, {0: 'F', 1: 'Number of students in line d who were awarded any\nneed-based self-help aid', 2: '527', 3: '2828', 4: '1254'}, {0: 'G', 1: 'Number of students in line d who were awarded any\nnon-need-based scholarship or grant aid', 2: '333', 3: '1555', 4: '507'}, {0: 'H', 1: 'Number of students in line d whose need was fully met\n(exclude PLUS loans, unsubsidized loans, and private\nalternative loans)', 2: '35', 3: '290', 4: '77'}, {0: 'I', 1: 'On average, the percentage of need that was met of\nstudents who were awarded any need-based aid.\nExclude any aid that was awarded in excess of need as\nwell as any resources that were awarded to replace\nEFC (PLUS loans, unsubsidized loans, and private\nalternative loans)', 2: '55.2%', 3: '61.0%', 4: '50.8%'}, {0: 'J', 1: 'The average financial aid package of those in line d.\nExclude any resources that were awarded to replace\nEFC (PLUS loans, unsubsidized loans, and private\nalternative loans)', 2: '$ 12,602', 3: '$13,804', 4: '$ 8,789'}], [{0: '', 1: 'Number of Enrolled Students Awarded Non-need\ufffe\nbased Scholarships and Grants', 2: 'First-time\nFull-time\nFirst-year\nStudents', 3: 'Full-time\nUndergrad\n(Incl. First-year.)', 4: 'Less Than\nFull-time\nUndergrad'}, {0: 'N', 1: 'Number of students in line a who had no financial need\nand who were awarded institutional non-need-based\nscholarship or grant aid (exclude those who were\nawarded athletic awards and tuition benefits)', 2: '51', 3: '257', 4: '177'}, {0: 'O', 1: 'Average dollar amount of institutional non-need-based\nscholarship and grant aid awarded to students in line n', 2: '$ 3,283', 3: '$ 2,538', 4: '$ 2,428'}, {0: 'P', 1: 'Number of students in line a who were awarded an\ninstitutional non-need-based athletic scholarship or\ngrant', 2: '12', 3: '98', 4: '4'}, {0: 'Q', 1: 'Average dollar amount of institutional non-need-based\nathletic scholarships and grants awarded to students in\nline p', 2: '$ 8,158', 3: '$ 11,116', 4: '$ 7,532'}]]","<table> <tr> <td> </td> <td> Number of Enrolled Students Awarded Aid </td> <td> First-time Full￾ <br/> time First-year <br/> Students </td> <td> Full-time <br/> Undergrad <br/> (Incl. First-Year) </td> <td> Less Than <br/> Full-time <br/> Undergrad </td> </tr> <tr> <td> A </td> <td> Number of degree-seeking undergraduate students <br/> (CDS Item B1 if reporting on Fall 2024 cohort) </td> <td> 1625 </td> <td> 9060 </td> <td> 5872 </td> </tr> <tr> <td> B </td> <td> Number of students in line a who applied for need￾ <br/> based financial aid </td> <td> 947 </td> <td> 4459 </td> <td> 2171 </td> </tr> <tr> <td> C </td> <td> Number of students in line b who were determined to <br/> have financial need </td> <td> 811 </td> <td> 4031 </td> <td> 1916 </td> </tr> <tr> <td> D </td> <td> Number of students in line c who were awarded any <br/> financial aid </td> <td> 799 </td> <td> 3947 </td> <td> 1819 </td> </tr> <tr> <td> E </td> <td> Number of students in line d who were awarded any <br/> need-based scholarship or grant aid </td> <td> 648 </td> <td> 3211 </td> <td> 1427 </td> </tr> <tr> <td> F </td> <td> Number of students in line d who were awarded any <br/> need-based self-help aid </td> <td> 527 </td> <td> 2828 </td> <td> 1254 </td> </tr> <tr> <td> G </td> <td> Number of students in line d who were awarded any <br/> non-need-based scholarship or grant aid </td> <td> 333 </td> <td> 1555 </td> <td> 507 </td> </tr> <tr> <td> H </td> <td> Number of students in line d whose need was fully met <br/> (exclude PLUS loans, unsubsidized loans, and private <br/> alternative loans) </td> <td> 35 </td> <td> 290 </td> <td> 77 </td> </tr> <tr> <td> I </td> <td> On average, the percentage of need that was met of <br/> students who were awarded any need-based aid. <br/> Exclude any aid that was awarded in excess of need as <br/> well as any resources that were awarded to replace <br/> EFC (PLUS loans, unsubsidized loans, and private <br/> alternative loans) </td> <td> 55.2% </td> <td> 61.0% </td> <td> 50.8% </td> </tr> <tr> <td> J </td> <td> The average financial aid package of those in line d. <br/> Exclude any resources that were awarded to replace <br/> EFC (PLUS loans, unsubsidized loans, and private <br/> alternative loans) </td> <td> $ 12,602 </td> <td> $13,804 </td> <td> $ 8,789 </td> </tr> </table><div class=""separator""></div><table> <tr> <td> </td> <td> Number of Enrolled Students Awarded Non-need￾ <br/> based Scholarships and Grants </td> <td> First-time <br/> Full-time <br/> First-year <br/> Students </td> <td> Full-time <br/> Undergrad <br/> (Incl. First-year.) </td> <td> Less Than <br/> Full-time <br/> Undergrad </td> </tr> <tr> <td> N </td> <td> Number of students in line a who had no financial need <br/> and who were awarded institutional non-need-based <br/> scholarship or grant aid (exclude those who were <br/> awarded athletic awards and tuition benefits) </td> <td> 51 </td> <td> 257 </td> <td> 177 </td> </tr> <tr> <td> O </td> <td> Average dollar amount of institutional non-need-based <br/> scholarship and grant aid awarded to students in line n </td> <td> $ 3,283 </td> <td> $ 2,538 </td> <td> $ 2,428 </td> </tr> <tr> <td> P </td> <td> Number of students in line a who were awarded an <br/> institutional non-need-based athletic scholarship or <br/> grant </td> <td> 12 </td> <td> 98 </td> <td> 4 </td> </tr> <tr> <td> Q </td> <td> Average dollar amount of institutional non-need-based <br/> athletic scholarships and grants awarded to students in <br/> line p </td> <td> $ 8,158 </td> <td> $ 11,116 </td> <td> $ 7,532 </td> </tr> </table>",127565,../data/cds-docs/2024-2025/127565.pdf,2024-2025
H,11,H11,Indicate reply dates:,"[[{0: 'Students must reply by (date):', 1: 'n/a'}, {0: 'or within _______ weeks of notification.', 1: ''}]]",<table> <tr> <td> Students must reply by (date): </td> <td> n/a </td> </tr> <tr> <td> or within _______ weeks of notification. </td> <td> </td> </tr> </table>,127565,../data/cds-docs/2024-2025/127565.pdf,2024-2025
H,14,H14,Check off criteria used in awarding institutional aid. Check all that apply.,"[[{0: '', 1: 'Non-Need Based', 2: 'Need-Based'}, {0: 'Academics', 1: 'X', 2: 'X'}, {0: 'Alumni affiliation', 1: 'X', 2: 'X'}, {0: 'Art', 1: 'X', 2: 'X'}, {0: 'Athletics', 1: 'X', 2: 'X'}, {0: 'Job skills', 1: '', 2: ''}, {0: 'ROTC', 1: '', 2: ''}, {0: 'Leadership', 1: 'X', 2: 'X'}, {0: 'Music/drama', 1: 'X', 2: 'X'}, {0: 'Religious affiliation', 1: '', 2: ''}, {0: 'State/district residency', 1: 'X', 2: 'X'}]]",<table> <tr> <td> </td> <td> Non-Need Based </td> <td> Need-Based </td> </tr> <tr> <td> Academics </td> <td> X </td> <td> X </td> </tr> <tr> <td> Alumni affiliation </td> <td> X </td> <td> X </td> </tr> <tr> <td> Art </td> <td> X </td> <td> X </td> </tr> <tr> <td> Athletics </td> <td> X </td> <td> X </td> </tr> <tr> <td> Job skills </td> <td> </td> <td> </td> </tr> <tr> <td> ROTC </td> <td> </td> <td> </td> </tr> <tr> <td> Leadership </td> <td> X </td> <td> X </td> </tr> <tr> <td> Music/drama </td> <td> X </td> <td> X </td> </tr> <tr> <td> Religious affiliation </td> <td> </td> <td> </td> </tr> <tr> <td> State/district residency </td> <td> X </td> <td> X </td> </tr> </table>,127565,../data/cds-docs/2024-2025/127565.pdf,2024-2025
J,1,J1,"Degrees conferred between July 1, 2023 and June 30, 2024","[[{0: 'Category', 1: 'Diploma/Certificates', 2: 'Associate', 3: 'Bachelor’s', 4: 'CIP 2020 Categories\nto Include'}, {0: 'Agriculture', 1: '0', 2: '0', 3: '0', 4: '01'}, {0: 'Natural resources and conservation', 1: '0.106382979', 2: '0', 3: '0.011723329', 4: '03'}, {0: 'Architecture', 1: '0', 2: '0', 3: '0', 4: '04'}, {0: 'Area, ethnic, and gender studies', 1: '0', 2: '', 3: '0.005470887', 4: '05'}, {0: 'Communication/journalism', 1: '0.074468085', 2: '0', 3: '0.014067995', 4: '09'}, {0: 'Communication technologies', 1: '0', 2: '0', 3: '0.008206331', 4: '10'}, {0: 'Computer and information sciences', 1: '0.042553191', 2: '0', 3: '0.05314576', 4: '11'}, {0: 'Personal and culinary services', 1: '0.015957447', 2: '0', 3: '0', 4: '12'}, {0: 'Education', 1: '0.015957447', 2: '0', 3: '0.050801094', 4: '13'}, {0: 'Engineering', 1: '0.180851064', 2: '0', 3: '0.007815553', 4: '14'}, {0: 'Engineering technologies', 1: '0.005319149', 2: '0', 3: '0.024618992', 4: '15'}, {0: 'Foreign languages, literatures, and linguistics', 1: '0.079787234', 2: '', 3: '0.011723329', 4: '16'}, {0: 'Family and consumer sciences', 1: '0', 2: '0', 3: '0', 4: '19'}, {0: 'Law/legal studies', 1: '0', 2: '0', 3: '0', 4: '22'}, {0: 'English', 1: '0', 2: '0', 3: '0.041031653', 4: '23'}, {0: 'Liberal arts/general studies', 1: '0', 2: '1', 3: '0', 4: '24'}, {0: 'Library science', 1: '0', 2: '0', 3: '0', 4: '25'}, {0: 'Biological/life sciences', 1: '0', 2: '0', 3: '0.054318093', 4: '26'}, {0: 'Mathematics and statistics', 1: '0', 2: '0', 3: '0.010550996', 4: '27'}, {0: 'Military science and military technologies', 1: '0', 2: '0', 3: '0', 4: '28 & 29'}, {0: 'Interdisciplinary studies', 1: '0', 2: '0', 3: '0.035560766', 4: '30'}, {0: 'Parks and recreation', 1: '0', 2: '0', 3: '0.035169988', 4: '31'}, {0: 'Philosophy and religious studies', 1: '0', 2: '0', 3: '0.001953888', 4: '38'}, {0: 'Theology and religious vocations', 1: '0', 2: '0', 3: '0', 4: '39'}, {0: 'Physical sciences', 1: '0.026595745', 2: '0', 3: '0.012895662', 4: '40'}, {0: 'Science technologies', 1: '0', 2: '0', 3: '0', 4: '41'}, {0: 'Psychology', 1: '', 2: '', 3: '0.107854631', 4: '42'}, {0: 'Homeland Security, law enforcement, firefighting,', 1: '', 2: '', 3: '0.05314576', 4: '43'}, {0: 'Public administration and social services', 1: '0.010638298', 2: '0', 3: '0.041422431', 4: '44'}, {0: 'Social sciences', 1: '', 2: '', 3: '0.038296209', 4: '45'}, {0: 'Construction trades', 1: '0', 2: '0', 3: '0', 4: '46'}, {0: 'Mechanic and repair technologies', 1: '0', 2: '0', 3: '0', 4: '47'}, {0: 'Precision production', 1: '0', 2: '0', 3: '0', 4: '48'}, {0: 'Transportation and materials moving', 1: '0.25', 2: '', 3: '0.035169988', 4: '49'}, {0: 'Visual and performing arts', 1: '', 2: '', 3: '0.050410317', 4: '50'}, {0: 'Health professions and related programs', 1: '0.164893617', 2: '', 3: '0.073856975', 4: '51'}, {0: 'Business/marketing', 1: '0.021276596', 2: '', 3: '0.198905823', 4: '52'}, {0: 'History', 1: '0.005319149', 2: '', 3: '0.021883548', 4: '54'}, {0: 'Other', 1: '', 2: '', 3: '', 4: ''}, {0: 'TOTAL (should = 100%)', 1: '100.00%', 2: '100.00%', 3: '100.00%', 4: ''}]]","<table> <tr> <td> Category </td> <td> Diploma/Certificates </td> <td> Associate </td> <td> Bachelor’s </td> <td> CIP 2020 Categories <br/> to Include </td> </tr> <tr> <td> Agriculture </td> <td> 0 </td> <td> 0 </td> <td> 0 </td> <td> 01 </td> </tr> <tr> <td> Natural resources and conservation </td> <td> 0.106382979 </td> <td> 0 </td> <td> 0.011723329 </td> <td> 03 </td> </tr> <tr> <td> Architecture </td> <td> 0 </td> <td> 0 </td> <td> 0 </td> <td> 04 </td> </tr> <tr> <td> Area, ethnic, and gender studies </td> <td> 0 </td> <td> </td> <td> 0.005470887 </td> <td> 05 </td> </tr> <tr> <td> Communication/journalism </td> <td> 0.074468085 </td> <td> 0 </td> <td> 0.014067995 </td> <td> 09 </td> </tr> <tr> <td> Communication technologies </td> <td> 0 </td> <td> 0 </td> <td> 0.008206331 </td> <td> 10 </td> </tr> <tr> <td> Computer and information sciences </td> <td> 0.042553191 </td> <td> 0 </td> <td> 0.05314576 </td> <td> 11 </td> </tr> <tr> <td> Personal and culinary services </td> <td> 0.015957447 </td> <td> 0 </td> <td> 0 </td> <td> 12 </td> </tr> <tr> <td> Education </td> <td> 0.015957447 </td> <td> 0 </td> <td> 0.050801094 </td> <td> 13 </td> </tr> <tr> <td> Engineering </td> <td> 0.180851064 </td> <td> 0 </td> <td> 0.007815553 </td> <td> 14 </td> </tr> <tr> <td> Engineering technologies </td> <td> 0.005319149 </td> <td> 0 </td> <td> 0.024618992 </td> <td> 15 </td> </tr> <tr> <td> Foreign languages, literatures, and linguistics </td> <td> 0.079787234 </td> <td> </td> <td> 0.011723329 </td> <td> 16 </td> </tr> <tr> <td> Family and consumer sciences </td> <td> 0 </td> <td> 0 </td> <td> 0 </td> <td> 19 </td> </tr> <tr> <td> Law/legal studies </td> <td> 0 </td> <td> 0 </td> <td> 0 </td> <td> 22 </td> </tr> <tr> <td> English </td> <td> 0 </td> <td> 0 </td> <td> 0.041031653 </td> <td> 23 </td> </tr> <tr> <td> Liberal arts/general studies </td> <td> 0 </td> <td> 1 </td> <td> 0 </td> <td> 24 </td> </tr> <tr> <td> Library science </td> <td> 0 </td> <td> 0 </td> <td> 0 </td> <td> 25 </td> </tr> <tr> <td> Biological/life sciences </td> <td> 0 </td> <td> 0 </td> <td> 0.054318093 </td> <td> 26 </td> </tr> <tr> <td> Mathematics and statistics </td> <td> 0 </td> <td> 0 </td> <td> 0.010550996 </td> <td> 27 </td> </tr> <tr> <td> Military science and military technologies </td> <td> 0 </td> <td> 0 </td> <td> 0 </td> <td> 28 &amp; 29 </td> </tr> <tr> <td> Interdisciplinary studies </td> <td> 0 </td> <td> 0 </td> <td> 0.035560766 </td> <td> 30 </td> </tr> <tr> <td> Parks and recreation </td> <td> 0 </td> <td> 0 </td> <td> 0.035169988 </td> <td> 31 </td> </tr> <tr> <td> Philosophy and religious studies </td> <td> 0 </td> <td> 0 </td> <td> 0.001953888 </td> <td> 38 </td> </tr> <tr> <td> Theology and religious vocations </td> <td> 0 </td> <td> 0 </td> <td> 0 </td> <td> 39 </td> </tr> <tr> <td> Physical sciences </td> <td> 0.026595745 </td> <td> 0 </td> <td> 0.012895662 </td> <td> 40 </td> </tr> <tr> <td> Science technologies </td> <td> 0 </td> <td> 0 </td> <td> 0 </td> <td> 41 </td> </tr> <tr> <td> Psychology </td> <td> </td> <td> </td> <td> 0.107854631 </td> <td> 42 </td> </tr> <tr> <td> Homeland Security, law enforcement, firefighting, </td> <td> </td> <td> </td> <td> 0.05314576 </td> <td> 43 </td> </tr> <tr> <td> Public administration and social services </td> <td> 0.010638298 </td> <td> 0 </td> <td> 0.041422431 </td> <td> 44 </td> </tr> <tr> <td> Social sciences </td> <td> </td> <td> </td> <td> 0.038296209 </td> <td> 45 </td> </tr> <tr> <td> Construction trades </td> <td> 0 </td> <td> 0 </td> <td> 0 </td> <td> 46 </td> </tr> <tr> <td> Mechanic and repair technologies </td> <td> 0 </td> <td> 0 </td> <td> 0 </td> <td> 47 </td> </tr> <tr> <td> Precision production </td> <td> 0 </td> <td> 0 </td> <td> 0 </td> <td> 48 </td> </tr> <tr> <td> Transportation and materials moving </td> <td> 0.25 </td> <td> </td> <td> 0.035169988 </td> <td> 49 </td> </tr> <tr> <td> Visual and performing arts </td> <td> </td> <td> </td> <td> 0.050410317 </td> <td> 50 </td> </tr> <tr> <td> Health professions and related programs </td> <td> 0.164893617 </td> <td> </td> <td> 0.073856975 </td> <td> 51 </td> </tr> <tr> <td> Business/marketing </td> <td> 0.021276596 </td> <td> </td> <td> 0.198905823 </td> <td> 52 </td> </tr> <tr> <td> History </td> <td> 0.005319149 </td> <td> </td> <td> 0.021883548 </td> <td> 54 </td> </tr> <tr> <td> Other </td> <td> </td> <td> </td> <td> </td> <td> </td> </tr> <tr> <td> TOTAL (should = 100%) </td> <td> 100.00% </td> <td> 100.00% </td> <td> 100.00% </td> <td> </td> </tr> </table>",127565,../data/cds-docs/2024-2025/127565.pdf,2024-2025
B,1,B1,Institutional Enrollment - Men and Women,"[[{0: 'Undergraduate Students: Full-Time', 1: 'Men', 2: 'Women', 3: 'Another Gender'}, {0: 'Degree-seeking, first-time freshmen', 1: '717', 2: '838', 3: '70'}, {0: 'Other first-year, degree-seeking', 1: '495', 2: '559', 3: '67'}, {0: 'All other degree-seeking', 1: '2,838', 2: '3,337', 3: '139'}, {0: 'Total degree-seeking', 1: '4,050', 2: '4,734', 3: '276'}, {0: '', 1: '100', 2: '150', 3: '12'}, {0: 'courses\nTotal undergraduate Full-Time Students', 1: '4,150', 2: '4,884', 3: '288'}], [{0: 'Undergraduate Students: Part-Time', 1: 'Men', 2: 'Women', 3: 'Another Gender'}, {0: 'Degree-seeking, first-time freshmen', 1: '301', 2: '362', 3: '36'}, {0: 'Other first-year, degree-seeking', 1: '255', 2: '458', 3: '33'}, {0: 'All other degree-seeking', 1: '1,942', 2: '2,388', 3: '97'}, {0: 'Total degree-seeking', 1: '2,498', 2: '3,208', 3: '166'}, {0: '', 1: '549', 2: '662', 3: '25'}, {0: 'courses\nTotal undergraduate Part-Time Students', 1: '3,047', 2: '3,870', 3: '191'}], [{0: 'Undergraduate Students: All', 1: 'Men', 2: 'Women', 3: 'Another Gender'}, {0: 'Total undergraduate Students', 1: '7197', 2: '8,754', 3: '479'}], [{0: 'Graduate Students: Full-Time', 1: 'Graduate Students: Full-Time', 2: 'Graduate Students: Full-Time', 3: 'Graduate Students: Full-Time'}, {0: 'Degree-seeking, first-time', 1: '53', 2: '211', 3: '9'}, {0: 'All other degree-seeking', 1: '58', 2: '327', 3: '5'}, {0: 'All other graduates enrolled in credit', 1: '0', 2: '0', 3: '0'}, {0: 'courses\nTotal graduate Full-Time Students', 1: '111', 2: '538', 3: '14'}], [{0: 'Graduate Students:Part-Time', 1: 'Graduate Students:Part-Time', 2: 'Graduate Students:Part-Time', 3: 'Graduate Students:Part-Time'}, {0: 'Degree-seeking, first-time', 1: '41', 2: '76', 3: '0'}, {0: 'All other degree-seeking', 1: '107', 2: '254', 3: '8'}, {0: 'All other graduates enrolled in credit', 1: '2', 2: '12', 3: '0'}, {0: 'courses\nTotal graduate Part-Time Students', 1: '150', 2: '342', 3: '8'}], [{0: 'Graduate Students: All', 1: 'Men', 2: 'Women', 3: 'Another Gender'}, {0: 'Total Graduate Students', 1: '261', 2: '880', 3: '22'}], [{0: 'All Students: Total', 1: 'Men', 2: 'Women', 3: 'Another Gender'}, {0: 'Total all students', 1: '7,458', 2: '9,634', 3: '501'}]]","<table> <tr> <td> Undergraduate Students: Full-Time </td> <td> Men </td> <td> Women </td> <td> Another Gender </td> </tr> <tr> <td> Degree-seeking, first-time freshmen </td> <td> 717 </td> <td> 838 </td> <td> 70 </td> </tr> <tr> <td> Other first-year, degree-seeking </td> <td> 495 </td> <td> 559 </td> <td> 67 </td> </tr> <tr> <td> All other degree-seeking </td> <td> 2,838 </td> <td> 3,337 </td> <td> 139 </td> </tr> <tr> <td> Total degree-seeking </td> <td> 4,050 </td> <td> 4,734 </td> <td> 276 </td> </tr> <tr> <td> </td> <td> 100 </td> <td> 150 </td> <td> 12 </td> </tr> <tr> <td> courses <br/> Total undergraduate Full-Time Students </td> <td> 4,150 </td> <td> 4,884 </td> <td> 288 </td> </tr> </table><div class=""separator""></div><table> <tr> <td> Undergraduate Students: Part-Time </td> <td> Men </td> <td> Women </td> <td> Another Gender </td> </tr> <tr> <td> Degree-seeking, first-time freshmen </td> <td> 301 </td> <td> 362 </td> <td> 36 </td> </tr> <tr> <td> Other first-year, degree-seeking </td> <td> 255 </td> <td> 458 </td> <td> 33 </td> </tr> <tr> <td> All other degree-seeking </td> <td> 1,942 </td> <td> 2,388 </td> <td> 97 </td> </tr> <tr> <td> Total degree-seeking </td> <td> 2,498 </td> <td> 3,208 </td> <td> 166 </td> </tr> <tr> <td> </td> <td> 549 </td> <td> 662 </td> <td> 25 </td> </tr> <tr> <td> courses <br/> Total undergraduate Part-Time Students </td> <td> 3,047 </td> <td> 3,870 </td> <td> 191 </td> </tr> </table><div class=""separator""></div><table> <tr> <td> Undergraduate Students: All </td> <td> Men </td> <td> Women </td> <td> Another Gender </td> </tr> <tr> <td> Total undergraduate Students </td> <td> 7197 </td> <td> 8,754 </td> <td> 479 </td> </tr> </table><div class=""separator""></div><table> <tr> <td colspan=""4""> Graduate Students: Full-Time </td> </tr> <tr> <td> Degree-seeking, first-time </td> <td> 53 </td> <td> 211 </td> <td> 9 </td> </tr> <tr> <td> All other degree-seeking </td> <td> 58 </td> <td> 327 </td> <td> 5 </td> </tr> <tr> <td> All other graduates enrolled in credit </td> <td> 0 </td> <td> 0 </td> <td> 0 </td> </tr> <tr> <td> courses <br/> Total graduate Full-Time Students </td> <td> 111 </td> <td> 538 </td> <td> 14 </td> </tr> </table><div class=""separator""></div><table> <tr> <td colspan=""4""> Graduate Students:Part-Time </td> </tr> <tr> <td> Degree-seeking, first-time </td> <td> 41 </td> <td> 76 </td> <td> 0 </td> </tr> <tr> <td> All other degree-seeking </td> <td> 107 </td> <td> 254 </td> <td> 8 </td> </tr> <tr> <td> All other graduates enrolled in credit </td> <td> 2 </td> <td> 12 </td> <td> 0 </td> </tr> <tr> <td> courses <br/> Total graduate Part-Time Students </td> <td> 150 </td> <td> 342 </td> <td> 8 </td> </tr> </table><div class=""separator""></div><table> <tr> <td> Graduate Students: All </td> <td> Men </td> <td> Women </td> <td> Another Gender </td> </tr> <tr> <td> Total Graduate Students </td> <td> 261 </td> <td> 880 </td> <td> 22 </td> </tr> </table><div class=""separator""></div><table> <tr> <td> All Students: Total </td> <td> Men </td> <td> Women </td> <td> Another Gender </td> </tr> <tr> <td> Total all students </td> <td> 7,458 </td> <td> 9,634 </td> <td> 501 </td> </tr> </table>",127565,../data/cds-docs/2023-2024/127565.pdf,2023-2024
B,2,B2,Enrollment by Racial/Ethnic Category.,"[[{0: '', 1: 'Degree-Seeking\nFirst-Time\nFirst Year', 2: 'Degree-Seeking\nUndergraduates\n(include first-time first\ufffe\nyear)', 3: 'Total\nUndergraduates (both\ndegree & non-degree\ufffe\nseeking)'}, {0: 'Nonresidents', 1: '6', 2: '82', 3: '95'}, {0: 'Hispanic/Latino', 1: '1,096', 2: '4,376', 3: '6,065'}, {0: 'Black or African American, non-Hispanic', 1: '232', 2: '935', 3: '1,239'}, {0: 'White, non-Hispanic', 1: '684', 2: '5,704', 3: '7,036'}, {0: 'American Indian or Alaska Native, non-Hispanic', 1: '32', 2: '113', 3: '152'}, {0: 'Asian, non-Hispanic', 1: '100', 2: '566', 3: '728'}]]","<table> <tr> <td> </td> <td> Degree-Seeking <br/> First-Time <br/> First Year </td> <td> Degree-Seeking <br/> Undergraduates <br/> (include first-time first￾ <br/> year) </td> <td> Total <br/> Undergraduates (both <br/> degree &amp; non-degree￾ <br/> seeking) </td> </tr> <tr> <td> Nonresidents </td> <td> 6 </td> <td> 82 </td> <td> 95 </td> </tr> <tr> <td> Hispanic/Latino </td> <td> 1,096 </td> <td> 4,376 </td> <td> 6,065 </td> </tr> <tr> <td> Black or African American, non-Hispanic </td> <td> 232 </td> <td> 935 </td> <td> 1,239 </td> </tr> <tr> <td> White, non-Hispanic </td> <td> 684 </td> <td> 5,704 </td> <td> 7,036 </td> </tr> <tr> <td> American Indian or Alaska Native, non-Hispanic </td> <td> 32 </td> <td> 113 </td> <td> 152 </td> </tr> <tr> <td> Asian, non-Hispanic </td> <td> 100 </td> <td> 566 </td> <td> 728 </td> </tr> </table>",127565,../data/cds-docs/2023-2024/127565.pdf,2023-2024
B,4,B4,-B21: Graduation Rates,"[[{0: '', 1: 'Recipients of a\nFederal Pell\nGrant', 2: 'Recipients of a\nSubsidized\nStafford Loan\nwho did not\nreceive a Pell\nGrant', 3: 'Students who did\nnot receive either a\nPell Grant or a\nsubsidized Stafford\nLoan', 4: 'Total\n(sum of 3 columns to\nthe left)'}, {0: ""Initial 2017 cohort of first-time, full-time,\nbachelor's (or equivalent) degree-seeking\nundergraduate students"", 1: '867', 2: '295', 3: '912', 4: '2074'}, {0: 'Of the initial 2017 cohort, how many did not\npersist and did not graduate for the following\nreasons:\n• Deceased\n• Permanently Disabled\n• Armed Forces\n• Foreign Aid Service of the Federal Government\n• Official church missions\n• Report Total Allowable Exclusions', 1: '', 2: '', 3: '', 4: '0'}, {0: 'Final 2017 cohort, after adjusting for allowable\nexclusions', 1: '867', 2: '295', 3: '912', 4: '1162'}, {0: 'Of the initial 2017 cohort, how many completed\nthe program in four years or less (by Aug. 31,\n2021)', 1: '79', 2: '40', 3: '139', 4: '119'}, {0: 'Of the initial 2017 cohort, how many completed\nthe program in more than four years but in five\nyears or less (after Aug. 31, 2021 and by Aug.\n31, 2022)', 1: '93', 2: '38', 3: '111', 4: '131'}, {0: 'Of the initial 2017 cohort, how many completed\nthe program in more than five years but in six\nyears or less (after Aug. 31, 2022 and by Aug.\n31, 2023)', 1: '44', 2: '18', 3: '58', 4: '62'}, {0: 'Total graduating within six years (sum of lines D,\nE, and F)', 1: '216', 2: '96', 3: '308', 4: '312'}]]","<table> <tr> <td> </td> <td> Recipients of a <br/> Federal Pell <br/> Grant </td> <td> Recipients of a <br/> Subsidized <br/> Stafford Loan <br/> who did not <br/> receive a Pell <br/> Grant </td> <td> Students who did <br/> not receive either a <br/> Pell Grant or a <br/> subsidized Stafford <br/> Loan </td> <td> Total <br/> (sum of 3 columns to <br/> the left) </td> </tr> <tr> <td> Initial 2017 cohort of first-time, full-time, <br/> bachelor's (or equivalent) degree-seeking <br/> undergraduate students </td> <td> 867 </td> <td> 295 </td> <td> 912 </td> <td> 2074 </td> </tr> <tr> <td> Of the initial 2017 cohort, how many did not <br/> persist and did not graduate for the following <br/> reasons: <br/> • Deceased <br/> • Permanently Disabled <br/> • Armed Forces <br/> • Foreign Aid Service of the Federal Government <br/> • Official church missions <br/> • Report Total Allowable Exclusions </td> <td> </td> <td> </td> <td> </td> <td> 0 </td> </tr> <tr> <td> Final 2017 cohort, after adjusting for allowable <br/> exclusions </td> <td> 867 </td> <td> 295 </td> <td> 912 </td> <td> 1162 </td> </tr> <tr> <td> Of the initial 2017 cohort, how many completed <br/> the program in four years or less (by Aug. 31, <br/> 2021) </td> <td> 79 </td> <td> 40 </td> <td> 139 </td> <td> 119 </td> </tr> <tr> <td> Of the initial 2017 cohort, how many completed <br/> the program in more than four years but in five <br/> years or less (after Aug. 31, 2021 and by Aug. <br/> 31, 2022) </td> <td> 93 </td> <td> 38 </td> <td> 111 </td> <td> 131 </td> </tr> <tr> <td> Of the initial 2017 cohort, how many completed <br/> the program in more than five years but in six <br/> years or less (after Aug. 31, 2022 and by Aug. <br/> 31, 2023) </td> <td> 44 </td> <td> 18 </td> <td> 58 </td> <td> 62 </td> </tr> <tr> <td> Total graduating within six years (sum of lines D, <br/> E, and F) </td> <td> 216 </td> <td> 96 </td> <td> 308 </td> <td> 312 </td> </tr> </table>",127565,../data/cds-docs/2023-2024/127565.pdf,2023-2024
C,1,C1,"First-time, first-year students: Provide the number of degree-seeking, first-time, first-year students who","[[{0: 'First-Time, First-Year Student Applicants', 1: 'First-Time, First-Year Student Applicants', 2: 'Total'}, {0: 'Total first-time, first-year men who applied', 1: 'Total first-time, first-year men who applied', 2: '4009'}, {0: 'Total first-time, first-year', 1: 'women who applied', 2: '6072'}, {0: 'Total first-time, first-year', 1: 'another gender who applied', 2: '190'}], [{0: 'First-Time, First-Year Student Admits', 1: 'First-Time, First-Year Student Admits', 2: 'Total'}, {0: 'Total first-time, first-year men who were admitted', 1: 'Total first-time, first-year men who were admitted', 2: '3956'}, {0: 'Total first-time, first-year', 1: 'women who were admitted', 2: '6021'}, {0: 'Total first-time, first-year', 1: 'another gender who were admitted', 2: '187'}], [{0: 'First-Time, First-Year Student Enrollees by Status', 1: 'Total'}, {0: 'Total full-time, first-time, first-year men who enrolled', 1: '745'}, {0: 'Total part-time, first-time, first-year men who enrolled', 1: '316'}, {0: 'Total full-time, first-time, first-year women who enrolled', 1: '880'}, {0: 'Total part-time, first-time, first-year women who enrolled', 1: '383'}, {0: 'Total full-time, first-time, first-year another gender who enrolled', 1: '70'}, {0: 'Total part-time, first-time, first-year another gender who enrolled', 1: '36'}], [{0: 'First-Time, First-Year Student Applicants', 1: 'First-Time, First-Year Student Applicants', 2: 'In-State', 3: 'Out-of-State', 4: 'International', 5: 'Unknown', 6: 'Total'}, {0: 'Total first-time, first-year who applied', 1: 'Total first-time, first-year who applied', 2: '7592', 3: '2646', 4: '33', 5: '0', 6: '10271'}, {0: 'Total first-time, first-year', 1: 'who were admitted', 2: '7503', 3: '2628', 4: '33', 5: '0', 6: '10164'}, {0: 'Total first-time, first-year', 1: 'who enrolled', 2: '1827', 3: '302', 4: '3', 5: '0', 6: '2132'}]]","<table> <tr> <td colspan=""2""> First-Time, First-Year Student Applicants </td> <td> Total </td> </tr> <tr> <td colspan=""2""> Total first-time, first-year men who applied </td> <td> 4009 </td> </tr> <tr> <td> Total first-time, first-year </td> <td> women who applied </td> <td> 6072 </td> </tr> <tr> <td> Total first-time, first-year </td> <td> another gender who applied </td> <td> 190 </td> </tr> </table><div class=""separator""></div><table> <tr> <td colspan=""2""> First-Time, First-Year Student Admits </td> <td> Total </td> </tr> <tr> <td colspan=""2""> Total first-time, first-year men who were admitted </td> <td> 3956 </td> </tr> <tr> <td> Total first-time, first-year </td> <td> women who were admitted </td> <td> 6021 </td> </tr> <tr> <td> Total first-time, first-year </td> <td> another gender who were admitted </td> <td> 187 </td> </tr> </table><div class=""separator""></div><table> <tr> <td> First-Time, First-Year Student Enrollees by Status </td> <td> Total </td> </tr> <tr> <td> Total full-time, first-time, first-year men who enrolled </td> <td> 745 </td> </tr> <tr> <td> Total part-time, first-time, first-year men who enrolled </td> <td> 316 </td> </tr> <tr> <td> Total full-time, first-time, first-year women who enrolled </td> <td> 880 </td> </tr> <tr> <td> Total part-time, first-time, first-year women who enrolled </td> <td> 383 </td> </tr> <tr> <td> Total full-time, first-time, first-year another gender who enrolled </td> <td> 70 </td> </tr> <tr> <td> Total part-time, first-time, first-year another gender who enrolled </td> <td> 36 </td> </tr> </table><div class=""separator""></div><table> <tr> <td colspan=""2""> First-Time, First-Year Student Applicants </td> <td> In-State </td> <td> Out-of-State </td> <td> International </td> <td> Unknown </td> <td> Total </td> </tr> <tr> <td colspan=""2""> Total first-time, first-year who applied </td> <td> 7592 </td> <td> 2646 </td> <td> 33 </td> <td> 0 </td> <td> 10271 </td> </tr> <tr> <td> Total first-time, first-year </td> <td> who were admitted </td> <td> 7503 </td> <td> 2628 </td> <td> 33 </td> <td> 0 </td> <td> 10164 </td> </tr> <tr> <td> Total first-time, first-year </td> <td> who enrolled </td> <td> 1827 </td> <td> 302 </td> <td> 3 </td> <td> 0 </td> <td> 2132 </td> </tr> </table>",127565,../data/cds-docs/2023-2024/127565.pdf,2023-2024
C,2,C2,"First-time, first-year wait-listed students","[[{0: 'WAITING LIST', 1: 'WAITING LIST', 2: 'WAITING LIST', 3: 'TOTAL'}, {0: 'Number of qualified applicants offered a place on waiting list:', 1: 'Number of qualified applicants offered a place on waiting list:', 2: 'Number of qualified applicants offered a place on waiting list:', 3: ''}, {0: 'Number accepting a', 1: 'place on the waiting', 2: 'list:', 3: ''}, {0: 'Number of wait-listed students admitted:', 1: 'Number of wait-listed students admitted:', 2: '', 3: ''}]]","<table> <tr> <td colspan=""3""> WAITING LIST </td> <td> TOTAL </td> </tr> <tr> <td colspan=""3""> Number of qualified applicants offered a place on waiting list: </td> <td> </td> </tr> <tr> <td> Number accepting a </td> <td> place on the waiting </td> <td> list: </td> <td> </td> </tr> <tr> <td colspan=""2""> Number of wait-listed students admitted: </td> <td> </td> <td> </td> </tr> </table>",127565,../data/cds-docs/2023-2024/127565.pdf,2023-2024
C,5,C5,Distribution of high school units required and/or recommended. Specify the distribution of academic,"[[{0: 'Distribution of high school units', 1: 'Required', 2: 'Recommended'}, {0: 'Total academic units', 1: '', 2: '17'}, {0: 'English', 1: '', 2: '4'}, {0: 'Mathematics', 1: '', 2: '4'}, {0: 'Science', 1: '', 2: '3'}, {0: '', 1: '', 2: '2'}, {0: 'Foreign language', 1: '', 2: '1'}, {0: 'Social studies', 1: '', 2: '3'}, {0: 'History', 1: '', 2: ''}, {0: 'Academic electives', 1: '', 2: '2'}, {0: 'Computer Science', 1: '', 2: ''}, {0: 'Visual/Performing Arts', 1: '', 2: ''}, {0: 'Other (specify)', 1: '', 2: ''}]]",<table> <tr> <td> Distribution of high school units </td> <td> Required </td> <td> Recommended </td> </tr> <tr> <td> Total academic units </td> <td> </td> <td> 17 </td> </tr> <tr> <td> English </td> <td> </td> <td> 4 </td> </tr> <tr> <td> Mathematics </td> <td> </td> <td> 4 </td> </tr> <tr> <td> Science </td> <td> </td> <td> 3 </td> </tr> <tr> <td> </td> <td> </td> <td> 2 </td> </tr> <tr> <td> Foreign language </td> <td> </td> <td> 1 </td> </tr> <tr> <td> Social studies </td> <td> </td> <td> 3 </td> </tr> <tr> <td> History </td> <td> </td> <td> </td> </tr> <tr> <td> Academic electives </td> <td> </td> <td> 2 </td> </tr> <tr> <td> Computer Science </td> <td> </td> <td> </td> </tr> <tr> <td> Visual/Performing Arts </td> <td> </td> <td> </td> </tr> <tr> <td> Other (specify) </td> <td> </td> <td> </td> </tr> </table>,127565,../data/cds-docs/2023-2024/127565.pdf,2023-2024
C,7,C7,"Relative importance of each of the following academic and nonacademic factors in your first-time,","[[{0: 'Academic', 1: 'Academic', 2: 'Very Important', 3: 'Important', 4: 'Considered', 5: 'Not Considered'}, {0: 'Rigor of secondary school record', 1: 'Rigor of secondary school record', 2: '', 3: '', 4: 'x', 5: ''}, {0: 'Class rank', 1: 'Class rank', 2: '', 3: '', 4: '', 5: 'x'}, {0: 'Academic GPA', 1: 'Academic GPA', 2: '', 3: '', 4: 'x', 5: ''}, {0: 'Standardized test scores', 1: 'Standardized test scores', 2: '', 3: '', 4: 'x', 5: ''}, {0: 'Application Essay', 1: 'Application Essay', 2: '', 3: '', 4: 'x', 5: ''}, {0: 'Recommendation(s)', 1: 'Recommendation(s)', 2: '', 3: '', 4: 'x', 5: ''}, {0: 'Nonacademic', 1: 'Nonacademic', 2: 'Very Important', 3: 'Important', 4: 'Considered', 5: 'Not Considered'}, {0: 'Interview', 1: 'Interview', 2: '', 3: '', 4: '', 5: 'x'}, {0: 'Extracurricular activities', 1: 'Extracurricular activities', 2: '', 3: '', 4: 'x', 5: ''}, {0: 'Talent/ability', 1: 'Talent/ability', 2: '', 3: '', 4: 'x', 5: ''}, {0: 'Character/personal', 1: 'qualities', 2: '', 3: '', 4: 'x', 5: ''}, {0: 'First generation', 1: 'First generation', 2: '', 3: '', 4: '', 5: 'x'}, {0: 'Alumni/ae relation', 1: 'Alumni/ae relation', 2: '', 3: '', 4: '', 5: 'x'}, {0: 'Geographical residence', 1: 'Geographical residence', 2: '', 3: '', 4: '', 5: 'x'}, {0: 'State residency', 1: 'State residency', 2: '', 3: '', 4: '', 5: 'x'}, {0: 'Religious affiliation/commitment', 1: 'Religious affiliation/commitment', 2: '', 3: '', 4: '', 5: 'x'}, {0: 'Volunteer work', 1: 'Volunteer work', 2: '', 3: '', 4: 'x', 5: ''}, {0: 'Work experience', 1: 'Work experience', 2: '', 3: '', 4: 'x', 5: ''}, {0: 'Level of applicant’s interest', 1: 'Level of applicant’s interest', 2: '', 3: '', 4: '', 5: 'x'}]]","<table> <tr> <td colspan=""2""> Academic </td> <td> Very Important </td> <td> Important </td> <td> Considered </td> <td> Not Considered </td> </tr> <tr> <td colspan=""2""> Rigor of secondary school record </td> <td> </td> <td> </td> <td> x </td> <td> </td> </tr> <tr> <td colspan=""2""> Class rank </td> <td> </td> <td> </td> <td> </td> <td> x </td> </tr> <tr> <td colspan=""2""> Academic GPA </td> <td> </td> <td> </td> <td> x </td> <td> </td> </tr> <tr> <td colspan=""2""> Standardized test scores </td> <td> </td> <td> </td> <td> x </td> <td> </td> </tr> <tr> <td colspan=""2""> Application Essay </td> <td> </td> <td> </td> <td> x </td> <td> </td> </tr> <tr> <td colspan=""2""> Recommendation(s) </td> <td> </td> <td> </td> <td> x </td> <td> </td> </tr> <tr> <td colspan=""2""> Nonacademic </td> <td> Very Important </td> <td> Important </td> <td> Considered </td> <td> Not Considered </td> </tr> <tr> <td colspan=""2""> Interview </td> <td> </td> <td> </td> <td> </td> <td> x </td> </tr> <tr> <td colspan=""2""> Extracurricular activities </td> <td> </td> <td> </td> <td> x </td> <td> </td> </tr> <tr> <td colspan=""2""> Talent/ability </td> <td> </td> <td> </td> <td> x </td> <td> </td> </tr> <tr> <td> Character/personal </td> <td> qualities </td> <td> </td> <td> </td> <td> x </td> <td> </td> </tr> <tr> <td colspan=""2""> First generation </td> <td> </td> <td> </td> <td> </td> <td> x </td> </tr> <tr> <td colspan=""2""> Alumni/ae relation </td> <td> </td> <td> </td> <td> </td> <td> x </td> </tr> <tr> <td colspan=""2""> Geographical residence </td> <td> </td> <td> </td> <td> </td> <td> x </td> </tr> <tr> <td colspan=""2""> State residency </td> <td> </td> <td> </td> <td> </td> <td> x </td> </tr> <tr> <td colspan=""2""> Religious affiliation/commitment </td> <td> </td> <td> </td> <td> </td> <td> x </td> </tr> <tr> <td colspan=""2""> Volunteer work </td> <td> </td> <td> </td> <td> x </td> <td> </td> </tr> <tr> <td colspan=""2""> Work experience </td> <td> </td> <td> </td> <td> x </td> <td> </td> </tr> <tr> <td colspan=""2""> Level of applicant’s interest </td> <td> </td> <td> </td> <td> </td> <td> x </td> </tr> </table>",127565,../data/cds-docs/2023-2024/127565.pdf,2023-2024
C,8,C8,: SAT and ACT Policies,"[[{0: 'Yes', 1: 'No'}, {0: 'x', 1: ''}], [{0: 'Admission', 1: 'Required to be\nconsidered for\nadmission', 2: 'Required for\nsome', 3: 'Recommended', 4: 'Not required for\nadmission, but\nconsidered if\nsubmitted', 5: 'Not\nconsidered\nfor admission,\neven if\nsubmitted'}, {0: 'SAT or ACT', 1: '', 2: '', 3: '', 4: 'x', 5: ''}]]","<table> <tr> <td> Yes </td> <td> No </td> </tr> <tr> <td> x </td> <td> </td> </tr> </table><div class=""separator""></div><table> <tr> <td> Admission </td> <td> Required to be <br/> considered for <br/> admission </td> <td> Required for <br/> some </td> <td> Recommended </td> <td> Not required for <br/> admission, but <br/> considered if <br/> submitted </td> <td> Not <br/> considered <br/> for admission, <br/> even if <br/> submitted </td> </tr> <tr> <td> SAT or ACT </td> <td> </td> <td> </td> <td> </td> <td> x </td> <td> </td> </tr> </table>",127565,../data/cds-docs/2023-2024/127565.pdf,2023-2024
C,9,C9,"Percent and number of first-time, first-year students enrolled in Fall 2023 who submitted national","[[{0: '30%', 1: '634'}, {0: '3%', 1: '65'}]]",<table> <tr> <td> 30% </td> <td> 634 </td> </tr> <tr> <td> 3% </td> <td> 65 </td> </tr> </table>,127565,../data/cds-docs/2023-2024/127565.pdf,2023-2024
C,10,C10,"Percent of all degree-seeking, first-time, first-year students who had high school class rank within","[[{0: 'Assessment', 1: 'Assessment', 2: 'Percent'}, {0: 'Percent in top tenth of high school graduating class', 1: 'Percent in top tenth of high school graduating class', 2: '7%'}, {0: 'Percent in top', 1: 'quarter of high school graduating class', 2: '3%'}, {0: 'Percent in top', 1: 'half of high school graduating class', 2: '24%'}, {0: 'Percent in bottom half of high school graduating class', 1: 'Percent in bottom half of high school graduating class', 2: '37%'}, {0: 'Percent in bottom quarter of high school graduating class', 1: 'Percent in bottom quarter of high school graduating class', 2: '30%'}, {0: 'Percent of total first-time, first-year (freshmen) students who submitted\nhigh school class rank:', 1: 'Percent of total first-time, first-year (freshmen) students who submitted\nhigh school class rank:', 2: '42%'}]]","<table> <tr> <td colspan=""2""> Assessment </td> <td> Percent </td> </tr> <tr> <td colspan=""2""> Percent in top tenth of high school graduating class </td> <td> 7% </td> </tr> <tr> <td> Percent in top </td> <td> quarter of high school graduating class </td> <td> 3% </td> </tr> <tr> <td> Percent in top </td> <td> half of high school graduating class </td> <td> 24% </td> </tr> <tr> <td colspan=""2""> Percent in bottom half of high school graduating class </td> <td> 37% </td> </tr> <tr> <td colspan=""2""> Percent in bottom quarter of high school graduating class </td> <td> 30% </td> </tr> <tr> <td colspan=""2""> Percent of total first-time, first-year (freshmen) students who submitted <br/> high school class rank: </td> <td> 42% </td> </tr> </table>",127565,../data/cds-docs/2023-2024/127565.pdf,2023-2024
C,11,C11,"Percentage of all enrolled, degree-seeking, first-time, first-year students who had high school grade-","[[{0: 'Score Range', 1: 'Percent\n(Students who\nsubmitted\nscores)', 2: 'Percent\n(Students who\ndid not submit\nscores)', 3: 'Percent (All\nenrolled\nstudents)'}, {0: 'Percent who had GPA of 4.0', 1: '0.01', 2: '', 3: '1.00%'}, {0: 'Percent who had GPA between 3.75 and 3.99', 1: '0.044', 2: '', 3: '4.40%'}, {0: 'Percent who had GPA between 3.50 and 3.74', 1: '0.055', 2: '', 3: '5.50%'}, {0: 'Percent who had GPA between 3.25 and 3.49', 1: '0.08', 2: '', 3: '8.00%'}, {0: 'Percent who had GPA between 3.00 and 3.24', 1: '0.139', 2: '', 3: '13.90%'}, {0: 'Percent who had GPA between 2.50 and 2.99', 1: '0.3', 2: '', 3: '30.00%'}, {0: 'Percent who had GPA between 2.0 and 2.49', 1: '0.29', 2: '', 3: '29.00%'}]]",<table> <tr> <td> Score Range </td> <td> Percent <br/> (Students who <br/> submitted <br/> scores) </td> <td> Percent <br/> (Students who <br/> did not submit <br/> scores) </td> <td> Percent (All <br/> enrolled <br/> students) </td> </tr> <tr> <td> Percent who had GPA of 4.0 </td> <td> 0.01 </td> <td> </td> <td> 1.00% </td> </tr> <tr> <td> Percent who had GPA between 3.75 and 3.99 </td> <td> 0.044 </td> <td> </td> <td> 4.40% </td> </tr> <tr> <td> Percent who had GPA between 3.50 and 3.74 </td> <td> 0.055 </td> <td> </td> <td> 5.50% </td> </tr> <tr> <td> Percent who had GPA between 3.25 and 3.49 </td> <td> 0.08 </td> <td> </td> <td> 8.00% </td> </tr> <tr> <td> Percent who had GPA between 3.00 and 3.24 </td> <td> 0.139 </td> <td> </td> <td> 13.90% </td> </tr> <tr> <td> Percent who had GPA between 2.50 and 2.99 </td> <td> 0.3 </td> <td> </td> <td> 30.00% </td> </tr> <tr> <td> Percent who had GPA between 2.0 and 2.49 </td> <td> 0.29 </td> <td> </td> <td> 29.00% </td> </tr> </table>,127565,../data/cds-docs/2023-2024/127565.pdf,2023-2024
C,14,C14,Application closing date,"[[{0: '', 1: 'Date'}, {0: 'Application closing date (fall)', 1: '7/1'}, {0: 'Priority Date', 1: ''}]]",<table> <tr> <td> </td> <td> Date </td> </tr> <tr> <td> Application closing date (fall) </td> <td> 7/1 </td> </tr> <tr> <td> Priority Date </td> <td> </td> </tr> </table>,127565,../data/cds-docs/2023-2024/127565.pdf,2023-2024
D,2,D2,"Provide the number of students who applied, were admitted, and enrolled as degree-seeking transfer","[[{0: 'Transfer Admission', 1: 'Applicants', 2: 'Admitted', 3: 'Enrolled'}, {0: 'Men', 1: '797', 2: '797', 3: '605'}, {0: 'Women', 1: '1,213', 2: '1,212', 3: '781'}, {0: 'Another Gender', 1: '108', 2: '108', 3: '81'}, {0: 'Total', 1: '2,118', 2: '2,117', 3: '1,467'}]]","<table> <tr> <td> Transfer Admission </td> <td> Applicants </td> <td> Admitted </td> <td> Enrolled </td> </tr> <tr> <td> Men </td> <td> 797 </td> <td> 797 </td> <td> 605 </td> </tr> <tr> <td> Women </td> <td> 1,213 </td> <td> 1,212 </td> <td> 781 </td> </tr> <tr> <td> Another Gender </td> <td> 108 </td> <td> 108 </td> <td> 81 </td> </tr> <tr> <td> Total </td> <td> 2,118 </td> <td> 2,117 </td> <td> 1,467 </td> </tr> </table>",127565,../data/cds-docs/2023-2024/127565.pdf,2023-2024
D,5,D5,Indicate all items required of transfer students to apply for admission:,"[[{0: 'Requirements', 1: 'Required of All', 2: 'Recommended\nof All', 3: 'Recommended\nof Some', 4: 'Required of Some', 5: 'Not Required'}, {0: 'High school transcript', 1: '', 2: '', 3: 'x', 4: '', 5: ''}, {0: 'College transcript(s)', 1: 'x', 2: '', 3: '', 4: '', 5: ''}, {0: 'Essay or personal', 1: '', 2: '', 3: 'x', 4: '', 5: ''}, {0: 'Interview', 1: '', 2: '', 3: '', 4: '', 5: 'x'}, {0: 'Standardized test scores', 1: '', 2: '', 3: 'x', 4: '', 5: ''}, {0: 'Statement of good standing\nfrom prior institution(s)', 1: '', 2: '', 3: '', 4: '', 5: 'x'}]]",<table> <tr> <td> Requirements </td> <td> Required of All </td> <td> Recommended <br/> of All </td> <td> Recommended <br/> of Some </td> <td> Required of Some </td> <td> Not Required </td> </tr> <tr> <td> High school transcript </td> <td> </td> <td> </td> <td> x </td> <td> </td> <td> </td> </tr> <tr> <td> College transcript(s) </td> <td> x </td> <td> </td> <td> </td> <td> </td> <td> </td> </tr> <tr> <td> Essay or personal </td> <td> </td> <td> </td> <td> x </td> <td> </td> <td> </td> </tr> <tr> <td> Interview </td> <td> </td> <td> </td> <td> </td> <td> </td> <td> x </td> </tr> <tr> <td> Standardized test scores </td> <td> </td> <td> </td> <td> x </td> <td> </td> <td> </td> </tr> <tr> <td> Statement of good standing <br/> from prior institution(s) </td> <td> </td> <td> </td> <td> </td> <td> </td> <td> x </td> </tr> </table>,127565,../data/cds-docs/2023-2024/127565.pdf,2023-2024
D,9,D9,"List application priority, closing, notification, and candidate reply dates for transfer students. If applications","[[{0: 'Term', 1: 'Priority Date', 2: 'Closing Date', 3: 'Notification Date', 4: 'Reply Date', 5: 'Rolling\nAdmission'}, {0: 'Fall', 1: '', 2: '', 3: '', 4: '', 5: 'x'}, {0: 'Winter', 1: '', 2: '', 3: '', 4: '', 5: ''}]]",<table> <tr> <td> Term </td> <td> Priority Date </td> <td> Closing Date </td> <td> Notification Date </td> <td> Reply Date </td> <td> Rolling <br/> Admission </td> </tr> <tr> <td> Fall </td> <td> </td> <td> </td> <td> </td> <td> </td> <td> x </td> </tr> <tr> <td> Winter </td> <td> </td> <td> </td> <td> </td> <td> </td> <td> </td> </tr> </table>,127565,../data/cds-docs/2023-2024/127565.pdf,2023-2024
F,1,F1,"Percentages of first-time, first-year (freshman) degree-seeking students and degree-seeking undergraduates","[[{0: '', 1: 'First-time, first\ufffe\nyear students', 2: 'Undergraduates'}, {0: 'Percent who are from out of state (exclude\ninternational/nonresidents from the\nnumerator and denominator)', 1: '6%', 2: '4%'}, {0: 'Percent of men who join fraternities', 1: '', 2: ''}, {0: 'Percent of women who join sororities', 1: '', 2: ''}, {0: 'Percent who live in college-owned, -\noperated, or -affiliated housing', 1: '', 2: ''}, {0: 'Percent who live off campus or commute', 1: '100%', 2: '100%'}, {0: 'Percent of students age 25 and older', 1: '5%', 2: '29%'}, {0: 'Average age of full-time students', 1: '18', 2: '22'}, {0: 'Average age of all students (full- and part-', 1: '18', 2: '23'}]]","<table> <tr> <td> </td> <td> First-time, first￾ <br/> year students </td> <td> Undergraduates </td> </tr> <tr> <td> Percent who are from out of state (exclude <br/> international/nonresidents from the <br/> numerator and denominator) </td> <td> 6% </td> <td> 4% </td> </tr> <tr> <td> Percent of men who join fraternities </td> <td> </td> <td> </td> </tr> <tr> <td> Percent of women who join sororities </td> <td> </td> <td> </td> </tr> <tr> <td> Percent who live in college-owned, - <br/> operated, or -affiliated housing </td> <td> </td> <td> </td> </tr> <tr> <td> Percent who live off campus or commute </td> <td> 100% </td> <td> 100% </td> </tr> <tr> <td> Percent of students age 25 and older </td> <td> 5% </td> <td> 29% </td> </tr> <tr> <td> Average age of full-time students </td> <td> 18 </td> <td> 22 </td> </tr> <tr> <td> Average age of all students (full- and part- </td> <td> 18 </td> <td> 23 </td> </tr> </table>",127565,../data/cds-docs/2023-2024/127565.pdf,2023-2024
F,3,F3,ROTC (program offered in cooperation with Reserve Officers' Training Corps),"[[{0: 'Programs', 1: 'Marine Option\n(for Naval ROTC)', 2: 'On Campus', 3: 'At Cooperating\nInstitution', 4: 'Name of\nCooperating\nInstitution'}, {0: 'Army ROTC is offered:', 1: '', 2: '', 3: 'x', 4: ''}, {0: 'Naval ROTC is offered:', 1: '', 2: '', 3: '', 4: ''}, {0: 'Air Force ROTC is offered:', 1: '', 2: '', 3: 'x', 4: ''}]]","<table> <tr> <td> Programs </td> <td> Marine Option <br/> (for Naval ROTC) </td> <td> On Campus </td> <td> At Cooperating <br/> Institution </td> <td> Name of <br/> Cooperating <br/> Institution </td> </tr> <tr> <td> Army ROTC is offered: </td> <td colspan=""2""> </td> <td> x </td> <td> </td> </tr> <tr> <td> Naval ROTC is offered: </td> <td colspan=""2""> </td> <td> </td> <td> </td> </tr> <tr> <td> Air Force ROTC is offered: </td> <td colspan=""2""> </td> <td> x </td> <td> </td> </tr> </table>",127565,../data/cds-docs/2023-2024/127565.pdf,2023-2024
G,1,G1,"Undergraduate full-time tuition, required fees, food and housing","[[{0: 'PRIVATE INSTITUTIONS', 1: 'First-Year', 2: 'Undergraduates'}, {0: 'Tuition:', 1: '', 2: ''}], [{0: 'PUBLIC INSTITUTIONS', 1: 'First-Year', 2: 'Undergraduates'}, {0: 'Tuition: In-district', 1: '$8,868', 2: '$8,868'}, {0: 'Tuition: In-state (out-of-district):', 1: '$8,868', 2: '$8,868'}, {0: 'Tuition: Out-of-state:', 1: '$27,591', 2: '$27,591'}, {0: 'Tuition: Non-resident', 1: '$27,591', 2: '$27,591'}, {0: 'FOR ALL INSTITUTIONS', 1: 'First-Year', 2: 'Undergraduates'}, {0: 'Required Fees:', 1: '$1,912', 2: '$1,912'}, {0: 'Food and housing (on-campus):', 1: '', 2: ''}, {0: 'Housing Only (on-campus):', 1: '', 2: ''}, {0: 'Food Only (on-campus meal plan):', 1: '', 2: ''}]]","<table> <tr> <td> PRIVATE INSTITUTIONS </td> <td> First-Year </td> <td> Undergraduates </td> </tr> <tr> <td> Tuition: </td> <td> </td> <td> </td> </tr> </table><div class=""separator""></div><table> <tr> <td> PUBLIC INSTITUTIONS </td> <td> First-Year </td> <td> Undergraduates </td> </tr> <tr> <td> Tuition: In-district </td> <td> $8,868 </td> <td> $8,868 </td> </tr> <tr> <td> Tuition: In-state (out-of-district): </td> <td> $8,868 </td> <td> $8,868 </td> </tr> <tr> <td> Tuition: Out-of-state: </td> <td> $27,591 </td> <td> $27,591 </td> </tr> <tr> <td> Tuition: Non-resident </td> <td> $27,591 </td> <td> $27,591 </td> </tr> <tr> <td> FOR ALL INSTITUTIONS </td> <td> First-Year </td> <td> Undergraduates </td> </tr> <tr> <td> Required Fees: </td> <td> $1,912 </td> <td> $1,912 </td> </tr> <tr> <td> Food and housing (on-campus): </td> <td> </td> <td> </td> </tr> <tr> <td> Housing Only (on-campus): </td> <td> </td> <td> </td> </tr> <tr> <td> Food Only (on-campus meal plan): </td> <td> </td> <td> </td> </tr> </table>",127565,../data/cds-docs/2023-2024/127565.pdf,2023-2024
G,5,G5,Provide the estimated expenses for a typical full-time undergraduate student:,"[[{0: '', 1: 'Residents', 2: 'Commuters', 3: 'Commuters'}, {0: 'Books and supplies:', 1: '$1,460', 2: '$1,460', 3: '$1,460'}, {0: 'Housing only:', 1: 'Not Applicable', 2: 'Not Applicable', 3: ''}, {0: 'Food only:', 1: 'Not Applicable', 2: '', 3: ''}, {0: 'Food and housing total*', 1: 'Not Applicable', 2: 'Not Applicable', 3: '$14,679'}, {0: 'Transportation:', 1: '', 2: '', 3: ''}, {0: 'Other expenses:', 1: '', 2: '', 3: ''}]]","<table> <tr> <td> </td> <td> Residents </td> <td> Commuters </td> <td> Commuters </td> </tr> <tr> <td> Books and supplies: </td> <td> $1,460 </td> <td> $1,460 </td> <td> $1,460 </td> </tr> <tr> <td> Housing only: </td> <td> Not Applicable </td> <td> Not Applicable </td> <td> </td> </tr> <tr> <td> Food only: </td> <td> Not Applicable </td> <td> </td> <td> </td> </tr> <tr> <td> Food and housing total* </td> <td> Not Applicable </td> <td> Not Applicable </td> <td> $14,679 </td> </tr> <tr> <td> Transportation: </td> <td> </td> <td> </td> <td> </td> </tr> <tr> <td> Other expenses: </td> <td> </td> <td> </td> <td> </td> </tr> </table>",127565,../data/cds-docs/2023-2024/127565.pdf,2023-2024
G,6,G6,Undergraduate per-credit-hour charges (tuition only):,"[[{0: 'PRIVATE INSTITUTIONS:', 1: ''}, {0: 'PUBLIC INSTITUTIONS:', 1: ''}, {0: 'In-district:', 1: '$296.00'}, {0: 'In-state (out-of-district):', 1: '$296.00'}, {0: 'Out-of-state:', 1: '$920.00'}, {0: 'NONRESIDENTS:', 1: '$920.00'}]]",<table> <tr> <td> PRIVATE INSTITUTIONS: </td> <td> </td> </tr> <tr> <td> PUBLIC INSTITUTIONS: </td> <td> </td> </tr> <tr> <td> In-district: </td> <td> $296.00 </td> </tr> <tr> <td> In-state (out-of-district): </td> <td> $296.00 </td> </tr> <tr> <td> Out-of-state: </td> <td> $920.00 </td> </tr> <tr> <td> NONRESIDENTS: </td> <td> $920.00 </td> </tr> </table>,127565,../data/cds-docs/2023-2024/127565.pdf,2023-2024
H,2,H2,Number of Enrolled Students Awarded Aid: List the number of degree-seeking full-time and less-than-,"[[{0: '', 1: 'Number of Enrolled Students Awarded Aid', 2: 'First-time Full\ufffe\ntime Freshmen', 3: 'Full-time\nUndergrad\n(Incl. Fresh)', 4: 'Less Than\nFull-time\nUndergrad'}, {0: 'A', 1: 'Number of degree-seeking undergraduate students\n(CDS Item B1 if reporting on Fall 2023 cohort)', 2: '1561', 3: '9294', 4: '6164'}, {0: 'B', 1: 'Number of students in line a who applied for need\ufffe\nbased financial aid', 2: '1366', 3: '7400', 4: '3946'}, {0: 'C', 1: 'Number of students in line b who were determined to', 2: '1095', 3: '6271', 4: '3368'}, {0: 'D', 1: 'Number of students in line c who were awarded any', 2: '1075', 3: '6114', 4: '3155'}, {0: 'E', 1: 'Number of students in line d who were awarded any', 2: '976', 3: '5537', 4: '2766'}, {0: 'F', 1: 'Number of students in line d who were awarded any', 2: '711', 3: '4601', 4: '2344'}, {0: 'G', 1: 'Number of students in line d who were awarded any', 2: '82', 3: '533', 4: '161'}, {0: 'H', 1: 'Number of students in line d whose need was fully met', 2: '60', 3: '399', 4: '128'}, {0: 'I', 1: 'On average, the percentage of need that was met of', 2: '55.0%', 3: '55.0%', 4: '45.0%'}, {0: 'J', 1: 'students who were awarded any need-based aid.\nThe average financial aid package of those in line d.', 2: '$ 12,011', 3: '$ 12,479', 4: '$ 7,978'}, {0: 'K', 1: 'Average need-based scholarship and grant award of\nthose in line e', 2: '$ 10,766', 3: '$ 10,145', 4: '$ 5,842'}, {0: 'L', 1: 'Average need-based self-help award (excluding PLUS\nloans, unsubsidized loans, and private alternative loans)', 2: '$ 3,257', 3: '$ 4,467', 4: '$ 4,193'}, {0: 'L', 1: 'of those in line f', 2: '$ 3,257', 3: '$ 4,467', 4: '$ 4,193'}, {0: 'M', 1: 'Average need-based loan (excluding PLUS loans,', 2: '$ 2,851', 3: '$ 3,959', 4: '$ 3,853'}]]","<table> <tr> <td> </td> <td> Number of Enrolled Students Awarded Aid </td> <td> First-time Full￾ <br/> time Freshmen </td> <td> Full-time <br/> Undergrad <br/> (Incl. Fresh) </td> <td> Less Than <br/> Full-time <br/> Undergrad </td> </tr> <tr> <td> A </td> <td> Number of degree-seeking undergraduate students <br/> (CDS Item B1 if reporting on Fall 2023 cohort) </td> <td> 1561 </td> <td> 9294 </td> <td> 6164 </td> </tr> <tr> <td> B </td> <td> Number of students in line a who applied for need￾ <br/> based financial aid </td> <td> 1366 </td> <td> 7400 </td> <td> 3946 </td> </tr> <tr> <td> C </td> <td> Number of students in line b who were determined to </td> <td> 1095 </td> <td> 6271 </td> <td> 3368 </td> </tr> <tr> <td> D </td> <td> Number of students in line c who were awarded any </td> <td> 1075 </td> <td> 6114 </td> <td> 3155 </td> </tr> <tr> <td> E </td> <td> Number of students in line d who were awarded any </td> <td> 976 </td> <td> 5537 </td> <td> 2766 </td> </tr> <tr> <td> F </td> <td> Number of students in line d who were awarded any </td> <td> 711 </td> <td> 4601 </td> <td> 2344 </td> </tr> <tr> <td> G </td> <td> Number of students in line d who were awarded any </td> <td> 82 </td> <td> 533 </td> <td> 161 </td> </tr> <tr> <td> H </td> <td> Number of students in line d whose need was fully met </td> <td> 60 </td> <td> 399 </td> <td> 128 </td> </tr> <tr> <td> I </td> <td> On average, the percentage of need that was met of </td> <td> 55.0% </td> <td> 55.0% </td> <td> 45.0% </td> </tr> <tr> <td> J </td> <td> students who were awarded any need-based aid. <br/> The average financial aid package of those in line d. </td> <td> $ 12,011 </td> <td> $ 12,479 </td> <td> $ 7,978 </td> </tr> <tr> <td> K </td> <td> Average need-based scholarship and grant award of <br/> those in line e </td> <td> $ 10,766 </td> <td> $ 10,145 </td> <td> $ 5,842 </td> </tr> <tr> <td rowspan=""2""> L </td> <td> Average need-based self-help award (excluding PLUS <br/> loans, unsubsidized loans, and private alternative loans) </td> <td rowspan=""2""> $ 3,257 </td> <td rowspan=""2""> $ 4,467 </td> <td rowspan=""2""> $ 4,193 </td> </tr> <tr> <td> of those in line f </td> </tr> <tr> <td> M </td> <td> Average need-based loan (excluding PLUS loans, </td> <td> $ 2,851 </td> <td> $ 3,959 </td> <td> $ 3,853 </td> </tr> </table>",127565,../data/cds-docs/2023-2024/127565.pdf,2023-2024
H,5,H5,"Number and percent of students in class (defined in H4 above) borrowing from federal, non-federal,","[[{0: 'Source/Type of Loan', 1: 'Source/Type of Loan', 2: 'Number in the\nclass (defined\nin H4 above)\nwho borrowed\nfrom the types\nof loans\nspecified in the\nfirst column', 3: 'Percent of the\nclass (defined\nabove) who\nborrowed from\nthe types of\nloans specified\nin the first\ncolumn\n(nearest 1%)', 4: 'Average per\ufffe\nundergraduate\ufffe\nborrower\ncumulative\nprincipal\nborrowed from\nthe types of\nloans specified\nin the first\ncolumn\n(nearest $1)'}, {0: 'A', 1: 'Any loan program: Federal Perkins, Federal Stafford\nSubsidized and Unsubsidized, institutional, state,\nprivate loans that your institution is aware of, etc.\nInclude both Federal Direct Student Loans and Federal\nFamily Education Loans.', 2: '700', 3: '55.00%', 4: '$24,785'}, {0: 'B', 1: 'Federal loan programs: Federal Perkins, Federal\nStafford Subsidized and Unsubsidized. Include both\nFederal Direct Student Loans and Federal Family\nEducation Loans.', 2: '683', 3: '54.00%', 4: '$24,967'}]]","<table> <tr> <td colspan=""2""> Source/Type of Loan </td> <td> Number in the <br/> class (defined <br/> in H4 above) <br/> who borrowed <br/> from the types <br/> of loans <br/> specified in the <br/> first column </td> <td> Percent of the <br/> class (defined <br/> above) who <br/> borrowed from <br/> the types of <br/> loans specified <br/> in the first <br/> column <br/> (nearest 1%) </td> <td> Average per￾ <br/> undergraduate￾ <br/> borrower <br/> cumulative <br/> principal <br/> borrowed from <br/> the types of <br/> loans specified <br/> in the first <br/> column <br/> (nearest $1) </td> </tr> <tr> <td> A </td> <td> Any loan program: Federal Perkins, Federal Stafford <br/> Subsidized and Unsubsidized, institutional, state, <br/> private loans that your institution is aware of, etc. <br/> Include both Federal Direct Student Loans and Federal <br/> Family Education Loans. </td> <td> 700 </td> <td> 55.00% </td> <td> $24,785 </td> </tr> <tr> <td> B </td> <td> Federal loan programs: Federal Perkins, Federal <br/> Stafford Subsidized and Unsubsidized. Include both <br/> Federal Direct Student Loans and Federal Family <br/> Education Loans. </td> <td> 683 </td> <td> 54.00% </td> <td> $24,967 </td> </tr> </table>",127565,../data/cds-docs/2023-2024/127565.pdf,2023-2024
H,11,H11,Indicate reply dates:,"[[{0: 'Students must reply by (date):', 1: 'n/a'}, {0: 'or within _______ weeks of notification.', 1: ''}]]",<table> <tr> <td> Students must reply by (date): </td> <td> n/a </td> </tr> <tr> <td> or within _______ weeks of notification. </td> <td> </td> </tr> </table>,127565,../data/cds-docs/2023-2024/127565.pdf,2023-2024
H,14,H14,Check off criteria used in awarding institutional aid. Check all that apply.,"[[{0: '', 1: 'Non-Need Based', 2: 'Need-Based'}, {0: 'Academics', 1: 'x', 2: 'x'}, {0: 'Alumni affiliation', 1: 'x', 2: ''}, {0: 'Art', 1: 'x', 2: 'x'}, {0: 'Athletics', 1: 'x', 2: 'x'}, {0: 'Job skills', 1: '', 2: ''}, {0: 'ROTC', 1: '', 2: ''}, {0: 'Leadership', 1: 'x', 2: 'x'}, {0: 'Minority status', 1: '', 2: ''}, {0: 'Music/drama', 1: 'x', 2: 'x'}, {0: 'Religious affiliation', 1: '', 2: ''}, {0: 'State/district residency', 1: 'x', 2: 'x'}]]",<table> <tr> <td> </td> <td> Non-Need Based </td> <td> Need-Based </td> </tr> <tr> <td> Academics </td> <td> x </td> <td> x </td> </tr> <tr> <td> Alumni affiliation </td> <td> x </td> <td> </td> </tr> <tr> <td> Art </td> <td> x </td> <td> x </td> </tr> <tr> <td> Athletics </td> <td> x </td> <td> x </td> </tr> <tr> <td> Job skills </td> <td> </td> <td> </td> </tr> <tr> <td> ROTC </td> <td> </td> <td> </td> </tr> <tr> <td> Leadership </td> <td> x </td> <td> x </td> </tr> <tr> <td> Minority status </td> <td> </td> <td> </td> </tr> <tr> <td> Music/drama </td> <td> x </td> <td> x </td> </tr> <tr> <td> Religious affiliation </td> <td> </td> <td> </td> </tr> <tr> <td> State/district residency </td> <td> x </td> <td> x </td> </tr> </table>,127565,../data/cds-docs/2023-2024/127565.pdf,2023-2024
J,1,J1,"Degrees conferred between July 1, 2022 and June 30, 2023","[[{0: 'Category', 1: 'Category', 2: 'Category', 3: 'Diploma/Certificates', 4: 'Associate', 5: 'Bachelor’s', 6: 'CIP 2020 Categories\nto Include'}, {0: 'Agriculture', 1: 'Agriculture', 2: 'Agriculture', 3: '', 4: '', 5: '', 6: '01'}, {0: 'Natural resources and conservation', 1: 'Natural resources and conservation', 2: 'Natural resources and conservation', 3: '0.060150376', 4: '', 5: '0.009297136', 6: '03'}, {0: 'Architecture', 1: 'Architecture', 2: 'Architecture', 3: '', 4: '', 5: '', 6: '04'}, {0: 'Area, ethnic, and gender studies', 1: 'Area, ethnic, and gender studies', 2: 'Area, ethnic, and gender studies', 3: '', 4: '', 5: '0.001859427', 6: '05'}, {0: 'Communication/journalism', 1: 'Communication/journalism', 2: 'Communication/journalism', 3: '0.082706767', 4: '', 5: '0.014503533', 6: '09'}, {0: 'Communication technologies', 1: 'Communication technologies', 2: 'Communication technologies', 3: '', 4: '', 5: '0.001859427', 6: '10'}, {0: 'Computer and information sciences', 1: 'Computer and information sciences', 2: 'Computer and information sciences', 3: '0.082706767', 4: '', 5: '0.045741911', 6: '11'}, {0: 'Personal and culinary services', 1: 'Personal and culinary services', 2: 'Personal and culinary services', 3: '', 4: '', 5: '', 6: '12'}, {0: 'Education', 1: 'Education', 2: 'Education', 3: '0.037593985', 4: '', 5: '0.047229453', 6: '13'}, {0: 'Engineering', 1: 'Engineering', 2: 'Engineering', 3: '0.240601504', 4: '', 5: '0.005578282', 6: '14'}, {0: '', 1: 'Engineering technologies', 2: 'Engineering technologies', 3: '0.007518797', 4: '', 5: '0.033097806', 6: '15'}, {0: 'Foreign languages, literatures, and linguistics', 1: 'Foreign languages, literatures, and linguistics', 2: 'Foreign languages, literatures, and linguistics', 3: '0.090225564', 4: '', 5: '0.011900335', 6: '16'}, {0: 'Family and consumer sciences', 1: 'Family and consumer sciences', 2: 'Family and consumer sciences', 3: '', 4: '', 5: '', 6: '19'}, {0: 'Law/legal studies', 1: 'Law/legal studies', 2: 'Law/legal studies', 3: '', 4: '', 5: '', 6: '22'}, {0: 'English', 1: 'English', 2: 'English', 3: '', 4: '', 5: '0.042394942', 6: '23'}, {0: 'Liberal arts/general studies', 1: 'Liberal arts/general studies', 2: 'Liberal arts/general studies', 3: '', 4: '', 5: '', 6: '24'}, {0: 'Library science', 1: 'Library science', 2: 'Library science', 3: '', 4: '', 5: '', 6: '25'}, {0: '', 1: '', 2: 'Biological/life sciences', 3: '', 4: '', 5: '0.055410933', 6: '26'}, {0: 'Mathematics and statistics', 1: 'Mathematics and statistics', 2: 'Mathematics and statistics', 3: '', 4: '', 5: '0.01227222', 6: '27'}, {0: 'Military science and military technologies', 1: 'Military science and military technologies', 2: 'Military science and military technologies', 3: '', 4: '', 5: '', 6: '28 & 29'}, {0: 'Interdisciplinary studies', 1: 'Interdisciplinary studies', 2: 'Interdisciplinary studies', 3: '0.022556391', 4: '', 5: '0.039047973', 6: '30'}, {0: 'Parks and recreation', 1: 'Parks and recreation', 2: 'Parks and recreation', 3: '', 4: '', 5: '0.042766828', 6: '31'}, {0: 'Philosophy and religious studies', 1: 'Philosophy and religious studies', 2: 'Philosophy and religious studies', 3: '', 4: '', 5: '0.002603198', 6: '38'}, {0: 'Theology and religious vocations', 1: 'Theology and religious vocations', 2: 'Theology and religious vocations', 3: '', 4: '', 5: '', 6: '39'}, {0: 'Physical sciences', 1: 'Physical sciences', 2: 'Physical sciences', 3: '0.007518797', 4: '', 5: '0.013015991', 6: '40'}, {0: 'Science technologies', 1: 'Science technologies', 2: 'Science technologies', 3: '', 4: '', 5: '', 6: '41'}, {0: 'Psychology', 1: 'Psychology', 2: 'Psychology', 3: '', 4: '', 5: '0.091483823', 6: '42'}, {0: 'Homeland Security, law enforcement, firefighting,', 1: 'Homeland Security, law enforcement, firefighting,', 2: 'Homeland Security, law enforcement, firefighting,', 3: '', 4: '', 5: '0.063220528', 6: '43'}, {0: 'Public administration and social services', 1: 'Public administration and social services', 2: 'Public administration and social services', 3: '0.007518797', 4: '', 5: '0.05652659', 6: '44'}, {0: 'Social sciences', 1: 'Social sciences', 2: 'Social sciences', 3: '', 4: '', 5: '0.029750837', 6: '45'}, {0: 'Construction trades', 1: 'Construction trades', 2: 'Construction trades', 3: '', 4: '', 5: '', 6: '46'}, {0: 'Mechanic and repair technologies', 1: 'Mechanic and repair technologies', 2: 'Mechanic and repair technologies', 3: '', 4: '', 5: '', 6: '47'}, {0: 'Precision production', 1: 'Precision production', 2: 'Precision production', 3: '', 4: '', 5: '', 6: '48'}, {0: 'Transportation and materials moving', 1: 'Transportation and materials moving', 2: 'Transportation and materials moving', 3: '0.278195489', 4: '', 5: '0.037932317', 6: '49'}, {0: 'Visual and performing arts', 1: 'Visual and performing arts', 2: 'Visual and performing arts', 3: '', 4: '', 5: '0.043882484', 6: '50'}, {0: 'Health professions and related programs', 1: 'Health professions and related programs', 2: 'Health professions and related programs', 3: '0.045112782', 4: '', 5: '0.073633321', 6: '51'}, {0: 'Business/marketing', 1: 'Business/marketing', 2: 'Business/marketing', 3: '0.037593985', 4: '', 5: '0.204537003', 6: '52'}, {0: 'History', 1: 'History', 2: 'History', 3: '', 4: '', 5: '0.0204537', 6: '54'}, {0: 'Other', 1: 'Other', 2: 'Other', 3: '', 4: '', 5: '', 6: ''}, {0: 'TOTAL (should = 100%)', 1: 'TOTAL (should = 100%)', 2: 'TOTAL (should = 100%)', 3: '100.00%', 4: '0.00%', 5: '100.00%', 6: ''}]]","<table> <tr> <td colspan=""3""> Category </td> <td> Diploma/Certificates </td> <td> Associate </td> <td> Bachelor’s </td> <td> CIP 2020 Categories <br/> to Include </td> </tr> <tr> <td colspan=""3""> Agriculture </td> <td> </td> <td> </td> <td> </td> <td> 01 </td> </tr> <tr> <td colspan=""3""> Natural resources and conservation </td> <td> 0.060150376 </td> <td> </td> <td> 0.009297136 </td> <td> 03 </td> </tr> <tr> <td colspan=""3""> Architecture </td> <td> </td> <td> </td> <td> </td> <td> 04 </td> </tr> <tr> <td colspan=""3""> Area, ethnic, and gender studies </td> <td> </td> <td> </td> <td> 0.001859427 </td> <td> 05 </td> </tr> <tr> <td colspan=""3""> Communication/journalism </td> <td> 0.082706767 </td> <td> </td> <td> 0.014503533 </td> <td> 09 </td> </tr> <tr> <td colspan=""3""> Communication technologies </td> <td> </td> <td> </td> <td> 0.001859427 </td> <td> 10 </td> </tr> <tr> <td colspan=""3""> Computer and information sciences </td> <td> 0.082706767 </td> <td> </td> <td> 0.045741911 </td> <td> 11 </td> </tr> <tr> <td colspan=""3""> Personal and culinary services </td> <td> </td> <td> </td> <td> </td> <td> 12 </td> </tr> <tr> <td colspan=""3""> Education </td> <td> 0.037593985 </td> <td> </td> <td> 0.047229453 </td> <td> 13 </td> </tr> <tr> <td colspan=""3""> Engineering </td> <td> 0.240601504 </td> <td> </td> <td> 0.005578282 </td> <td> 14 </td> </tr> <tr> <td> </td> <td colspan=""2""> Engineering technologies </td> <td> 0.007518797 </td> <td> </td> <td> 0.033097806 </td> <td> 15 </td> </tr> <tr> <td colspan=""3""> Foreign languages, literatures, and linguistics </td> <td> 0.090225564 </td> <td> </td> <td> 0.011900335 </td> <td> 16 </td> </tr> <tr> <td colspan=""3""> Family and consumer sciences </td> <td> </td> <td> </td> <td> </td> <td> 19 </td> </tr> <tr> <td colspan=""3""> Law/legal studies </td> <td> </td> <td> </td> <td> </td> <td> 22 </td> </tr> <tr> <td colspan=""3""> English </td> <td> </td> <td> </td> <td> 0.042394942 </td> <td> 23 </td> </tr> <tr> <td colspan=""3""> Liberal arts/general studies </td> <td> </td> <td> </td> <td> </td> <td> 24 </td> </tr> <tr> <td colspan=""3""> Library science </td> <td> </td> <td> </td> <td> </td> <td> 25 </td> </tr> <tr> <td colspan=""2""> </td> <td> Biological/life sciences </td> <td> </td> <td> </td> <td> 0.055410933 </td> <td> 26 </td> </tr> <tr> <td colspan=""3""> Mathematics and statistics </td> <td> </td> <td> </td> <td> 0.01227222 </td> <td> 27 </td> </tr> <tr> <td colspan=""3""> Military science and military technologies </td> <td> </td> <td> </td> <td> </td> <td> 28 &amp; 29 </td> </tr> <tr> <td colspan=""3""> Interdisciplinary studies </td> <td> 0.022556391 </td> <td> </td> <td> 0.039047973 </td> <td> 30 </td> </tr> <tr> <td colspan=""3""> Parks and recreation </td> <td> </td> <td> </td> <td> 0.042766828 </td> <td> 31 </td> </tr> <tr> <td colspan=""3""> Philosophy and religious studies </td> <td> </td> <td> </td> <td> 0.002603198 </td> <td> 38 </td> </tr> <tr> <td colspan=""3""> Theology and religious vocations </td> <td> </td> <td> </td> <td> </td> <td> 39 </td> </tr> <tr> <td colspan=""3""> Physical sciences </td> <td> 0.007518797 </td> <td> </td> <td> 0.013015991 </td> <td> 40 </td> </tr> <tr> <td colspan=""3""> Science technologies </td> <td> </td> <td> </td> <td> </td> <td> 41 </td> </tr> <tr> <td colspan=""3""> Psychology </td> <td> </td> <td> </td> <td> 0.091483823 </td> <td> 42 </td> </tr> <tr> <td colspan=""3""> Homeland Security, law enforcement, firefighting, </td> <td> </td> <td> </td> <td> 0.063220528 </td> <td> 43 </td> </tr> <tr> <td colspan=""3""> Public administration and social services </td> <td> 0.007518797 </td> <td> </td> <td> 0.05652659 </td> <td> 44 </td> </tr> <tr> <td colspan=""3""> Social sciences </td> <td> </td> <td> </td> <td> 0.029750837 </td> <td> 45 </td> </tr> <tr> <td colspan=""3""> Construction trades </td> <td> </td> <td> </td> <td> </td> <td> 46 </td> </tr> <tr> <td colspan=""3""> Mechanic and repair technologies </td> <td> </td> <td> </td> <td> </td> <td> 47 </td> </tr> <tr> <td colspan=""3""> Precision production </td> <td> </td> <td> </td> <td> </td> <td> 48 </td> </tr> <tr> <td colspan=""3""> Transportation and materials moving </td> <td> 0.278195489 </td> <td> </td> <td> 0.037932317 </td> <td> 49 </td> </tr> <tr> <td colspan=""3""> Visual and performing arts </td> <td> </td> <td> </td> <td> 0.043882484 </td> <td> 50 </td> </tr> <tr> <td colspan=""3""> Health professions and related programs </td> <td> 0.045112782 </td> <td> </td> <td> 0.073633321 </td> <td> 51 </td> </tr> <tr> <td colspan=""3""> Business/marketing </td> <td> 0.037593985 </td> <td> </td> <td> 0.204537003 </td> <td> 52 </td> </tr> <tr> <td colspan=""3""> History </td> <td> </td> <td> </td> <td> 0.0204537 </td> <td> 54 </td> </tr> <tr> <td colspan=""3""> Other </td> <td> </td> <td> </td> <td> </td> <td> </td> </tr> <tr> <td colspan=""3""> TOTAL (should = 100%) </td> <td> 100.00% </td> <td> 0.00% </td> <td> 100.00% </td> <td> </td> </tr> </table>",127565,../data/cds-docs/2023-2024/127565.pdf,2023-2024
B,1,B1,,"[[{0: '', 1: 'FULL-TIME', 2: 'FULL-TIME', 3: 'FULL-TIME', 4: 'PART-TIME', 5: 'PART-TIME', 6: 'PART-TIME'}, {0: '', 1: 'Men', 2: 'Women', 3: 'Another\nGender', 4: 'Men', 5: 'Women', 6: 'Another\nGender'}, {0: 'Undergraduates', 1: 'Undergraduates', 2: 'Undergraduates', 3: 'Undergraduates', 4: 'Undergraduates', 5: 'Undergraduates', 6: 'Undergraduates'}, {0: 'Degree-seeking, first\ufffe\ntime, first-year', 1: '722', 2: '839', 3: '0', 4: '311', 5: '325', 6: '0'}, {0: 'Other first-year, degree\ufffe\nseeking', 1: '572', 2: '636', 3: '0', 4: '581', 5: '719', 6: '0'}, {0: 'All other degree-seeking', 1: '2,923', 2: '3,602', 3: '0', 4: '1,774', 5: '2,454', 6: '0'}, {0: 'Total degree-seeking', 1: '4,217', 2: '5,077', 3: '0', 4: '2,666', 5: '3,498', 6: '0'}, {0: 'All other undergraduates\nenrolled in credit\ncourses', 1: '24', 2: '22', 3: '0', 4: '125', 5: '219', 6: '0'}, {0: 'Total undergraduates', 1: '4,241', 2: '5,099', 3: '0', 4: '2,791', 5: '3,717', 6: '0'}, {0: 'Graduate', 1: 'Graduate', 2: 'Graduate', 3: 'Graduate', 4: 'Graduate', 5: 'Graduate', 6: 'Graduate'}, {0: 'Degree-seeking, first\ufffe\ntime', 1: '38', 2: '172', 3: '0', 4: '29', 5: '49', 6: '0'}, {0: 'All other degree-seeking', 1: '67', 2: '385', 3: '0', 4: '105', 5: '287', 6: '0'}, {0: 'All other graduates\nenrolled in credit\ncourses', 1: '0', 2: '0', 3: '0', 4: '3', 5: '12', 6: '0'}, {0: 'Total graduate', 1: '105', 2: '557', 3: '0', 4: '137', 5: '348', 6: '0'}, {0: 'Total all students', 1: '4,346', 2: '5,656', 3: '0', 4: '2,928', 5: '4,065', 6: '0'}]]","<table> <tr> <td rowspan=""2""> </td> <td colspan=""3""> FULL-TIME </td> <td colspan=""3""> PART-TIME </td> </tr> <tr> <td> Men </td> <td> Women </td> <td> Another <br/> Gender </td> <td> Men </td> <td> Women </td> <td> Another <br/> Gender </td> </tr> <tr> <td colspan=""7""> Undergraduates </td> </tr> <tr> <td> Degree-seeking, first￾ <br/> time, first-year </td> <td> 722 </td> <td> 839 </td> <td> 0 </td> <td> 311 </td> <td> 325 </td> <td> 0 </td> </tr> <tr> <td> Other first-year, degree￾ <br/> seeking </td> <td> 572 </td> <td> 636 </td> <td> 0 </td> <td> 581 </td> <td> 719 </td> <td> 0 </td> </tr> <tr> <td> All other degree-seeking </td> <td> 2,923 </td> <td> 3,602 </td> <td> 0 </td> <td> 1,774 </td> <td> 2,454 </td> <td> 0 </td> </tr> <tr> <td> Total degree-seeking </td> <td> 4,217 </td> <td> 5,077 </td> <td> 0 </td> <td> 2,666 </td> <td> 3,498 </td> <td> 0 </td> </tr> <tr> <td> All other undergraduates <br/> enrolled in credit <br/> courses </td> <td> 24 </td> <td> 22 </td> <td> 0 </td> <td> 125 </td> <td> 219 </td> <td> 0 </td> </tr> <tr> <td> Total undergraduates </td> <td> 4,241 </td> <td> 5,099 </td> <td> 0 </td> <td> 2,791 </td> <td> 3,717 </td> <td> 0 </td> </tr> <tr> <td colspan=""7""> Graduate </td> </tr> <tr> <td> Degree-seeking, first￾ <br/> time </td> <td> 38 </td> <td> 172 </td> <td> 0 </td> <td> 29 </td> <td> 49 </td> <td> 0 </td> </tr> <tr> <td> All other degree-seeking </td> <td> 67 </td> <td> 385 </td> <td> 0 </td> <td> 105 </td> <td> 287 </td> <td> 0 </td> </tr> <tr> <td> All other graduates <br/> enrolled in credit <br/> courses </td> <td> 0 </td> <td> 0 </td> <td> 0 </td> <td> 3 </td> <td> 12 </td> <td> 0 </td> </tr> <tr> <td> Total graduate </td> <td> 105 </td> <td> 557 </td> <td> 0 </td> <td> 137 </td> <td> 348 </td> <td> 0 </td> </tr> <tr> <td> Total all students </td> <td> 4,346 </td> <td> 5,656 </td> <td> 0 </td> <td> 2,928 </td> <td> 4,065 </td> <td> 0 </td> </tr> </table>",127565,../data/cds-docs/2022-2023/127565.pdf,2022-2023
B,2,B2,Enrollment by Racial/Ethnic Category.,"[[{0: '', 1: 'Degree-Seeking\nFirst-Time\nFirst Year', 2: 'Degree\ufffe\nSeeking\nUndergradu', 3: 'Total\nUndergraduates\n(both degree & non\ufffe\ndegree-seeking)'}, {0: 'Nonresidents', 1: '6', 2: '98', 3: '105'}, {0: 'Hispanic/Latino', 1: '740', 2: '5,594', 3: '5,678'}, {0: 'Black or African American, non-Hispanic', 1: '118', 2: '1,120', 3: '1,132'}, {0: 'White, non-Hispanic', 1: '502', 2: '6,780', 3: '7,019'}, {0: 'American Indian or Alaska Native, non-Hisp', 1: '19', 2: '120', 3: '120\n729'}, {0: 'Asian, non-Hispanic', 1: '72', 2: '703', 3: '120\n729'}, {0: 'Native Hawaiian or other Pacific Islander, n', 1: '3', 2: '31', 3: '31'}, {0: 'Two or more races, non-Hispanic', 1: '85', 2: '822', 3: '841'}, {0: 'Race and/or ethnicity unknown', 1: '16', 2: '190', 3: '193'}, {0: 'TOTAL', 1: '1,561', 2: '15,458', 3: '15,848'}]]","<table> <tr> <td> </td> <td> Degree-Seeking <br/> First-Time <br/> First Year </td> <td> Degree￾ <br/> Seeking <br/> Undergradu </td> <td> Total <br/> Undergraduates <br/> (both degree &amp; non￾ <br/> degree-seeking) </td> </tr> <tr> <td> Nonresidents </td> <td> 6 </td> <td> 98 </td> <td> 105 </td> </tr> <tr> <td> Hispanic/Latino </td> <td> 740 </td> <td> 5,594 </td> <td> 5,678 </td> </tr> <tr> <td> Black or African American, non-Hispanic </td> <td> 118 </td> <td> 1,120 </td> <td> 1,132 </td> </tr> <tr> <td> White, non-Hispanic </td> <td> 502 </td> <td> 6,780 </td> <td> 7,019 </td> </tr> <tr> <td> American Indian or Alaska Native, non-Hisp </td> <td> 19 </td> <td> 120 </td> <td rowspan=""2""> 120 <br/> 729 </td> </tr> <tr> <td> Asian, non-Hispanic </td> <td> 72 </td> <td> 703 </td> </tr> <tr> <td> Native Hawaiian or other Pacific Islander, n </td> <td> 3 </td> <td> 31 </td> <td> 31 </td> </tr> <tr> <td> Two or more races, non-Hispanic </td> <td> 85 </td> <td> 822 </td> <td> 841 </td> </tr> <tr> <td> Race and/or ethnicity unknown </td> <td> 16 </td> <td> 190 </td> <td> 193 </td> </tr> <tr> <td> TOTAL </td> <td> 1,561 </td> <td> 15,458 </td> <td> 15,848 </td> </tr> </table>",127565,../data/cds-docs/2022-2023/127565.pdf,2022-2023
C,1,C1,"First-time, first-year students: Provide the number of degree-seeking, first-time, first-year students who applied, were","[[{0: 'Total first-time, first-year men who applied', 1: '4067'}, {0: 'Total first-time, first-year women who applied', 1: '6032'}, {0: 'Total first-time, first-year of another gender who applied', 1: '0'}], [{0: 'Total first-time, first-year men who were admitted', 1: 'Total first-time, first-year men who were admitted', 2: '3962'}, {0: 'Total first-time, first-year', 1: 'women who were admitted', 2: '5925'}, {0: 'Total first-time, first-year of another gender who were admitted', 1: 'Total first-time, first-year of another gender who were admitted', 2: '0'}], [{0: 'Total full-time, first-time, first-year men who enrolled', 1: '619'}, {0: 'Total part-time, first-time, first-year men who enrolled', 1: '262'}], [{0: 'Total full-time, first-time, first-year women who enrolled', 1: '705'}, {0: 'Total part-time, first-time, first-year women who enrolled', 1: '274'}], [{0: 'Total full-time, first-time, first-year of another gender who enrolled', 1: '0'}, {0: 'Total part-time, first-time, first-year of another gender who enrolled', 1: '0'}], [{0: 'Total first-time, first-year (degree-seeking) who applied', 1: '10099'}, {0: 'Total first-time, first-year (degree-seeking) who were admitted', 1: '9887'}, {0: 'Total first-time, first-year (degree-seeking) enrolled', 1: '1860'}]]","<table> <tr> <td> Total first-time, first-year men who applied </td> <td> 4067 </td> </tr> <tr> <td> Total first-time, first-year women who applied </td> <td> 6032 </td> </tr> <tr> <td> Total first-time, first-year of another gender who applied </td> <td> 0 </td> </tr> </table><div class=""separator""></div><table> <tr> <td colspan=""2""> Total first-time, first-year men who were admitted </td> <td> 3962 </td> </tr> <tr> <td> Total first-time, first-year </td> <td> women who were admitted </td> <td> 5925 </td> </tr> <tr> <td colspan=""2""> Total first-time, first-year of another gender who were admitted </td> <td> 0 </td> </tr> </table><div class=""separator""></div><table> <tr> <td> Total full-time, first-time, first-year men who enrolled </td> <td> 619 </td> </tr> <tr> <td> Total part-time, first-time, first-year men who enrolled </td> <td> 262 </td> </tr> </table><div class=""separator""></div><table> <tr> <td> Total full-time, first-time, first-year women who enrolled </td> <td> 705 </td> </tr> <tr> <td> Total part-time, first-time, first-year women who enrolled </td> <td> 274 </td> </tr> </table><div class=""separator""></div><table> <tr> <td> Total full-time, first-time, first-year of another gender who enrolled </td> <td> 0 </td> </tr> <tr> <td> Total part-time, first-time, first-year of another gender who enrolled </td> <td> 0 </td> </tr> </table><div class=""separator""></div><table> <tr> <td> Total first-time, first-year (degree-seeking) who applied </td> <td> 10099 </td> </tr> <tr> <td> Total first-time, first-year (degree-seeking) who were admitted </td> <td> 9887 </td> </tr> <tr> <td> Total first-time, first-year (degree-seeking) enrolled </td> <td> 1860 </td> </tr> </table>",127565,../data/cds-docs/2022-2023/127565.pdf,2022-2023
C,2,C2,"First-time, first-year wait-listed students","[[{0: 'WAITING LIST', 1: 'TOTAL'}, {0: 'Number of qualified applicants offered a place on waiting list:', 1: ''}, {0: 'Number accepting a place on the waiting list:', 1: ''}, {0: 'Number of wait-listed students admitted:', 1: ''}]]",<table> <tr> <td> WAITING LIST </td> <td> TOTAL </td> </tr> <tr> <td> Number of qualified applicants offered a place on waiting list: </td> <td> </td> </tr> <tr> <td> Number accepting a place on the waiting list: </td> <td> </td> </tr> <tr> <td> Number of wait-listed students admitted: </td> <td> </td> </tr> </table>,127565,../data/cds-docs/2022-2023/127565.pdf,2022-2023
C,5,C5,Distribution of high school units required and/or recommended. Specify the distribution of academic high school course,"[[{0: '', 1: 'Required', 2: 'Recommended'}, {0: 'Total academic units', 1: '', 2: '17'}, {0: 'English', 1: '', 2: '4'}, {0: 'Mathematics', 1: '', 2: '4'}, {0: 'Science', 1: '', 2: '3'}, {0: '', 1: '', 2: '2'}, {0: 'lab\nForeign language', 1: '', 2: '1'}, {0: 'Social studies', 1: '', 2: '3'}, {0: 'History', 1: '', 2: ''}, {0: 'Academic electives', 1: '', 2: '2'}, {0: 'Computer Science', 1: '', 2: ''}, {0: 'Visual/Performing Arts', 1: '', 2: ''}, {0: 'Other (specify)', 1: '', 2: ''}]]",<table> <tr> <td> </td> <td> Required </td> <td> Recommended </td> </tr> <tr> <td> Total academic units </td> <td> </td> <td> 17 </td> </tr> <tr> <td> English </td> <td> </td> <td> 4 </td> </tr> <tr> <td> Mathematics </td> <td> </td> <td> 4 </td> </tr> <tr> <td> Science </td> <td> </td> <td> 3 </td> </tr> <tr> <td> </td> <td> </td> <td> 2 </td> </tr> <tr> <td> lab <br/> Foreign language </td> <td> </td> <td> 1 </td> </tr> <tr> <td> Social studies </td> <td> </td> <td> 3 </td> </tr> <tr> <td> History </td> <td> </td> <td> </td> </tr> <tr> <td> Academic electives </td> <td> </td> <td> 2 </td> </tr> <tr> <td> Computer Science </td> <td> </td> <td> </td> </tr> <tr> <td> Visual/Performing Arts </td> <td> </td> <td> </td> </tr> <tr> <td> Other (specify) </td> <td> </td> <td> </td> </tr> </table>,127565,../data/cds-docs/2022-2023/127565.pdf,2022-2023
C,8,C8,"A If yes, place check marks in the appropriate boxes below to reflect your institution’s policies for use in admission for Fall 2023.","[[{0: '', 1: 'ADMISSION', 2: 'ADMISSION', 3: 'ADMISSION', 4: 'ADMISSION', 5: 'ADMISSION'}, {0: '', 1: 'Require', 2: 'Recommend', 3: 'Require for Some', 4: 'Consider if\nSubmitted', 5: 'Considered Not'}, {0: 'SAT or ACT', 1: '', 2: '', 3: '', 4: 'x', 5: ''}, {0: 'ACT Only', 1: '', 2: '', 3: '', 4: 'x', 5: ''}, {0: 'SAT Only', 1: '', 2: '', 3: '', 4: 'x', 5: ''}]]","<table> <tr> <td rowspan=""2""> </td> <td colspan=""5""> ADMISSION </td> </tr> <tr> <td> Require </td> <td> Recommend </td> <td> Require for Some </td> <td> Consider if <br/> Submitted </td> <td> Considered Not </td> </tr> <tr> <td> SAT or ACT </td> <td> </td> <td> </td> <td> </td> <td> x </td> <td> </td> </tr> <tr> <td> ACT Only </td> <td> </td> <td> </td> <td> </td> <td> x </td> <td> </td> </tr> <tr> <td> SAT Only </td> <td> </td> <td> </td> <td> </td> <td> x </td> <td> </td> </tr> </table>",127565,../data/cds-docs/2022-2023/127565.pdf,2022-2023
C,9,C9,"Percent and number of first-time, first-year students enrolled in Fall 2022 who submitted national standardized","[[{0: '32%', 1: '606'}, {0: '7%', 1: '128'}], [{0: 'Assessment', 1: '25th Percentile', 2: '50th Percentile', 3: '75th Percentile'}, {0: 'SAT Composite', 1: '920', 2: '1020', 3: '1130'}, {0: 'Writing', 1: '460', 2: '510', 3: '570'}, {0: 'SAT Math', 1: '460', 2: '510', 3: '560'}, {0: 'ACT Composite', 1: '16', 2: '20', 3: '23'}, {0: 'ACT Math', 1: '16', 2: '19', 3: '24'}, {0: 'ACT English', 1: '15', 2: '19', 3: '24'}, {0: 'ACT Writing', 1: '', 2: '', 3: ''}, {0: 'ACT Science', 1: '17', 2: '20', 3: '23'}, {0: 'ACT Reading', 1: '17', 2: '21', 3: '24'}], [{0: 'Score Range', 1: 'SAT Evidence-', 2: 'SAT Math'}, {0: '700-800', 1: '2.00%', 2: '0.50%'}, {0: '600-699', 1: '16.80%', 2: '13.00%'}, {0: '500-599', 1: '41.60%', 2: '44.60%'}, {0: '400-499', 1: '34.30%', 2: '31.70%'}, {0: '300-399', 1: '5.30%', 2: '9.90%'}, {0: '200-299', 1: '0.00%', 2: '0.30%'}, {0: 'Totals should = 100%', 1: '100.00%', 2: '100.00%'}], [{0: 'Score Range', 1: 'SAT Composite'}, {0: '1400-1600', 1: '0.004'}, {0: '1200-1399', 1: '0.132'}, {0: '1000-1199', 1: '0.442'}, {0: '800-999', 1: '0.361'}, {0: '600-799', 1: '0.061'}, {0: '400-599', 1: '0'}, {0: 'Totals should = 100%', 1: '100.00%'}], [{0: 'Score Range', 1: 'ACT Composite', 2: 'ACT English', 3: 'ACT Math', 4: 'ACT Reading', 5: 'ACT Science'}, {0: '30-36', 1: '3.10%', 2: '8.60%', 3: '3.10%', 4: '13.30%', 5: '7.00%'}, {0: '24-29', 1: '19.50%', 2: '15.60%', 3: '25.00%', 4: '13.30%', 5: '13.30%'}, {0: '18-23', 1: '42.20%', 2: '34.40%', 3: '30.50%', 4: '41.40%', 5: '49.20%'}, {0: '12-17', 1: '35.20%', 2: '28.90%', 3: '35.90%', 4: '25.00%', 5: '24.20%'}, {0: '6-11', 1: '0.00%', 2: '8.60%', 3: '1.60%', 4: '2.30%', 5: '0.80%'}, {0: 'Below 6', 1: '0.00%', 2: '3.90%', 3: '3.90%', 4: '4.70%', 5: '5.50%'}, {0: 'Totals should = 100%', 1: '100.00%', 2: '100.00%', 3: '100.00%', 4: '100.00%', 5: '100.00%'}]]","<table> <tr> <td> 32% </td> <td> 606 </td> </tr> <tr> <td> 7% </td> <td> 128 </td> </tr> </table><div class=""separator""></div><table> <tr> <td> Assessment </td> <td> 25th Percentile </td> <td> 50th Percentile </td> <td> 75th Percentile </td> </tr> <tr> <td> SAT Composite </td> <td> 920 </td> <td> 1020 </td> <td> 1130 </td> </tr> <tr> <td> Writing </td> <td> 460 </td> <td> 510 </td> <td> 570 </td> </tr> <tr> <td> SAT Math </td> <td> 460 </td> <td> 510 </td> <td> 560 </td> </tr> <tr> <td> ACT Composite </td> <td> 16 </td> <td> 20 </td> <td> 23 </td> </tr> <tr> <td> ACT Math </td> <td> 16 </td> <td> 19 </td> <td> 24 </td> </tr> <tr> <td> ACT English </td> <td> 15 </td> <td> 19 </td> <td> 24 </td> </tr> <tr> <td> ACT Writing </td> <td> </td> <td> </td> <td> </td> </tr> <tr> <td> ACT Science </td> <td> 17 </td> <td> 20 </td> <td> 23 </td> </tr> <tr> <td> ACT Reading </td> <td> 17 </td> <td> 21 </td> <td> 24 </td> </tr> </table><div class=""separator""></div><table> <tr> <td> Score Range </td> <td> SAT Evidence- </td> <td> SAT Math </td> </tr> <tr> <td> 700-800 </td> <td> 2.00% </td> <td> 0.50% </td> </tr> <tr> <td> 600-699 </td> <td> 16.80% </td> <td> 13.00% </td> </tr> <tr> <td> 500-599 </td> <td> 41.60% </td> <td> 44.60% </td> </tr> <tr> <td> 400-499 </td> <td> 34.30% </td> <td> 31.70% </td> </tr> <tr> <td> 300-399 </td> <td> 5.30% </td> <td> 9.90% </td> </tr> <tr> <td> 200-299 </td> <td> 0.00% </td> <td> 0.30% </td> </tr> <tr> <td> Totals should = 100% </td> <td> 100.00% </td> <td> 100.00% </td> </tr> </table><div class=""separator""></div><table> <tr> <td> Score Range </td> <td> SAT Composite </td> </tr> <tr> <td> 1400-1600 </td> <td> 0.004 </td> </tr> <tr> <td> 1200-1399 </td> <td> 0.132 </td> </tr> <tr> <td> 1000-1199 </td> <td> 0.442 </td> </tr> <tr> <td> 800-999 </td> <td> 0.361 </td> </tr> <tr> <td> 600-799 </td> <td> 0.061 </td> </tr> <tr> <td> 400-599 </td> <td> 0 </td> </tr> <tr> <td> Totals should = 100% </td> <td> 100.00% </td> </tr> </table><div class=""separator""></div><table> <tr> <td> Score Range </td> <td> ACT Composite </td> <td> ACT English </td> <td> ACT Math </td> <td> ACT Reading </td> <td> ACT Science </td> </tr> <tr> <td> 30-36 </td> <td> 3.10% </td> <td> 8.60% </td> <td> 3.10% </td> <td> 13.30% </td> <td> 7.00% </td> </tr> <tr> <td> 24-29 </td> <td> 19.50% </td> <td> 15.60% </td> <td> 25.00% </td> <td> 13.30% </td> <td> 13.30% </td> </tr> <tr> <td> 18-23 </td> <td> 42.20% </td> <td> 34.40% </td> <td> 30.50% </td> <td> 41.40% </td> <td> 49.20% </td> </tr> <tr> <td> 12-17 </td> <td> 35.20% </td> <td> 28.90% </td> <td> 35.90% </td> <td> 25.00% </td> <td> 24.20% </td> </tr> <tr> <td> 6-11 </td> <td> 0.00% </td> <td> 8.60% </td> <td> 1.60% </td> <td> 2.30% </td> <td> 0.80% </td> </tr> <tr> <td> Below 6 </td> <td> 0.00% </td> <td> 3.90% </td> <td> 3.90% </td> <td> 4.70% </td> <td> 5.50% </td> </tr> <tr> <td> Totals should = 100% </td> <td> 100.00% </td> <td> 100.00% </td> <td> 100.00% </td> <td> 100.00% </td> <td> 100.00% </td> </tr> </table>",127565,../data/cds-docs/2022-2023/127565.pdf,2022-2023
C,11,C11,"Percentage of all enrolled, degree-seeking, first-time, first-year students who had high school grade-point averages","[[{0: 'Score Range', 1: 'Percent'}, {0: 'Percent who had GPA of 4.0', 1: '1.90%'}, {0: 'Percent who had GPA between 3.75 and 3.99', 1: '5.50%'}, {0: 'Percent who had GPA between 3.50 and 3.74', 1: '9.00%'}, {0: 'Percent who had GPA between 3.25 and 3.49', 1: '11.90%'}, {0: 'Percent who had GPA between 3.00 and 3.24', 1: '13.50%'}, {0: 'Percent who had GPA between 2.50 and 2.99', 1: '27.00%'}, {0: 'Percent who had GPA between 2.0 and 2.49', 1: '14.40%'}, {0: 'Percent who had GPA between 1.0 and 1.99', 1: '2.70%'}, {0: 'Percent who had GPA below 1.0', 1: '14.10%'}, {0: 'Totals should = 100%', 1: '100.00%'}]]",<table> <tr> <td> Score Range </td> <td> Percent </td> </tr> <tr> <td> Percent who had GPA of 4.0 </td> <td> 1.90% </td> </tr> <tr> <td> Percent who had GPA between 3.75 and 3.99 </td> <td> 5.50% </td> </tr> <tr> <td> Percent who had GPA between 3.50 and 3.74 </td> <td> 9.00% </td> </tr> <tr> <td> Percent who had GPA between 3.25 and 3.49 </td> <td> 11.90% </td> </tr> <tr> <td> Percent who had GPA between 3.00 and 3.24 </td> <td> 13.50% </td> </tr> <tr> <td> Percent who had GPA between 2.50 and 2.99 </td> <td> 27.00% </td> </tr> <tr> <td> Percent who had GPA between 2.0 and 2.49 </td> <td> 14.40% </td> </tr> <tr> <td> Percent who had GPA between 1.0 and 1.99 </td> <td> 2.70% </td> </tr> <tr> <td> Percent who had GPA below 1.0 </td> <td> 14.10% </td> </tr> <tr> <td> Totals should = 100% </td> <td> 100.00% </td> </tr> </table>,127565,../data/cds-docs/2022-2023/127565.pdf,2022-2023
C,14,C14,Application closing date,"[[{0: '', 1: 'Date'}, {0: 'Application closing date (fall)', 1: '7/1'}, {0: 'Priority Date', 1: ''}]]",<table> <tr> <td> </td> <td> Date </td> </tr> <tr> <td> Application closing date (fall) </td> <td> 7/1 </td> </tr> <tr> <td> Priority Date </td> <td> </td> </tr> </table>,127565,../data/cds-docs/2022-2023/127565.pdf,2022-2023
D,2,D2,"Provide the number of students who applied, were admitted, and enrolled as degree-seeking transfer","[[{0: '', 1: 'Applicants', 2: 'Admitted', 3: 'Enrolled'}, {0: 'Men', 1: '1,419', 2: '1,417', 3: '656'}, {0: 'Women', 1: '2,128', 2: '2,125', 3: '856'}, {0: 'Another Gender', 1: '0', 2: '0', 3: '0'}, {0: 'Total', 1: '3,547', 2: '3,542', 3: '1,512'}]]","<table> <tr> <td> </td> <td> Applicants </td> <td> Admitted </td> <td> Enrolled </td> </tr> <tr> <td> Men </td> <td> 1,419 </td> <td> 1,417 </td> <td> 656 </td> </tr> <tr> <td> Women </td> <td> 2,128 </td> <td> 2,125 </td> <td> 856 </td> </tr> <tr> <td> Another Gender </td> <td> 0 </td> <td> 0 </td> <td> 0 </td> </tr> <tr> <td> Total </td> <td> 3,547 </td> <td> 3,542 </td> <td> 1,512 </td> </tr> </table>",127565,../data/cds-docs/2022-2023/127565.pdf,2022-2023
D,5,D5,Indicate all items required of transfer students to apply for admission:,"[[{0: '', 1: '', 2: 'Required of All', 3: 'Recommended\nof All', 4: 'Recommended\nof Some', 5: 'Required of Some', 6: 'Not Required'}, {0: 'High school transcript', 1: 'High school transcript', 2: '', 3: '', 4: 'x', 5: '', 6: ''}, {0: 'College transcript(s)', 1: 'College transcript(s)', 2: 'x', 3: '', 4: '', 5: '', 6: ''}, {0: 'Essay', 1: 'or personal', 2: '', 3: '', 4: 'x', 5: '', 6: ''}, {0: 'Interview', 1: 'Interview', 2: '', 3: '', 4: '', 5: '', 6: 'x'}, {0: 'Standardized test scores', 1: 'Standardized test scores', 2: '', 3: '', 4: 'x', 5: '', 6: ''}, {0: 'Statement of good standing\nfrom prior institution(s)', 1: 'Statement of good standing\nfrom prior institution(s)', 2: '', 3: '', 4: '', 5: '', 6: 'x'}]]","<table> <tr> <td colspan=""2""> </td> <td> Required of All </td> <td> Recommended <br/> of All </td> <td> Recommended <br/> of Some </td> <td> Required of Some </td> <td> Not Required </td> </tr> <tr> <td colspan=""2""> High school transcript </td> <td> </td> <td> </td> <td> x </td> <td> </td> <td> </td> </tr> <tr> <td colspan=""2""> College transcript(s) </td> <td> x </td> <td> </td> <td> </td> <td> </td> <td> </td> </tr> <tr> <td> Essay </td> <td> or personal </td> <td> </td> <td> </td> <td> x </td> <td> </td> <td> </td> </tr> <tr> <td colspan=""2""> Interview </td> <td> </td> <td> </td> <td> </td> <td> </td> <td> x </td> </tr> <tr> <td colspan=""2""> Standardized test scores </td> <td> </td> <td> </td> <td> x </td> <td> </td> <td> </td> </tr> <tr> <td colspan=""2""> Statement of good standing <br/> from prior institution(s) </td> <td> </td> <td> </td> <td> </td> <td> </td> <td> x </td> </tr> </table>",127565,../data/cds-docs/2022-2023/127565.pdf,2022-2023
D,9,D9,"List application priority, closing, notification, and candidate reply dates for transfer students. If applications","[[{0: '', 1: 'Priority Date', 2: 'Closing Date', 3: 'Notification Date', 4: 'Reply Date', 5: 'Rolling\nAdmission'}, {0: 'Fall', 1: '', 2: '', 3: '', 4: '', 5: 'x'}, {0: 'Winter', 1: '', 2: '', 3: '', 4: '', 5: ''}, {0: 'Spring', 1: '', 2: '', 3: '', 4: '', 5: 'x'}, {0: 'Summer', 1: '', 2: '', 3: '', 4: '', 5: 'x'}]]",<table> <tr> <td> </td> <td> Priority Date </td> <td> Closing Date </td> <td> Notification Date </td> <td> Reply Date </td> <td> Rolling <br/> Admission </td> </tr> <tr> <td> Fall </td> <td> </td> <td> </td> <td> </td> <td> </td> <td> x </td> </tr> <tr> <td> Winter </td> <td> </td> <td> </td> <td> </td> <td> </td> <td> </td> </tr> <tr> <td> Spring </td> <td> </td> <td> </td> <td> </td> <td> </td> <td> x </td> </tr> <tr> <td> Summer </td> <td> </td> <td> </td> <td> </td> <td> </td> <td> x </td> </tr> </table>,127565,../data/cds-docs/2022-2023/127565.pdf,2022-2023
F,1,F1,"Percentages of first-time, first-year degree-seeking students and degree-seeking","[[{0: '', 1: '', 2: '', 3: 'First-time, first\ufffe\nyear students', 4: 'Undergraduate\ns'}, {0: 'Percent who are from out of state (exclude\ninternational/nonresidents from the numerator and\ndenominator)', 1: 'Percent who are from out of state (exclude\ninternational/nonresidents from the numerator and\ndenominator)', 2: 'Percent who are from out of state (exclude\ninternational/nonresidents from the numerator and\ndenominator)', 3: '5%', 4: '4%'}, {0: 'Percent of men who join fraternities', 1: 'Percent of men who join fraternities', 2: 'Percent of men who join fraternities', 3: '', 4: ''}, {0: 'Percent of women who join sororities', 1: 'Percent of women who join sororities', 2: 'Percent of women who join sororities', 3: '', 4: ''}, {0: 'Percent who live in college-owned, -operated, or -\naffiliated housing', 1: 'Percent who live in college-owned, -operated, or -\naffiliated housing', 2: 'Percent who live in college-owned, -operated, or -\naffiliated housing', 3: '', 4: ''}, {0: 'Percent who live off campus or commute', 1: 'Percent who live off campus or commute', 2: 'Percent who live off campus or commute', 3: '100%', 4: '100%'}, {0: 'Percent of students age 25 and older', 1: 'Percent of students age 25 and older', 2: 'Percent of students age 25 and older', 3: '6%', 4: '34%'}, {0: 'Average age of full-time students', 1: 'Average age of full-time students', 2: 'Average age of full-time students', 3: '19', 4: '23'}, {0: 'Average', 1: 'age', 2: 'of all students (full- and part-time)', 3: '19', 4: '25'}]]","<table> <tr> <td colspan=""3""> </td> <td> First-time, first￾ <br/> year students </td> <td> Undergraduate <br/> s </td> </tr> <tr> <td colspan=""3""> Percent who are from out of state (exclude <br/> international/nonresidents from the numerator and <br/> denominator) </td> <td> 5% </td> <td> 4% </td> </tr> <tr> <td colspan=""3""> Percent of men who join fraternities </td> <td> </td> <td> </td> </tr> <tr> <td colspan=""3""> Percent of women who join sororities </td> <td> </td> <td> </td> </tr> <tr> <td colspan=""3""> Percent who live in college-owned, -operated, or - <br/> affiliated housing </td> <td> </td> <td> </td> </tr> <tr> <td colspan=""3""> Percent who live off campus or commute </td> <td> 100% </td> <td> 100% </td> </tr> <tr> <td colspan=""3""> Percent of students age 25 and older </td> <td> 6% </td> <td> 34% </td> </tr> <tr> <td colspan=""3""> Average age of full-time students </td> <td> 19 </td> <td> 23 </td> </tr> <tr> <td> Average </td> <td> age </td> <td> of all students (full- and part-time) </td> <td> 19 </td> <td> 25 </td> </tr> </table>",127565,../data/cds-docs/2022-2023/127565.pdf,2022-2023
F,3,F3,ROTC (program offered in cooperation with Reserve Officers' Training Corps),"[[{0: '', 1: 'Marine Option\n(for Naval ROTC)', 2: 'On Campus', 3: 'At Cooperating Institution', 4: 'Name of\nCooperating\nInstitution'}, {0: 'Army ROTC is offered:', 1: '', 2: '', 3: 'x', 4: ''}, {0: 'Naval ROTC is offered:', 1: '', 2: '', 3: '', 4: ''}, {0: 'Air Force ROTC is offered:', 1: '', 2: '', 3: 'x', 4: ''}]]",<table> <tr> <td> </td> <td> Marine Option <br/> (for Naval ROTC) </td> <td> On Campus </td> <td> At Cooperating Institution </td> <td> Name of <br/> Cooperating <br/> Institution </td> </tr> <tr> <td> Army ROTC is offered: </td> <td> </td> <td> </td> <td> x </td> <td> </td> </tr> <tr> <td> Naval ROTC is offered: </td> <td> </td> <td> </td> <td> </td> <td> </td> </tr> <tr> <td> Air Force ROTC is offered: </td> <td> </td> <td> </td> <td> x </td> <td> </td> </tr> </table>,127565,../data/cds-docs/2022-2023/127565.pdf,2022-2023
G,1,G1,"Undergraduate full-time tuition, required fees, room and board","[[{0: '', 1: 'First-Year', 2: 'Undergraduates'}, {0: 'PRIVATE INSTITUTIONS', 1: '', 2: ''}, {0: 'Tuition:', 1: '', 2: ''}, {0: 'PUBLIC INSTITUTIONS', 1: '', 2: ''}, {0: 'Tuition: In-district', 1: '$8,783', 2: '$8,445'}, {0: 'Tuition: In-state (out-of-district):', 1: '$8,783', 2: '$8,445'}, {0: 'Tuition: Out-of-state:', 1: '$27,723', 2: '$26,278'}, {0: 'Tuition: Non-resident', 1: '$27,723', 2: '$26,278'}, {0: 'FOR ALL INSTITUTIONS', 1: 'FOR ALL INSTITUTIONS', 2: 'FOR ALL INSTITUTIONS'}, {0: 'Required Fees', 1: '$1,907', 2: '$1,907'}, {0: 'Room and Board (on-campus):', 1: '', 2: ''}, {0: 'Room Only (on-campus):', 1: '', 2: ''}, {0: 'Board Only (on-campus meal plan):', 1: '', 2: ''}]]","<table> <tr> <td> </td> <td> First-Year </td> <td> Undergraduates </td> </tr> <tr> <td> PRIVATE INSTITUTIONS </td> <td> </td> <td> </td> </tr> <tr> <td> Tuition: </td> <td> </td> <td> </td> </tr> <tr> <td> PUBLIC INSTITUTIONS </td> <td> </td> <td> </td> </tr> <tr> <td> Tuition: In-district </td> <td> $8,783 </td> <td> $8,445 </td> </tr> <tr> <td> Tuition: In-state (out-of-district): </td> <td> $8,783 </td> <td> $8,445 </td> </tr> <tr> <td> Tuition: Out-of-state: </td> <td> $27,723 </td> <td> $26,278 </td> </tr> <tr> <td> Tuition: Non-resident </td> <td> $27,723 </td> <td> $26,278 </td> </tr> <tr> <td colspan=""3""> FOR ALL INSTITUTIONS </td> </tr> <tr> <td> Required Fees </td> <td> $1,907 </td> <td> $1,907 </td> </tr> <tr> <td> Room and Board (on-campus): </td> <td> </td> <td> </td> </tr> <tr> <td> Room Only (on-campus): </td> <td> </td> <td> </td> </tr> <tr> <td> Board Only (on-campus meal plan): </td> <td> </td> <td> </td> </tr> </table>",127565,../data/cds-docs/2022-2023/127565.pdf,2022-2023
G,5,G5,Provide the estimated expenses for a typical full-time undergraduate student:,"[[{0: '', 1: 'Residents', 2: 'Commuters', 3: 'Commuters'}, {0: 'Books and supplies:', 1: '$1,460', 2: '$1,460', 3: '$1,460'}, {0: 'Room only:', 1: '', 2: '', 3: '$10,485'}, {0: 'Board only:', 1: '', 2: '$2,322', 3: '$4,194'}, {0: 'Room and board total*', 1: '', 2: '', 3: '$14,680'}, {0: 'Transportation:', 1: '$1,665', 2: '$1,665', 3: '$1,665'}, {0: 'Other expenses:', 1: '$1,440', 2: '$1,611', 3: '$1,611'}]]","<table> <tr> <td> </td> <td> Residents </td> <td> Commuters </td> <td> Commuters </td> </tr> <tr> <td> Books and supplies: </td> <td> $1,460 </td> <td> $1,460 </td> <td> $1,460 </td> </tr> <tr> <td> Room only: </td> <td> </td> <td> </td> <td> $10,485 </td> </tr> <tr> <td> Board only: </td> <td> </td> <td> $2,322 </td> <td> $4,194 </td> </tr> <tr> <td> Room and board total* </td> <td> </td> <td> </td> <td> $14,680 </td> </tr> <tr> <td> Transportation: </td> <td> $1,665 </td> <td> $1,665 </td> <td> $1,665 </td> </tr> <tr> <td> Other expenses: </td> <td> $1,440 </td> <td> $1,611 </td> <td> $1,611 </td> </tr> </table>",127565,../data/cds-docs/2022-2023/127565.pdf,2022-2023
G,6,G6,Undergraduate per-credit-hour charges (tuition only):,"[[{0: 'PRIVATE INSTITUTIONS:', 1: ''}, {0: 'PUBLIC INSTITUTIONS:', 1: ''}, {0: 'In-district:', 1: '$281.50'}, {0: 'In-state (out-of-district):', 1: '$281.50'}, {0: 'Out-of-state:', 1: '$875.90'}, {0: 'NONRESIDENTS:', 1: '$875.90'}]]",<table> <tr> <td> PRIVATE INSTITUTIONS: </td> <td> </td> </tr> <tr> <td> PUBLIC INSTITUTIONS: </td> <td> </td> </tr> <tr> <td> In-district: </td> <td> $281.50 </td> </tr> <tr> <td> In-state (out-of-district): </td> <td> $281.50 </td> </tr> <tr> <td> Out-of-state: </td> <td> $875.90 </td> </tr> <tr> <td> NONRESIDENTS: </td> <td> $875.90 </td> </tr> </table>,127565,../data/cds-docs/2022-2023/127565.pdf,2022-2023
H,2,H2,", A, and H6 below:","[[{0: '', 1: 'Need-based', 2: 'Non-need\ufffe'}, {0: 'Scholarships/Grants', 1: '', 2: ''}, {0: 'Federal', 1: '$25,838,350', 2: '$0'}, {0: 'State all states, not only the state in which your institution is located', 1: '$21,682,773', 2: '$117,368'}, {0: 'Institutional: Endowed scholarships, annual gifts and tuition funded\ngrants, awarded by the college, excluding athletic aid and tuition\nwaivers (which are reported below).', 1: '$5,719,605', 2: '$3,192,611'}, {0: 'Scholarships/grants from external sources (e.g. Kiwanis, National\nMerit) not awarded by the college', 1: '$2,275,038', 2: '$2,207,052'}, {0: 'Total Scholarships/Grants', 1: '$55,515,766', 2: '$5,517,031'}, {0: 'Self-Help', 1: '', 2: ''}, {0: 'Student loans from all sources (excluding parent loans)', 1: '$37,872,411', 2: '$7,456,134'}, {0: 'Federal Work-Study', 1: '$956,968', 2: ''}, {0: 'State and other (e.g., institutional) work-study/employment (Note:\nExcludes Federal Work-Study captured above.)', 1: '$2,957,288', 2: '$494,477'}, {0: 'Total Self-Help', 1: '$41,786,667', 2: '$7,950,611'}, {0: 'Parent Loans', 1: '$1,524,477', 2: '$873,571'}, {0: 'Tuition Waivers\nNote: Reporting is optional. Report tuition waivers in this row if you\nchoose to report them. Do not report tuition waivers elsewhere.', 1: '$0', 2: '$0'}, {0: 'Athletic Awards', 1: '$829,542', 2: '$1,427,265'}], [{0: '', 1: '', 2: 'Full-time\nFirst-time\nFirst-year', 3: 'Full-time\nUndergrad\n(Incl. Fresh)', 4: 'Less Than\nFull-time\nUndergrad'}, {0: 'A', 1: 'Number of degree-seeking undergraduate students\n(CDS Item B1 if reporting on Fall 2022 cohort)', 2: '1519', 3: '9800', 4: '5901'}, {0: 'B', 1: 'Number of students in line a who applied for need-based\nfinancial aid', 2: '1280', 3: '7626', 4: '3904'}, {0: 'C', 1: 'Number of students in line b who were determined to\nhave financial need', 2: '1030', 3: '6541', 4: '3420'}, {0: 'D', 1: 'Number of students in line c who were awarded any\nfinancial aid', 2: '1030', 3: '6529', 4: '3407'}, {0: 'E', 1: 'Number of students in line d who were awarded any\nneed-based scholarship or grant aid', 2: '1030', 3: '6528', 4: '3402'}, {0: 'F', 1: 'Number of students in line d who were awarded any\nneed-based self-help aid', 2: '417', 3: '3495', 4: '1799'}, {0: 'G', 1: 'Number of students in line d who were awarded any non\ufffe\nneed-based scholarship or grant aid', 2: '69', 3: '388', 4: '131'}, {0: 'H', 1: 'Number of students in line d whose need was fully met\n(exclude PLUS loans, unsubsidized loans, and private\nalternative loans)', 2: '46', 3: '399', 4: '82'}], [{0: '', 1: '', 2: 'Full-time\nFirst-time\nFirst-year', 3: 'Full-time\nUndergrad\n(Incl. Fresh.)', 4: 'Less Than\nFull-time\nUndergrad'}, {0: 'N', 1: 'Number of students in line a who had no financial need\nand who were awarded institutional non-need-based\nscholarship or grant aid (exclude those who were\nawarded athletic awards and tuition benefits)', 2: '95', 3: '474', 4: '167'}, {0: 'O', 1: 'Average dollar amount of institutional non-need-based\nscholarship and grant aid awarded to students in line n', 2: '$ 2,653', 3: '$ 2,438', 4: '$ 1,692'}, {0: 'P', 1: 'Number of students in line a who were awarded an\ninstitutional non-need-based athletic scholarship or grant', 2: '0', 3: '2', 4: '1'}, {0: 'Q', 1: 'Average dollar amount of institutional non-need-based\nathletic scholarships and grants awarded to students in\nline p', 2: '$ 0', 3: '$ 3,500', 4: '$ 250'}]]","<table> <tr> <td> </td> <td> Need-based </td> <td> Non-need￾ </td> </tr> <tr> <td> Scholarships/Grants </td> <td> </td> <td> </td> </tr> <tr> <td> Federal </td> <td> $25,838,350 </td> <td> $0 </td> </tr> <tr> <td> State all states, not only the state in which your institution is located </td> <td> $21,682,773 </td> <td> $117,368 </td> </tr> <tr> <td> Institutional: Endowed scholarships, annual gifts and tuition funded <br/> grants, awarded by the college, excluding athletic aid and tuition <br/> waivers (which are reported below). </td> <td> $5,719,605 </td> <td> $3,192,611 </td> </tr> <tr> <td> Scholarships/grants from external sources (e.g. Kiwanis, National <br/> Merit) not awarded by the college </td> <td> $2,275,038 </td> <td> $2,207,052 </td> </tr> <tr> <td> Total Scholarships/Grants </td> <td> $55,515,766 </td> <td> $5,517,031 </td> </tr> <tr> <td> Self-Help </td> <td> </td> <td> </td> </tr> <tr> <td> Student loans from all sources (excluding parent loans) </td> <td> $37,872,411 </td> <td> $7,456,134 </td> </tr> <tr> <td> Federal Work-Study </td> <td> $956,968 </td> <td> </td> </tr> <tr> <td> State and other (e.g., institutional) work-study/employment (Note: <br/> Excludes Federal Work-Study captured above.) </td> <td> $2,957,288 </td> <td> $494,477 </td> </tr> <tr> <td> Total Self-Help </td> <td> $41,786,667 </td> <td> $7,950,611 </td> </tr> <tr> <td> Parent Loans </td> <td> $1,524,477 </td> <td> $873,571 </td> </tr> <tr> <td> Tuition Waivers <br/> Note: Reporting is optional. Report tuition waivers in this row if you <br/> choose to report them. Do not report tuition waivers elsewhere. </td> <td> $0 </td> <td> $0 </td> </tr> <tr> <td> Athletic Awards </td> <td> $829,542 </td> <td> $1,427,265 </td> </tr> </table><div class=""separator""></div><table> <tr> <td> </td> <td> </td> <td> Full-time <br/> First-time <br/> First-year </td> <td> Full-time <br/> Undergrad <br/> (Incl. Fresh) </td> <td> Less Than <br/> Full-time <br/> Undergrad </td> </tr> <tr> <td> A </td> <td> Number of degree-seeking undergraduate students <br/> (CDS Item B1 if reporting on Fall 2022 cohort) </td> <td> 1519 </td> <td> 9800 </td> <td> 5901 </td> </tr> <tr> <td> B </td> <td> Number of students in line a who applied for need-based <br/> financial aid </td> <td> 1280 </td> <td> 7626 </td> <td> 3904 </td> </tr> <tr> <td> C </td> <td> Number of students in line b who were determined to <br/> have financial need </td> <td> 1030 </td> <td> 6541 </td> <td> 3420 </td> </tr> <tr> <td> D </td> <td> Number of students in line c who were awarded any <br/> financial aid </td> <td> 1030 </td> <td> 6529 </td> <td> 3407 </td> </tr> <tr> <td> E </td> <td> Number of students in line d who were awarded any <br/> need-based scholarship or grant aid </td> <td> 1030 </td> <td> 6528 </td> <td> 3402 </td> </tr> <tr> <td> F </td> <td> Number of students in line d who were awarded any <br/> need-based self-help aid </td> <td> 417 </td> <td> 3495 </td> <td> 1799 </td> </tr> <tr> <td> G </td> <td> Number of students in line d who were awarded any non￾ <br/> need-based scholarship or grant aid </td> <td> 69 </td> <td> 388 </td> <td> 131 </td> </tr> <tr> <td> H </td> <td> Number of students in line d whose need was fully met <br/> (exclude PLUS loans, unsubsidized loans, and private <br/> alternative loans) </td> <td> 46 </td> <td> 399 </td> <td> 82 </td> </tr> </table><div class=""separator""></div><table> <tr> <td> </td> <td> </td> <td> Full-time <br/> First-time <br/> First-year </td> <td> Full-time <br/> Undergrad <br/> (Incl. Fresh.) </td> <td> Less Than <br/> Full-time <br/> Undergrad </td> </tr> <tr> <td> N </td> <td> Number of students in line a who had no financial need <br/> and who were awarded institutional non-need-based <br/> scholarship or grant aid (exclude those who were <br/> awarded athletic awards and tuition benefits) </td> <td> 95 </td> <td> 474 </td> <td> 167 </td> </tr> <tr> <td> O </td> <td> Average dollar amount of institutional non-need-based <br/> scholarship and grant aid awarded to students in line n </td> <td> $ 2,653 </td> <td> $ 2,438 </td> <td> $ 1,692 </td> </tr> <tr> <td> P </td> <td> Number of students in line a who were awarded an <br/> institutional non-need-based athletic scholarship or grant </td> <td> 0 </td> <td> 2 </td> <td> 1 </td> </tr> <tr> <td> Q </td> <td> Average dollar amount of institutional non-need-based <br/> athletic scholarships and grants awarded to students in <br/> line p </td> <td> $ 0 </td> <td> $ 3,500 </td> <td> $ 250 </td> </tr> </table>",127565,../data/cds-docs/2022-2023/127565.pdf,2022-2023
H,5,H5,"Number and percent of students in class (defined in H4 above) borrowing from federal, non-federal,","[[{0: 'Source/Type of Loan', 1: 'Source/Type of Loan', 2: 'Number in the\nclass (defined\nin H4 above)\nwho borrowed\nfrom the types\nof loans\nspecified in the\nfirst column', 3: 'Percent of the\nclass (defined\nabove) who\nborrowed from\nthe types of\nloans specified\nin the first\ncolumn\n(nearest 1%)', 4: 'Average per\ufffe\nundergraduate\ufffe\nborrower\ncumulative\nprincipal\nborrowed from\nthe types of\nloans specified\nin the first\ncolumn\n(nearest $1)'}, {0: 'A', 1: 'Any loan program: Federal Perkins, Federal Stafford\nSubsidized and Unsubsidized, institutional, state, private\nloans that your institution is aware of, etc. Include both\nFederal Direct Student Loans and Federal Family\nEducation Loans.', 2: '665', 3: '52.00%', 4: '$23,954'}, {0: 'B', 1: 'Federal loan programs: Federal Perkins, Federal\nStafford Subsidized and Unsubsidized. Include both\nFederal Direct Student Loans and Federal Family\nEducation Loans.', 2: '655', 3: '52.00%', 4: '$24,003'}, {0: 'C', 1: 'Institutional loan programs.', 2: '0', 3: '0.00%', 4: '$0'}, {0: 'D', 1: 'State loan programs.', 2: '0', 3: '0.00%', 4: '$0'}, {0: 'E', 1: 'Private student loans made by a bank or lender.', 2: '0', 3: '0.00%', 4: '$0'}]]","<table> <tr> <td colspan=""2""> Source/Type of Loan </td> <td> Number in the <br/> class (defined <br/> in H4 above) <br/> who borrowed <br/> from the types <br/> of loans <br/> specified in the <br/> first column </td> <td> Percent of the <br/> class (defined <br/> above) who <br/> borrowed from <br/> the types of <br/> loans specified <br/> in the first <br/> column <br/> (nearest 1%) </td> <td> Average per￾ <br/> undergraduate￾ <br/> borrower <br/> cumulative <br/> principal <br/> borrowed from <br/> the types of <br/> loans specified <br/> in the first <br/> column <br/> (nearest $1) </td> </tr> <tr> <td> A </td> <td> Any loan program: Federal Perkins, Federal Stafford <br/> Subsidized and Unsubsidized, institutional, state, private <br/> loans that your institution is aware of, etc. Include both <br/> Federal Direct Student Loans and Federal Family <br/> Education Loans. </td> <td> 665 </td> <td> 52.00% </td> <td> $23,954 </td> </tr> <tr> <td> B </td> <td> Federal loan programs: Federal Perkins, Federal <br/> Stafford Subsidized and Unsubsidized. Include both <br/> Federal Direct Student Loans and Federal Family <br/> Education Loans. </td> <td> 655 </td> <td> 52.00% </td> <td> $24,003 </td> </tr> <tr> <td> C </td> <td> Institutional loan programs. </td> <td> 0 </td> <td> 0.00% </td> <td> $0 </td> </tr> <tr> <td> D </td> <td> State loan programs. </td> <td> 0 </td> <td> 0.00% </td> <td> $0 </td> </tr> <tr> <td> E </td> <td> Private student loans made by a bank or lender. </td> <td> 0 </td> <td> 0.00% </td> <td> $0 </td> </tr> </table>",127565,../data/cds-docs/2022-2023/127565.pdf,2022-2023
H,11,H11,Indicate reply dates:,"[[{0: 'Students must reply by (date):', 1: 'n/a'}, {0: 'or within _______ weeks of notification.', 1: ''}]]",<table> <tr> <td> Students must reply by (date): </td> <td> n/a </td> </tr> <tr> <td> or within _______ weeks of notification. </td> <td> </td> </tr> </table>,127565,../data/cds-docs/2022-2023/127565.pdf,2022-2023
H,14,H14,Check off criteria used in awarding institutional aid. Check all that apply.,"[[{0: '', 1: 'Non-Need Based', 2: 'Need-Based'}, {0: 'Academics', 1: 'x', 2: 'x'}, {0: 'Alumni affiliation', 1: '', 2: ''}, {0: 'Art', 1: 'x', 2: 'x'}, {0: 'Athletics', 1: 'x', 2: 'x'}, {0: 'Job skills', 1: '', 2: ''}, {0: 'ROTC', 1: '', 2: ''}, {0: 'Leadership', 1: 'x', 2: 'x'}, {0: 'Minority status', 1: 'x', 2: 'x'}, {0: 'Music/drama', 1: 'x', 2: 'x'}, {0: 'Religious affiliation', 1: '', 2: ''}, {0: 'State/district residency', 1: 'x', 2: 'x'}]]",<table> <tr> <td> </td> <td> Non-Need Based </td> <td> Need-Based </td> </tr> <tr> <td> Academics </td> <td> x </td> <td> x </td> </tr> <tr> <td> Alumni affiliation </td> <td> </td> <td> </td> </tr> <tr> <td> Art </td> <td> x </td> <td> x </td> </tr> <tr> <td> Athletics </td> <td> x </td> <td> x </td> </tr> <tr> <td> Job skills </td> <td> </td> <td> </td> </tr> <tr> <td> ROTC </td> <td> </td> <td> </td> </tr> <tr> <td> Leadership </td> <td> x </td> <td> x </td> </tr> <tr> <td> Minority status </td> <td> x </td> <td> x </td> </tr> <tr> <td> Music/drama </td> <td> x </td> <td> x </td> </tr> <tr> <td> Religious affiliation </td> <td> </td> <td> </td> </tr> <tr> <td> State/district residency </td> <td> x </td> <td> x </td> </tr> </table>,127565,../data/cds-docs/2022-2023/127565.pdf,2022-2023
J,1,J1,"Degrees conferred between July 1, 2021 and June 30, 2022","[[{0: 'Category', 1: 'Category', 2: 'Category', 3: 'Diploma/Certificates', 4: 'Associate', 5: 'Bachelor’s', 6: 'CIP 2020 Categories\nto Include'}, {0: 'Agriculture', 1: 'Agriculture', 2: 'Agriculture', 3: '', 4: '', 5: '', 6: '01'}, {0: 'Natural resources and conservation', 1: 'Natural resources and conservation', 2: 'Natural resources and conservation', 3: '0.11207', 4: '', 5: '0.008143322', 6: '03'}, {0: 'Architecture', 1: 'Architecture', 2: 'Architecture', 3: '', 4: '', 5: '', 6: '04'}, {0: 'Area, ethnic, and gender studies', 1: 'Area, ethnic, and gender studies', 2: 'Area, ethnic, and gender studies', 3: '', 4: '', 5: '0.004234528', 6: '05'}, {0: 'Communication/journalism', 1: 'Communication/journalism', 2: 'Communication/journalism', 3: '0.11207', 4: '', 5: '0.016286645', 6: '09'}, {0: 'Communication technologies', 1: 'Communication technologies', 2: 'Communication technologies', 3: '', 4: '', 5: '0.001628664', 6: '10'}, {0: 'Computer and information sciences', 1: 'Computer and information sciences', 2: 'Computer and information sciences', 3: '', 4: '', 5: '0.035830619', 6: '11'}, {0: 'Personal and culinary services', 1: 'Personal and culinary services', 2: 'Personal and culinary services', 3: '', 4: '', 5: '', 6: '12'}, {0: 'Education', 1: 'Education', 2: 'Education', 3: '0.00862', 4: '', 5: '0.039413681', 6: '13'}, {0: 'Engineering', 1: 'Engineering', 2: 'Engineering', 3: '0.18103', 4: '', 5: '0.00228013', 6: '14'}, {0: '', 1: 'Engineering technologies', 2: 'Engineering technologies', 3: '', 4: '', 5: '0.035179153', 6: '15'}, {0: 'Foreign languages, literatures, and linguistics', 1: 'Foreign languages, literatures, and linguistics', 2: 'Foreign languages, literatures, and linguistics', 3: '0.22414', 4: '', 5: '0.009771987', 6: '16'}, {0: 'Family and consumer sciences', 1: 'Family and consumer sciences', 2: 'Family and consumer sciences', 3: '', 4: '', 5: '', 6: '19'}, {0: 'Law/legal studies', 1: 'Law/legal studies', 2: 'Law/legal studies', 3: '', 4: '', 5: '', 6: '22'}, {0: 'English', 1: 'English', 2: 'English', 3: '', 4: '', 5: '0.041042345', 6: '23'}, {0: 'Liberal arts/general studies', 1: 'Liberal arts/general studies', 2: 'Liberal arts/general studies', 3: '', 4: '', 5: '', 6: '24'}, {0: 'Library science', 1: 'Library science', 2: 'Library science', 3: '', 4: '', 5: '', 6: '25'}, {0: '', 1: '', 2: 'Biological/life sciences', 3: '', 4: '', 5: '0.063517915', 6: '26'}, {0: 'Mathematics and statistics', 1: 'Mathematics and statistics', 2: 'Mathematics and statistics', 3: '', 4: '', 5: '0.010749186', 6: '27'}, {0: 'Military science and military technologies', 1: 'Military science and military technologies', 2: 'Military science and military technologies', 3: '', 4: '', 5: '', 6: '28 & 29'}, {0: 'Interdisciplinary studies', 1: 'Interdisciplinary studies', 2: 'Interdisciplinary studies', 3: '', 4: '', 5: '0.050814332', 6: '30'}, {0: 'Parks and recreation', 1: 'Parks and recreation', 2: 'Parks and recreation', 3: '0.017241379', 4: '', 5: '0.037459283', 6: '31'}, {0: 'Philosophy and religious studies', 1: 'Philosophy and religious studies', 2: 'Philosophy and religious studies', 3: '', 4: '', 5: '0.003908795', 6: '38'}, {0: 'Theology and religious vocations', 1: 'Theology and religious vocations', 2: 'Theology and religious vocations', 3: '', 4: '', 5: '', 6: '39'}, {0: 'Physical sciences', 1: 'Physical sciences', 2: 'Physical sciences', 3: '', 4: '', 5: '0.013029316', 6: '40'}, {0: 'Science technologies', 1: 'Science technologies', 2: 'Science technologies', 3: '', 4: '', 5: '', 6: '41'}, {0: 'Psychology', 1: 'Psychology', 2: 'Psychology', 3: '', 4: '', 5: '0.091856678', 6: '42'}, {0: 'Homeland Security, law enforcement, firefighting,', 1: 'Homeland Security, law enforcement, firefighting,', 2: 'Homeland Security, law enforcement, firefighting,', 3: '', 4: '', 5: '0.057654723', 6: '43'}, {0: 'Public administration and social services', 1: 'Public administration and social services', 2: 'Public administration and social services', 3: '0.060344828', 4: '', 5: '0.044299674', 6: '44'}, {0: 'Social sciences', 1: 'Social sciences', 2: 'Social sciences', 3: '', 4: '', 5: '0.041693811', 6: '45'}, {0: 'Construction trades', 1: 'Construction trades', 2: 'Construction trades', 3: '', 4: '', 5: '', 6: '46'}, {0: 'Mechanic and repair technologies', 1: 'Mechanic and repair technologies', 2: 'Mechanic and repair technologies', 3: '', 4: '', 5: '', 6: '47'}, {0: 'Precision production', 1: 'Precision production', 2: 'Precision production', 3: '', 4: '', 5: '', 6: '48'}, {0: 'Transportation and materials moving', 1: 'Transportation and materials moving', 2: 'Transportation and materials moving', 3: '0.146551724', 4: '', 5: '0.025407166', 6: '49'}, {0: 'Visual and performing arts', 1: 'Visual and performing arts', 2: 'Visual and performing arts', 3: '', 4: '', 5: '0.04495114', 6: '50'}, {0: 'Health professions and related programs', 1: 'Health professions and related programs', 2: 'Health professions and related programs', 3: '0.017241379', 4: '', 5: '0.076872964', 6: '51'}, {0: 'Business/marketing', 1: 'Business/marketing', 2: 'Business/marketing', 3: '0.120689655', 4: '', 5: '0.220846906', 6: '52'}, {0: 'History', 1: 'History', 2: 'History', 3: '', 4: '', 5: '0.023127036', 6: '54'}, {0: 'Other', 1: 'Other', 2: 'Other', 3: '', 4: '', 5: '', 6: ''}, {0: 'TOTAL (should = 100%)', 1: 'TOTAL (should = 100%)', 2: 'TOTAL (should = 100%)', 3: '100.00%', 4: '0.00%', 5: '100.00%', 6: ''}]]","<table> <tr> <td colspan=""3""> Category </td> <td> Diploma/Certificates </td> <td> Associate </td> <td> Bachelor’s </td> <td> CIP 2020 Categories <br/> to Include </td> </tr> <tr> <td colspan=""3""> Agriculture </td> <td> </td> <td> </td> <td> </td> <td> 01 </td> </tr> <tr> <td colspan=""3""> Natural resources and conservation </td> <td> 0.11207 </td> <td> </td> <td> 0.008143322 </td> <td> 03 </td> </tr> <tr> <td colspan=""3""> Architecture </td> <td> </td> <td> </td> <td> </td> <td> 04 </td> </tr> <tr> <td colspan=""3""> Area, ethnic, and gender studies </td> <td> </td> <td> </td> <td> 0.004234528 </td> <td> 05 </td> </tr> <tr> <td colspan=""3""> Communication/journalism </td> <td> 0.11207 </td> <td> </td> <td> 0.016286645 </td> <td> 09 </td> </tr> <tr> <td colspan=""3""> Communication technologies </td> <td> </td> <td> </td> <td> 0.001628664 </td> <td> 10 </td> </tr> <tr> <td colspan=""3""> Computer and information sciences </td> <td> </td> <td> </td> <td> 0.035830619 </td> <td> 11 </td> </tr> <tr> <td colspan=""3""> Personal and culinary services </td> <td> </td> <td> </td> <td> </td> <td> 12 </td> </tr> <tr> <td colspan=""3""> Education </td> <td> 0.00862 </td> <td> </td> <td> 0.039413681 </td> <td> 13 </td> </tr> <tr> <td colspan=""3""> Engineering </td> <td> 0.18103 </td> <td> </td> <td> 0.00228013 </td> <td> 14 </td> </tr> <tr> <td> </td> <td colspan=""2""> Engineering technologies </td> <td> </td> <td> </td> <td> 0.035179153 </td> <td> 15 </td> </tr> <tr> <td colspan=""3""> Foreign languages, literatures, and linguistics </td> <td> 0.22414 </td> <td> </td> <td> 0.009771987 </td> <td> 16 </td> </tr> <tr> <td colspan=""3""> Family and consumer sciences </td> <td> </td> <td> </td> <td> </td> <td> 19 </td> </tr> <tr> <td colspan=""3""> Law/legal studies </td> <td> </td> <td> </td> <td> </td> <td> 22 </td> </tr> <tr> <td colspan=""3""> English </td> <td> </td> <td> </td> <td> 0.041042345 </td> <td> 23 </td> </tr> <tr> <td colspan=""3""> Liberal arts/general studies </td> <td> </td> <td> </td> <td> </td> <td> 24 </td> </tr> <tr> <td colspan=""3""> Library science </td> <td> </td> <td> </td> <td> </td> <td> 25 </td> </tr> <tr> <td colspan=""2""> </td> <td> Biological/life sciences </td> <td> </td> <td> </td> <td> 0.063517915 </td> <td> 26 </td> </tr> <tr> <td colspan=""3""> Mathematics and statistics </td> <td> </td> <td> </td> <td> 0.010749186 </td> <td> 27 </td> </tr> <tr> <td colspan=""3""> Military science and military technologies </td> <td> </td> <td> </td> <td> </td> <td> 28 &amp; 29 </td> </tr> <tr> <td colspan=""3""> Interdisciplinary studies </td> <td> </td> <td> </td> <td> 0.050814332 </td> <td> 30 </td> </tr> <tr> <td colspan=""3""> Parks and recreation </td> <td> 0.017241379 </td> <td> </td> <td> 0.037459283 </td> <td> 31 </td> </tr> <tr> <td colspan=""3""> Philosophy and religious studies </td> <td> </td> <td> </td> <td> 0.003908795 </td> <td> 38 </td> </tr> <tr> <td colspan=""3""> Theology and religious vocations </td> <td> </td> <td> </td> <td> </td> <td> 39 </td> </tr> <tr> <td colspan=""3""> Physical sciences </td> <td> </td> <td> </td> <td> 0.013029316 </td> <td> 40 </td> </tr> <tr> <td colspan=""3""> Science technologies </td> <td> </td> <td> </td> <td> </td> <td> 41 </td> </tr> <tr> <td colspan=""3""> Psychology </td> <td> </td> <td> </td> <td> 0.091856678 </td> <td> 42 </td> </tr> <tr> <td colspan=""3""> Homeland Security, law enforcement, firefighting, </td> <td> </td> <td> </td> <td> 0.057654723 </td> <td> 43 </td> </tr> <tr> <td colspan=""3""> Public administration and social services </td> <td> 0.060344828 </td> <td> </td> <td> 0.044299674 </td> <td> 44 </td> </tr> <tr> <td colspan=""3""> Social sciences </td> <td> </td> <td> </td> <td> 0.041693811 </td> <td> 45 </td> </tr> <tr> <td colspan=""3""> Construction trades </td> <td> </td> <td> </td> <td> </td> <td> 46 </td> </tr> <tr> <td colspan=""3""> Mechanic and repair technologies </td> <td> </td> <td> </td> <td> </td> <td> 47 </td> </tr> <tr> <td colspan=""3""> Precision production </td> <td> </td> <td> </td> <td> </td> <td> 48 </td> </tr> <tr> <td colspan=""3""> Transportation and materials moving </td> <td> 0.146551724 </td> <td> </td> <td> 0.025407166 </td> <td> 49 </td> </tr> <tr> <td colspan=""3""> Visual and performing arts </td> <td> </td> <td> </td> <td> 0.04495114 </td> <td> 50 </td> </tr> <tr> <td colspan=""3""> Health professions and related programs </td> <td> 0.017241379 </td> <td> </td> <td> 0.076872964 </td> <td> 51 </td> </tr> <tr> <td colspan=""3""> Business/marketing </td> <td> 0.120689655 </td> <td> </td> <td> 0.220846906 </td> <td> 52 </td> </tr> <tr> <td colspan=""3""> History </td> <td> </td> <td> </td> <td> 0.023127036 </td> <td> 54 </td> </tr> <tr> <td colspan=""3""> Other </td> <td> </td> <td> </td> <td> </td> <td> </td> </tr> <tr> <td colspan=""3""> TOTAL (should = 100%) </td> <td> 100.00% </td> <td> 0.00% </td> <td> 100.00% </td> <td> </td> </tr> </table>",127565,../data/cds-docs/2022-2023/127565.pdf,2022-2023
B,1,B1,Institutional Enrollment - Men and Women,"[[{0: '', 1: 'FULL-TIME', 2: 'FULL-TIME', 3: 'PART-TIME', 4: 'PART-TIME'}, {0: '', 1: 'Men\nWomen', 2: 'Men\nWomen', 3: 'Men\nWomen', 4: 'Men\nWomen'}, {0: 'Undergraduates', 1: 'Undergraduates', 2: 'Undergraduates', 3: 'Undergraduates', 4: 'Undergraduates'}, {0: 'Degree-seeking, first-time\nfreshmen', 1: '710', 2: '809', 3: '226', 4: '267'}, {0: 'Other first-year, degree-seeking', 1: '582', 2: '585', 3: '364', 4: '465'}, {0: 'All other degree-seeking', 1: '3,187', 2: '3,927', 3: '1,952', 4: '2,638'}, {0: 'Total degree-seeking', 1: '4,479', 2: '5,321', 3: '2,542', 4: '3,370'}, {0: 'All other undergraduates\nenrolled in credit courses', 1: '19', 2: '32', 3: '246', 4: '506'}, {0: 'Total undergraduates', 1: '4,498', 2: '5,353', 3: '2,788', 4: '3,876'}, {0: 'Graduate', 1: 'Graduate', 2: 'Graduate', 3: 'Graduate', 4: 'Graduate'}, {0: 'Degree-seeking, first-time', 1: '27', 2: '210', 3: '32', 4: '54'}, {0: 'All other degree-seeking', 1: '74', 2: '351', 3: '112', 4: '287'}, {0: 'All other graduates enrolled in\ncredit courses', 1: '0', 2: '2', 3: '6', 4: '8'}, {0: 'Total graduate', 1: '101', 2: '563', 3: '150', 4: '349'}, {0: 'Total all students', 1: '4,599', 2: '5,916', 3: '2,938', 4: '4,225'}]]","<table> <tr> <td rowspan=""2""> </td> <td colspan=""2""> FULL-TIME </td> <td colspan=""2""> PART-TIME </td> </tr> <tr> <td colspan=""2""> Men <br/> Women </td> <td colspan=""2""> Men <br/> Women </td> </tr> <tr> <td colspan=""5""> Undergraduates </td> </tr> <tr> <td> Degree-seeking, first-time <br/> freshmen </td> <td> 710 </td> <td> 809 </td> <td> 226 </td> <td> 267 </td> </tr> <tr> <td> Other first-year, degree-seeking </td> <td> 582 </td> <td> 585 </td> <td> 364 </td> <td> 465 </td> </tr> <tr> <td> All other degree-seeking </td> <td> 3,187 </td> <td> 3,927 </td> <td> 1,952 </td> <td> 2,638 </td> </tr> <tr> <td> Total degree-seeking </td> <td> 4,479 </td> <td> 5,321 </td> <td> 2,542 </td> <td> 3,370 </td> </tr> <tr> <td> All other undergraduates <br/> enrolled in credit courses </td> <td> 19 </td> <td> 32 </td> <td> 246 </td> <td> 506 </td> </tr> <tr> <td> Total undergraduates </td> <td> 4,498 </td> <td> 5,353 </td> <td> 2,788 </td> <td> 3,876 </td> </tr> <tr> <td colspan=""5""> Graduate </td> </tr> <tr> <td> Degree-seeking, first-time </td> <td> 27 </td> <td> 210 </td> <td> 32 </td> <td> 54 </td> </tr> <tr> <td> All other degree-seeking </td> <td> 74 </td> <td> 351 </td> <td> 112 </td> <td> 287 </td> </tr> <tr> <td> All other graduates enrolled in <br/> credit courses </td> <td> 0 </td> <td> 2 </td> <td> 6 </td> <td> 8 </td> </tr> <tr> <td> Total graduate </td> <td> 101 </td> <td> 563 </td> <td> 150 </td> <td> 349 </td> </tr> <tr> <td> Total all students </td> <td> 4,599 </td> <td> 5,916 </td> <td> 2,938 </td> <td> 4,225 </td> </tr> </table>",127565,../data/cds-docs/2021-2022/127565.pdf,2021-2022
B,2,B2,Enrollment by Racial/Ethnic Category.,"[[{0: '', 1: 'Degree-Seeking\nFirst-Time\nFirst Year', 2: 'Degree-Seeking\nUndergraduates\n(include first-time\nfirst-year)', 3: 'Total\nUndergraduates\n(both degree- and\nnon-degree-seeking)'}, {0: 'Nonresident aliens', 1: '14', 2: '104', 3: '105'}, {0: 'Hispanic/Latino', 1: '911', 2: '5,251', 3: '5,528'}, {0: 'Black or African American, non-Hispanic', 1: '144', 2: '1,056', 3: '1,091'}, {0: 'White, non-Hispanic', 1: '719', 2: '7,446', 3: '7,844'}, {0: 'American Indian or Alaska Native, non-Hispanic', 1: '10', 2: '70', 3: '70'}, {0: 'Asian, non-Hispanic', 1: '106', 2: '749', 3: '778'}, {0: 'Native Hawaiian or other Pacific Islander, non\ufffe\nHispanic', 1: '3', 2: '25', 3: '25'}, {0: 'Two or more races, non-Hispanic', 1: '89', 2: '798', 3: '839'}, {0: 'Race and/or ethnicity unknown', 1: '16', 2: '213', 3: '235'}, {0: 'TOTAL', 1: '2,012', 2: '15,712', 3: '16,515'}]]","<table> <tr> <td> </td> <td> Degree-Seeking <br/> First-Time <br/> First Year </td> <td> Degree-Seeking <br/> Undergraduates <br/> (include first-time <br/> first-year) </td> <td> Total <br/> Undergraduates <br/> (both degree- and <br/> non-degree-seeking) </td> </tr> <tr> <td> Nonresident aliens </td> <td> 14 </td> <td> 104 </td> <td> 105 </td> </tr> <tr> <td> Hispanic/Latino </td> <td> 911 </td> <td> 5,251 </td> <td> 5,528 </td> </tr> <tr> <td> Black or African American, non-Hispanic </td> <td> 144 </td> <td> 1,056 </td> <td> 1,091 </td> </tr> <tr> <td> White, non-Hispanic </td> <td> 719 </td> <td> 7,446 </td> <td> 7,844 </td> </tr> <tr> <td> American Indian or Alaska Native, non-Hispanic </td> <td> 10 </td> <td> 70 </td> <td> 70 </td> </tr> <tr> <td> Asian, non-Hispanic </td> <td> 106 </td> <td> 749 </td> <td> 778 </td> </tr> <tr> <td> Native Hawaiian or other Pacific Islander, non￾ <br/> Hispanic </td> <td> 3 </td> <td> 25 </td> <td> 25 </td> </tr> <tr> <td> Two or more races, non-Hispanic </td> <td> 89 </td> <td> 798 </td> <td> 839 </td> </tr> <tr> <td> Race and/or ethnicity unknown </td> <td> 16 </td> <td> 213 </td> <td> 235 </td> </tr> <tr> <td> TOTAL </td> <td> 2,012 </td> <td> 15,712 </td> <td> 16,515 </td> </tr> </table>",127565,../data/cds-docs/2021-2022/127565.pdf,2021-2022
B,4,B4,-B21: Graduation Rates,"[[{0: '', 1: 'Recipients of a\nFederal Pell Grant', 2: 'Recipients of a\nSubsidized\nStafford Loan who\ndid not receive a\nPell Grant', 3: 'Students who did\nnot receive either a\nPell Grant or a\nsubsidized Stafford\nLoan', 4: 'Total\n(sum of 3 columns to\nthe left)'}, {0: ""Initial 2015 cohort of first-time, full\ufffe\ntime, bachelor's (or equivalent)\ndegree-seeking undergraduate\nstudents"", 1: '653', 2: '191', 3: '765', 4: '1609'}, {0: 'Of the initial 2015 cohort, how many\ndid not persist and did not graduate\nfor the following reasons:\n• Deceased\n• Permanently Disabled\n• Armed Forces\n• Foreign Aid Service of the Federal\nGovernment\n• Official church missions\n• Report Total Allowable Exclusions', 1: '13', 2: '1', 3: '19', 4: '33'}, {0: 'Final 2015 cohort, after adjusting for\nallowable exclusions', 1: '640', 2: '190', 3: '746', 4: '1576'}, {0: 'Of the initial 2015 cohort, how many\ncompleted the program in four years\nor less (by Aug. 31, 2019)', 1: '53', 2: '19', 3: '99', 4: '171'}, {0: 'Of the initial 2015 cohort, how many\ncompleted the program in more than\nfour years but in five years or less\n(after Aug. 31, 2019 and by Aug. 31,\n2020)', 1: '81', 2: '31', 3: '91', 4: '203'}, {0: 'Of the initial 2015 cohort, how many\ncompleted the program in more than\nfive years but in six years or less\n(after Aug. 31, 2020 and by Aug. 31,\n2021)', 1: '35', 2: '12', 3: '48', 4: '95'}, {0: 'Total graduating within six years (sum\nof lines D, E, and F)', 1: '169', 2: '62', 3: '238', 4: '469'}]]","<table> <tr> <td> </td> <td> Recipients of a <br/> Federal Pell Grant </td> <td> Recipients of a <br/> Subsidized <br/> Stafford Loan who <br/> did not receive a <br/> Pell Grant </td> <td> Students who did <br/> not receive either a <br/> Pell Grant or a <br/> subsidized Stafford <br/> Loan </td> <td> Total <br/> (sum of 3 columns to <br/> the left) </td> </tr> <tr> <td> Initial 2015 cohort of first-time, full￾ <br/> time, bachelor's (or equivalent) <br/> degree-seeking undergraduate <br/> students </td> <td> 653 </td> <td> 191 </td> <td> 765 </td> <td> 1609 </td> </tr> <tr> <td> Of the initial 2015 cohort, how many <br/> did not persist and did not graduate <br/> for the following reasons: <br/> • Deceased <br/> • Permanently Disabled <br/> • Armed Forces <br/> • Foreign Aid Service of the Federal <br/> Government <br/> • Official church missions <br/> • Report Total Allowable Exclusions </td> <td> 13 </td> <td> 1 </td> <td> 19 </td> <td> 33 </td> </tr> <tr> <td> Final 2015 cohort, after adjusting for <br/> allowable exclusions </td> <td> 640 </td> <td> 190 </td> <td> 746 </td> <td> 1576 </td> </tr> <tr> <td> Of the initial 2015 cohort, how many <br/> completed the program in four years <br/> or less (by Aug. 31, 2019) </td> <td> 53 </td> <td> 19 </td> <td> 99 </td> <td> 171 </td> </tr> <tr> <td> Of the initial 2015 cohort, how many <br/> completed the program in more than <br/> four years but in five years or less <br/> (after Aug. 31, 2019 and by Aug. 31, <br/> 2020) </td> <td> 81 </td> <td> 31 </td> <td> 91 </td> <td> 203 </td> </tr> <tr> <td> Of the initial 2015 cohort, how many <br/> completed the program in more than <br/> five years but in six years or less <br/> (after Aug. 31, 2020 and by Aug. 31, <br/> 2021) </td> <td> 35 </td> <td> 12 </td> <td> 48 </td> <td> 95 </td> </tr> <tr> <td> Total graduating within six years (sum <br/> of lines D, E, and F) </td> <td> 169 </td> <td> 62 </td> <td> 238 </td> <td> 469 </td> </tr> </table>",127565,../data/cds-docs/2021-2022/127565.pdf,2021-2022
C,1,C1,"First-time, first-year (freshman) students: Provide the number of degree-seeking, first-time, first-year","[[{0: 'Total first-time, first-year (freshman) men who applied', 1: '4503'}, {0: 'Total first-time, first-year (freshman) women who applied', 1: '6796'}], [{0: 'Total first-time, first-year (freshman) men who were admitted', 1: '3918'}, {0: 'Total first-time, first-year (freshman) women who were admitted', 1: '6120'}], [{0: 'Total full-time, first-time, first-year (freshman) men who enrolled', 1: '659'}, {0: 'Total part-time, first-time, first-year (freshman) men who enrolled', 1: '199'}], [{0: 'Total full-time, first-time, first-year (freshman) women who enrolled', 1: '740'}, {0: 'Total part-time, first-time, first-year (freshman) women who enrolled', 1: '230'}], [{0: 'Total first-time, first-year (degree-seeking) who applied', 1: '11299'}, {0: 'Total first-time, first-year (degree-seeking) who were admitted', 1: '10038'}, {0: 'Total first-time, first-year (degree-seeking) who enrolled', 1: '1828'}]]","<table> <tr> <td> Total first-time, first-year (freshman) men who applied </td> <td> 4503 </td> </tr> <tr> <td> Total first-time, first-year (freshman) women who applied </td> <td> 6796 </td> </tr> </table><div class=""separator""></div><table> <tr> <td> Total first-time, first-year (freshman) men who were admitted </td> <td> 3918 </td> </tr> <tr> <td> Total first-time, first-year (freshman) women who were admitted </td> <td> 6120 </td> </tr> </table><div class=""separator""></div><table> <tr> <td> Total full-time, first-time, first-year (freshman) men who enrolled </td> <td> 659 </td> </tr> <tr> <td> Total part-time, first-time, first-year (freshman) men who enrolled </td> <td> 199 </td> </tr> </table><div class=""separator""></div><table> <tr> <td> Total full-time, first-time, first-year (freshman) women who enrolled </td> <td> 740 </td> </tr> <tr> <td> Total part-time, first-time, first-year (freshman) women who enrolled </td> <td> 230 </td> </tr> </table><div class=""separator""></div><table> <tr> <td> Total first-time, first-year (degree-seeking) who applied </td> <td> 11299 </td> </tr> <tr> <td> Total first-time, first-year (degree-seeking) who were admitted </td> <td> 10038 </td> </tr> <tr> <td> Total first-time, first-year (degree-seeking) who enrolled </td> <td> 1828 </td> </tr> </table>",127565,../data/cds-docs/2021-2022/127565.pdf,2021-2022
C,2,C2,Freshman wait-listed students,"[[{0: 'WAITING LIST', 1: 'TOTAL'}, {0: 'Number of qualified applicants offered a place on waiting list:', 1: ''}, {0: 'Number accepting a place on the waiting list:', 1: ''}, {0: 'Number of wait-listed students admitted:', 1: ''}]]",<table> <tr> <td> WAITING LIST </td> <td> TOTAL </td> </tr> <tr> <td> Number of qualified applicants offered a place on waiting list: </td> <td> </td> </tr> <tr> <td> Number accepting a place on the waiting list: </td> <td> </td> </tr> <tr> <td> Number of wait-listed students admitted: </td> <td> </td> </tr> </table>,127565,../data/cds-docs/2021-2022/127565.pdf,2021-2022
C,5,C5,Distribution of high school units required and/or recommended. Specify the distribution of academic,"[[{0: '', 1: 'Required Units', 2: 'Units\nRecommended'}, {0: 'Total academic units', 1: '', 2: '17'}, {0: 'English', 1: '', 2: '4'}, {0: 'Mathematics', 1: '', 2: '4'}, {0: 'Science', 1: '', 2: '3'}, {0: 'Of these, units that must be\nlab', 1: '', 2: '2'}, {0: 'Foreign language', 1: '', 2: '1'}, {0: 'Social studies', 1: '', 2: '3'}, {0: 'History', 1: '', 2: ''}, {0: 'Academic electives', 1: '', 2: '2'}, {0: 'Computer Science', 1: '', 2: ''}, {0: 'Visual/Performing Arts', 1: '', 2: ''}, {0: 'Other (specify)', 1: '', 2: ''}]]","<table> <tr> <td> </td> <td> Required Units </td> <td> Units <br/> Recommended </td> </tr> <tr> <td> Total academic units </td> <td> </td> <td> 17 </td> </tr> <tr> <td> English </td> <td> </td> <td> 4 </td> </tr> <tr> <td> Mathematics </td> <td> </td> <td> 4 </td> </tr> <tr> <td> Science </td> <td> </td> <td> 3 </td> </tr> <tr> <td> Of these, units that must be <br/> lab </td> <td> </td> <td> 2 </td> </tr> <tr> <td> Foreign language </td> <td> </td> <td> 1 </td> </tr> <tr> <td> Social studies </td> <td> </td> <td> 3 </td> </tr> <tr> <td> History </td> <td> </td> <td> </td> </tr> <tr> <td> Academic electives </td> <td> </td> <td> 2 </td> </tr> <tr> <td> Computer Science </td> <td> </td> <td> </td> </tr> <tr> <td> Visual/Performing Arts </td> <td> </td> <td> </td> </tr> <tr> <td> Other (specify) </td> <td> </td> <td> </td> </tr> </table>",127565,../data/cds-docs/2021-2022/127565.pdf,2021-2022
C,9,C9,"Percent and number of first-time, first-year (freshman) students enrolled in Fall 2021 who submitted","[[{0: '32%', 1: '581'}, {0: '8%', 1: '153'}], [{0: 'Assessment', 1: '25th Percentile', 2: '75th Percentile'}, {0: 'SAT Composite', 1: '910', 2: '1130'}, {0: 'SAT Evidence-Based Reading and\nWriting', 1: '460', 2: '580'}, {0: 'SAT Math', 1: '450', 2: '560'}, {0: 'ACT Composite', 1: '18', 2: '24'}, {0: 'ACT Math', 1: '16', 2: '24'}, {0: 'ACT English', 1: '17', 2: '23'}, {0: 'ACT Writing', 1: '', 2: ''}], [{0: 'Score Range', 1: 'SAT Evidence\ufffe\nBased Reading\nand Writing', 2: 'SAT Math'}, {0: '700-800', 1: '1.72%', 2: '1.89%'}, {0: '600-699', 1: '19.79%', 2: '10.85%'}, {0: '500-599', 1: '38.21%', 2: '44.75%'}, {0: '400-499', 1: '32.36%', 2: '31.15%'}, {0: '300-399', 1: '7.92%', 2: '11.36%'}, {0: '200-299', 1: '0.00%', 2: '0.00%'}, {0: 'Totals should = 100%', 1: '100.00%', 2: '100.00%'}]]","<table> <tr> <td> 32% </td> <td> 581 </td> </tr> <tr> <td> 8% </td> <td> 153 </td> </tr> </table><div class=""separator""></div><table> <tr> <td> Assessment </td> <td> 25th Percentile </td> <td> 75th Percentile </td> </tr> <tr> <td> SAT Composite </td> <td> 910 </td> <td> 1130 </td> </tr> <tr> <td> SAT Evidence-Based Reading and <br/> Writing </td> <td> 460 </td> <td> 580 </td> </tr> <tr> <td> SAT Math </td> <td> 450 </td> <td> 560 </td> </tr> <tr> <td> ACT Composite </td> <td> 18 </td> <td> 24 </td> </tr> <tr> <td> ACT Math </td> <td> 16 </td> <td> 24 </td> </tr> <tr> <td> ACT English </td> <td> 17 </td> <td> 23 </td> </tr> <tr> <td> ACT Writing </td> <td> </td> <td> </td> </tr> </table><div class=""separator""></div><table> <tr> <td> Score Range </td> <td> SAT Evidence￾ <br/> Based Reading <br/> and Writing </td> <td> SAT Math </td> </tr> <tr> <td> 700-800 </td> <td> 1.72% </td> <td> 1.89% </td> </tr> <tr> <td> 600-699 </td> <td> 19.79% </td> <td> 10.85% </td> </tr> <tr> <td> 500-599 </td> <td> 38.21% </td> <td> 44.75% </td> </tr> <tr> <td> 400-499 </td> <td> 32.36% </td> <td> 31.15% </td> </tr> <tr> <td> 300-399 </td> <td> 7.92% </td> <td> 11.36% </td> </tr> <tr> <td> 200-299 </td> <td> 0.00% </td> <td> 0.00% </td> </tr> <tr> <td> Totals should = 100% </td> <td> 100.00% </td> <td> 100.00% </td> </tr> </table>",127565,../data/cds-docs/2021-2022/127565.pdf,2021-2022
C,10,C10,"Percent of all degree-seeking, first-time, first-year (freshman) students who had high school class","[[{0: 'Assessment', 1: 'Percent'}, {0: 'Percent in top tenth of high school graduating class', 1: '3%'}, {0: 'Percent in top quarter of high school graduating class', 1: '14%'}, {0: 'Percent in top half of high school graduating class', 1: '57%'}, {0: 'Percent in bottom half of high school graduating class', 1: '43%'}, {0: 'Percent in bottom quarter of high school graduating class', 1: '14%'}, {0: 'Percent of total first-time, first-year (freshmen) students who submitted', 1: '100'}]]","<table> <tr> <td> Assessment </td> <td> Percent </td> </tr> <tr> <td> Percent in top tenth of high school graduating class </td> <td> 3% </td> </tr> <tr> <td> Percent in top quarter of high school graduating class </td> <td> 14% </td> </tr> <tr> <td> Percent in top half of high school graduating class </td> <td> 57% </td> </tr> <tr> <td> Percent in bottom half of high school graduating class </td> <td> 43% </td> </tr> <tr> <td> Percent in bottom quarter of high school graduating class </td> <td> 14% </td> </tr> <tr> <td> Percent of total first-time, first-year (freshmen) students who submitted </td> <td> 100 </td> </tr> </table>",127565,../data/cds-docs/2021-2022/127565.pdf,2021-2022
C,11,C11,"Percentage of all enrolled, degree-seeking, first-time, first-year (freshman) students who had high","[[{0: 'Score Range', 1: 'Percent'}, {0: 'Percent who had GPA of 4.0', 1: '1.76%'}, {0: 'Percent who had GPA between 3.75 and 3.99', 1: '7.50%'}, {0: 'Percent who had GPA between 3.50 and 3.74', 1: '12.51%'}, {0: 'Percent who had GPA between 3.25 and 3.49', 1: '15.23%'}, {0: 'Percent who had GPA between 3.00 and 3.24', 1: '18.48%'}, {0: 'Percent who had GPA between 2.50 and 2.99', 1: '28.14%'}, {0: 'Percent who had GPA between 2.0 and 2.49', 1: '14.67%'}, {0: 'Percent who had GPA between 1.0 and 1.99', 1: '1.71%'}, {0: 'Percent who had GPA below 1.0', 1: '0.00%'}, {0: 'Totals should = 100%', 1: '100.00%'}]]",<table> <tr> <td> Score Range </td> <td> Percent </td> </tr> <tr> <td> Percent who had GPA of 4.0 </td> <td> 1.76% </td> </tr> <tr> <td> Percent who had GPA between 3.75 and 3.99 </td> <td> 7.50% </td> </tr> <tr> <td> Percent who had GPA between 3.50 and 3.74 </td> <td> 12.51% </td> </tr> <tr> <td> Percent who had GPA between 3.25 and 3.49 </td> <td> 15.23% </td> </tr> <tr> <td> Percent who had GPA between 3.00 and 3.24 </td> <td> 18.48% </td> </tr> <tr> <td> Percent who had GPA between 2.50 and 2.99 </td> <td> 28.14% </td> </tr> <tr> <td> Percent who had GPA between 2.0 and 2.49 </td> <td> 14.67% </td> </tr> <tr> <td> Percent who had GPA between 1.0 and 1.99 </td> <td> 1.71% </td> </tr> <tr> <td> Percent who had GPA below 1.0 </td> <td> 0.00% </td> </tr> <tr> <td> Totals should = 100% </td> <td> 100.00% </td> </tr> </table>,127565,../data/cds-docs/2021-2022/127565.pdf,2021-2022
C,14,C14,Application closing date,"[[{0: '', 1: 'Date'}, {0: 'Application closing date (fall)', 1: '7/1'}, {0: 'Priority Date', 1: ''}]]",<table> <tr> <td> </td> <td> Date </td> </tr> <tr> <td> Application closing date (fall) </td> <td> 7/1 </td> </tr> <tr> <td> Priority Date </td> <td> </td> </tr> </table>,127565,../data/cds-docs/2021-2022/127565.pdf,2021-2022
D,2,D2,"Provide the number of students who applied, were admitted, and enrolled as degree-seeking transfer","[[{0: '', 1: 'Applicants', 2: 'Admitted\nApplicants', 3: 'Enrolled\nApplicants'}, {0: 'Men', 1: '1,293', 2: '1,235', 3: '588'}, {0: 'Women', 1: '2,054', 2: '1,985', 3: '839'}, {0: 'Total', 1: '3,347', 2: '3,220', 3: '1,427'}]]","<table> <tr> <td> </td> <td> Applicants </td> <td> Admitted <br/> Applicants </td> <td> Enrolled <br/> Applicants </td> </tr> <tr> <td> Men </td> <td> 1,293 </td> <td> 1,235 </td> <td> 588 </td> </tr> <tr> <td> Women </td> <td> 2,054 </td> <td> 1,985 </td> <td> 839 </td> </tr> <tr> <td> Total </td> <td> 3,347 </td> <td> 3,220 </td> <td> 1,427 </td> </tr> </table>",127565,../data/cds-docs/2021-2022/127565.pdf,2021-2022
D,5,D5,Indicate all items required of transfer students to apply for admission:,"[[{0: '', 1: 'Required of All', 2: 'Recommended\nof All', 3: 'Recommended\nof Some', 4: 'Required Some of', 5: 'Not Required'}, {0: 'High school transcript', 1: '', 2: '', 3: 'X', 4: '', 5: ''}, {0: 'College transcript(s)', 1: 'X', 2: '', 3: '', 4: '', 5: ''}, {0: 'Essay or personal\nstatement', 1: '', 2: '', 3: 'X', 4: '', 5: ''}, {0: 'Interview', 1: '', 2: '', 3: '', 4: '', 5: 'X'}, {0: 'Standardized test scores', 1: '', 2: '', 3: 'X', 4: '', 5: ''}, {0: 'Statement of good\nstanding from prior\ninstitution(s)', 1: '', 2: '', 3: '', 4: '', 5: 'X'}]]",<table> <tr> <td> </td> <td> Required of All </td> <td> Recommended <br/> of All </td> <td> Recommended <br/> of Some </td> <td> Required Some of </td> <td> Not Required </td> </tr> <tr> <td> High school transcript </td> <td> </td> <td> </td> <td> X </td> <td> </td> <td> </td> </tr> <tr> <td> College transcript(s) </td> <td> X </td> <td> </td> <td> </td> <td> </td> <td> </td> </tr> <tr> <td> Essay or personal <br/> statement </td> <td> </td> <td> </td> <td> X </td> <td> </td> <td> </td> </tr> <tr> <td> Interview </td> <td> </td> <td> </td> <td> </td> <td> </td> <td> X </td> </tr> <tr> <td> Standardized test scores </td> <td> </td> <td> </td> <td> X </td> <td> </td> <td> </td> </tr> <tr> <td> Statement of good <br/> standing from prior <br/> institution(s) </td> <td> </td> <td> </td> <td> </td> <td> </td> <td> X </td> </tr> </table>,127565,../data/cds-docs/2021-2022/127565.pdf,2021-2022
D,9,D9,"List application priority, closing, notification, and candidate reply dates for transfer students. If applications","[[{0: '', 1: 'Priority Date', 2: 'Closing Date', 3: 'Notification Date', 4: 'Reply Date', 5: 'Rolling\nAdmission'}, {0: 'Fall', 1: '', 2: '', 3: '', 4: '', 5: 'X'}, {0: 'Winter', 1: '', 2: '', 3: '', 4: '', 5: ''}, {0: 'Spring', 1: '', 2: '', 3: '', 4: '', 5: 'X'}, {0: 'Summer', 1: '', 2: '', 3: '', 4: '', 5: 'X'}]]",<table> <tr> <td> </td> <td> Priority Date </td> <td> Closing Date </td> <td> Notification Date </td> <td> Reply Date </td> <td> Rolling <br/> Admission </td> </tr> <tr> <td> Fall </td> <td> </td> <td> </td> <td> </td> <td> </td> <td> X </td> </tr> <tr> <td> Winter </td> <td> </td> <td> </td> <td> </td> <td> </td> <td> </td> </tr> <tr> <td> Spring </td> <td> </td> <td> </td> <td> </td> <td> </td> <td> X </td> </tr> <tr> <td> Summer </td> <td> </td> <td> </td> <td> </td> <td> </td> <td> X </td> </tr> </table>,127565,../data/cds-docs/2021-2022/127565.pdf,2021-2022
F,1,F1,"Percentages of first-time, first-year (freshman) degree-seeking students and degree-","[[{0: '', 1: 'First-time, first\ufffe\nyear (freshman)\nstudents', 2: 'Undergraduates'}, {0: 'Percent who are from out of state (exclude\ninternational/nonresident aliens from the numerator\nand denominator)', 1: '5%', 2: '4%'}, {0: 'Percent of men who join fraternities', 1: '', 2: ''}, {0: 'Percent of women who join sororities', 1: '', 2: ''}, {0: 'Percent who live in college-owned, -operated, or -\naffiliated housing', 1: '', 2: ''}, {0: 'Percent who live off campus or commute', 1: '100%', 2: '100%'}, {0: 'Percent of students age 25 and older', 1: '5%', 2: '37%'}, {0: 'Average age of full-time students', 1: '19', 2: '23'}, {0: 'Average age of all students (full- and part-time)', 1: '19', 2: '25'}]]","<table> <tr> <td> </td> <td> First-time, first￾ <br/> year (freshman) <br/> students </td> <td> Undergraduates </td> </tr> <tr> <td> Percent who are from out of state (exclude <br/> international/nonresident aliens from the numerator <br/> and denominator) </td> <td> 5% </td> <td> 4% </td> </tr> <tr> <td> Percent of men who join fraternities </td> <td> </td> <td> </td> </tr> <tr> <td> Percent of women who join sororities </td> <td> </td> <td> </td> </tr> <tr> <td> Percent who live in college-owned, -operated, or - <br/> affiliated housing </td> <td> </td> <td> </td> </tr> <tr> <td> Percent who live off campus or commute </td> <td> 100% </td> <td> 100% </td> </tr> <tr> <td> Percent of students age 25 and older </td> <td> 5% </td> <td> 37% </td> </tr> <tr> <td> Average age of full-time students </td> <td> 19 </td> <td> 23 </td> </tr> <tr> <td> Average age of all students (full- and part-time) </td> <td> 19 </td> <td> 25 </td> </tr> </table>",127565,../data/cds-docs/2021-2022/127565.pdf,2021-2022
F,3,F3,ROTC (program offered in cooperation with Reserve Officers' Training Corps),"[[{0: '', 1: 'On Campus', 2: 'At Cooperating\nInstitution', 3: 'Name of Cooperating\nInstitution'}, {0: 'Army ROTC is offered:', 1: '', 2: 'X', 3: ''}, {0: 'Naval ROTC is offered:', 1: '', 2: '', 3: ''}, {0: 'Air Force ROTC is offered:', 1: '', 2: 'X', 3: 'CU Boulder'}]]",<table> <tr> <td> </td> <td> On Campus </td> <td> At Cooperating <br/> Institution </td> <td> Name of Cooperating <br/> Institution </td> </tr> <tr> <td> Army ROTC is offered: </td> <td> </td> <td> X </td> <td> </td> </tr> <tr> <td> Naval ROTC is offered: </td> <td> </td> <td> </td> <td> </td> </tr> <tr> <td> Air Force ROTC is offered: </td> <td> </td> <td> X </td> <td> CU Boulder </td> </tr> </table>,127565,../data/cds-docs/2021-2022/127565.pdf,2021-2022
G,1,G1,"Undergraduate full-time tuition, required fees, room and board","[[{0: '', 1: 'First-Year', 2: 'Undergraduates'}, {0: 'PRIVATE INSTITUTIONS', 1: '', 2: ''}, {0: 'Tuition:', 1: '', 2: ''}, {0: 'PUBLIC INSTITUTIONS', 1: '', 2: ''}, {0: 'Tuition: In-district', 1: '$8,445', 2: '$8,445'}, {0: 'Tuition: In-state (out-of-district):', 1: '$8,445', 2: '$8,445'}, {0: 'Tuition: Out-of-state:', 1: '$26,278', 2: '$26,278'}, {0: 'Tuition: Non-resident alien', 1: '$26,278', 2: '$26,278'}, {0: 'FOR ALL INSTITUTIONS', 1: 'FOR ALL INSTITUTIONS', 2: 'FOR ALL INSTITUTIONS'}, {0: 'Required Fees', 1: '$1,816', 2: '$1,816'}, {0: 'Room and Board (on-campus):', 1: '', 2: ''}, {0: 'Room Only (on-campus):', 1: '', 2: ''}, {0: 'Board Only (on-campus meal plan):', 1: '', 2: ''}]]","<table> <tr> <td> </td> <td> First-Year </td> <td> Undergraduates </td> </tr> <tr> <td> PRIVATE INSTITUTIONS </td> <td> </td> <td> </td> </tr> <tr> <td> Tuition: </td> <td> </td> <td> </td> </tr> <tr> <td> PUBLIC INSTITUTIONS </td> <td> </td> <td> </td> </tr> <tr> <td> Tuition: In-district </td> <td> $8,445 </td> <td> $8,445 </td> </tr> <tr> <td> Tuition: In-state (out-of-district): </td> <td> $8,445 </td> <td> $8,445 </td> </tr> <tr> <td> Tuition: Out-of-state: </td> <td> $26,278 </td> <td> $26,278 </td> </tr> <tr> <td> Tuition: Non-resident alien </td> <td> $26,278 </td> <td> $26,278 </td> </tr> <tr> <td colspan=""3""> FOR ALL INSTITUTIONS </td> </tr> <tr> <td> Required Fees </td> <td> $1,816 </td> <td> $1,816 </td> </tr> <tr> <td> Room and Board (on-campus): </td> <td> </td> <td> </td> </tr> <tr> <td> Room Only (on-campus): </td> <td> </td> <td> </td> </tr> <tr> <td> Board Only (on-campus meal plan): </td> <td> </td> <td> </td> </tr> </table>",127565,../data/cds-docs/2021-2022/127565.pdf,2021-2022
G,5,G5,Provide the estimated expenses for a typical full-time undergraduate student:,"[[{0: '', 1: 'Residents', 2: 'Commuters\n(living at home)', 3: 'Commuters\n(not living at home)'}, {0: 'Books and supplies:', 1: '$1,460', 2: '$1,460', 3: '$1,460'}, {0: 'Room only:', 1: '', 2: '', 3: '$8,120'}, {0: 'Board only:', 1: '', 2: '$2,890', 3: '$5,046'}, {0: 'Room and board total*', 1: '', 2: '', 3: '$13,160'}, {0: 'Transportation:', 1: '$1,850', 2: '$1,850', 3: '$1,850'}, {0: 'Other expenses:', 1: '', 2: '$1,480', 3: '$1,650'}]]","<table> <tr> <td> </td> <td> Residents </td> <td> Commuters <br/> (living at home) </td> <td> Commuters <br/> (not living at home) </td> </tr> <tr> <td> Books and supplies: </td> <td> $1,460 </td> <td> $1,460 </td> <td> $1,460 </td> </tr> <tr> <td> Room only: </td> <td> </td> <td> </td> <td> $8,120 </td> </tr> <tr> <td> Board only: </td> <td> </td> <td> $2,890 </td> <td> $5,046 </td> </tr> <tr> <td> Room and board total* </td> <td> </td> <td> </td> <td> $13,160 </td> </tr> <tr> <td> Transportation: </td> <td> $1,850 </td> <td> $1,850 </td> <td> $1,850 </td> </tr> <tr> <td> Other expenses: </td> <td> </td> <td> $1,480 </td> <td> $1,650 </td> </tr> </table>",127565,../data/cds-docs/2021-2022/127565.pdf,2021-2022
G,6,G6,Undergraduate per-credit-hour charges (tuition only):,"[[{0: 'PRIVATE INSTITUTIONS:', 1: ''}, {0: 'PUBLIC INSTITUTIONS:', 1: ''}, {0: 'In-district:', 1: '$281.50'}, {0: 'In-state (out-of-district):', 1: '$281.50'}, {0: 'Out-of-state:', 1: '$875.90'}, {0: 'NONRESIDENT ALIENS:', 1: '$875.90'}]]",<table> <tr> <td> PRIVATE INSTITUTIONS: </td> <td> </td> </tr> <tr> <td> PUBLIC INSTITUTIONS: </td> <td> </td> </tr> <tr> <td> In-district: </td> <td> $281.50 </td> </tr> <tr> <td> In-state (out-of-district): </td> <td> $281.50 </td> </tr> <tr> <td> Out-of-state: </td> <td> $875.90 </td> </tr> <tr> <td> NONRESIDENT ALIENS: </td> <td> $875.90 </td> </tr> </table>,127565,../data/cds-docs/2021-2022/127565.pdf,2021-2022
H,2,H2,", A, and H6 below:","[[{0: '', 1: 'Need-based\n(Include non\ufffe\nneed-based aid\nuse need.) to meet', 2: 'Non-need\ufffe\nbased\n(Exclude non\ufffe\nneed-based aid\nuse need.) to meet'}, {0: 'Scholarships/Grants', 1: '', 2: ''}, {0: 'Federal', 1: '$29,227,520', 2: '$0'}, {0: 'State all states, not only the state in which your institution is\nlocated', 1: '$19,287,941', 2: '$159,747'}, {0: 'Institutional: Endowed scholarships, annual gifts and tuition\nfunded grants, awarded by the college, excluding athletic aid and\ntuition waivers (which are reported below).', 1: '$5,849,293', 2: '$3,798,639'}, {0: 'Scholarships/grants from external sources (e.g. Kiwanis,\nNational Merit) not awarded by the college', 1: '$1,685,024', 2: '$2,260,735'}, {0: 'Total Scholarships/Grants', 1: '$56,049,778', 2: '$6,219,121'}, {0: 'Self-Help', 1: '', 2: ''}, {0: 'Student loans from all sources (excluding parent loans)', 1: '$65,794,422', 2: '$11,497,146'}, {0: 'Federal Work-Study', 1: '$835,571', 2: ''}, {0: 'State and other (e.g., institutional) work-study/employment (Note:\nExcludes Federal Work-Study captured above.)', 1: '$3,432,588', 2: '$451,193'}, {0: 'Total Self-Help', 1: '$70,062,581', 2: '$11,948,339'}, {0: 'Parent Loans', 1: '$1,744,332', 2: '$941,719'}, {0: 'Tuition Waivers\nNote: Reporting is optional. Report tuition waivers in this row if you\nchoose to report them. Do not report tuition waivers elsewhere.', 1: '$0', 2: '$0'}, {0: 'Athletic Awards', 1: '$1,007,763', 2: '$901,475'}], [{0: '', 1: '', 2: 'First-time Full\ufffe\ntime Freshmen', 3: 'Full-time\nUndergrad\n(Incl. Fresh)', 4: 'Less Full-time Than\nUndergrad'}, {0: 'A', 1: 'Number of degree-seeking undergraduate students\n(CDS Item B1 if reporting on Fall 2021 cohort)', 2: '1675', 3: '11077', 4: '7338'}, {0: 'B', 1: 'Number of students in line a who applied for need-based\nfinancial aid', 2: '1456', 3: '8844', 4: '4509'}, {0: 'C', 1: 'Number of students in line b who were determined to\nhave financial need', 2: '1177', 3: '7554', 4: '3983'}, {0: 'D', 1: 'Number of students in line c who were awarded any\nfinancial aid', 2: '1146', 3: '7304', 4: '3696'}, {0: 'E', 1: 'Number of students in line d who were awarded any\nneed-based scholarship or grant aid', 2: '1006', 3: '6252', 4: '2930'}, {0: 'F', 1: 'Number of students in line d who were awarded any\nneed-based self-help aid', 2: '741', 3: '5797', 4: '2927'}, {0: 'G', 1: 'Number of students in line d who were awarded any non\ufffe\nneed-based scholarship or grant aid', 2: '59', 3: '294', 4: '100'}, {0: 'H', 1: 'Number of students in line d whose need was fully met\n(exclude PLUS loans, unsubsidized loans, and private\nalternative loans)', 2: '50', 3: '418', 4: '124'}], [{0: '', 1: '', 2: 'First-time\nFull-time\nFreshmen', 3: 'Full-time\nUndergrad\n(Incl. Fresh.)', 4: 'Less Full-time Than\nUndergrad'}, {0: 'N', 1: 'Number of students in line a who had no financial need\nand who were awarded institutional non-need-based\nscholarship or grant aid (exclude those who were\nawarded athletic awards and tuition benefits)', 2: '81', 3: '417', 4: '139'}, {0: 'O', 1: 'Average dollar amount of institutional non-need-based\nscholarship and grant aid awarded to students in line n', 2: '$ 4,266', 3: '$ 2,761', 4: '$ 1,586'}, {0: 'P', 1: 'Number of students in line a who were awarded an\ninstitutional non-need-based athletic scholarship or grant', 2: '0', 3: '4', 4: '0'}, {0: 'Q', 1: 'Average dollar amount of institutional non-need-based\nathletic scholarships and grants awarded to students in\nline p', 2: '$ 0', 3: '$ 2,000', 4: '$ 0'}]]","<table> <tr> <td> </td> <td> Need-based <br/> (Include non￾ <br/> need-based aid <br/> use need.) to meet </td> <td> Non-need￾ <br/> based <br/> (Exclude non￾ <br/> need-based aid <br/> use need.) to meet </td> </tr> <tr> <td> Scholarships/Grants </td> <td> </td> <td> </td> </tr> <tr> <td> Federal </td> <td> $29,227,520 </td> <td> $0 </td> </tr> <tr> <td> State all states, not only the state in which your institution is <br/> located </td> <td> $19,287,941 </td> <td> $159,747 </td> </tr> <tr> <td> Institutional: Endowed scholarships, annual gifts and tuition <br/> funded grants, awarded by the college, excluding athletic aid and <br/> tuition waivers (which are reported below). </td> <td> $5,849,293 </td> <td> $3,798,639 </td> </tr> <tr> <td> Scholarships/grants from external sources (e.g. Kiwanis, <br/> National Merit) not awarded by the college </td> <td> $1,685,024 </td> <td> $2,260,735 </td> </tr> <tr> <td> Total Scholarships/Grants </td> <td> $56,049,778 </td> <td> $6,219,121 </td> </tr> <tr> <td> Self-Help </td> <td> </td> <td> </td> </tr> <tr> <td> Student loans from all sources (excluding parent loans) </td> <td> $65,794,422 </td> <td> $11,497,146 </td> </tr> <tr> <td> Federal Work-Study </td> <td> $835,571 </td> <td> </td> </tr> <tr> <td> State and other (e.g., institutional) work-study/employment (Note: <br/> Excludes Federal Work-Study captured above.) </td> <td> $3,432,588 </td> <td> $451,193 </td> </tr> <tr> <td> Total Self-Help </td> <td> $70,062,581 </td> <td> $11,948,339 </td> </tr> <tr> <td> Parent Loans </td> <td> $1,744,332 </td> <td> $941,719 </td> </tr> <tr> <td> Tuition Waivers <br/> Note: Reporting is optional. Report tuition waivers in this row if you <br/> choose to report them. Do not report tuition waivers elsewhere. </td> <td> $0 </td> <td> $0 </td> </tr> <tr> <td> Athletic Awards </td> <td> $1,007,763 </td> <td> $901,475 </td> </tr> </table><div class=""separator""></div><table> <tr> <td> </td> <td> </td> <td> First-time Full￾ <br/> time Freshmen </td> <td> Full-time <br/> Undergrad <br/> (Incl. Fresh) </td> <td> Less Full-time Than <br/> Undergrad </td> </tr> <tr> <td> A </td> <td> Number of degree-seeking undergraduate students <br/> (CDS Item B1 if reporting on Fall 2021 cohort) </td> <td> 1675 </td> <td> 11077 </td> <td> 7338 </td> </tr> <tr> <td> B </td> <td> Number of students in line a who applied for need-based <br/> financial aid </td> <td> 1456 </td> <td> 8844 </td> <td> 4509 </td> </tr> <tr> <td> C </td> <td> Number of students in line b who were determined to <br/> have financial need </td> <td> 1177 </td> <td> 7554 </td> <td> 3983 </td> </tr> <tr> <td> D </td> <td> Number of students in line c who were awarded any <br/> financial aid </td> <td> 1146 </td> <td> 7304 </td> <td> 3696 </td> </tr> <tr> <td> E </td> <td> Number of students in line d who were awarded any <br/> need-based scholarship or grant aid </td> <td> 1006 </td> <td> 6252 </td> <td> 2930 </td> </tr> <tr> <td> F </td> <td> Number of students in line d who were awarded any <br/> need-based self-help aid </td> <td> 741 </td> <td> 5797 </td> <td> 2927 </td> </tr> <tr> <td> G </td> <td> Number of students in line d who were awarded any non￾ <br/> need-based scholarship or grant aid </td> <td> 59 </td> <td> 294 </td> <td> 100 </td> </tr> <tr> <td> H </td> <td> Number of students in line d whose need was fully met <br/> (exclude PLUS loans, unsubsidized loans, and private <br/> alternative loans) </td> <td> 50 </td> <td> 418 </td> <td> 124 </td> </tr> </table><div class=""separator""></div><table> <tr> <td> </td> <td> </td> <td> First-time <br/> Full-time <br/> Freshmen </td> <td> Full-time <br/> Undergrad <br/> (Incl. Fresh.) </td> <td> Less Full-time Than <br/> Undergrad </td> </tr> <tr> <td> N </td> <td> Number of students in line a who had no financial need <br/> and who were awarded institutional non-need-based <br/> scholarship or grant aid (exclude those who were <br/> awarded athletic awards and tuition benefits) </td> <td> 81 </td> <td> 417 </td> <td> 139 </td> </tr> <tr> <td> O </td> <td> Average dollar amount of institutional non-need-based <br/> scholarship and grant aid awarded to students in line n </td> <td> $ 4,266 </td> <td> $ 2,761 </td> <td> $ 1,586 </td> </tr> <tr> <td> P </td> <td> Number of students in line a who were awarded an <br/> institutional non-need-based athletic scholarship or grant </td> <td> 0 </td> <td> 4 </td> <td> 0 </td> </tr> <tr> <td> Q </td> <td> Average dollar amount of institutional non-need-based <br/> athletic scholarships and grants awarded to students in <br/> line p </td> <td> $ 0 </td> <td> $ 2,000 </td> <td> $ 0 </td> </tr> </table>",127565,../data/cds-docs/2021-2022/127565.pdf,2021-2022
H,5,H5,"Number and percent of students in class (defined in H4 above) borrowing from federal, non-federal,","[[{0: 'Source/Type of Loan', 1: 'Source/Type of Loan', 2: 'Number in the\nclass (defined\nin H4 above)\nwho borrowed\nfrom the types\nof loans\nspecified in the\nfirst column', 3: 'Percent of the\nclass (defined\nabove) who\nborrowed from\nthe types of\nloans specified\nin column the first\n(nearest 1%)', 4: 'Average per\ufffe\nundergraduate\ufffe\nborrower\ncumulative\nprincipal\nborrowed from\nthe types of\nloans specified\nin column the first\n(nearest $1)'}, {0: 'A', 1: 'Any loan program: Federal Perkins, Federal Stafford\nSubsidized and Unsubsidized, institutional, state, private\nloans that your institution is aware of, etc. Include both\nFederal Direct Student Loans and Federal Family\nEducation Loans.', 2: '761', 3: '59.00%', 4: '$25,341'}, {0: 'B', 1: 'Federal loan programs: Federal Perkins, Federal\nStafford Subsidized and Unsubsidized. Include both\nFederal Direct Student Loans and Federal Family\nEducation Loans.', 2: '749', 3: '58.00%', 4: '$25,341'}, {0: 'C', 1: 'Institutional loan programs.', 2: '0', 3: '0.00%', 4: '$0'}, {0: 'D', 1: 'State loan programs.', 2: '0', 3: '0.00%', 4: '$0'}, {0: 'E', 1: 'Private student loans made by a bank or lender.', 2: '0', 3: '0.00%', 4: '$0'}]]","<table> <tr> <td colspan=""2""> Source/Type of Loan </td> <td> Number in the <br/> class (defined <br/> in H4 above) <br/> who borrowed <br/> from the types <br/> of loans <br/> specified in the <br/> first column </td> <td> Percent of the <br/> class (defined <br/> above) who <br/> borrowed from <br/> the types of <br/> loans specified <br/> in column the first <br/> (nearest 1%) </td> <td> Average per￾ <br/> undergraduate￾ <br/> borrower <br/> cumulative <br/> principal <br/> borrowed from <br/> the types of <br/> loans specified <br/> in column the first <br/> (nearest $1) </td> </tr> <tr> <td> A </td> <td> Any loan program: Federal Perkins, Federal Stafford <br/> Subsidized and Unsubsidized, institutional, state, private <br/> loans that your institution is aware of, etc. Include both <br/> Federal Direct Student Loans and Federal Family <br/> Education Loans. </td> <td> 761 </td> <td> 59.00% </td> <td> $25,341 </td> </tr> <tr> <td> B </td> <td> Federal loan programs: Federal Perkins, Federal <br/> Stafford Subsidized and Unsubsidized. Include both <br/> Federal Direct Student Loans and Federal Family <br/> Education Loans. </td> <td> 749 </td> <td> 58.00% </td> <td> $25,341 </td> </tr> <tr> <td> C </td> <td> Institutional loan programs. </td> <td> 0 </td> <td> 0.00% </td> <td> $0 </td> </tr> <tr> <td> D </td> <td> State loan programs. </td> <td> 0 </td> <td> 0.00% </td> <td> $0 </td> </tr> <tr> <td> E </td> <td> Private student loans made by a bank or lender. </td> <td> 0 </td> <td> 0.00% </td> <td> $0 </td> </tr> </table>",127565,../data/cds-docs/2021-2022/127565.pdf,2021-2022
J,1,J1,"Degrees conferred between July 1, 2020 and June 30, 2021","[[{0: 'Category', 1: 'Diploma/Certificates', 2: 'Associate', 3: 'Bachelor’s', 4: 'CIP 2020 Categories\nto Include'}, {0: 'Agriculture', 1: '', 2: '', 3: '', 4: '01'}, {0: 'Natural resources and conservation', 1: '0.0546', 2: '', 3: '0.0108', 4: '03'}, {0: 'Architecture', 1: '', 2: '', 3: '', 4: '04'}, {0: 'Area, ethnic, and gender studies', 1: '', 2: '', 3: '0.0051', 4: '05'}, {0: 'Communication/journalism', 1: '0.04546', 2: '', 3: '0.0174', 4: '09'}, {0: 'Communication technologies', 1: '', 2: '', 3: '0.0006', 4: '10'}, {0: 'Computer and information sciences', 1: '0.0637', 2: '', 3: '0.0314', 4: '11'}, {0: 'Personal and culinary services', 1: '', 2: '', 3: '', 4: '12'}, {0: 'Education', 1: '0.01818', 2: '', 3: '0.0457', 4: '13'}, {0: 'Engineering', 1: '0.1273', 2: '', 3: '0.0009', 4: '14'}, {0: 'Engineering technologies', 1: '0.0091', 2: '', 3: '0.0314', 4: '15'}, {0: 'Foreign languages, literatures, and linguistics', 1: '0.1091', 2: '', 3: '0.0076', 4: '16'}, {0: 'Family and consumer sciences', 1: '', 2: '', 3: '', 4: '19'}, {0: 'Law/legal studies', 1: '', 2: '', 3: '', 4: '22'}, {0: 'English', 1: '', 2: '', 3: '0.0438', 4: '23'}, {0: 'Liberal arts/general studies', 1: '', 2: '', 3: '', 4: '24'}, {0: 'Library science', 1: '', 2: '', 3: '', 4: '25'}, {0: 'Biological/life sciences', 1: '', 2: '', 3: '0.0631', 4: '26'}, {0: 'Mathematics and statistics', 1: '', 2: '', 3: '0.0165', 4: '27'}, {0: 'Military science and military technologies', 1: '', 2: '', 3: '', 4: '28 & 29'}, {0: 'Interdisciplinary studies', 1: '0.01818', 2: '', 3: '0.0491', 4: '30'}, {0: 'Parks and recreation', 1: '', 2: '', 3: '0.0406', 4: '31'}, {0: 'Philosophy and religious studies', 1: '', 2: '', 3: '0.0035', 4: '38'}, {0: 'Theology and religious vocations', 1: '', 2: '', 3: '', 4: '39'}, {0: 'Physical sciences', 1: '', 2: '', 3: '0.0117', 4: '40'}, {0: 'Science technologies', 1: '', 2: '', 3: '', 4: '41'}, {0: 'Psychology', 1: '', 2: '', 3: '0.0685', 4: '42'}, {0: 'Homeland Security, law enforcement, firefighting,\nand protective services', 1: '', 2: '', 3: '0.0637', 4: '43'}, {0: 'Public administration and social services', 1: '0.02727', 2: '', 3: '0.0482', 4: '44'}, {0: 'Social sciences', 1: '', 2: '', 3: '0.039', 4: '45'}, {0: 'Construction trades', 1: '', 2: '', 3: '', 4: '46'}, {0: 'Mechanic and repair technologies', 1: '', 2: '', 3: '', 4: '47'}, {0: 'Precision production', 1: '', 2: '', 3: '', 4: '48'}, {0: 'Transportation and materials moving', 1: '0.2455', 2: '', 3: '0.0295', 4: '49'}, {0: 'Visual and performing arts', 1: '', 2: '', 3: '0.0444', 4: '50'}, {0: 'Health professions and related programs', 1: '0.01818', 2: '', 3: '0.0755', 4: '51'}, {0: 'Business/marketing', 1: '0.2634', 2: '', 3: '0.2276', 4: '52'}, {0: 'History', 1: '', 2: '', 3: '0.0244', 4: '54'}, {0: 'Other', 1: '', 2: '', 3: '', 4: ''}, {0: 'TOTAL (should = 100%)', 1: '100.00%', 2: '0.00%', 3: '100.00%', 4: ''}]]","<table> <tr> <td> Category </td> <td> Diploma/Certificates </td> <td> Associate </td> <td> Bachelor’s </td> <td> CIP 2020 Categories <br/> to Include </td> </tr> <tr> <td> Agriculture </td> <td> </td> <td> </td> <td> </td> <td> 01 </td> </tr> <tr> <td> Natural resources and conservation </td> <td> 0.0546 </td> <td> </td> <td> 0.0108 </td> <td> 03 </td> </tr> <tr> <td> Architecture </td> <td> </td> <td> </td> <td> </td> <td> 04 </td> </tr> <tr> <td> Area, ethnic, and gender studies </td> <td> </td> <td> </td> <td> 0.0051 </td> <td> 05 </td> </tr> <tr> <td> Communication/journalism </td> <td> 0.04546 </td> <td> </td> <td> 0.0174 </td> <td> 09 </td> </tr> <tr> <td> Communication technologies </td> <td> </td> <td> </td> <td> 0.0006 </td> <td> 10 </td> </tr> <tr> <td> Computer and information sciences </td> <td> 0.0637 </td> <td> </td> <td> 0.0314 </td> <td> 11 </td> </tr> <tr> <td> Personal and culinary services </td> <td> </td> <td> </td> <td> </td> <td> 12 </td> </tr> <tr> <td> Education </td> <td> 0.01818 </td> <td> </td> <td> 0.0457 </td> <td> 13 </td> </tr> <tr> <td> Engineering </td> <td> 0.1273 </td> <td> </td> <td> 0.0009 </td> <td> 14 </td> </tr> <tr> <td> Engineering technologies </td> <td> 0.0091 </td> <td> </td> <td> 0.0314 </td> <td> 15 </td> </tr> <tr> <td> Foreign languages, literatures, and linguistics </td> <td> 0.1091 </td> <td> </td> <td> 0.0076 </td> <td> 16 </td> </tr> <tr> <td> Family and consumer sciences </td> <td> </td> <td> </td> <td> </td> <td> 19 </td> </tr> <tr> <td> Law/legal studies </td> <td> </td> <td> </td> <td> </td> <td> 22 </td> </tr> <tr> <td> English </td> <td> </td> <td> </td> <td> 0.0438 </td> <td> 23 </td> </tr> <tr> <td> Liberal arts/general studies </td> <td> </td> <td> </td> <td> </td> <td> 24 </td> </tr> <tr> <td> Library science </td> <td> </td> <td> </td> <td> </td> <td> 25 </td> </tr> <tr> <td> Biological/life sciences </td> <td> </td> <td> </td> <td> 0.0631 </td> <td> 26 </td> </tr> <tr> <td> Mathematics and statistics </td> <td> </td> <td> </td> <td> 0.0165 </td> <td> 27 </td> </tr> <tr> <td> Military science and military technologies </td> <td> </td> <td> </td> <td> </td> <td> 28 &amp; 29 </td> </tr> <tr> <td> Interdisciplinary studies </td> <td> 0.01818 </td> <td> </td> <td> 0.0491 </td> <td> 30 </td> </tr> <tr> <td> Parks and recreation </td> <td> </td> <td> </td> <td> 0.0406 </td> <td> 31 </td> </tr> <tr> <td> Philosophy and religious studies </td> <td> </td> <td> </td> <td> 0.0035 </td> <td> 38 </td> </tr> <tr> <td> Theology and religious vocations </td> <td> </td> <td> </td> <td> </td> <td> 39 </td> </tr> <tr> <td> Physical sciences </td> <td> </td> <td> </td> <td> 0.0117 </td> <td> 40 </td> </tr> <tr> <td> Science technologies </td> <td> </td> <td> </td> <td> </td> <td> 41 </td> </tr> <tr> <td> Psychology </td> <td> </td> <td> </td> <td> 0.0685 </td> <td> 42 </td> </tr> <tr> <td> Homeland Security, law enforcement, firefighting, <br/> and protective services </td> <td> </td> <td> </td> <td> 0.0637 </td> <td> 43 </td> </tr> <tr> <td> Public administration and social services </td> <td> 0.02727 </td> <td> </td> <td> 0.0482 </td> <td> 44 </td> </tr> <tr> <td> Social sciences </td> <td> </td> <td> </td> <td> 0.039 </td> <td> 45 </td> </tr> <tr> <td> Construction trades </td> <td> </td> <td> </td> <td> </td> <td> 46 </td> </tr> <tr> <td> Mechanic and repair technologies </td> <td> </td> <td> </td> <td> </td> <td> 47 </td> </tr> <tr> <td> Precision production </td> <td> </td> <td> </td> <td> </td> <td> 48 </td> </tr> <tr> <td> Transportation and materials moving </td> <td> 0.2455 </td> <td> </td> <td> 0.0295 </td> <td> 49 </td> </tr> <tr> <td> Visual and performing arts </td> <td> </td> <td> </td> <td> 0.0444 </td> <td> 50 </td> </tr> <tr> <td> Health professions and related programs </td> <td> 0.01818 </td> <td> </td> <td> 0.0755 </td> <td> 51 </td> </tr> <tr> <td> Business/marketing </td> <td> 0.2634 </td> <td> </td> <td> 0.2276 </td> <td> 52 </td> </tr> <tr> <td> History </td> <td> </td> <td> </td> <td> 0.0244 </td> <td> 54 </td> </tr> <tr> <td> Other </td> <td> </td> <td> </td> <td> </td> <td> </td> </tr> <tr> <td> TOTAL (should = 100%) </td> <td> 100.00% </td> <td> 0.00% </td> <td> 100.00% </td> <td> </td> </tr> </table>",127565,../data/cds-docs/2021-2022/127565.pdf,2021-2022
