section,table_num,table_code,table_title,table_records,table_html,unitid,file,year
B,1,B1,Institutional Enrollment - Men and Women,"[[{0: 'Undergraduate Students: Full-Time', 1: 'Men', 2: 'Women', 3: 'Another Gender', 4: 'Unknown'}, {0: 'Degree-seeking, first-time first-year\nstudents', 1: '611', 2: '849', 3: '0', 4: '0'}, {0: 'Other first-year, degree-seeking', 1: '129', 2: '151', 3: '0', 4: '0'}, {0: 'All other degree-seeking', 1: '1,509', 2: '2,077', 3: '0', 4: '0'}, {0: 'Total degree-seeking', 1: '2,249', 2: '3,077', 3: '0', 4: '0'}, {0: 'All other undergraduates enrolled in credit', 1: '0', 2: '0', 3: '0', 4: '0'}, {0: 'Total undergraduate Full-Time Students', 1: '2,249', 2: '3,077', 3: '0', 4: '0'}], [{0: 'Undergraduate Students: Part-Time', 1: 'Men', 2: 'Women', 3: 'Another Gender', 4: 'Unknown'}, {0: 'Degree-seeking, first-time first-year\nstudents', 1: '0', 2: '1', 3: '0', 4: '0'}, {0: 'Other first-year, degree-seeking', 1: '5', 2: '12', 3: '0', 4: '0'}, {0: 'All other degree-seeking', 1: '12', 2: '17', 3: '0', 4: '0'}, {0: 'Total degree-seeking', 1: '17', 2: '30', 3: '0', 4: '0'}, {0: 'All other undergraduates enrolled in credit', 1: '8', 2: '10', 3: '', 4: ''}, {0: 'Total undergraduate Part-Time Students', 1: '25', 2: '40', 3: '0', 4: '0'}], [{0: 'Undergraduate Students: All', 1: 'Men', 2: 'Women', 3: 'Another Gender', 4: 'Unknown'}, {0: 'Total undergraduate Students', 1: '2,274', 2: '3,117', 3: '0', 4: '0'}], [{0: 'Graduate Students: Full-Time', 1: 'Graduate Students: Full-Time', 2: 'Graduate Students: Full-Time', 3: 'Graduate Students: Full-Time', 4: 'Graduate Students: Full-Time'}, {0: 'Degree-seeking, first-time', 1: '166', 2: '245', 3: '0', 4: '0'}, {0: 'All other degree-seeking', 1: '105', 2: '236', 3: '0', 4: '0'}, {0: 'All other graduates enrolled in credit', 1: '0', 2: '0', 3: '0', 4: '0'}, {0: 'Total graduate Full-Time Students', 1: '271', 2: '481', 3: '0', 4: '0'}], [{0: 'Graduate Students: Part-Time', 1: 'Graduate Students: Part-Time', 2: 'Graduate Students: Part-Time', 3: 'Graduate Students: Part-Time', 4: 'Graduate Students: Part-Time'}, {0: 'Degree-seeking, first-time', 1: '70', 2: '130', 3: '0', 4: '0'}, {0: 'All other degree-seeking', 1: '162', 2: '352', 3: '0', 4: '0'}, {0: 'All other graduates enrolled in credit', 1: '1', 2: '6', 3: '0', 4: '0'}, {0: 'Total graduate Part-Time Students', 1: '233', 2: '488', 3: '0', 4: '0'}], [{0: 'Graduate Students: All', 1: 'Men', 2: 'Women', 3: 'Another Gender', 4: 'Unknown'}, {0: 'Total Graduate Students', 1: '504', 2: '969', 3: '0', 4: '0'}]]","<table> <tr> <td> Undergraduate Students: Full-Time </td> <td> Men </td> <td> Women </td> <td> Another Gender </td> <td> Unknown </td> </tr> <tr> <td> Degree-seeking, first-time first-year <br/> students </td> <td> 611 </td> <td> 849 </td> <td> 0 </td> <td> 0 </td> </tr> <tr> <td> Other first-year, degree-seeking </td> <td> 129 </td> <td> 151 </td> <td> 0 </td> <td> 0 </td> </tr> <tr> <td> All other degree-seeking </td> <td> 1,509 </td> <td> 2,077 </td> <td> 0 </td> <td> 0 </td> </tr> <tr> <td> Total degree-seeking </td> <td> 2,249 </td> <td> 3,077 </td> <td> 0 </td> <td> 0 </td> </tr> <tr> <td> All other undergraduates enrolled in credit </td> <td> 0 </td> <td> 0 </td> <td> 0 </td> <td> 0 </td> </tr> <tr> <td> Total undergraduate Full-Time Students </td> <td> 2,249 </td> <td> 3,077 </td> <td> 0 </td> <td> 0 </td> </tr> </table><div class=""separator""></div><table> <tr> <td> Undergraduate Students: Part-Time </td> <td> Men </td> <td> Women </td> <td> Another Gender </td> <td> Unknown </td> </tr> <tr> <td> Degree-seeking, first-time first-year <br/> students </td> <td> 0 </td> <td> 1 </td> <td> 0 </td> <td> 0 </td> </tr> <tr> <td> Other first-year, degree-seeking </td> <td> 5 </td> <td> 12 </td> <td> 0 </td> <td> 0 </td> </tr> <tr> <td> All other degree-seeking </td> <td> 12 </td> <td> 17 </td> <td> 0 </td> <td> 0 </td> </tr> <tr> <td> Total degree-seeking </td> <td> 17 </td> <td> 30 </td> <td> 0 </td> <td> 0 </td> </tr> <tr> <td> All other undergraduates enrolled in credit </td> <td> 8 </td> <td> 10 </td> <td> </td> <td> </td> </tr> <tr> <td> Total undergraduate Part-Time Students </td> <td> 25 </td> <td> 40 </td> <td> 0 </td> <td> 0 </td> </tr> </table><div class=""separator""></div><table> <tr> <td> Undergraduate Students: All </td> <td> Men </td> <td> Women </td> <td> Another Gender </td> <td> Unknown </td> </tr> <tr> <td> Total undergraduate Students </td> <td> 2,274 </td> <td> 3,117 </td> <td> 0 </td> <td> 0 </td> </tr> </table><div class=""separator""></div><table> <tr> <td colspan=""5""> Graduate Students: Full-Time </td> </tr> <tr> <td> Degree-seeking, first-time </td> <td> 166 </td> <td> 245 </td> <td> 0 </td> <td> 0 </td> </tr> <tr> <td> All other degree-seeking </td> <td> 105 </td> <td> 236 </td> <td> 0 </td> <td> 0 </td> </tr> <tr> <td> All other graduates enrolled in credit </td> <td> 0 </td> <td> 0 </td> <td> 0 </td> <td> 0 </td> </tr> <tr> <td> Total graduate Full-Time Students </td> <td> 271 </td> <td> 481 </td> <td> 0 </td> <td> 0 </td> </tr> </table><div class=""separator""></div><table> <tr> <td colspan=""5""> Graduate Students: Part-Time </td> </tr> <tr> <td> Degree-seeking, first-time </td> <td> 70 </td> <td> 130 </td> <td> 0 </td> <td> 0 </td> </tr> <tr> <td> All other degree-seeking </td> <td> 162 </td> <td> 352 </td> <td> 0 </td> <td> 0 </td> </tr> <tr> <td> All other graduates enrolled in credit </td> <td> 1 </td> <td> 6 </td> <td> 0 </td> <td> 0 </td> </tr> <tr> <td> Total graduate Part-Time Students </td> <td> 233 </td> <td> 488 </td> <td> 0 </td> <td> 0 </td> </tr> </table><div class=""separator""></div><table> <tr> <td> Graduate Students: All </td> <td> Men </td> <td> Women </td> <td> Another Gender </td> <td> Unknown </td> </tr> <tr> <td> Total Graduate Students </td> <td> 504 </td> <td> 969 </td> <td> 0 </td> <td> 0 </td> </tr> </table>",129242,../data/cds-docs/2024-2025/129242.pdf,2024-2025
B,2,B2,Enrollment by Racial/Ethnic Category.,"[[{0: '', 1: 'Degree-Seeking\nFirst-Time\nFirst Year', 2: 'Degree-Seeking\nUndergraduates\n(include first-time first\ufffe\nyear)', 3: 'Total\nUndergraduates\n(both degree & non\ufffe\ndegree-seeking)'}, {0: 'Nonresidents', 1: '18', 2: '104', 3: '104'}, {0: 'Hispanic/Latino', 1: '137', 2: '477', 3: '478'}, {0: 'Black or African American, non-Hispanic', 1: '16', 2: '70', 3: '72'}, {0: 'White, non-Hispanic', 1: '1,172', 2: '4,260', 3: '4,264'}, {0: 'American Indian or Alaska Native, non-Hispanic', 1: '0', 2: '1', 3: '1'}, {0: 'Asian, non-Hispanic', 1: '19', 2: '94', 3: '94'}, {0: 'Native Hawaiian or other Pacific Islander, non-Hispanic', 1: '2', 2: '4', 3: '4'}, {0: 'Two or more races, non-Hispanic', 1: '35', 2: '109', 3: '109'}, {0: 'Race and/or ethnicity unknown', 1: '62', 2: '254', 3: '265'}, {0: 'TOTAL', 1: '1,461', 2: '5,373', 3: '5,391'}]]","<table> <tr> <td> </td> <td> Degree-Seeking <br/> First-Time <br/> First Year </td> <td> Degree-Seeking <br/> Undergraduates <br/> (include first-time first￾ <br/> year) </td> <td> Total <br/> Undergraduates <br/> (both degree &amp; non￾ <br/> degree-seeking) </td> </tr> <tr> <td> Nonresidents </td> <td> 18 </td> <td> 104 </td> <td> 104 </td> </tr> <tr> <td> Hispanic/Latino </td> <td> 137 </td> <td> 477 </td> <td> 478 </td> </tr> <tr> <td> Black or African American, non-Hispanic </td> <td> 16 </td> <td> 70 </td> <td> 72 </td> </tr> <tr> <td> White, non-Hispanic </td> <td> 1,172 </td> <td> 4,260 </td> <td> 4,264 </td> </tr> <tr> <td> American Indian or Alaska Native, non-Hispanic </td> <td> 0 </td> <td> 1 </td> <td> 1 </td> </tr> <tr> <td> Asian, non-Hispanic </td> <td> 19 </td> <td> 94 </td> <td> 94 </td> </tr> <tr> <td> Native Hawaiian or other Pacific Islander, non-Hispanic </td> <td> 2 </td> <td> 4 </td> <td> 4 </td> </tr> <tr> <td> Two or more races, non-Hispanic </td> <td> 35 </td> <td> 109 </td> <td> 109 </td> </tr> <tr> <td> Race and/or ethnicity unknown </td> <td> 62 </td> <td> 254 </td> <td> 265 </td> </tr> <tr> <td> TOTAL </td> <td> 1,461 </td> <td> 5,373 </td> <td> 5,391 </td> </tr> </table>",129242,../data/cds-docs/2024-2025/129242.pdf,2024-2025
B,4,B4,-B21: Graduation Rates,"[[{0: '', 1: 'Recipients of a\nFederal Pell\nGrant', 2: 'Recipients of a\nSubsidized\nStafford Loan\nwho did not\nreceive a Pell\nGrant', 3: 'Students who did\nnot receive either a\nPell Grant or a\nsubsidized Stafford\nLoan', 4: 'Total\n(sum of 3 columns to\nthe left)'}, {0: ""Initial 2018 cohort of first-time, full-time,\nbachelor's (or equivalent) degree-seeking\nundergraduate students"", 1: '112', 2: '255', 3: '723', 4: '1090'}]]","<table> <tr> <td> </td> <td> Recipients of a <br/> Federal Pell <br/> Grant </td> <td> Recipients of a <br/> Subsidized <br/> Stafford Loan <br/> who did not <br/> receive a Pell <br/> Grant </td> <td> Students who did <br/> not receive either a <br/> Pell Grant or a <br/> subsidized Stafford <br/> Loan </td> <td> Total <br/> (sum of 3 columns to <br/> the left) </td> </tr> <tr> <td> Initial 2018 cohort of first-time, full-time, <br/> bachelor's (or equivalent) degree-seeking <br/> undergraduate students </td> <td> 112 </td> <td> 255 </td> <td> 723 </td> <td> 1090 </td> </tr> </table>",129242,../data/cds-docs/2024-2025/129242.pdf,2024-2025
C,1,C1,"First-time, first-year students: Provide the number of degree-seeking, first-time, first-year students who","[[{0: 'First-Time, First-Year Student Applicants', 1: 'First-Time, First-Year Student Applicants', 2: 'Total'}, {0: 'Total first-time, first-year men who applied', 1: 'Total first-time, first-year men who applied', 2: '6977'}, {0: 'Total first-time, first-year', 1: 'women who applied', 2: '11532'}, {0: 'Total first-time, first-year', 1: 'another gender who applied', 2: '0'}, {0: 'Total first-time, first-year', 1: 'unknown gender who applied', 2: '0'}], [{0: 'First-Time, First-Year Student Admits', 1: 'First-Time, First-Year Student Admits', 2: 'Total'}, {0: 'Total first-time, first-year men who were admitted', 1: 'Total first-time, first-year men who were admitted', 2: '2401'}, {0: 'Total first-time, first-year', 1: 'women who were admitted', 2: '3761'}, {0: 'Total first-time, first-year', 1: 'another gender who were admitted', 2: '0'}, {0: 'Total first-time, first-year unknown gender who were admitted', 1: 'Total first-time, first-year unknown gender who were admitted', 2: '0'}], [{0: 'First-Time, First-Year Student Enrollees by Status', 1: 'First-Time, First-Year Student Enrollees by Status', 2: 'Total'}, {0: 'Total full-time, first-time, first-year men who enrolled', 1: 'Total full-time, first-time, first-year men who enrolled', 2: '611'}, {0: 'Total part-time, first-time, first-year men who enrolled', 1: 'Total part-time, first-time, first-year men who enrolled', 2: '0'}, {0: 'Total full-time, first-time, first-year women who enrolled', 1: 'Total full-time, first-time, first-year women who enrolled', 2: '849'}, {0: 'Total part-time, first-time, first-year women who enrolled', 1: 'Total part-time, first-time, first-year women who enrolled', 2: '1'}, {0: 'Total full-time, first-time, first-year another gender who enrolled', 1: 'Total full-time, first-time, first-year another gender who enrolled', 2: '0'}, {0: 'Total part-time, first-time, first-year another gender who enrolled', 1: 'Total part-time, first-time, first-year another gender who enrolled', 2: '0'}, {0: 'Total full-time, first-time, first-year unknown', 1: 'gender who enrolled', 2: '0'}, {0: 'Total part-time, first-time, first-year unknown gender who enrolled', 1: 'Total part-time, first-time, first-year unknown gender who enrolled', 2: '0'}], [{0: 'First-Time, First-Year Student Applicants', 1: 'First-Time, First-Year Student Applicants', 2: 'Total', 3: 'In-State', 4: 'Out-of-State', 5: 'International', 6: 'Unknown'}, {0: 'Total first-time, first-year who applied', 1: 'Total first-time, first-year who applied', 2: '18509', 3: '3021', 4: '14777', 5: '711', 6: '0'}, {0: 'Total first-time, first-year', 1: 'who were admitted', 2: '6162', 3: '719', 4: '5407', 5: '36', 6: '0'}]]","<table> <tr> <td colspan=""2""> First-Time, First-Year Student Applicants </td> <td> Total </td> </tr> <tr> <td colspan=""2""> Total first-time, first-year men who applied </td> <td> 6977 </td> </tr> <tr> <td> Total first-time, first-year </td> <td> women who applied </td> <td> 11532 </td> </tr> <tr> <td> Total first-time, first-year </td> <td> another gender who applied </td> <td> 0 </td> </tr> <tr> <td> Total first-time, first-year </td> <td> unknown gender who applied </td> <td> 0 </td> </tr> </table><div class=""separator""></div><table> <tr> <td colspan=""2""> First-Time, First-Year Student Admits </td> <td> Total </td> </tr> <tr> <td colspan=""2""> Total first-time, first-year men who were admitted </td> <td> 2401 </td> </tr> <tr> <td> Total first-time, first-year </td> <td> women who were admitted </td> <td> 3761 </td> </tr> <tr> <td> Total first-time, first-year </td> <td> another gender who were admitted </td> <td> 0 </td> </tr> <tr> <td colspan=""2""> Total first-time, first-year unknown gender who were admitted </td> <td> 0 </td> </tr> </table><div class=""separator""></div><table> <tr> <td colspan=""2""> First-Time, First-Year Student Enrollees by Status </td> <td> Total </td> </tr> <tr> <td colspan=""2""> Total full-time, first-time, first-year men who enrolled </td> <td> 611 </td> </tr> <tr> <td colspan=""2""> Total part-time, first-time, first-year men who enrolled </td> <td> 0 </td> </tr> <tr> <td colspan=""2""> Total full-time, first-time, first-year women who enrolled </td> <td> 849 </td> </tr> <tr> <td colspan=""2""> Total part-time, first-time, first-year women who enrolled </td> <td> 1 </td> </tr> <tr> <td colspan=""2""> Total full-time, first-time, first-year another gender who enrolled </td> <td> 0 </td> </tr> <tr> <td colspan=""2""> Total part-time, first-time, first-year another gender who enrolled </td> <td> 0 </td> </tr> <tr> <td> Total full-time, first-time, first-year unknown </td> <td> gender who enrolled </td> <td> 0 </td> </tr> <tr> <td colspan=""2""> Total part-time, first-time, first-year unknown gender who enrolled </td> <td> 0 </td> </tr> </table><div class=""separator""></div><table> <tr> <td colspan=""2""> First-Time, First-Year Student Applicants </td> <td> Total </td> <td> In-State </td> <td> Out-of-State </td> <td> International </td> <td> Unknown </td> </tr> <tr> <td colspan=""2""> Total first-time, first-year who applied </td> <td> 18509 </td> <td> 3021 </td> <td> 14777 </td> <td> 711 </td> <td> 0 </td> </tr> <tr> <td> Total first-time, first-year </td> <td> who were admitted </td> <td> 6162 </td> <td> 719 </td> <td> 5407 </td> <td> 36 </td> <td> 0 </td> </tr> </table>",129242,../data/cds-docs/2024-2025/129242.pdf,2024-2025
C,2,C2,"First-time, first-year wait-listed students","[[{0: 'WAITING LIST', 1: 'TOTAL'}, {0: 'Number of qualified applicants offered a place on waiting list:', 1: '8898'}, {0: 'Number accepting a place on the waiting list:', 1: '2477'}, {0: 'Number of wait-listed students admitted:', 1: '22'}]]",<table> <tr> <td> WAITING LIST </td> <td> TOTAL </td> </tr> <tr> <td> Number of qualified applicants offered a place on waiting list: </td> <td> 8898 </td> </tr> <tr> <td> Number accepting a place on the waiting list: </td> <td> 2477 </td> </tr> <tr> <td> Number of wait-listed students admitted: </td> <td> 22 </td> </tr> </table>,129242,../data/cds-docs/2024-2025/129242.pdf,2024-2025
C,5,C5,Distribution of high school units required and/or recommended. Specify the distribution of academic,"[[{0: 'Distribution of high school units', 1: 'Required', 2: 'Recommended'}, {0: 'Total academic units', 1: '16,0', 2: '20'}, {0: 'English', 1: '4.0', 2: '4.0'}, {0: 'Mathematics', 1: '3.0', 2: '4.0'}, {0: 'Science', 1: '3.0', 2: '4.0'}, {0: 'Of these, units that must be\nlab', 1: '2.0', 2: '2.0'}]]","<table> <tr> <td> Distribution of high school units </td> <td> Required </td> <td> Recommended </td> </tr> <tr> <td> Total academic units </td> <td> 16,0 </td> <td> 20 </td> </tr> <tr> <td> English </td> <td> 4.0 </td> <td> 4.0 </td> </tr> <tr> <td> Mathematics </td> <td> 3.0 </td> <td> 4.0 </td> </tr> <tr> <td> Science </td> <td> 3.0 </td> <td> 4.0 </td> </tr> <tr> <td> Of these, units that must be <br/> lab </td> <td> 2.0 </td> <td> 2.0 </td> </tr> </table>",129242,../data/cds-docs/2024-2025/129242.pdf,2024-2025
C,7,C7,"Relative importance of each of the following academic and nonacademic factors in your first-time,","[[{0: 'Academic', 1: 'Very Important', 2: 'Important', 3: 'Considered', 4: 'Not Considered'}, {0: 'Rigor of secondary school record', 1: 'X', 2: '', 3: '', 4: ''}, {0: 'Class rank', 1: '', 2: '', 3: 'X', 4: ''}, {0: 'Academic GPA', 1: 'X', 2: '', 3: '', 4: ''}, {0: 'Standardized test scores', 1: '', 2: '', 3: 'X', 4: ''}, {0: 'Application Essay', 1: 'X', 2: '', 3: '', 4: ''}, {0: 'Recommendation(s)', 1: 'X', 2: '', 3: '', 4: ''}, {0: 'Nonacademic', 1: 'Very Important', 2: 'Important', 3: 'Considered', 4: 'Not Considered'}, {0: 'Interview', 1: '', 2: 'X', 3: '', 4: ''}, {0: 'Extracurricular activities', 1: '', 2: 'X', 3: '', 4: ''}, {0: 'Talent/ability', 1: '', 2: 'X', 3: '', 4: ''}, {0: 'Character/personal qualities', 1: '', 2: 'X', 3: '', 4: ''}, {0: 'First generation', 1: '', 2: 'X', 3: '', 4: ''}, {0: 'Alumni/ae relation', 1: '', 2: '', 3: 'X', 4: ''}, {0: 'Geographical residence', 1: '', 2: '', 3: 'X', 4: ''}, {0: 'State residency', 1: '', 2: '', 3: '', 4: 'X'}, {0: 'Religious affiliation/commitment', 1: '', 2: '', 3: '', 4: 'X'}, {0: 'Volunteer work', 1: '', 2: 'X', 3: '', 4: ''}, {0: 'Work experience', 1: '', 2: 'X', 3: '', 4: ''}, {0: 'Level of applicant’s interest', 1: '', 2: 'X', 3: '', 4: ''}]]",<table> <tr> <td> Academic </td> <td> Very Important </td> <td> Important </td> <td> Considered </td> <td> Not Considered </td> </tr> <tr> <td> Rigor of secondary school record </td> <td> X </td> <td> </td> <td> </td> <td> </td> </tr> <tr> <td> Class rank </td> <td> </td> <td> </td> <td> X </td> <td> </td> </tr> <tr> <td> Academic GPA </td> <td> X </td> <td> </td> <td> </td> <td> </td> </tr> <tr> <td> Standardized test scores </td> <td> </td> <td> </td> <td> X </td> <td> </td> </tr> <tr> <td> Application Essay </td> <td> X </td> <td> </td> <td> </td> <td> </td> </tr> <tr> <td> Recommendation(s) </td> <td> X </td> <td> </td> <td> </td> <td> </td> </tr> <tr> <td> Nonacademic </td> <td> Very Important </td> <td> Important </td> <td> Considered </td> <td> Not Considered </td> </tr> <tr> <td> Interview </td> <td> </td> <td> X </td> <td> </td> <td> </td> </tr> <tr> <td> Extracurricular activities </td> <td> </td> <td> X </td> <td> </td> <td> </td> </tr> <tr> <td> Talent/ability </td> <td> </td> <td> X </td> <td> </td> <td> </td> </tr> <tr> <td> Character/personal qualities </td> <td> </td> <td> X </td> <td> </td> <td> </td> </tr> <tr> <td> First generation </td> <td> </td> <td> X </td> <td> </td> <td> </td> </tr> <tr> <td> Alumni/ae relation </td> <td> </td> <td> </td> <td> X </td> <td> </td> </tr> <tr> <td> Geographical residence </td> <td> </td> <td> </td> <td> X </td> <td> </td> </tr> <tr> <td> State residency </td> <td> </td> <td> </td> <td> </td> <td> X </td> </tr> <tr> <td> Religious affiliation/commitment </td> <td> </td> <td> </td> <td> </td> <td> X </td> </tr> <tr> <td> Volunteer work </td> <td> </td> <td> X </td> <td> </td> <td> </td> </tr> <tr> <td> Work experience </td> <td> </td> <td> X </td> <td> </td> <td> </td> </tr> <tr> <td> Level of applicant’s interest </td> <td> </td> <td> X </td> <td> </td> <td> </td> </tr> </table>,129242,../data/cds-docs/2024-2025/129242.pdf,2024-2025
C,9,C9,"Percent and number of first-time, first-year students enrolled in Fall 2024 who submitted national","[[{0: '14%', 1: '200'}, {0: '5%', 1: '69'}], [{0: 'Assessment', 1: '25th Percentile', 2: '50th Percentile', 3: '75th Percentile'}, {0: 'SAT Composite', 1: '1270', 2: '1310', 3: '1370'}, {0: 'SAT Evidence-Based Reading and', 1: '630', 2: '660', 3: '700'}, {0: 'SAT Math', 1: '630', 2: '660', 3: '690'}, {0: 'ACT Composite', 1: '29', 2: '30', 3: '32'}, {0: 'ACT Math', 1: '', 2: '', 3: ''}, {0: 'ACT English', 1: '', 2: '', 3: ''}]]","<table> <tr> <td> 14% </td> <td> 200 </td> </tr> <tr> <td> 5% </td> <td> 69 </td> </tr> </table><div class=""separator""></div><table> <tr> <td> Assessment </td> <td> 25th Percentile </td> <td> 50th Percentile </td> <td> 75th Percentile </td> </tr> <tr> <td> SAT Composite </td> <td> 1270 </td> <td> 1310 </td> <td> 1370 </td> </tr> <tr> <td> SAT Evidence-Based Reading and </td> <td> 630 </td> <td> 660 </td> <td> 700 </td> </tr> <tr> <td> SAT Math </td> <td> 630 </td> <td> 660 </td> <td> 690 </td> </tr> <tr> <td> ACT Composite </td> <td> 29 </td> <td> 30 </td> <td> 32 </td> </tr> <tr> <td> ACT Math </td> <td> </td> <td> </td> <td> </td> </tr> <tr> <td> ACT English </td> <td> </td> <td> </td> <td> </td> </tr> </table>",129242,../data/cds-docs/2024-2025/129242.pdf,2024-2025
C,10,C10,"Percent of all degree-seeking, first-time, first-year students who had high school class rank within","[[{0: 'Assessment', 1: 'Percent'}, {0: 'Percent in top tenth of high school graduating class', 1: '29%'}, {0: 'Percent in top quarter of high school graduating class', 1: '61%'}, {0: 'Percent in top half of high school graduating class', 1: '91%'}, {0: 'Percent in bottom half of high school graduating class', 1: '9%'}, {0: 'Percent in bottom quarter of high school graduating class', 1: '2%'}, {0: 'Percent of total first-time, first-year students who submitted high school\nclass rank:', 1: '18%'}]]","<table> <tr> <td> Assessment </td> <td> Percent </td> </tr> <tr> <td> Percent in top tenth of high school graduating class </td> <td> 29% </td> </tr> <tr> <td> Percent in top quarter of high school graduating class </td> <td> 61% </td> </tr> <tr> <td> Percent in top half of high school graduating class </td> <td> 91% </td> </tr> <tr> <td> Percent in bottom half of high school graduating class </td> <td> 9% </td> </tr> <tr> <td> Percent in bottom quarter of high school graduating class </td> <td> 2% </td> </tr> <tr> <td> Percent of total first-time, first-year students who submitted high school <br/> class rank: </td> <td> 18% </td> </tr> </table>",129242,../data/cds-docs/2024-2025/129242.pdf,2024-2025
D,2,D2,"Provide the number of students who applied, were admitted, and enrolled as degree-seeking transfer","[[{0: 'Transfer Admission', 1: 'Applicants', 2: 'Admitted', 3: 'Enrolled'}, {0: 'Men', 1: '244', 2: '26', 3: '23'}, {0: 'Women', 1: '273', 2: '24', 3: '18'}, {0: 'Another Gender', 1: '', 2: '', 3: ''}, {0: 'Unknown', 1: '1', 2: '', 3: ''}, {0: 'Total', 1: '518', 2: '50', 3: '41'}]]",<table> <tr> <td> Transfer Admission </td> <td> Applicants </td> <td> Admitted </td> <td> Enrolled </td> </tr> <tr> <td> Men </td> <td> 244 </td> <td> 26 </td> <td> 23 </td> </tr> <tr> <td> Women </td> <td> 273 </td> <td> 24 </td> <td> 18 </td> </tr> <tr> <td> Another Gender </td> <td> </td> <td> </td> <td> </td> </tr> <tr> <td> Unknown </td> <td> 1 </td> <td> </td> <td> </td> </tr> <tr> <td> Total </td> <td> 518 </td> <td> 50 </td> <td> 41 </td> </tr> </table>,129242,../data/cds-docs/2024-2025/129242.pdf,2024-2025
D,9,D9,"List application priority, closing, notification, and candidate reply dates for transfer students. If applications","[[{0: 'Term', 1: 'Priority Date', 2: 'Closing Date', 3: 'Notification Date', 4: 'Reply Date'}, {0: 'Fall', 1: '4/1', 2: '', 3: '', 4: ''}, {0: 'Winter', 1: '', 2: '', 3: '', 4: ''}, {0: 'Spring', 1: '11/15', 2: '', 3: '', 4: ''}, {0: 'Summer', 1: '', 2: '', 3: '', 4: ''}]]",<table> <tr> <td> Term </td> <td> Priority Date </td> <td> Closing Date </td> <td> Notification Date </td> <td> Reply Date </td> </tr> <tr> <td> Fall </td> <td> 4/1 </td> <td> </td> <td> </td> <td> </td> </tr> <tr> <td> Winter </td> <td> </td> <td> </td> <td> </td> <td> </td> </tr> <tr> <td> Spring </td> <td> 11/15 </td> <td> </td> <td> </td> <td> </td> </tr> <tr> <td> Summer </td> <td> </td> <td> </td> <td> </td> <td> </td> </tr> </table>,129242,../data/cds-docs/2024-2025/129242.pdf,2024-2025
F,1,F1,"Percentages of first-time, first-year degree-seeking students and degree-seeking undergraduates enrolled in Fall 2024 who fit the following categories:","[[{0: '', 1: 'First-time, first\ufffe\nyear students', 2: 'Undergraduates'}, {0: 'Percent who are from out of state (exclude\ninternational/nonresidents from the\nnumerator and denominator)', 1: '87%', 2: '83%'}, {0: 'Percent of men who join fraternities', 1: '0%', 2: '0%'}, {0: 'Percent of women who join sororities', 1: '0%', 2: '0%'}, {0: 'Percent who live in college-owned, -\noperated, or -affiliated housing', 1: '98%', 2: '73%'}, {0: 'Percent who live off campus or commute', 1: '2%', 2: '27%'}, {0: 'Percent of students age 25 and older', 1: '0%', 2: '1%'}, {0: 'Average age of full-time students', 1: '18', 2: '20'}, {0: 'Average age of all students (full- and part-', 1: '18', 2: '20'}]]","<table> <tr> <td> </td> <td> First-time, first￾ <br/> year students </td> <td> Undergraduates </td> </tr> <tr> <td> Percent who are from out of state (exclude <br/> international/nonresidents from the <br/> numerator and denominator) </td> <td> 87% </td> <td> 83% </td> </tr> <tr> <td> Percent of men who join fraternities </td> <td> 0% </td> <td> 0% </td> </tr> <tr> <td> Percent of women who join sororities </td> <td> 0% </td> <td> 0% </td> </tr> <tr> <td> Percent who live in college-owned, - <br/> operated, or -affiliated housing </td> <td> 98% </td> <td> 73% </td> </tr> <tr> <td> Percent who live off campus or commute </td> <td> 2% </td> <td> 27% </td> </tr> <tr> <td> Percent of students age 25 and older </td> <td> 0% </td> <td> 1% </td> </tr> <tr> <td> Average age of full-time students </td> <td> 18 </td> <td> 20 </td> </tr> <tr> <td> Average age of all students (full- and part- </td> <td> 18 </td> <td> 20 </td> </tr> </table>",129242,../data/cds-docs/2024-2025/129242.pdf,2024-2025
F,3,F3,ROTC (program offered in cooperation with Reserve Officers' Training Corps),"[[{0: 'Programs', 1: 'Marine Option\n(for Naval ROTC)', 2: 'On Campus', 3: 'At Cooperating\nInstitution', 4: 'Name of\nCooperating\nInstitution'}, {0: 'Army ROTC is offered:', 1: '', 2: '', 3: 'X', 4: 'University of New\nHaven'}, {0: 'Naval ROTC is offered:', 1: '', 2: '', 3: '', 4: ''}]]",<table> <tr> <td> Programs </td> <td> Marine Option <br/> (for Naval ROTC) </td> <td> On Campus </td> <td> At Cooperating <br/> Institution </td> <td> Name of <br/> Cooperating <br/> Institution </td> </tr> <tr> <td> Army ROTC is offered: </td> <td> </td> <td> </td> <td> X </td> <td> University of New <br/> Haven </td> </tr> <tr> <td> Naval ROTC is offered: </td> <td> </td> <td> </td> <td> </td> <td> </td> </tr> </table>,129242,../data/cds-docs/2024-2025/129242.pdf,2024-2025
G,1,G1,"Undergraduate full-time tuition, required fees, food and housing","[[{0: 'PRIVATE INSTITUTIONS', 1: 'First-Year', 2: 'Undergraduates'}, {0: 'Tuition:', 1: '$57,450', 2: '$57,450'}], [{0: 'PUBLIC INSTITUTIONS', 1: 'First-Year', 2: 'Undergraduates'}, {0: 'Tuition: In-district', 1: '', 2: ''}, {0: 'Tuition: In-state (out-of-district):', 1: '', 2: ''}, {0: 'Tuition: Out-of-state:', 1: '', 2: ''}, {0: 'Tuition: Non-resident', 1: '', 2: ''}, {0: 'FOR ALL INSTITUTIONS', 1: 'First-Year', 2: 'Undergraduates'}, {0: 'Required Fees:', 1: '$900', 2: '$900'}, {0: 'Food and housing (on-campus):', 1: '$19,838', 2: '$19,838'}, {0: 'Housing Only (on-campus):', 1: '$12,038', 2: '$12,038'}, {0: 'Food Only (on-campus meal plan):', 1: '$7,800', 2: '$7,800'}]]","<table> <tr> <td> PRIVATE INSTITUTIONS </td> <td> First-Year </td> <td> Undergraduates </td> </tr> <tr> <td> Tuition: </td> <td> $57,450 </td> <td> $57,450 </td> </tr> </table><div class=""separator""></div><table> <tr> <td> PUBLIC INSTITUTIONS </td> <td> First-Year </td> <td> Undergraduates </td> </tr> <tr> <td> Tuition: In-district </td> <td> </td> <td> </td> </tr> <tr> <td> Tuition: In-state (out-of-district): </td> <td> </td> <td> </td> </tr> <tr> <td> Tuition: Out-of-state: </td> <td> </td> <td> </td> </tr> <tr> <td> Tuition: Non-resident </td> <td> </td> <td> </td> </tr> <tr> <td> FOR ALL INSTITUTIONS </td> <td> First-Year </td> <td> Undergraduates </td> </tr> <tr> <td> Required Fees: </td> <td> $900 </td> <td> $900 </td> </tr> <tr> <td> Food and housing (on-campus): </td> <td> $19,838 </td> <td> $19,838 </td> </tr> <tr> <td> Housing Only (on-campus): </td> <td> $12,038 </td> <td> $12,038 </td> </tr> <tr> <td> Food Only (on-campus meal plan): </td> <td> $7,800 </td> <td> $7,800 </td> </tr> </table>",129242,../data/cds-docs/2024-2025/129242.pdf,2024-2025
G,5,G5,Provide the estimated expenses for a typical full-time undergraduate student:,"[[{0: '', 1: 'Residents', 2: 'Residents', 3: 'Commuters\n(living at home)', 4: 'Commuters\n(not living at home)'}, {0: 'Books and supplies:', 1: '$1,175', 2: '$1,175', 3: '$1,175', 4: '$1,175'}, {0: 'Housing only:', 1: 'Not Applicable', 2: 'Not Applicable', 3: 'Not Applicable', 4: ''}, {0: 'Food only:', 1: 'Not Applicable', 2: 'Not Applicable', 3: '$3,900', 4: '$3,900'}, {0: 'Food and housing total*', 1: 'Not', 2: 'Applicable', 3: 'Not Applicable', 4: '$8,600'}, {0: 'Transportation:', 1: '$950', 2: '$950', 3: '$1,350', 4: '$1,350'}, {0: 'Other expenses:', 1: '$1,055', 2: '$1,055', 3: '$1,055', 4: '$1,055'}]]","<table> <tr> <td> </td> <td colspan=""2""> Residents </td> <td> Commuters <br/> (living at home) </td> <td> Commuters <br/> (not living at home) </td> </tr> <tr> <td> Books and supplies: </td> <td colspan=""2""> $1,175 </td> <td> $1,175 </td> <td> $1,175 </td> </tr> <tr> <td> Housing only: </td> <td colspan=""2""> Not Applicable </td> <td> Not Applicable </td> <td> </td> </tr> <tr> <td> Food only: </td> <td colspan=""2""> Not Applicable </td> <td> $3,900 </td> <td> $3,900 </td> </tr> <tr> <td> Food and housing total* </td> <td> Not </td> <td> Applicable </td> <td> Not Applicable </td> <td> $8,600 </td> </tr> <tr> <td> Transportation: </td> <td colspan=""2""> $950 </td> <td> $1,350 </td> <td> $1,350 </td> </tr> <tr> <td> Other expenses: </td> <td colspan=""2""> $1,055 </td> <td> $1,055 </td> <td> $1,055 </td> </tr> </table>",129242,../data/cds-docs/2024-2025/129242.pdf,2024-2025
G,6,G6,Undergraduate per-credit-hour charges (tuition only):,"[[{0: 'PRIVATE INSTITUTIONS:', 1: '$885.00'}, {0: 'PUBLIC INSTITUTIONS:', 1: ''}, {0: 'In-district:', 1: ''}, {0: 'In-state (out-of-district):', 1: ''}, {0: 'Out-of-state:', 1: ''}, {0: 'NONRESIDENTS:', 1: ''}]]",<table> <tr> <td> PRIVATE INSTITUTIONS: </td> <td> $885.00 </td> </tr> <tr> <td> PUBLIC INSTITUTIONS: </td> <td> </td> </tr> <tr> <td> In-district: </td> <td> </td> </tr> <tr> <td> In-state (out-of-district): </td> <td> </td> </tr> <tr> <td> Out-of-state: </td> <td> </td> </tr> <tr> <td> NONRESIDENTS: </td> <td> </td> </tr> </table>,129242,../data/cds-docs/2024-2025/129242.pdf,2024-2025
H,2,H2,", A, and H6 below:","[[{0: 'Aid Awarded', 1: 'Need-based\n(Include non\ufffe\nneed-based aid\nuse to meet\nneed.)', 2: 'Non-need\ufffe\nbased\n(Exclude non\ufffe\nneed-based aid\nuse to meet\nneed.)'}, {0: 'Scholarships/Grants', 1: '', 2: ''}, {0: 'Federal', 1: '$3,364,315.00', 2: '$114,667.00'}, {0: 'State all states, not only the state in which your institution is located', 1: '$340,382.00', 2: '$16,198.00'}, {0: 'Institutional: Endowed scholarships, annual gifts and tuition funded\ngrants, awarded by the college, excluding athletic aid and tuition\nwaivers (which are reported below).', 1: '$49,925,810.00', 2: '$82,438,297.00'}, {0: 'Scholarships/grants from external sources (e.g. Kiwanis, National\nMerit) not awarded by the college', 1: '$846,657.00', 2: '$1,540,257.00'}, {0: 'Total Scholarships/Grants', 1: '$54,477,164.00', 2: '$84,109,419.00'}, {0: 'Self-Help', 1: '', 2: ''}, {0: 'Student loans from all sources (excluding parent loans)', 1: '$9,099,269.00', 2: '$19,548,131.00'}, {0: 'Federal Work-Study', 1: '$683,943.00', 2: ''}, {0: 'State and other (e.g., institutional) work-study/employment (Note:\nExcludes Federal Work-Study captured above.)', 1: '', 2: ''}, {0: 'Total Self-Help', 1: '$9,783,212.00', 2: '$19,548,131.00'}, {0: 'Parent Loans', 1: '$3,216,713.00', 2: '$10,550,827.00'}], [{0: '', 1: 'Number of Enrolled Students Awarded Aid', 2: 'First-time Full\ufffe\ntime First-year\nStudents', 3: 'Full-time\nUndergrad\n(Incl. First-Year)', 4: 'Less Than\nFull-time\nUndergrad'}, {0: 'A', 1: 'Number of degree-seeking undergraduate students\n(CDS Item B1 if reporting on Fall 2024 cohort)', 2: '1460', 3: '5326', 4: '65'}, {0: 'B', 1: 'Number of students in line a who applied for need\ufffe\nbased financial aid', 2: '1102', 3: '3065', 4: '11'}, {0: 'C', 1: 'Number of students in line b who were determined to\nhave financial need', 2: '551', 3: '1858', 4: '9'}, {0: 'D', 1: 'Number of students in line c who were awarded any\nfinancial aid', 2: '546', 3: '1847', 4: '6'}, {0: 'E', 1: 'Number of students in line d who were awarded any\nneed-based scholarship or grant aid', 2: '537', 3: '1811', 4: '6'}, {0: 'F', 1: 'Number of students in line d who were awarded any\nneed-based self-help aid', 2: '312', 3: '1088', 4: '3'}, {0: 'G', 1: 'Number of students in line d who were awarded any\nnon-need-based scholarship or grant aid', 2: '227', 3: '611', 4: '0'}, {0: 'H', 1: 'Number of students in line d whose need was fully met\n(exclude PLUS loans, unsubsidized loans, and private\nalternative loans)', 2: '227', 3: '650', 4: '0'}, {0: 'I', 1: 'On average, the percentage of need that was met of\nstudents who were awarded any need-based aid.\nExclude any aid that was awarded in excess of need as\nwell as any resources that were awarded to replace\nEFC (PLUS loans, unsubsidized loans, and private\nalternative loans)', 2: '78.3%', 3: '70.0%', 4: '17.6%'}, {0: 'J', 1: 'The average financial aid package of those in line d.\nExclude any resources that were awarded to replace\nEFC (PLUS loans, unsubsidized loans, and private\nalternative loans)', 2: '$32,097.00', 3: '$31,943.00', 4: '$15,109.00'}, {0: 'K', 1: 'Average need-based scholarship and grant award of\nthose in line e', 2: '$30,784.00', 3: '$30,039.00', 4: '$12,526.00'}, {0: 'L', 1: 'Average need-based self-help award (excluding PLUS\nloans, unsubsidized loans, and private alternative loans)', 2: '$3,185.00', 3: '$4,226.00', 4: '$5,166.00'}, {0: 'L', 1: 'of those in line f', 2: '$3,185.00', 3: '$4,226.00', 4: '$5,166.00'}], [{0: '', 1: 'Number of Enrolled Students Awarded Non-need\ufffe\nbased Scholarships and Grants', 2: 'First-time\nFull-time\nFirst-year\nStudents', 3: 'Full-time\nUndergrad\n(Incl. First-year.)', 4: 'Less Than\nFull-time\nUndergrad'}, {0: 'N', 1: 'Number of students in line a who had no financial need\nand who were awarded institutional non-need-based\nscholarship or grant aid (exclude those who were\nawarded athletic awards and tuition benefits)', 2: '877', 3: '3201', 4: '3'}, {0: 'O', 1: 'Average dollar amount of institutional non-need-based\nscholarship and grant aid awarded to students in line n', 2: '$23,408.00', 3: '$23,395.00', 4: '$11,966.00'}, {0: 'P', 1: 'Number of students in line a who were awarded an\ninstitutional non-need-based athletic scholarship or\ngrant', 2: '70', 3: '221', 4: '0'}, {0: 'Q', 1: 'Average dollar amount of institutional non-need-based\nathletic scholarships and grants awarded to students in\nline p', 2: '$25,341.00', 3: '$28,497.00', 4: '$0.00'}]]","<table> <tr> <td> Aid Awarded </td> <td> Need-based <br/> (Include non￾ <br/> need-based aid <br/> use to meet <br/> need.) </td> <td> Non-need￾ <br/> based <br/> (Exclude non￾ <br/> need-based aid <br/> use to meet <br/> need.) </td> </tr> <tr> <td> Scholarships/Grants </td> <td> </td> <td> </td> </tr> <tr> <td> Federal </td> <td> $3,364,315.00 </td> <td> $114,667.00 </td> </tr> <tr> <td> State all states, not only the state in which your institution is located </td> <td> $340,382.00 </td> <td> $16,198.00 </td> </tr> <tr> <td> Institutional: Endowed scholarships, annual gifts and tuition funded <br/> grants, awarded by the college, excluding athletic aid and tuition <br/> waivers (which are reported below). </td> <td> $49,925,810.00 </td> <td> $82,438,297.00 </td> </tr> <tr> <td> Scholarships/grants from external sources (e.g. Kiwanis, National <br/> Merit) not awarded by the college </td> <td> $846,657.00 </td> <td> $1,540,257.00 </td> </tr> <tr> <td> Total Scholarships/Grants </td> <td> $54,477,164.00 </td> <td> $84,109,419.00 </td> </tr> <tr> <td> Self-Help </td> <td> </td> <td> </td> </tr> <tr> <td> Student loans from all sources (excluding parent loans) </td> <td> $9,099,269.00 </td> <td> $19,548,131.00 </td> </tr> <tr> <td> Federal Work-Study </td> <td> $683,943.00 </td> <td> </td> </tr> <tr> <td> State and other (e.g., institutional) work-study/employment (Note: <br/> Excludes Federal Work-Study captured above.) </td> <td> </td> <td> </td> </tr> <tr> <td> Total Self-Help </td> <td> $9,783,212.00 </td> <td> $19,548,131.00 </td> </tr> <tr> <td> Parent Loans </td> <td> $3,216,713.00 </td> <td> $10,550,827.00 </td> </tr> </table><div class=""separator""></div><table> <tr> <td> </td> <td> Number of Enrolled Students Awarded Aid </td> <td> First-time Full￾ <br/> time First-year <br/> Students </td> <td> Full-time <br/> Undergrad <br/> (Incl. First-Year) </td> <td> Less Than <br/> Full-time <br/> Undergrad </td> </tr> <tr> <td> A </td> <td> Number of degree-seeking undergraduate students <br/> (CDS Item B1 if reporting on Fall 2024 cohort) </td> <td> 1460 </td> <td> 5326 </td> <td> 65 </td> </tr> <tr> <td> B </td> <td> Number of students in line a who applied for need￾ <br/> based financial aid </td> <td> 1102 </td> <td> 3065 </td> <td> 11 </td> </tr> <tr> <td> C </td> <td> Number of students in line b who were determined to <br/> have financial need </td> <td> 551 </td> <td> 1858 </td> <td> 9 </td> </tr> <tr> <td> D </td> <td> Number of students in line c who were awarded any <br/> financial aid </td> <td> 546 </td> <td> 1847 </td> <td> 6 </td> </tr> <tr> <td> E </td> <td> Number of students in line d who were awarded any <br/> need-based scholarship or grant aid </td> <td> 537 </td> <td> 1811 </td> <td> 6 </td> </tr> <tr> <td> F </td> <td> Number of students in line d who were awarded any <br/> need-based self-help aid </td> <td> 312 </td> <td> 1088 </td> <td> 3 </td> </tr> <tr> <td> G </td> <td> Number of students in line d who were awarded any <br/> non-need-based scholarship or grant aid </td> <td> 227 </td> <td> 611 </td> <td> 0 </td> </tr> <tr> <td> H </td> <td> Number of students in line d whose need was fully met <br/> (exclude PLUS loans, unsubsidized loans, and private <br/> alternative loans) </td> <td> 227 </td> <td> 650 </td> <td> 0 </td> </tr> <tr> <td> I </td> <td> On average, the percentage of need that was met of <br/> students who were awarded any need-based aid. <br/> Exclude any aid that was awarded in excess of need as <br/> well as any resources that were awarded to replace <br/> EFC (PLUS loans, unsubsidized loans, and private <br/> alternative loans) </td> <td> 78.3% </td> <td> 70.0% </td> <td> 17.6% </td> </tr> <tr> <td> J </td> <td> The average financial aid package of those in line d. <br/> Exclude any resources that were awarded to replace <br/> EFC (PLUS loans, unsubsidized loans, and private <br/> alternative loans) </td> <td> $32,097.00 </td> <td> $31,943.00 </td> <td> $15,109.00 </td> </tr> <tr> <td> K </td> <td> Average need-based scholarship and grant award of <br/> those in line e </td> <td> $30,784.00 </td> <td> $30,039.00 </td> <td> $12,526.00 </td> </tr> <tr> <td rowspan=""2""> L </td> <td> Average need-based self-help award (excluding PLUS <br/> loans, unsubsidized loans, and private alternative loans) </td> <td rowspan=""2""> $3,185.00 </td> <td rowspan=""2""> $4,226.00 </td> <td rowspan=""2""> $5,166.00 </td> </tr> <tr> <td> of those in line f </td> </tr> </table><div class=""separator""></div><table> <tr> <td> </td> <td> Number of Enrolled Students Awarded Non-need￾ <br/> based Scholarships and Grants </td> <td> First-time <br/> Full-time <br/> First-year <br/> Students </td> <td> Full-time <br/> Undergrad <br/> (Incl. First-year.) </td> <td> Less Than <br/> Full-time <br/> Undergrad </td> </tr> <tr> <td> N </td> <td> Number of students in line a who had no financial need <br/> and who were awarded institutional non-need-based <br/> scholarship or grant aid (exclude those who were <br/> awarded athletic awards and tuition benefits) </td> <td> 877 </td> <td> 3201 </td> <td> 3 </td> </tr> <tr> <td> O </td> <td> Average dollar amount of institutional non-need-based <br/> scholarship and grant aid awarded to students in line n </td> <td> $23,408.00 </td> <td> $23,395.00 </td> <td> $11,966.00 </td> </tr> <tr> <td> P </td> <td> Number of students in line a who were awarded an <br/> institutional non-need-based athletic scholarship or <br/> grant </td> <td> 70 </td> <td> 221 </td> <td> 0 </td> </tr> <tr> <td> Q </td> <td> Average dollar amount of institutional non-need-based <br/> athletic scholarships and grants awarded to students in <br/> line p </td> <td> $25,341.00 </td> <td> $28,497.00 </td> <td> $0.00 </td> </tr> </table>",129242,../data/cds-docs/2024-2025/129242.pdf,2024-2025
H,5,H5,"Number and percent of students in class (defined in H4 above) borrowing from federal, non-federal,","[[{0: 'Source/Type of Loan', 1: 'Source/Type of Loan', 2: 'Number in the\nclass (defined\nin H4 above)\nwho borrowed\nfrom the types\nof loans\nspecified in the\nfirst column', 3: 'Percent of the\nclass (defined\nabove) who\nborrowed from\nthe types of\nloans specified\nin the first\ncolumn\n(nearest 1%)', 4: 'Average per\ufffe\nundergraduate\ufffe\nborrower\ncumulative\nprincipal\nborrowed from\nthe types of\nloans specified\nin the first\ncolumn\n(nearest $1)'}, {0: 'A', 1: 'Any loan program: Federal Perkins, Federal Stafford\nSubsidized and Unsubsidized, institutional, state,\nprivate loans that your institution is aware of, etc.\nInclude both Federal Direct Student Loans and Federal\nFamily Education Loans.', 2: '580', 3: '64%', 4: '$41,207'}, {0: 'B', 1: 'Federal loan programs: Federal Perkins, Federal\nStafford Subsidized and Unsubsidized. Include both\nFederal Direct Student Loans and Federal Family\nEducation Loans.', 2: '563', 3: '62%', 4: '$19,474'}, {0: 'C', 1: 'Institutional loan programs.', 2: 'n/a', 3: 'n/a', 4: 'n/a'}, {0: 'D', 1: 'State loan programs.', 2: 'n/a', 3: 'n/a', 4: 'n/a'}, {0: 'E', 1: 'Private student loans made by a bank or lender.', 2: '170', 3: '19%', 4: '$76,096'}]]","<table> <tr> <td colspan=""2""> Source/Type of Loan </td> <td> Number in the <br/> class (defined <br/> in H4 above) <br/> who borrowed <br/> from the types <br/> of loans <br/> specified in the <br/> first column </td> <td> Percent of the <br/> class (defined <br/> above) who <br/> borrowed from <br/> the types of <br/> loans specified <br/> in the first <br/> column <br/> (nearest 1%) </td> <td> Average per￾ <br/> undergraduate￾ <br/> borrower <br/> cumulative <br/> principal <br/> borrowed from <br/> the types of <br/> loans specified <br/> in the first <br/> column <br/> (nearest $1) </td> </tr> <tr> <td> A </td> <td> Any loan program: Federal Perkins, Federal Stafford <br/> Subsidized and Unsubsidized, institutional, state, <br/> private loans that your institution is aware of, etc. <br/> Include both Federal Direct Student Loans and Federal <br/> Family Education Loans. </td> <td> 580 </td> <td> 64% </td> <td> $41,207 </td> </tr> <tr> <td> B </td> <td> Federal loan programs: Federal Perkins, Federal <br/> Stafford Subsidized and Unsubsidized. Include both <br/> Federal Direct Student Loans and Federal Family <br/> Education Loans. </td> <td> 563 </td> <td> 62% </td> <td> $19,474 </td> </tr> <tr> <td> C </td> <td> Institutional loan programs. </td> <td> n/a </td> <td> n/a </td> <td> n/a </td> </tr> <tr> <td> D </td> <td> State loan programs. </td> <td> n/a </td> <td> n/a </td> <td> n/a </td> </tr> <tr> <td> E </td> <td> Private student loans made by a bank or lender. </td> <td> 170 </td> <td> 19% </td> <td> $76,096 </td> </tr> </table>",129242,../data/cds-docs/2024-2025/129242.pdf,2024-2025
H,11,H11,Indicate reply dates:,"[[{0: 'Students must reply by (date):', 1: '5/1'}, {0: 'or within ___3___ weeks of notification.', 1: ''}]]",<table> <tr> <td> Students must reply by (date): </td> <td> 5/1 </td> </tr> <tr> <td> or within ___3___ weeks of notification. </td> <td> </td> </tr> </table>,129242,../data/cds-docs/2024-2025/129242.pdf,2024-2025
H,14,H14,Check off criteria used in awarding institutional aid. Check all that apply.,"[[{0: '', 1: 'Non-Need Based', 2: 'Need-Based'}, {0: 'Academics', 1: 'X', 2: 'X'}, {0: 'Alumni affiliation', 1: 'X', 2: 'X'}, {0: 'Art', 1: '', 2: ''}, {0: 'Athletics', 1: 'X', 2: 'X'}, {0: 'Job skills', 1: '', 2: ''}, {0: 'ROTC', 1: '', 2: ''}, {0: 'Leadership', 1: '', 2: ''}, {0: 'Music/drama', 1: '', 2: ''}]]",<table> <tr> <td> </td> <td> Non-Need Based </td> <td> Need-Based </td> </tr> <tr> <td> Academics </td> <td> X </td> <td> X </td> </tr> <tr> <td> Alumni affiliation </td> <td> X </td> <td> X </td> </tr> <tr> <td> Art </td> <td> </td> <td> </td> </tr> <tr> <td> Athletics </td> <td> X </td> <td> X </td> </tr> <tr> <td> Job skills </td> <td> </td> <td> </td> </tr> <tr> <td> ROTC </td> <td> </td> <td> </td> </tr> <tr> <td> Leadership </td> <td> </td> <td> </td> </tr> <tr> <td> Music/drama </td> <td> </td> <td> </td> </tr> </table>,129242,../data/cds-docs/2024-2025/129242.pdf,2024-2025
J,1,J1,"Degrees conferred between July 1, 2023 and June 30, 2024","[[{0: 'Category', 1: 'Diploma/Certificates', 2: 'Associate', 3: 'Bachelor’s', 4: 'CIP 2020 Categories\nto Include'}, {0: 'Agriculture', 1: '', 2: '', 3: '0.0%', 4: '01'}, {0: 'Natural resources and conservation', 1: '', 2: '', 3: '0.2%', 4: '03'}, {0: 'Architecture', 1: '', 2: '', 3: '0.0%', 4: '04'}, {0: 'Area, ethnic, and gender studies', 1: '', 2: '', 3: '0.2%', 4: '05'}, {0: 'Communication/journalism', 1: '', 2: '', 3: '7.3%', 4: '09'}, {0: 'Communication technologies', 1: '', 2: '', 3: '0.0%', 4: '10'}, {0: 'Computer and information sciences', 1: '', 2: '', 3: '2.1%', 4: '11'}, {0: 'Personal and culinary services', 1: '', 2: '', 3: '0.0%', 4: '12'}, {0: 'Education', 1: '', 2: '', 3: '0.0%', 4: '13'}, {0: 'Engineering', 1: '', 2: '', 3: '2.0%', 4: '14'}, {0: 'Engineering technologies', 1: '', 2: '', 3: '0.0%', 4: '15'}, {0: 'Foreign languages, literatures, and linguistics', 1: '', 2: '', 3: '0.5%', 4: '16'}, {0: 'Family and consumer sciences', 1: '', 2: '', 3: '0.0%', 4: '19'}, {0: 'Law/legal studies', 1: '', 2: '', 3: '0.0%', 4: '22'}, {0: 'English', 1: '', 2: '', 3: '1.6%', 4: '23'}, {0: 'Liberal arts/general studies', 1: '', 2: '', 3: '0.4%', 4: '24'}, {0: 'Library science', 1: '', 2: '', 3: '0.0%', 4: '25'}, {0: 'Biological/life sciences', 1: '', 2: '', 3: '3.4%', 4: '26'}, {0: 'Mathematics and statistics', 1: '', 2: '', 3: '0.8%', 4: '27'}, {0: 'Military science and military technologies', 1: '', 2: '', 3: '0.0%', 4: '28 & 29'}, {0: 'Interdisciplinary studies', 1: '', 2: '', 3: '5.6%', 4: '30'}, {0: 'Parks and recreation', 1: '', 2: '', 3: '0.5%', 4: '31'}, {0: 'Philosophy and religious studies', 1: '', 2: '', 3: '0.2%', 4: '38'}, {0: 'Theology and religious vocations', 1: '', 2: '', 3: '0.0%', 4: '39'}, {0: 'Physical sciences', 1: '', 2: '', 3: '0.1%', 4: '40'}, {0: 'Science technologies', 1: '', 2: '', 3: '0.0%', 4: '41'}, {0: 'Psychology', 1: '', 2: '', 3: '4.7%', 4: '42'}, {0: 'Homeland Security, law enforcement, firefighting,', 1: '', 2: '', 3: '0.0%', 4: '43'}, {0: 'Public administration and social services', 1: '', 2: '', 3: '0.2%', 4: '44'}, {0: 'Social sciences', 1: '', 2: '', 3: '6.0%', 4: '45'}, {0: 'Construction trades', 1: '', 2: '', 3: '0.0%', 4: '46'}, {0: 'Mechanic and repair technologies', 1: '', 2: '', 3: '0.0%', 4: '47'}, {0: 'Precision production', 1: '', 2: '', 3: '0.0%', 4: '48'}, {0: 'Transportation and materials moving', 1: '', 2: '', 3: '0.0%', 4: '49'}, {0: 'Visual and performing arts', 1: '', 2: '', 3: '1.1%', 4: '50'}, {0: 'Health professions and related programs', 1: '', 2: '', 3: '15.1%', 4: '51'}, {0: 'Business/marketing', 1: '', 2: '', 3: '47.2%', 4: '52'}, {0: 'History', 1: '', 2: '', 3: '1.1%', 4: '54'}, {0: 'Other', 1: '', 2: '', 3: '', 4: ''}, {0: 'TOTAL (should = 100%)', 1: '0.00%', 2: '0.00%', 3: '100.0%', 4: ''}]]","<table> <tr> <td> Category </td> <td> Diploma/Certificates </td> <td> Associate </td> <td> Bachelor’s </td> <td> CIP 2020 Categories <br/> to Include </td> </tr> <tr> <td> Agriculture </td> <td> </td> <td> </td> <td> 0.0% </td> <td> 01 </td> </tr> <tr> <td> Natural resources and conservation </td> <td> </td> <td> </td> <td> 0.2% </td> <td> 03 </td> </tr> <tr> <td> Architecture </td> <td> </td> <td> </td> <td> 0.0% </td> <td> 04 </td> </tr> <tr> <td> Area, ethnic, and gender studies </td> <td> </td> <td> </td> <td> 0.2% </td> <td> 05 </td> </tr> <tr> <td> Communication/journalism </td> <td> </td> <td> </td> <td> 7.3% </td> <td> 09 </td> </tr> <tr> <td> Communication technologies </td> <td> </td> <td> </td> <td> 0.0% </td> <td> 10 </td> </tr> <tr> <td> Computer and information sciences </td> <td> </td> <td> </td> <td> 2.1% </td> <td> 11 </td> </tr> <tr> <td> Personal and culinary services </td> <td> </td> <td> </td> <td> 0.0% </td> <td> 12 </td> </tr> <tr> <td> Education </td> <td> </td> <td> </td> <td> 0.0% </td> <td> 13 </td> </tr> <tr> <td> Engineering </td> <td> </td> <td> </td> <td> 2.0% </td> <td> 14 </td> </tr> <tr> <td> Engineering technologies </td> <td> </td> <td> </td> <td> 0.0% </td> <td> 15 </td> </tr> <tr> <td> Foreign languages, literatures, and linguistics </td> <td> </td> <td> </td> <td> 0.5% </td> <td> 16 </td> </tr> <tr> <td> Family and consumer sciences </td> <td> </td> <td> </td> <td> 0.0% </td> <td> 19 </td> </tr> <tr> <td> Law/legal studies </td> <td> </td> <td> </td> <td> 0.0% </td> <td> 22 </td> </tr> <tr> <td> English </td> <td> </td> <td> </td> <td> 1.6% </td> <td> 23 </td> </tr> <tr> <td> Liberal arts/general studies </td> <td> </td> <td> </td> <td> 0.4% </td> <td> 24 </td> </tr> <tr> <td> Library science </td> <td> </td> <td> </td> <td> 0.0% </td> <td> 25 </td> </tr> <tr> <td> Biological/life sciences </td> <td> </td> <td> </td> <td> 3.4% </td> <td> 26 </td> </tr> <tr> <td> Mathematics and statistics </td> <td> </td> <td> </td> <td> 0.8% </td> <td> 27 </td> </tr> <tr> <td> Military science and military technologies </td> <td> </td> <td> </td> <td> 0.0% </td> <td> 28 &amp; 29 </td> </tr> <tr> <td> Interdisciplinary studies </td> <td> </td> <td> </td> <td> 5.6% </td> <td> 30 </td> </tr> <tr> <td> Parks and recreation </td> <td> </td> <td> </td> <td> 0.5% </td> <td> 31 </td> </tr> <tr> <td> Philosophy and religious studies </td> <td> </td> <td> </td> <td> 0.2% </td> <td> 38 </td> </tr> <tr> <td> Theology and religious vocations </td> <td> </td> <td> </td> <td> 0.0% </td> <td> 39 </td> </tr> <tr> <td> Physical sciences </td> <td> </td> <td> </td> <td> 0.1% </td> <td> 40 </td> </tr> <tr> <td> Science technologies </td> <td> </td> <td> </td> <td> 0.0% </td> <td> 41 </td> </tr> <tr> <td> Psychology </td> <td> </td> <td> </td> <td> 4.7% </td> <td> 42 </td> </tr> <tr> <td> Homeland Security, law enforcement, firefighting, </td> <td> </td> <td> </td> <td> 0.0% </td> <td> 43 </td> </tr> <tr> <td> Public administration and social services </td> <td> </td> <td> </td> <td> 0.2% </td> <td> 44 </td> </tr> <tr> <td> Social sciences </td> <td> </td> <td> </td> <td> 6.0% </td> <td> 45 </td> </tr> <tr> <td> Construction trades </td> <td> </td> <td> </td> <td> 0.0% </td> <td> 46 </td> </tr> <tr> <td> Mechanic and repair technologies </td> <td> </td> <td> </td> <td> 0.0% </td> <td> 47 </td> </tr> <tr> <td> Precision production </td> <td> </td> <td> </td> <td> 0.0% </td> <td> 48 </td> </tr> <tr> <td> Transportation and materials moving </td> <td> </td> <td> </td> <td> 0.0% </td> <td> 49 </td> </tr> <tr> <td> Visual and performing arts </td> <td> </td> <td> </td> <td> 1.1% </td> <td> 50 </td> </tr> <tr> <td> Health professions and related programs </td> <td> </td> <td> </td> <td> 15.1% </td> <td> 51 </td> </tr> <tr> <td> Business/marketing </td> <td> </td> <td> </td> <td> 47.2% </td> <td> 52 </td> </tr> <tr> <td> History </td> <td> </td> <td> </td> <td> 1.1% </td> <td> 54 </td> </tr> <tr> <td> Other </td> <td> </td> <td> </td> <td> </td> <td> </td> </tr> <tr> <td> TOTAL (should = 100%) </td> <td> 0.00% </td> <td> 0.00% </td> <td> 100.0% </td> <td> </td> </tr> </table>",129242,../data/cds-docs/2024-2025/129242.pdf,2024-2025
B,1,B1,Institutional Enrollment,"[[{0: '', 1: 'Men', 2: 'Men', 3: 'Women', 4: 'Women', 5: 'Another Gender', 6: 'Another Gender'}, {0: '', 1: 'Full Time\nEnrollment', 2: 'Part Time\nEnrollment', 3: 'Full Time\nEnrollment', 4: 'Part Time\nEnrollment', 5: 'Full Time\nEnrollment', 6: 'Part Time\nEnrollment'}, {0: 'UNDERGRADUATE STUDENTS', 1: 'UNDERGRADUATE STUDENTS', 2: 'UNDERGRADUATE STUDENTS', 3: 'UNDERGRADUATE STUDENTS', 4: 'UNDERGRADUATE STUDENTS', 5: 'UNDERGRADUATE STUDENTS', 6: 'UNDERGRADUATE STUDENTS'}, {0: 'Degree‐seeking, first‐time, first‐year\nstudents', 1: '607', 2: '1', 3: '828', 4: '0', 5: '0', 6: '0'}, {0: 'Other first‐year, degree‐seeking students', 1: '117', 2: '1', 3: '127', 4: '3', 5: '0', 6: '0'}, {0: 'All other degree‐seeking undergraduate\nstudents', 1: '1,360', 2: '17', 3: '1,864', 4: '13', 5: '0', 6: '0'}, {0: 'Total degree‐seeking undergraduate students', 1: '2,084', 2: '19', 3: '2,819', 4: '16', 5: '0', 6: '0'}, {0: 'All other undergraduates enrolled in credit\ncourses', 1: '0', 2: '19', 3: '0', 4: '11', 5: '0', 6: '0'}, {0: 'Total Undergraduate Students', 1: '2,084', 2: '38', 3: '2,819', 4: '27', 5: '0', 6: '0'}, {0: '', 1: '', 2: '', 3: 'students', 4: '35', 5: '', 6: ''}, {0: '', 1: '', 2: '', 3: '', 4: '4,903', 5: '', 6: ''}, {0: '', 1: '', 2: '', 3: '', 4: '4,938', 5: '', 6: ''}, {0: '', 1: '', 2: '', 3: '', 4: '4,968', 5: '', 6: ''}]]","<table> <tr> <td> </td> <td colspan=""2""> Men </td> <td colspan=""2""> Women </td> <td colspan=""2""> Another Gender </td> </tr> <tr> <td> </td> <td> Full Time <br/> Enrollment </td> <td> Part Time <br/> Enrollment </td> <td> Full Time <br/> Enrollment </td> <td> Part Time <br/> Enrollment </td> <td> Full Time <br/> Enrollment </td> <td> Part Time <br/> Enrollment </td> </tr> <tr> <td colspan=""7""> UNDERGRADUATE STUDENTS </td> </tr> <tr> <td> Degree‐seeking, first‐time, first‐year <br/> students </td> <td> 607 </td> <td> 1 </td> <td> 828 </td> <td> 0 </td> <td> 0 </td> <td> 0 </td> </tr> <tr> <td> Other first‐year, degree‐seeking students </td> <td> 117 </td> <td> 1 </td> <td> 127 </td> <td> 3 </td> <td> 0 </td> <td> 0 </td> </tr> <tr> <td> All other degree‐seeking undergraduate <br/> students </td> <td> 1,360 </td> <td> 17 </td> <td> 1,864 </td> <td> 13 </td> <td> 0 </td> <td> 0 </td> </tr> <tr> <td> Total degree‐seeking undergraduate students </td> <td> 2,084 </td> <td> 19 </td> <td> 2,819 </td> <td> 16 </td> <td> 0 </td> <td> 0 </td> </tr> <tr> <td> All other undergraduates enrolled in credit <br/> courses </td> <td> 0 </td> <td> 19 </td> <td> 0 </td> <td> 11 </td> <td> 0 </td> <td> 0 </td> </tr> <tr> <td> Total Undergraduate Students </td> <td> 2,084 </td> <td> 38 </td> <td> 2,819 </td> <td> 27 </td> <td> 0 </td> <td> 0 </td> </tr> <tr> <td colspan=""3""> </td> <td> students </td> <td> 35 </td> <td> </td> <td> </td> </tr> <tr> <td colspan=""4""> </td> <td> 4,903 </td> <td colspan=""2""> </td> </tr> <tr> <td colspan=""4""> </td> <td> 4,938 </td> <td colspan=""2""> </td> </tr> <tr> <td colspan=""4""> </td> <td> 4,968 </td> <td colspan=""2""> </td> </tr> </table>",129242,../data/cds-docs/2023-2024/129242.pdf,2023-2024
B,4,B4,‐ B21. Graduation Rates,"[[{0: '', 1: '2017 COHORT (AY ‐ 7)', 2: '2017 COHORT (AY ‐ 7)', 3: '2017 COHORT (AY ‐ 7)', 4: '2017 COHORT (AY ‐ 7)'}, {0: '2017 cohort if available. If Fall 2017 cohort data are not available,\nprovide data for the Fall 2016 cohort.', 1: 'Recipients\nof a Federal\nPell Grant', 2: 'Recipients of\na Subsidized\nStafford\nLoan, who\ndid not\nreceive a Pell\nGrant', 3: 'Students\nwho did not\nreceive\neither a Pell\nGrant or a\nsubsidized\nStafford\nLoan', 4: 'Total'}, {0: ""A. Initial 2017 cohort of first‐time, full‐time, bachelor's (or equivalent)\ndegree‐seeking undergraduate students"", 1: '103', 2: '279', 3: '611', 4: '993'}, {0: 'B. Of the Initial 2017 cohort, how many did not persist and did not\ngraduate for any of the following reasons: (report total allowable\nexclusions)\n‐ Deceased\n‐ Armed Forces\n‐ Official church mission\n‐ Permanently Disabled\n‐ Foreign Aid Service of the Federal Government', 1: '0', 2: '0', 3: '0', 4: '0'}, {0: 'C. Final 2017 cohort, after adjusting for allowable exclusions', 1: '103', 2: '279', 3: '611', 4: '993'}, {0: 'D. Of the initial 2017 cohort, how many completed the program in\nfour years or less (by Aug. 31, 2021)?', 1: '81', 2: '224', 3: '501', 4: '806'}, {0: 'E. Of the initial 2017 cohort, how many completed the program in\nmore than four years but in five years or less(after Aug. 31, 2021 and\nby Aug. 31, 2022)?', 1: '3', 2: '4', 3: '14', 4: '21'}]]","<table> <tr> <td> </td> <td colspan=""4""> 2017 COHORT (AY ‐ 7) </td> </tr> <tr> <td> 2017 cohort if available. If Fall 2017 cohort data are not available, <br/> provide data for the Fall 2016 cohort. </td> <td> Recipients <br/> of a Federal <br/> Pell Grant </td> <td> Recipients of <br/> a Subsidized <br/> Stafford <br/> Loan, who <br/> did not <br/> receive a Pell <br/> Grant </td> <td> Students <br/> who did not <br/> receive <br/> either a Pell <br/> Grant or a <br/> subsidized <br/> Stafford <br/> Loan </td> <td> Total </td> </tr> <tr> <td> A. Initial 2017 cohort of first‐time, full‐time, bachelor's (or equivalent) <br/> degree‐seeking undergraduate students </td> <td> 103 </td> <td> 279 </td> <td> 611 </td> <td> 993 </td> </tr> <tr> <td> B. Of the Initial 2017 cohort, how many did not persist and did not <br/> graduate for any of the following reasons: (report total allowable <br/> exclusions) <br/> ‐ Deceased <br/> ‐ Armed Forces <br/> ‐ Official church mission <br/> ‐ Permanently Disabled <br/> ‐ Foreign Aid Service of the Federal Government </td> <td> 0 </td> <td> 0 </td> <td> 0 </td> <td> 0 </td> </tr> <tr> <td> C. Final 2017 cohort, after adjusting for allowable exclusions </td> <td> 103 </td> <td> 279 </td> <td> 611 </td> <td> 993 </td> </tr> <tr> <td> D. Of the initial 2017 cohort, how many completed the program in <br/> four years or less (by Aug. 31, 2021)? </td> <td> 81 </td> <td> 224 </td> <td> 501 </td> <td> 806 </td> </tr> <tr> <td> E. Of the initial 2017 cohort, how many completed the program in <br/> more than four years but in five years or less(after Aug. 31, 2021 and <br/> by Aug. 31, 2022)? </td> <td> 3 </td> <td> 4 </td> <td> 14 </td> <td> 21 </td> </tr> </table>",129242,../data/cds-docs/2023-2024/129242.pdf,2023-2024
C,5,C5,Admission Requirements: High School Units Required/Recommended,"[[{0: '', 1: 'Units\nRequired', 2: 'Units\nRecommended'}, {0: 'Total Academic Units', 1: '16.0', 2: '20.0'}, {0: 'English', 1: '4.0', 2: '4.0'}, {0: 'Mathematics', 1: '3.0', 2: '4.0'}, {0: 'Science', 1: '3.0', 2: '4.0'}, {0: 'of Science Units, how many units must be lab', 1: '2.0', 2: '2.0'}, {0: 'Foreign language', 1: '2.0', 2: '4.0'}, {0: 'Social Studies', 1: '2.0', 2: '2.0'}, {0: 'History', 1: '2.0', 2: '2.0'}, {0: 'Computer Science', 1: '', 2: ''}, {0: 'Visual/Performing Arts', 1: '', 2: ''}, {0: 'Academic Electives', 1: '', 2: ''}]]","<table> <tr> <td> </td> <td> Units <br/> Required </td> <td> Units <br/> Recommended </td> </tr> <tr> <td> Total Academic Units </td> <td> 16.0 </td> <td> 20.0 </td> </tr> <tr> <td> English </td> <td> 4.0 </td> <td> 4.0 </td> </tr> <tr> <td> Mathematics </td> <td> 3.0 </td> <td> 4.0 </td> </tr> <tr> <td> Science </td> <td> 3.0 </td> <td> 4.0 </td> </tr> <tr> <td> of Science Units, how many units must be lab </td> <td> 2.0 </td> <td> 2.0 </td> </tr> <tr> <td> Foreign language </td> <td> 2.0 </td> <td> 4.0 </td> </tr> <tr> <td> Social Studies </td> <td> 2.0 </td> <td> 2.0 </td> </tr> <tr> <td> History </td> <td> 2.0 </td> <td> 2.0 </td> </tr> <tr> <td> Computer Science </td> <td> </td> <td> </td> </tr> <tr> <td> Visual/Performing Arts </td> <td> </td> <td> </td> </tr> <tr> <td> Academic Electives </td> <td> </td> <td> </td> </tr> </table>",129242,../data/cds-docs/2023-2024/129242.pdf,2023-2024
C,9,C9,"First‐time, first‐year profile: National standardized test scores (SAT/ACT)","[[{0: '21%', 1: '302'}, {0: '5%', 1: '71'}]]",<table> <tr> <td> 21% </td> <td> 302 </td> </tr> <tr> <td> 5% </td> <td> 71 </td> </tr> </table>,129242,../data/cds-docs/2023-2024/129242.pdf,2023-2024
C,11,C11,High School Grade Point Ranges,"[[{0: '45.9%', 1: '24.2%', 2: '30.5%'}, {0: '21.9%', 1: '26.3%', 2: '25.0%'}, {0: '15.5%', 1: '24.0%', 2: '21.6%'}, {0: '9.1%', 1: '14.7%', 2: '13.1%'}, {0: '5.2%', 1: '6.7%', 2: '6.3%'}, {0: '2.5%', 1: '3.4%', 2: '3.2%'}, {0: '0.0%', 1: '0.6%', 2: '0.4%'}, {0: '0.0%', 1: '0.0%', 2: '0.0%'}, {0: '0.0%', 1: '0.0%', 2: '0.0%'}, {0: '100.0%', 1: '100.0%', 2: '100.0%'}]]",<table> <tr> <td> 45.9% </td> <td> 24.2% </td> <td> 30.5% </td> </tr> <tr> <td> 21.9% </td> <td> 26.3% </td> <td> 25.0% </td> </tr> <tr> <td> 15.5% </td> <td> 24.0% </td> <td> 21.6% </td> </tr> <tr> <td> 9.1% </td> <td> 14.7% </td> <td> 13.1% </td> </tr> <tr> <td> 5.2% </td> <td> 6.7% </td> <td> 6.3% </td> </tr> <tr> <td> 2.5% </td> <td> 3.4% </td> <td> 3.2% </td> </tr> <tr> <td> 0.0% </td> <td> 0.6% </td> <td> 0.4% </td> </tr> <tr> <td> 0.0% </td> <td> 0.0% </td> <td> 0.0% </td> </tr> <tr> <td> 0.0% </td> <td> 0.0% </td> <td> 0.0% </td> </tr> <tr> <td> 100.0% </td> <td> 100.0% </td> <td> 100.0% </td> </tr> </table>,129242,../data/cds-docs/2023-2024/129242.pdf,2023-2024
F,1,F1,"First-time, first-year degree-seeking students and undergraduates enrolled","[[{0: 'First‐time,\nFirst‐year Students', 1: 'Undergraduates'}, {0: '85.5%', 1: '81.8%'}, {0: '0.0%', 1: '0.0%'}, {0: '0.0%', 1: '0.0%'}, {0: '97.4%', 1: '75.9%'}, {0: '2.6%', 1: '24.1%'}, {0: '0.0%', 1: '0.9%'}, {0: '18', 1: '20'}, {0: '18', 1: '20'}]]","<table> <tr> <td> First‐time, <br/> First‐year Students </td> <td> Undergraduates </td> </tr> <tr> <td> 85.5% </td> <td> 81.8% </td> </tr> <tr> <td> 0.0% </td> <td> 0.0% </td> </tr> <tr> <td> 0.0% </td> <td> 0.0% </td> </tr> <tr> <td> 97.4% </td> <td> 75.9% </td> </tr> <tr> <td> 2.6% </td> <td> 24.1% </td> </tr> <tr> <td> 0.0% </td> <td> 0.9% </td> </tr> <tr> <td> 18 </td> <td> 20 </td> </tr> <tr> <td> 18 </td> <td> 20 </td> </tr> </table>",129242,../data/cds-docs/2023-2024/129242.pdf,2023-2024
G,5,G5,Estimated Expenses for Typical Full-Time Undergraduates,"[[{0: '$1,175 $1,175', 1: '$1,175 $1,175', 2: '$1,175'}, {0: '', 1: '', 2: '$8,600'}, {0: '$950', 1: '$1,350', 2: '$950'}, {0: '$1,055', 1: '$1,055', 2: '$1,055'}]]","<table> <tr> <td colspan=""2""> $1,175 $1,175 </td> <td> $1,175 </td> </tr> <tr> <td colspan=""2""> </td> <td> $8,600 </td> </tr> <tr> <td> $950 </td> <td> $1,350 </td> <td> $950 </td> </tr> <tr> <td> $1,055 </td> <td> $1,055 </td> <td> $1,055 </td> </tr> </table>",129242,../data/cds-docs/2023-2024/129242.pdf,2023-2024
H,2,H2,Number of Enrolled Students Awarded Aid,"[[{0: '', 1: 'Full‐Time, First‐Time,\nFirst‐Year', 2: 'Full‐Time Undergrad.\n(Include Freshman)', 3: 'Less Than Full‐\nTime Undergrad.'}, {0: 'A. Number of degree‐seeking undergraduate\nstudents (CDS Item B1 if reporting on Fall 2023\ncohort)', 1: '1435', 2: '4903', 3: '65'}, {0: 'B. Number of students in line (A) who applied for\nneed‐based financial aid', 1: '1117', 2: '3010', 3: '11'}, {0: 'C. Number of students in line (B) who were\ndetermined to have financial need', 1: '585', 2: '1919', 3: '6'}, {0: 'D. Number of students in line (C) who were awarded\nany financial aid', 1: '580', 2: '1908', 3: '5'}, {0: 'E. Number of students in line (D) who were awarded\nany need‐based scholarship or grant aid', 1: '566', 2: '1857', 3: '4'}], [{0: '', 1: 'Full‐Time, First‐Time,\nFirst‐Year', 2: 'Full‐Time Undergrad.\n(Include Freshman)', 3: 'Less Than Full‐\nTime Undergrad.'}, {0: 'N. Number of students in line (A) who had no\nfinancial need and who were awarded institutional\nnon‐need‐based scholarship or grant aid (exclude\nthose who were awarded athletic awards and tuition\nbenefits)', 1: '808', 2: '2,726', 3: '1'}, {0: 'O. Average dollar amount of institutional non‐need‐\nbased scholarship and grant aid awarded to students\nin line (N)', 1: '$21,820.00', 2: '$21,614.00', 3: '$23,000.00'}, {0: 'P. Number of students in line (A) who were awarded\nan instutional non‐need‐based athletic scholarship or\ngrant', 1: '73', 2: '282', 3: '0'}, {0: 'Q. Average dollar amount of institutional non‐need‐\nbased athletic scholarships and grants awarded to\nstudents in line (P)', 1: '$23,670.00', 2: '$27,116.00', 3: 'N/A'}]]","<table> <tr> <td> </td> <td> Full‐Time, First‐Time, <br/> First‐Year </td> <td> Full‐Time Undergrad. <br/> (Include Freshman) </td> <td> Less Than Full‐ <br/> Time Undergrad. </td> </tr> <tr> <td> A. Number of degree‐seeking undergraduate <br/> students (CDS Item B1 if reporting on Fall 2023 <br/> cohort) </td> <td> 1435 </td> <td> 4903 </td> <td> 65 </td> </tr> <tr> <td> B. Number of students in line (A) who applied for <br/> need‐based financial aid </td> <td> 1117 </td> <td> 3010 </td> <td> 11 </td> </tr> <tr> <td> C. Number of students in line (B) who were <br/> determined to have financial need </td> <td> 585 </td> <td> 1919 </td> <td> 6 </td> </tr> <tr> <td> D. Number of students in line (C) who were awarded <br/> any financial aid </td> <td> 580 </td> <td> 1908 </td> <td> 5 </td> </tr> <tr> <td> E. Number of students in line (D) who were awarded <br/> any need‐based scholarship or grant aid </td> <td> 566 </td> <td> 1857 </td> <td> 4 </td> </tr> </table><div class=""separator""></div><table> <tr> <td> </td> <td> Full‐Time, First‐Time, <br/> First‐Year </td> <td> Full‐Time Undergrad. <br/> (Include Freshman) </td> <td> Less Than Full‐ <br/> Time Undergrad. </td> </tr> <tr> <td> N. Number of students in line (A) who had no <br/> financial need and who were awarded institutional <br/> non‐need‐based scholarship or grant aid (exclude <br/> those who were awarded athletic awards and tuition <br/> benefits) </td> <td> 808 </td> <td> 2,726 </td> <td> 1 </td> </tr> <tr> <td> O. Average dollar amount of institutional non‐need‐ <br/> based scholarship and grant aid awarded to students <br/> in line (N) </td> <td> $21,820.00 </td> <td> $21,614.00 </td> <td> $23,000.00 </td> </tr> <tr> <td> P. Number of students in line (A) who were awarded <br/> an instutional non‐need‐based athletic scholarship or <br/> grant </td> <td> 73 </td> <td> 282 </td> <td> 0 </td> </tr> <tr> <td> Q. Average dollar amount of institutional non‐need‐ <br/> based athletic scholarships and grants awarded to <br/> students in line (P) </td> <td> $23,670.00 </td> <td> $27,116.00 </td> <td> N/A </td> </tr> </table>",129242,../data/cds-docs/2023-2024/129242.pdf,2023-2024
I,1,I1,Instructional Faculty by Category,"[[{0: '', 1: 'Full‐Time', 2: 'Part‐Time'}, {0: 'A. Instructional faculty in preclinical and clinical medicine, faculty who are not\npaid (e.g., those who donate their services or are in the military), or research‐only\nfaculty, post‐doctoral fellows, or pre‐doctoral fellows', 1: 'Exclude', 2: 'Include only if they teach\none or more non‐clinical\ncredit courses'}, {0: 'B. Administrative officers with titles such as dean of students, librarian, registrar,\ncoach, and the like, even though they may devote part of their time to classroom\ninstruction and may have faculty status', 1: 'Exclude', 2: 'Include only if they teach\none or more non‐clinical\ncredit courses'}, {0: 'C. Other administrators/staff who teach one or more non‐clinical credit courses\neven though they do not have faculty status', 1: 'Exclude', 2: 'Include'}, {0: 'D. Undergraduate or graduate students who assist in the instruction of courses,\nbut have titles such as teaching assistant, teaching fellow, and the like', 1: 'Exclude', 2: 'Exclude'}, {0: 'E. Faculty on sabbatical or leave with pay', 1: 'Include', 2: 'Exclude'}, {0: 'F. Faculty on leave without pay', 1: 'Exclude', 2: 'Exclude'}, {0: 'G. Replacement faculty for faculty on sabbatical leave or leave with pay', 1: 'Exclude', 2: 'Include'}]]","<table> <tr> <td> </td> <td> Full‐Time </td> <td> Part‐Time </td> </tr> <tr> <td> A. Instructional faculty in preclinical and clinical medicine, faculty who are not <br/> paid (e.g., those who donate their services or are in the military), or research‐only <br/> faculty, post‐doctoral fellows, or pre‐doctoral fellows </td> <td> Exclude </td> <td> Include only if they teach <br/> one or more non‐clinical <br/> credit courses </td> </tr> <tr> <td> B. Administrative officers with titles such as dean of students, librarian, registrar, <br/> coach, and the like, even though they may devote part of their time to classroom <br/> instruction and may have faculty status </td> <td> Exclude </td> <td> Include only if they teach <br/> one or more non‐clinical <br/> credit courses </td> </tr> <tr> <td> C. Other administrators/staff who teach one or more non‐clinical credit courses <br/> even though they do not have faculty status </td> <td> Exclude </td> <td> Include </td> </tr> <tr> <td> D. Undergraduate or graduate students who assist in the instruction of courses, <br/> but have titles such as teaching assistant, teaching fellow, and the like </td> <td> Exclude </td> <td> Exclude </td> </tr> <tr> <td> E. Faculty on sabbatical or leave with pay </td> <td> Include </td> <td> Exclude </td> </tr> <tr> <td> F. Faculty on leave without pay </td> <td> Exclude </td> <td> Exclude </td> </tr> <tr> <td> G. Replacement faculty for faculty on sabbatical leave or leave with pay </td> <td> Exclude </td> <td> Include </td> </tr> </table>",129242,../data/cds-docs/2023-2024/129242.pdf,2023-2024
B,1,B1,Institutional Enrollment - Men and Women,"[[{0: '', 1: 'FULL-TIME', 2: 'FULL-TIME', 3: 'FULL-TIME', 4: 'PART-TIME', 5: 'PART-TIME', 6: 'PART-TIME'}, {0: '', 1: 'Men\nWomen Another Gender', 2: 'Men\nWomen Another Gender', 3: 'Men\nWomen Another Gender', 4: 'Men\nWomen Another Gender', 5: 'Men\nWomen Another Gender', 6: 'Men\nWomen Another Gender'}, {0: 'Undergraduates', 1: 'Undergraduates', 2: 'Undergraduates', 3: 'Undergraduates', 4: 'Undergraduates', 5: 'Undergraduates', 6: 'Undergraduates'}, {0: 'Degree-seeking, first-time, first\ufffe\nyear', 1: '550', 2: '774', 3: '0', 4: '1', 5: '3', 6: '0'}, {0: 'Other first-year, degree-seeking', 1: '17', 2: '6', 3: '0', 4: '0', 5: '0', 6: '0'}, {0: 'All other degree-seeking', 1: '1,387', 2: '1,921', 3: '0', 4: '22', 5: '25', 6: '0'}, {0: 'Total degree-seeking', 1: '1,954', 2: '2,701', 3: '0', 4: '23', 5: '28', 6: '0'}, {0: 'All other undergraduates enrolled', 1: '0', 2: '0', 3: '0', 4: '39', 5: '12', 6: '0'}, {0: 'Total undergraduates', 1: '1,954', 2: '2,701', 3: '0', 4: '62', 5: '40', 6: '0'}, {0: 'Graduate', 1: 'Graduate', 2: 'Graduate', 3: 'Graduate', 4: 'Graduate', 5: 'Graduate', 6: 'Graduate'}, {0: 'Degree-seeking, first-time', 1: '138', 2: '190', 3: '0', 4: '56', 5: '145', 6: '0'}, {0: 'All other degree-seeking', 1: '109', 2: '169', 3: '0', 4: '138', 5: '315', 6: '0'}, {0: 'All other graduates enrolled in', 1: '0', 2: '0', 3: '0', 4: '0', 5: '2', 6: '0'}, {0: 'Total graduate', 1: '247', 2: '359', 3: '0', 4: '194', 5: '462', 6: '0'}, {0: 'Total all students', 1: '2,201', 2: '3,060', 3: '0', 4: '256', 5: '502', 6: '0'}]]","<table> <tr> <td rowspan=""2""> </td> <td colspan=""3""> FULL-TIME </td> <td colspan=""3""> PART-TIME </td> </tr> <tr> <td colspan=""3""> Men <br/> Women Another Gender </td> <td colspan=""3""> Men <br/> Women Another Gender </td> </tr> <tr> <td colspan=""7""> Undergraduates </td> </tr> <tr> <td> Degree-seeking, first-time, first￾ <br/> year </td> <td> 550 </td> <td> 774 </td> <td> 0 </td> <td> 1 </td> <td> 3 </td> <td> 0 </td> </tr> <tr> <td> Other first-year, degree-seeking </td> <td> 17 </td> <td> 6 </td> <td> 0 </td> <td> 0 </td> <td> 0 </td> <td> 0 </td> </tr> <tr> <td> All other degree-seeking </td> <td> 1,387 </td> <td> 1,921 </td> <td> 0 </td> <td> 22 </td> <td> 25 </td> <td> 0 </td> </tr> <tr> <td> Total degree-seeking </td> <td> 1,954 </td> <td> 2,701 </td> <td> 0 </td> <td> 23 </td> <td> 28 </td> <td> 0 </td> </tr> <tr> <td> All other undergraduates enrolled </td> <td> 0 </td> <td> 0 </td> <td> 0 </td> <td> 39 </td> <td> 12 </td> <td> 0 </td> </tr> <tr> <td> Total undergraduates </td> <td> 1,954 </td> <td> 2,701 </td> <td> 0 </td> <td> 62 </td> <td> 40 </td> <td> 0 </td> </tr> <tr> <td colspan=""7""> Graduate </td> </tr> <tr> <td> Degree-seeking, first-time </td> <td> 138 </td> <td> 190 </td> <td> 0 </td> <td> 56 </td> <td> 145 </td> <td> 0 </td> </tr> <tr> <td> All other degree-seeking </td> <td> 109 </td> <td> 169 </td> <td> 0 </td> <td> 138 </td> <td> 315 </td> <td> 0 </td> </tr> <tr> <td> All other graduates enrolled in </td> <td> 0 </td> <td> 0 </td> <td> 0 </td> <td> 0 </td> <td> 2 </td> <td> 0 </td> </tr> <tr> <td> Total graduate </td> <td> 247 </td> <td> 359 </td> <td> 0 </td> <td> 194 </td> <td> 462 </td> <td> 0 </td> </tr> <tr> <td> Total all students </td> <td> 2,201 </td> <td> 3,060 </td> <td> 0 </td> <td> 256 </td> <td> 502 </td> <td> 0 </td> </tr> </table>",129242,../data/cds-docs/2022-2023/129242.pdf,2022-2023
B,2,B2,Enrollment by Racial/Ethnic Category.,"[[{0: '', 1: 'Degree-Seeking\nFirst-Time\nFirst Year', 2: 'Degree-Seeking\nUndergraduates\n(include first-time\nfirst-year)', 3: 'Total\nUndergraduates (both\ndegree & non-degree\ufffe\nseeking)'}, {0: 'Nonresidents', 1: '19', 2: '99', 3: '100'}, {0: 'Hispanic/Latino', 1: '95', 2: '311', 3: '313'}, {0: 'Black or African American, non-Hispanic', 1: '9', 2: '54', 3: '54'}, {0: 'White, non-Hispanic', 1: '1,117', 2: '3,809', 3: '3,816'}, {0: 'American Indian or Alaska Native, non-Hispanic', 1: '1', 2: '2', 3: '2'}, {0: 'Asian, non-Hispanic', 1: '20', 2: '98', 3: '99'}, {0: 'Native Hawaiian or other Pacific Islander, non\ufffe\nHispanic', 1: '1', 2: '1', 3: '1'}, {0: 'Two or more races, non-Hispanic', 1: '31', 2: '89', 3: '89'}, {0: 'Race and/or ethnicity unknown', 1: '35', 2: '243', 3: '283'}, {0: 'TOTAL', 1: '1,328', 2: '4,706', 3: '4,757'}]]","<table> <tr> <td> </td> <td> Degree-Seeking <br/> First-Time <br/> First Year </td> <td> Degree-Seeking <br/> Undergraduates <br/> (include first-time <br/> first-year) </td> <td> Total <br/> Undergraduates (both <br/> degree &amp; non-degree￾ <br/> seeking) </td> </tr> <tr> <td> Nonresidents </td> <td> 19 </td> <td> 99 </td> <td> 100 </td> </tr> <tr> <td> Hispanic/Latino </td> <td> 95 </td> <td> 311 </td> <td> 313 </td> </tr> <tr> <td> Black or African American, non-Hispanic </td> <td> 9 </td> <td> 54 </td> <td> 54 </td> </tr> <tr> <td> White, non-Hispanic </td> <td> 1,117 </td> <td> 3,809 </td> <td> 3,816 </td> </tr> <tr> <td> American Indian or Alaska Native, non-Hispanic </td> <td> 1 </td> <td> 2 </td> <td> 2 </td> </tr> <tr> <td> Asian, non-Hispanic </td> <td> 20 </td> <td> 98 </td> <td> 99 </td> </tr> <tr> <td> Native Hawaiian or other Pacific Islander, non￾ <br/> Hispanic </td> <td> 1 </td> <td> 1 </td> <td> 1 </td> </tr> <tr> <td> Two or more races, non-Hispanic </td> <td> 31 </td> <td> 89 </td> <td> 89 </td> </tr> <tr> <td> Race and/or ethnicity unknown </td> <td> 35 </td> <td> 243 </td> <td> 283 </td> </tr> <tr> <td> TOTAL </td> <td> 1,328 </td> <td> 4,706 </td> <td> 4,757 </td> </tr> </table>",129242,../data/cds-docs/2022-2023/129242.pdf,2022-2023
B,4,B4,-B11) into four groups:,"[[{0: '', 1: 'Recipients of a\nFederal Pell\nGrant', 2: 'Recipients of a\nSubsidized\nStafford Loan\nwho did not\nreceive a Pell\nGrant', 3: 'Students who did\nnot receive either\na Pell Grant or a\nsubsidized\nStafford Loan', 4: 'Total\n(sum of 3 columns to\nthe left)'}, {0: ""Initial 2016 cohort of first-time, full\ufffe\ntime, bachelor's (or equivalent)\ndegree-seeking undergraduate\nstudents"", 1: '138', 2: '309', 3: '609', 4: '1056'}, {0: 'Of the initial 2016 cohort, how many\ndid not persist and did not graduate\nfor the following reasons:\n• Deceased\n• Permanently Disabled\n• Armed Forces\n• Foreign Aid Service of the Federal\nGovernment\n• Official church missions\n• Report Total Allowable Exclusions', 1: '0', 2: '0', 3: '0', 4: '0'}, {0: 'Final 2016 cohort, after adjusting for\nallowable exclusions', 1: '138', 2: '309', 3: '609', 4: '1056'}, {0: 'Of the initial 2015 cohort, how many\ncompleted the program in four years\nor less (by Aug. 31, 2020)', 1: '99', 2: '261', 3: '502', 4: '862'}, {0: 'Of the initial 2016 cohort, how many\ncompleted the program in more than\nfour years but in five years or less\n(after Aug. 31, 2020 and by Aug. 31,\n2021)', 1: '4', 2: '3', 3: '11', 4: '18'}]]","<table> <tr> <td> </td> <td> Recipients of a <br/> Federal Pell <br/> Grant </td> <td> Recipients of a <br/> Subsidized <br/> Stafford Loan <br/> who did not <br/> receive a Pell <br/> Grant </td> <td> Students who did <br/> not receive either <br/> a Pell Grant or a <br/> subsidized <br/> Stafford Loan </td> <td> Total <br/> (sum of 3 columns to <br/> the left) </td> </tr> <tr> <td> Initial 2016 cohort of first-time, full￾ <br/> time, bachelor's (or equivalent) <br/> degree-seeking undergraduate <br/> students </td> <td> 138 </td> <td> 309 </td> <td> 609 </td> <td> 1056 </td> </tr> <tr> <td> Of the initial 2016 cohort, how many <br/> did not persist and did not graduate <br/> for the following reasons: <br/> • Deceased <br/> • Permanently Disabled <br/> • Armed Forces <br/> • Foreign Aid Service of the Federal <br/> Government <br/> • Official church missions <br/> • Report Total Allowable Exclusions </td> <td> 0 </td> <td> 0 </td> <td> 0 </td> <td> 0 </td> </tr> <tr> <td> Final 2016 cohort, after adjusting for <br/> allowable exclusions </td> <td> 138 </td> <td> 309 </td> <td> 609 </td> <td> 1056 </td> </tr> <tr> <td> Of the initial 2015 cohort, how many <br/> completed the program in four years <br/> or less (by Aug. 31, 2020) </td> <td> 99 </td> <td> 261 </td> <td> 502 </td> <td> 862 </td> </tr> <tr> <td> Of the initial 2016 cohort, how many <br/> completed the program in more than <br/> four years but in five years or less <br/> (after Aug. 31, 2020 and by Aug. 31, <br/> 2021) </td> <td> 4 </td> <td> 3 </td> <td> 11 </td> <td> 18 </td> </tr> </table>",129242,../data/cds-docs/2022-2023/129242.pdf,2022-2023
C,1,C1,"First-time, first-year students: Provide the number of degree-seeking, first-time, first-year students who","[[{0: 'Total first-time, first-year men who applied', 1: '5441'}, {0: 'Total first-time, first-year women who applied', 1: '7918'}], [{0: 'Total first-time, first-year men who were admitted', 1: '2874'}, {0: 'Total first-time, first-year women who were admitted', 1: '4097'}], [{0: 'Total full-time, first-time, first-year men who enrolled', 1: '550'}, {0: 'Total part-time, first-time, first-year men who enrolled', 1: '1'}], [{0: 'Total full-time, first-time, first-year women who enrolled', 1: '774'}, {0: 'Total part-time, first-time, first-year women who enrolled', 1: '3'}]]","<table> <tr> <td> Total first-time, first-year men who applied </td> <td> 5441 </td> </tr> <tr> <td> Total first-time, first-year women who applied </td> <td> 7918 </td> </tr> </table><div class=""separator""></div><table> <tr> <td> Total first-time, first-year men who were admitted </td> <td> 2874 </td> </tr> <tr> <td> Total first-time, first-year women who were admitted </td> <td> 4097 </td> </tr> </table><div class=""separator""></div><table> <tr> <td> Total full-time, first-time, first-year men who enrolled </td> <td> 550 </td> </tr> <tr> <td> Total part-time, first-time, first-year men who enrolled </td> <td> 1 </td> </tr> </table><div class=""separator""></div><table> <tr> <td> Total full-time, first-time, first-year women who enrolled </td> <td> 774 </td> </tr> <tr> <td> Total part-time, first-time, first-year women who enrolled </td> <td> 3 </td> </tr> </table>",129242,../data/cds-docs/2022-2023/129242.pdf,2022-2023
C,2,C2,"First-time, first-year wait-listed students","[[{0: 'WAITING LIST', 1: 'TOTAL'}, {0: 'Number of qualified applicants offered a place on waiting list:', 1: '4574'}, {0: 'Number accepting a place on the waiting list:', 1: '1263'}, {0: 'Number of wait-listed students admitted:', 1: '10'}]]",<table> <tr> <td> WAITING LIST </td> <td> TOTAL </td> </tr> <tr> <td> Number of qualified applicants offered a place on waiting list: </td> <td> 4574 </td> </tr> <tr> <td> Number accepting a place on the waiting list: </td> <td> 1263 </td> </tr> <tr> <td> Number of wait-listed students admitted: </td> <td> 10 </td> </tr> </table>,129242,../data/cds-docs/2022-2023/129242.pdf,2022-2023
C,5,C5,Distribution of high school units required and/or recommended. Specify the distribution of academic high,"[[{0: '', 1: 'Required', 2: 'Recommended'}, {0: 'Total academic units', 1: '16', 2: '20'}, {0: 'English', 1: '4', 2: '4'}]]",<table> <tr> <td> </td> <td> Required </td> <td> Recommended </td> </tr> <tr> <td> Total academic units </td> <td> 16 </td> <td> 20 </td> </tr> <tr> <td> English </td> <td> 4 </td> <td> 4 </td> </tr> </table>,129242,../data/cds-docs/2022-2023/129242.pdf,2022-2023
C,7,C7,"Relative importance of each of the following academic and nonacademic factors in your first-time, first-","[[{0: 'Very Important Important Considered Not Considered', 1: 'Very Important Important Considered Not Considered', 2: 'Very Important Important Considered Not Considered', 3: 'Very Important Important Considered Not Considered', 4: 'Very Important Important Considered Not Considered'}, {0: 'Academic', 1: 'Academic', 2: 'Academic', 3: 'Academic', 4: 'Academic'}, {0: 'Rigor of secondary school record', 1: 'x', 2: '', 3: '', 4: ''}, {0: 'Class rank', 1: '', 2: '', 3: 'x', 4: ''}, {0: 'Academic GPA', 1: 'x', 2: '', 3: '', 4: ''}, {0: 'Standardized test scores', 1: '', 2: '', 3: 'x', 4: ''}, {0: 'Application Essay', 1: 'x', 2: '', 3: '', 4: ''}, {0: 'Recommendation(s)', 1: 'x', 2: '', 3: '', 4: ''}, {0: 'Nonacademic', 1: 'Nonacademic', 2: 'Nonacademic', 3: 'Nonacademic', 4: 'Nonacademic'}, {0: 'Interview', 1: '', 2: 'x', 3: '', 4: ''}, {0: 'Extracurricular activities', 1: '', 2: 'x', 3: '', 4: ''}, {0: 'Talent/ability', 1: '', 2: 'x', 3: '', 4: ''}, {0: 'Character/personal qualities', 1: '', 2: 'x', 3: '', 4: ''}, {0: 'First generation', 1: '', 2: 'x', 3: '', 4: ''}, {0: 'Alumni/ae relation', 1: '', 2: '', 3: 'x', 4: ''}, {0: 'Geographical residence', 1: '', 2: '', 3: 'x', 4: ''}, {0: 'State residency', 1: '', 2: '', 3: '', 4: 'x'}, {0: 'Religious affiliation/commitment', 1: '', 2: '', 3: '', 4: 'x'}, {0: 'Racial/ethnic status', 1: '', 2: '', 3: 'x', 4: ''}, {0: 'Volunteer work', 1: '', 2: 'x', 3: '', 4: ''}, {0: 'Work experience', 1: '', 2: 'x', 3: '', 4: ''}, {0: 'Level of applicant’s interest', 1: '', 2: 'x', 3: '', 4: ''}]]","<table> <tr> <td colspan=""5""> Very Important Important Considered Not Considered </td> </tr> <tr> <td colspan=""5""> Academic </td> </tr> <tr> <td> Rigor of secondary school record </td> <td> x </td> <td> </td> <td> </td> <td> </td> </tr> <tr> <td> Class rank </td> <td> </td> <td> </td> <td> x </td> <td> </td> </tr> <tr> <td> Academic GPA </td> <td> x </td> <td> </td> <td> </td> <td> </td> </tr> <tr> <td> Standardized test scores </td> <td> </td> <td> </td> <td> x </td> <td> </td> </tr> <tr> <td> Application Essay </td> <td> x </td> <td> </td> <td> </td> <td> </td> </tr> <tr> <td> Recommendation(s) </td> <td> x </td> <td> </td> <td> </td> <td> </td> </tr> <tr> <td colspan=""5""> Nonacademic </td> </tr> <tr> <td> Interview </td> <td> </td> <td> x </td> <td> </td> <td> </td> </tr> <tr> <td> Extracurricular activities </td> <td> </td> <td> x </td> <td> </td> <td> </td> </tr> <tr> <td> Talent/ability </td> <td> </td> <td> x </td> <td> </td> <td> </td> </tr> <tr> <td> Character/personal qualities </td> <td> </td> <td> x </td> <td> </td> <td> </td> </tr> <tr> <td> First generation </td> <td> </td> <td> x </td> <td> </td> <td> </td> </tr> <tr> <td> Alumni/ae relation </td> <td> </td> <td> </td> <td> x </td> <td> </td> </tr> <tr> <td> Geographical residence </td> <td> </td> <td> </td> <td> x </td> <td> </td> </tr> <tr> <td> State residency </td> <td> </td> <td> </td> <td> </td> <td> x </td> </tr> <tr> <td> Religious affiliation/commitment </td> <td> </td> <td> </td> <td> </td> <td> x </td> </tr> <tr> <td> Racial/ethnic status </td> <td> </td> <td> </td> <td> x </td> <td> </td> </tr> <tr> <td> Volunteer work </td> <td> </td> <td> x </td> <td> </td> <td> </td> </tr> <tr> <td> Work experience </td> <td> </td> <td> x </td> <td> </td> <td> </td> </tr> <tr> <td> Level of applicant’s interest </td> <td> </td> <td> x </td> <td> </td> <td> </td> </tr> </table>",129242,../data/cds-docs/2022-2023/129242.pdf,2022-2023
C,8,C8,: SAT and ACT Policies,"[[{0: 'Yes', 1: 'No'}, {0: 'x', 1: ''}]]",<table> <tr> <td> Yes </td> <td> No </td> </tr> <tr> <td> x </td> <td> </td> </tr> </table>,129242,../data/cds-docs/2022-2023/129242.pdf,2022-2023
C,9,C9,"Percent and number of first-time, first-year students enrolled in Fall 2022 who submitted national","[[{0: '26%', 1: '339'}, {0: '7%', 1: '92'}], [{0: 'Assessment', 1: '25th Percentile', 2: '50th Percentile', 3: '75th Percentile'}, {0: 'SAT Composite', 1: '1260', 2: '1310', 3: '1360'}, {0: 'SAT Evidence-Based Reading and', 1: '620', 2: '650', 3: '680'}, {0: 'SAT Math', 1: '620', 2: '660', 3: '690'}, {0: 'ACT Composite', 1: '28', 2: '30', 3: '31'}, {0: 'ACT Math', 1: '', 2: '', 3: ''}, {0: 'ACT English', 1: '', 2: '', 3: ''}, {0: 'ACT Writing', 1: '', 2: '', 3: ''}, {0: 'ACT Science', 1: '', 2: '', 3: ''}, {0: 'ACT Reading', 1: '', 2: '', 3: ''}]]","<table> <tr> <td> 26% </td> <td> 339 </td> </tr> <tr> <td> 7% </td> <td> 92 </td> </tr> </table><div class=""separator""></div><table> <tr> <td> Assessment </td> <td> 25th Percentile </td> <td> 50th Percentile </td> <td> 75th Percentile </td> </tr> <tr> <td> SAT Composite </td> <td> 1260 </td> <td> 1310 </td> <td> 1360 </td> </tr> <tr> <td> SAT Evidence-Based Reading and </td> <td> 620 </td> <td> 650 </td> <td> 680 </td> </tr> <tr> <td> SAT Math </td> <td> 620 </td> <td> 660 </td> <td> 690 </td> </tr> <tr> <td> ACT Composite </td> <td> 28 </td> <td> 30 </td> <td> 31 </td> </tr> <tr> <td> ACT Math </td> <td> </td> <td> </td> <td> </td> </tr> <tr> <td> ACT English </td> <td> </td> <td> </td> <td> </td> </tr> <tr> <td> ACT Writing </td> <td> </td> <td> </td> <td> </td> </tr> <tr> <td> ACT Science </td> <td> </td> <td> </td> <td> </td> </tr> <tr> <td> ACT Reading </td> <td> </td> <td> </td> <td> </td> </tr> </table>",129242,../data/cds-docs/2022-2023/129242.pdf,2022-2023
C,10,C10,"Percent of all degree-seeking, first-time, first-year students who had high school class rank within","[[{0: 'Assessment', 1: 'Percent'}, {0: 'Percent in top tenth of high school graduating class', 1: '30%'}, {0: 'Percent in top quarter of high school graduating class', 1: '67%'}, {0: 'Percent in top half of high school graduating class', 1: '92%'}, {0: 'Percent in bottom half of high school graduating class', 1: '8%'}, {0: 'Percent in bottom quarter of high school graduating class', 1: '2%'}, {0: 'Percent of total first-time, first-year students who submitted high school\nclass rank:', 1: '23%'}]]","<table> <tr> <td> Assessment </td> <td> Percent </td> </tr> <tr> <td> Percent in top tenth of high school graduating class </td> <td> 30% </td> </tr> <tr> <td> Percent in top quarter of high school graduating class </td> <td> 67% </td> </tr> <tr> <td> Percent in top half of high school graduating class </td> <td> 92% </td> </tr> <tr> <td> Percent in bottom half of high school graduating class </td> <td> 8% </td> </tr> <tr> <td> Percent in bottom quarter of high school graduating class </td> <td> 2% </td> </tr> <tr> <td> Percent of total first-time, first-year students who submitted high school <br/> class rank: </td> <td> 23% </td> </tr> </table>",129242,../data/cds-docs/2022-2023/129242.pdf,2022-2023
C,11,C11,"Percentage of all enrolled, degree-seeking, first-time, first-year students who had high school grade-","[[{0: 'Score Range', 1: 'Percent'}, {0: 'Percent who had GPA of 4.0', 1: '32.50%'}, {0: 'Percent who had GPA between 3.75 and 3.99', 1: '21.36%'}, {0: 'Percent who had GPA between 3.50 and 3.74', 1: '22.12%'}, {0: 'Percent who had GPA between 3.25 and 3.49', 1: '12.58%'}, {0: 'Percent who had GPA between 3.00 and 3.24', 1: '7.95%'}, {0: 'Percent who had GPA between 2.50 and 2.99', 1: '2.95%'}, {0: 'Percent who had GPA between 2.0 and 2.49', 1: '0.53%'}, {0: 'Percent who had GPA between 1.0 and 1.99', 1: ''}, {0: 'Percent who had GPA below 1.0', 1: ''}, {0: 'Totals should = 100%', 1: '100.00%'}]]",<table> <tr> <td> Score Range </td> <td> Percent </td> </tr> <tr> <td> Percent who had GPA of 4.0 </td> <td> 32.50% </td> </tr> <tr> <td> Percent who had GPA between 3.75 and 3.99 </td> <td> 21.36% </td> </tr> <tr> <td> Percent who had GPA between 3.50 and 3.74 </td> <td> 22.12% </td> </tr> <tr> <td> Percent who had GPA between 3.25 and 3.49 </td> <td> 12.58% </td> </tr> <tr> <td> Percent who had GPA between 3.00 and 3.24 </td> <td> 7.95% </td> </tr> <tr> <td> Percent who had GPA between 2.50 and 2.99 </td> <td> 2.95% </td> </tr> <tr> <td> Percent who had GPA between 2.0 and 2.49 </td> <td> 0.53% </td> </tr> <tr> <td> Percent who had GPA between 1.0 and 1.99 </td> <td> </td> </tr> <tr> <td> Percent who had GPA below 1.0 </td> <td> </td> </tr> <tr> <td> Totals should = 100% </td> <td> 100.00% </td> </tr> </table>,129242,../data/cds-docs/2022-2023/129242.pdf,2022-2023
C,14,C14,Application closing date,"[[{0: '', 1: 'Date'}, {0: 'Application closing date (fall)', 1: '1/15'}, {0: 'Priority Date', 1: ''}]]",<table> <tr> <td> </td> <td> Date </td> </tr> <tr> <td> Application closing date (fall) </td> <td> 1/15 </td> </tr> <tr> <td> Priority Date </td> <td> </td> </tr> </table>,129242,../data/cds-docs/2022-2023/129242.pdf,2022-2023
D,2,D2,"Provide the number of students who applied, were admitted, and enrolled as degree-seeking transfer","[[{0: '', 1: 'Applicants', 2: 'Admitted', 3: 'Enrolled'}, {0: 'Men', 1: '170', 2: '19', 3: '17'}, {0: 'Women', 1: '200', 2: '11', 3: '6'}, {0: 'Another Gender', 1: '0', 2: '0', 3: '0'}, {0: 'Total', 1: '370', 2: '30', 3: '23'}]]",<table> <tr> <td> </td> <td> Applicants </td> <td> Admitted </td> <td> Enrolled </td> </tr> <tr> <td> Men </td> <td> 170 </td> <td> 19 </td> <td> 17 </td> </tr> <tr> <td> Women </td> <td> 200 </td> <td> 11 </td> <td> 6 </td> </tr> <tr> <td> Another Gender </td> <td> 0 </td> <td> 0 </td> <td> 0 </td> </tr> <tr> <td> Total </td> <td> 370 </td> <td> 30 </td> <td> 23 </td> </tr> </table>,129242,../data/cds-docs/2022-2023/129242.pdf,2022-2023
D,9,D9,"List application priority, closing, notification, and candidate reply dates for transfer students. If applications","[[{0: '', 1: 'Priority Date', 2: 'Closing Date', 3: 'Notification Date', 4: 'Reply Date', 5: 'Rolling\nAdmission'}, {0: 'Fall', 1: '4/1', 2: '', 3: '', 4: '', 5: 'x'}, {0: 'Winter', 1: '', 2: '', 3: '', 4: '', 5: ''}, {0: 'Spring', 1: '11/15', 2: '', 3: '', 4: '', 5: 'x'}, {0: 'Summer', 1: '', 2: '', 3: '', 4: '', 5: ''}]]",<table> <tr> <td> </td> <td> Priority Date </td> <td> Closing Date </td> <td> Notification Date </td> <td> Reply Date </td> <td> Rolling <br/> Admission </td> </tr> <tr> <td> Fall </td> <td> 4/1 </td> <td> </td> <td> </td> <td> </td> <td> x </td> </tr> <tr> <td> Winter </td> <td> </td> <td> </td> <td> </td> <td> </td> <td> </td> </tr> <tr> <td> Spring </td> <td> 11/15 </td> <td> </td> <td> </td> <td> </td> <td> x </td> </tr> <tr> <td> Summer </td> <td> </td> <td> </td> <td> </td> <td> </td> <td> </td> </tr> </table>,129242,../data/cds-docs/2022-2023/129242.pdf,2022-2023
D,18,D18,Does your institution accept the following military/veteran transfer credits:,"[[{0: '', 1: 'x'}, {0: 'x', 1: ''}, {0: '', 1: 'x'}]]",<table> <tr> <td> </td> <td> x </td> </tr> <tr> <td> x </td> <td> </td> </tr> <tr> <td> </td> <td> x </td> </tr> </table>,129242,../data/cds-docs/2022-2023/129242.pdf,2022-2023
F,1,F1,"Percentages of first-time, first-year degree-seeking students and degree-seeking","[[{0: '', 1: '', 2: '', 3: 'First-time, first\ufffe\nyear students', 4: 'Undergraduate\ns'}, {0: 'Percent who are from out of state (exclude\ninternational/nonresidents from the numerator and\ndenominator)', 1: 'Percent who are from out of state (exclude\ninternational/nonresidents from the numerator and\ndenominator)', 2: 'Percent who are from out of state (exclude\ninternational/nonresidents from the numerator and\ndenominator)', 3: '85%', 4: '81%'}, {0: 'Percent of men who join fraternities', 1: 'Percent of men who join fraternities', 2: 'Percent of men who join fraternities', 3: 'N/A', 4: 'N/A'}, {0: 'Percent of women who join sororities', 1: 'Percent of women who join sororities', 2: 'Percent of women who join sororities', 3: 'N/A', 4: 'N/A'}, {0: 'Percent who live in college-owned, -operated, or -\naffiliated housing', 1: 'Percent who live in college-owned, -operated, or -\naffiliated housing', 2: 'Percent who live in college-owned, -operated, or -\naffiliated housing', 3: '96%', 4: '76%'}, {0: 'Percent who live off campus or commute', 1: 'Percent who live off campus or commute', 2: 'Percent who live off campus or commute', 3: '4%', 4: '24%'}, {0: 'Percent of students age 25 and older', 1: 'Percent of students age 25 and older', 2: 'Percent of students age 25 and older', 3: '0%', 4: '1%'}, {0: 'Average age of full-time students', 1: 'Average age of full-time students', 2: 'Average age of full-time students', 3: '18', 4: '20'}, {0: 'Average', 1: 'age', 2: 'of all students (full- and part-time)', 3: '18', 4: '20'}]]","<table> <tr> <td colspan=""3""> </td> <td> First-time, first￾ <br/> year students </td> <td> Undergraduate <br/> s </td> </tr> <tr> <td colspan=""3""> Percent who are from out of state (exclude <br/> international/nonresidents from the numerator and <br/> denominator) </td> <td> 85% </td> <td> 81% </td> </tr> <tr> <td colspan=""3""> Percent of men who join fraternities </td> <td> N/A </td> <td> N/A </td> </tr> <tr> <td colspan=""3""> Percent of women who join sororities </td> <td> N/A </td> <td> N/A </td> </tr> <tr> <td colspan=""3""> Percent who live in college-owned, -operated, or - <br/> affiliated housing </td> <td> 96% </td> <td> 76% </td> </tr> <tr> <td colspan=""3""> Percent who live off campus or commute </td> <td> 4% </td> <td> 24% </td> </tr> <tr> <td colspan=""3""> Percent of students age 25 and older </td> <td> 0% </td> <td> 1% </td> </tr> <tr> <td colspan=""3""> Average age of full-time students </td> <td> 18 </td> <td> 20 </td> </tr> <tr> <td> Average </td> <td> age </td> <td> of all students (full- and part-time) </td> <td> 18 </td> <td> 20 </td> </tr> </table>",129242,../data/cds-docs/2022-2023/129242.pdf,2022-2023
F,3,F3,ROTC (program offered in cooperation with Reserve Officers' Training Corps),"[[{0: '', 1: 'Marine Option\n(for Naval ROTC)', 2: 'On Campus', 3: 'At Cooperating\nInstitution', 4: 'Name of Cooperating\nInstitution'}, {0: 'Army ROTC is offered:', 1: '', 2: '', 3: 'x', 4: 'University of New Haven'}, {0: 'Naval ROTC is offered:', 1: '', 2: '', 3: '', 4: ''}, {0: 'Air Force ROTC is offered:', 1: '', 2: '', 3: 'x', 4: 'Yale University'}]]",<table> <tr> <td> </td> <td> Marine Option <br/> (for Naval ROTC) </td> <td> On Campus </td> <td> At Cooperating <br/> Institution </td> <td> Name of Cooperating <br/> Institution </td> </tr> <tr> <td> Army ROTC is offered: </td> <td> </td> <td> </td> <td> x </td> <td> University of New Haven </td> </tr> <tr> <td> Naval ROTC is offered: </td> <td> </td> <td> </td> <td> </td> <td> </td> </tr> <tr> <td> Air Force ROTC is offered: </td> <td> </td> <td> </td> <td> x </td> <td> Yale University </td> </tr> </table>,129242,../data/cds-docs/2022-2023/129242.pdf,2022-2023
G,1,G1,"Undergraduate full-time tuition, required fees, room and board","[[{0: '', 1: 'First-Year', 2: 'Undergraduates'}, {0: 'PRIVATE INSTITUTIONS', 1: '', 2: ''}, {0: 'Tuition:', 1: '$53,630', 2: '$53,630'}, {0: 'PUBLIC INSTITUTIONS', 1: '', 2: ''}, {0: 'Tuition: In-district', 1: '', 2: ''}, {0: 'Tuition: In-state (out-of-district):', 1: '', 2: ''}, {0: 'Tuition: Out-of-state:', 1: '', 2: ''}, {0: 'Tuition: Non-resident', 1: '', 2: ''}, {0: 'FOR ALL INSTITUTIONS', 1: 'FOR ALL INSTITUTIONS', 2: 'FOR ALL INSTITUTIONS'}, {0: 'Required Fees', 1: '$825', 2: '$825'}, {0: 'Room and Board (on-campus):', 1: '$16,750', 2: '$16,750'}, {0: 'Room Only (on-campus):', 1: '', 2: ''}, {0: 'Board Only (on-campus meal plan):', 1: '', 2: ''}]]","<table> <tr> <td> </td> <td> First-Year </td> <td> Undergraduates </td> </tr> <tr> <td> PRIVATE INSTITUTIONS </td> <td> </td> <td> </td> </tr> <tr> <td> Tuition: </td> <td> $53,630 </td> <td> $53,630 </td> </tr> <tr> <td> PUBLIC INSTITUTIONS </td> <td> </td> <td> </td> </tr> <tr> <td> Tuition: In-district </td> <td> </td> <td> </td> </tr> <tr> <td> Tuition: In-state (out-of-district): </td> <td> </td> <td> </td> </tr> <tr> <td> Tuition: Out-of-state: </td> <td> </td> <td> </td> </tr> <tr> <td> Tuition: Non-resident </td> <td> </td> <td> </td> </tr> <tr> <td colspan=""3""> FOR ALL INSTITUTIONS </td> </tr> <tr> <td> Required Fees </td> <td> $825 </td> <td> $825 </td> </tr> <tr> <td> Room and Board (on-campus): </td> <td> $16,750 </td> <td> $16,750 </td> </tr> <tr> <td> Room Only (on-campus): </td> <td> </td> <td> </td> </tr> <tr> <td> Board Only (on-campus meal plan): </td> <td> </td> <td> </td> </tr> </table>",129242,../data/cds-docs/2022-2023/129242.pdf,2022-2023
G,5,G5,Provide the estimated expenses for a typical full-time undergraduate student:,"[[{0: '', 1: 'Residents', 2: 'Commuters', 3: 'Commuters'}, {0: 'Books and supplies:', 1: '$1,150', 2: '$1,150', 3: '$1,150'}, {0: 'Room only:', 1: '', 2: '', 3: '$10,240'}, {0: 'Board only:', 1: '', 2: '', 3: '$6,510'}, {0: 'Room and board total*', 1: '', 2: '', 3: ''}, {0: 'Transportation:', 1: '$800', 2: '$1,350', 3: '$800'}, {0: 'Other expenses:', 1: '$930', 2: '$930', 3: '$930'}]]","<table> <tr> <td> </td> <td> Residents </td> <td> Commuters </td> <td> Commuters </td> </tr> <tr> <td> Books and supplies: </td> <td> $1,150 </td> <td> $1,150 </td> <td> $1,150 </td> </tr> <tr> <td> Room only: </td> <td> </td> <td> </td> <td> $10,240 </td> </tr> <tr> <td> Board only: </td> <td> </td> <td> </td> <td> $6,510 </td> </tr> <tr> <td> Room and board total* </td> <td> </td> <td> </td> <td> </td> </tr> <tr> <td> Transportation: </td> <td> $800 </td> <td> $1,350 </td> <td> $800 </td> </tr> <tr> <td> Other expenses: </td> <td> $930 </td> <td> $930 </td> <td> $930 </td> </tr> </table>",129242,../data/cds-docs/2022-2023/129242.pdf,2022-2023
G,6,G6,Undergraduate per-credit-hour charges (tuition only):,"[[{0: 'PRIVATE INSTITUTIONS:', 1: '$825.00'}, {0: 'PUBLIC INSTITUTIONS:', 1: ''}, {0: 'In-district:', 1: ''}, {0: 'In-state (out-of-district):', 1: ''}, {0: 'Out-of-state:', 1: ''}, {0: 'NONRESIDENTS:', 1: '$825.00'}]]",<table> <tr> <td> PRIVATE INSTITUTIONS: </td> <td> $825.00 </td> </tr> <tr> <td> PUBLIC INSTITUTIONS: </td> <td> </td> </tr> <tr> <td> In-district: </td> <td> </td> </tr> <tr> <td> In-state (out-of-district): </td> <td> </td> </tr> <tr> <td> Out-of-state: </td> <td> </td> </tr> <tr> <td> NONRESIDENTS: </td> <td> $825.00 </td> </tr> </table>,129242,../data/cds-docs/2022-2023/129242.pdf,2022-2023
H,2,H2,Number of Enrolled Students Awarded Aid: List the number of degree-seeking full-time and less-than-,"[[{0: '', 1: '', 2: 'Full-time\nFirst-time\nFirst-year', 3: 'Full-time\nUndergrad\n(Incl. Fresh)', 4: 'Less Than\nFull-time\nUndergrad'}, {0: 'A', 1: 'Number of degree-seeking undergraduate students\n(CDS Item B1 if reporting on Fall 2022 cohort)', 2: '1324', 3: '4655', 4: '51'}, {0: 'B', 1: 'Number of students in line a who applied for need-based\nfinancial aid', 2: '844', 3: '2051', 4: '9'}, {0: 'C', 1: 'Number of students in line b who were determined to\nhave financial need', 2: '437', 3: '1431', 4: '8'}, {0: 'D', 1: 'Number of students in line c who were awarded any\nfinancial aid', 2: '435', 3: '1429', 4: '7'}, {0: 'E', 1: 'Number of students in line d who were awarded any\nneed-based scholarship or grant aid', 2: '313', 3: '1163', 4: '4'}, {0: 'F', 1: 'Number of students in line d who were awarded any\nneed-based self-help aid', 2: '313', 3: '1072', 4: '4'}, {0: 'G', 1: 'Number of students in line d who were awarded any non\ufffe\nneed-based scholarship or grant aid', 2: '415', 3: '1321', 4: '1'}, {0: 'H', 1: 'Number of students in line d whose need was fully met\n(exclude PLUS loans, unsubsidized loans, and private\nalternative loans)', 2: '176', 3: '559', 4: '0'}, {0: 'I', 1: 'On average, the percentage of need that was met of\nstudents who were awarded any need-based aid.\nExclude any aid that was awarded in excess of need as\nwell as any resources that were awarded to replace EFC\n(PLUS loans, unsubsidized loans, and private alternative', 2: '86.0%', 3: '80.0%', 4: '14.0%'}, {0: 'I', 1: 'loans)', 2: '86.0%', 3: '80.0%', 4: '14.0%'}, {0: 'J', 1: 'The average financial aid package of those in line d.\nExclude any resources that were awarded to replace\nEFC (PLUS loans, unsubsidized loans, and private\nalternative loans)', 2: '$ 36,322', 3: '$ 36,565', 4: '$ 10,367'}], [{0: '', 1: '', 2: 'Full-time\nFirst-time\nFirst-year', 3: 'Full-time\nUndergrad\n(Incl. Fresh.)', 4: 'Less Than\nFull-time\nUndergrad'}, {0: 'N', 1: 'Number of students in line a who had no financial need\nand who were awarded institutional non-need-based\nscholarship or grant aid (exclude those who were\nawarded athletic awards and tuition benefits)', 2: '819', 3: '2792', 4: '1'}, {0: 'O', 1: 'Average dollar amount of institutional non-need-based\nscholarship and grant aid awarded to students in line n', 2: '$ 20,370', 3: '$ 19,178', 4: '$ 58,814'}, {0: 'P', 1: 'Number of students in line a who were awarded an\ninstitutional non-need-based athletic scholarship or grant', 2: '69', 3: '274', 4: '0'}, {0: 'Q', 1: 'Average dollar amount of institutional non-need-based\nathletic scholarships and grants awarded to students in\nline p', 2: '$ 21,570', 3: '$ 24,702', 4: '$ 0'}]]","<table> <tr> <td> </td> <td> </td> <td> Full-time <br/> First-time <br/> First-year </td> <td> Full-time <br/> Undergrad <br/> (Incl. Fresh) </td> <td> Less Than <br/> Full-time <br/> Undergrad </td> </tr> <tr> <td> A </td> <td> Number of degree-seeking undergraduate students <br/> (CDS Item B1 if reporting on Fall 2022 cohort) </td> <td> 1324 </td> <td> 4655 </td> <td> 51 </td> </tr> <tr> <td> B </td> <td> Number of students in line a who applied for need-based <br/> financial aid </td> <td> 844 </td> <td> 2051 </td> <td> 9 </td> </tr> <tr> <td> C </td> <td> Number of students in line b who were determined to <br/> have financial need </td> <td> 437 </td> <td> 1431 </td> <td> 8 </td> </tr> <tr> <td> D </td> <td> Number of students in line c who were awarded any <br/> financial aid </td> <td> 435 </td> <td> 1429 </td> <td> 7 </td> </tr> <tr> <td> E </td> <td> Number of students in line d who were awarded any <br/> need-based scholarship or grant aid </td> <td> 313 </td> <td> 1163 </td> <td> 4 </td> </tr> <tr> <td> F </td> <td> Number of students in line d who were awarded any <br/> need-based self-help aid </td> <td> 313 </td> <td> 1072 </td> <td> 4 </td> </tr> <tr> <td> G </td> <td> Number of students in line d who were awarded any non￾ <br/> need-based scholarship or grant aid </td> <td> 415 </td> <td> 1321 </td> <td> 1 </td> </tr> <tr> <td> H </td> <td> Number of students in line d whose need was fully met <br/> (exclude PLUS loans, unsubsidized loans, and private <br/> alternative loans) </td> <td> 176 </td> <td> 559 </td> <td> 0 </td> </tr> <tr> <td rowspan=""2""> I </td> <td> On average, the percentage of need that was met of <br/> students who were awarded any need-based aid. <br/> Exclude any aid that was awarded in excess of need as <br/> well as any resources that were awarded to replace EFC <br/> (PLUS loans, unsubsidized loans, and private alternative </td> <td rowspan=""2""> 86.0% </td> <td rowspan=""2""> 80.0% </td> <td rowspan=""2""> 14.0% </td> </tr> <tr> <td> loans) </td> </tr> <tr> <td> J </td> <td> The average financial aid package of those in line d. <br/> Exclude any resources that were awarded to replace <br/> EFC (PLUS loans, unsubsidized loans, and private <br/> alternative loans) </td> <td> $ 36,322 </td> <td> $ 36,565 </td> <td> $ 10,367 </td> </tr> </table><div class=""separator""></div><table> <tr> <td> </td> <td> </td> <td> Full-time <br/> First-time <br/> First-year </td> <td> Full-time <br/> Undergrad <br/> (Incl. Fresh.) </td> <td> Less Than <br/> Full-time <br/> Undergrad </td> </tr> <tr> <td> N </td> <td> Number of students in line a who had no financial need <br/> and who were awarded institutional non-need-based <br/> scholarship or grant aid (exclude those who were <br/> awarded athletic awards and tuition benefits) </td> <td> 819 </td> <td> 2792 </td> <td> 1 </td> </tr> <tr> <td> O </td> <td> Average dollar amount of institutional non-need-based <br/> scholarship and grant aid awarded to students in line n </td> <td> $ 20,370 </td> <td> $ 19,178 </td> <td> $ 58,814 </td> </tr> <tr> <td> P </td> <td> Number of students in line a who were awarded an <br/> institutional non-need-based athletic scholarship or grant </td> <td> 69 </td> <td> 274 </td> <td> 0 </td> </tr> <tr> <td> Q </td> <td> Average dollar amount of institutional non-need-based <br/> athletic scholarships and grants awarded to students in <br/> line p </td> <td> $ 21,570 </td> <td> $ 24,702 </td> <td> $ 0 </td> </tr> </table>",129242,../data/cds-docs/2022-2023/129242.pdf,2022-2023
H,11,H11,Indicate reply dates:,"[[{0: 'Students must reply by (date):', 1: '5/1'}, {0: 'or within _______ weeks of notification.', 1: ''}]]",<table> <tr> <td> Students must reply by (date): </td> <td> 5/1 </td> </tr> <tr> <td> or within _______ weeks of notification. </td> <td> </td> </tr> </table>,129242,../data/cds-docs/2022-2023/129242.pdf,2022-2023
H,14,H14,Check off criteria used in awarding institutional aid. Check all that apply.,"[[{0: '', 1: 'Non-Need Based', 2: 'Need-Based'}, {0: 'Academics', 1: 'x', 2: 'x'}, {0: 'Alumni affiliation', 1: '', 2: ''}, {0: 'Art', 1: '', 2: ''}, {0: 'Athletics', 1: 'x', 2: ''}, {0: 'Job skills', 1: '', 2: ''}, {0: 'ROTC', 1: '', 2: ''}, {0: 'Leadership', 1: '', 2: ''}, {0: 'Minority status', 1: '', 2: ''}, {0: 'Music/drama', 1: '', 2: ''}]]",<table> <tr> <td> </td> <td> Non-Need Based </td> <td> Need-Based </td> </tr> <tr> <td> Academics </td> <td> x </td> <td> x </td> </tr> <tr> <td> Alumni affiliation </td> <td> </td> <td> </td> </tr> <tr> <td> Art </td> <td> </td> <td> </td> </tr> <tr> <td> Athletics </td> <td> x </td> <td> </td> </tr> <tr> <td> Job skills </td> <td> </td> <td> </td> </tr> <tr> <td> ROTC </td> <td> </td> <td> </td> </tr> <tr> <td> Leadership </td> <td> </td> <td> </td> </tr> <tr> <td> Minority status </td> <td> </td> <td> </td> </tr> <tr> <td> Music/drama </td> <td> </td> <td> </td> </tr> </table>,129242,../data/cds-docs/2022-2023/129242.pdf,2022-2023
J,1,J1,"Degrees conferred between July 1, 2021 and June 30, 2022","[[{0: 'Category', 1: 'Diploma/Certificates', 2: 'Associate', 3: 'Bachelor’s', 4: 'CIP 2020 Categories\nto Include'}, {0: 'Agriculture', 1: '', 2: '', 3: '0.0%', 4: '01'}, {0: 'Natural resources and conservation', 1: '', 2: '', 3: '0.4%', 4: '03'}, {0: 'Architecture', 1: '', 2: '', 3: '0.0%', 4: '04'}, {0: 'Area, ethnic, and gender studies', 1: '', 2: '', 3: '0.1%', 4: '05'}, {0: 'Communication/journalism', 1: '', 2: '', 3: '5.8%', 4: '09'}, {0: 'Communication technologies', 1: '', 2: '', 3: '0.0%', 4: '10'}, {0: 'Computer and information sciences', 1: '', 2: '', 3: '2.6%', 4: '11'}, {0: 'Personal and culinary services', 1: '', 2: '', 3: '0.0%', 4: '12'}, {0: 'Education', 1: '', 2: '', 3: '0.0%', 4: '13'}, {0: 'Engineering', 1: '', 2: '', 3: '4.3%', 4: '14'}, {0: 'Engineering technologies', 1: '', 2: '', 3: '0.0%', 4: '15'}, {0: 'Foreign languages, literatures, and linguistics', 1: '', 2: '', 3: '0.6%', 4: '16'}, {0: 'Family and consumer sciences', 1: '', 2: '', 3: '0.0%', 4: '19'}, {0: 'Law/legal studies', 1: '', 2: '', 3: '0.0%', 4: '22'}, {0: 'English', 1: '', 2: '', 3: '1.9%', 4: '23'}, {0: 'Liberal arts/general studies', 1: '', 2: '', 3: '1.3%', 4: '24'}, {0: 'Library science', 1: '', 2: '', 3: '0.0%', 4: '25'}, {0: 'Biological/life sciences', 1: '', 2: '', 3: '4.4%', 4: '26'}, {0: 'Mathematics and statistics', 1: '', 2: '', 3: '1.0%', 4: '27'}, {0: 'Military science and military technologies', 1: '', 2: '', 3: '0.0%', 4: '28 & 29'}, {0: 'Interdisciplinary studies', 1: '', 2: '', 3: '1.6%', 4: '30'}, {0: 'Parks and recreation', 1: '', 2: '', 3: '0.0%', 4: '31'}, {0: 'Philosophy and religious studies', 1: '', 2: '', 3: '0.1%', 4: '38'}, {0: 'Theology and religious vocations', 1: '', 2: '', 3: '0.0%', 4: '39'}, {0: 'Physical sciences', 1: '', 2: '', 3: '0.5%', 4: '40'}, {0: 'Science technologies', 1: '', 2: '', 3: '0.0%', 4: '41'}, {0: 'Psychology', 1: '', 2: '', 3: '5.6%', 4: '42'}, {0: 'Homeland Security, law enforcement, firefighting,', 1: '', 2: '', 3: '0.0%', 4: '43'}, {0: 'Public administration and social services', 1: '', 2: '', 3: '0.6%', 4: '44'}, {0: 'Social sciences', 1: '', 2: '', 3: '8.1%', 4: '45'}, {0: 'Construction trades', 1: '', 2: '', 3: '0.0%', 4: '46'}, {0: 'Mechanic and repair technologies', 1: '', 2: '', 3: '0.0%', 4: '47'}, {0: 'Precision production', 1: '', 2: '', 3: '0.0%', 4: '48'}, {0: 'Transportation and materials moving', 1: '', 2: '', 3: '0.0%', 4: '49'}, {0: 'Visual and performing arts', 1: '', 2: '', 3: '1.0%', 4: '50'}, {0: 'Health professions and related programs', 1: '', 2: '', 3: '17.8%', 4: '51'}, {0: 'Business/marketing', 1: '', 2: '', 3: '41.6%', 4: '52'}, {0: 'History', 1: '', 2: '', 3: '0.9%', 4: '54'}, {0: 'Other', 1: '', 2: '', 3: '', 4: ''}, {0: 'TOTAL (should = 100%)', 1: '0.00%', 2: '0.00%', 3: '100.00%', 4: ''}]]","<table> <tr> <td> Category </td> <td> Diploma/Certificates </td> <td> Associate </td> <td> Bachelor’s </td> <td> CIP 2020 Categories <br/> to Include </td> </tr> <tr> <td> Agriculture </td> <td> </td> <td> </td> <td> 0.0% </td> <td> 01 </td> </tr> <tr> <td> Natural resources and conservation </td> <td> </td> <td> </td> <td> 0.4% </td> <td> 03 </td> </tr> <tr> <td> Architecture </td> <td> </td> <td> </td> <td> 0.0% </td> <td> 04 </td> </tr> <tr> <td> Area, ethnic, and gender studies </td> <td> </td> <td> </td> <td> 0.1% </td> <td> 05 </td> </tr> <tr> <td> Communication/journalism </td> <td> </td> <td> </td> <td> 5.8% </td> <td> 09 </td> </tr> <tr> <td> Communication technologies </td> <td> </td> <td> </td> <td> 0.0% </td> <td> 10 </td> </tr> <tr> <td> Computer and information sciences </td> <td> </td> <td> </td> <td> 2.6% </td> <td> 11 </td> </tr> <tr> <td> Personal and culinary services </td> <td> </td> <td> </td> <td> 0.0% </td> <td> 12 </td> </tr> <tr> <td> Education </td> <td> </td> <td> </td> <td> 0.0% </td> <td> 13 </td> </tr> <tr> <td> Engineering </td> <td> </td> <td> </td> <td> 4.3% </td> <td> 14 </td> </tr> <tr> <td> Engineering technologies </td> <td> </td> <td> </td> <td> 0.0% </td> <td> 15 </td> </tr> <tr> <td> Foreign languages, literatures, and linguistics </td> <td> </td> <td> </td> <td> 0.6% </td> <td> 16 </td> </tr> <tr> <td> Family and consumer sciences </td> <td> </td> <td> </td> <td> 0.0% </td> <td> 19 </td> </tr> <tr> <td> Law/legal studies </td> <td> </td> <td> </td> <td> 0.0% </td> <td> 22 </td> </tr> <tr> <td> English </td> <td> </td> <td> </td> <td> 1.9% </td> <td> 23 </td> </tr> <tr> <td> Liberal arts/general studies </td> <td> </td> <td> </td> <td> 1.3% </td> <td> 24 </td> </tr> <tr> <td> Library science </td> <td> </td> <td> </td> <td> 0.0% </td> <td> 25 </td> </tr> <tr> <td> Biological/life sciences </td> <td> </td> <td> </td> <td> 4.4% </td> <td> 26 </td> </tr> <tr> <td> Mathematics and statistics </td> <td> </td> <td> </td> <td> 1.0% </td> <td> 27 </td> </tr> <tr> <td> Military science and military technologies </td> <td> </td> <td> </td> <td> 0.0% </td> <td> 28 &amp; 29 </td> </tr> <tr> <td> Interdisciplinary studies </td> <td> </td> <td> </td> <td> 1.6% </td> <td> 30 </td> </tr> <tr> <td> Parks and recreation </td> <td> </td> <td> </td> <td> 0.0% </td> <td> 31 </td> </tr> <tr> <td> Philosophy and religious studies </td> <td> </td> <td> </td> <td> 0.1% </td> <td> 38 </td> </tr> <tr> <td> Theology and religious vocations </td> <td> </td> <td> </td> <td> 0.0% </td> <td> 39 </td> </tr> <tr> <td> Physical sciences </td> <td> </td> <td> </td> <td> 0.5% </td> <td> 40 </td> </tr> <tr> <td> Science technologies </td> <td> </td> <td> </td> <td> 0.0% </td> <td> 41 </td> </tr> <tr> <td> Psychology </td> <td> </td> <td> </td> <td> 5.6% </td> <td> 42 </td> </tr> <tr> <td> Homeland Security, law enforcement, firefighting, </td> <td> </td> <td> </td> <td> 0.0% </td> <td> 43 </td> </tr> <tr> <td> Public administration and social services </td> <td> </td> <td> </td> <td> 0.6% </td> <td> 44 </td> </tr> <tr> <td> Social sciences </td> <td> </td> <td> </td> <td> 8.1% </td> <td> 45 </td> </tr> <tr> <td> Construction trades </td> <td> </td> <td> </td> <td> 0.0% </td> <td> 46 </td> </tr> <tr> <td> Mechanic and repair technologies </td> <td> </td> <td> </td> <td> 0.0% </td> <td> 47 </td> </tr> <tr> <td> Precision production </td> <td> </td> <td> </td> <td> 0.0% </td> <td> 48 </td> </tr> <tr> <td> Transportation and materials moving </td> <td> </td> <td> </td> <td> 0.0% </td> <td> 49 </td> </tr> <tr> <td> Visual and performing arts </td> <td> </td> <td> </td> <td> 1.0% </td> <td> 50 </td> </tr> <tr> <td> Health professions and related programs </td> <td> </td> <td> </td> <td> 17.8% </td> <td> 51 </td> </tr> <tr> <td> Business/marketing </td> <td> </td> <td> </td> <td> 41.6% </td> <td> 52 </td> </tr> <tr> <td> History </td> <td> </td> <td> </td> <td> 0.9% </td> <td> 54 </td> </tr> <tr> <td> Other </td> <td> </td> <td> </td> <td> </td> <td> </td> </tr> <tr> <td> TOTAL (should = 100%) </td> <td> 0.00% </td> <td> 0.00% </td> <td> 100.00% </td> <td> </td> </tr> </table>",129242,../data/cds-docs/2022-2023/129242.pdf,2022-2023
B,1,B1,Institutional Enrollment - Men and Women,"[[{0: 'ti t d b d t d', 1: 't l\nthi li k\nFULL-TIME', 2: 't l\nthi li k\nFULL-TIME', 3: 'PART-TIME', 4: 'PART-TIME'}, {0: 'ti t d b d t d', 1: 'Men\nWomen', 2: 'Men\nWomen', 3: 'Men\nWomen', 4: 'Men\nWomen'}, {0: 'Undergraduates', 1: 'Undergraduates', 2: 'Undergraduates', 3: 'Undergraduates', 4: 'Undergraduates'}, {0: 'Degree-seeking, first-time\nfreshmen', 1: '548', 2: '708', 3: '0', 4: '0'}, {0: 'Other first-year, degree-seeking', 1: '12', 2: '21', 3: '0', 4: '0'}, {0: 'All other degree-seeking', 1: '1,312', 2: '1,884', 3: '32', 4: '31'}, {0: 'Total degree-seeking', 1: '1,872', 2: '2,613', 3: '32', 4: '31'}, {0: 'All other undergraduates\nenrolled in credit courses', 1: '1', 2: '0', 3: '32', 4: '22'}, {0: 'Total undergraduates', 1: '1,873', 2: '2,613', 3: '64', 4: '53'}, {0: 'Graduate', 1: 'Graduate', 2: 'Graduate', 3: 'Graduate', 4: 'Graduate'}, {0: 'Degree-seeking, first-time', 1: '125', 2: '160', 3: '50', 4: '113'}, {0: 'All other degree-seeking', 1: '85', 2: '197', 3: '145', 4: '348'}, {0: 'All other graduates enrolled in\ncredit courses', 1: '0', 2: '0', 3: '0', 4: '0'}, {0: 'Total graduate', 1: '210', 2: '357', 3: '195', 4: '461'}, {0: 'Total all students', 1: '2,083', 2: '2,970', 3: '259', 4: '514'}]]","<table> <tr> <td rowspan=""2""> ti t d b d t d </td> <td colspan=""2""> t l <br/> thi li k <br/> FULL-TIME </td> <td colspan=""2""> PART-TIME </td> </tr> <tr> <td colspan=""2""> Men <br/> Women </td> <td colspan=""2""> Men <br/> Women </td> </tr> <tr> <td colspan=""5""> Undergraduates </td> </tr> <tr> <td> Degree-seeking, first-time <br/> freshmen </td> <td> 548 </td> <td> 708 </td> <td> 0 </td> <td> 0 </td> </tr> <tr> <td> Other first-year, degree-seeking </td> <td> 12 </td> <td> 21 </td> <td> 0 </td> <td> 0 </td> </tr> <tr> <td> All other degree-seeking </td> <td> 1,312 </td> <td> 1,884 </td> <td> 32 </td> <td> 31 </td> </tr> <tr> <td> Total degree-seeking </td> <td> 1,872 </td> <td> 2,613 </td> <td> 32 </td> <td> 31 </td> </tr> <tr> <td> All other undergraduates <br/> enrolled in credit courses </td> <td> 1 </td> <td> 0 </td> <td> 32 </td> <td> 22 </td> </tr> <tr> <td> Total undergraduates </td> <td> 1,873 </td> <td> 2,613 </td> <td> 64 </td> <td> 53 </td> </tr> <tr> <td colspan=""5""> Graduate </td> </tr> <tr> <td> Degree-seeking, first-time </td> <td> 125 </td> <td> 160 </td> <td> 50 </td> <td> 113 </td> </tr> <tr> <td> All other degree-seeking </td> <td> 85 </td> <td> 197 </td> <td> 145 </td> <td> 348 </td> </tr> <tr> <td> All other graduates enrolled in <br/> credit courses </td> <td> 0 </td> <td> 0 </td> <td> 0 </td> <td> 0 </td> </tr> <tr> <td> Total graduate </td> <td> 210 </td> <td> 357 </td> <td> 195 </td> <td> 461 </td> </tr> <tr> <td> Total all students </td> <td> 2,083 </td> <td> 2,970 </td> <td> 259 </td> <td> 514 </td> </tr> </table>",129242,../data/cds-docs/2021-2022/129242.pdf,2021-2022
B,2,B2,Enrollment by Racial/Ethnic Category.,"[[{0: '', 1: 'Degree-Seeking\nFirst-Time\nFirst Year', 2: 'Degree-Seeking\nUndergraduates\n(include first-time\nfirst-year)', 3: 'Total\nUndergraduates\n(both degree- and\nnon-degree\ufffe\nseeking)'}, {0: 'Nonresident aliens', 1: '21', 2: '127', 3: '128'}, {0: 'Hispanic/Latino', 1: '82', 2: '301', 3: '301'}, {0: 'Black or African American, non-Hispanic', 1: '12', 2: '71', 3: '71'}, {0: 'White, non-Hispanic', 1: '1,038', 2: '3,571', 3: '3,580'}, {0: 'American Indian or Alaska Native, non-Hispanic', 1: '0', 2: '2', 3: '2'}, {0: 'Asian, non-Hispanic', 1: '32', 2: '122', 3: '123'}, {0: 'Native Hawaiian or other Pacific Islander, non\ufffe\nHispanic', 1: '0', 2: '2', 3: '2'}, {0: 'Two or more races, non-Hispanic', 1: '22', 2: '77', 3: '77'}, {0: 'Race and/or ethnicity unknown', 1: '49', 2: '275', 3: '319'}, {0: 'TOTAL', 1: '1,256', 2: '4,548', 3: '4,603'}]]","<table> <tr> <td> </td> <td> Degree-Seeking <br/> First-Time <br/> First Year </td> <td> Degree-Seeking <br/> Undergraduates <br/> (include first-time <br/> first-year) </td> <td> Total <br/> Undergraduates <br/> (both degree- and <br/> non-degree￾ <br/> seeking) </td> </tr> <tr> <td> Nonresident aliens </td> <td> 21 </td> <td> 127 </td> <td> 128 </td> </tr> <tr> <td> Hispanic/Latino </td> <td> 82 </td> <td> 301 </td> <td> 301 </td> </tr> <tr> <td> Black or African American, non-Hispanic </td> <td> 12 </td> <td> 71 </td> <td> 71 </td> </tr> <tr> <td> White, non-Hispanic </td> <td> 1,038 </td> <td> 3,571 </td> <td> 3,580 </td> </tr> <tr> <td> American Indian or Alaska Native, non-Hispanic </td> <td> 0 </td> <td> 2 </td> <td> 2 </td> </tr> <tr> <td> Asian, non-Hispanic </td> <td> 32 </td> <td> 122 </td> <td> 123 </td> </tr> <tr> <td> Native Hawaiian or other Pacific Islander, non￾ <br/> Hispanic </td> <td> 0 </td> <td> 2 </td> <td> 2 </td> </tr> <tr> <td> Two or more races, non-Hispanic </td> <td> 22 </td> <td> 77 </td> <td> 77 </td> </tr> <tr> <td> Race and/or ethnicity unknown </td> <td> 49 </td> <td> 275 </td> <td> 319 </td> </tr> <tr> <td> TOTAL </td> <td> 1,256 </td> <td> 4,548 </td> <td> 4,603 </td> </tr> </table>",129242,../data/cds-docs/2021-2022/129242.pdf,2021-2022
B,4,B4,-B21: Graduation Rates,"[[{0: '', 1: 'Recipients of a\nFederal Grant Pell', 2: 'Recipients of a\nSubsidized\nStafford Loan\nwho did not\nreceive a Pell\nGrant', 3: 'Students who did\nnot receive either\na Pell Grant or a\nsubsidized\nStafford Loan', 4: 'Total\n(sum of 3 columns\nto the left)'}, {0: ""Initial 2015 cohort of first-time, full\ufffe\ntime, bachelor's (or equivalent)\ndegree-seeking undergraduate\nstudents"", 1: '116', 2: '297', 3: '553', 4: '966'}, {0: 'Of the initial 2015 cohort, how many\ndid not persist and did not graduate\nfor the following reasons:\n• Deceased\n• Permanently Disabled\n• Armed Forces\n• Foreign Aid Service of the Federal\nGovernment\n• Official church missions\n• Report Total Allowable Exclusions', 1: '0', 2: '0', 3: '1', 4: '1'}, {0: 'Final 2015 cohort, after adjusting for\nallowable exclusions', 1: '116', 2: '297', 3: '552', 4: '965'}, {0: 'Of the initial 2015 cohort, how many\ncompleted the program in four years\nor less (by Aug. 31, 2019)', 1: '88', 2: '244', 3: '457', 4: '789'}, {0: 'Of the initial 2015 cohort, how many\ncompleted the program in more than\nfour years but in five years or less\n(after Aug. 31, 2019 and by Aug. 31,\n2020)', 1: '2', 2: '6', 3: '10', 4: '18'}, {0: 'Of the initial 2015 cohort, how many\ncompleted the program in more than\nfive years but in six years or less\n(after Aug. 31, 2020 and by Aug. 31,\n2021)', 1: '1', 2: '1', 3: '1', 4: '3'}, {0: 'Total graduating within six years\n(sum of lines D, E, and F)', 1: '91', 2: '251', 3: '468', 4: '810'}, {0: 'Six-year graduation rate for 2015\ncohort (G divided by C)', 1: '78%', 2: '85%', 3: '85%', 4: '84%'}]]","<table> <tr> <td> </td> <td> Recipients of a <br/> Federal Grant Pell </td> <td> Recipients of a <br/> Subsidized <br/> Stafford Loan <br/> who did not <br/> receive a Pell <br/> Grant </td> <td> Students who did <br/> not receive either <br/> a Pell Grant or a <br/> subsidized <br/> Stafford Loan </td> <td> Total <br/> (sum of 3 columns <br/> to the left) </td> </tr> <tr> <td> Initial 2015 cohort of first-time, full￾ <br/> time, bachelor's (or equivalent) <br/> degree-seeking undergraduate <br/> students </td> <td> 116 </td> <td> 297 </td> <td> 553 </td> <td> 966 </td> </tr> <tr> <td> Of the initial 2015 cohort, how many <br/> did not persist and did not graduate <br/> for the following reasons: <br/> • Deceased <br/> • Permanently Disabled <br/> • Armed Forces <br/> • Foreign Aid Service of the Federal <br/> Government <br/> • Official church missions <br/> • Report Total Allowable Exclusions </td> <td> 0 </td> <td> 0 </td> <td> 1 </td> <td> 1 </td> </tr> <tr> <td> Final 2015 cohort, after adjusting for <br/> allowable exclusions </td> <td> 116 </td> <td> 297 </td> <td> 552 </td> <td> 965 </td> </tr> <tr> <td> Of the initial 2015 cohort, how many <br/> completed the program in four years <br/> or less (by Aug. 31, 2019) </td> <td> 88 </td> <td> 244 </td> <td> 457 </td> <td> 789 </td> </tr> <tr> <td> Of the initial 2015 cohort, how many <br/> completed the program in more than <br/> four years but in five years or less <br/> (after Aug. 31, 2019 and by Aug. 31, <br/> 2020) </td> <td> 2 </td> <td> 6 </td> <td> 10 </td> <td> 18 </td> </tr> <tr> <td> Of the initial 2015 cohort, how many <br/> completed the program in more than <br/> five years but in six years or less <br/> (after Aug. 31, 2020 and by Aug. 31, <br/> 2021) </td> <td> 1 </td> <td> 1 </td> <td> 1 </td> <td> 3 </td> </tr> <tr> <td> Total graduating within six years <br/> (sum of lines D, E, and F) </td> <td> 91 </td> <td> 251 </td> <td> 468 </td> <td> 810 </td> </tr> <tr> <td> Six-year graduation rate for 2015 <br/> cohort (G divided by C) </td> <td> 78% </td> <td> 85% </td> <td> 85% </td> <td> 84% </td> </tr> </table>",129242,../data/cds-docs/2021-2022/129242.pdf,2021-2022
B,12,B12,"Initial cohort, total of first-time, full-time degree/certificate-seeking students:","[[{0: '', 1: '2018 Cohort', 2: '2017 Cohort'}, {0: 'Initial cohort, total of first-time, full-time degree/certificate-seeking students:', 1: '', 2: ''}, {0: 'Of the initial cohort, how many did not persist and did not graduate for the\nfollowing reasons:\n• • Death Permanently Disability\n• Service in the armed forces,\n• Foreign aid service of the federal government\n• Official church missions\n• Report total allowable exclusions', 1: '', 2: ''}, {0: 'Final cohort, after adjusting for allowable exclusions:', 1: '0', 2: '0'}, {0: 'Completers of programs of less than two years duration (total):', 1: '', 2: ''}, {0: 'Completers of programs of less than two years within 150 percent of normal\ntime:', 1: '', 2: ''}, {0: 'Completers of programs of at least two but less than four years (total):', 1: '', 2: ''}, {0: 'Completers of programs of at least two but less than four-years within 150\npercent of normal time:', 1: '', 2: ''}, {0: 'Total transfers-out (within three years) to other institutions:', 1: '', 2: ''}]]","<table> <tr> <td> </td> <td> 2018 Cohort </td> <td> 2017 Cohort </td> </tr> <tr> <td> Initial cohort, total of first-time, full-time degree/certificate-seeking students: </td> <td> </td> <td> </td> </tr> <tr> <td> Of the initial cohort, how many did not persist and did not graduate for the <br/> following reasons: <br/> • • Death Permanently Disability <br/> • Service in the armed forces, <br/> • Foreign aid service of the federal government <br/> • Official church missions <br/> • Report total allowable exclusions </td> <td> </td> <td> </td> </tr> <tr> <td> Final cohort, after adjusting for allowable exclusions: </td> <td> 0 </td> <td> 0 </td> </tr> <tr> <td> Completers of programs of less than two years duration (total): </td> <td> </td> <td> </td> </tr> <tr> <td> Completers of programs of less than two years within 150 percent of normal <br/> time: </td> <td> </td> <td> </td> </tr> <tr> <td> Completers of programs of at least two but less than four years (total): </td> <td> </td> <td> </td> </tr> <tr> <td> Completers of programs of at least two but less than four-years within 150 <br/> percent of normal time: </td> <td> </td> <td> </td> </tr> <tr> <td> Total transfers-out (within three years) to other institutions: </td> <td> </td> <td> </td> </tr> </table>",129242,../data/cds-docs/2021-2022/129242.pdf,2021-2022
C,1,C1,"First-time, first-year (freshman) students: Provide the number of degree-seeking, first-time, first-year","[[{0: 'Total first-time, first-year', 1: '(freshman)', 2: 'men who applied', 3: '5088'}, {0: 'Total first-time, first-year', 1: '(freshman)', 2: 'women who applied', 3: '7586'}], [{0: 'Total first-time, first-year', 1: '(freshman)', 2: 'men who were admitted', 3: '2990'}, {0: 'Total first-time, first-year', 1: '(freshman)', 2: 'women who were admitted', 3: '4083'}], [{0: 'Total full-time, first-time, first-year (freshman) men who enrolled', 1: '548'}, {0: 'Total part-time, first-time, first-year (freshman) men who enrolled', 1: '0'}], [{0: 'Total full-time, first-time, first-year (freshman) women who enrolled', 1: '708'}, {0: 'Total part-time, first-time, first-year (freshman) women who enrolled', 1: '0'}], [{0: 'Total first-time, first-year (degree-seeking) who applied', 1: 'Total first-time, first-year (degree-seeking) who applied', 2: 'Total first-time, first-year (degree-seeking) who applied', 3: '12674'}, {0: 'Total first-time, first-year (degree-seeking) who were admitted', 1: 'Total first-time, first-year (degree-seeking) who were admitted', 2: 'Total first-time, first-year (degree-seeking) who were admitted', 3: '7073'}, {0: 'Total first-time, first-year', 1: '(degree-seeking)', 2: 'who enrolled', 3: '1256'}]]","<table> <tr> <td> Total first-time, first-year </td> <td> (freshman) </td> <td> men who applied </td> <td> 5088 </td> </tr> <tr> <td> Total first-time, first-year </td> <td> (freshman) </td> <td> women who applied </td> <td> 7586 </td> </tr> </table><div class=""separator""></div><table> <tr> <td> Total first-time, first-year </td> <td> (freshman) </td> <td> men who were admitted </td> <td> 2990 </td> </tr> <tr> <td> Total first-time, first-year </td> <td> (freshman) </td> <td> women who were admitted </td> <td> 4083 </td> </tr> </table><div class=""separator""></div><table> <tr> <td> Total full-time, first-time, first-year (freshman) men who enrolled </td> <td> 548 </td> </tr> <tr> <td> Total part-time, first-time, first-year (freshman) men who enrolled </td> <td> 0 </td> </tr> </table><div class=""separator""></div><table> <tr> <td> Total full-time, first-time, first-year (freshman) women who enrolled </td> <td> 708 </td> </tr> <tr> <td> Total part-time, first-time, first-year (freshman) women who enrolled </td> <td> 0 </td> </tr> </table><div class=""separator""></div><table> <tr> <td colspan=""3""> Total first-time, first-year (degree-seeking) who applied </td> <td> 12674 </td> </tr> <tr> <td colspan=""3""> Total first-time, first-year (degree-seeking) who were admitted </td> <td> 7073 </td> </tr> <tr> <td> Total first-time, first-year </td> <td> (degree-seeking) </td> <td> who enrolled </td> <td> 1256 </td> </tr> </table>",129242,../data/cds-docs/2021-2022/129242.pdf,2021-2022
C,2,C2,Freshman wait-listed students,"[[{0: 'WAITING LIST', 1: 'TOTAL'}, {0: 'Number of qualified applicants offered a place on waiting list:', 1: '4323'}, {0: 'Number accepting a place on the waiting list:', 1: '1256'}, {0: 'Number of wait-listed students admitted:', 1: '39'}]]",<table> <tr> <td> WAITING LIST </td> <td> TOTAL </td> </tr> <tr> <td> Number of qualified applicants offered a place on waiting list: </td> <td> 4323 </td> </tr> <tr> <td> Number accepting a place on the waiting list: </td> <td> 1256 </td> </tr> <tr> <td> Number of wait-listed students admitted: </td> <td> 39 </td> </tr> </table>,129242,../data/cds-docs/2021-2022/129242.pdf,2021-2022
C,5,C5,Distribution of high school units required and/or recommended. Specify the distribution of academic,"[[{0: '', 1: 'Required Units', 2: 'Units\nRecommended'}, {0: 'Total academic units', 1: '16', 2: '20'}, {0: 'English', 1: '4', 2: '4'}, {0: 'Mathematics', 1: '3', 2: '4'}, {0: 'Science', 1: '3', 2: '4'}]]",<table> <tr> <td> </td> <td> Required Units </td> <td> Units <br/> Recommended </td> </tr> <tr> <td> Total academic units </td> <td> 16 </td> <td> 20 </td> </tr> <tr> <td> English </td> <td> 4 </td> <td> 4 </td> </tr> <tr> <td> Mathematics </td> <td> 3 </td> <td> 4 </td> </tr> <tr> <td> Science </td> <td> 3 </td> <td> 4 </td> </tr> </table>,129242,../data/cds-docs/2021-2022/129242.pdf,2021-2022
C,7,C7,"Relative importance of each of the following academic and nonacademic factors in your first-time,","[[{0: '', 1: 'Very Important', 2: 'Important', 3: 'Considered', 4: 'Not Considered'}, {0: 'Academic', 1: 'Academic', 2: 'Academic', 3: 'Academic', 4: 'Academic'}, {0: 'Rigor of secondary school\nrecord', 1: 'x', 2: '', 3: '', 4: ''}, {0: 'Class rank', 1: '', 2: '', 3: 'x', 4: ''}, {0: 'Academic GPA', 1: 'x', 2: '', 3: '', 4: ''}, {0: 'Standardized test scores', 1: '', 2: '', 3: 'x', 4: ''}, {0: 'Application Essay', 1: 'x', 2: '', 3: '', 4: ''}, {0: 'Recommendation(s)', 1: 'x', 2: '', 3: '', 4: ''}, {0: 'Nonacademic', 1: 'Nonacademic', 2: 'Nonacademic', 3: 'Nonacademic', 4: 'Nonacademic'}, {0: 'Interview', 1: '', 2: 'x', 3: '', 4: ''}, {0: 'Extracurricular activities', 1: '', 2: 'x', 3: '', 4: ''}, {0: 'Talent/ability', 1: '', 2: 'x', 3: '', 4: ''}, {0: 'Character/personal qualities', 1: '', 2: 'x', 3: '', 4: ''}, {0: 'First generation', 1: '', 2: 'x', 3: '', 4: ''}, {0: 'Alumni/ae relation', 1: '', 2: '', 3: 'x', 4: ''}, {0: 'Geographical residence', 1: '', 2: '', 3: 'x', 4: ''}, {0: 'State residency', 1: '', 2: '', 3: '', 4: 'x'}, {0: 'Religious affiliation/commitment', 1: '', 2: '', 3: '', 4: 'x'}, {0: 'Racial/ethnic status', 1: '', 2: '', 3: 'x', 4: ''}, {0: 'Volunteer work', 1: '', 2: 'x', 3: '', 4: ''}, {0: 'Work experience', 1: '', 2: 'x', 3: '', 4: ''}, {0: 'Level of applicant’s interest', 1: '', 2: 'x', 3: '', 4: ''}]]","<table> <tr> <td> </td> <td> Very Important </td> <td> Important </td> <td> Considered </td> <td> Not Considered </td> </tr> <tr> <td colspan=""5""> Academic </td> </tr> <tr> <td> Rigor of secondary school <br/> record </td> <td> x </td> <td> </td> <td> </td> <td> </td> </tr> <tr> <td> Class rank </td> <td> </td> <td> </td> <td> x </td> <td> </td> </tr> <tr> <td> Academic GPA </td> <td> x </td> <td> </td> <td> </td> <td> </td> </tr> <tr> <td> Standardized test scores </td> <td> </td> <td> </td> <td> x </td> <td> </td> </tr> <tr> <td> Application Essay </td> <td> x </td> <td> </td> <td> </td> <td> </td> </tr> <tr> <td> Recommendation(s) </td> <td> x </td> <td> </td> <td> </td> <td> </td> </tr> <tr> <td colspan=""5""> Nonacademic </td> </tr> <tr> <td> Interview </td> <td> </td> <td> x </td> <td> </td> <td> </td> </tr> <tr> <td> Extracurricular activities </td> <td> </td> <td> x </td> <td> </td> <td> </td> </tr> <tr> <td> Talent/ability </td> <td> </td> <td> x </td> <td> </td> <td> </td> </tr> <tr> <td> Character/personal qualities </td> <td> </td> <td> x </td> <td> </td> <td> </td> </tr> <tr> <td> First generation </td> <td> </td> <td> x </td> <td> </td> <td> </td> </tr> <tr> <td> Alumni/ae relation </td> <td> </td> <td> </td> <td> x </td> <td> </td> </tr> <tr> <td> Geographical residence </td> <td> </td> <td> </td> <td> x </td> <td> </td> </tr> <tr> <td> State residency </td> <td> </td> <td> </td> <td> </td> <td> x </td> </tr> <tr> <td> Religious affiliation/commitment </td> <td> </td> <td> </td> <td> </td> <td> x </td> </tr> <tr> <td> Racial/ethnic status </td> <td> </td> <td> </td> <td> x </td> <td> </td> </tr> <tr> <td> Volunteer work </td> <td> </td> <td> x </td> <td> </td> <td> </td> </tr> <tr> <td> Work experience </td> <td> </td> <td> x </td> <td> </td> <td> </td> </tr> <tr> <td> Level of applicant’s interest </td> <td> </td> <td> x </td> <td> </td> <td> </td> </tr> </table>",129242,../data/cds-docs/2021-2022/129242.pdf,2021-2022
C,8,C8,"A If yes, place check marks in the appropriate boxes below to reflect your institution’s policies for use in","[[{0: '', 1: 'ADMISSION', 2: 'ADMISSION', 3: 'ADMISSION', 4: 'ADMISSION', 5: 'ADMISSION'}, {0: '', 1: 'Require', 2: 'Recommend', 3: 'Require for Some', 4: 'Consider if\nSubmitted', 5: 'Used Not'}, {0: 'SAT or ACT', 1: '', 2: '', 3: '', 4: 'x', 5: ''}, {0: 'ACT Only', 1: '', 2: '', 3: '', 4: 'x', 5: ''}, {0: 'SAT Only', 1: '', 2: '', 3: '', 4: 'x', 5: ''}, {0: 'SAT and SAT Subject Tests or', 1: '', 2: '', 3: '', 4: 'x', 5: ''}, {0: 'SAT Subject Tests', 1: '', 2: '', 3: '', 4: '', 5: 'x'}]]","<table> <tr> <td rowspan=""2""> </td> <td colspan=""5""> ADMISSION </td> </tr> <tr> <td> Require </td> <td> Recommend </td> <td> Require for Some </td> <td> Consider if <br/> Submitted </td> <td> Used Not </td> </tr> <tr> <td> SAT or ACT </td> <td> </td> <td> </td> <td> </td> <td> x </td> <td> </td> </tr> <tr> <td> ACT Only </td> <td> </td> <td> </td> <td> </td> <td> x </td> <td> </td> </tr> <tr> <td> SAT Only </td> <td> </td> <td> </td> <td> </td> <td> x </td> <td> </td> </tr> <tr> <td> SAT and SAT Subject Tests or </td> <td> </td> <td> </td> <td> </td> <td> x </td> <td> </td> </tr> <tr> <td> SAT Subject Tests </td> <td> </td> <td> </td> <td> </td> <td> </td> <td> x </td> </tr> </table>",129242,../data/cds-docs/2021-2022/129242.pdf,2021-2022
C,9,C9,"Percent and number of first-time, first-year (freshman) students enrolled in Fall 2021 who submitted","[[{0: '24%', 1: '296'}, {0: '7%', 1: '83'}]]",<table> <tr> <td> 24% </td> <td> 296 </td> </tr> <tr> <td> 7% </td> <td> 83 </td> </tr> </table>,129242,../data/cds-docs/2021-2022/129242.pdf,2021-2022
C,10,C10,"Percent of all degree-seeking, first-time, first-year (freshman) students who had high school class","[[{0: 'Assessment', 1: 'Percent'}, {0: 'Percent in top tenth of high school graduating class', 1: '38%'}, {0: 'Percent in top quarter of high school graduating class', 1: '72%'}, {0: 'Percent in top half of high school graduating class', 1: '95%'}, {0: 'Percent in bottom half of high school graduating class', 1: '5%'}, {0: 'Percent in bottom quarter of high school graduating class', 1: '1%'}, {0: 'Percent of total first-time, first-year (freshmen) students who submitted', 1: '15%'}]]","<table> <tr> <td> Assessment </td> <td> Percent </td> </tr> <tr> <td> Percent in top tenth of high school graduating class </td> <td> 38% </td> </tr> <tr> <td> Percent in top quarter of high school graduating class </td> <td> 72% </td> </tr> <tr> <td> Percent in top half of high school graduating class </td> <td> 95% </td> </tr> <tr> <td> Percent in bottom half of high school graduating class </td> <td> 5% </td> </tr> <tr> <td> Percent in bottom quarter of high school graduating class </td> <td> 1% </td> </tr> <tr> <td> Percent of total first-time, first-year (freshmen) students who submitted </td> <td> 15% </td> </tr> </table>",129242,../data/cds-docs/2021-2022/129242.pdf,2021-2022
C,11,C11,"Percentage of all enrolled, degree-seeking, first-time, first-year (freshman) students who had high","[[{0: 'Score Range', 1: 'Percent'}, {0: 'Percent who had GPA of 4.0', 1: '25.10%'}, {0: 'Percent who had GPA between 3.75 and 3.99', 1: '21.80%'}, {0: 'Percent who had GPA between 3.50 and 3.74', 1: '22.93%'}, {0: 'Percent who had GPA between 3.25 and 3.49', 1: '15.21%'}, {0: 'Percent who had GPA between 3.00 and 3.24', 1: '8.85%'}, {0: 'Percent who had GPA between 2.50 and 2.99', 1: '5.31%'}, {0: 'Percent who had GPA between 2.0 and 2.49', 1: '0.80%'}, {0: 'Percent who had GPA between 1.0 and 1.99', 1: ''}, {0: 'Percent who had GPA below 1.0', 1: ''}, {0: 'Totals should = 100%', 1: '100.00%'}]]",<table> <tr> <td> Score Range </td> <td> Percent </td> </tr> <tr> <td> Percent who had GPA of 4.0 </td> <td> 25.10% </td> </tr> <tr> <td> Percent who had GPA between 3.75 and 3.99 </td> <td> 21.80% </td> </tr> <tr> <td> Percent who had GPA between 3.50 and 3.74 </td> <td> 22.93% </td> </tr> <tr> <td> Percent who had GPA between 3.25 and 3.49 </td> <td> 15.21% </td> </tr> <tr> <td> Percent who had GPA between 3.00 and 3.24 </td> <td> 8.85% </td> </tr> <tr> <td> Percent who had GPA between 2.50 and 2.99 </td> <td> 5.31% </td> </tr> <tr> <td> Percent who had GPA between 2.0 and 2.49 </td> <td> 0.80% </td> </tr> <tr> <td> Percent who had GPA between 1.0 and 1.99 </td> <td> </td> </tr> <tr> <td> Percent who had GPA below 1.0 </td> <td> </td> </tr> <tr> <td> Totals should = 100% </td> <td> 100.00% </td> </tr> </table>,129242,../data/cds-docs/2021-2022/129242.pdf,2021-2022
C,14,C14,Application closing date,"[[{0: '', 1: 'Date'}, {0: 'Application closing date (fall)', 1: '15-Jan'}, {0: 'Priority Date', 1: ''}]]",<table> <tr> <td> </td> <td> Date </td> </tr> <tr> <td> Application closing date (fall) </td> <td> 15-Jan </td> </tr> <tr> <td> Priority Date </td> <td> </td> </tr> </table>,129242,../data/cds-docs/2021-2022/129242.pdf,2021-2022
D,2,D2,"Provide the number of students who applied, were admitted, and enrolled as degree-seeking transfer","[[{0: '', 1: 'Applicants', 2: 'Admitted\nApplicants', 3: 'Enrolled\nApplicants'}, {0: 'Men', 1: '125', 2: '38', 3: '12'}, {0: 'Women', 1: '159', 2: '58', 3: '21'}, {0: 'Total', 1: '284', 2: '96', 3: '33'}]]",<table> <tr> <td> </td> <td> Applicants </td> <td> Admitted <br/> Applicants </td> <td> Enrolled <br/> Applicants </td> </tr> <tr> <td> Men </td> <td> 125 </td> <td> 38 </td> <td> 12 </td> </tr> <tr> <td> Women </td> <td> 159 </td> <td> 58 </td> <td> 21 </td> </tr> <tr> <td> Total </td> <td> 284 </td> <td> 96 </td> <td> 33 </td> </tr> </table>,129242,../data/cds-docs/2021-2022/129242.pdf,2021-2022
D,9,D9,Rolling,"[[{0: '', 1: 'Priority Date', 2: 'Closing Date', 3: 'Notification Date', 4: 'Reply Date', 5: 'Rolling\nAdmission'}, {0: 'Fall', 1: '4/1', 2: '', 3: '', 4: '', 5: 'x'}, {0: 'Winter', 1: '', 2: '', 3: '', 4: '', 5: ''}, {0: 'Spring', 1: '11/15', 2: '', 3: '', 4: '', 5: 'x'}, {0: 'Summer', 1: '', 2: '', 3: '', 4: '', 5: ''}]]",<table> <tr> <td> </td> <td> Priority Date </td> <td> Closing Date </td> <td> Notification Date </td> <td> Reply Date </td> <td> Rolling <br/> Admission </td> </tr> <tr> <td> Fall </td> <td> 4/1 </td> <td> </td> <td> </td> <td> </td> <td> x </td> </tr> <tr> <td> Winter </td> <td> </td> <td> </td> <td> </td> <td> </td> <td> </td> </tr> <tr> <td> Spring </td> <td> 11/15 </td> <td> </td> <td> </td> <td> </td> <td> x </td> </tr> <tr> <td> Summer </td> <td> </td> <td> </td> <td> </td> <td> </td> <td> </td> </tr> </table>,129242,../data/cds-docs/2021-2022/129242.pdf,2021-2022
D,18,D18,Does your institution accept the following military/veteran transfer credits:,"[[{0: '', 1: 'x'}, {0: 'x', 1: ''}, {0: '', 1: 'x'}]]",<table> <tr> <td> </td> <td> x </td> </tr> <tr> <td> x </td> <td> </td> </tr> <tr> <td> </td> <td> x </td> </tr> </table>,129242,../data/cds-docs/2021-2022/129242.pdf,2021-2022
F,1,F1,"Percentages of first-time, first-year (freshman) degree-seeking students and degree-","[[{0: '', 1: 'First-time, first\ufffe\nyear (freshman)\nstudents', 2: 'Undergraduates'}, {0: 'Percent who are from out of state (exclude\ninternational/nonresident aliens from the numerator\nand denominator)', 1: '85%', 2: '78%'}, {0: 'Percent of men who join fraternities', 1: 'N/A', 2: 'N/A'}, {0: 'Percent of women who join sororities', 1: 'N/A', 2: 'N/A'}, {0: 'Percent who live in college-owned, -operated, or -\naffiliated housing', 1: '97%', 2: '75%'}, {0: 'Percent who live off campus or commute', 1: '3%', 2: '25%'}, {0: 'Percent of students age 25 and older', 1: '0%', 2: '2%'}, {0: 'Average age of full-time students', 1: '18', 2: '20'}, {0: 'Average age of all students (full- and part-time)', 1: '18', 2: '20'}]]","<table> <tr> <td> </td> <td> First-time, first￾ <br/> year (freshman) <br/> students </td> <td> Undergraduates </td> </tr> <tr> <td> Percent who are from out of state (exclude <br/> international/nonresident aliens from the numerator <br/> and denominator) </td> <td> 85% </td> <td> 78% </td> </tr> <tr> <td> Percent of men who join fraternities </td> <td> N/A </td> <td> N/A </td> </tr> <tr> <td> Percent of women who join sororities </td> <td> N/A </td> <td> N/A </td> </tr> <tr> <td> Percent who live in college-owned, -operated, or - <br/> affiliated housing </td> <td> 97% </td> <td> 75% </td> </tr> <tr> <td> Percent who live off campus or commute </td> <td> 3% </td> <td> 25% </td> </tr> <tr> <td> Percent of students age 25 and older </td> <td> 0% </td> <td> 2% </td> </tr> <tr> <td> Average age of full-time students </td> <td> 18 </td> <td> 20 </td> </tr> <tr> <td> Average age of all students (full- and part-time) </td> <td> 18 </td> <td> 20 </td> </tr> </table>",129242,../data/cds-docs/2021-2022/129242.pdf,2021-2022
F,3,F3,ROTC (program offered in cooperation with Reserve Officers' Training Corps),"[[{0: '', 1: 'On Campus', 2: 'At Cooperating\nInstitution', 3: 'Name of Cooperating\nInstitution'}, {0: 'Army ROTC is offered:', 1: '', 2: 'x', 3: 'University of New Haven'}, {0: 'Naval ROTC is offered:', 1: '', 2: '', 3: ''}, {0: 'Air Force ROTC is offered:', 1: '', 2: 'x', 3: 'Yale University'}]]",<table> <tr> <td> </td> <td> On Campus </td> <td> At Cooperating <br/> Institution </td> <td> Name of Cooperating <br/> Institution </td> </tr> <tr> <td> Army ROTC is offered: </td> <td> </td> <td> x </td> <td> University of New Haven </td> </tr> <tr> <td> Naval ROTC is offered: </td> <td> </td> <td> </td> <td> </td> </tr> <tr> <td> Air Force ROTC is offered: </td> <td> </td> <td> x </td> <td> Yale University </td> </tr> </table>,129242,../data/cds-docs/2021-2022/129242.pdf,2021-2022
G,1,G1,First-Year Undergraduates,"[[{0: '', 1: 'First-Year', 2: 'Undergraduates'}, {0: 'PRIVATE INSTITUTIONS', 1: '', 2: ''}, {0: 'Tuition:', 1: '$52,070', 2: '$52,070'}, {0: 'PUBLIC INSTITUTIONS', 1: '', 2: ''}, {0: 'Tuition: In-district', 1: '', 2: ''}, {0: 'Tuition: In-state (out-of-district):', 1: '', 2: ''}, {0: 'Tuition: Out-of-state:', 1: '', 2: ''}, {0: 'Tuition: Non-resident alien', 1: '', 2: ''}, {0: 'FOR ALL INSTITUTIONS', 1: 'FOR ALL INSTITUTIONS', 2: 'FOR ALL INSTITUTIONS'}, {0: 'Required Fees', 1: '$800', 2: '$800'}, {0: 'Room and Board (on-campus):', 1: '$16,110', 2: '$16,110'}, {0: 'Room Only (on-campus):', 1: '$9,850', 2: '$9,850'}, {0: 'Board Only (on-campus meal plan):', 1: '$6,260', 2: '$6,260'}]]","<table> <tr> <td> </td> <td> First-Year </td> <td> Undergraduates </td> </tr> <tr> <td> PRIVATE INSTITUTIONS </td> <td> </td> <td> </td> </tr> <tr> <td> Tuition: </td> <td> $52,070 </td> <td> $52,070 </td> </tr> <tr> <td> PUBLIC INSTITUTIONS </td> <td> </td> <td> </td> </tr> <tr> <td> Tuition: In-district </td> <td> </td> <td> </td> </tr> <tr> <td> Tuition: In-state (out-of-district): </td> <td> </td> <td> </td> </tr> <tr> <td> Tuition: Out-of-state: </td> <td> </td> <td> </td> </tr> <tr> <td> Tuition: Non-resident alien </td> <td> </td> <td> </td> </tr> <tr> <td colspan=""3""> FOR ALL INSTITUTIONS </td> </tr> <tr> <td> Required Fees </td> <td> $800 </td> <td> $800 </td> </tr> <tr> <td> Room and Board (on-campus): </td> <td> $16,110 </td> <td> $16,110 </td> </tr> <tr> <td> Room Only (on-campus): </td> <td> $9,850 </td> <td> $9,850 </td> </tr> <tr> <td> Board Only (on-campus meal plan): </td> <td> $6,260 </td> <td> $6,260 </td> </tr> </table>",129242,../data/cds-docs/2021-2022/129242.pdf,2021-2022
G,5,G5,Provide the estimated expenses for a typical full-time undergraduate student:,"[[{0: '', 1: 'Residents', 2: 'Commuters\n(living at home)', 3: 'Commuters\n(not living at home)'}, {0: 'Books and supplies:', 1: '$1,150', 2: '$1,150', 3: '$1,150'}, {0: 'Room only:', 1: '', 2: '', 3: '$9,850'}, {0: 'Board only:', 1: '', 2: '', 3: '$6,260'}, {0: 'Room and board total*', 1: '', 2: '', 3: ''}, {0: 'Transportation:', 1: '$800', 2: '$1,350', 3: '$800'}, {0: 'Other expenses:', 1: '$930', 2: '$930', 3: '$930'}]]","<table> <tr> <td> </td> <td> Residents </td> <td> Commuters <br/> (living at home) </td> <td> Commuters <br/> (not living at home) </td> </tr> <tr> <td> Books and supplies: </td> <td> $1,150 </td> <td> $1,150 </td> <td> $1,150 </td> </tr> <tr> <td> Room only: </td> <td> </td> <td> </td> <td> $9,850 </td> </tr> <tr> <td> Board only: </td> <td> </td> <td> </td> <td> $6,260 </td> </tr> <tr> <td> Room and board total* </td> <td> </td> <td> </td> <td> </td> </tr> <tr> <td> Transportation: </td> <td> $800 </td> <td> $1,350 </td> <td> $800 </td> </tr> <tr> <td> Other expenses: </td> <td> $930 </td> <td> $930 </td> <td> $930 </td> </tr> </table>",129242,../data/cds-docs/2021-2022/129242.pdf,2021-2022
H,2,H2,Number of Enrolled Students Awarded Aid: List the number of degree-seeking full-time and less-than-,"[[{0: '', 1: '', 2: 'First-time Full\ufffe\ntime Freshmen', 3: 'Full-time\nUndergrad\n(Incl. Fresh)', 4: 'Less Full-time Than\nUndergrad'}, {0: 'A', 1: 'Number of degree-seeking undergraduate students\n(CDS Item B1 if reporting on Fall 2021 cohort)', 2: '1256', 3: '4485', 4: '63'}, {0: 'B', 1: 'Number of students in line a who applied for need\ufffe\nbased financial aid', 2: '821', 3: '2083', 4: '18'}, {0: 'C', 1: 'Number of students in line b who were determined to\nhave financial need', 2: '452', 3: '1474', 4: '15'}, {0: 'D', 1: 'Number of students in line c who were awarded any\nfinancial aid', 2: '450', 3: '1469', 4: '15'}, {0: 'E', 1: 'Number of students in line d who were awarded any\nneed-based scholarship or grant aid', 2: '329', 3: '1207', 4: '4'}, {0: 'F', 1: 'Number of students in line d who were awarded any\nneed-based self-help aid', 2: '324', 3: '1105', 4: '15'}, {0: 'G', 1: 'Number of students in line d who were awarded any\nnon-need-based scholarship or grant aid', 2: '413', 3: '1362', 4: '2'}, {0: 'H', 1: 'Number of students in line d whose need was fully met\n(exclude PLUS loans, unsubsidized loans, and private\nalternative loans)', 2: '206', 3: '568', 4: '0'}], [{0: '', 1: '', 2: 'First-time\nFull-time\nFreshmen', 3: 'Full-time\nUndergrad\n(Incl. Fresh.)', 4: 'Less Full-time Than\nUndergrad'}, {0: 'N', 1: 'Number of students in line a who had no financial need\nand who were awarded institutional non-need-based\nscholarship or grant aid (exclude those who were\nawarded athletic awards and tuition benefits)', 2: '728', 3: '2554', 4: '1'}, {0: 'O', 1: 'Average dollar amount of institutional non-need-based\nscholarship and grant aid awarded to students in line n', 2: '$ 19,474', 3: '$ 18,364', 4: '$ 17,000'}, {0: 'P', 1: 'Number of students in line a who were awarded an\ninstitutional non-need-based athletic scholarship or\ngrant', 2: '65', 3: '293', 4: '0'}, {0: 'Q', 1: 'Average dollar amount of institutional non-need-based\nathletic scholarships and grants awarded to students in\nline p', 2: '$ 22,406', 3: '$ 24,228', 4: '$ 0'}]]","<table> <tr> <td> </td> <td> </td> <td> First-time Full￾ <br/> time Freshmen </td> <td> Full-time <br/> Undergrad <br/> (Incl. Fresh) </td> <td> Less Full-time Than <br/> Undergrad </td> </tr> <tr> <td> A </td> <td> Number of degree-seeking undergraduate students <br/> (CDS Item B1 if reporting on Fall 2021 cohort) </td> <td> 1256 </td> <td> 4485 </td> <td> 63 </td> </tr> <tr> <td> B </td> <td> Number of students in line a who applied for need￾ <br/> based financial aid </td> <td> 821 </td> <td> 2083 </td> <td> 18 </td> </tr> <tr> <td> C </td> <td> Number of students in line b who were determined to <br/> have financial need </td> <td> 452 </td> <td> 1474 </td> <td> 15 </td> </tr> <tr> <td> D </td> <td> Number of students in line c who were awarded any <br/> financial aid </td> <td> 450 </td> <td> 1469 </td> <td> 15 </td> </tr> <tr> <td> E </td> <td> Number of students in line d who were awarded any <br/> need-based scholarship or grant aid </td> <td> 329 </td> <td> 1207 </td> <td> 4 </td> </tr> <tr> <td> F </td> <td> Number of students in line d who were awarded any <br/> need-based self-help aid </td> <td> 324 </td> <td> 1105 </td> <td> 15 </td> </tr> <tr> <td> G </td> <td> Number of students in line d who were awarded any <br/> non-need-based scholarship or grant aid </td> <td> 413 </td> <td> 1362 </td> <td> 2 </td> </tr> <tr> <td> H </td> <td> Number of students in line d whose need was fully met <br/> (exclude PLUS loans, unsubsidized loans, and private <br/> alternative loans) </td> <td> 206 </td> <td> 568 </td> <td> 0 </td> </tr> </table><div class=""separator""></div><table> <tr> <td> </td> <td> </td> <td> First-time <br/> Full-time <br/> Freshmen </td> <td> Full-time <br/> Undergrad <br/> (Incl. Fresh.) </td> <td> Less Full-time Than <br/> Undergrad </td> </tr> <tr> <td> N </td> <td> Number of students in line a who had no financial need <br/> and who were awarded institutional non-need-based <br/> scholarship or grant aid (exclude those who were <br/> awarded athletic awards and tuition benefits) </td> <td> 728 </td> <td> 2554 </td> <td> 1 </td> </tr> <tr> <td> O </td> <td> Average dollar amount of institutional non-need-based <br/> scholarship and grant aid awarded to students in line n </td> <td> $ 19,474 </td> <td> $ 18,364 </td> <td> $ 17,000 </td> </tr> <tr> <td> P </td> <td> Number of students in line a who were awarded an <br/> institutional non-need-based athletic scholarship or <br/> grant </td> <td> 65 </td> <td> 293 </td> <td> 0 </td> </tr> <tr> <td> Q </td> <td> Average dollar amount of institutional non-need-based <br/> athletic scholarships and grants awarded to students in <br/> line p </td> <td> $ 22,406 </td> <td> $ 24,228 </td> <td> $ 0 </td> </tr> </table>",129242,../data/cds-docs/2021-2022/129242.pdf,2021-2022
H,5,H5,"Number and percent of students in class (defined in H4 above) borrowing from federal, non-federal,","[[{0: 'Source/Type of Loan', 1: 'Source/Type of Loan', 2: 'Number in the\nclass (defined\nin H4 above)\nwho borrowed\nfrom the types\nof loans\nspecified in the\nfirst column', 3: 'Percent of the\nclass (defined\nabove) who\nborrowed from\nthe types of\nloans specified\nin column the first\n(nearest 1%)', 4: 'Average per\ufffe\nundergraduate\ufffe\nborrower\ncumulative\nprincipal\nborrowed from\nthe types of\nloans specified\nin column the first\n(nearest $1)'}, {0: 'A', 1: 'Any loan program: Federal Perkins, Federal Stafford\nSubsidized and Unsubsidized, institutional, state,\nprivate loans that your institution is aware of, etc.\nInclude both Federal Direct Student Loans and Federal\nFamily Education Loans.', 2: '511', 3: '61.00%', 4: '$39,157'}, {0: 'B', 1: 'Federal loan programs: Federal Perkins, Federal\nStafford Subsidized and Unsubsidized. Include both\nFederal Direct Student Loans and Federal Family\nEducation Loans.', 2: '494', 3: '59.00%', 4: '$21,829'}, {0: 'C', 1: 'Institutional loan programs.', 2: '0', 3: '0.00%', 4: '$0'}, {0: 'D', 1: 'State loan programs.', 2: '0', 3: '0.00%', 4: '$0'}, {0: 'E', 1: 'Private student loans made by a bank or lender.', 2: '164', 3: '20.00%', 4: '$56,193'}]]","<table> <tr> <td colspan=""2""> Source/Type of Loan </td> <td> Number in the <br/> class (defined <br/> in H4 above) <br/> who borrowed <br/> from the types <br/> of loans <br/> specified in the <br/> first column </td> <td> Percent of the <br/> class (defined <br/> above) who <br/> borrowed from <br/> the types of <br/> loans specified <br/> in column the first <br/> (nearest 1%) </td> <td> Average per￾ <br/> undergraduate￾ <br/> borrower <br/> cumulative <br/> principal <br/> borrowed from <br/> the types of <br/> loans specified <br/> in column the first <br/> (nearest $1) </td> </tr> <tr> <td> A </td> <td> Any loan program: Federal Perkins, Federal Stafford <br/> Subsidized and Unsubsidized, institutional, state, <br/> private loans that your institution is aware of, etc. <br/> Include both Federal Direct Student Loans and Federal <br/> Family Education Loans. </td> <td> 511 </td> <td> 61.00% </td> <td> $39,157 </td> </tr> <tr> <td> B </td> <td> Federal loan programs: Federal Perkins, Federal <br/> Stafford Subsidized and Unsubsidized. Include both <br/> Federal Direct Student Loans and Federal Family <br/> Education Loans. </td> <td> 494 </td> <td> 59.00% </td> <td> $21,829 </td> </tr> <tr> <td> C </td> <td> Institutional loan programs. </td> <td> 0 </td> <td> 0.00% </td> <td> $0 </td> </tr> <tr> <td> D </td> <td> State loan programs. </td> <td> 0 </td> <td> 0.00% </td> <td> $0 </td> </tr> <tr> <td> E </td> <td> Private student loans made by a bank or lender. </td> <td> 164 </td> <td> 20.00% </td> <td> $56,193 </td> </tr> </table>",129242,../data/cds-docs/2021-2022/129242.pdf,2021-2022
H,11,H11,Indicate reply dates:,"[[{0: 'Students must reply by (date):', 1: '1-May'}, {0: 'or within _______ weeks of notification.', 1: ''}]]",<table> <tr> <td> Students must reply by (date): </td> <td> 1-May </td> </tr> <tr> <td> or within _______ weeks of notification. </td> <td> </td> </tr> </table>,129242,../data/cds-docs/2021-2022/129242.pdf,2021-2022
H,14,H14,Check off criteria used in awarding institutional aid. Check all that apply.,"[[{0: '', 1: 'Non-Need Based', 2: 'Need-Based'}, {0: 'Academics', 1: 'x', 2: 'x'}, {0: 'Alumni affiliation', 1: '', 2: ''}, {0: 'Art', 1: '', 2: ''}, {0: 'Athletics', 1: 'x', 2: ''}]]",<table> <tr> <td> </td> <td> Non-Need Based </td> <td> Need-Based </td> </tr> <tr> <td> Academics </td> <td> x </td> <td> x </td> </tr> <tr> <td> Alumni affiliation </td> <td> </td> <td> </td> </tr> <tr> <td> Art </td> <td> </td> <td> </td> </tr> <tr> <td> Athletics </td> <td> x </td> <td> </td> </tr> </table>,129242,../data/cds-docs/2021-2022/129242.pdf,2021-2022
J,1,J1,"Degrees conferred between July 1, 2020 and June 30, 2021","[[{0: 'Category', 1: 'Diploma/Certificates', 2: 'Associate', 3: 'Bachelor’s', 4: 'CIP 2020 Categories\nto Include'}, {0: 'Agriculture', 1: '', 2: '', 3: '', 4: '01'}, {0: 'Natural resources and conservation', 1: '', 2: '', 3: '1%', 4: '03'}, {0: 'Architecture', 1: '', 2: '', 3: '', 4: '04'}, {0: 'Area, ethnic, and gender studies', 1: '', 2: '', 3: '0%', 4: '05'}, {0: 'Communication/journalism', 1: '', 2: '', 3: '8%', 4: '09'}, {0: 'Communication technologies', 1: '', 2: '', 3: '', 4: '10'}, {0: 'Computer and information sciences', 1: '', 2: '', 3: '2%', 4: '11'}, {0: 'Personal and culinary services', 1: '', 2: '', 3: '', 4: '12'}, {0: 'Education', 1: '', 2: '', 3: '', 4: '13'}, {0: 'Engineering', 1: '', 2: '', 3: '4%', 4: '14'}, {0: 'Engineering technologies', 1: '', 2: '', 3: '', 4: '15'}, {0: 'Foreign languages, literatures, and linguistics', 1: '', 2: '', 3: '1%', 4: '16'}, {0: 'Family and consumer sciences', 1: '', 2: '', 3: '', 4: '19'}, {0: 'Law/legal studies', 1: '', 2: '', 3: '', 4: '22'}, {0: 'English', 1: '', 2: '', 3: '2%', 4: '23'}, {0: 'Liberal arts/general studies', 1: '', 2: '', 3: '1%', 4: '24'}, {0: 'Library science', 1: '', 2: '', 3: '', 4: '25'}, {0: 'Biological/life sciences', 1: '', 2: '', 3: '4%', 4: '26'}, {0: 'Mathematics and statistics', 1: '', 2: '', 3: '2%', 4: '27'}, {0: 'Military science and military technologies', 1: '', 2: '', 3: '', 4: '28 & 29'}, {0: 'Interdisciplinary studies', 1: '', 2: '', 3: '0%', 4: '30'}, {0: 'Parks and recreation', 1: '', 2: '', 3: '', 4: '31'}, {0: 'Philosophy and religious studies', 1: '', 2: '', 3: '1%', 4: '38'}, {0: 'Theology and religious vocations', 1: '', 2: '', 3: '', 4: '39'}, {0: 'Physical sciences', 1: '', 2: '', 3: '1%', 4: '40'}, {0: 'Science technologies', 1: '', 2: '', 3: '', 4: '41'}, {0: 'Psychology', 1: '', 2: '', 3: '6%', 4: '42'}, {0: 'Homeland Security, law enforcement, firefighting,\nand protective services', 1: '', 2: '', 3: '', 4: '43'}, {0: 'Public administration and social services', 1: '', 2: '', 3: '0%', 4: '44'}, {0: 'Social sciences', 1: '', 2: '', 3: '5%', 4: '45'}, {0: 'Construction trades', 1: '', 2: '', 3: '', 4: '46'}, {0: 'Mechanic and repair technologies', 1: '', 2: '', 3: '', 4: '47'}, {0: 'Precision production', 1: '', 2: '', 3: '', 4: '48'}, {0: 'Transportation and materials moving', 1: '', 2: '', 3: '', 4: '49'}, {0: 'Visual and performing arts', 1: '', 2: '', 3: '2%', 4: '50'}, {0: 'Health professions and related programs', 1: '', 2: '', 3: '19%', 4: '51'}, {0: 'Business/marketing', 1: '', 2: '', 3: '41%', 4: '52'}, {0: 'History', 1: '', 2: '', 3: '1%', 4: '54'}, {0: 'Other', 1: '', 2: '', 3: '', 4: ''}, {0: 'TOTAL (should = 100%)', 1: '0.00%', 2: '0.00%', 3: '100.00%', 4: ''}]]","<table> <tr> <td> Category </td> <td> Diploma/Certificates </td> <td> Associate </td> <td> Bachelor’s </td> <td> CIP 2020 Categories <br/> to Include </td> </tr> <tr> <td> Agriculture </td> <td> </td> <td> </td> <td> </td> <td> 01 </td> </tr> <tr> <td> Natural resources and conservation </td> <td> </td> <td> </td> <td> 1% </td> <td> 03 </td> </tr> <tr> <td> Architecture </td> <td> </td> <td> </td> <td> </td> <td> 04 </td> </tr> <tr> <td> Area, ethnic, and gender studies </td> <td> </td> <td> </td> <td> 0% </td> <td> 05 </td> </tr> <tr> <td> Communication/journalism </td> <td> </td> <td> </td> <td> 8% </td> <td> 09 </td> </tr> <tr> <td> Communication technologies </td> <td> </td> <td> </td> <td> </td> <td> 10 </td> </tr> <tr> <td> Computer and information sciences </td> <td> </td> <td> </td> <td> 2% </td> <td> 11 </td> </tr> <tr> <td> Personal and culinary services </td> <td> </td> <td> </td> <td> </td> <td> 12 </td> </tr> <tr> <td> Education </td> <td> </td> <td> </td> <td> </td> <td> 13 </td> </tr> <tr> <td> Engineering </td> <td> </td> <td> </td> <td> 4% </td> <td> 14 </td> </tr> <tr> <td> Engineering technologies </td> <td> </td> <td> </td> <td> </td> <td> 15 </td> </tr> <tr> <td> Foreign languages, literatures, and linguistics </td> <td> </td> <td> </td> <td> 1% </td> <td> 16 </td> </tr> <tr> <td> Family and consumer sciences </td> <td> </td> <td> </td> <td> </td> <td> 19 </td> </tr> <tr> <td> Law/legal studies </td> <td> </td> <td> </td> <td> </td> <td> 22 </td> </tr> <tr> <td> English </td> <td> </td> <td> </td> <td> 2% </td> <td> 23 </td> </tr> <tr> <td> Liberal arts/general studies </td> <td> </td> <td> </td> <td> 1% </td> <td> 24 </td> </tr> <tr> <td> Library science </td> <td> </td> <td> </td> <td> </td> <td> 25 </td> </tr> <tr> <td> Biological/life sciences </td> <td> </td> <td> </td> <td> 4% </td> <td> 26 </td> </tr> <tr> <td> Mathematics and statistics </td> <td> </td> <td> </td> <td> 2% </td> <td> 27 </td> </tr> <tr> <td> Military science and military technologies </td> <td> </td> <td> </td> <td> </td> <td> 28 &amp; 29 </td> </tr> <tr> <td> Interdisciplinary studies </td> <td> </td> <td> </td> <td> 0% </td> <td> 30 </td> </tr> <tr> <td> Parks and recreation </td> <td> </td> <td> </td> <td> </td> <td> 31 </td> </tr> <tr> <td> Philosophy and religious studies </td> <td> </td> <td> </td> <td> 1% </td> <td> 38 </td> </tr> <tr> <td> Theology and religious vocations </td> <td> </td> <td> </td> <td> </td> <td> 39 </td> </tr> <tr> <td> Physical sciences </td> <td> </td> <td> </td> <td> 1% </td> <td> 40 </td> </tr> <tr> <td> Science technologies </td> <td> </td> <td> </td> <td> </td> <td> 41 </td> </tr> <tr> <td> Psychology </td> <td> </td> <td> </td> <td> 6% </td> <td> 42 </td> </tr> <tr> <td> Homeland Security, law enforcement, firefighting, <br/> and protective services </td> <td> </td> <td> </td> <td> </td> <td> 43 </td> </tr> <tr> <td> Public administration and social services </td> <td> </td> <td> </td> <td> 0% </td> <td> 44 </td> </tr> <tr> <td> Social sciences </td> <td> </td> <td> </td> <td> 5% </td> <td> 45 </td> </tr> <tr> <td> Construction trades </td> <td> </td> <td> </td> <td> </td> <td> 46 </td> </tr> <tr> <td> Mechanic and repair technologies </td> <td> </td> <td> </td> <td> </td> <td> 47 </td> </tr> <tr> <td> Precision production </td> <td> </td> <td> </td> <td> </td> <td> 48 </td> </tr> <tr> <td> Transportation and materials moving </td> <td> </td> <td> </td> <td> </td> <td> 49 </td> </tr> <tr> <td> Visual and performing arts </td> <td> </td> <td> </td> <td> 2% </td> <td> 50 </td> </tr> <tr> <td> Health professions and related programs </td> <td> </td> <td> </td> <td> 19% </td> <td> 51 </td> </tr> <tr> <td> Business/marketing </td> <td> </td> <td> </td> <td> 41% </td> <td> 52 </td> </tr> <tr> <td> History </td> <td> </td> <td> </td> <td> 1% </td> <td> 54 </td> </tr> <tr> <td> Other </td> <td> </td> <td> </td> <td> </td> <td> </td> </tr> <tr> <td> TOTAL (should = 100%) </td> <td> 0.00% </td> <td> 0.00% </td> <td> 100.00% </td> <td> </td> </tr> </table>",129242,../data/cds-docs/2021-2022/129242.pdf,2021-2022
