section,table_num,table_code,table_title,table_records,table_html,unitid,file,year
B,1,B1,Institutional Enrollment - Men and Women,"[[{0: 'Undergraduate Students: Full-Time', 1: 'Men', 2: 'Women', 3: 'Another Gender', 4: 'Unknown'}, {0: 'Degree-seeking, first-time first-year\nstudents', 1: '388', 2: '437', 3: '', 4: ''}, {0: 'Other first-year, degree-seeking', 1: '6', 2: '1', 3: '', 4: ''}, {0: 'All other degree-seeking', 1: '1,068', 2: '1,159', 3: '', 4: ''}, {0: 'Total degree-seeking', 1: '1,462', 2: '1,597', 3: '', 4: ''}, {0: 'All other undergraduates enrolled in credit', 1: '2', 2: '3', 3: '', 4: ''}, {0: 'Total undergraduate Full-Time Students', 1: '1,464', 2: '1,600', 3: '', 4: ''}], [{0: 'Undergraduate Students: Part-Time', 1: 'Men', 2: 'Women', 3: 'Another Gender', 4: 'Unknown'}, {0: 'Degree-seeking, first-time first-year\nstudents', 1: '0', 2: '0', 3: '', 4: ''}, {0: 'Other first-year, degree-seeking', 1: '0', 2: '0', 3: '', 4: ''}, {0: 'All other degree-seeking', 1: '5', 2: '3', 3: '', 4: ''}, {0: 'Total degree-seeking', 1: '5', 2: '3', 3: '', 4: ''}, {0: 'All other undergraduates enrolled in credit', 1: '341', 2: '392', 3: '', 4: ''}, {0: 'Total undergraduate Part-Time Students', 1: '346', 2: '395', 3: '', 4: ''}], [{0: 'Undergraduate Students: All', 1: 'Men', 2: 'Women', 3: 'Another Gender', 4: 'Unknown'}, {0: 'Total undergraduate Students', 1: '1,810', 2: '1,995', 3: '', 4: ''}], [{0: 'Graduate Students: All', 1: 'Men', 2: 'Women', 3: 'Another Gender', 4: 'Unknown'}, {0: 'Total Graduate Students', 1: '82', 2: '124', 3: '', 4: ''}], [{0: 'All Students: Total', 1: 'Men', 2: 'Women', 3: 'Another Gender', 4: 'Unknown'}, {0: 'Total all students', 1: '1,892', 2: '2,119', 3: '', 4: ''}]]","<table> <tr> <td> Undergraduate Students: Full-Time </td> <td> Men </td> <td> Women </td> <td> Another Gender </td> <td> Unknown </td> </tr> <tr> <td> Degree-seeking, first-time first-year <br/> students </td> <td> 388 </td> <td> 437 </td> <td> </td> <td> </td> </tr> <tr> <td> Other first-year, degree-seeking </td> <td> 6 </td> <td> 1 </td> <td> </td> <td> </td> </tr> <tr> <td> All other degree-seeking </td> <td> 1,068 </td> <td> 1,159 </td> <td> </td> <td> </td> </tr> <tr> <td> Total degree-seeking </td> <td> 1,462 </td> <td> 1,597 </td> <td> </td> <td> </td> </tr> <tr> <td> All other undergraduates enrolled in credit </td> <td> 2 </td> <td> 3 </td> <td> </td> <td> </td> </tr> <tr> <td> Total undergraduate Full-Time Students </td> <td> 1,464 </td> <td> 1,600 </td> <td> </td> <td> </td> </tr> </table><div class=""separator""></div><table> <tr> <td> Undergraduate Students: Part-Time </td> <td> Men </td> <td> Women </td> <td> Another Gender </td> <td> Unknown </td> </tr> <tr> <td> Degree-seeking, first-time first-year <br/> students </td> <td> 0 </td> <td> 0 </td> <td> </td> <td> </td> </tr> <tr> <td> Other first-year, degree-seeking </td> <td> 0 </td> <td> 0 </td> <td> </td> <td> </td> </tr> <tr> <td> All other degree-seeking </td> <td> 5 </td> <td> 3 </td> <td> </td> <td> </td> </tr> <tr> <td> Total degree-seeking </td> <td> 5 </td> <td> 3 </td> <td> </td> <td> </td> </tr> <tr> <td> All other undergraduates enrolled in credit </td> <td> 341 </td> <td> 392 </td> <td> </td> <td> </td> </tr> <tr> <td> Total undergraduate Part-Time Students </td> <td> 346 </td> <td> 395 </td> <td> </td> <td> </td> </tr> </table><div class=""separator""></div><table> <tr> <td> Undergraduate Students: All </td> <td> Men </td> <td> Women </td> <td> Another Gender </td> <td> Unknown </td> </tr> <tr> <td> Total undergraduate Students </td> <td> 1,810 </td> <td> 1,995 </td> <td> </td> <td> </td> </tr> </table><div class=""separator""></div><table> <tr> <td> Graduate Students: All </td> <td> Men </td> <td> Women </td> <td> Another Gender </td> <td> Unknown </td> </tr> <tr> <td> Total Graduate Students </td> <td> 82 </td> <td> 124 </td> <td> </td> <td> </td> </tr> </table><div class=""separator""></div><table> <tr> <td> All Students: Total </td> <td> Men </td> <td> Women </td> <td> Another Gender </td> <td> Unknown </td> </tr> <tr> <td> Total all students </td> <td> 1,892 </td> <td> 2,119 </td> <td> </td> <td> </td> </tr> </table>",130697,../data/cds-docs/2024-2025/130697.pdf,2024-2025
C,1,C1,"First-time, first-year students: Provide the number of degree-seeking, first-time, first-year students who","[[{0: 'First-Time, First-Year Student Applicants', 1: 'First-Time, First-Year Student Applicants', 2: 'Total'}, {0: 'Total first-time, first-year men who applied', 1: 'Total first-time, first-year men who applied', 2: '5915'}, {0: 'Total first-time, first-year', 1: 'women who applied', 2: '8460'}, {0: 'Total first-time, first-year', 1: 'another gender who applied', 2: '9'}, {0: 'Total first-time, first-year', 1: 'unknown gender who applied', 2: '5'}], [{0: 'First-Time, First-Year Student Admits', 1: 'First-Time, First-Year Student Admits', 2: 'Total'}, {0: 'Total first-time, first-year men who were admitted', 1: 'Total first-time, first-year men who were admitted', 2: '1066'}, {0: 'Total first-time, first-year', 1: 'women who were admitted', 2: '1304'}, {0: 'Total first-time, first-year', 1: 'another gender who were admitted', 2: '2'}, {0: 'Total first-time, first-year', 1: 'unknown gender who were admitted', 2: '1'}], [{0: 'First-Time, First-Year Student Enrollees by Status', 1: 'First-Time, First-Year Student Enrollees by Status', 2: 'Total'}, {0: 'Total full-time, first-time, first-year men who enrolled', 1: 'Total full-time, first-time, first-year men who enrolled', 2: '388'}, {0: 'Total part-time, first-time, first-year men who enrolled', 1: 'Total part-time, first-time, first-year men who enrolled', 2: '0'}, {0: 'Total full-time, first-time, first-year women who enrolled', 1: 'Total full-time, first-time, first-year women who enrolled', 2: '437'}, {0: 'Total part-time, first-time, first-year women who enrolled', 1: 'Total part-time, first-time, first-year women who enrolled', 2: '0'}, {0: 'Total full-time, first-time, first-year another gender who enrolled', 1: 'Total full-time, first-time, first-year another gender who enrolled', 2: '0'}, {0: 'Total part-time, first-time, first-year another', 1: 'gender who enrolled', 2: '0'}, {0: 'Total full-time, first-time, first-year unknown', 1: 'gender who enrolled', 2: '0'}, {0: 'Total part-time, first-time, first-year unknown', 1: 'gender who enrolled', 2: '0'}], [{0: 'First-Time, First-Year Student Applicants', 1: 'First-Time, First-Year Student Applicants', 2: 'Total', 3: 'In-State', 4: 'Out-of-State', 5: 'International'}, {0: 'Total first-time, first-year who applied', 1: 'Total first-time, first-year who applied', 2: '14389', 3: '956', 4: '9488', 5: '3945'}, {0: 'Total first-time, first-year', 1: 'who were admitted', 2: '2373', 3: '162', 4: '1957', 5: '254'}, {0: 'Total first-time, first-year', 1: 'who enrolled', 2: '825', 3: '69', 4: '661', 5: '95'}]]","<table> <tr> <td colspan=""2""> First-Time, First-Year Student Applicants </td> <td> Total </td> </tr> <tr> <td colspan=""2""> Total first-time, first-year men who applied </td> <td> 5915 </td> </tr> <tr> <td> Total first-time, first-year </td> <td> women who applied </td> <td> 8460 </td> </tr> <tr> <td> Total first-time, first-year </td> <td> another gender who applied </td> <td> 9 </td> </tr> <tr> <td> Total first-time, first-year </td> <td> unknown gender who applied </td> <td> 5 </td> </tr> </table><div class=""separator""></div><table> <tr> <td colspan=""2""> First-Time, First-Year Student Admits </td> <td> Total </td> </tr> <tr> <td colspan=""2""> Total first-time, first-year men who were admitted </td> <td> 1066 </td> </tr> <tr> <td> Total first-time, first-year </td> <td> women who were admitted </td> <td> 1304 </td> </tr> <tr> <td> Total first-time, first-year </td> <td> another gender who were admitted </td> <td> 2 </td> </tr> <tr> <td> Total first-time, first-year </td> <td> unknown gender who were admitted </td> <td> 1 </td> </tr> </table><div class=""separator""></div><table> <tr> <td colspan=""2""> First-Time, First-Year Student Enrollees by Status </td> <td> Total </td> </tr> <tr> <td colspan=""2""> Total full-time, first-time, first-year men who enrolled </td> <td> 388 </td> </tr> <tr> <td colspan=""2""> Total part-time, first-time, first-year men who enrolled </td> <td> 0 </td> </tr> <tr> <td colspan=""2""> Total full-time, first-time, first-year women who enrolled </td> <td> 437 </td> </tr> <tr> <td colspan=""2""> Total part-time, first-time, first-year women who enrolled </td> <td> 0 </td> </tr> <tr> <td colspan=""2""> Total full-time, first-time, first-year another gender who enrolled </td> <td> 0 </td> </tr> <tr> <td> Total part-time, first-time, first-year another </td> <td> gender who enrolled </td> <td> 0 </td> </tr> <tr> <td> Total full-time, first-time, first-year unknown </td> <td> gender who enrolled </td> <td> 0 </td> </tr> <tr> <td> Total part-time, first-time, first-year unknown </td> <td> gender who enrolled </td> <td> 0 </td> </tr> </table><div class=""separator""></div><table> <tr> <td colspan=""2""> First-Time, First-Year Student Applicants </td> <td> Total </td> <td> In-State </td> <td> Out-of-State </td> <td> International </td> </tr> <tr> <td colspan=""2""> Total first-time, first-year who applied </td> <td> 14389 </td> <td> 956 </td> <td> 9488 </td> <td> 3945 </td> </tr> <tr> <td> Total first-time, first-year </td> <td> who were admitted </td> <td> 2373 </td> <td> 162 </td> <td> 1957 </td> <td> 254 </td> </tr> <tr> <td> Total first-time, first-year </td> <td> who enrolled </td> <td> 825 </td> <td> 69 </td> <td> 661 </td> <td> 95 </td> </tr> </table>",130697,../data/cds-docs/2024-2025/130697.pdf,2024-2025
C,2,C2,"First-time, first-year wait-listed students","[[{0: 'WAITING LIST', 1: 'TOTAL'}, {0: 'Number of qualified applicants offered a place on waiting list:', 1: '2844'}, {0: 'Number accepting a place on the waiting list:', 1: '1734'}, {0: 'Number of wait-listed students admitted:', 1: '5'}]]",<table> <tr> <td> WAITING LIST </td> <td> TOTAL </td> </tr> <tr> <td> Number of qualified applicants offered a place on waiting list: </td> <td> 2844 </td> </tr> <tr> <td> Number accepting a place on the waiting list: </td> <td> 1734 </td> </tr> <tr> <td> Number of wait-listed students admitted: </td> <td> 5 </td> </tr> </table>,130697,../data/cds-docs/2024-2025/130697.pdf,2024-2025
C,5,C5,Distribution of high school units required and/or recommended. Specify the distribution of academic,"[[{0: 'Distribution of high school units', 1: 'Required', 2: 'Recommended'}, {0: 'Total academic units', 1: '', 2: ''}, {0: 'English', 1: '', 2: '4'}, {0: 'Mathematics', 1: '', 2: '4'}, {0: 'Science', 1: '', 2: '4'}, {0: 'Of these, units that must be\nlab', 1: '', 2: '3'}, {0: 'Foreign language', 1: '', 2: '4'}, {0: 'Social studies', 1: '', 2: '4'}, {0: 'History', 1: '', 2: '4'}, {0: 'Academic electives', 1: '', 2: ''}, {0: 'Computer Science', 1: '', 2: ''}, {0: 'Visual/Performing Arts', 1: '', 2: ''}, {0: 'Other (specify)', 1: '', 2: ''}]]","<table> <tr> <td> Distribution of high school units </td> <td> Required </td> <td> Recommended </td> </tr> <tr> <td> Total academic units </td> <td> </td> <td> </td> </tr> <tr> <td> English </td> <td> </td> <td> 4 </td> </tr> <tr> <td> Mathematics </td> <td> </td> <td> 4 </td> </tr> <tr> <td> Science </td> <td> </td> <td> 4 </td> </tr> <tr> <td> Of these, units that must be <br/> lab </td> <td> </td> <td> 3 </td> </tr> <tr> <td> Foreign language </td> <td> </td> <td> 4 </td> </tr> <tr> <td> Social studies </td> <td> </td> <td> 4 </td> </tr> <tr> <td> History </td> <td> </td> <td> 4 </td> </tr> <tr> <td> Academic electives </td> <td> </td> <td> </td> </tr> <tr> <td> Computer Science </td> <td> </td> <td> </td> </tr> <tr> <td> Visual/Performing Arts </td> <td> </td> <td> </td> </tr> <tr> <td> Other (specify) </td> <td> </td> <td> </td> </tr> </table>",130697,../data/cds-docs/2024-2025/130697.pdf,2024-2025
C,7,C7,"Relative importance of each of the following academic and nonacademic factors in your first-time,","[[{0: 'Academic', 1: 'Very Important', 2: 'Important', 3: 'Considered', 4: 'Not Considered'}, {0: 'Rigor of secondary school record', 1: 'X', 2: '', 3: '', 4: ''}, {0: 'Class rank', 1: '', 2: 'X', 3: '', 4: ''}, {0: 'Academic GPA', 1: '', 2: 'X', 3: '', 4: ''}, {0: 'Standardized test scores', 1: '', 2: '', 3: 'X', 4: ''}, {0: 'Application Essay', 1: '', 2: 'X', 3: '', 4: ''}, {0: 'Recommendation(s)', 1: '', 2: 'X', 3: '', 4: ''}, {0: 'Nonacademic', 1: 'Very Important', 2: 'Important', 3: 'Considered', 4: 'Not Considered'}, {0: 'Interview', 1: '', 2: '', 3: '', 4: 'X'}, {0: 'Extracurricular activities', 1: '', 2: '', 3: 'X', 4: ''}, {0: 'Talent/ability', 1: '', 2: 'X', 3: '', 4: ''}, {0: 'Character/personal qualities', 1: '', 2: 'X', 3: '', 4: ''}, {0: 'First generation', 1: '', 2: 'X', 3: '', 4: ''}, {0: 'Alumni/ae relation', 1: '', 2: '', 3: '', 4: 'X'}, {0: 'Geographical residence', 1: '', 2: '', 3: 'X', 4: ''}, {0: 'State residency', 1: '', 2: '', 3: '', 4: 'X'}, {0: 'Religious affiliation/commitment', 1: '', 2: '', 3: '', 4: 'X'}, {0: 'Volunteer work', 1: '', 2: '', 3: 'X', 4: ''}, {0: 'Work experience', 1: '', 2: '', 3: 'X', 4: ''}, {0: 'Level of applicant’s interest', 1: '', 2: '', 3: '', 4: 'X'}]]",<table> <tr> <td> Academic </td> <td> Very Important </td> <td> Important </td> <td> Considered </td> <td> Not Considered </td> </tr> <tr> <td> Rigor of secondary school record </td> <td> X </td> <td> </td> <td> </td> <td> </td> </tr> <tr> <td> Class rank </td> <td> </td> <td> X </td> <td> </td> <td> </td> </tr> <tr> <td> Academic GPA </td> <td> </td> <td> X </td> <td> </td> <td> </td> </tr> <tr> <td> Standardized test scores </td> <td> </td> <td> </td> <td> X </td> <td> </td> </tr> <tr> <td> Application Essay </td> <td> </td> <td> X </td> <td> </td> <td> </td> </tr> <tr> <td> Recommendation(s) </td> <td> </td> <td> X </td> <td> </td> <td> </td> </tr> <tr> <td> Nonacademic </td> <td> Very Important </td> <td> Important </td> <td> Considered </td> <td> Not Considered </td> </tr> <tr> <td> Interview </td> <td> </td> <td> </td> <td> </td> <td> X </td> </tr> <tr> <td> Extracurricular activities </td> <td> </td> <td> </td> <td> X </td> <td> </td> </tr> <tr> <td> Talent/ability </td> <td> </td> <td> X </td> <td> </td> <td> </td> </tr> <tr> <td> Character/personal qualities </td> <td> </td> <td> X </td> <td> </td> <td> </td> </tr> <tr> <td> First generation </td> <td> </td> <td> X </td> <td> </td> <td> </td> </tr> <tr> <td> Alumni/ae relation </td> <td> </td> <td> </td> <td> </td> <td> X </td> </tr> <tr> <td> Geographical residence </td> <td> </td> <td> </td> <td> X </td> <td> </td> </tr> <tr> <td> State residency </td> <td> </td> <td> </td> <td> </td> <td> X </td> </tr> <tr> <td> Religious affiliation/commitment </td> <td> </td> <td> </td> <td> </td> <td> X </td> </tr> <tr> <td> Volunteer work </td> <td> </td> <td> </td> <td> X </td> <td> </td> </tr> <tr> <td> Work experience </td> <td> </td> <td> </td> <td> X </td> <td> </td> </tr> <tr> <td> Level of applicant’s interest </td> <td> </td> <td> </td> <td> </td> <td> X </td> </tr> </table>,130697,../data/cds-docs/2024-2025/130697.pdf,2024-2025
C,8,C8,: SAT and ACT Policies,"[[{0: 'Yes', 1: 'No'}, {0: 'X', 1: ''}]]",<table> <tr> <td> Yes </td> <td> No </td> </tr> <tr> <td> X </td> <td> </td> </tr> </table>,130697,../data/cds-docs/2024-2025/130697.pdf,2024-2025
C,9,C9,"Percent and number of first-time, first-year students enrolled in Fall 2024 who submitted national","[[{0: '41%', 1: '335'}, {0: '17%', 1: '143'}], [{0: 'Assessment', 1: '25th Percentile', 2: '50th Percentile', 3: '75th Percentile'}, {0: 'SAT Composite', 1: '1300', 2: '1420', 3: '1500'}, {0: 'SAT Evidence-Based Reading and', 1: '660', 2: '710', 3: '750'}, {0: 'SAT Math', 1: '630', 2: '700', 3: '760'}, {0: 'ACT Composite', 1: '31', 2: '33', 3: '34'}, {0: 'ACT Math', 1: '28', 2: '30', 3: '33'}, {0: 'ACT English', 1: '33', 2: '34', 3: '35'}, {0: 'ACT Writing', 1: '8', 2: '9', 3: '10'}, {0: 'ACT Science', 1: '30', 2: '32', 3: '34'}, {0: 'ACT Reading', 1: '32', 2: '35', 3: '36'}], [{0: 'Score Range', 1: 'SAT Evidence-', 2: 'SAT Math'}, {0: '700-800', 1: '57.91%', 2: '53.13%'}, {0: '600-699', 1: '33.73%', 2: '30.15%'}, {0: '500-599', 1: '7.46%', 2: '14.33%'}, {0: '400-499', 1: '0.90%', 2: '2.39%'}, {0: '300-399', 1: '0.00%', 2: '0.00%'}, {0: '200-299', 1: '0.00%', 2: '0.00%'}, {0: 'Totals should = 100%', 1: '100.00%', 2: '100.00%'}], [{0: 'Score Range', 1: 'SAT Composite'}, {0: '1400-1600', 1: '0.5582'}, {0: '1200-1399', 1: '0.3284'}, {0: '1000-1199', 1: '0.1044'}, {0: '800-999', 1: '0.009'}, {0: '600-799', 1: '0'}, {0: '400-599', 1: '0'}, {0: 'Totals should = 100%', 1: '100.00%'}], [{0: 'Score Range', 1: 'ACT Composite', 2: 'ACT English', 3: 'ACT Math', 4: 'ACT Reading', 5: 'ACT Science'}, {0: '30-36', 1: '84.62%', 2: '83.92%', 3: '63.38%', 4: '87.41%', 5: '76.22%'}, {0: '24-29', 1: '11.19%', 2: '11.19%', 3: '28.87%', 4: '9.09%', 5: '17.48%'}, {0: '18-23', 1: '4.19%', 2: '4.89%', 3: '7.04%', 4: '3.50%', 5: '6.30%'}, {0: '12-17', 1: '0.00%', 2: '0.00%', 3: '0.71%', 4: '0.00%', 5: '0.00%'}, {0: '6-11', 1: '0.00%', 2: '0.00%', 3: '0.00%', 4: '0.00%', 5: '0.00%'}, {0: 'Below 6', 1: '0.00%', 2: '0.00%', 3: '0.00%', 4: '0.00%', 5: '0.00%'}, {0: 'Totals should = 100%', 1: '100.00%', 2: '100.00%', 3: '100.00%', 4: '100.00%', 5: '100.00%'}]]","<table> <tr> <td> 41% </td> <td> 335 </td> </tr> <tr> <td> 17% </td> <td> 143 </td> </tr> </table><div class=""separator""></div><table> <tr> <td> Assessment </td> <td> 25th Percentile </td> <td> 50th Percentile </td> <td> 75th Percentile </td> </tr> <tr> <td> SAT Composite </td> <td> 1300 </td> <td> 1420 </td> <td> 1500 </td> </tr> <tr> <td> SAT Evidence-Based Reading and </td> <td> 660 </td> <td> 710 </td> <td> 750 </td> </tr> <tr> <td> SAT Math </td> <td> 630 </td> <td> 700 </td> <td> 760 </td> </tr> <tr> <td> ACT Composite </td> <td> 31 </td> <td> 33 </td> <td> 34 </td> </tr> <tr> <td> ACT Math </td> <td> 28 </td> <td> 30 </td> <td> 33 </td> </tr> <tr> <td> ACT English </td> <td> 33 </td> <td> 34 </td> <td> 35 </td> </tr> <tr> <td> ACT Writing </td> <td> 8 </td> <td> 9 </td> <td> 10 </td> </tr> <tr> <td> ACT Science </td> <td> 30 </td> <td> 32 </td> <td> 34 </td> </tr> <tr> <td> ACT Reading </td> <td> 32 </td> <td> 35 </td> <td> 36 </td> </tr> </table><div class=""separator""></div><table> <tr> <td> Score Range </td> <td> SAT Evidence- </td> <td> SAT Math </td> </tr> <tr> <td> 700-800 </td> <td> 57.91% </td> <td> 53.13% </td> </tr> <tr> <td> 600-699 </td> <td> 33.73% </td> <td> 30.15% </td> </tr> <tr> <td> 500-599 </td> <td> 7.46% </td> <td> 14.33% </td> </tr> <tr> <td> 400-499 </td> <td> 0.90% </td> <td> 2.39% </td> </tr> <tr> <td> 300-399 </td> <td> 0.00% </td> <td> 0.00% </td> </tr> <tr> <td> 200-299 </td> <td> 0.00% </td> <td> 0.00% </td> </tr> <tr> <td> Totals should = 100% </td> <td> 100.00% </td> <td> 100.00% </td> </tr> </table><div class=""separator""></div><table> <tr> <td> Score Range </td> <td> SAT Composite </td> </tr> <tr> <td> 1400-1600 </td> <td> 0.5582 </td> </tr> <tr> <td> 1200-1399 </td> <td> 0.3284 </td> </tr> <tr> <td> 1000-1199 </td> <td> 0.1044 </td> </tr> <tr> <td> 800-999 </td> <td> 0.009 </td> </tr> <tr> <td> 600-799 </td> <td> 0 </td> </tr> <tr> <td> 400-599 </td> <td> 0 </td> </tr> <tr> <td> Totals should = 100% </td> <td> 100.00% </td> </tr> </table><div class=""separator""></div><table> <tr> <td> Score Range </td> <td> ACT Composite </td> <td> ACT English </td> <td> ACT Math </td> <td> ACT Reading </td> <td> ACT Science </td> </tr> <tr> <td> 30-36 </td> <td> 84.62% </td> <td> 83.92% </td> <td> 63.38% </td> <td> 87.41% </td> <td> 76.22% </td> </tr> <tr> <td> 24-29 </td> <td> 11.19% </td> <td> 11.19% </td> <td> 28.87% </td> <td> 9.09% </td> <td> 17.48% </td> </tr> <tr> <td> 18-23 </td> <td> 4.19% </td> <td> 4.89% </td> <td> 7.04% </td> <td> 3.50% </td> <td> 6.30% </td> </tr> <tr> <td> 12-17 </td> <td> 0.00% </td> <td> 0.00% </td> <td> 0.71% </td> <td> 0.00% </td> <td> 0.00% </td> </tr> <tr> <td> 6-11 </td> <td> 0.00% </td> <td> 0.00% </td> <td> 0.00% </td> <td> 0.00% </td> <td> 0.00% </td> </tr> <tr> <td> Below 6 </td> <td> 0.00% </td> <td> 0.00% </td> <td> 0.00% </td> <td> 0.00% </td> <td> 0.00% </td> </tr> <tr> <td> Totals should = 100% </td> <td> 100.00% </td> <td> 100.00% </td> <td> 100.00% </td> <td> 100.00% </td> <td> 100.00% </td> </tr> </table>",130697,../data/cds-docs/2024-2025/130697.pdf,2024-2025
C,10,C10,"Percent of all degree-seeking, first-time, first-year students who had high school class rank within","[[{0: 'Assessment', 1: 'Percent'}, {0: 'Percent in top tenth of high school graduating class', 1: '78%'}]]",<table> <tr> <td> Assessment </td> <td> Percent </td> </tr> <tr> <td> Percent in top tenth of high school graduating class </td> <td> 78% </td> </tr> </table>,130697,../data/cds-docs/2024-2025/130697.pdf,2024-2025
C,11,C11,"Percentage of all enrolled, degree-seeking, first-time, first-year students who had high school grade-","[[{0: 'Score Range', 1: 'Percent\n(Students who\nsubmitted\nscores)', 2: 'Percent\n(Students who\ndid not submit\nscores)', 3: 'Percent (All\nenrolled\nstudents)'}, {0: 'Percent who had GPA of 4.0', 1: '', 2: '', 3: ''}, {0: 'Percent who had GPA between 3.75 and 3.99', 1: '', 2: '', 3: ''}, {0: 'Percent who had GPA between 3.50 and 3.74', 1: '', 2: '', 3: ''}, {0: 'Percent who had GPA between 3.25 and 3.49', 1: '', 2: '', 3: ''}, {0: 'Percent who had GPA between 3.00 and 3.24', 1: '', 2: '', 3: ''}, {0: 'Percent who had GPA between 2.50 and 2.99', 1: '', 2: '', 3: ''}, {0: 'Percent who had GPA between 2.0 and 2.49', 1: '', 2: '', 3: ''}, {0: 'Percent who had GPA between 1.0 and 1.99', 1: '', 2: '', 3: ''}, {0: 'Percent who had GPA below 1.0', 1: '', 2: '', 3: ''}, {0: 'Totals should = 100%', 1: '0.00%', 2: '0.00%', 3: '0.00%'}]]",<table> <tr> <td> Score Range </td> <td> Percent <br/> (Students who <br/> submitted <br/> scores) </td> <td> Percent <br/> (Students who <br/> did not submit <br/> scores) </td> <td> Percent (All <br/> enrolled <br/> students) </td> </tr> <tr> <td> Percent who had GPA of 4.0 </td> <td> </td> <td> </td> <td> </td> </tr> <tr> <td> Percent who had GPA between 3.75 and 3.99 </td> <td> </td> <td> </td> <td> </td> </tr> <tr> <td> Percent who had GPA between 3.50 and 3.74 </td> <td> </td> <td> </td> <td> </td> </tr> <tr> <td> Percent who had GPA between 3.25 and 3.49 </td> <td> </td> <td> </td> <td> </td> </tr> <tr> <td> Percent who had GPA between 3.00 and 3.24 </td> <td> </td> <td> </td> <td> </td> </tr> <tr> <td> Percent who had GPA between 2.50 and 2.99 </td> <td> </td> <td> </td> <td> </td> </tr> <tr> <td> Percent who had GPA between 2.0 and 2.49 </td> <td> </td> <td> </td> <td> </td> </tr> <tr> <td> Percent who had GPA between 1.0 and 1.99 </td> <td> </td> <td> </td> <td> </td> </tr> <tr> <td> Percent who had GPA below 1.0 </td> <td> </td> <td> </td> <td> </td> </tr> <tr> <td> Totals should = 100% </td> <td> 0.00% </td> <td> 0.00% </td> <td> 0.00% </td> </tr> </table>,130697,../data/cds-docs/2024-2025/130697.pdf,2024-2025
C,14,C14,Application closing date,"[[{0: '', 1: 'Date'}, {0: 'Application closing date (fall)', 1: '1/1'}, {0: 'Priority Date', 1: 'n/a'}]]",<table> <tr> <td> </td> <td> Date </td> </tr> <tr> <td> Application closing date (fall) </td> <td> 1/1 </td> </tr> <tr> <td> Priority Date </td> <td> n/a </td> </tr> </table>,130697,../data/cds-docs/2024-2025/130697.pdf,2024-2025
D,2,D2,"Provide the number of students who applied, were admitted, and enrolled as degree-seeking transfer","[[{0: 'Transfer Admission', 1: 'Applicants', 2: 'Admitted', 3: 'Enrolled'}, {0: 'Men', 1: '221', 2: '42', 3: '16'}, {0: 'Women', 1: '322', 2: '89', 3: '32'}, {0: 'Another Gender', 1: '0', 2: '0', 3: '0'}, {0: 'Unknown', 1: '0', 2: '0', 3: '0'}, {0: 'Total', 1: '543', 2: '131', 3: '48'}]]",<table> <tr> <td> Transfer Admission </td> <td> Applicants </td> <td> Admitted </td> <td> Enrolled </td> </tr> <tr> <td> Men </td> <td> 221 </td> <td> 42 </td> <td> 16 </td> </tr> <tr> <td> Women </td> <td> 322 </td> <td> 89 </td> <td> 32 </td> </tr> <tr> <td> Another Gender </td> <td> 0 </td> <td> 0 </td> <td> 0 </td> </tr> <tr> <td> Unknown </td> <td> 0 </td> <td> 0 </td> <td> 0 </td> </tr> <tr> <td> Total </td> <td> 543 </td> <td> 131 </td> <td> 48 </td> </tr> </table>,130697,../data/cds-docs/2024-2025/130697.pdf,2024-2025
D,9,D9,"List application priority, closing, notification, and candidate reply dates for transfer students. If applications","[[{0: 'Term', 1: 'Priority Date', 2: 'Closing Date', 3: 'Notification Date', 4: 'Reply Date'}, {0: 'Fall', 1: '', 2: '3/15', 3: '5/1', 4: '6/1'}, {0: 'Winter', 1: '', 2: '', 3: '', 4: ''}, {0: 'Spring', 1: '', 2: '', 3: '', 4: ''}, {0: 'Summer', 1: '', 2: '', 3: '', 4: ''}]]",<table> <tr> <td> Term </td> <td> Priority Date </td> <td> Closing Date </td> <td> Notification Date </td> <td> Reply Date </td> </tr> <tr> <td> Fall </td> <td> </td> <td> 3/15 </td> <td> 5/1 </td> <td> 6/1 </td> </tr> <tr> <td> Winter </td> <td> </td> <td> </td> <td> </td> <td> </td> </tr> <tr> <td> Spring </td> <td> </td> <td> </td> <td> </td> <td> </td> </tr> <tr> <td> Summer </td> <td> </td> <td> </td> <td> </td> <td> </td> </tr> </table>,130697,../data/cds-docs/2024-2025/130697.pdf,2024-2025
F,1,F1,"Percentages of first-time, first-year degree-seeking students and degree-seeking undergraduates enrolled in Fall 2024 who fit the following categories:","[[{0: '', 1: '', 2: '', 3: 'First-time, first\ufffe\nyear students', 4: 'Undergraduates'}, {0: 'Percent who are from out of state (exclude\ninternational/nonresidents from the\nnumerator and denominator)', 1: 'Percent who are from out of state (exclude\ninternational/nonresidents from the\nnumerator and denominator)', 2: 'Percent who are from out of state (exclude\ninternational/nonresidents from the\nnumerator and denominator)', 3: '90%', 4: '90%'}, {0: 'Percent of men who join fraternities', 1: 'Percent of men who join fraternities', 2: 'Percent of men who join fraternities', 3: '0%', 4: '4%'}, {0: 'Percent of women who join sororities', 1: 'Percent of women who join sororities', 2: 'Percent of women who join sororities', 3: '0%', 4: '0%'}, {0: 'Percent who live in college-owned, -\noperated, or -affiliated housing', 1: 'Percent who live in college-owned, -\noperated, or -affiliated housing', 2: 'Percent who live in college-owned, -\noperated, or -affiliated housing', 3: '100%', 4: '99%'}, {0: 'Percent who live off campus or commute', 1: 'Percent who live off campus or commute', 2: 'Percent who live off campus or commute', 3: '0%', 4: '1%'}, {0: 'Percent of students age 25 and older', 1: 'Percent of students age 25 and older', 2: 'Percent of students age 25 and older', 3: '0%', 4: '1%'}, {0: 'Average age of full-time students', 1: 'Average age of full-time students', 2: 'Average age of full-time students', 3: '19', 4: '20'}, {0: 'Average', 1: 'age', 2: 'of all students (full- and part-', 3: '19', 4: '20'}]]","<table> <tr> <td colspan=""3""> </td> <td> First-time, first￾ <br/> year students </td> <td> Undergraduates </td> </tr> <tr> <td colspan=""3""> Percent who are from out of state (exclude <br/> international/nonresidents from the <br/> numerator and denominator) </td> <td> 90% </td> <td> 90% </td> </tr> <tr> <td colspan=""3""> Percent of men who join fraternities </td> <td> 0% </td> <td> 4% </td> </tr> <tr> <td colspan=""3""> Percent of women who join sororities </td> <td> 0% </td> <td> 0% </td> </tr> <tr> <td colspan=""3""> Percent who live in college-owned, - <br/> operated, or -affiliated housing </td> <td> 100% </td> <td> 99% </td> </tr> <tr> <td colspan=""3""> Percent who live off campus or commute </td> <td> 0% </td> <td> 1% </td> </tr> <tr> <td colspan=""3""> Percent of students age 25 and older </td> <td> 0% </td> <td> 1% </td> </tr> <tr> <td colspan=""3""> Average age of full-time students </td> <td> 19 </td> <td> 20 </td> </tr> <tr> <td> Average </td> <td> age </td> <td> of all students (full- and part- </td> <td> 19 </td> <td> 20 </td> </tr> </table>",130697,../data/cds-docs/2024-2025/130697.pdf,2024-2025
F,3,F3,ROTC (program offered in cooperation with Reserve Officers' Training Corps),"[[{0: 'Programs', 1: 'Marine Option\n(for Naval ROTC)', 2: 'On Campus', 3: 'At Cooperating\nInstitution', 4: 'Name of\nCooperating\nInstitution'}, {0: 'Army ROTC is offered:', 1: '', 2: '', 3: '', 4: ''}, {0: 'Naval ROTC is offered:', 1: '', 2: '', 3: '', 4: ''}, {0: 'Air Force ROTC is offered:', 1: '', 2: '', 3: 'X', 4: 'Yale University'}]]",<table> <tr> <td> Programs </td> <td> Marine Option <br/> (for Naval ROTC) </td> <td> On Campus </td> <td> At Cooperating <br/> Institution </td> <td> Name of <br/> Cooperating <br/> Institution </td> </tr> <tr> <td> Army ROTC is offered: </td> <td> </td> <td> </td> <td> </td> <td> </td> </tr> <tr> <td> Naval ROTC is offered: </td> <td> </td> <td> </td> <td> </td> <td> </td> </tr> <tr> <td> Air Force ROTC is offered: </td> <td> </td> <td> </td> <td> X </td> <td> Yale University </td> </tr> </table>,130697,../data/cds-docs/2024-2025/130697.pdf,2024-2025
G,1,G1,"Undergraduate full-time tuition, required fees, food and housing","[[{0: 'PRIVATE INSTITUTIONS', 1: 'First-Year', 2: 'Undergraduates'}, {0: 'Tuition:', 1: '', 2: ''}], [{0: 'PUBLIC INSTITUTIONS', 1: 'First-Year', 2: 'Undergraduates'}, {0: 'Tuition: In-district', 1: '', 2: ''}, {0: 'Tuition: In-state (out-of-district):', 1: '', 2: ''}, {0: 'Tuition: Out-of-state:', 1: '', 2: ''}, {0: 'Tuition: Non-resident', 1: '', 2: ''}, {0: 'FOR ALL INSTITUTIONS', 1: 'First-Year', 2: 'Undergraduates'}, {0: 'Required Fees:', 1: '', 2: ''}, {0: 'Food and housing (on-campus):', 1: '', 2: ''}, {0: 'Housing Only (on-campus):', 1: '', 2: ''}, {0: 'Food Only (on-campus meal plan):', 1: '', 2: ''}]]","<table> <tr> <td> PRIVATE INSTITUTIONS </td> <td> First-Year </td> <td> Undergraduates </td> </tr> <tr> <td> Tuition: </td> <td> </td> <td> </td> </tr> </table><div class=""separator""></div><table> <tr> <td> PUBLIC INSTITUTIONS </td> <td> First-Year </td> <td> Undergraduates </td> </tr> <tr> <td> Tuition: In-district </td> <td> </td> <td> </td> </tr> <tr> <td> Tuition: In-state (out-of-district): </td> <td> </td> <td> </td> </tr> <tr> <td> Tuition: Out-of-state: </td> <td> </td> <td> </td> </tr> <tr> <td> Tuition: Non-resident </td> <td> </td> <td> </td> </tr> <tr> <td> FOR ALL INSTITUTIONS </td> <td> First-Year </td> <td> Undergraduates </td> </tr> <tr> <td> Required Fees: </td> <td> </td> <td> </td> </tr> <tr> <td> Food and housing (on-campus): </td> <td> </td> <td> </td> </tr> <tr> <td> Housing Only (on-campus): </td> <td> </td> <td> </td> </tr> <tr> <td> Food Only (on-campus meal plan): </td> <td> </td> <td> </td> </tr> </table>",130697,../data/cds-docs/2024-2025/130697.pdf,2024-2025
G,5,G5,Provide the estimated expenses for a typical full-time undergraduate student:,"[[{0: '', 1: 'Residents', 2: 'Commuters', 3: 'Commuters'}, {0: 'Books and supplies:', 1: '', 2: '', 3: ''}, {0: 'Housing only:', 1: 'Not Applicable', 2: 'Not Applicable', 3: ''}, {0: 'Food only:', 1: 'Not Applicable', 2: '', 3: ''}, {0: 'Food and housing total*', 1: 'Not Applicable', 2: 'Not Applicable', 3: ''}, {0: 'Transportation:', 1: '', 2: '', 3: ''}, {0: 'Other expenses:', 1: '', 2: '', 3: ''}]]",<table> <tr> <td> </td> <td> Residents </td> <td> Commuters </td> <td> Commuters </td> </tr> <tr> <td> Books and supplies: </td> <td> </td> <td> </td> <td> </td> </tr> <tr> <td> Housing only: </td> <td> Not Applicable </td> <td> Not Applicable </td> <td> </td> </tr> <tr> <td> Food only: </td> <td> Not Applicable </td> <td> </td> <td> </td> </tr> <tr> <td> Food and housing total* </td> <td> Not Applicable </td> <td> Not Applicable </td> <td> </td> </tr> <tr> <td> Transportation: </td> <td> </td> <td> </td> <td> </td> </tr> <tr> <td> Other expenses: </td> <td> </td> <td> </td> <td> </td> </tr> </table>,130697,../data/cds-docs/2024-2025/130697.pdf,2024-2025
H,2,H2,Number of Enrolled Students Awarded Aid: List the number of degree-seeking full-time and less-than-,"[[{0: '', 1: 'Number of Enrolled Students Awarded Aid', 2: 'First-time Full\ufffe\ntime First-year\nStudents', 3: 'Full-time\nUndergrad\n(Incl. First-Year)', 4: 'Less Than\nFull-time\nUndergrad'}, {0: 'A', 1: 'Number of degree-seeking undergraduate students\n(CDS Item B1 if reporting on Fall 2024 cohort)', 2: '825', 3: '3059', 4: '8'}, {0: 'B', 1: 'Number of students in line a who applied for need\ufffe\nbased financial aid', 2: '403', 3: '1359', 4: '0'}, {0: 'C', 1: 'Number of students in line b who were determined to\nhave financial need', 2: '381', 3: '1302', 4: '0'}, {0: 'D', 1: 'Number of students in line c who were awarded any\nfinancial aid', 2: '381', 3: '1302', 4: '0'}, {0: 'E', 1: 'Number of students in line d who were awarded any\nneed-based scholarship or grant aid', 2: '381', 3: '1301', 4: '0'}, {0: 'F', 1: 'Number of students in line d who were awarded any\nneed-based self-help aid', 2: '354', 3: '1220', 4: '0'}, {0: 'G', 1: 'Number of students in line d who were awarded any\nnon-need-based scholarship or grant aid', 2: '13', 3: '42', 4: '0'}, {0: 'H', 1: 'Number of students in line d whose need was fully met\n(exclude PLUS loans, unsubsidized loans, and private\nalternative loans)', 2: '381', 3: '1302', 4: '0'}, {0: 'I', 1: 'On average, the percentage of need that was met of\nstudents who were awarded any need-based aid.\nExclude any aid that was awarded in excess of need as\nwell as any resources that were awarded to replace\nEFC (PLUS loans, unsubsidized loans, and private\nalternative loans)', 2: '100.0%', 3: '100.0%', 4: '0.0%'}], [{0: '', 1: 'Number of Enrolled Students Awarded Non-need\ufffe\nbased Scholarships and Grants', 2: 'First-time\nFull-time\nFirst-year\nStudents', 3: 'Full-time\nUndergrad\n(Incl. First-year.)', 4: 'Less Than\nFull-time\nUndergrad'}, {0: 'N', 1: 'Number of students in line a who had no financial need\nand who were awarded institutional non-need-based\nscholarship or grant aid (exclude those who were\nawarded athletic awards and tuition benefits)', 2: '1', 3: '8', 4: '0'}, {0: 'O', 1: 'Average dollar amount of institutional non-need-based\nscholarship and grant aid awarded to students in line n', 2: '$ 20,553', 3: '$ 24,512', 4: '$ 0'}, {0: 'P', 1: 'Number of students in line a who were awarded an\ninstitutional non-need-based athletic scholarship or\ngrant', 2: '0', 3: '0', 4: '0'}, {0: 'Q', 1: 'Average dollar amount of institutional non-need-based\nathletic scholarships and grants awarded to students in\nline p', 2: '$ 0', 3: '$ 0', 4: '$ 0'}]]","<table> <tr> <td> </td> <td> Number of Enrolled Students Awarded Aid </td> <td> First-time Full￾ <br/> time First-year <br/> Students </td> <td> Full-time <br/> Undergrad <br/> (Incl. First-Year) </td> <td> Less Than <br/> Full-time <br/> Undergrad </td> </tr> <tr> <td> A </td> <td> Number of degree-seeking undergraduate students <br/> (CDS Item B1 if reporting on Fall 2024 cohort) </td> <td> 825 </td> <td> 3059 </td> <td> 8 </td> </tr> <tr> <td> B </td> <td> Number of students in line a who applied for need￾ <br/> based financial aid </td> <td> 403 </td> <td> 1359 </td> <td> 0 </td> </tr> <tr> <td> C </td> <td> Number of students in line b who were determined to <br/> have financial need </td> <td> 381 </td> <td> 1302 </td> <td> 0 </td> </tr> <tr> <td> D </td> <td> Number of students in line c who were awarded any <br/> financial aid </td> <td> 381 </td> <td> 1302 </td> <td> 0 </td> </tr> <tr> <td> E </td> <td> Number of students in line d who were awarded any <br/> need-based scholarship or grant aid </td> <td> 381 </td> <td> 1301 </td> <td> 0 </td> </tr> <tr> <td> F </td> <td> Number of students in line d who were awarded any <br/> need-based self-help aid </td> <td> 354 </td> <td> 1220 </td> <td> 0 </td> </tr> <tr> <td> G </td> <td> Number of students in line d who were awarded any <br/> non-need-based scholarship or grant aid </td> <td> 13 </td> <td> 42 </td> <td> 0 </td> </tr> <tr> <td> H </td> <td> Number of students in line d whose need was fully met <br/> (exclude PLUS loans, unsubsidized loans, and private <br/> alternative loans) </td> <td> 381 </td> <td> 1302 </td> <td> 0 </td> </tr> <tr> <td> I </td> <td> On average, the percentage of need that was met of <br/> students who were awarded any need-based aid. <br/> Exclude any aid that was awarded in excess of need as <br/> well as any resources that were awarded to replace <br/> EFC (PLUS loans, unsubsidized loans, and private <br/> alternative loans) </td> <td> 100.0% </td> <td> 100.0% </td> <td> 0.0% </td> </tr> </table><div class=""separator""></div><table> <tr> <td> </td> <td> Number of Enrolled Students Awarded Non-need￾ <br/> based Scholarships and Grants </td> <td> First-time <br/> Full-time <br/> First-year <br/> Students </td> <td> Full-time <br/> Undergrad <br/> (Incl. First-year.) </td> <td> Less Than <br/> Full-time <br/> Undergrad </td> </tr> <tr> <td> N </td> <td> Number of students in line a who had no financial need <br/> and who were awarded institutional non-need-based <br/> scholarship or grant aid (exclude those who were <br/> awarded athletic awards and tuition benefits) </td> <td> 1 </td> <td> 8 </td> <td> 0 </td> </tr> <tr> <td> O </td> <td> Average dollar amount of institutional non-need-based <br/> scholarship and grant aid awarded to students in line n </td> <td> $ 20,553 </td> <td> $ 24,512 </td> <td> $ 0 </td> </tr> <tr> <td> P </td> <td> Number of students in line a who were awarded an <br/> institutional non-need-based athletic scholarship or <br/> grant </td> <td> 0 </td> <td> 0 </td> <td> 0 </td> </tr> <tr> <td> Q </td> <td> Average dollar amount of institutional non-need-based <br/> athletic scholarships and grants awarded to students in <br/> line p </td> <td> $ 0 </td> <td> $ 0 </td> <td> $ 0 </td> </tr> </table>",130697,../data/cds-docs/2024-2025/130697.pdf,2024-2025
H,11,H11,Indicate reply dates:,"[[{0: 'Students must reply by (date):', 1: '5/1'}, {0: 'or within _______ weeks of notification.', 1: ''}]]",<table> <tr> <td> Students must reply by (date): </td> <td> 5/1 </td> </tr> <tr> <td> or within _______ weeks of notification. </td> <td> </td> </tr> </table>,130697,../data/cds-docs/2024-2025/130697.pdf,2024-2025
H,14,H14,Check off criteria used in awarding institutional aid. Check all that apply.,"[[{0: '', 1: 'Non-Need Based', 2: 'Need-Based'}, {0: 'Academics', 1: '', 2: ''}, {0: 'Alumni affiliation', 1: '', 2: ''}, {0: 'Art', 1: '', 2: ''}, {0: 'Athletics', 1: '', 2: ''}, {0: 'Job skills', 1: '', 2: ''}, {0: 'ROTC', 1: '', 2: ''}, {0: 'Leadership', 1: '', 2: ''}, {0: 'Music/drama', 1: '', 2: ''}, {0: 'Religious affiliation', 1: '', 2: ''}, {0: 'State/district residency', 1: '', 2: ''}]]",<table> <tr> <td> </td> <td> Non-Need Based </td> <td> Need-Based </td> </tr> <tr> <td> Academics </td> <td> </td> <td> </td> </tr> <tr> <td> Alumni affiliation </td> <td> </td> <td> </td> </tr> <tr> <td> Art </td> <td> </td> <td> </td> </tr> <tr> <td> Athletics </td> <td> </td> <td> </td> </tr> <tr> <td> Job skills </td> <td> </td> <td> </td> </tr> <tr> <td> ROTC </td> <td> </td> <td> </td> </tr> <tr> <td> Leadership </td> <td> </td> <td> </td> </tr> <tr> <td> Music/drama </td> <td> </td> <td> </td> </tr> <tr> <td> Religious affiliation </td> <td> </td> <td> </td> </tr> <tr> <td> State/district residency </td> <td> </td> <td> </td> </tr> </table>,130697,../data/cds-docs/2024-2025/130697.pdf,2024-2025
J,1,J1,"Degrees conferred between July 1, 2023 and June 30, 2024","[[{0: 'Category', 1: 'Diploma/Certificates', 2: 'Associate', 3: 'Bachelor’s', 4: 'CIP 2020 Categories\nto Include'}, {0: 'Agriculture', 1: '', 2: '', 3: '', 4: '01'}, {0: 'Natural resources and conservation', 1: '', 2: '', 3: '0.0287', 4: '03'}, {0: 'Architecture', 1: '', 2: '', 3: '', 4: '04'}, {0: 'Area, ethnic, and gender studies', 1: '', 2: '', 3: '0.1009', 4: '05'}, {0: 'Communication/journalism', 1: '', 2: '', 3: '', 4: '09'}, {0: 'Communication technologies', 1: '', 2: '', 3: '', 4: '10'}, {0: 'Computer and information sciences', 1: '', 2: '', 3: '0.0339', 4: '11'}, {0: 'Personal and culinary services', 1: '', 2: '', 3: '', 4: '12'}, {0: 'Education', 1: '', 2: '', 3: '0.0174', 4: '13'}, {0: 'Engineering', 1: '', 2: '', 3: '0.0009', 4: '14'}, {0: 'Engineering technologies', 1: '', 2: '', 3: '', 4: '15'}, {0: 'Foreign languages, literatures, and linguistics', 1: '', 2: '', 3: '0.0052', 4: '16'}, {0: 'Family and consumer sciences', 1: '', 2: '', 3: '', 4: '19'}, {0: 'Law/legal studies', 1: '', 2: '', 3: '', 4: '22'}, {0: 'English', 1: '', 2: '', 3: '0.0626', 4: '23'}, {0: 'Liberal arts/general studies', 1: '', 2: '', 3: '0.0096', 4: '24'}, {0: 'Library science', 1: '', 2: '', 3: '', 4: '25'}, {0: 'Biological/life sciences', 1: '', 2: '', 3: '0.0678', 4: '26'}, {0: 'Mathematics and statistics', 1: '', 2: '', 3: '0.0174', 4: '27'}, {0: 'Military science and military technologies', 1: '', 2: '', 3: '', 4: '28 & 29'}, {0: 'Interdisciplinary studies', 1: '', 2: '', 3: '0.0383', 4: '30'}, {0: 'Parks and recreation', 1: '', 2: '', 3: '', 4: '31'}, {0: 'Philosophy and religious studies', 1: '', 2: '', 3: '0.0226', 4: '38'}, {0: 'Theology and religious vocations', 1: '', 2: '', 3: '', 4: '39'}, {0: 'Physical sciences', 1: '', 2: '', 3: '0.0591', 4: '40'}, {0: 'Science technologies', 1: '', 2: '', 3: '', 4: '41'}, {0: 'Psychology', 1: '', 2: '', 3: '0.1443', 4: '42'}, {0: 'Homeland Security, law enforcement, firefighting,', 1: '', 2: '', 3: '', 4: '43'}, {0: 'Public administration and social services', 1: '', 2: '', 3: '', 4: '44'}, {0: 'Social sciences', 1: '', 2: '', 3: '0.2452', 4: '45'}, {0: 'Construction trades', 1: '', 2: '', 3: '', 4: '46'}, {0: 'Mechanic and repair technologies', 1: '', 2: '', 3: '', 4: '47'}, {0: 'Precision production', 1: '', 2: '', 3: '', 4: '48'}, {0: 'Transportation and materials moving', 1: '', 2: '', 3: '', 4: '49'}, {0: 'Visual and performing arts', 1: '', 2: '', 3: '0.1252', 4: '50'}, {0: 'Health professions and related programs', 1: '', 2: '', 3: '', 4: '51'}, {0: 'Business/marketing', 1: '', 2: '', 3: '', 4: '52'}, {0: 'History', 1: '', 2: '', 3: '0.0209', 4: '54'}, {0: 'Other', 1: '', 2: '', 3: '', 4: ''}, {0: 'TOTAL (should = 100%)', 1: '0.00%', 2: '0.00%', 3: '100.00%', 4: ''}]]","<table> <tr> <td> Category </td> <td> Diploma/Certificates </td> <td> Associate </td> <td> Bachelor’s </td> <td> CIP 2020 Categories <br/> to Include </td> </tr> <tr> <td> Agriculture </td> <td> </td> <td> </td> <td> </td> <td> 01 </td> </tr> <tr> <td> Natural resources and conservation </td> <td> </td> <td> </td> <td> 0.0287 </td> <td> 03 </td> </tr> <tr> <td> Architecture </td> <td> </td> <td> </td> <td> </td> <td> 04 </td> </tr> <tr> <td> Area, ethnic, and gender studies </td> <td> </td> <td> </td> <td> 0.1009 </td> <td> 05 </td> </tr> <tr> <td> Communication/journalism </td> <td> </td> <td> </td> <td> </td> <td> 09 </td> </tr> <tr> <td> Communication technologies </td> <td> </td> <td> </td> <td> </td> <td> 10 </td> </tr> <tr> <td> Computer and information sciences </td> <td> </td> <td> </td> <td> 0.0339 </td> <td> 11 </td> </tr> <tr> <td> Personal and culinary services </td> <td> </td> <td> </td> <td> </td> <td> 12 </td> </tr> <tr> <td> Education </td> <td> </td> <td> </td> <td> 0.0174 </td> <td> 13 </td> </tr> <tr> <td> Engineering </td> <td> </td> <td> </td> <td> 0.0009 </td> <td> 14 </td> </tr> <tr> <td> Engineering technologies </td> <td> </td> <td> </td> <td> </td> <td> 15 </td> </tr> <tr> <td> Foreign languages, literatures, and linguistics </td> <td> </td> <td> </td> <td> 0.0052 </td> <td> 16 </td> </tr> <tr> <td> Family and consumer sciences </td> <td> </td> <td> </td> <td> </td> <td> 19 </td> </tr> <tr> <td> Law/legal studies </td> <td> </td> <td> </td> <td> </td> <td> 22 </td> </tr> <tr> <td> English </td> <td> </td> <td> </td> <td> 0.0626 </td> <td> 23 </td> </tr> <tr> <td> Liberal arts/general studies </td> <td> </td> <td> </td> <td> 0.0096 </td> <td> 24 </td> </tr> <tr> <td> Library science </td> <td> </td> <td> </td> <td> </td> <td> 25 </td> </tr> <tr> <td> Biological/life sciences </td> <td> </td> <td> </td> <td> 0.0678 </td> <td> 26 </td> </tr> <tr> <td> Mathematics and statistics </td> <td> </td> <td> </td> <td> 0.0174 </td> <td> 27 </td> </tr> <tr> <td> Military science and military technologies </td> <td> </td> <td> </td> <td> </td> <td> 28 &amp; 29 </td> </tr> <tr> <td> Interdisciplinary studies </td> <td> </td> <td> </td> <td> 0.0383 </td> <td> 30 </td> </tr> <tr> <td> Parks and recreation </td> <td> </td> <td> </td> <td> </td> <td> 31 </td> </tr> <tr> <td> Philosophy and religious studies </td> <td> </td> <td> </td> <td> 0.0226 </td> <td> 38 </td> </tr> <tr> <td> Theology and religious vocations </td> <td> </td> <td> </td> <td> </td> <td> 39 </td> </tr> <tr> <td> Physical sciences </td> <td> </td> <td> </td> <td> 0.0591 </td> <td> 40 </td> </tr> <tr> <td> Science technologies </td> <td> </td> <td> </td> <td> </td> <td> 41 </td> </tr> <tr> <td> Psychology </td> <td> </td> <td> </td> <td> 0.1443 </td> <td> 42 </td> </tr> <tr> <td> Homeland Security, law enforcement, firefighting, </td> <td> </td> <td> </td> <td> </td> <td> 43 </td> </tr> <tr> <td> Public administration and social services </td> <td> </td> <td> </td> <td> </td> <td> 44 </td> </tr> <tr> <td> Social sciences </td> <td> </td> <td> </td> <td> 0.2452 </td> <td> 45 </td> </tr> <tr> <td> Construction trades </td> <td> </td> <td> </td> <td> </td> <td> 46 </td> </tr> <tr> <td> Mechanic and repair technologies </td> <td> </td> <td> </td> <td> </td> <td> 47 </td> </tr> <tr> <td> Precision production </td> <td> </td> <td> </td> <td> </td> <td> 48 </td> </tr> <tr> <td> Transportation and materials moving </td> <td> </td> <td> </td> <td> </td> <td> 49 </td> </tr> <tr> <td> Visual and performing arts </td> <td> </td> <td> </td> <td> 0.1252 </td> <td> 50 </td> </tr> <tr> <td> Health professions and related programs </td> <td> </td> <td> </td> <td> </td> <td> 51 </td> </tr> <tr> <td> Business/marketing </td> <td> </td> <td> </td> <td> </td> <td> 52 </td> </tr> <tr> <td> History </td> <td> </td> <td> </td> <td> 0.0209 </td> <td> 54 </td> </tr> <tr> <td> Other </td> <td> </td> <td> </td> <td> </td> <td> </td> </tr> <tr> <td> TOTAL (should = 100%) </td> <td> 0.00% </td> <td> 0.00% </td> <td> 100.00% </td> <td> </td> </tr> </table>",130697,../data/cds-docs/2024-2025/130697.pdf,2024-2025
B,1,B1,Institutional Enrollment - Men and Women,"[[{0: '', 1: 'FULL-TIME', 2: 'FULL-TIME', 3: 'FULL-TIME', 4: 'PART-TIME', 5: 'PART-TIME', 6: 'PART-TIME'}, {0: '', 1: 'Men\nWomen Another Gender', 2: 'Men\nWomen Another Gender', 3: 'Men\nWomen Another Gender', 4: 'Men\nWomen Another Gender', 5: 'Men\nWomen Another Gender', 6: 'Men\nWomen Another Gender'}, {0: 'Undergraduates', 1: 'Undergraduates', 2: 'Undergraduates', 3: 'Undergraduates', 4: 'Undergraduates', 5: 'Undergraduates', 6: 'Undergraduates'}, {0: 'Degree-seeking, first-time, first\ufffe\nyear', 1: '366', 2: '377', 3: '0', 4: '0', 5: '0', 6: '0'}, {0: 'Other first-year, degree-seeking', 1: '3', 2: '3', 3: '0', 4: '0', 5: '0', 6: '0'}, {0: 'All other degree-seeking', 1: '1,019', 2: '1,232', 3: '0', 4: '3', 5: '3', 6: '0'}, {0: 'Total degree-seeking', 1: '1,388', 2: '1,612', 3: '0', 4: '3', 5: '3', 6: '0'}, {0: 'All other undergraduates\nenrolled in credit courses', 1: '0', 2: '6', 3: '0', 4: '29', 5: '28', 6: '0'}, {0: 'Total undergraduates', 1: '1,388', 2: '1,618', 3: '0', 4: '32', 5: '31', 6: '0'}, {0: 'Graduate', 1: 'Graduate', 2: 'Graduate', 3: 'Graduate', 4: 'Graduate', 5: 'Graduate', 6: 'Graduate'}, {0: 'Degree-seeking, first-time', 1: '8', 2: '12', 3: '0', 4: '0', 5: '1', 6: '0'}, {0: 'All other degree-seeking', 1: '44', 2: '60', 3: '0', 4: '9', 5: '10', 6: '0'}, {0: 'All other graduates enrolled in\ncredit courses', 1: '0', 2: '0', 3: '0', 4: '10', 5: '30', 6: '0'}, {0: 'Total graduate', 1: '52', 2: '72', 3: '0', 4: '19', 5: '41', 6: '0'}, {0: 'Total all students', 1: '1,440', 2: '1,690', 3: '0', 4: '51', 5: '72', 6: '0'}]]","<table> <tr> <td rowspan=""2""> </td> <td colspan=""3""> FULL-TIME </td> <td colspan=""3""> PART-TIME </td> </tr> <tr> <td colspan=""3""> Men <br/> Women Another Gender </td> <td colspan=""3""> Men <br/> Women Another Gender </td> </tr> <tr> <td colspan=""7""> Undergraduates </td> </tr> <tr> <td> Degree-seeking, first-time, first￾ <br/> year </td> <td> 366 </td> <td> 377 </td> <td> 0 </td> <td> 0 </td> <td> 0 </td> <td> 0 </td> </tr> <tr> <td> Other first-year, degree-seeking </td> <td> 3 </td> <td> 3 </td> <td> 0 </td> <td> 0 </td> <td> 0 </td> <td> 0 </td> </tr> <tr> <td> All other degree-seeking </td> <td> 1,019 </td> <td> 1,232 </td> <td> 0 </td> <td> 3 </td> <td> 3 </td> <td> 0 </td> </tr> <tr> <td> Total degree-seeking </td> <td> 1,388 </td> <td> 1,612 </td> <td> 0 </td> <td> 3 </td> <td> 3 </td> <td> 0 </td> </tr> <tr> <td> All other undergraduates <br/> enrolled in credit courses </td> <td> 0 </td> <td> 6 </td> <td> 0 </td> <td> 29 </td> <td> 28 </td> <td> 0 </td> </tr> <tr> <td> Total undergraduates </td> <td> 1,388 </td> <td> 1,618 </td> <td> 0 </td> <td> 32 </td> <td> 31 </td> <td> 0 </td> </tr> <tr> <td colspan=""7""> Graduate </td> </tr> <tr> <td> Degree-seeking, first-time </td> <td> 8 </td> <td> 12 </td> <td> 0 </td> <td> 0 </td> <td> 1 </td> <td> 0 </td> </tr> <tr> <td> All other degree-seeking </td> <td> 44 </td> <td> 60 </td> <td> 0 </td> <td> 9 </td> <td> 10 </td> <td> 0 </td> </tr> <tr> <td> All other graduates enrolled in <br/> credit courses </td> <td> 0 </td> <td> 0 </td> <td> 0 </td> <td> 10 </td> <td> 30 </td> <td> 0 </td> </tr> <tr> <td> Total graduate </td> <td> 52 </td> <td> 72 </td> <td> 0 </td> <td> 19 </td> <td> 41 </td> <td> 0 </td> </tr> <tr> <td> Total all students </td> <td> 1,440 </td> <td> 1,690 </td> <td> 0 </td> <td> 51 </td> <td> 72 </td> <td> 0 </td> </tr> </table>",130697,../data/cds-docs/2022-2023/130697.pdf,2022-2023
B,2,B2,Enrollment by Racial/Ethnic Category.,"[[{0: '', 1: 'Degree-Seeking\nFirst-Time\nFirst Year', 2: 'Degree-Seeking\nUndergraduates\n(include first-time first\ufffe\nyear)', 3: 'Total\nUndergraduates\n(both degree & non\ufffe\ndegree-seeking)'}, {0: 'Nonresidents', 1: '81', 2: '311', 3: '317'}, {0: 'Hispanic/Latino', 1: '69', 2: '318', 3: '340'}, {0: 'Black or African American, non-Hispanic', 1: '43', 2: '165', 3: '176'}, {0: 'White, non-Hispanic', 1: '395', 2: '1,636', 3: '1,650'}, {0: 'American Indian or Alaska Native, non-Hispanic', 1: '1', 2: '1', 3: '1'}, {0: 'Asian, non-Hispanic', 1: '72', 2: '271', 3: '276'}, {0: 'Native Hawaiian or other Pacific Islander, non\ufffe\nHispanic', 1: '0', 2: '2', 3: '2'}, {0: 'Two or more races, non-Hispanic', 1: '54', 2: '217', 3: '219'}, {0: 'Race and/or ethnicity unknown', 1: '28', 2: '85', 3: '88'}, {0: 'TOTAL', 1: '743', 2: '3,006', 3: '3,069'}]]","<table> <tr> <td> </td> <td> Degree-Seeking <br/> First-Time <br/> First Year </td> <td> Degree-Seeking <br/> Undergraduates <br/> (include first-time first￾ <br/> year) </td> <td> Total <br/> Undergraduates <br/> (both degree &amp; non￾ <br/> degree-seeking) </td> </tr> <tr> <td> Nonresidents </td> <td> 81 </td> <td> 311 </td> <td> 317 </td> </tr> <tr> <td> Hispanic/Latino </td> <td> 69 </td> <td> 318 </td> <td> 340 </td> </tr> <tr> <td> Black or African American, non-Hispanic </td> <td> 43 </td> <td> 165 </td> <td> 176 </td> </tr> <tr> <td> White, non-Hispanic </td> <td> 395 </td> <td> 1,636 </td> <td> 1,650 </td> </tr> <tr> <td> American Indian or Alaska Native, non-Hispanic </td> <td> 1 </td> <td> 1 </td> <td> 1 </td> </tr> <tr> <td> Asian, non-Hispanic </td> <td> 72 </td> <td> 271 </td> <td> 276 </td> </tr> <tr> <td> Native Hawaiian or other Pacific Islander, non￾ <br/> Hispanic </td> <td> 0 </td> <td> 2 </td> <td> 2 </td> </tr> <tr> <td> Two or more races, non-Hispanic </td> <td> 54 </td> <td> 217 </td> <td> 219 </td> </tr> <tr> <td> Race and/or ethnicity unknown </td> <td> 28 </td> <td> 85 </td> <td> 88 </td> </tr> <tr> <td> TOTAL </td> <td> 743 </td> <td> 3,006 </td> <td> 3,069 </td> </tr> </table>",130697,../data/cds-docs/2022-2023/130697.pdf,2022-2023
B,4,B4,-B21: Graduation Rates,"[[{0: '', 1: 'Recipients of a\nFederal Pell\nGrant', 2: 'Recipients of a\nSubsidized\nStafford Loan\nwho did not\nreceive a Pell\nGrant', 3: 'Students who did\nnot receive either\na Pell Grant or a\nsubsidized\nStafford Loan', 4: 'Total\n(sum of 3 columns\nto the left)'}, {0: ""Initial 2016 cohort of first-time, full\ufffe\ntime, bachelor's (or equivalent)\ndegree-seeking undergraduate\nstudents"", 1: '114', 2: '202', 3: '458', 4: '774'}, {0: 'Of the initial 2016 cohort, how many\ndid not persist and did not graduate\nfor the following reasons:\n• Deceased\n• Permanently Disabled\n• Armed Forces\n• Foreign Aid Service of the Federal\nGovernment\n• Official church missions\n• Report Total Allowable Exclusions', 1: '0', 2: '0', 3: '0', 4: '0'}, {0: 'Final 2016 cohort, after adjusting for\nallowable exclusions', 1: '114', 2: '202', 3: '458', 4: '774'}, {0: 'Of the initial 2016 cohort, how many\ncompleted the program in four years\nor less (by Aug. 31, 2020)', 1: '105', 2: '183', 3: '402', 4: '690'}]]","<table> <tr> <td> </td> <td> Recipients of a <br/> Federal Pell <br/> Grant </td> <td> Recipients of a <br/> Subsidized <br/> Stafford Loan <br/> who did not <br/> receive a Pell <br/> Grant </td> <td> Students who did <br/> not receive either <br/> a Pell Grant or a <br/> subsidized <br/> Stafford Loan </td> <td> Total <br/> (sum of 3 columns <br/> to the left) </td> </tr> <tr> <td> Initial 2016 cohort of first-time, full￾ <br/> time, bachelor's (or equivalent) <br/> degree-seeking undergraduate <br/> students </td> <td> 114 </td> <td> 202 </td> <td> 458 </td> <td> 774 </td> </tr> <tr> <td> Of the initial 2016 cohort, how many <br/> did not persist and did not graduate <br/> for the following reasons: <br/> • Deceased <br/> • Permanently Disabled <br/> • Armed Forces <br/> • Foreign Aid Service of the Federal <br/> Government <br/> • Official church missions <br/> • Report Total Allowable Exclusions </td> <td> 0 </td> <td> 0 </td> <td> 0 </td> <td> 0 </td> </tr> <tr> <td> Final 2016 cohort, after adjusting for <br/> allowable exclusions </td> <td> 114 </td> <td> 202 </td> <td> 458 </td> <td> 774 </td> </tr> <tr> <td> Of the initial 2016 cohort, how many <br/> completed the program in four years <br/> or less (by Aug. 31, 2020) </td> <td> 105 </td> <td> 183 </td> <td> 402 </td> <td> 690 </td> </tr> </table>",130697,../data/cds-docs/2022-2023/130697.pdf,2022-2023
C,1,C1,"First-time, first-year students: Provide the number of degree-seeking, first-time, first-year students who","[[{0: 'Total first-time, first-year men who applied', 1: 'Total first-time, first-year men who applied', 2: '5458'}, {0: 'Total first-time, first-year', 1: 'women who applied', 2: '9063'}], [{0: 'Total first-time, first-year men who were admitted', 1: 'Total first-time, first-year men who were admitted', 2: '1010'}, {0: 'Total first-time, first-year', 1: 'women who were admitted', 2: '1086'}], [{0: 'Total full-time, first-time, first-year men who enrolled', 1: '366'}, {0: 'Total part-time, first-time, first-year men who enrolled', 1: '0'}], [{0: 'Total full-time, first-time, first-year women who enrolled', 1: '377'}, {0: 'Total part-time, first-time, first-year women who enrolled', 1: '0'}]]","<table> <tr> <td colspan=""2""> Total first-time, first-year men who applied </td> <td> 5458 </td> </tr> <tr> <td> Total first-time, first-year </td> <td> women who applied </td> <td> 9063 </td> </tr> </table><div class=""separator""></div><table> <tr> <td colspan=""2""> Total first-time, first-year men who were admitted </td> <td> 1010 </td> </tr> <tr> <td> Total first-time, first-year </td> <td> women who were admitted </td> <td> 1086 </td> </tr> </table><div class=""separator""></div><table> <tr> <td> Total full-time, first-time, first-year men who enrolled </td> <td> 366 </td> </tr> <tr> <td> Total part-time, first-time, first-year men who enrolled </td> <td> 0 </td> </tr> </table><div class=""separator""></div><table> <tr> <td> Total full-time, first-time, first-year women who enrolled </td> <td> 377 </td> </tr> <tr> <td> Total part-time, first-time, first-year women who enrolled </td> <td> 0 </td> </tr> </table>",130697,../data/cds-docs/2022-2023/130697.pdf,2022-2023
C,2,C2,"First-time, first-year wait-listed students","[[{0: 'WAITING LIST', 1: 'TOTAL'}, {0: 'Number of qualified applicants offered a place on waiting list:', 1: '2754'}, {0: 'Number accepting a place on the waiting list:', 1: '1557'}, {0: 'Number of wait-listed students admitted:', 1: '81'}]]",<table> <tr> <td> WAITING LIST </td> <td> TOTAL </td> </tr> <tr> <td> Number of qualified applicants offered a place on waiting list: </td> <td> 2754 </td> </tr> <tr> <td> Number accepting a place on the waiting list: </td> <td> 1557 </td> </tr> <tr> <td> Number of wait-listed students admitted: </td> <td> 81 </td> </tr> </table>,130697,../data/cds-docs/2022-2023/130697.pdf,2022-2023
C,5,C5,Distribution of high school units required and/or recommended. Specify the distribution of academic,"[[{0: '', 1: 'Required', 2: 'Recommended'}, {0: 'Total academic units', 1: '', 2: ''}, {0: 'English', 1: '', 2: '4'}, {0: 'Mathematics', 1: '', 2: '4'}, {0: 'Science', 1: '', 2: '4'}, {0: 'Of these, units that must be\nlab', 1: '', 2: '3'}, {0: 'Foreign language', 1: '', 2: '4'}, {0: 'Social studies', 1: '', 2: '4'}, {0: 'History', 1: '', 2: '4'}, {0: 'Academic electives', 1: '', 2: ''}, {0: 'Computer Science', 1: '', 2: ''}, {0: 'Visual/Performing Arts', 1: '', 2: ''}, {0: 'Other (specify)', 1: '', 2: ''}]]","<table> <tr> <td> </td> <td> Required </td> <td> Recommended </td> </tr> <tr> <td> Total academic units </td> <td> </td> <td> </td> </tr> <tr> <td> English </td> <td> </td> <td> 4 </td> </tr> <tr> <td> Mathematics </td> <td> </td> <td> 4 </td> </tr> <tr> <td> Science </td> <td> </td> <td> 4 </td> </tr> <tr> <td> Of these, units that must be <br/> lab </td> <td> </td> <td> 3 </td> </tr> <tr> <td> Foreign language </td> <td> </td> <td> 4 </td> </tr> <tr> <td> Social studies </td> <td> </td> <td> 4 </td> </tr> <tr> <td> History </td> <td> </td> <td> 4 </td> </tr> <tr> <td> Academic electives </td> <td> </td> <td> </td> </tr> <tr> <td> Computer Science </td> <td> </td> <td> </td> </tr> <tr> <td> Visual/Performing Arts </td> <td> </td> <td> </td> </tr> <tr> <td> Other (specify) </td> <td> </td> <td> </td> </tr> </table>",130697,../data/cds-docs/2022-2023/130697.pdf,2022-2023
C,7,C7,"Relative importance of each of the following academic and nonacademic factors in your first-time,","[[{0: 'Very Important Important Considered Not Considered', 1: 'Very Important Important Considered Not Considered', 2: 'Very Important Important Considered Not Considered', 3: 'Very Important Important Considered Not Considered', 4: 'Very Important Important Considered Not Considered'}, {0: 'Academic', 1: 'Academic', 2: 'Academic', 3: 'Academic', 4: 'Academic'}, {0: 'Rigor of secondary school record', 1: 'X', 2: '', 3: '', 4: ''}, {0: 'Class rank', 1: '', 2: 'X', 3: '', 4: ''}, {0: 'Academic GPA', 1: '', 2: 'X', 3: '', 4: ''}, {0: 'Standardized test scores', 1: '', 2: '', 3: 'X', 4: ''}, {0: 'Application Essay', 1: '', 2: 'X', 3: '', 4: ''}, {0: 'Recommendation(s)', 1: '', 2: 'X', 3: '', 4: ''}, {0: 'Nonacademic', 1: 'Nonacademic', 2: 'Nonacademic', 3: 'Nonacademic', 4: 'Nonacademic'}, {0: 'Interview', 1: '', 2: '', 3: 'X', 4: ''}, {0: 'Extracurricular activities', 1: '', 2: '', 3: 'X', 4: ''}, {0: 'Talent/ability', 1: '', 2: 'X', 3: '', 4: ''}, {0: 'Character/personal qualities', 1: '', 2: 'X', 3: '', 4: ''}, {0: 'First generation', 1: '', 2: 'X', 3: '', 4: ''}, {0: 'Alumni/ae relation', 1: '', 2: '', 3: 'X', 4: ''}, {0: 'Geographical residence', 1: '', 2: '', 3: 'X', 4: ''}, {0: 'State residency', 1: '', 2: '', 3: '', 4: 'X'}, {0: 'Religious affiliation/commitment', 1: '', 2: '', 3: '', 4: 'X'}, {0: 'Racial/ethnic status', 1: '', 2: 'X', 3: '', 4: ''}, {0: 'Volunteer work', 1: '', 2: '', 3: 'X', 4: ''}, {0: 'Work experience', 1: '', 2: '', 3: 'X', 4: ''}, {0: 'Level of applicant’s interest', 1: '', 2: '', 3: '', 4: 'X'}]]","<table> <tr> <td colspan=""5""> Very Important Important Considered Not Considered </td> </tr> <tr> <td colspan=""5""> Academic </td> </tr> <tr> <td> Rigor of secondary school record </td> <td> X </td> <td> </td> <td> </td> <td> </td> </tr> <tr> <td> Class rank </td> <td> </td> <td> X </td> <td> </td> <td> </td> </tr> <tr> <td> Academic GPA </td> <td> </td> <td> X </td> <td> </td> <td> </td> </tr> <tr> <td> Standardized test scores </td> <td> </td> <td> </td> <td> X </td> <td> </td> </tr> <tr> <td> Application Essay </td> <td> </td> <td> X </td> <td> </td> <td> </td> </tr> <tr> <td> Recommendation(s) </td> <td> </td> <td> X </td> <td> </td> <td> </td> </tr> <tr> <td colspan=""5""> Nonacademic </td> </tr> <tr> <td> Interview </td> <td> </td> <td> </td> <td> X </td> <td> </td> </tr> <tr> <td> Extracurricular activities </td> <td> </td> <td> </td> <td> X </td> <td> </td> </tr> <tr> <td> Talent/ability </td> <td> </td> <td> X </td> <td> </td> <td> </td> </tr> <tr> <td> Character/personal qualities </td> <td> </td> <td> X </td> <td> </td> <td> </td> </tr> <tr> <td> First generation </td> <td> </td> <td> X </td> <td> </td> <td> </td> </tr> <tr> <td> Alumni/ae relation </td> <td> </td> <td> </td> <td> X </td> <td> </td> </tr> <tr> <td> Geographical residence </td> <td> </td> <td> </td> <td> X </td> <td> </td> </tr> <tr> <td> State residency </td> <td> </td> <td> </td> <td> </td> <td> X </td> </tr> <tr> <td> Religious affiliation/commitment </td> <td> </td> <td> </td> <td> </td> <td> X </td> </tr> <tr> <td> Racial/ethnic status </td> <td> </td> <td> X </td> <td> </td> <td> </td> </tr> <tr> <td> Volunteer work </td> <td> </td> <td> </td> <td> X </td> <td> </td> </tr> <tr> <td> Work experience </td> <td> </td> <td> </td> <td> X </td> <td> </td> </tr> <tr> <td> Level of applicant’s interest </td> <td> </td> <td> </td> <td> </td> <td> X </td> </tr> </table>",130697,../data/cds-docs/2022-2023/130697.pdf,2022-2023
C,8,C8,: SAT and ACT Policies,"[[{0: 'Yes', 1: 'No'}, {0: 'X', 1: ''}], [{0: '', 1: 'ADMISSION', 2: 'ADMISSION', 3: 'ADMISSION', 4: 'ADMISSION', 5: 'ADMISSION'}, {0: '', 1: 'Require', 2: 'Recommend', 3: 'Require for Some', 4: 'Consider if\nSubmitted', 5: 'Considered Not'}, {0: 'SAT or ACT', 1: '', 2: '', 3: '', 4: 'X', 5: ''}, {0: 'ACT Only', 1: '', 2: '', 3: '', 4: '', 5: ''}, {0: 'SAT Only', 1: '', 2: '', 3: '', 4: '', 5: ''}]]","<table> <tr> <td> Yes </td> <td> No </td> </tr> <tr> <td> X </td> <td> </td> </tr> </table><div class=""separator""></div><table> <tr> <td rowspan=""2""> </td> <td colspan=""5""> ADMISSION </td> </tr> <tr> <td> Require </td> <td> Recommend </td> <td> Require for Some </td> <td> Consider if <br/> Submitted </td> <td> Considered Not </td> </tr> <tr> <td> SAT or ACT </td> <td> </td> <td> </td> <td> </td> <td> X </td> <td> </td> </tr> <tr> <td> ACT Only </td> <td> </td> <td> </td> <td> </td> <td> </td> <td> </td> </tr> <tr> <td> SAT Only </td> <td> </td> <td> </td> <td> </td> <td> </td> <td> </td> </tr> </table>",130697,../data/cds-docs/2022-2023/130697.pdf,2022-2023
C,9,C9,"Percent and number of first-time, first-year students enrolled in Fall 2022 who submitted national","[[{0: '52%', 1: '384'}, {0: '24%', 1: '180'}], [{0: 'Assessment', 1: '25th Percentile', 2: '50th Percentile', 3: '75th Percentile'}, {0: 'SAT Composite', 1: '1310', 2: '1430', 3: '1505'}, {0: 'SAT Evidence-Based Reading and', 1: '660', 2: '710', 3: '750'}, {0: 'SAT Math', 1: '660', 2: '710', 3: '760'}, {0: 'ACT Composite', 1: '30.5', 2: '32', 3: '34'}, {0: 'ACT Math', 1: '27', 2: '30', 3: '33'}, {0: 'ACT English', 1: '31', 2: '34', 3: '35'}, {0: 'ACT Writing', 1: '8', 2: '8', 3: '10'}, {0: 'ACT Science', 1: '29', 2: '32', 3: '34'}, {0: 'ACT Reading', 1: '32', 2: '34', 3: '36'}], [{0: 'Score Range', 1: 'SAT Evidence-', 2: 'SAT Math'}, {0: '700-800', 1: '57.03%', 2: '56.51%'}, {0: '600-699', 1: '33.85%', 2: '31.25%'}, {0: '500-599', 1: '8.33%', 2: '11.20%'}, {0: '400-499', 1: '0.78%', 2: '1.04%'}, {0: '300-399', 1: '0.00%', 2: '0.00%'}, {0: '200-299', 1: '0.00%', 2: '0.00%'}, {0: 'Totals should = 100%', 1: '100.00%', 2: '100.00%'}], [{0: 'Score Range', 1: 'SAT Composite'}, {0: '1400-1600', 1: '56.77%'}, {0: '1200-1399', 1: '34.90%'}, {0: '1000-1199', 1: '7.81%'}, {0: '800-999', 1: '0.52%'}, {0: '600-799', 1: '0.00%'}, {0: '400-599', 1: '0.00%'}, {0: 'Totals should = 100%', 1: '100.00%'}], [{0: 'Score Range', 1: 'ACT Composite', 2: 'ACT English', 3: 'ACT Math', 4: 'ACT Reading', 5: 'ACT Science'}, {0: '30-36', 1: '81.11%', 2: '84.09%', 3: '60.23%', 4: '85.80%', 5: '68.18%'}, {0: '24-29', 1: '16.67%', 2: '13.07%', 3: '32.39%', 4: '11.93%', 5: '27.27%'}, {0: '18-23', 1: '2.22%', 2: '2.84%', 3: '6.25%', 4: '2.27%', 5: '4.55%'}, {0: '12-17', 1: '0.00%', 2: '0.00%', 3: '1.14%', 4: '0.00%', 5: '0.00%'}, {0: '6-11', 1: '0.00%', 2: '0.00%', 3: '0.00%', 4: '0.00%', 5: '0.00%'}, {0: 'Below 6', 1: '0.00%', 2: '0.00%', 3: '0.00%', 4: '0.00%', 5: '0.00%'}, {0: 'Totals should = 100%', 1: '100.00%', 2: '100.00%', 3: '100.00%', 4: '100.00%', 5: '100.00%'}]]","<table> <tr> <td> 52% </td> <td> 384 </td> </tr> <tr> <td> 24% </td> <td> 180 </td> </tr> </table><div class=""separator""></div><table> <tr> <td> Assessment </td> <td> 25th Percentile </td> <td> 50th Percentile </td> <td> 75th Percentile </td> </tr> <tr> <td> SAT Composite </td> <td> 1310 </td> <td> 1430 </td> <td> 1505 </td> </tr> <tr> <td> SAT Evidence-Based Reading and </td> <td> 660 </td> <td> 710 </td> <td> 750 </td> </tr> <tr> <td> SAT Math </td> <td> 660 </td> <td> 710 </td> <td> 760 </td> </tr> <tr> <td> ACT Composite </td> <td> 30.5 </td> <td> 32 </td> <td> 34 </td> </tr> <tr> <td> ACT Math </td> <td> 27 </td> <td> 30 </td> <td> 33 </td> </tr> <tr> <td> ACT English </td> <td> 31 </td> <td> 34 </td> <td> 35 </td> </tr> <tr> <td> ACT Writing </td> <td> 8 </td> <td> 8 </td> <td> 10 </td> </tr> <tr> <td> ACT Science </td> <td> 29 </td> <td> 32 </td> <td> 34 </td> </tr> <tr> <td> ACT Reading </td> <td> 32 </td> <td> 34 </td> <td> 36 </td> </tr> </table><div class=""separator""></div><table> <tr> <td> Score Range </td> <td> SAT Evidence- </td> <td> SAT Math </td> </tr> <tr> <td> 700-800 </td> <td> 57.03% </td> <td> 56.51% </td> </tr> <tr> <td> 600-699 </td> <td> 33.85% </td> <td> 31.25% </td> </tr> <tr> <td> 500-599 </td> <td> 8.33% </td> <td> 11.20% </td> </tr> <tr> <td> 400-499 </td> <td> 0.78% </td> <td> 1.04% </td> </tr> <tr> <td> 300-399 </td> <td> 0.00% </td> <td> 0.00% </td> </tr> <tr> <td> 200-299 </td> <td> 0.00% </td> <td> 0.00% </td> </tr> <tr> <td> Totals should = 100% </td> <td> 100.00% </td> <td> 100.00% </td> </tr> </table><div class=""separator""></div><table> <tr> <td> Score Range </td> <td> SAT Composite </td> </tr> <tr> <td> 1400-1600 </td> <td> 56.77% </td> </tr> <tr> <td> 1200-1399 </td> <td> 34.90% </td> </tr> <tr> <td> 1000-1199 </td> <td> 7.81% </td> </tr> <tr> <td> 800-999 </td> <td> 0.52% </td> </tr> <tr> <td> 600-799 </td> <td> 0.00% </td> </tr> <tr> <td> 400-599 </td> <td> 0.00% </td> </tr> <tr> <td> Totals should = 100% </td> <td> 100.00% </td> </tr> </table><div class=""separator""></div><table> <tr> <td> Score Range </td> <td> ACT Composite </td> <td> ACT English </td> <td> ACT Math </td> <td> ACT Reading </td> <td> ACT Science </td> </tr> <tr> <td> 30-36 </td> <td> 81.11% </td> <td> 84.09% </td> <td> 60.23% </td> <td> 85.80% </td> <td> 68.18% </td> </tr> <tr> <td> 24-29 </td> <td> 16.67% </td> <td> 13.07% </td> <td> 32.39% </td> <td> 11.93% </td> <td> 27.27% </td> </tr> <tr> <td> 18-23 </td> <td> 2.22% </td> <td> 2.84% </td> <td> 6.25% </td> <td> 2.27% </td> <td> 4.55% </td> </tr> <tr> <td> 12-17 </td> <td> 0.00% </td> <td> 0.00% </td> <td> 1.14% </td> <td> 0.00% </td> <td> 0.00% </td> </tr> <tr> <td> 6-11 </td> <td> 0.00% </td> <td> 0.00% </td> <td> 0.00% </td> <td> 0.00% </td> <td> 0.00% </td> </tr> <tr> <td> Below 6 </td> <td> 0.00% </td> <td> 0.00% </td> <td> 0.00% </td> <td> 0.00% </td> <td> 0.00% </td> </tr> <tr> <td> Totals should = 100% </td> <td> 100.00% </td> <td> 100.00% </td> <td> 100.00% </td> <td> 100.00% </td> <td> 100.00% </td> </tr> </table>",130697,../data/cds-docs/2022-2023/130697.pdf,2022-2023
C,10,C10,"Percent of all degree-seeking, first-time, first-year students who had high school class rank within","[[{0: 'Assessment', 1: 'Percent'}, {0: 'Percent in top tenth of high school graduating class', 1: '78.8%'}, {0: 'Percent in top quarter of high school graduating class', 1: ''}, {0: 'Percent in top half of high school graduating class', 1: '99.44%'}, {0: 'Percent in bottom half of high school graduating class', 1: '0.56%'}, {0: 'Percent in bottom quarter of high school graduating class', 1: ''}, {0: 'Percent of total first-time, first-year students who submitted high school\nclass rank:', 1: '24.1'}]]","<table> <tr> <td> Assessment </td> <td> Percent </td> </tr> <tr> <td> Percent in top tenth of high school graduating class </td> <td> 78.8% </td> </tr> <tr> <td> Percent in top quarter of high school graduating class </td> <td> </td> </tr> <tr> <td> Percent in top half of high school graduating class </td> <td> 99.44% </td> </tr> <tr> <td> Percent in bottom half of high school graduating class </td> <td> 0.56% </td> </tr> <tr> <td> Percent in bottom quarter of high school graduating class </td> <td> </td> </tr> <tr> <td> Percent of total first-time, first-year students who submitted high school <br/> class rank: </td> <td> 24.1 </td> </tr> </table>",130697,../data/cds-docs/2022-2023/130697.pdf,2022-2023
C,11,C11,"Percentage of all enrolled, degree-seeking, first-time, first-year students who had high school grade-","[[{0: 'Score Range', 1: 'Percent'}, {0: 'Percent who had GPA of 4.0', 1: ''}, {0: 'Percent who had GPA between 3.75 and 3.99', 1: ''}, {0: 'Percent who had GPA between 3.50 and 3.74', 1: ''}, {0: 'Percent who had GPA between 3.25 and 3.49', 1: ''}, {0: 'Percent who had GPA between 3.00 and 3.24', 1: ''}, {0: 'Percent who had GPA between 2.50 and 2.99', 1: ''}, {0: 'Percent who had GPA between 2.0 and 2.49', 1: ''}, {0: 'Percent who had GPA between 1.0 and 1.99', 1: ''}, {0: 'Percent who had GPA below 1.0', 1: ''}, {0: 'Totals should = 100%', 1: '0.00%'}]]",<table> <tr> <td> Score Range </td> <td> Percent </td> </tr> <tr> <td> Percent who had GPA of 4.0 </td> <td> </td> </tr> <tr> <td> Percent who had GPA between 3.75 and 3.99 </td> <td> </td> </tr> <tr> <td> Percent who had GPA between 3.50 and 3.74 </td> <td> </td> </tr> <tr> <td> Percent who had GPA between 3.25 and 3.49 </td> <td> </td> </tr> <tr> <td> Percent who had GPA between 3.00 and 3.24 </td> <td> </td> </tr> <tr> <td> Percent who had GPA between 2.50 and 2.99 </td> <td> </td> </tr> <tr> <td> Percent who had GPA between 2.0 and 2.49 </td> <td> </td> </tr> <tr> <td> Percent who had GPA between 1.0 and 1.99 </td> <td> </td> </tr> <tr> <td> Percent who had GPA below 1.0 </td> <td> </td> </tr> <tr> <td> Totals should = 100% </td> <td> 0.00% </td> </tr> </table>,130697,../data/cds-docs/2022-2023/130697.pdf,2022-2023
C,14,C14,Application closing date,"[[{0: '', 1: 'Date'}, {0: 'Application closing date (fall)', 1: '1/1'}, {0: 'Priority Date', 1: 'n/a'}]]",<table> <tr> <td> </td> <td> Date </td> </tr> <tr> <td> Application closing date (fall) </td> <td> 1/1 </td> </tr> <tr> <td> Priority Date </td> <td> n/a </td> </tr> </table>,130697,../data/cds-docs/2022-2023/130697.pdf,2022-2023
D,2,D2,"Provide the number of students who applied, were admitted, and enrolled as degree-seeking transfer","[[{0: '', 1: 'Applicants', 2: 'Admitted', 3: 'Enrolled'}, {0: 'Men', 1: '184', 2: '37', 3: '18'}, {0: 'Women', 1: '289', 2: '58', 3: '21'}, {0: 'Another Gender', 1: '0', 2: '0', 3: '0'}, {0: 'Total', 1: '473', 2: '95', 3: '39'}]]",<table> <tr> <td> </td> <td> Applicants </td> <td> Admitted </td> <td> Enrolled </td> </tr> <tr> <td> Men </td> <td> 184 </td> <td> 37 </td> <td> 18 </td> </tr> <tr> <td> Women </td> <td> 289 </td> <td> 58 </td> <td> 21 </td> </tr> <tr> <td> Another Gender </td> <td> 0 </td> <td> 0 </td> <td> 0 </td> </tr> <tr> <td> Total </td> <td> 473 </td> <td> 95 </td> <td> 39 </td> </tr> </table>,130697,../data/cds-docs/2022-2023/130697.pdf,2022-2023
D,5,D5,Indicate all items required of transfer students to apply for admission:,"[[{0: '', 1: '', 2: 'Required of All', 3: 'Recommended\nof All', 4: 'Recommended\nof Some', 5: 'Required of Some', 6: 'Not Required'}, {0: 'High school transcript', 1: 'High school transcript', 2: 'X', 3: '', 4: '', 5: '', 6: ''}, {0: 'College transcript(s)', 1: 'College transcript(s)', 2: 'X', 3: '', 4: '', 5: '', 6: ''}, {0: 'Essay', 1: 'or personal', 2: 'X', 3: '', 4: '', 5: '', 6: ''}, {0: 'Interview', 1: 'Interview', 2: '', 3: 'X', 4: '', 5: 'X', 6: ''}, {0: 'Standardized test scores', 1: 'Standardized test scores', 2: '', 3: '', 4: '', 5: '', 6: 'X'}, {0: 'Statement of good\nstanding from prior', 1: 'Statement of good\nstanding from prior', 2: 'X', 3: '', 4: '', 5: '', 6: ''}]]","<table> <tr> <td colspan=""2""> </td> <td> Required of All </td> <td> Recommended <br/> of All </td> <td> Recommended <br/> of Some </td> <td> Required of Some </td> <td> Not Required </td> </tr> <tr> <td colspan=""2""> High school transcript </td> <td> X </td> <td> </td> <td> </td> <td> </td> <td> </td> </tr> <tr> <td colspan=""2""> College transcript(s) </td> <td> X </td> <td> </td> <td> </td> <td> </td> <td> </td> </tr> <tr> <td> Essay </td> <td> or personal </td> <td> X </td> <td> </td> <td> </td> <td> </td> <td> </td> </tr> <tr> <td colspan=""2""> Interview </td> <td> </td> <td> X </td> <td> </td> <td> X </td> <td> </td> </tr> <tr> <td colspan=""2""> Standardized test scores </td> <td> </td> <td> </td> <td> </td> <td> </td> <td> X </td> </tr> <tr> <td colspan=""2""> Statement of good <br/> standing from prior </td> <td> X </td> <td> </td> <td> </td> <td> </td> <td> </td> </tr> </table>",130697,../data/cds-docs/2022-2023/130697.pdf,2022-2023
D,9,D9,"List application priority, closing, notification, and candidate reply dates for transfer students. If applications","[[{0: '', 1: 'Priority Date', 2: 'Closing Date', 3: 'Notification Date', 4: 'Reply Date', 5: 'Rolling\nAdmission'}, {0: 'Fall', 1: '', 2: '3/15', 3: '5/1', 4: '6/1', 5: ''}, {0: 'Winter', 1: '', 2: '', 3: '', 4: '', 5: ''}, {0: 'Spring', 1: '', 2: '', 3: '', 4: '', 5: ''}, {0: 'Summer', 1: '', 2: '', 3: '', 4: '', 5: ''}]]",<table> <tr> <td> </td> <td> Priority Date </td> <td> Closing Date </td> <td> Notification Date </td> <td> Reply Date </td> <td> Rolling <br/> Admission </td> </tr> <tr> <td> Fall </td> <td> </td> <td> 3/15 </td> <td> 5/1 </td> <td> 6/1 </td> <td> </td> </tr> <tr> <td> Winter </td> <td> </td> <td> </td> <td> </td> <td> </td> <td> </td> </tr> <tr> <td> Spring </td> <td> </td> <td> </td> <td> </td> <td> </td> <td> </td> </tr> <tr> <td> Summer </td> <td> </td> <td> </td> <td> </td> <td> </td> <td> </td> </tr> </table>,130697,../data/cds-docs/2022-2023/130697.pdf,2022-2023
F,1,F1,"Percentages of first-time, first-year degree-seeking students and degree-seeking","[[{0: '', 1: 'First-time, first\ufffe\nyear students', 2: 'Undergraduates'}, {0: 'Percent who are from out of state (exclude\ninternational/nonresidents from the numerator and\ndenominator)', 1: '92%', 2: '91%'}, {0: 'Percent of men who join fraternities', 1: '1%', 2: '1%'}, {0: 'Percent of women who join sororities', 1: '0%', 2: '0%'}, {0: 'Percent who live in college-owned, -operated, or -\naffiliated housing', 1: '100%', 2: '99%'}, {0: 'Percent who live off campus or commute', 1: '0%', 2: '1%'}, {0: 'Percent of students age 25 and older', 1: '0%', 2: '1%'}, {0: 'Average age of full-time students', 1: '19', 2: '20'}, {0: 'Average age of all students (full- and part-time)', 1: '19', 2: '20'}]]","<table> <tr> <td> </td> <td> First-time, first￾ <br/> year students </td> <td> Undergraduates </td> </tr> <tr> <td> Percent who are from out of state (exclude <br/> international/nonresidents from the numerator and <br/> denominator) </td> <td> 92% </td> <td> 91% </td> </tr> <tr> <td> Percent of men who join fraternities </td> <td> 1% </td> <td> 1% </td> </tr> <tr> <td> Percent of women who join sororities </td> <td> 0% </td> <td> 0% </td> </tr> <tr> <td> Percent who live in college-owned, -operated, or - <br/> affiliated housing </td> <td> 100% </td> <td> 99% </td> </tr> <tr> <td> Percent who live off campus or commute </td> <td> 0% </td> <td> 1% </td> </tr> <tr> <td> Percent of students age 25 and older </td> <td> 0% </td> <td> 1% </td> </tr> <tr> <td> Average age of full-time students </td> <td> 19 </td> <td> 20 </td> </tr> <tr> <td> Average age of all students (full- and part-time) </td> <td> 19 </td> <td> 20 </td> </tr> </table>",130697,../data/cds-docs/2022-2023/130697.pdf,2022-2023
F,3,F3,ROTC (program offered in cooperation with Reserve Officers' Training Corps),"[[{0: '', 1: 'Marine Option\n(for Naval ROTC)', 2: 'On Campus', 3: 'At Cooperating\nInstitution', 4: 'Name of\nCooperating\nInstitution'}, {0: 'Army ROTC is offered:', 1: '', 2: '', 3: '', 4: ''}, {0: 'Naval ROTC is offered:', 1: '', 2: '', 3: '', 4: ''}, {0: 'Air Force ROTC is offered:', 1: '', 2: '', 3: 'X', 4: 'Yale University'}]]",<table> <tr> <td> </td> <td> Marine Option <br/> (for Naval ROTC) </td> <td> On Campus </td> <td> At Cooperating <br/> Institution </td> <td> Name of <br/> Cooperating <br/> Institution </td> </tr> <tr> <td> Army ROTC is offered: </td> <td> </td> <td> </td> <td> </td> <td> </td> </tr> <tr> <td> Naval ROTC is offered: </td> <td> </td> <td> </td> <td> </td> <td> </td> </tr> <tr> <td> Air Force ROTC is offered: </td> <td> </td> <td> </td> <td> X </td> <td> Yale University </td> </tr> </table>,130697,../data/cds-docs/2022-2023/130697.pdf,2022-2023
G,1,G1,"Undergraduate full-time tuition, required fees, room and board","[[{0: '', 1: 'First-Year', 2: 'Undergraduates'}, {0: 'PRIVATE INSTITUTIONS', 1: '', 2: ''}, {0: 'Tuition:', 1: '$66,716', 2: '$66,716'}, {0: 'PUBLIC INSTITUTIONS', 1: '', 2: ''}, {0: 'Tuition: In-district', 1: '', 2: ''}, {0: 'Tuition: In-state (out-of-district):', 1: '', 2: ''}, {0: 'Tuition: Out-of-state:', 1: '', 2: ''}, {0: 'Tuition: Non-resident', 1: '', 2: ''}, {0: 'FOR ALL INSTITUTIONS', 1: 'FOR ALL INSTITUTIONS', 2: 'FOR ALL INSTITUTIONS'}, {0: 'Required Fees', 1: '$600', 2: '$300'}, {0: 'Room and Board (on-campus):', 1: '$19,034', 2: '$19,034'}, {0: 'Room Only (on-campus):', 1: '', 2: ''}, {0: 'Board Only (on-campus meal plan):', 1: '', 2: ''}]]","<table> <tr> <td> </td> <td> First-Year </td> <td> Undergraduates </td> </tr> <tr> <td> PRIVATE INSTITUTIONS </td> <td> </td> <td> </td> </tr> <tr> <td> Tuition: </td> <td> $66,716 </td> <td> $66,716 </td> </tr> <tr> <td> PUBLIC INSTITUTIONS </td> <td> </td> <td> </td> </tr> <tr> <td> Tuition: In-district </td> <td> </td> <td> </td> </tr> <tr> <td> Tuition: In-state (out-of-district): </td> <td> </td> <td> </td> </tr> <tr> <td> Tuition: Out-of-state: </td> <td> </td> <td> </td> </tr> <tr> <td> Tuition: Non-resident </td> <td> </td> <td> </td> </tr> <tr> <td colspan=""3""> FOR ALL INSTITUTIONS </td> </tr> <tr> <td> Required Fees </td> <td> $600 </td> <td> $300 </td> </tr> <tr> <td> Room and Board (on-campus): </td> <td> $19,034 </td> <td> $19,034 </td> </tr> <tr> <td> Room Only (on-campus): </td> <td> </td> <td> </td> </tr> <tr> <td> Board Only (on-campus meal plan): </td> <td> </td> <td> </td> </tr> </table>",130697,../data/cds-docs/2022-2023/130697.pdf,2022-2023
G,6,G6,Undergraduate per-credit-hour charges (tuition only):,"[[{0: 'PRIVATE INSTITUTIONS:', 1: '$2,085.00'}, {0: 'PUBLIC INSTITUTIONS:', 1: ''}, {0: 'In-district:', 1: ''}, {0: 'In-state (out-of-district):', 1: ''}, {0: 'Out-of-state:', 1: ''}, {0: 'NONRESIDENTS:', 1: ''}]]","<table> <tr> <td> PRIVATE INSTITUTIONS: </td> <td> $2,085.00 </td> </tr> <tr> <td> PUBLIC INSTITUTIONS: </td> <td> </td> </tr> <tr> <td> In-district: </td> <td> </td> </tr> <tr> <td> In-state (out-of-district): </td> <td> </td> </tr> <tr> <td> Out-of-state: </td> <td> </td> </tr> <tr> <td> NONRESIDENTS: </td> <td> </td> </tr> </table>",130697,../data/cds-docs/2022-2023/130697.pdf,2022-2023
H,2,H2,Number of Enrolled Students Awarded Aid: List the number of degree-seeking full-time and less-than-,"[[{0: '', 1: '', 2: 'Full-time\nFirst-time\nFirst-year', 3: 'Full-time\nUndergrad\n(Incl. Fresh)', 4: 'Less Than\nFull-time\nUndergrad'}, {0: 'A', 1: 'Number of degree-seeking undergraduate students\n(CDS Item B1 if reporting on Fall 2022 cohort)', 2: '743', 3: '3000', 4: '6'}, {0: 'B', 1: 'Number of students in line a who applied for need-based\nfinancial aid', 2: '331', 3: '1280', 4: '1'}, {0: 'C', 1: 'Number of students in line b who were determined to\nhave financial need', 2: '283', 3: '1182', 4: '1'}, {0: 'D', 1: 'Number of students in line c who were awarded any\nfinancial aid', 2: '283', 3: '1182', 4: '1'}, {0: 'E', 1: 'Number of students in line d who were awarded any\nneed-based scholarship or grant aid', 2: '279', 3: '1161', 4: '1'}, {0: 'F', 1: 'Number of students in line d who were awarded any\nneed-based self-help aid', 2: '268', 3: '1137', 4: '1'}, {0: 'G', 1: 'Number of students in line d who were awarded any non\ufffe\nneed-based scholarship or grant aid', 2: '11', 3: '21', 4: '0'}, {0: 'H', 1: 'Number of students in line d whose need was fully met\n(exclude PLUS loans, unsubsidized loans, and private\nalternative loans)', 2: '283', 3: '1182', 4: '1'}, {0: 'I', 1: 'On average, the percentage of need that was met of\nstudents who were awarded any need-based aid.\nExclude any aid that was awarded in excess of need as\nwell as any resources that were awarded to replace EFC\n(PLUS loans, unsubsidized loans, and private alternative', 2: '100.0%', 3: '100.0%', 4: '100.0%'}, {0: 'I', 1: 'loans)', 2: '100.0%', 3: '100.0%', 4: '100.0%'}, {0: 'J', 1: 'The average financial aid package of those in line d.\nExclude any resources that were awarded to replace\nEFC (PLUS loans, unsubsidized loans, and private\nalternative loans)', 2: '$ 69,006', 3: '$ 68,102', 4: '$ 71,345'}, {0: 'K', 1: 'Average need-based scholarship and grant award of\nthose in line e', 2: '$ 64,308', 3: '$ 62,338', 4: '$ 63,095'}, {0: 'L', 1: 'Average need-based self-help award (excluding PLUS\nloans, unsubsidized loans, and private alternative loans)\nof those in line f', 2: '$ 4,072', 3: '$ 5,273', 4: '$ 8,250'}, {0: 'M', 1: 'Average need-based loan (excluding PLUS loans,\nunsubsidized loans, and private alternative loans) of\nthose in line f who were awarded a need-based loan', 2: '$ 3,229', 3: '$ 4,514', 4: '$ 5,500'}], [{0: '', 1: '', 2: 'Full-time\nFirst-time\nFirst-year', 3: 'Full-time\nUndergrad\n(Incl. Fresh.)', 4: 'Less Than\nFull-time\nUndergrad'}, {0: 'N', 1: 'Number of students in line a who had no financial need\nand who were awarded institutional non-need-based\nscholarship or grant aid (exclude those who were\nawarded athletic awards and tuition benefits)', 2: '2', 3: '11', 4: '0'}, {0: 'O', 1: 'Average dollar amount of institutional non-need-based\nscholarship and grant aid awarded to students in line n', 2: '$ 18,821', 3: '$ 43,394', 4: '$ 0'}, {0: 'P', 1: 'Number of students in line a who were awarded an\ninstitutional non-need-based athletic scholarship or grant', 2: '0', 3: '0', 4: '0'}, {0: 'Q', 1: 'Average dollar amount of institutional non-need-based\nathletic scholarships and grants awarded to students in\nline p', 2: '$ 0', 3: '$ 0', 4: '$ 0'}]]","<table> <tr> <td> </td> <td> </td> <td> Full-time <br/> First-time <br/> First-year </td> <td> Full-time <br/> Undergrad <br/> (Incl. Fresh) </td> <td> Less Than <br/> Full-time <br/> Undergrad </td> </tr> <tr> <td> A </td> <td> Number of degree-seeking undergraduate students <br/> (CDS Item B1 if reporting on Fall 2022 cohort) </td> <td> 743 </td> <td> 3000 </td> <td> 6 </td> </tr> <tr> <td> B </td> <td> Number of students in line a who applied for need-based <br/> financial aid </td> <td> 331 </td> <td> 1280 </td> <td> 1 </td> </tr> <tr> <td> C </td> <td> Number of students in line b who were determined to <br/> have financial need </td> <td> 283 </td> <td> 1182 </td> <td> 1 </td> </tr> <tr> <td> D </td> <td> Number of students in line c who were awarded any <br/> financial aid </td> <td> 283 </td> <td> 1182 </td> <td> 1 </td> </tr> <tr> <td> E </td> <td> Number of students in line d who were awarded any <br/> need-based scholarship or grant aid </td> <td> 279 </td> <td> 1161 </td> <td> 1 </td> </tr> <tr> <td> F </td> <td> Number of students in line d who were awarded any <br/> need-based self-help aid </td> <td> 268 </td> <td> 1137 </td> <td> 1 </td> </tr> <tr> <td> G </td> <td> Number of students in line d who were awarded any non￾ <br/> need-based scholarship or grant aid </td> <td> 11 </td> <td> 21 </td> <td> 0 </td> </tr> <tr> <td> H </td> <td> Number of students in line d whose need was fully met <br/> (exclude PLUS loans, unsubsidized loans, and private <br/> alternative loans) </td> <td> 283 </td> <td> 1182 </td> <td> 1 </td> </tr> <tr> <td rowspan=""2""> I </td> <td> On average, the percentage of need that was met of <br/> students who were awarded any need-based aid. <br/> Exclude any aid that was awarded in excess of need as <br/> well as any resources that were awarded to replace EFC <br/> (PLUS loans, unsubsidized loans, and private alternative </td> <td rowspan=""2""> 100.0% </td> <td rowspan=""2""> 100.0% </td> <td rowspan=""2""> 100.0% </td> </tr> <tr> <td> loans) </td> </tr> <tr> <td> J </td> <td> The average financial aid package of those in line d. <br/> Exclude any resources that were awarded to replace <br/> EFC (PLUS loans, unsubsidized loans, and private <br/> alternative loans) </td> <td> $ 69,006 </td> <td> $ 68,102 </td> <td> $ 71,345 </td> </tr> <tr> <td> K </td> <td> Average need-based scholarship and grant award of <br/> those in line e </td> <td> $ 64,308 </td> <td> $ 62,338 </td> <td> $ 63,095 </td> </tr> <tr> <td> L </td> <td> Average need-based self-help award (excluding PLUS <br/> loans, unsubsidized loans, and private alternative loans) <br/> of those in line f </td> <td> $ 4,072 </td> <td> $ 5,273 </td> <td> $ 8,250 </td> </tr> <tr> <td> M </td> <td> Average need-based loan (excluding PLUS loans, <br/> unsubsidized loans, and private alternative loans) of <br/> those in line f who were awarded a need-based loan </td> <td> $ 3,229 </td> <td> $ 4,514 </td> <td> $ 5,500 </td> </tr> </table><div class=""separator""></div><table> <tr> <td> </td> <td> </td> <td> Full-time <br/> First-time <br/> First-year </td> <td> Full-time <br/> Undergrad <br/> (Incl. Fresh.) </td> <td> Less Than <br/> Full-time <br/> Undergrad </td> </tr> <tr> <td> N </td> <td> Number of students in line a who had no financial need <br/> and who were awarded institutional non-need-based <br/> scholarship or grant aid (exclude those who were <br/> awarded athletic awards and tuition benefits) </td> <td> 2 </td> <td> 11 </td> <td> 0 </td> </tr> <tr> <td> O </td> <td> Average dollar amount of institutional non-need-based <br/> scholarship and grant aid awarded to students in line n </td> <td> $ 18,821 </td> <td> $ 43,394 </td> <td> $ 0 </td> </tr> <tr> <td> P </td> <td> Number of students in line a who were awarded an <br/> institutional non-need-based athletic scholarship or grant </td> <td> 0 </td> <td> 0 </td> <td> 0 </td> </tr> <tr> <td> Q </td> <td> Average dollar amount of institutional non-need-based <br/> athletic scholarships and grants awarded to students in <br/> line p </td> <td> $ 0 </td> <td> $ 0 </td> <td> $ 0 </td> </tr> </table>",130697,../data/cds-docs/2022-2023/130697.pdf,2022-2023
H,5,H5,"Number and percent of students in class (defined in H4 above) borrowing from federal, non-federal,","[[{0: 'Source/Type of Loan', 1: 'Source/Type of Loan', 2: 'Number in the\nclass (defined\nin H4 above)\nwho borrowed\nfrom the types\nof loans\nspecified in the\nfirst column', 3: 'Percent of the\nclass (defined\nabove) who\nborrowed from\nthe types of\nloans specified\nin the first\ncolumn\n(nearest 1%)', 4: 'Average per\ufffe\nundergraduate\ufffe\nborrower\ncumulative\nprincipal\nborrowed from\nthe types of\nloans specified\nin the first\ncolumn\n(nearest $1)'}, {0: 'A', 1: 'Any loan program: Federal Perkins, Federal Stafford\nSubsidized and Unsubsidized, institutional, state, private\nloans that your institution is aware of, etc. Include both\nFederal Direct Student Loans and Federal Family\nEducation Loans.', 2: '210', 3: '28.00%', 4: '$25,283'}, {0: 'B', 1: 'Federal loan programs: Federal Perkins, Federal\nStafford Subsidized and Unsubsidized. Include both\nFederal Direct Student Loans and Federal Family\nEducation Loans.', 2: '197', 3: '27.00%', 4: '$15,467'}, {0: 'C', 1: 'Institutional loan programs.', 2: '6', 3: '1.00%', 4: '$10,921'}, {0: 'D', 1: 'State loan programs.', 2: '0', 3: '0.00%', 4: '$0'}, {0: 'E', 1: 'Private student loans made by a bank or lender.', 2: '38', 3: '5.00%', 4: '$57,813'}]]","<table> <tr> <td colspan=""2""> Source/Type of Loan </td> <td> Number in the <br/> class (defined <br/> in H4 above) <br/> who borrowed <br/> from the types <br/> of loans <br/> specified in the <br/> first column </td> <td> Percent of the <br/> class (defined <br/> above) who <br/> borrowed from <br/> the types of <br/> loans specified <br/> in the first <br/> column <br/> (nearest 1%) </td> <td> Average per￾ <br/> undergraduate￾ <br/> borrower <br/> cumulative <br/> principal <br/> borrowed from <br/> the types of <br/> loans specified <br/> in the first <br/> column <br/> (nearest $1) </td> </tr> <tr> <td> A </td> <td> Any loan program: Federal Perkins, Federal Stafford <br/> Subsidized and Unsubsidized, institutional, state, private <br/> loans that your institution is aware of, etc. Include both <br/> Federal Direct Student Loans and Federal Family <br/> Education Loans. </td> <td> 210 </td> <td> 28.00% </td> <td> $25,283 </td> </tr> <tr> <td> B </td> <td> Federal loan programs: Federal Perkins, Federal <br/> Stafford Subsidized and Unsubsidized. Include both <br/> Federal Direct Student Loans and Federal Family <br/> Education Loans. </td> <td> 197 </td> <td> 27.00% </td> <td> $15,467 </td> </tr> <tr> <td> C </td> <td> Institutional loan programs. </td> <td> 6 </td> <td> 1.00% </td> <td> $10,921 </td> </tr> <tr> <td> D </td> <td> State loan programs. </td> <td> 0 </td> <td> 0.00% </td> <td> $0 </td> </tr> <tr> <td> E </td> <td> Private student loans made by a bank or lender. </td> <td> 38 </td> <td> 5.00% </td> <td> $57,813 </td> </tr> </table>",130697,../data/cds-docs/2022-2023/130697.pdf,2022-2023
H,11,H11,Indicate reply dates:,"[[{0: 'Students must reply by (date):', 1: '5/1'}, {0: 'or within _______ weeks of notification.', 1: ''}]]",<table> <tr> <td> Students must reply by (date): </td> <td> 5/1 </td> </tr> <tr> <td> or within _______ weeks of notification. </td> <td> </td> </tr> </table>,130697,../data/cds-docs/2022-2023/130697.pdf,2022-2023
H,14,H14,Check off criteria used in awarding institutional aid. Check all that apply.,"[[{0: '', 1: 'Non-Need Based', 2: 'Need-Based'}, {0: 'Academics', 1: '', 2: ''}, {0: 'Alumni affiliation', 1: '', 2: ''}, {0: 'Art', 1: '', 2: ''}, {0: 'Athletics', 1: '', 2: ''}, {0: 'Job skills', 1: '', 2: ''}, {0: 'ROTC', 1: '', 2: ''}, {0: 'Leadership', 1: '', 2: ''}, {0: 'Minority status', 1: '', 2: ''}, {0: 'Music/drama', 1: '', 2: ''}, {0: 'Religious affiliation', 1: '', 2: ''}, {0: 'State/district residency', 1: '', 2: ''}]]",<table> <tr> <td> </td> <td> Non-Need Based </td> <td> Need-Based </td> </tr> <tr> <td> Academics </td> <td> </td> <td> </td> </tr> <tr> <td> Alumni affiliation </td> <td> </td> <td> </td> </tr> <tr> <td> Art </td> <td> </td> <td> </td> </tr> <tr> <td> Athletics </td> <td> </td> <td> </td> </tr> <tr> <td> Job skills </td> <td> </td> <td> </td> </tr> <tr> <td> ROTC </td> <td> </td> <td> </td> </tr> <tr> <td> Leadership </td> <td> </td> <td> </td> </tr> <tr> <td> Minority status </td> <td> </td> <td> </td> </tr> <tr> <td> Music/drama </td> <td> </td> <td> </td> </tr> <tr> <td> Religious affiliation </td> <td> </td> <td> </td> </tr> <tr> <td> State/district residency </td> <td> </td> <td> </td> </tr> </table>,130697,../data/cds-docs/2022-2023/130697.pdf,2022-2023
J,1,J1,"Degrees conferred between July 1, 2021 and June 30, 2022","[[{0: 'Category', 1: 'Category', 2: 'Diploma/Certificates', 3: 'Associate', 4: 'Bachelor’s', 5: 'CIP 2020 Categories\nto Include'}, {0: 'Agriculture', 1: 'Agriculture', 2: '', 3: '', 4: '', 5: '01'}, {0: 'Natural resources and conservation', 1: 'Natural resources and conservation', 2: '', 3: '', 4: '2.07%', 5: '03'}, {0: 'Architecture', 1: 'Architecture', 2: '', 3: '', 4: '', 5: '04'}, {0: 'Area, ethnic, and gender studies', 1: 'Area, ethnic, and gender studies', 2: '', 3: '', 4: '8.21%', 5: '05'}, {0: 'Communication/journalism', 1: 'Communication/journalism', 2: '', 3: '', 4: '', 5: '09'}, {0: 'Communication technologies', 1: 'Communication technologies', 2: '', 3: '', 4: '', 5: '10'}, {0: 'Computer and information sciences', 1: 'Computer and information sciences', 2: '', 3: '', 4: '4.48%', 5: '11'}, {0: 'Personal and culinary services', 1: 'Personal and culinary services', 2: '', 3: '', 4: '', 5: '12'}, {0: 'Education', 1: 'Education', 2: '', 3: '', 4: '1.91%', 5: '13'}, {0: 'Engineering', 1: 'Engineering', 2: '', 3: '', 4: '', 5: '14'}, {0: 'Engineering technologies', 1: 'Engineering technologies', 2: '', 3: '', 4: '', 5: '15'}, {0: 'Foreign languages, literatures, and linguistics', 1: 'Foreign languages, literatures, and linguistics', 2: '', 3: '', 4: '0.25%', 5: '16'}, {0: 'Family', 1: 'and consumer sciences', 2: '', 3: '', 4: '', 5: '19'}, {0: 'Law/legal studies', 1: 'Law/legal studies', 2: '', 3: '', 4: '', 5: '22'}, {0: 'English', 1: 'English', 2: '', 3: '', 4: '6.88%', 5: '23'}, {0: 'Liberal arts/general studies', 1: 'Liberal arts/general studies', 2: '', 3: '', 4: '0.91%', 5: '24'}, {0: 'Library science', 1: 'Library science', 2: '', 3: '', 4: '', 5: '25'}, {0: '', 1: 'Biological/life sciences', 2: '', 3: '', 4: '5.47%', 5: '26'}, {0: 'Mathematics and statistics', 1: 'Mathematics and statistics', 2: '', 3: '', 4: '3.23%', 5: '27'}, {0: 'Military science and military technologies', 1: 'Military science and military technologies', 2: '', 3: '', 4: '', 5: '28 & 29'}, {0: 'Interdisciplinary studies', 1: 'Interdisciplinary studies', 2: '', 3: '', 4: '4.31%', 5: '30'}, {0: 'Parks and recreation', 1: 'Parks and recreation', 2: '', 3: '', 4: '', 5: '31'}, {0: 'Philosophy and religious studies', 1: 'Philosophy and religious studies', 2: '', 3: '', 4: '2.82%', 5: '38'}, {0: 'Theology and religious vocations', 1: 'Theology and religious vocations', 2: '', 3: '', 4: '', 5: '39'}, {0: 'Physical sciences', 1: 'Physical sciences', 2: '', 3: '', 4: '4.39%', 5: '40'}, {0: 'Science technologies', 1: 'Science technologies', 2: '', 3: '', 4: '', 5: '41'}, {0: 'Psychology', 1: 'Psychology', 2: '', 3: '', 4: '17.08%', 5: '42'}, {0: 'Homeland Security, law enforcement, firefighting,', 1: 'Homeland Security, law enforcement, firefighting,', 2: '', 3: '', 4: '', 5: '43'}, {0: 'Public administration and social services', 1: 'Public administration and social services', 2: '', 3: '', 4: '', 5: '44'}, {0: 'Social sciences', 1: 'Social sciences', 2: '', 3: '', 4: '23.71%', 5: '45'}, {0: 'Construction trades', 1: 'Construction trades', 2: '', 3: '', 4: '', 5: '46'}, {0: 'Mechanic and repair technologies', 1: 'Mechanic and repair technologies', 2: '', 3: '', 4: '', 5: '47'}, {0: 'Precision production', 1: 'Precision production', 2: '', 3: '', 4: '', 5: '48'}, {0: 'Transportation and materials moving', 1: 'Transportation and materials moving', 2: '', 3: '', 4: '', 5: '49'}, {0: 'Visual and performing arts', 1: 'Visual and performing arts', 2: '', 3: '', 4: '11.94%', 5: '50'}, {0: 'Health professions and related programs', 1: 'Health professions and related programs', 2: '', 3: '', 4: '', 5: '51'}, {0: 'Business/marketing', 1: 'Business/marketing', 2: '', 3: '', 4: '', 5: '52'}, {0: 'History', 1: 'History', 2: '', 3: '', 4: '2.32%', 5: '54'}, {0: 'Other', 1: 'Other', 2: '', 3: '', 4: '', 5: ''}, {0: 'TOTAL (should = 100%)', 1: 'TOTAL (should = 100%)', 2: '0.00%', 3: '0.00%', 4: '100.00%', 5: ''}]]","<table> <tr> <td colspan=""2""> Category </td> <td> Diploma/Certificates </td> <td> Associate </td> <td> Bachelor’s </td> <td> CIP 2020 Categories <br/> to Include </td> </tr> <tr> <td colspan=""2""> Agriculture </td> <td> </td> <td> </td> <td> </td> <td> 01 </td> </tr> <tr> <td colspan=""2""> Natural resources and conservation </td> <td> </td> <td> </td> <td> 2.07% </td> <td> 03 </td> </tr> <tr> <td colspan=""2""> Architecture </td> <td> </td> <td> </td> <td> </td> <td> 04 </td> </tr> <tr> <td colspan=""2""> Area, ethnic, and gender studies </td> <td> </td> <td> </td> <td> 8.21% </td> <td> 05 </td> </tr> <tr> <td colspan=""2""> Communication/journalism </td> <td> </td> <td> </td> <td> </td> <td> 09 </td> </tr> <tr> <td colspan=""2""> Communication technologies </td> <td> </td> <td> </td> <td> </td> <td> 10 </td> </tr> <tr> <td colspan=""2""> Computer and information sciences </td> <td> </td> <td> </td> <td> 4.48% </td> <td> 11 </td> </tr> <tr> <td colspan=""2""> Personal and culinary services </td> <td> </td> <td> </td> <td> </td> <td> 12 </td> </tr> <tr> <td colspan=""2""> Education </td> <td> </td> <td> </td> <td> 1.91% </td> <td> 13 </td> </tr> <tr> <td colspan=""2""> Engineering </td> <td> </td> <td> </td> <td> </td> <td> 14 </td> </tr> <tr> <td colspan=""2""> Engineering technologies </td> <td> </td> <td> </td> <td> </td> <td> 15 </td> </tr> <tr> <td colspan=""2""> Foreign languages, literatures, and linguistics </td> <td> </td> <td> </td> <td> 0.25% </td> <td> 16 </td> </tr> <tr> <td> Family </td> <td> and consumer sciences </td> <td> </td> <td> </td> <td> </td> <td> 19 </td> </tr> <tr> <td colspan=""2""> Law/legal studies </td> <td> </td> <td> </td> <td> </td> <td> 22 </td> </tr> <tr> <td colspan=""2""> English </td> <td> </td> <td> </td> <td> 6.88% </td> <td> 23 </td> </tr> <tr> <td colspan=""2""> Liberal arts/general studies </td> <td> </td> <td> </td> <td> 0.91% </td> <td> 24 </td> </tr> <tr> <td colspan=""2""> Library science </td> <td> </td> <td> </td> <td> </td> <td> 25 </td> </tr> <tr> <td> </td> <td> Biological/life sciences </td> <td> </td> <td> </td> <td> 5.47% </td> <td> 26 </td> </tr> <tr> <td colspan=""2""> Mathematics and statistics </td> <td> </td> <td> </td> <td> 3.23% </td> <td> 27 </td> </tr> <tr> <td colspan=""2""> Military science and military technologies </td> <td> </td> <td> </td> <td> </td> <td> 28 &amp; 29 </td> </tr> <tr> <td colspan=""2""> Interdisciplinary studies </td> <td> </td> <td> </td> <td> 4.31% </td> <td> 30 </td> </tr> <tr> <td colspan=""2""> Parks and recreation </td> <td> </td> <td> </td> <td> </td> <td> 31 </td> </tr> <tr> <td colspan=""2""> Philosophy and religious studies </td> <td> </td> <td> </td> <td> 2.82% </td> <td> 38 </td> </tr> <tr> <td colspan=""2""> Theology and religious vocations </td> <td> </td> <td> </td> <td> </td> <td> 39 </td> </tr> <tr> <td colspan=""2""> Physical sciences </td> <td> </td> <td> </td> <td> 4.39% </td> <td> 40 </td> </tr> <tr> <td colspan=""2""> Science technologies </td> <td> </td> <td> </td> <td> </td> <td> 41 </td> </tr> <tr> <td colspan=""2""> Psychology </td> <td> </td> <td> </td> <td> 17.08% </td> <td> 42 </td> </tr> <tr> <td colspan=""2""> Homeland Security, law enforcement, firefighting, </td> <td> </td> <td> </td> <td> </td> <td> 43 </td> </tr> <tr> <td colspan=""2""> Public administration and social services </td> <td> </td> <td> </td> <td> </td> <td> 44 </td> </tr> <tr> <td colspan=""2""> Social sciences </td> <td> </td> <td> </td> <td> 23.71% </td> <td> 45 </td> </tr> <tr> <td colspan=""2""> Construction trades </td> <td> </td> <td> </td> <td> </td> <td> 46 </td> </tr> <tr> <td colspan=""2""> Mechanic and repair technologies </td> <td> </td> <td> </td> <td> </td> <td> 47 </td> </tr> <tr> <td colspan=""2""> Precision production </td> <td> </td> <td> </td> <td> </td> <td> 48 </td> </tr> <tr> <td colspan=""2""> Transportation and materials moving </td> <td> </td> <td> </td> <td> </td> <td> 49 </td> </tr> <tr> <td colspan=""2""> Visual and performing arts </td> <td> </td> <td> </td> <td> 11.94% </td> <td> 50 </td> </tr> <tr> <td colspan=""2""> Health professions and related programs </td> <td> </td> <td> </td> <td> </td> <td> 51 </td> </tr> <tr> <td colspan=""2""> Business/marketing </td> <td> </td> <td> </td> <td> </td> <td> 52 </td> </tr> <tr> <td colspan=""2""> History </td> <td> </td> <td> </td> <td> 2.32% </td> <td> 54 </td> </tr> <tr> <td colspan=""2""> Other </td> <td> </td> <td> </td> <td> </td> <td> </td> </tr> <tr> <td colspan=""2""> TOTAL (should = 100%) </td> <td> 0.00% </td> <td> 0.00% </td> <td> 100.00% </td> <td> </td> </tr> </table>",130697,../data/cds-docs/2022-2023/130697.pdf,2022-2023
B,1,B1,Institutional Enrollment - Men and Women,"[[{0: '', 1: 'FULL-TIME', 2: 'FULL-TIME', 3: 'PART-TIME', 4: 'PART-TIME'}, {0: '', 1: 'Men\nWomen', 2: 'Men\nWomen', 3: 'Men\nWomen', 4: 'Men\nWomen'}, {0: 'Undergraduates', 1: 'Undergraduates', 2: 'Undergraduates', 3: 'Undergraduates', 4: 'Undergraduates'}, {0: 'Degree-seeking, first-time\nfreshmen', 1: '430', 2: '480', 3: '0', 4: '0'}, {0: 'Other first-year, degree-seeking', 1: '7', 2: '1', 3: '0', 4: '0'}, {0: 'All other degree-seeking', 1: '974', 2: '1,340', 3: '14', 4: '4'}, {0: 'Total degree-seeking', 1: '1,411', 2: '1,821', 3: '14', 4: '4'}, {0: 'All other undergraduates\nenrolled in credit courses', 1: '2', 2: '4', 3: '56', 4: '73'}, {0: 'Total undergraduates', 1: '1,413', 2: '1,825', 3: '70', 4: '77'}, {0: 'Graduate', 1: 'Graduate', 2: 'Graduate', 3: 'Graduate', 4: 'Graduate'}, {0: 'Degree-seeking, first-time', 1: '7', 2: '16', 3: '0', 4: '0'}, {0: 'All other degree-seeking', 1: '59', 2: '50', 3: '10', 4: '24'}, {0: 'All other graduates enrolled in\ncredit courses', 1: '0', 2: '0', 3: '7', 4: '23'}, {0: 'Total graduate', 1: '66', 2: '66', 3: '17', 4: '47'}, {0: 'Total all students', 1: '1,479', 2: '1,891', 3: '87', 4: '124'}]]","<table> <tr> <td rowspan=""2""> </td> <td colspan=""2""> FULL-TIME </td> <td colspan=""2""> PART-TIME </td> </tr> <tr> <td colspan=""2""> Men <br/> Women </td> <td colspan=""2""> Men <br/> Women </td> </tr> <tr> <td colspan=""5""> Undergraduates </td> </tr> <tr> <td> Degree-seeking, first-time <br/> freshmen </td> <td> 430 </td> <td> 480 </td> <td> 0 </td> <td> 0 </td> </tr> <tr> <td> Other first-year, degree-seeking </td> <td> 7 </td> <td> 1 </td> <td> 0 </td> <td> 0 </td> </tr> <tr> <td> All other degree-seeking </td> <td> 974 </td> <td> 1,340 </td> <td> 14 </td> <td> 4 </td> </tr> <tr> <td> Total degree-seeking </td> <td> 1,411 </td> <td> 1,821 </td> <td> 14 </td> <td> 4 </td> </tr> <tr> <td> All other undergraduates <br/> enrolled in credit courses </td> <td> 2 </td> <td> 4 </td> <td> 56 </td> <td> 73 </td> </tr> <tr> <td> Total undergraduates </td> <td> 1,413 </td> <td> 1,825 </td> <td> 70 </td> <td> 77 </td> </tr> <tr> <td colspan=""5""> Graduate </td> </tr> <tr> <td> Degree-seeking, first-time </td> <td> 7 </td> <td> 16 </td> <td> 0 </td> <td> 0 </td> </tr> <tr> <td> All other degree-seeking </td> <td> 59 </td> <td> 50 </td> <td> 10 </td> <td> 24 </td> </tr> <tr> <td> All other graduates enrolled in <br/> credit courses </td> <td> 0 </td> <td> 0 </td> <td> 7 </td> <td> 23 </td> </tr> <tr> <td> Total graduate </td> <td> 66 </td> <td> 66 </td> <td> 17 </td> <td> 47 </td> </tr> <tr> <td> Total all students </td> <td> 1,479 </td> <td> 1,891 </td> <td> 87 </td> <td> 124 </td> </tr> </table>",130697,../data/cds-docs/2021-2022/130697.pdf,2021-2022
B,2,B2,Enrollment by Racial/Ethnic Category.,"[[{0: '', 1: 'Degree-Seeking\nFirst-Time\nFirst Year', 2: 'Degree-Seeking\nUndergraduates\n(include first-time\nfirst-year)', 3: 'Total\nUndergraduates\n(both degree- and\nnon-degree-seeking)'}, {0: 'Nonresident aliens', 1: '69', 2: '342', 3: '346'}, {0: 'Hispanic/Latino', 1: '99', 2: '343', 3: '405'}, {0: 'Black or African American, non-Hispanic', 1: '53', 2: '179', 3: '213'}, {0: 'White, non-Hispanic', 1: '507', 2: '1,819', 3: '1,842'}, {0: 'American Indian or Alaska Native, non-Hispanic', 1: '0', 2: '0', 3: '1'}, {0: 'Asian, non-Hispanic', 1: '81', 2: '256', 3: '262'}, {0: 'Native Hawaiian or other Pacific Islander, non\ufffe\nHispanic', 1: '0', 2: '3', 3: '3'}, {0: 'Two or more races, non-Hispanic', 1: '70', 2: '225', 3: '228'}, {0: 'Race and/or ethnicity unknown', 1: '31', 2: '83', 3: '85'}, {0: 'TOTAL', 1: '910', 2: '3,250', 3: '3,385'}]]","<table> <tr> <td> </td> <td> Degree-Seeking <br/> First-Time <br/> First Year </td> <td> Degree-Seeking <br/> Undergraduates <br/> (include first-time <br/> first-year) </td> <td> Total <br/> Undergraduates <br/> (both degree- and <br/> non-degree-seeking) </td> </tr> <tr> <td> Nonresident aliens </td> <td> 69 </td> <td> 342 </td> <td> 346 </td> </tr> <tr> <td> Hispanic/Latino </td> <td> 99 </td> <td> 343 </td> <td> 405 </td> </tr> <tr> <td> Black or African American, non-Hispanic </td> <td> 53 </td> <td> 179 </td> <td> 213 </td> </tr> <tr> <td> White, non-Hispanic </td> <td> 507 </td> <td> 1,819 </td> <td> 1,842 </td> </tr> <tr> <td> American Indian or Alaska Native, non-Hispanic </td> <td> 0 </td> <td> 0 </td> <td> 1 </td> </tr> <tr> <td> Asian, non-Hispanic </td> <td> 81 </td> <td> 256 </td> <td> 262 </td> </tr> <tr> <td> Native Hawaiian or other Pacific Islander, non￾ <br/> Hispanic </td> <td> 0 </td> <td> 3 </td> <td> 3 </td> </tr> <tr> <td> Two or more races, non-Hispanic </td> <td> 70 </td> <td> 225 </td> <td> 228 </td> </tr> <tr> <td> Race and/or ethnicity unknown </td> <td> 31 </td> <td> 83 </td> <td> 85 </td> </tr> <tr> <td> TOTAL </td> <td> 910 </td> <td> 3,250 </td> <td> 3,385 </td> </tr> </table>",130697,../data/cds-docs/2021-2022/130697.pdf,2021-2022
B,4,B4,-B21: Graduation Rates,"[[{0: '', 1: 'Recipients of a\nFederal Grant Pell', 2: 'Recipients of a\nSubsidized\nStafford Loan who\ndid not receive a\nPell Grant', 3: 'Students who did\nnot receive either a\nPell Grant or a\nsubsidized\nStafford Loan', 4: 'Total\n(sum of 3 columns\nto the left)'}, {0: ""Initial 2015 cohort of first-time, full\ufffe\ntime, bachelor's (or equivalent)\ndegree-seeking undergraduate\nstudents"", 1: '165', 2: '110', 3: '482', 4: '757'}, {0: 'Of the initial 2015 cohort, how many\ndid not persist and did not graduate\nfor the following reasons:\n• Deceased\n• Permanently Disabled\n• Armed Forces\n• Foreign Aid Service of the Federal\nGovernment\n• Official church missions\n• Report Total Allowable Exclusions', 1: '0', 2: '0', 3: '0', 4: '0'}, {0: 'Final 2015 cohort, after adjusting for\nallowable exclusions', 1: '165', 2: '110', 3: '482', 4: '757'}, {0: 'Of the initial 2015 cohort, how many\ncompleted the program in four years\nor less (by Aug. 31, 2019)', 1: '140', 2: '102', 3: '406', 4: '648'}, {0: 'Of the initial 2015 cohort, how many\ncompleted the program in more than\nfour years but in five years or less\n(after Aug. 31, 2019 and by Aug. 31,\n2020)', 1: '12', 2: '4', 3: '17', 4: '33'}, {0: 'Of the initial 2015 cohort, how many\ncompleted the program in more than\nfive years but in six years or less\n(after Aug. 31, 2020 and by Aug. 31,\n2021)', 1: '1', 2: '0', 3: '7', 4: '8'}, {0: 'Total graduating within six years (sum\nof lines D, E, and F)', 1: '153', 2: '106', 3: '430', 4: '689'}, {0: 'Six-year graduation rate for 2015\ncohort (G divided by C)', 1: '92.73%', 2: '96.36%', 3: '89.21%', 4: '91.02%'}]]","<table> <tr> <td> </td> <td> Recipients of a <br/> Federal Grant Pell </td> <td> Recipients of a <br/> Subsidized <br/> Stafford Loan who <br/> did not receive a <br/> Pell Grant </td> <td> Students who did <br/> not receive either a <br/> Pell Grant or a <br/> subsidized <br/> Stafford Loan </td> <td> Total <br/> (sum of 3 columns <br/> to the left) </td> </tr> <tr> <td> Initial 2015 cohort of first-time, full￾ <br/> time, bachelor's (or equivalent) <br/> degree-seeking undergraduate <br/> students </td> <td> 165 </td> <td> 110 </td> <td> 482 </td> <td> 757 </td> </tr> <tr> <td> Of the initial 2015 cohort, how many <br/> did not persist and did not graduate <br/> for the following reasons: <br/> • Deceased <br/> • Permanently Disabled <br/> • Armed Forces <br/> • Foreign Aid Service of the Federal <br/> Government <br/> • Official church missions <br/> • Report Total Allowable Exclusions </td> <td> 0 </td> <td> 0 </td> <td> 0 </td> <td> 0 </td> </tr> <tr> <td> Final 2015 cohort, after adjusting for <br/> allowable exclusions </td> <td> 165 </td> <td> 110 </td> <td> 482 </td> <td> 757 </td> </tr> <tr> <td> Of the initial 2015 cohort, how many <br/> completed the program in four years <br/> or less (by Aug. 31, 2019) </td> <td> 140 </td> <td> 102 </td> <td> 406 </td> <td> 648 </td> </tr> <tr> <td> Of the initial 2015 cohort, how many <br/> completed the program in more than <br/> four years but in five years or less <br/> (after Aug. 31, 2019 and by Aug. 31, <br/> 2020) </td> <td> 12 </td> <td> 4 </td> <td> 17 </td> <td> 33 </td> </tr> <tr> <td> Of the initial 2015 cohort, how many <br/> completed the program in more than <br/> five years but in six years or less <br/> (after Aug. 31, 2020 and by Aug. 31, <br/> 2021) </td> <td> 1 </td> <td> 0 </td> <td> 7 </td> <td> 8 </td> </tr> <tr> <td> Total graduating within six years (sum <br/> of lines D, E, and F) </td> <td> 153 </td> <td> 106 </td> <td> 430 </td> <td> 689 </td> </tr> <tr> <td> Six-year graduation rate for 2015 <br/> cohort (G divided by C) </td> <td> 92.73% </td> <td> 96.36% </td> <td> 89.21% </td> <td> 91.02% </td> </tr> </table>",130697,../data/cds-docs/2021-2022/130697.pdf,2021-2022
C,1,C1,"First-time, first-year (freshman) students: Provide the number of degree-seeking, first-time, first-year","[[{0: 'Total first-time, first-year (freshman) men who applied', 1: 'Total first-time, first-year (freshman) men who applied', 2: 'Total first-time, first-year (freshman) men who applied', 3: '4938'}, {0: 'Total first-time, first-year', 1: '(freshman)', 2: 'women who applied', 3: '8129'}], [{0: 'Total full-time, first-time, first-year (freshman) men who enrolled', 1: '430'}, {0: 'Total part-time, first-time, first-year (freshman) men who enrolled', 1: '0'}], [{0: 'Total full-time, first-time, first-year (freshman) women who enrolled', 1: '480'}, {0: 'Total part-time, first-time, first-year (freshman) women who enrolled', 1: '0'}], [{0: 'Total first-time, first-year (degree-seeking) who applied', 1: 'Total first-time, first-year (degree-seeking) who applied', 2: 'Total first-time, first-year (degree-seeking) who applied', 3: '13067'}, {0: 'Total first-time, first-year (degree-seeking) who were admitted', 1: 'Total first-time, first-year (degree-seeking) who were admitted', 2: 'Total first-time, first-year (degree-seeking) who were admitted', 3: '2540'}, {0: 'Total first-time, first-year', 1: '(degree-seeking)', 2: 'who enrolled', 3: '910'}]]","<table> <tr> <td colspan=""3""> Total first-time, first-year (freshman) men who applied </td> <td> 4938 </td> </tr> <tr> <td> Total first-time, first-year </td> <td> (freshman) </td> <td> women who applied </td> <td> 8129 </td> </tr> </table><div class=""separator""></div><table> <tr> <td> Total full-time, first-time, first-year (freshman) men who enrolled </td> <td> 430 </td> </tr> <tr> <td> Total part-time, first-time, first-year (freshman) men who enrolled </td> <td> 0 </td> </tr> </table><div class=""separator""></div><table> <tr> <td> Total full-time, first-time, first-year (freshman) women who enrolled </td> <td> 480 </td> </tr> <tr> <td> Total part-time, first-time, first-year (freshman) women who enrolled </td> <td> 0 </td> </tr> </table><div class=""separator""></div><table> <tr> <td colspan=""3""> Total first-time, first-year (degree-seeking) who applied </td> <td> 13067 </td> </tr> <tr> <td colspan=""3""> Total first-time, first-year (degree-seeking) who were admitted </td> <td> 2540 </td> </tr> <tr> <td> Total first-time, first-year </td> <td> (degree-seeking) </td> <td> who enrolled </td> <td> 910 </td> </tr> </table>",130697,../data/cds-docs/2021-2022/130697.pdf,2021-2022
C,2,C2,Freshman wait-listed students,"[[{0: 'WAITING LIST', 1: 'TOTAL'}, {0: 'Number of qualified applicants offered a place on waiting list:', 1: '3585'}, {0: 'Number accepting a place on the waiting list:', 1: '2031'}, {0: 'Number of wait-listed students admitted:', 1: '10'}]]",<table> <tr> <td> WAITING LIST </td> <td> TOTAL </td> </tr> <tr> <td> Number of qualified applicants offered a place on waiting list: </td> <td> 3585 </td> </tr> <tr> <td> Number accepting a place on the waiting list: </td> <td> 2031 </td> </tr> <tr> <td> Number of wait-listed students admitted: </td> <td> 10 </td> </tr> </table>,130697,../data/cds-docs/2021-2022/130697.pdf,2021-2022
C,5,C5,Distribution of high school units required and/or recommended. Specify the distribution of academic,"[[{0: '', 1: 'Required Units', 2: 'Units\nRecommended'}, {0: 'Total academic units', 1: '', 2: ''}, {0: 'English', 1: '', 2: '4'}, {0: 'Mathematics', 1: '', 2: '4'}, {0: 'Science', 1: '', 2: '4'}, {0: 'Of these, units that must be\nlab', 1: '', 2: '3'}, {0: 'Foreign language', 1: '', 2: '4'}, {0: 'Social studies', 1: '', 2: '4'}, {0: 'History', 1: '', 2: '4'}, {0: 'Academic electives', 1: '', 2: ''}, {0: 'Computer Science', 1: '', 2: ''}, {0: 'Visual/Performing Arts', 1: '', 2: ''}, {0: 'Other (specify)', 1: '', 2: ''}]]","<table> <tr> <td> </td> <td> Required Units </td> <td> Units <br/> Recommended </td> </tr> <tr> <td> Total academic units </td> <td> </td> <td> </td> </tr> <tr> <td> English </td> <td> </td> <td> 4 </td> </tr> <tr> <td> Mathematics </td> <td> </td> <td> 4 </td> </tr> <tr> <td> Science </td> <td> </td> <td> 4 </td> </tr> <tr> <td> Of these, units that must be <br/> lab </td> <td> </td> <td> 3 </td> </tr> <tr> <td> Foreign language </td> <td> </td> <td> 4 </td> </tr> <tr> <td> Social studies </td> <td> </td> <td> 4 </td> </tr> <tr> <td> History </td> <td> </td> <td> 4 </td> </tr> <tr> <td> Academic electives </td> <td> </td> <td> </td> </tr> <tr> <td> Computer Science </td> <td> </td> <td> </td> </tr> <tr> <td> Visual/Performing Arts </td> <td> </td> <td> </td> </tr> <tr> <td> Other (specify) </td> <td> </td> <td> </td> </tr> </table>",130697,../data/cds-docs/2021-2022/130697.pdf,2021-2022
C,7,C7,"Relative importance of each of the following academic and nonacademic factors in your first-time,","[[{0: '', 1: 'Very Important', 2: 'Important', 3: 'Considered', 4: 'Not Considered'}, {0: 'Academic', 1: 'Academic', 2: 'Academic', 3: 'Academic', 4: 'Academic'}, {0: 'Rigor of secondary school record', 1: 'X', 2: '', 3: '', 4: ''}, {0: 'Class rank', 1: '', 2: 'X', 3: '', 4: ''}, {0: 'Academic GPA', 1: '', 2: 'X', 3: '', 4: ''}, {0: 'Standardized test scores', 1: '', 2: '', 3: 'X', 4: ''}, {0: 'Application Essay', 1: '', 2: 'X', 3: '', 4: ''}, {0: 'Recommendation(s)', 1: '', 2: 'X', 3: '', 4: ''}, {0: 'Nonacademic', 1: 'Nonacademic', 2: 'Nonacademic', 3: 'Nonacademic', 4: 'Nonacademic'}, {0: 'Interview', 1: '', 2: '', 3: 'X', 4: ''}, {0: 'Extracurricular activities', 1: '', 2: '', 3: 'X', 4: ''}, {0: 'Talent/ability', 1: '', 2: 'X', 3: '', 4: ''}, {0: 'Character/personal qualities', 1: '', 2: 'X', 3: '', 4: ''}, {0: 'First generation', 1: '', 2: 'X', 3: '', 4: ''}, {0: 'Alumni/ae relation', 1: '', 2: '', 3: 'X', 4: ''}, {0: 'Geographical residence', 1: '', 2: '', 3: 'X', 4: ''}, {0: 'State residency', 1: '', 2: '', 3: '', 4: 'X'}, {0: 'Religious affiliation/commitment', 1: '', 2: '', 3: '', 4: 'X'}, {0: 'Racial/ethnic status', 1: '', 2: 'X', 3: '', 4: ''}, {0: 'Volunteer work', 1: '', 2: '', 3: 'X', 4: ''}, {0: 'Work experience', 1: '', 2: '', 3: 'X', 4: ''}, {0: 'Level of applicant’s interest', 1: '', 2: '', 3: '', 4: 'X'}]]","<table> <tr> <td> </td> <td> Very Important </td> <td> Important </td> <td> Considered </td> <td> Not Considered </td> </tr> <tr> <td colspan=""5""> Academic </td> </tr> <tr> <td> Rigor of secondary school record </td> <td> X </td> <td> </td> <td> </td> <td> </td> </tr> <tr> <td> Class rank </td> <td> </td> <td> X </td> <td> </td> <td> </td> </tr> <tr> <td> Academic GPA </td> <td> </td> <td> X </td> <td> </td> <td> </td> </tr> <tr> <td> Standardized test scores </td> <td> </td> <td> </td> <td> X </td> <td> </td> </tr> <tr> <td> Application Essay </td> <td> </td> <td> X </td> <td> </td> <td> </td> </tr> <tr> <td> Recommendation(s) </td> <td> </td> <td> X </td> <td> </td> <td> </td> </tr> <tr> <td colspan=""5""> Nonacademic </td> </tr> <tr> <td> Interview </td> <td> </td> <td> </td> <td> X </td> <td> </td> </tr> <tr> <td> Extracurricular activities </td> <td> </td> <td> </td> <td> X </td> <td> </td> </tr> <tr> <td> Talent/ability </td> <td> </td> <td> X </td> <td> </td> <td> </td> </tr> <tr> <td> Character/personal qualities </td> <td> </td> <td> X </td> <td> </td> <td> </td> </tr> <tr> <td> First generation </td> <td> </td> <td> X </td> <td> </td> <td> </td> </tr> <tr> <td> Alumni/ae relation </td> <td> </td> <td> </td> <td> X </td> <td> </td> </tr> <tr> <td> Geographical residence </td> <td> </td> <td> </td> <td> X </td> <td> </td> </tr> <tr> <td> State residency </td> <td> </td> <td> </td> <td> </td> <td> X </td> </tr> <tr> <td> Religious affiliation/commitment </td> <td> </td> <td> </td> <td> </td> <td> X </td> </tr> <tr> <td> Racial/ethnic status </td> <td> </td> <td> X </td> <td> </td> <td> </td> </tr> <tr> <td> Volunteer work </td> <td> </td> <td> </td> <td> X </td> <td> </td> </tr> <tr> <td> Work experience </td> <td> </td> <td> </td> <td> X </td> <td> </td> </tr> <tr> <td> Level of applicant’s interest </td> <td> </td> <td> </td> <td> </td> <td> X </td> </tr> </table>",130697,../data/cds-docs/2021-2022/130697.pdf,2021-2022
C,8,C8,"A If yes, place check marks in the appropriate boxes below to reflect your institution’s policies for use in","[[{0: '', 1: 'ADMISSION', 2: 'ADMISSION', 3: 'ADMISSION', 4: 'ADMISSION', 5: 'ADMISSION'}, {0: '', 1: 'Require', 2: 'Recommend', 3: 'Require for Some', 4: 'Consider if\nSubmitted', 5: 'Not Used'}, {0: 'SAT or ACT', 1: '', 2: '', 3: '', 4: '', 5: ''}, {0: 'ACT Only', 1: '', 2: '', 3: '', 4: '', 5: ''}, {0: 'SAT Only', 1: '', 2: '', 3: '', 4: '', 5: ''}, {0: 'SAT and SAT Subject Tests or\nACT', 1: '', 2: '', 3: 'X', 4: 'X', 5: ''}, {0: 'SAT Subject Tests', 1: '', 2: '', 3: '', 4: '', 5: ''}]]","<table> <tr> <td rowspan=""2""> </td> <td colspan=""5""> ADMISSION </td> </tr> <tr> <td> Require </td> <td> Recommend </td> <td> Require for Some </td> <td> Consider if <br/> Submitted </td> <td> Not Used </td> </tr> <tr> <td> SAT or ACT </td> <td> </td> <td> </td> <td> </td> <td> </td> <td> </td> </tr> <tr> <td> ACT Only </td> <td> </td> <td> </td> <td> </td> <td> </td> <td> </td> </tr> <tr> <td> SAT Only </td> <td> </td> <td> </td> <td> </td> <td> </td> <td> </td> </tr> <tr> <td> SAT and SAT Subject Tests or <br/> ACT </td> <td> </td> <td> </td> <td> X </td> <td> X </td> <td> </td> </tr> <tr> <td> SAT Subject Tests </td> <td> </td> <td> </td> <td> </td> <td> </td> <td> </td> </tr> </table>",130697,../data/cds-docs/2021-2022/130697.pdf,2021-2022
C,9,C9,"Percent and number of first-time, first-year (freshman) students enrolled in Fall 2021 who submitted","[[{0: '51%', 1: '465'}, {0: '27%', 1: '247'}], [{0: 'Assessment', 1: '25th Percentile', 2: '75th Percentile'}, {0: 'SAT Composite', 1: '1310', 2: '1490'}, {0: 'SAT Evidence-Based Reading and\nWriting', 1: '650', 2: '750'}, {0: 'SAT Math', 1: '650', 2: '760'}, {0: 'ACT Composite', 1: '31', 2: '34'}, {0: 'ACT Math', 1: '28', 2: '33'}, {0: 'ACT English', 1: '34', 2: '35'}, {0: 'ACT Writing', 1: '8', 2: '10'}], [{0: 'Score Range', 1: 'SAT Evidence\ufffe\nBased Reading\nand Writing', 2: 'SAT Math'}, {0: '700-800', 1: '56.13%', 2: '54.62%'}, {0: '600-699', 1: '35.70%', 2: '34.19%'}, {0: '500-599', 1: '6.88%', 2: '10.54%'}, {0: '400-499', 1: '1.29%', 2: '0.65%'}, {0: '300-399', 1: '0.00%', 2: '0.00%'}, {0: '200-299', 1: '0.00%', 2: '0.00%'}, {0: 'Totals should = 100%', 1: '100.00%', 2: '100.00%'}], [{0: 'Score Range', 1: 'SAT Composite'}, {0: '1400-1600', 1: '54.4%'}, {0: '1200-1399', 1: '37.4%'}, {0: '1000-1199', 1: '7.1%'}, {0: '800-999', 1: '1.1%'}, {0: '600-799', 1: '0.0%'}, {0: '400-599', 1: '0.0%'}, {0: 'Totals should = 100%', 1: '100%'}], [{0: 'Score Range', 1: 'ACT Composite', 2: 'ACT English', 3: 'ACT Math'}, {0: '30-36', 1: '85.97%', 2: '88.69%', 3: '62.44%'}, {0: '24-29', 1: '12.67%', 2: '9.95%', 3: '33.94%'}, {0: '18-23', 1: '1.36%', 2: '1.36%', 3: '3.62%'}, {0: '12-17', 1: '0.00%', 2: '0.00%', 3: '0.00%'}, {0: '6-11', 1: '0.00%', 2: '0.00%', 3: '0.00%'}, {0: 'Below 6', 1: '0.00%', 2: '0.00%', 3: '0.00%'}, {0: 'Totals should = 100%', 1: '100.00%', 2: '100.00%', 3: '100.00%'}]]","<table> <tr> <td> 51% </td> <td> 465 </td> </tr> <tr> <td> 27% </td> <td> 247 </td> </tr> </table><div class=""separator""></div><table> <tr> <td> Assessment </td> <td> 25th Percentile </td> <td> 75th Percentile </td> </tr> <tr> <td> SAT Composite </td> <td> 1310 </td> <td> 1490 </td> </tr> <tr> <td> SAT Evidence-Based Reading and <br/> Writing </td> <td> 650 </td> <td> 750 </td> </tr> <tr> <td> SAT Math </td> <td> 650 </td> <td> 760 </td> </tr> <tr> <td> ACT Composite </td> <td> 31 </td> <td> 34 </td> </tr> <tr> <td> ACT Math </td> <td> 28 </td> <td> 33 </td> </tr> <tr> <td> ACT English </td> <td> 34 </td> <td> 35 </td> </tr> <tr> <td> ACT Writing </td> <td> 8 </td> <td> 10 </td> </tr> </table><div class=""separator""></div><table> <tr> <td> Score Range </td> <td> SAT Evidence￾ <br/> Based Reading <br/> and Writing </td> <td> SAT Math </td> </tr> <tr> <td> 700-800 </td> <td> 56.13% </td> <td> 54.62% </td> </tr> <tr> <td> 600-699 </td> <td> 35.70% </td> <td> 34.19% </td> </tr> <tr> <td> 500-599 </td> <td> 6.88% </td> <td> 10.54% </td> </tr> <tr> <td> 400-499 </td> <td> 1.29% </td> <td> 0.65% </td> </tr> <tr> <td> 300-399 </td> <td> 0.00% </td> <td> 0.00% </td> </tr> <tr> <td> 200-299 </td> <td> 0.00% </td> <td> 0.00% </td> </tr> <tr> <td> Totals should = 100% </td> <td> 100.00% </td> <td> 100.00% </td> </tr> </table><div class=""separator""></div><table> <tr> <td> Score Range </td> <td> SAT Composite </td> </tr> <tr> <td> 1400-1600 </td> <td> 54.4% </td> </tr> <tr> <td> 1200-1399 </td> <td> 37.4% </td> </tr> <tr> <td> 1000-1199 </td> <td> 7.1% </td> </tr> <tr> <td> 800-999 </td> <td> 1.1% </td> </tr> <tr> <td> 600-799 </td> <td> 0.0% </td> </tr> <tr> <td> 400-599 </td> <td> 0.0% </td> </tr> <tr> <td> Totals should = 100% </td> <td> 100% </td> </tr> </table><div class=""separator""></div><table> <tr> <td> Score Range </td> <td> ACT Composite </td> <td> ACT English </td> <td> ACT Math </td> </tr> <tr> <td> 30-36 </td> <td> 85.97% </td> <td> 88.69% </td> <td> 62.44% </td> </tr> <tr> <td> 24-29 </td> <td> 12.67% </td> <td> 9.95% </td> <td> 33.94% </td> </tr> <tr> <td> 18-23 </td> <td> 1.36% </td> <td> 1.36% </td> <td> 3.62% </td> </tr> <tr> <td> 12-17 </td> <td> 0.00% </td> <td> 0.00% </td> <td> 0.00% </td> </tr> <tr> <td> 6-11 </td> <td> 0.00% </td> <td> 0.00% </td> <td> 0.00% </td> </tr> <tr> <td> Below 6 </td> <td> 0.00% </td> <td> 0.00% </td> <td> 0.00% </td> </tr> <tr> <td> Totals should = 100% </td> <td> 100.00% </td> <td> 100.00% </td> <td> 100.00% </td> </tr> </table>",130697,../data/cds-docs/2021-2022/130697.pdf,2021-2022
C,10,C10,"Percent of all degree-seeking, first-time, first-year (freshman) students who had high school class","[[{0: 'Assessment', 1: 'Percent'}, {0: 'Percent in top tenth of high school graduating class', 1: '76%'}, {0: 'Percent in top quarter of high school graduating class', 1: ''}, {0: 'Percent in top half of high school graduating class', 1: '99%'}, {0: 'Percent in bottom half of high school graduating class', 1: '1%'}, {0: 'Percent in bottom quarter of high school graduating class', 1: ''}, {0: 'Percent of total first-time, first-year (freshmen) students who submitted\nhigh school class rank:', 1: '25.2'}]]","<table> <tr> <td> Assessment </td> <td> Percent </td> </tr> <tr> <td> Percent in top tenth of high school graduating class </td> <td> 76% </td> </tr> <tr> <td> Percent in top quarter of high school graduating class </td> <td> </td> </tr> <tr> <td> Percent in top half of high school graduating class </td> <td> 99% </td> </tr> <tr> <td> Percent in bottom half of high school graduating class </td> <td> 1% </td> </tr> <tr> <td> Percent in bottom quarter of high school graduating class </td> <td> </td> </tr> <tr> <td> Percent of total first-time, first-year (freshmen) students who submitted <br/> high school class rank: </td> <td> 25.2 </td> </tr> </table>",130697,../data/cds-docs/2021-2022/130697.pdf,2021-2022
C,11,C11,"Percentage of all enrolled, degree-seeking, first-time, first-year (freshman) students who had high","[[{0: 'Score Range', 1: 'Percent'}, {0: 'Percent who had GPA of 4.0', 1: ''}, {0: 'Percent who had GPA between 3.75 and 3.99', 1: ''}, {0: 'Percent who had GPA between 3.50 and 3.74', 1: ''}, {0: 'Percent who had GPA between 3.25 and 3.49', 1: ''}, {0: 'Percent who had GPA between 3.00 and 3.24', 1: ''}, {0: 'Percent who had GPA between 2.50 and 2.99', 1: ''}, {0: 'Percent who had GPA between 2.0 and 2.49', 1: ''}, {0: 'Percent who had GPA between 1.0 and 1.99', 1: ''}, {0: 'Percent who had GPA below 1.0', 1: ''}, {0: 'Totals should = 100%', 1: '0.00%'}]]",<table> <tr> <td> Score Range </td> <td> Percent </td> </tr> <tr> <td> Percent who had GPA of 4.0 </td> <td> </td> </tr> <tr> <td> Percent who had GPA between 3.75 and 3.99 </td> <td> </td> </tr> <tr> <td> Percent who had GPA between 3.50 and 3.74 </td> <td> </td> </tr> <tr> <td> Percent who had GPA between 3.25 and 3.49 </td> <td> </td> </tr> <tr> <td> Percent who had GPA between 3.00 and 3.24 </td> <td> </td> </tr> <tr> <td> Percent who had GPA between 2.50 and 2.99 </td> <td> </td> </tr> <tr> <td> Percent who had GPA between 2.0 and 2.49 </td> <td> </td> </tr> <tr> <td> Percent who had GPA between 1.0 and 1.99 </td> <td> </td> </tr> <tr> <td> Percent who had GPA below 1.0 </td> <td> </td> </tr> <tr> <td> Totals should = 100% </td> <td> 0.00% </td> </tr> </table>,130697,../data/cds-docs/2021-2022/130697.pdf,2021-2022
C,14,C14,Application closing date,"[[{0: '', 1: 'Date'}, {0: 'Application closing date (fall)', 1: '1/1'}, {0: 'Priority Date', 1: 'n/a'}]]",<table> <tr> <td> </td> <td> Date </td> </tr> <tr> <td> Application closing date (fall) </td> <td> 1/1 </td> </tr> <tr> <td> Priority Date </td> <td> n/a </td> </tr> </table>,130697,../data/cds-docs/2021-2022/130697.pdf,2021-2022
D,2,D2,"Provide the number of students who applied, were admitted, and enrolled as degree-seeking transfer","[[{0: '', 1: 'Applicants', 2: 'Admitted\nApplicants', 3: 'Enrolled\nApplicants'}, {0: 'Men', 1: '192', 2: '30', 3: '11'}, {0: 'Women', 1: '262', 2: '57', 3: '22'}, {0: 'Total', 1: '454', 2: '87', 3: '33'}]]",<table> <tr> <td> </td> <td> Applicants </td> <td> Admitted <br/> Applicants </td> <td> Enrolled <br/> Applicants </td> </tr> <tr> <td> Men </td> <td> 192 </td> <td> 30 </td> <td> 11 </td> </tr> <tr> <td> Women </td> <td> 262 </td> <td> 57 </td> <td> 22 </td> </tr> <tr> <td> Total </td> <td> 454 </td> <td> 87 </td> <td> 33 </td> </tr> </table>,130697,../data/cds-docs/2021-2022/130697.pdf,2021-2022
D,9,D9,"List application priority, closing, notification, and candidate reply dates for transfer students. If applications","[[{0: '', 1: 'Priority Date', 2: 'Closing Date', 3: 'Notification Date', 4: 'Reply Date', 5: 'Rolling\nAdmission'}, {0: 'Fall', 1: '', 2: '3/15', 3: '5/1', 4: '6/1', 5: ''}, {0: 'Winter', 1: '', 2: '', 3: '', 4: '', 5: ''}, {0: 'Spring', 1: '', 2: '11/1', 3: '12/11', 4: '12/18', 5: ''}, {0: 'Summer', 1: '', 2: '', 3: '', 4: '', 5: ''}]]",<table> <tr> <td> </td> <td> Priority Date </td> <td> Closing Date </td> <td> Notification Date </td> <td> Reply Date </td> <td> Rolling <br/> Admission </td> </tr> <tr> <td> Fall </td> <td> </td> <td> 3/15 </td> <td> 5/1 </td> <td> 6/1 </td> <td> </td> </tr> <tr> <td> Winter </td> <td> </td> <td> </td> <td> </td> <td> </td> <td> </td> </tr> <tr> <td> Spring </td> <td> </td> <td> 11/1 </td> <td> 12/11 </td> <td> 12/18 </td> <td> </td> </tr> <tr> <td> Summer </td> <td> </td> <td> </td> <td> </td> <td> </td> <td> </td> </tr> </table>,130697,../data/cds-docs/2021-2022/130697.pdf,2021-2022
F,1,F1,"Percentages of first-time, first-year (freshman) degree-seeking students and degree-","[[{0: '', 1: 'First-time, first\ufffe\nyear (freshman)\nstudents', 2: 'Undergraduates'}, {0: 'Percent who are from out of state (exclude\ninternational/nonresident aliens from the numerator\nand denominator)', 1: '91%', 2: '92%'}, {0: 'Percent of men who join fraternities', 1: '0%', 2: '2%'}, {0: 'Percent of women who join sororities', 1: '0%', 2: '2%'}, {0: 'Percent who live in college-owned, -operated, or -\naffiliated housing', 1: '100%', 2: '98%'}, {0: 'Percent who live off campus or commute', 1: '0%', 2: '2%'}, {0: 'Percent of students age 25 and older', 1: '1%', 2: '1%'}, {0: 'Average age of full-time students', 1: '19', 2: '20'}, {0: 'Average age of all students (full- and part-time)', 1: '19', 2: '20'}]]","<table> <tr> <td> </td> <td> First-time, first￾ <br/> year (freshman) <br/> students </td> <td> Undergraduates </td> </tr> <tr> <td> Percent who are from out of state (exclude <br/> international/nonresident aliens from the numerator <br/> and denominator) </td> <td> 91% </td> <td> 92% </td> </tr> <tr> <td> Percent of men who join fraternities </td> <td> 0% </td> <td> 2% </td> </tr> <tr> <td> Percent of women who join sororities </td> <td> 0% </td> <td> 2% </td> </tr> <tr> <td> Percent who live in college-owned, -operated, or - <br/> affiliated housing </td> <td> 100% </td> <td> 98% </td> </tr> <tr> <td> Percent who live off campus or commute </td> <td> 0% </td> <td> 2% </td> </tr> <tr> <td> Percent of students age 25 and older </td> <td> 1% </td> <td> 1% </td> </tr> <tr> <td> Average age of full-time students </td> <td> 19 </td> <td> 20 </td> </tr> <tr> <td> Average age of all students (full- and part-time) </td> <td> 19 </td> <td> 20 </td> </tr> </table>",130697,../data/cds-docs/2021-2022/130697.pdf,2021-2022
F,3,F3,ROTC (program offered in cooperation with Reserve Officers' Training Corps),"[[{0: '', 1: 'On Campus', 2: 'At Cooperating\nInstitution', 3: 'Name of Cooperating\nInstitution'}, {0: 'Army ROTC is offered:', 1: '', 2: '', 3: ''}, {0: 'Naval ROTC is offered:', 1: '', 2: '', 3: ''}, {0: 'Air Force ROTC is offered:', 1: '', 2: 'X', 3: 'Yale University'}]]",<table> <tr> <td> </td> <td> On Campus </td> <td> At Cooperating <br/> Institution </td> <td> Name of Cooperating <br/> Institution </td> </tr> <tr> <td> Army ROTC is offered: </td> <td> </td> <td> </td> <td> </td> </tr> <tr> <td> Naval ROTC is offered: </td> <td> </td> <td> </td> <td> </td> </tr> <tr> <td> Air Force ROTC is offered: </td> <td> </td> <td> X </td> <td> Yale University </td> </tr> </table>,130697,../data/cds-docs/2021-2022/130697.pdf,2021-2022
G,1,G1,"Undergraduate full-time tuition, required fees, room and board","[[{0: '', 1: 'First-Year', 2: 'Undergraduates'}, {0: 'PRIVATE INSTITUTIONS', 1: '$63,722', 2: '$63,722'}, {0: 'Tuition:', 1: '', 2: ''}, {0: 'PUBLIC INSTITUTIONS', 1: '', 2: ''}, {0: 'Tuition: In-district', 1: '', 2: ''}, {0: 'Tuition: In-state (out-of-district):', 1: '', 2: ''}, {0: 'Tuition: Out-of-state:', 1: '', 2: ''}, {0: 'Tuition: Non-resident alien', 1: '', 2: ''}, {0: 'FOR ALL INSTITUTIONS', 1: 'FOR ALL INSTITUTIONS', 2: 'FOR ALL INSTITUTIONS'}, {0: 'Required Fees', 1: '$600', 2: '$300'}, {0: 'Room and Board (on-campus):', 1: '$18,180', 2: '$18,180'}, {0: 'Room Only (on-campus):', 1: '', 2: ''}, {0: 'Board Only (on-campus meal plan):', 1: '', 2: ''}]]","<table> <tr> <td> </td> <td> First-Year </td> <td> Undergraduates </td> </tr> <tr> <td> PRIVATE INSTITUTIONS </td> <td> $63,722 </td> <td> $63,722 </td> </tr> <tr> <td> Tuition: </td> <td> </td> <td> </td> </tr> <tr> <td> PUBLIC INSTITUTIONS </td> <td> </td> <td> </td> </tr> <tr> <td> Tuition: In-district </td> <td> </td> <td> </td> </tr> <tr> <td> Tuition: In-state (out-of-district): </td> <td> </td> <td> </td> </tr> <tr> <td> Tuition: Out-of-state: </td> <td> </td> <td> </td> </tr> <tr> <td> Tuition: Non-resident alien </td> <td> </td> <td> </td> </tr> <tr> <td colspan=""3""> FOR ALL INSTITUTIONS </td> </tr> <tr> <td> Required Fees </td> <td> $600 </td> <td> $300 </td> </tr> <tr> <td> Room and Board (on-campus): </td> <td> $18,180 </td> <td> $18,180 </td> </tr> <tr> <td> Room Only (on-campus): </td> <td> </td> <td> </td> </tr> <tr> <td> Board Only (on-campus meal plan): </td> <td> </td> <td> </td> </tr> </table>",130697,../data/cds-docs/2021-2022/130697.pdf,2021-2022
G,5,G5,Provide the estimated expenses for a typical full-time undergraduate student:,"[[{0: '', 1: 'Residents', 2: 'Commuters\n(living at home)', 3: 'Commuters\n(not living at home)'}, {0: 'Books and supplies:', 1: '$1,200', 2: '', 3: ''}, {0: 'Room only:', 1: '', 2: '', 3: ''}, {0: 'Board only:', 1: '', 2: '', 3: ''}, {0: 'Room and board total*', 1: '', 2: '', 3: ''}, {0: 'Transportation:', 1: '', 2: '', 3: ''}, {0: 'Other expenses:', 1: '$1,470', 2: '', 3: ''}]]","<table> <tr> <td> </td> <td> Residents </td> <td> Commuters <br/> (living at home) </td> <td> Commuters <br/> (not living at home) </td> </tr> <tr> <td> Books and supplies: </td> <td> $1,200 </td> <td> </td> <td> </td> </tr> <tr> <td> Room only: </td> <td> </td> <td> </td> <td> </td> </tr> <tr> <td> Board only: </td> <td> </td> <td> </td> <td> </td> </tr> <tr> <td> Room and board total* </td> <td> </td> <td> </td> <td> </td> </tr> <tr> <td> Transportation: </td> <td> </td> <td> </td> <td> </td> </tr> <tr> <td> Other expenses: </td> <td> $1,470 </td> <td> </td> <td> </td> </tr> </table>",130697,../data/cds-docs/2021-2022/130697.pdf,2021-2022
G,6,G6,Undergraduate per-credit-hour charges (tuition only):,"[[{0: 'PRIVATE INSTITUTIONS:', 1: '$1,991'}, {0: 'PUBLIC INSTITUTIONS:', 1: ''}, {0: 'In-district:', 1: ''}, {0: 'In-state (out-of-district):', 1: ''}, {0: 'Out-of-state:', 1: ''}, {0: 'NONRESIDENT ALIENS:', 1: ''}]]","<table> <tr> <td> PRIVATE INSTITUTIONS: </td> <td> $1,991 </td> </tr> <tr> <td> PUBLIC INSTITUTIONS: </td> <td> </td> </tr> <tr> <td> In-district: </td> <td> </td> </tr> <tr> <td> In-state (out-of-district): </td> <td> </td> </tr> <tr> <td> Out-of-state: </td> <td> </td> </tr> <tr> <td> NONRESIDENT ALIENS: </td> <td> </td> </tr> </table>",130697,../data/cds-docs/2021-2022/130697.pdf,2021-2022
H,2,H2,Number of Enrolled Students Awarded Aid: List the number of degree-seeking full-time and less-than-,"[[{0: '', 1: '', 2: 'First-time Full\ufffe\ntime Freshmen', 3: 'Full-time\nUndergrad\n(Incl. Fresh)', 4: 'Less Full-time Than\nUndergrad'}, {0: 'A', 1: 'Number of degree-seeking undergraduate students\n(CDS Item B1 if reporting on Fall 2021 cohort)', 2: '910', 3: '3232', 4: '18'}, {0: 'B', 1: 'Number of students in line a who applied for need-based\nfinancial aid', 2: '397', 3: '1340', 4: '1'}, {0: 'C', 1: 'Number of students in line b who were determined to\nhave financial need', 2: '380', 3: '1269', 4: '1'}, {0: 'D', 1: 'Number of students in line c who were awarded any\nfinancial aid', 2: '380', 3: '1269', 4: '1'}, {0: 'E', 1: 'Number of students in line d who were awarded any\nneed-based scholarship or grant aid', 2: '375', 3: '1247', 4: '1'}, {0: 'F', 1: 'Number of students in line d who were awarded any\nneed-based self-help aid', 2: '372', 3: '1229', 4: '1'}, {0: 'G', 1: 'Number of students in line d who were awarded any non\ufffe\nneed-based scholarship or grant aid', 2: '6', 3: '15', 4: '0'}, {0: 'H', 1: 'Number of students in line d whose need was fully met\n(exclude PLUS loans, unsubsidized loans, and private\nalternative loans)', 2: '380', 3: '1269', 4: '1'}, {0: 'I', 1: 'On average, the percentage of need that was met of\nstudents who were awarded any need-based aid.\nExclude any aid that was awarded in excess of need as\nwell as any resources that were awarded to replace EFC\n(PLUS loans, unsubsidized loans, and private alternative', 2: '100.0%', 3: '100.0%', 4: '100.0%'}, {0: 'I', 1: 'loans)', 2: '100.0%', 3: '100.0%', 4: '100.0%'}, {0: 'J', 1: 'The average financial aid package of those in line d.\nExclude any resources that were awarded to replace\nEFC (PLUS loans, unsubsidized loans, and private\nalternative loans)', 2: '$ 65,227', 3: '$ 65,477', 4: '$ 26,055'}, {0: 'K', 1: 'Average need-based scholarship and grant award of\nthose in line e', 2: '$ 59,869', 3: '$ 59,956', 4: '$ 18,805'}, {0: 'L', 1: 'Average need-based self-help award (excluding PLUS\nloans, unsubsidized loans, and private alternative loans)\nof those in line f', 2: '$ 4,438', 3: '$ 6,677', 4: '$ 7,250'}, {0: 'M', 1: 'Average need-based loan (excluding PLUS loans,\nunsubsidized loans, and private alternative loans) of\nthose in line f who were awarded a need-based loan', 2: '$ 3,333', 3: '$ 6,530', 4: '$ 4,500'}], [{0: '', 1: '', 2: 'First-time\nFull-time\nFreshmen', 3: 'Full-time\nUndergrad\n(Incl. Fresh.)', 4: 'Less Full-time Than\nUndergrad'}, {0: 'N', 1: 'Number of students in line a who had no financial need\nand who were awarded institutional non-need-based\nscholarship or grant aid (exclude those who were\nawarded athletic awards and tuition benefits)', 2: '1', 3: '14', 4: '0'}, {0: 'O', 1: 'Average dollar amount of institutional non-need-based\nscholarship and grant aid awarded to students in line n', 2: '$ 17,854', 3: '$ 53,187', 4: '$ 0'}, {0: 'P', 1: 'Number of students in line a who were awarded an\ninstitutional non-need-based athletic scholarship or grant', 2: '0', 3: '0', 4: '0'}, {0: 'Q', 1: 'Average dollar amount of institutional non-need-based\nathletic scholarships and grants awarded to students in\nline p', 2: '$ 0', 3: '$ 0', 4: '$ 0'}]]","<table> <tr> <td> </td> <td> </td> <td> First-time Full￾ <br/> time Freshmen </td> <td> Full-time <br/> Undergrad <br/> (Incl. Fresh) </td> <td> Less Full-time Than <br/> Undergrad </td> </tr> <tr> <td> A </td> <td> Number of degree-seeking undergraduate students <br/> (CDS Item B1 if reporting on Fall 2021 cohort) </td> <td> 910 </td> <td> 3232 </td> <td> 18 </td> </tr> <tr> <td> B </td> <td> Number of students in line a who applied for need-based <br/> financial aid </td> <td> 397 </td> <td> 1340 </td> <td> 1 </td> </tr> <tr> <td> C </td> <td> Number of students in line b who were determined to <br/> have financial need </td> <td> 380 </td> <td> 1269 </td> <td> 1 </td> </tr> <tr> <td> D </td> <td> Number of students in line c who were awarded any <br/> financial aid </td> <td> 380 </td> <td> 1269 </td> <td> 1 </td> </tr> <tr> <td> E </td> <td> Number of students in line d who were awarded any <br/> need-based scholarship or grant aid </td> <td> 375 </td> <td> 1247 </td> <td> 1 </td> </tr> <tr> <td> F </td> <td> Number of students in line d who were awarded any <br/> need-based self-help aid </td> <td> 372 </td> <td> 1229 </td> <td> 1 </td> </tr> <tr> <td> G </td> <td> Number of students in line d who were awarded any non￾ <br/> need-based scholarship or grant aid </td> <td> 6 </td> <td> 15 </td> <td> 0 </td> </tr> <tr> <td> H </td> <td> Number of students in line d whose need was fully met <br/> (exclude PLUS loans, unsubsidized loans, and private <br/> alternative loans) </td> <td> 380 </td> <td> 1269 </td> <td> 1 </td> </tr> <tr> <td rowspan=""2""> I </td> <td> On average, the percentage of need that was met of <br/> students who were awarded any need-based aid. <br/> Exclude any aid that was awarded in excess of need as <br/> well as any resources that were awarded to replace EFC <br/> (PLUS loans, unsubsidized loans, and private alternative </td> <td rowspan=""2""> 100.0% </td> <td rowspan=""2""> 100.0% </td> <td rowspan=""2""> 100.0% </td> </tr> <tr> <td> loans) </td> </tr> <tr> <td> J </td> <td> The average financial aid package of those in line d. <br/> Exclude any resources that were awarded to replace <br/> EFC (PLUS loans, unsubsidized loans, and private <br/> alternative loans) </td> <td> $ 65,227 </td> <td> $ 65,477 </td> <td> $ 26,055 </td> </tr> <tr> <td> K </td> <td> Average need-based scholarship and grant award of <br/> those in line e </td> <td> $ 59,869 </td> <td> $ 59,956 </td> <td> $ 18,805 </td> </tr> <tr> <td> L </td> <td> Average need-based self-help award (excluding PLUS <br/> loans, unsubsidized loans, and private alternative loans) <br/> of those in line f </td> <td> $ 4,438 </td> <td> $ 6,677 </td> <td> $ 7,250 </td> </tr> <tr> <td> M </td> <td> Average need-based loan (excluding PLUS loans, <br/> unsubsidized loans, and private alternative loans) of <br/> those in line f who were awarded a need-based loan </td> <td> $ 3,333 </td> <td> $ 6,530 </td> <td> $ 4,500 </td> </tr> </table><div class=""separator""></div><table> <tr> <td> </td> <td> </td> <td> First-time <br/> Full-time <br/> Freshmen </td> <td> Full-time <br/> Undergrad <br/> (Incl. Fresh.) </td> <td> Less Full-time Than <br/> Undergrad </td> </tr> <tr> <td> N </td> <td> Number of students in line a who had no financial need <br/> and who were awarded institutional non-need-based <br/> scholarship or grant aid (exclude those who were <br/> awarded athletic awards and tuition benefits) </td> <td> 1 </td> <td> 14 </td> <td> 0 </td> </tr> <tr> <td> O </td> <td> Average dollar amount of institutional non-need-based <br/> scholarship and grant aid awarded to students in line n </td> <td> $ 17,854 </td> <td> $ 53,187 </td> <td> $ 0 </td> </tr> <tr> <td> P </td> <td> Number of students in line a who were awarded an <br/> institutional non-need-based athletic scholarship or grant </td> <td> 0 </td> <td> 0 </td> <td> 0 </td> </tr> <tr> <td> Q </td> <td> Average dollar amount of institutional non-need-based <br/> athletic scholarships and grants awarded to students in <br/> line p </td> <td> $ 0 </td> <td> $ 0 </td> <td> $ 0 </td> </tr> </table>",130697,../data/cds-docs/2021-2022/130697.pdf,2021-2022
H,5,H5,"Number and percent of students in class (defined in H4 above) borrowing from federal, non-federal,","[[{0: 'Source/Type of Loan', 1: 'Source/Type of Loan', 2: 'Number in the\nclass (defined\nin H4 above)\nwho borrowed\nfrom the types\nof loans\nspecified in the\nfirst column', 3: 'Percent of the\nclass (defined\nabove) who\nborrowed from\nthe types of\nloans specified\nin column the first\n(nearest 1%)', 4: 'Average per\ufffe\nundergraduate\ufffe\nborrower\ncumulative\nprincipal\nborrowed from\nthe types of\nloans specified\nin column the first\n(nearest $1)'}, {0: 'A', 1: 'Any loan program: Federal Perkins, Federal Stafford\nSubsidized and Unsubsidized, institutional, state, private\nloans that your institution is aware of, etc. Include both\nFederal Direct Student Loans and Federal Family\nEducation Loans.', 2: '222', 3: '34.00%', 4: '$24,873'}, {0: 'B', 1: 'Federal loan programs: Federal Perkins, Federal\nStafford Subsidized and Unsubsidized. Include both\nFederal Direct Student Loans and Federal Family\nEducation Loans.', 2: '204', 3: '31.00%', 4: '$14,863'}, {0: 'C', 1: 'Institutional loan programs.', 2: '9', 3: '1.00%', 4: '$9,482'}, {0: 'D', 1: 'State loan programs.', 2: '0', 3: '0.00%', 4: '$0'}, {0: 'E', 1: 'Private student loans made by a bank or lender.', 2: '51', 3: '8.00%', 4: '$47,147'}]]","<table> <tr> <td colspan=""2""> Source/Type of Loan </td> <td> Number in the <br/> class (defined <br/> in H4 above) <br/> who borrowed <br/> from the types <br/> of loans <br/> specified in the <br/> first column </td> <td> Percent of the <br/> class (defined <br/> above) who <br/> borrowed from <br/> the types of <br/> loans specified <br/> in column the first <br/> (nearest 1%) </td> <td> Average per￾ <br/> undergraduate￾ <br/> borrower <br/> cumulative <br/> principal <br/> borrowed from <br/> the types of <br/> loans specified <br/> in column the first <br/> (nearest $1) </td> </tr> <tr> <td> A </td> <td> Any loan program: Federal Perkins, Federal Stafford <br/> Subsidized and Unsubsidized, institutional, state, private <br/> loans that your institution is aware of, etc. Include both <br/> Federal Direct Student Loans and Federal Family <br/> Education Loans. </td> <td> 222 </td> <td> 34.00% </td> <td> $24,873 </td> </tr> <tr> <td> B </td> <td> Federal loan programs: Federal Perkins, Federal <br/> Stafford Subsidized and Unsubsidized. Include both <br/> Federal Direct Student Loans and Federal Family <br/> Education Loans. </td> <td> 204 </td> <td> 31.00% </td> <td> $14,863 </td> </tr> <tr> <td> C </td> <td> Institutional loan programs. </td> <td> 9 </td> <td> 1.00% </td> <td> $9,482 </td> </tr> <tr> <td> D </td> <td> State loan programs. </td> <td> 0 </td> <td> 0.00% </td> <td> $0 </td> </tr> <tr> <td> E </td> <td> Private student loans made by a bank or lender. </td> <td> 51 </td> <td> 8.00% </td> <td> $47,147 </td> </tr> </table>",130697,../data/cds-docs/2021-2022/130697.pdf,2021-2022
H,11,H11,Indicate reply dates:,"[[{0: 'Students must reply by (date):', 1: '5/1'}, {0: 'or within _______ weeks of notification.', 1: ''}]]",<table> <tr> <td> Students must reply by (date): </td> <td> 5/1 </td> </tr> <tr> <td> or within _______ weeks of notification. </td> <td> </td> </tr> </table>,130697,../data/cds-docs/2021-2022/130697.pdf,2021-2022
H,14,H14,Check off criteria used in awarding institutional aid. Check all that apply.,"[[{0: '', 1: 'Non-Need Based', 2: 'Need-Based'}, {0: 'Academics', 1: '', 2: ''}, {0: 'Alumni affiliation', 1: '', 2: ''}, {0: 'Art', 1: '', 2: ''}, {0: 'Athletics', 1: '', 2: ''}, {0: 'Job skills', 1: '', 2: ''}, {0: 'ROTC', 1: '', 2: ''}, {0: 'Leadership', 1: '', 2: ''}, {0: 'Minority status', 1: '', 2: ''}, {0: 'Music/drama', 1: '', 2: ''}, {0: 'Religious affiliation', 1: '', 2: ''}, {0: 'State/district residency', 1: '', 2: ''}]]",<table> <tr> <td> </td> <td> Non-Need Based </td> <td> Need-Based </td> </tr> <tr> <td> Academics </td> <td> </td> <td> </td> </tr> <tr> <td> Alumni affiliation </td> <td> </td> <td> </td> </tr> <tr> <td> Art </td> <td> </td> <td> </td> </tr> <tr> <td> Athletics </td> <td> </td> <td> </td> </tr> <tr> <td> Job skills </td> <td> </td> <td> </td> </tr> <tr> <td> ROTC </td> <td> </td> <td> </td> </tr> <tr> <td> Leadership </td> <td> </td> <td> </td> </tr> <tr> <td> Minority status </td> <td> </td> <td> </td> </tr> <tr> <td> Music/drama </td> <td> </td> <td> </td> </tr> <tr> <td> Religious affiliation </td> <td> </td> <td> </td> </tr> <tr> <td> State/district residency </td> <td> </td> <td> </td> </tr> </table>,130697,../data/cds-docs/2021-2022/130697.pdf,2021-2022
J,1,J1,"Degrees conferred between July 1, 2020 and June 30, 2021","[[{0: 'Category', 1: 'Diploma/Certificates', 2: 'Associate', 3: 'Bachelor’s', 4: 'CIP 2020 Categories\nto Include'}, {0: 'Agriculture', 1: '', 2: '', 3: '', 4: '01'}, {0: 'Natural resources and conservation', 1: '', 2: '', 3: '3.0%', 4: '03'}, {0: 'Architecture', 1: '', 2: '', 3: '', 4: '04'}, {0: 'Area, ethnic, and gender studies', 1: '', 2: '', 3: '10.2%', 4: '05'}, {0: 'Communication/journalism', 1: '', 2: '', 3: '', 4: '09'}, {0: 'Communication technologies', 1: '', 2: '', 3: '', 4: '10'}, {0: 'Computer and information sciences', 1: '', 2: '', 3: '4.0%', 4: '11'}, {0: 'Personal and culinary services', 1: '', 2: '', 3: '', 4: '12'}, {0: 'Education', 1: '', 2: '', 3: '1.3%', 4: '13'}, {0: 'Engineering', 1: '', 2: '', 3: '', 4: '14'}, {0: 'Engineering technologies', 1: '', 2: '', 3: '', 4: '15'}, {0: 'Foreign languages, literatures, and linguistics', 1: '', 2: '', 3: '0.7%', 4: '16'}, {0: 'Family and consumer sciences', 1: '', 2: '', 3: '', 4: '19'}, {0: 'Law/legal studies', 1: '', 2: '', 3: '', 4: '22'}, {0: 'English', 1: '', 2: '', 3: '7.3%', 4: '23'}, {0: 'Liberal arts/general studies', 1: '', 2: '', 3: '0.5%', 4: '24'}, {0: 'Library science', 1: '', 2: '', 3: '', 4: '25'}, {0: 'Biological/life sciences', 1: '', 2: '', 3: '5.2%', 4: '26'}, {0: 'Mathematics and statistics', 1: '', 2: '', 3: '3.3%', 4: '27'}, {0: 'Military science and military technologies', 1: '', 2: '', 3: '', 4: '28 & 29'}, {0: 'Interdisciplinary studies', 1: '', 2: '', 3: '4.0%', 4: '30'}, {0: 'Parks and recreation', 1: '', 2: '', 3: '', 4: '31'}, {0: 'Philosophy and religious studies', 1: '', 2: '', 3: '1.9%', 4: '38'}, {0: 'Theology and religious vocations', 1: '', 2: '', 3: '', 4: '39'}, {0: 'Physical sciences', 1: '', 2: '', 3: '6.0%', 4: '40'}, {0: 'Science technologies', 1: '', 2: '', 3: '', 4: '41'}, {0: 'Psychology', 1: '', 2: '', 3: '14.0%', 4: '42'}, {0: 'Homeland Security, law enforcement, firefighting,\nand protective services', 1: '', 2: '', 3: '', 4: '43'}, {0: 'Public administration and social services', 1: '', 2: '', 3: '', 4: '44'}, {0: 'Social sciences', 1: '', 2: '', 3: '26.4%', 4: '45'}, {0: 'Construction trades', 1: '', 2: '', 3: '', 4: '46'}, {0: 'Mechanic and repair technologies', 1: '', 2: '', 3: '', 4: '47'}, {0: 'Precision production', 1: '', 2: '', 3: '', 4: '48'}, {0: 'Transportation and materials moving', 1: '', 2: '', 3: '', 4: '49'}, {0: 'Visual and performing arts', 1: '', 2: '', 3: '10.5%', 4: '50'}, {0: 'Health professions and related programs', 1: '', 2: '', 3: '', 4: '51'}, {0: 'Business/marketing', 1: '', 2: '', 3: '', 4: '52'}, {0: 'History', 1: '', 2: '', 3: '1.8%', 4: '54'}, {0: 'Other', 1: '', 2: '', 3: '', 4: ''}, {0: 'TOTAL (should = 100%)', 1: '0.00%', 2: '0.00%', 3: '100.00%', 4: ''}]]","<table> <tr> <td> Category </td> <td> Diploma/Certificates </td> <td> Associate </td> <td> Bachelor’s </td> <td> CIP 2020 Categories <br/> to Include </td> </tr> <tr> <td> Agriculture </td> <td> </td> <td> </td> <td> </td> <td> 01 </td> </tr> <tr> <td> Natural resources and conservation </td> <td> </td> <td> </td> <td> 3.0% </td> <td> 03 </td> </tr> <tr> <td> Architecture </td> <td> </td> <td> </td> <td> </td> <td> 04 </td> </tr> <tr> <td> Area, ethnic, and gender studies </td> <td> </td> <td> </td> <td> 10.2% </td> <td> 05 </td> </tr> <tr> <td> Communication/journalism </td> <td> </td> <td> </td> <td> </td> <td> 09 </td> </tr> <tr> <td> Communication technologies </td> <td> </td> <td> </td> <td> </td> <td> 10 </td> </tr> <tr> <td> Computer and information sciences </td> <td> </td> <td> </td> <td> 4.0% </td> <td> 11 </td> </tr> <tr> <td> Personal and culinary services </td> <td> </td> <td> </td> <td> </td> <td> 12 </td> </tr> <tr> <td> Education </td> <td> </td> <td> </td> <td> 1.3% </td> <td> 13 </td> </tr> <tr> <td> Engineering </td> <td> </td> <td> </td> <td> </td> <td> 14 </td> </tr> <tr> <td> Engineering technologies </td> <td> </td> <td> </td> <td> </td> <td> 15 </td> </tr> <tr> <td> Foreign languages, literatures, and linguistics </td> <td> </td> <td> </td> <td> 0.7% </td> <td> 16 </td> </tr> <tr> <td> Family and consumer sciences </td> <td> </td> <td> </td> <td> </td> <td> 19 </td> </tr> <tr> <td> Law/legal studies </td> <td> </td> <td> </td> <td> </td> <td> 22 </td> </tr> <tr> <td> English </td> <td> </td> <td> </td> <td> 7.3% </td> <td> 23 </td> </tr> <tr> <td> Liberal arts/general studies </td> <td> </td> <td> </td> <td> 0.5% </td> <td> 24 </td> </tr> <tr> <td> Library science </td> <td> </td> <td> </td> <td> </td> <td> 25 </td> </tr> <tr> <td> Biological/life sciences </td> <td> </td> <td> </td> <td> 5.2% </td> <td> 26 </td> </tr> <tr> <td> Mathematics and statistics </td> <td> </td> <td> </td> <td> 3.3% </td> <td> 27 </td> </tr> <tr> <td> Military science and military technologies </td> <td> </td> <td> </td> <td> </td> <td> 28 &amp; 29 </td> </tr> <tr> <td> Interdisciplinary studies </td> <td> </td> <td> </td> <td> 4.0% </td> <td> 30 </td> </tr> <tr> <td> Parks and recreation </td> <td> </td> <td> </td> <td> </td> <td> 31 </td> </tr> <tr> <td> Philosophy and religious studies </td> <td> </td> <td> </td> <td> 1.9% </td> <td> 38 </td> </tr> <tr> <td> Theology and religious vocations </td> <td> </td> <td> </td> <td> </td> <td> 39 </td> </tr> <tr> <td> Physical sciences </td> <td> </td> <td> </td> <td> 6.0% </td> <td> 40 </td> </tr> <tr> <td> Science technologies </td> <td> </td> <td> </td> <td> </td> <td> 41 </td> </tr> <tr> <td> Psychology </td> <td> </td> <td> </td> <td> 14.0% </td> <td> 42 </td> </tr> <tr> <td> Homeland Security, law enforcement, firefighting, <br/> and protective services </td> <td> </td> <td> </td> <td> </td> <td> 43 </td> </tr> <tr> <td> Public administration and social services </td> <td> </td> <td> </td> <td> </td> <td> 44 </td> </tr> <tr> <td> Social sciences </td> <td> </td> <td> </td> <td> 26.4% </td> <td> 45 </td> </tr> <tr> <td> Construction trades </td> <td> </td> <td> </td> <td> </td> <td> 46 </td> </tr> <tr> <td> Mechanic and repair technologies </td> <td> </td> <td> </td> <td> </td> <td> 47 </td> </tr> <tr> <td> Precision production </td> <td> </td> <td> </td> <td> </td> <td> 48 </td> </tr> <tr> <td> Transportation and materials moving </td> <td> </td> <td> </td> <td> </td> <td> 49 </td> </tr> <tr> <td> Visual and performing arts </td> <td> </td> <td> </td> <td> 10.5% </td> <td> 50 </td> </tr> <tr> <td> Health professions and related programs </td> <td> </td> <td> </td> <td> </td> <td> 51 </td> </tr> <tr> <td> Business/marketing </td> <td> </td> <td> </td> <td> </td> <td> 52 </td> </tr> <tr> <td> History </td> <td> </td> <td> </td> <td> 1.8% </td> <td> 54 </td> </tr> <tr> <td> Other </td> <td> </td> <td> </td> <td> </td> <td> </td> </tr> <tr> <td> TOTAL (should = 100%) </td> <td> 0.00% </td> <td> 0.00% </td> <td> 100.00% </td> <td> </td> </tr> </table>",130697,../data/cds-docs/2021-2022/130697.pdf,2021-2022
