section,table_num,table_code,table_title,table_records,table_html,unitid,file,year
B,1,B1,Institutional Enrollment - Men and Women,"[[{0: '', 1: 'FULL-TIME', 2: 'FULL-TIME', 3: 'FULL-TIME', 4: 'FULL-TIME', 5: 'PART-TIME', 6: 'PART-TIME', 7: 'PART-TIME', 8: 'PART-TIME'}, {0: '', 1: 'Men', 2: 'Women', 3: 'Another\nGender', 4: 'Unknown', 5: 'Men', 6: 'Women', 7: 'Another\nGender', 8: 'Unknown'}, {0: 'Undergraduate Students', 1: 'Undergraduate Students', 2: 'Undergraduate Students', 3: 'Undergraduate Students', 4: 'Undergraduate Students', 5: 'Undergraduate Students', 6: 'Undergraduate Students', 7: 'Undergraduate Students', 8: 'Undergraduate Students'}, {0: 'Degree-seeking, first\ufffe\ntime, first-year students', 1: '', 2: '', 3: '', 4: '', 5: '', 6: '', 7: '', 8: ''}, {0: 'Other first-year, degree\ufffe\nseeking students', 1: '', 2: '', 3: '', 4: '', 5: '', 6: '', 7: '', 8: ''}, {0: 'All other degree-seeking\nundergraduate students', 1: '', 2: '', 3: '', 4: '', 5: '', 6: '', 7: '', 8: ''}, {0: 'Total degree-seeking\nundergraduate students', 1: '', 2: '', 3: '', 4: '', 5: '', 6: '', 7: '', 8: ''}, {0: 'All other undergraduates\nenrolled in credit courses', 1: '', 2: '', 3: '', 4: '', 5: '', 6: '', 7: '', 8: ''}, {0: 'Total Undergraduate Students', 1: '', 2: '', 3: '', 4: '', 5: '', 6: '', 7: '', 8: ''}, {0: 'Graduate Students', 1: 'Graduate Students', 2: 'Graduate Students', 3: 'Graduate Students', 4: 'Graduate Students', 5: 'Graduate Students', 6: 'Graduate Students', 7: 'Graduate Students', 8: 'Graduate Students'}, {0: 'Degree-seeking, first-time', 1: '', 2: '', 3: '', 4: '', 5: '', 6: '', 7: '', 8: ''}, {0: 'All other degree-seeking', 1: '', 2: '', 3: '', 4: '', 5: '', 6: '', 7: '', 8: ''}, {0: 'All other graduates enrolled in\ncredit courses', 1: '', 2: '', 3: '', 4: '', 5: '', 6: '', 7: '', 8: ''}, {0: 'Total Graduate Students', 1: '', 2: '', 3: '', 4: '', 5: '', 6: '', 7: '', 8: ''}, {0: 'Total All Students', 1: '', 2: '', 3: '', 4: '', 5: '', 6: '', 7: '', 8: ''}]]","<table> <tr> <td rowspan=""2""> </td> <td colspan=""4""> FULL-TIME </td> <td colspan=""4""> PART-TIME </td> </tr> <tr> <td> Men </td> <td> Women </td> <td> Another <br/> Gender </td> <td> Unknown </td> <td> Men </td> <td> Women </td> <td> Another <br/> Gender </td> <td> Unknown </td> </tr> <tr> <td> Undergraduate Students </td> <td colspan=""8""> Undergraduate Students </td> </tr> <tr> <td> Degree-seeking, first￾ <br/> time, first-year students </td> <td> </td> <td> </td> <td> </td> <td> </td> <td> </td> <td> </td> <td> </td> <td> </td> </tr> <tr> <td> Other first-year, degree￾ <br/> seeking students </td> <td> </td> <td> </td> <td> </td> <td> </td> <td> </td> <td> </td> <td> </td> <td> </td> </tr> <tr> <td> All other degree-seeking <br/> undergraduate students </td> <td> </td> <td> </td> <td> </td> <td> </td> <td> </td> <td> </td> <td> </td> <td> </td> </tr> <tr> <td> Total degree-seeking <br/> undergraduate students </td> <td> </td> <td> </td> <td> </td> <td> </td> <td> </td> <td> </td> <td> </td> <td> </td> </tr> <tr> <td> All other undergraduates <br/> enrolled in credit courses </td> <td> </td> <td> </td> <td> </td> <td> </td> <td> </td> <td> </td> <td> </td> <td> </td> </tr> <tr> <td> Total Undergraduate Students </td> <td> </td> <td> </td> <td> </td> <td> </td> <td> </td> <td> </td> <td> </td> <td> </td> </tr> <tr> <td> Graduate Students </td> <td colspan=""8""> Graduate Students </td> </tr> <tr> <td> Degree-seeking, first-time </td> <td> </td> <td> </td> <td> </td> <td> </td> <td> </td> <td> </td> <td> </td> <td> </td> </tr> <tr> <td> All other degree-seeking </td> <td> </td> <td> </td> <td> </td> <td> </td> <td> </td> <td> </td> <td> </td> <td> </td> </tr> <tr> <td> All other graduates enrolled in <br/> credit courses </td> <td> </td> <td> </td> <td> </td> <td> </td> <td> </td> <td> </td> <td> </td> <td> </td> </tr> <tr> <td> Total Graduate Students </td> <td> </td> <td> </td> <td> </td> <td> </td> <td> </td> <td> </td> <td> </td> <td> </td> </tr> <tr> <td> Total All Students </td> <td> </td> <td> </td> <td> </td> <td> </td> <td> </td> <td> </td> <td> </td> <td> </td> </tr> </table>",137351,../data/cds-docs/2024-2025/137351.pdf,2024-2025
B,2,B2,Enrollment by Racial/Ethnic Category,"[[{0: 'Racial/Ethnic Category', 1: 'Degree-seeking\nFirst-time year First', 2: 'Degree-seeking\nUndergraduates\n(include first-time\nfirst-year)', 3: 'Total\nUndergraduates\n(both degree- and\nnon-degree\ufffe\nseeking)'}, {0: 'Nonresidents', 1: '', 2: '', 3: ''}, {0: 'Hispanic/Latino', 1: '', 2: '', 3: ''}, {0: 'Black or African American, non-Hispanic', 1: '', 2: '', 3: ''}, {0: 'White, non-Hispanic', 1: '', 2: '', 3: ''}, {0: 'American Indian or Alaska Native, non\ufffe\nHispanic', 1: '', 2: '', 3: ''}, {0: 'Asian, non-Hispanic', 1: '', 2: '', 3: ''}, {0: 'Native Hawaiian or other Pacific Islander,\nnon-Hispanic', 1: '', 2: '', 3: ''}, {0: 'Two or more races, non-Hispanic', 1: '', 2: '', 3: ''}, {0: 'Race and/or ethnicity unknown', 1: '', 2: '', 3: ''}, {0: 'Total', 1: '', 2: '', 3: ''}]]","<table> <tr> <td> Racial/Ethnic Category </td> <td> Degree-seeking <br/> First-time year First </td> <td> Degree-seeking <br/> Undergraduates <br/> (include first-time <br/> first-year) </td> <td> Total <br/> Undergraduates <br/> (both degree- and <br/> non-degree￾ <br/> seeking) </td> </tr> <tr> <td> Nonresidents </td> <td> </td> <td> </td> <td> </td> </tr> <tr> <td> Hispanic/Latino </td> <td> </td> <td> </td> <td> </td> </tr> <tr> <td> Black or African American, non-Hispanic </td> <td> </td> <td> </td> <td> </td> </tr> <tr> <td> White, non-Hispanic </td> <td> </td> <td> </td> <td> </td> </tr> <tr> <td> American Indian or Alaska Native, non￾ <br/> Hispanic </td> <td> </td> <td> </td> <td> </td> </tr> <tr> <td> Asian, non-Hispanic </td> <td> </td> <td> </td> <td> </td> </tr> <tr> <td> Native Hawaiian or other Pacific Islander, <br/> non-Hispanic </td> <td> </td> <td> </td> <td> </td> </tr> <tr> <td> Two or more races, non-Hispanic </td> <td> </td> <td> </td> <td> </td> </tr> <tr> <td> Race and/or ethnicity unknown </td> <td> </td> <td> </td> <td> </td> </tr> <tr> <td> Total </td> <td> </td> <td> </td> <td> </td> </tr> </table>",137351,../data/cds-docs/2024-2025/137351.pdf,2024-2025
B,3,B3,Persistence,"[[{0: 'AWARD TYPE', 1: '# AWARDED'}, {0: 'Certificate/diploma:', 1: ''}, {0: 'Associate degrees:', 1: ''}, {0: 'Bachelor’s degrees:', 1: ''}, {0: 'Post-bachelor’s certificates:', 1: ''}, {0: 'Master’s degrees:', 1: ''}, {0: 'Post-master’s certificates:', 1: ''}, {0: 'Doctoral degrees –\nresearch/scholarship:', 1: ''}, {0: 'Doctoral degrees – professional\npractice:', 1: ''}, {0: 'Doctoral degrees – other:', 1: ''}]]",<table> <tr> <td> AWARD TYPE </td> <td> # AWARDED </td> </tr> <tr> <td> Certificate/diploma: </td> <td> </td> </tr> <tr> <td> Associate degrees: </td> <td> </td> </tr> <tr> <td> Bachelor’s degrees: </td> <td> </td> </tr> <tr> <td> Post-bachelor’s certificates: </td> <td> </td> </tr> <tr> <td> Master’s degrees: </td> <td> </td> </tr> <tr> <td> Post-master’s certificates: </td> <td> </td> </tr> <tr> <td> Doctoral degrees – <br/> research/scholarship: </td> <td> </td> </tr> <tr> <td> Doctoral degrees – professional <br/> practice: </td> <td> </td> </tr> <tr> <td> Doctoral degrees – other: </td> <td> </td> </tr> </table>,137351,../data/cds-docs/2024-2025/137351.pdf,2024-2025
B,4,B4,-B21: Graduation Rates,"[[{0: '', 1: '', 2: 'Recipients of a\nFederal Grant Pell', 3: 'Recipients of a\nSubsidized\nStafford Loan\nwho did not\nreceive Grant a Pell', 4: 'Students who\ndid not receive\neither a Pell\nGrant or a\nsubsidized\nStafford Loan', 5: '(sum Total of 3\ncolumns left) to the'}, {0: 'A', 1: ""Initial 2018 cohort of first-time, full-time,\nbachelor's (or equivalent) degree\ufffe\nseeking undergraduate students"", 2: '', 3: '', 4: '', 5: ''}, {0: 'B', 1: 'Of the initial 2018 cohort, how many did\nnot persist and did not graduate for the\nfollowing reasons:\n• Deceased\n• Permanently Disabled\n• Armed Forces\n• Foreign Aid Service of the Federal Government\n• Official church missions\n• Report Total Allowable Exclusions', 2: '', 3: '', 4: '', 5: ''}, {0: 'C', 1: 'Final 2018 cohort, after adjusting\nfor allowable exclusions', 2: '', 3: '', 4: '', 5: ''}, {0: 'D', 1: 'Of the initial 2018 cohort, how many\ncompleted the program in four years or\nless (by Aug. 31, 2022)', 2: '', 3: '', 4: '', 5: ''}]]","<table> <tr> <td colspan=""2""> </td> <td> Recipients of a <br/> Federal Grant Pell </td> <td> Recipients of a <br/> Subsidized <br/> Stafford Loan <br/> who did not <br/> receive Grant a Pell </td> <td> Students who <br/> did not receive <br/> either a Pell <br/> Grant or a <br/> subsidized <br/> Stafford Loan </td> <td> (sum Total of 3 <br/> columns left) to the </td> </tr> <tr> <td> A </td> <td> Initial 2018 cohort of first-time, full-time, <br/> bachelor's (or equivalent) degree￾ <br/> seeking undergraduate students </td> <td> </td> <td> </td> <td> </td> <td> </td> </tr> <tr> <td> B </td> <td> Of the initial 2018 cohort, how many did <br/> not persist and did not graduate for the <br/> following reasons: <br/> • Deceased <br/> • Permanently Disabled <br/> • Armed Forces <br/> • Foreign Aid Service of the Federal Government <br/> • Official church missions <br/> • Report Total Allowable Exclusions </td> <td> </td> <td> </td> <td> </td> <td> </td> </tr> <tr> <td> C </td> <td> Final 2018 cohort, after adjusting <br/> for allowable exclusions </td> <td> </td> <td> </td> <td> </td> <td> </td> </tr> <tr> <td> D </td> <td> Of the initial 2018 cohort, how many <br/> completed the program in four years or <br/> less (by Aug. 31, 2022) </td> <td> </td> <td> </td> <td> </td> <td> </td> </tr> </table>",137351,../data/cds-docs/2024-2025/137351.pdf,2024-2025
C,1,C1,"First-time, first-year students: Provide the number of degree-seeking, first-time, first-year students","[[{0: 'FIRST-TIME, FIRST-YEAR STUDENT APPLICANTS', 1: 'TOTAL'}, {0: 'Total first-time, first-year men who applied', 1: ''}, {0: 'Total first-time, first-year women who applied', 1: ''}, {0: 'Total first-time, first-year of another gender who applied', 1: ''}, {0: 'Total first-time, first-year of unknown gender who applied', 1: ''}], [{0: 'FIRST-TIME, FIRST-YEAR STUDENT ADMITS', 1: 'TOTAL'}, {0: 'Total first-time, first-year men who were admitted', 1: ''}, {0: 'Total first-time, first-year women who were admitted', 1: ''}, {0: 'Total first-time, first-year of another gender who were admitted', 1: ''}, {0: 'Total first-time, first-year of unknown gender who were admitted', 1: ''}], [{0: 'FIRST-TIME, FIRST-YEAR STUDENT ENROLLEES', 1: 'TOTAL'}, {0: 'Total first-time, first-year men who enrolled', 1: ''}, {0: 'Total first-time, first-year women who enrolled', 1: ''}, {0: 'Total first-time, first-year of another gender who enrolled', 1: ''}, {0: 'Total first-time, first-year of unknown gender who enrolled', 1: ''}], [{0: 'FIRST-TIME, FIRST-YEAR STUDENT ENROLLEES BY STATUS', 1: 'TOTAL'}, {0: 'Total full-time, first-time, first-year men who enrolled', 1: ''}, {0: 'Total part-time, first-time, first-year men who enrolled', 1: ''}, {0: 'Total full-time, first-time, first-year women who enrolled', 1: ''}, {0: 'Total part-time, first-time, first-year women who enrolled', 1: ''}, {0: 'Total full-time, first-time, first-year of another gender who enrolled', 1: ''}, {0: 'Total part-time, first-time, first-year of another gender who enrolled', 1: ''}, {0: 'Total full-time, first-time, first-year of unknown gender who enrolled', 1: ''}, {0: 'Total part-time, first-time, first-year of unknown gender who enrolled', 1: ''}]]","<table> <tr> <td> FIRST-TIME, FIRST-YEAR STUDENT APPLICANTS </td> <td> TOTAL </td> </tr> <tr> <td> Total first-time, first-year men who applied </td> <td> </td> </tr> <tr> <td> Total first-time, first-year women who applied </td> <td> </td> </tr> <tr> <td> Total first-time, first-year of another gender who applied </td> <td> </td> </tr> <tr> <td> Total first-time, first-year of unknown gender who applied </td> <td> </td> </tr> </table><div class=""separator""></div><table> <tr> <td> FIRST-TIME, FIRST-YEAR STUDENT ADMITS </td> <td> TOTAL </td> </tr> <tr> <td> Total first-time, first-year men who were admitted </td> <td> </td> </tr> <tr> <td> Total first-time, first-year women who were admitted </td> <td> </td> </tr> <tr> <td> Total first-time, first-year of another gender who were admitted </td> <td> </td> </tr> <tr> <td> Total first-time, first-year of unknown gender who were admitted </td> <td> </td> </tr> </table><div class=""separator""></div><table> <tr> <td> FIRST-TIME, FIRST-YEAR STUDENT ENROLLEES </td> <td> TOTAL </td> </tr> <tr> <td> Total first-time, first-year men who enrolled </td> <td> </td> </tr> <tr> <td> Total first-time, first-year women who enrolled </td> <td> </td> </tr> <tr> <td> Total first-time, first-year of another gender who enrolled </td> <td> </td> </tr> <tr> <td> Total first-time, first-year of unknown gender who enrolled </td> <td> </td> </tr> </table><div class=""separator""></div><table> <tr> <td> FIRST-TIME, FIRST-YEAR STUDENT ENROLLEES BY STATUS </td> <td> TOTAL </td> </tr> <tr> <td> Total full-time, first-time, first-year men who enrolled </td> <td> </td> </tr> <tr> <td> Total part-time, first-time, first-year men who enrolled </td> <td> </td> </tr> <tr> <td> Total full-time, first-time, first-year women who enrolled </td> <td> </td> </tr> <tr> <td> Total part-time, first-time, first-year women who enrolled </td> <td> </td> </tr> <tr> <td> Total full-time, first-time, first-year of another gender who enrolled </td> <td> </td> </tr> <tr> <td> Total part-time, first-time, first-year of another gender who enrolled </td> <td> </td> </tr> <tr> <td> Total full-time, first-time, first-year of unknown gender who enrolled </td> <td> </td> </tr> <tr> <td> Total part-time, first-time, first-year of unknown gender who enrolled </td> <td> </td> </tr> </table>",137351,../data/cds-docs/2024-2025/137351.pdf,2024-2025
C,2,C2,"First time, first-year wait-listed students","[[{0: 'WAITING LIST', 1: 'TOTAL'}, {0: 'Number of qualified applicants offered a place on waiting list:', 1: ''}, {0: 'Number accepting a place on the waiting list:', 1: ''}, {0: 'Number of wait-listed students admitted:', 1: ''}]]",<table> <tr> <td> WAITING LIST </td> <td> TOTAL </td> </tr> <tr> <td> Number of qualified applicants offered a place on waiting list: </td> <td> </td> </tr> <tr> <td> Number accepting a place on the waiting list: </td> <td> </td> </tr> <tr> <td> Number of wait-listed students admitted: </td> <td> </td> </tr> </table>,137351,../data/cds-docs/2024-2025/137351.pdf,2024-2025
C,5,C5,Distribution of high school units required and/or recommended. Specify the distribution of academic high,"[[{0: '', 1: 'Units Required', 2: 'Units Recommended'}, {0: 'Total academic units', 1: '', 2: ''}, {0: 'English', 1: '', 2: ''}, {0: 'Mathematics', 1: '', 2: ''}, {0: 'Science', 1: '', 2: ''}, {0: 'Of these, units that must be lab', 1: '', 2: ''}, {0: 'Foreign language', 1: '', 2: ''}, {0: 'Social studies', 1: '', 2: ''}, {0: 'History', 1: '', 2: ''}, {0: 'Academic electives', 1: '', 2: ''}, {0: 'Computer Science', 1: '', 2: ''}, {0: 'Visual/Performing Arts', 1: '', 2: ''}, {0: 'Other (specify)', 1: '', 2: ''}]]","<table> <tr> <td> </td> <td> Units Required </td> <td> Units Recommended </td> </tr> <tr> <td> Total academic units </td> <td> </td> <td> </td> </tr> <tr> <td> English </td> <td> </td> <td> </td> </tr> <tr> <td> Mathematics </td> <td> </td> <td> </td> </tr> <tr> <td> Science </td> <td> </td> <td> </td> </tr> <tr> <td> Of these, units that must be lab </td> <td> </td> <td> </td> </tr> <tr> <td> Foreign language </td> <td> </td> <td> </td> </tr> <tr> <td> Social studies </td> <td> </td> <td> </td> </tr> <tr> <td> History </td> <td> </td> <td> </td> </tr> <tr> <td> Academic electives </td> <td> </td> <td> </td> </tr> <tr> <td> Computer Science </td> <td> </td> <td> </td> </tr> <tr> <td> Visual/Performing Arts </td> <td> </td> <td> </td> </tr> <tr> <td> Other (specify) </td> <td> </td> <td> </td> </tr> </table>",137351,../data/cds-docs/2024-2025/137351.pdf,2024-2025
C,9,C9,"Percent and number of first-time, first-year students enrolled in Fall 2024 who submitted national","[[{0: 'Assessment', 1: '25th Percentile\nScore', 2: '50th Percentile\nScore', 3: '75th Percentile\nScore'}, {0: 'SAT Composite', 1: '', 2: '', 3: ''}, {0: 'SAT Evidence-Based\nReading and Writing', 1: '', 2: '', 3: ''}, {0: 'SAT Math', 1: '', 2: '', 3: ''}, {0: 'ACT Composite', 1: '', 2: '', 3: ''}, {0: 'ACT Math', 1: '', 2: '', 3: ''}, {0: 'ACT English', 1: '', 2: '', 3: ''}, {0: 'ACT Writing', 1: '', 2: '', 3: ''}, {0: 'ACT Science', 1: '', 2: '', 3: ''}, {0: 'ACT Reading', 1: '', 2: '', 3: ''}]]",<table> <tr> <td> Assessment </td> <td> 25th Percentile <br/> Score </td> <td> 50th Percentile <br/> Score </td> <td> 75th Percentile <br/> Score </td> </tr> <tr> <td> SAT Composite </td> <td> </td> <td> </td> <td> </td> </tr> <tr> <td> SAT Evidence-Based <br/> Reading and Writing </td> <td> </td> <td> </td> <td> </td> </tr> <tr> <td> SAT Math </td> <td> </td> <td> </td> <td> </td> </tr> <tr> <td> ACT Composite </td> <td> </td> <td> </td> <td> </td> </tr> <tr> <td> ACT Math </td> <td> </td> <td> </td> <td> </td> </tr> <tr> <td> ACT English </td> <td> </td> <td> </td> <td> </td> </tr> <tr> <td> ACT Writing </td> <td> </td> <td> </td> <td> </td> </tr> <tr> <td> ACT Science </td> <td> </td> <td> </td> <td> </td> </tr> <tr> <td> ACT Reading </td> <td> </td> <td> </td> <td> </td> </tr> </table>,137351,../data/cds-docs/2024-2025/137351.pdf,2024-2025
C,11,C11,"Percentage of all enrolled, degree-seeking, first-time, first-year students who had high school","[[{0: 'Score Range', 1: 'Percent\n(Students who\nsubmitted scores)', 2: 'Percent\n(Students who did\nnot submit scores)', 3: 'Percent\n(All enrolled\nstudents)'}, {0: 'Percent who had GPA of 4.0', 1: '', 2: '', 3: ''}, {0: 'Percent who had GPA between 3.75 and 3.99', 1: '', 2: '', 3: ''}, {0: 'Percent who had GPA between 3.50 and 3.74', 1: '', 2: '', 3: ''}, {0: 'Percent who had GPA between 3.25 and 3.49', 1: '', 2: '', 3: ''}, {0: 'Percent who had GPA between 3.00 and 3.24', 1: '', 2: '', 3: ''}, {0: 'Percent who had GPA between 2.50 and 2.99', 1: '', 2: '', 3: ''}, {0: 'Percent who had GPA between 2.0 and 2.49', 1: '', 2: '', 3: ''}, {0: 'Percent who had GPA between 1.0 and 1.99', 1: '', 2: '', 3: ''}, {0: 'Percent who had GPA below 1.0', 1: '', 2: '', 3: ''}, {0: 'Totals should = 100%', 1: '', 2: '', 3: ''}]]",<table> <tr> <td> Score Range </td> <td> Percent <br/> (Students who <br/> submitted scores) </td> <td> Percent <br/> (Students who did <br/> not submit scores) </td> <td> Percent <br/> (All enrolled <br/> students) </td> </tr> <tr> <td> Percent who had GPA of 4.0 </td> <td> </td> <td> </td> <td> </td> </tr> <tr> <td> Percent who had GPA between 3.75 and 3.99 </td> <td> </td> <td> </td> <td> </td> </tr> <tr> <td> Percent who had GPA between 3.50 and 3.74 </td> <td> </td> <td> </td> <td> </td> </tr> <tr> <td> Percent who had GPA between 3.25 and 3.49 </td> <td> </td> <td> </td> <td> </td> </tr> <tr> <td> Percent who had GPA between 3.00 and 3.24 </td> <td> </td> <td> </td> <td> </td> </tr> <tr> <td> Percent who had GPA between 2.50 and 2.99 </td> <td> </td> <td> </td> <td> </td> </tr> <tr> <td> Percent who had GPA between 2.0 and 2.49 </td> <td> </td> <td> </td> <td> </td> </tr> <tr> <td> Percent who had GPA between 1.0 and 1.99 </td> <td> </td> <td> </td> <td> </td> </tr> <tr> <td> Percent who had GPA below 1.0 </td> <td> </td> <td> </td> <td> </td> </tr> <tr> <td> Totals should = 100% </td> <td> </td> <td> </td> <td> </td> </tr> </table>,137351,../data/cds-docs/2024-2025/137351.pdf,2024-2025
C,12,C12,"Average high school GPA of all degree-seeking, first-time, first-year students who","[[{0: '', 1: '%'}, {0: 'Percent Submitting GPA', 1: ''}]]",<table> <tr> <td> </td> <td> % </td> </tr> <tr> <td> Percent Submitting GPA </td> <td> </td> </tr> </table>,137351,../data/cds-docs/2024-2025/137351.pdf,2024-2025
C,14,C14,Application closing date,"[[{0: '', 1: 'Month', 2: 'Day'}, {0: 'Application closing date (fall)', 1: '', 2: ''}, {0: 'Priority Date', 1: '', 2: ''}]]",<table> <tr> <td> </td> <td> Month </td> <td> Day </td> </tr> <tr> <td> Application closing date (fall) </td> <td> </td> <td> </td> </tr> <tr> <td> Priority Date </td> <td> </td> <td> </td> </tr> </table>,137351,../data/cds-docs/2024-2025/137351.pdf,2024-2025
D,2,D2,"Provide the number of students who applied, were admitted, and enrolled as degree-seeking transfer","[[{0: '', 1: 'Applicants', 2: 'Admitted Applicants', 3: 'Enrolled Applicants'}, {0: 'Men', 1: '', 2: '', 3: ''}, {0: 'Women', 1: '', 2: '', 3: ''}, {0: 'Another Gender', 1: '', 2: '', 3: ''}, {0: 'Unknown', 1: '', 2: '', 3: ''}, {0: 'Total', 1: '', 2: '', 3: ''}]]",<table> <tr> <td> </td> <td> Applicants </td> <td> Admitted Applicants </td> <td> Enrolled Applicants </td> </tr> <tr> <td> Men </td> <td> </td> <td> </td> <td> </td> </tr> <tr> <td> Women </td> <td> </td> <td> </td> <td> </td> </tr> <tr> <td> Another Gender </td> <td> </td> <td> </td> <td> </td> </tr> <tr> <td> Unknown </td> <td> </td> <td> </td> <td> </td> </tr> <tr> <td> Total </td> <td> </td> <td> </td> <td> </td> </tr> </table>,137351,../data/cds-docs/2024-2025/137351.pdf,2024-2025
D,5,D5,Indicate all items required of transfer students to apply for admission:,"[[{0: '', 1: 'Required of All', 2: 'Recommended\nof All', 3: 'Recommended\nof Some', 4: 'Required Some of', 5: 'Not Required'}, {0: 'High school transcript', 1: '', 2: '', 3: '', 4: '', 5: ''}, {0: 'College transcript(s)', 1: '', 2: '', 3: '', 4: '', 5: ''}, {0: 'Essay or personal statement', 1: '', 2: '', 3: '', 4: '', 5: ''}, {0: 'Interview', 1: '', 2: '', 3: '', 4: '', 5: ''}, {0: 'Standardized test scores', 1: '', 2: '', 3: '', 4: '', 5: ''}, {0: 'Statement of good standing\nfrom prior institution(s)', 1: '', 2: '', 3: '', 4: '', 5: ''}]]",<table> <tr> <td> </td> <td> Required of All </td> <td> Recommended <br/> of All </td> <td> Recommended <br/> of Some </td> <td> Required Some of </td> <td> Not Required </td> </tr> <tr> <td> High school transcript </td> <td> </td> <td> </td> <td> </td> <td> </td> <td> </td> </tr> <tr> <td> College transcript(s) </td> <td> </td> <td> </td> <td> </td> <td> </td> <td> </td> </tr> <tr> <td> Essay or personal statement </td> <td> </td> <td> </td> <td> </td> <td> </td> <td> </td> </tr> <tr> <td> Interview </td> <td> </td> <td> </td> <td> </td> <td> </td> <td> </td> </tr> <tr> <td> Standardized test scores </td> <td> </td> <td> </td> <td> </td> <td> </td> <td> </td> </tr> <tr> <td> Statement of good standing <br/> from prior institution(s) </td> <td> </td> <td> </td> <td> </td> <td> </td> <td> </td> </tr> </table>,137351,../data/cds-docs/2024-2025/137351.pdf,2024-2025
D,9,D9,"List application priority, closing, notification, and candidate reply dates for transfer students. If applications are","[[{0: '', 1: 'Priority Date\nMonth Day', 2: 'Closing Date\nMonth Day', 3: 'Notification Date\nMonth Day', 4: 'Reply Date\nMonth Day', 5: 'Rolling\nadmission'}, {0: 'Fall', 1: '', 2: '', 3: '', 4: '', 5: ''}, {0: 'Winter', 1: '', 2: '', 3: '', 4: '', 5: ''}, {0: 'Spring', 1: '', 2: '', 3: '', 4: '', 5: ''}, {0: 'Summer', 1: '', 2: '', 3: '', 4: '', 5: ''}]]",<table> <tr> <td> </td> <td> Priority Date <br/> Month Day </td> <td> Closing Date <br/> Month Day </td> <td> Notification Date <br/> Month Day </td> <td> Reply Date <br/> Month Day </td> <td> Rolling <br/> admission </td> </tr> <tr> <td> Fall </td> <td> </td> <td> </td> <td> </td> <td> </td> <td> </td> </tr> <tr> <td> Winter </td> <td> </td> <td> </td> <td> </td> <td> </td> <td> </td> </tr> <tr> <td> Spring </td> <td> </td> <td> </td> <td> </td> <td> </td> <td> </td> </tr> <tr> <td> Summer </td> <td> </td> <td> </td> <td> </td> <td> </td> <td> </td> </tr> </table>,137351,../data/cds-docs/2024-2025/137351.pdf,2024-2025
F,1,F1,"Percentages of first-time, first-year degree-seeking students and degree-seeking","[[{0: '', 1: 'First-time, first\ufffe\nyear students', 2: 'Undergraduates'}, {0: 'Percent who are from out of state (exclude international/nonresident\nfrom the numerator and denominator)', 1: '', 2: ''}, {0: 'Percent of men who join fraternities', 1: '', 2: ''}, {0: 'Percent of women who join sororities', 1: '', 2: ''}, {0: 'Percent who live in college-owned, -operated, or -affiliated housing', 1: '', 2: ''}, {0: 'Percent who live off campus or commute', 1: '', 2: ''}, {0: 'Percent of students age 25 and older', 1: '', 2: ''}, {0: 'Average age of full-time students', 1: '', 2: ''}, {0: 'Average age of all students (full- and part-time)', 1: '', 2: ''}]]","<table> <tr> <td> </td> <td> First-time, first￾ <br/> year students </td> <td> Undergraduates </td> </tr> <tr> <td> Percent who are from out of state (exclude international/nonresident <br/> from the numerator and denominator) </td> <td> </td> <td> </td> </tr> <tr> <td> Percent of men who join fraternities </td> <td> </td> <td> </td> </tr> <tr> <td> Percent of women who join sororities </td> <td> </td> <td> </td> </tr> <tr> <td> Percent who live in college-owned, -operated, or -affiliated housing </td> <td> </td> <td> </td> </tr> <tr> <td> Percent who live off campus or commute </td> <td> </td> <td> </td> </tr> <tr> <td> Percent of students age 25 and older </td> <td> </td> <td> </td> </tr> <tr> <td> Average age of full-time students </td> <td> </td> <td> </td> </tr> <tr> <td> Average age of all students (full- and part-time) </td> <td> </td> <td> </td> </tr> </table>",137351,../data/cds-docs/2024-2025/137351.pdf,2024-2025
G,1,G1,"Undergraduate full-time tuition, required fees, food and housing","[[{0: '', 1: 'FIRST-YEAR', 2: 'UNDERGRADUATES'}, {0: 'PRIVATE INSTITUTION', 1: '', 2: ''}, {0: 'Tuition:', 1: '', 2: ''}, {0: 'PUBLIC INSTITUTION', 1: '', 2: ''}, {0: 'Tuition: In-district:', 1: '', 2: ''}, {0: 'Tuition: In-state (out-of-district):', 1: '', 2: ''}, {0: 'Tuition: Out-of-state:', 1: '', 2: ''}, {0: 'Tuition: Non-resident', 1: '', 2: ''}, {0: 'FOR ALL INSTITUTIONS', 1: '', 2: ''}, {0: 'Required Fees', 1: '', 2: ''}, {0: 'Food and Housing (on-campus):', 1: '', 2: ''}, {0: 'Housing Only (on-campus):', 1: '', 2: ''}, {0: 'Food Only (on-campus meal plan):', 1: '', 2: ''}]]",<table> <tr> <td> </td> <td> FIRST-YEAR </td> <td> UNDERGRADUATES </td> </tr> <tr> <td> PRIVATE INSTITUTION </td> <td> </td> <td> </td> </tr> <tr> <td> Tuition: </td> <td> </td> <td> </td> </tr> <tr> <td> PUBLIC INSTITUTION </td> <td> </td> <td> </td> </tr> <tr> <td> Tuition: In-district: </td> <td> </td> <td> </td> </tr> <tr> <td> Tuition: In-state (out-of-district): </td> <td> </td> <td> </td> </tr> <tr> <td> Tuition: Out-of-state: </td> <td> </td> <td> </td> </tr> <tr> <td> Tuition: Non-resident </td> <td> </td> <td> </td> </tr> <tr> <td> FOR ALL INSTITUTIONS </td> <td> </td> <td> </td> </tr> <tr> <td> Required Fees </td> <td> </td> <td> </td> </tr> <tr> <td> Food and Housing (on-campus): </td> <td> </td> <td> </td> </tr> <tr> <td> Housing Only (on-campus): </td> <td> </td> <td> </td> </tr> <tr> <td> Food Only (on-campus meal plan): </td> <td> </td> <td> </td> </tr> </table>,137351,../data/cds-docs/2024-2025/137351.pdf,2024-2025
G,5,G5,Provide the estimated expenses for a typical full-time undergraduate student:,"[[{0: '', 1: 'Residents', 2: 'Commuters\n(living at home)', 3: 'Commuters\n(not home) living at'}, {0: 'Books and supplies:', 1: '', 2: '', 3: ''}, {0: 'Housing only:', 1: 'Not Applicable Not Applicable\nNot Applicable', 2: 'Not Applicable Not Applicable\nNot Applicable', 3: ''}, {0: 'Food only:', 1: 'Not Applicable Not Applicable\nNot Applicable', 2: '', 3: ''}, {0: 'Food and housing total*', 1: 'Not Applicable', 2: 'Not Applicable', 3: ''}, {0: 'Transportation:', 1: '', 2: '', 3: ''}, {0: 'Other expenses:', 1: '', 2: '', 3: ''}]]","<table> <tr> <td> </td> <td> Residents </td> <td> Commuters <br/> (living at home) </td> <td> Commuters <br/> (not home) living at </td> </tr> <tr> <td> Books and supplies: </td> <td> </td> <td> </td> <td> </td> </tr> <tr> <td> Housing only: </td> <td colspan=""2""> Not Applicable Not Applicable <br/> Not Applicable </td> <td> </td> </tr> <tr> <td> Food only: </td> <td> Not Applicable Not Applicable <br/> Not Applicable </td> <td> </td> <td> </td> </tr> <tr> <td> Food and housing total* </td> <td> Not Applicable </td> <td> Not Applicable </td> <td> </td> </tr> <tr> <td> Transportation: </td> <td> </td> <td> </td> <td> </td> </tr> <tr> <td> Other expenses: </td> <td> </td> <td> </td> <td> </td> </tr> </table>",137351,../data/cds-docs/2024-2025/137351.pdf,2024-2025
H,1,H1,Enter total dollar amounts awarded to enrolled full-time and less than full-time degree-seeking,"[[{0: '', 1: 'Need-based\n(Include non-need\ufffe\nbased aid use to\nmeet need.)', 2: 'Non-need-based\n(Exclude non-need\ufffe\nbased aid use to\nmeet need.)'}, {0: 'Scholarships/Grants', 1: '', 2: ''}, {0: 'Federal', 1: '', 2: ''}, {0: 'State all states, not only the state in which your institution\nis located', 1: '', 2: ''}, {0: 'Institutional: Endowed scholarships, annual gifts and\ntuition funded grants, awarded by the college, excluding\nathletic aid and tuition waivers (which are reported below).', 1: '', 2: ''}, {0: 'Scholarships/grants from external sources (e.g.\nKiwanis, National Merit) not awarded by the college', 1: '', 2: ''}, {0: 'Total Scholarships/Grants', 1: '', 2: ''}, {0: 'Self-Help', 1: '', 2: ''}, {0: 'Student loans from all sources (excluding parent loans)', 1: '', 2: ''}, {0: 'Federal Work-Study', 1: '', 2: 'Not Applicable'}, {0: 'State and other (e.g., institutional) work-study/employment\n(Note: Excludes Federal Work-Study captured above.)', 1: '', 2: ''}, {0: 'Total Self-Help', 1: '', 2: ''}, {0: 'Parent Loans', 1: '', 2: ''}]]","<table> <tr> <td> </td> <td> Need-based <br/> (Include non-need￾ <br/> based aid use to <br/> meet need.) </td> <td> Non-need-based <br/> (Exclude non-need￾ <br/> based aid use to <br/> meet need.) </td> </tr> <tr> <td> Scholarships/Grants </td> <td> </td> <td> </td> </tr> <tr> <td> Federal </td> <td> </td> <td> </td> </tr> <tr> <td> State all states, not only the state in which your institution <br/> is located </td> <td> </td> <td> </td> </tr> <tr> <td> Institutional: Endowed scholarships, annual gifts and <br/> tuition funded grants, awarded by the college, excluding <br/> athletic aid and tuition waivers (which are reported below). </td> <td> </td> <td> </td> </tr> <tr> <td> Scholarships/grants from external sources (e.g. <br/> Kiwanis, National Merit) not awarded by the college </td> <td> </td> <td> </td> </tr> <tr> <td> Total Scholarships/Grants </td> <td> </td> <td> </td> </tr> <tr> <td> Self-Help </td> <td> </td> <td> </td> </tr> <tr> <td> Student loans from all sources (excluding parent loans) </td> <td> </td> <td> </td> </tr> <tr> <td> Federal Work-Study </td> <td> </td> <td> Not Applicable </td> </tr> <tr> <td> State and other (e.g., institutional) work-study/employment <br/> (Note: Excludes Federal Work-Study captured above.) </td> <td> </td> <td> </td> </tr> <tr> <td> Total Self-Help </td> <td> </td> <td> </td> </tr> <tr> <td> Parent Loans </td> <td> </td> <td> </td> </tr> </table>",137351,../data/cds-docs/2024-2025/137351.pdf,2024-2025
H,2,H2,Number of Enrolled Students Awarded Aid: List the number of degree-seeking full-time and less-than-full-,"[[{0: '', 1: 'Number of Enrolled Students Awarded Aids', 2: 'Full-time\nFirst-time\nFirst-year', 3: 'Full-time\nUndergrad\n(Incl. Fresh)', 4: 'Less Full-time Than\nUndergrad'}, {0: 'A', 1: 'Number of degree-seeking undergraduate students (CDS\nItem B1 if reporting on Fall 2024 cohort)', 2: '', 3: '', 4: ''}, {0: 'B', 1: 'Number of students in line a who applied for need-based\nfinancial aid', 2: '', 3: '', 4: ''}, {0: 'C', 1: 'Number of students in line b who were determined to have\nfinancial need', 2: '', 3: '', 4: ''}, {0: 'D', 1: 'Number of students in line c who were awarded any financial aid', 2: '', 3: '', 4: ''}, {0: 'E', 1: 'Number of students in line d who were awarded any need-based\nscholarship or grant aid', 2: '', 3: '', 4: ''}, {0: 'F', 1: 'Number of students in line d who were awarded any need-based\nself-help aid', 2: '', 3: '', 4: ''}, {0: 'G', 1: 'Number of students in line d who were awarded any non-need\ufffe\nbased scholarship or grant aid', 2: '', 3: '', 4: ''}, {0: 'H', 1: 'Number of students in line d whose need was fully met (exclude\nPLUS loans, unsubsidized loans, and private alternative loans)', 2: '', 3: '', 4: ''}, {0: 'I', 1: 'On average, the percentage of need that was met of students\nwho were awarded any need-based aid. Exclude any aid that\nwas awarded in excess of need as well as any resources that\nwere awarded to replace EFC (PLUS loans, unsubsidized loans,\nand private alternative loans)', 2: '', 3: '', 4: ''}, {0: 'J', 1: 'The average financial aid package of those in line d. Exclude\nany resources that were awarded to replace EFC (PLUS loans,\nunsubsidized loans, and private alternative loans)', 2: '', 3: '', 4: ''}, {0: 'K', 1: 'Average need-based scholarship or grant award of those in line\ne', 2: '', 3: '', 4: ''}, {0: 'L', 1: 'Average need-based self-help award (excluding PLUS loans,\nunsubsidized loans, and private alternative loans) of those in line\nf', 2: '', 3: '', 4: ''}], [{0: '', 1: 'Number of Enrolled Students Awarded Non-need-based\nScholarships and Grants', 2: 'Full-time\nFirst-time\nFirst-year', 3: 'Full-time\nUndergrad\nFresh) (Incl.', 4: 'Less Full-time Than\nUndergrad'}, {0: 'N', 1: 'Number of students in line a who had no financial need and who\nwere awarded institutional non-need-based scholarship or grant\naid (exclude those who were awarded athletic awards and tuition\nbenefits)', 2: '', 3: '', 4: ''}, {0: 'O', 1: 'Average dollar amount of institutional non-need-based\nscholarship and grant aid awarded to students in line n', 2: '', 3: '', 4: ''}, {0: 'P', 1: 'Number of students in line a who were awarded an institutional\nnon-need-based athletic scholarship or grant', 2: '', 3: '', 4: ''}, {0: 'Q', 1: 'Average dollar amount of institutional non-need-based athletic\nscholarships and grants awarded to students in line p', 2: '', 3: '', 4: ''}]]","<table> <tr> <td> </td> <td> Number of Enrolled Students Awarded Aids </td> <td> Full-time <br/> First-time <br/> First-year </td> <td> Full-time <br/> Undergrad <br/> (Incl. Fresh) </td> <td> Less Full-time Than <br/> Undergrad </td> </tr> <tr> <td> A </td> <td> Number of degree-seeking undergraduate students (CDS <br/> Item B1 if reporting on Fall 2024 cohort) </td> <td> </td> <td> </td> <td> </td> </tr> <tr> <td> B </td> <td> Number of students in line a who applied for need-based <br/> financial aid </td> <td> </td> <td> </td> <td> </td> </tr> <tr> <td> C </td> <td> Number of students in line b who were determined to have <br/> financial need </td> <td> </td> <td> </td> <td> </td> </tr> <tr> <td> D </td> <td> Number of students in line c who were awarded any financial aid </td> <td> </td> <td> </td> <td> </td> </tr> <tr> <td> E </td> <td> Number of students in line d who were awarded any need-based <br/> scholarship or grant aid </td> <td> </td> <td> </td> <td> </td> </tr> <tr> <td> F </td> <td> Number of students in line d who were awarded any need-based <br/> self-help aid </td> <td> </td> <td> </td> <td> </td> </tr> <tr> <td> G </td> <td> Number of students in line d who were awarded any non-need￾ <br/> based scholarship or grant aid </td> <td> </td> <td> </td> <td> </td> </tr> <tr> <td> H </td> <td> Number of students in line d whose need was fully met (exclude <br/> PLUS loans, unsubsidized loans, and private alternative loans) </td> <td> </td> <td> </td> <td> </td> </tr> <tr> <td> I </td> <td> On average, the percentage of need that was met of students <br/> who were awarded any need-based aid. Exclude any aid that <br/> was awarded in excess of need as well as any resources that <br/> were awarded to replace EFC (PLUS loans, unsubsidized loans, <br/> and private alternative loans) </td> <td> </td> <td> </td> <td> </td> </tr> <tr> <td> J </td> <td> The average financial aid package of those in line d. Exclude <br/> any resources that were awarded to replace EFC (PLUS loans, <br/> unsubsidized loans, and private alternative loans) </td> <td> </td> <td> </td> <td> </td> </tr> <tr> <td> K </td> <td> Average need-based scholarship or grant award of those in line <br/> e </td> <td> </td> <td> </td> <td> </td> </tr> <tr> <td> L </td> <td> Average need-based self-help award (excluding PLUS loans, <br/> unsubsidized loans, and private alternative loans) of those in line <br/> f </td> <td> </td> <td> </td> <td> </td> </tr> </table><div class=""separator""></div><table> <tr> <td> </td> <td> Number of Enrolled Students Awarded Non-need-based <br/> Scholarships and Grants </td> <td> Full-time <br/> First-time <br/> First-year </td> <td> Full-time <br/> Undergrad <br/> Fresh) (Incl. </td> <td> Less Full-time Than <br/> Undergrad </td> </tr> <tr> <td> N </td> <td> Number of students in line a who had no financial need and who <br/> were awarded institutional non-need-based scholarship or grant <br/> aid (exclude those who were awarded athletic awards and tuition <br/> benefits) </td> <td> </td> <td> </td> <td> </td> </tr> <tr> <td> O </td> <td> Average dollar amount of institutional non-need-based <br/> scholarship and grant aid awarded to students in line n </td> <td> </td> <td> </td> <td> </td> </tr> <tr> <td> P </td> <td> Number of students in line a who were awarded an institutional <br/> non-need-based athletic scholarship or grant </td> <td> </td> <td> </td> <td> </td> </tr> <tr> <td> Q </td> <td> Average dollar amount of institutional non-need-based athletic <br/> scholarships and grants awarded to students in line p </td> <td> </td> <td> </td> <td> </td> </tr> </table>",137351,../data/cds-docs/2024-2025/137351.pdf,2024-2025
H,5,H5,"Number and percent of students in class (defined in H4 above) borrowing from federal, non-federal,","[[{0: '', 1: 'Source/Type of Loan', 2: 'Number in the\nclass (defined in\nH4 above) who\nborrowed from\nthe types of\nloans specified\nin column the first', 3: 'Percent of the\nclass (defined\nabove) who\nborrowed from\nthe types of\nloans specified\nin column the first\n(nearest 1%)', 4: 'Average per\ufffe\nundergraduate\ufffe\nborrower\ncumulative\nprincipal\nborrowed from the\ntypes of loans\nspecified first in the\ncolumn (nearest'}, {0: 'A', 1: 'Any loan program: Federal Perkins,\nFederal Stafford Subsidized and\nUnsubsidized, institutional, state, private\nloans that your institution is aware of, etc.\nInclude both Federal Direct Student Loans\nand Federal Family Education Loans', 2: '', 3: '', 4: ''}, {0: 'B', 1: 'Federal loan programs: Federal Perkins,\nFederal Stafford Subsidized and\nUnsubsidized. Include both Federal Direct\nStudent Loans and Federal Family\nEducation Loans', 2: '', 3: '', 4: ''}, {0: 'C', 1: 'Institutional loan programs', 2: '', 3: '', 4: ''}, {0: 'D', 1: 'State loan programs', 2: '', 3: '', 4: ''}, {0: 'E', 1: 'Private student loans made by a bank or\nlender', 2: '', 3: '', 4: ''}]]","<table> <tr> <td> </td> <td> Source/Type of Loan </td> <td> Number in the <br/> class (defined in <br/> H4 above) who <br/> borrowed from <br/> the types of <br/> loans specified <br/> in column the first </td> <td> Percent of the <br/> class (defined <br/> above) who <br/> borrowed from <br/> the types of <br/> loans specified <br/> in column the first <br/> (nearest 1%) </td> <td> Average per￾ <br/> undergraduate￾ <br/> borrower <br/> cumulative <br/> principal <br/> borrowed from the <br/> types of loans <br/> specified first in the <br/> column (nearest </td> </tr> <tr> <td> A </td> <td> Any loan program: Federal Perkins, <br/> Federal Stafford Subsidized and <br/> Unsubsidized, institutional, state, private <br/> loans that your institution is aware of, etc. <br/> Include both Federal Direct Student Loans <br/> and Federal Family Education Loans </td> <td> </td> <td> </td> <td> </td> </tr> <tr> <td> B </td> <td> Federal loan programs: Federal Perkins, <br/> Federal Stafford Subsidized and <br/> Unsubsidized. Include both Federal Direct <br/> Student Loans and Federal Family <br/> Education Loans </td> <td> </td> <td> </td> <td> </td> </tr> <tr> <td> C </td> <td> Institutional loan programs </td> <td> </td> <td> </td> <td> </td> </tr> <tr> <td> D </td> <td> State loan programs </td> <td> </td> <td> </td> <td> </td> </tr> <tr> <td> E </td> <td> Private student loans made by a bank or <br/> lender </td> <td> </td> <td> </td> <td> </td> </tr> </table>",137351,../data/cds-docs/2024-2025/137351.pdf,2024-2025
H,14,H14,Check off criteria used in awarding institutional aid. Check all that apply.,"[[{0: '', 1: 'Non-Need Based', 2: 'Need-Based'}, {0: 'Academics', 1: '☐', 2: '☐'}, {0: 'Alumni affiliation', 1: '☐', 2: '☐'}, {0: 'Art', 1: '☐', 2: '☐'}, {0: 'Athletics', 1: '☐', 2: '☐'}, {0: 'Job skills', 1: '☐', 2: '☐'}, {0: 'ROTC', 1: '☐', 2: 'Not Applicable'}, {0: 'Leadership', 1: '☐', 2: '☐'}, {0: 'Music/drama', 1: '☐', 2: '☐'}, {0: 'Religious affiliation', 1: '☐', 2: '☐'}, {0: 'State/district residency', 1: '☐', 2: '☐'}]]",<table> <tr> <td> </td> <td> Non-Need Based </td> <td> Need-Based </td> </tr> <tr> <td> Academics </td> <td> ☐ </td> <td> ☐ </td> </tr> <tr> <td> Alumni affiliation </td> <td> ☐ </td> <td> ☐ </td> </tr> <tr> <td> Art </td> <td> ☐ </td> <td> ☐ </td> </tr> <tr> <td> Athletics </td> <td> ☐ </td> <td> ☐ </td> </tr> <tr> <td> Job skills </td> <td> ☐ </td> <td> ☐ </td> </tr> <tr> <td> ROTC </td> <td> ☐ </td> <td> Not Applicable </td> </tr> <tr> <td> Leadership </td> <td> ☐ </td> <td> ☐ </td> </tr> <tr> <td> Music/drama </td> <td> ☐ </td> <td> ☐ </td> </tr> <tr> <td> Religious affiliation </td> <td> ☐ </td> <td> ☐ </td> </tr> <tr> <td> State/district residency </td> <td> ☐ </td> <td> ☐ </td> </tr> </table>,137351,../data/cds-docs/2024-2025/137351.pdf,2024-2025
B,1,B1,Institutional Enrollment,"[[{0: '', 1: 'Men', 2: 'Men', 3: 'Women', 4: 'Women', 5: 'Another Gender', 6: 'Another Gender'}, {0: '', 1: 'Full Time\nEnrollment', 2: 'Part Time\nEnrollment', 3: 'Full Time\nEnrollment', 4: 'Part Time\nEnrollment', 5: 'Full Time\nEnrollment', 6: 'Part Time\nEnrollment'}, {0: 'UNDERGRADUATE STUDENTS', 1: 'UNDERGRADUATE STUDENTS', 2: 'UNDERGRADUATE STUDENTS', 3: 'UNDERGRADUATE STUDENTS', 4: 'UNDERGRADUATE STUDENTS', 5: 'UNDERGRADUATE STUDENTS', 6: 'UNDERGRADUATE STUDENTS'}, {0: 'Degree-seeking, first-time, first-year\nstudents', 1: '2,290.0', 2: '69.0', 3: '3,386.0', 4: '58.0', 5: '', 6: ''}, {0: 'Other first-year, degree-seeking students', 1: '1,095.0', 2: '379.0', 3: '1,481.0', 4: '454.0', 5: '', 6: ''}, {0: 'All other degree-seeking undergraduate\nstudents', 1: '9,418.0', 2: '2,589.0', 3: '12,334.0', 4: '2,740.0', 5: '', 6: ''}, {0: 'Total degree-seeking undergraduate students', 1: '12,803.0', 2: '3,037.0', 3: '17,201.0', 4: '3,252.0', 5: '0.0', 6: '0.0'}, {0: 'All other undergraduates enrolled in credit\ncourses', 1: '83.0', 2: '305.0', 3: '92.0', 4: '490.0', 5: '', 6: ''}, {0: 'Total Undergraduate Students', 1: '12,886.0', 2: '3,342.0', 3: '17,293.0', 4: '3,742.0', 5: '0.0', 6: '0.0'}, {0: '', 1: '', 2: '', 3: 'degree-seeking', 4: '6,289.0', 5: '', 6: ''}, {0: '', 1: '', 2: '', 3: '', 4: '30,004.0', 5: '', 6: ''}, {0: '', 1: '', 2: '', 3: '', 4: '36,293.0', 5: '', 6: ''}, {0: '', 1: '', 2: '', 3: '', 4: '37,263.0', 5: '', 6: ''}], [{0: '', 1: 'Men', 2: 'Men', 3: 'Women', 4: 'Women', 5: 'Another Gender', 6: 'Another Gender'}, {0: '', 1: 'Full Time\nEnrollment', 2: 'Part Time\nEnrollment', 3: 'Full Time\nEnrollment', 4: 'Part Time\nEnrollment', 5: 'Full Time\nEnrollment', 6: 'Part Time\nEnrollment'}, {0: 'GRADUATE STUDENTS', 1: 'GRADUATE STUDENTS', 2: 'GRADUATE STUDENTS', 3: 'GRADUATE STUDENTS', 4: 'GRADUATE STUDENTS', 5: 'GRADUATE STUDENTS', 6: 'GRADUATE STUDENTS'}, {0: 'Degree-seeking, first-time', 1: '1,100.0', 2: '254.0', 3: '1,605.0', 4: '672.0', 5: '', 6: ''}, {0: 'All other degree-seeking', 1: '1,822.0', 2: '1,024.0', 3: '2,280.0', 4: '2,152.0', 5: '', 6: ''}]]","<table> <tr> <td> </td> <td colspan=""2""> Men </td> <td colspan=""2""> Women </td> <td colspan=""2""> Another Gender </td> </tr> <tr> <td> </td> <td> Full Time <br/> Enrollment </td> <td> Part Time <br/> Enrollment </td> <td> Full Time <br/> Enrollment </td> <td> Part Time <br/> Enrollment </td> <td> Full Time <br/> Enrollment </td> <td> Part Time <br/> Enrollment </td> </tr> <tr> <td colspan=""7""> UNDERGRADUATE STUDENTS </td> </tr> <tr> <td> Degree-seeking, first-time, first-year <br/> students </td> <td> 2,290.0 </td> <td> 69.0 </td> <td> 3,386.0 </td> <td> 58.0 </td> <td> </td> <td> </td> </tr> <tr> <td> Other first-year, degree-seeking students </td> <td> 1,095.0 </td> <td> 379.0 </td> <td> 1,481.0 </td> <td> 454.0 </td> <td> </td> <td> </td> </tr> <tr> <td> All other degree-seeking undergraduate <br/> students </td> <td> 9,418.0 </td> <td> 2,589.0 </td> <td> 12,334.0 </td> <td> 2,740.0 </td> <td> </td> <td> </td> </tr> <tr> <td> Total degree-seeking undergraduate students </td> <td> 12,803.0 </td> <td> 3,037.0 </td> <td> 17,201.0 </td> <td> 3,252.0 </td> <td> 0.0 </td> <td> 0.0 </td> </tr> <tr> <td> All other undergraduates enrolled in credit <br/> courses </td> <td> 83.0 </td> <td> 305.0 </td> <td> 92.0 </td> <td> 490.0 </td> <td> </td> <td> </td> </tr> <tr> <td> Total Undergraduate Students </td> <td> 12,886.0 </td> <td> 3,342.0 </td> <td> 17,293.0 </td> <td> 3,742.0 </td> <td> 0.0 </td> <td> 0.0 </td> </tr> <tr> <td colspan=""3""> </td> <td> degree-seeking </td> <td> 6,289.0 </td> <td> </td> <td> </td> </tr> <tr> <td colspan=""4""> </td> <td> 30,004.0 </td> <td colspan=""2""> </td> </tr> <tr> <td colspan=""4""> </td> <td> 36,293.0 </td> <td colspan=""2""> </td> </tr> <tr> <td colspan=""4""> </td> <td> 37,263.0 </td> <td colspan=""2""> </td> </tr> </table><div class=""separator""></div><table> <tr> <td> </td> <td colspan=""2""> Men </td> <td colspan=""2""> Women </td> <td colspan=""2""> Another Gender </td> </tr> <tr> <td> </td> <td> Full Time <br/> Enrollment </td> <td> Part Time <br/> Enrollment </td> <td> Full Time <br/> Enrollment </td> <td> Part Time <br/> Enrollment </td> <td> Full Time <br/> Enrollment </td> <td> Part Time <br/> Enrollment </td> </tr> <tr> <td colspan=""7""> GRADUATE STUDENTS </td> </tr> <tr> <td> Degree-seeking, first-time </td> <td> 1,100.0 </td> <td> 254.0 </td> <td> 1,605.0 </td> <td> 672.0 </td> <td> </td> <td> </td> </tr> <tr> <td> All other degree-seeking </td> <td> 1,822.0 </td> <td> 1,024.0 </td> <td> 2,280.0 </td> <td> 2,152.0 </td> <td> </td> <td> </td> </tr> </table>",137351,../data/cds-docs/2023-2024/137351.pdf,2023-2024
B,4,B4,- B21. Graduation Rates,"[[{0: '', 1: '2017 COHORT (AY - 7)', 2: '2017 COHORT (AY - 7)', 3: '2017 COHORT (AY - 7)', 4: '2017 COHORT (AY - 7)'}, {0: '2017 cohort if available. If Fall 2017 cohort data are not available,\nprovide data for the Fall 2016 cohort.', 1: 'Recipients\nof a Federal\nPell Grant', 2: 'Recipients of\na Subsidized\nStafford\nLoan, did not who\nreceive a Pell\nGrant', 3: 'Students\nwho did not\nreceive\neither a Pell\nGrant or a\nsubsidized\nStafford\nLoan', 4: 'Total'}, {0: ""A. Initial 2017 cohort of first-time, full-time, bachelor's (or equivalent)\ndegree-seeking undergraduate students"", 1: '1,779.0', 2: '916.0', 3: '2,152.0', 4: '4,847.0'}, {0: 'B. Of the Initial 2017 cohort, how many did not persist and did not\ngraduate for any of the following reasons: (report total allowable\nexclusions)\n- Deceased\n- Armed Forces\n- Official church mission\n- Permanently Disabled\n- Foreign Aid Service of the Federal Government', 1: '1.0', 2: '0.0', 3: '0.0', 4: '1.0'}, {0: 'C. Final 2017 cohort, after adjusting for allowable exclusions', 1: '1,778.0', 2: '916.0', 3: '2,152.0', 4: '4,846.0'}, {0: 'D. Of the initial 2017 cohort, how many completed the program in four\nyears or less (by Aug. 31, 2021)?', 1: '1,115.0', 2: '552.0', 3: '1,368.0', 4: '3,035.0'}, {0: 'E. Of the initial 2017 cohort, how many completed the program in\nmore than four years but in five years or less (after Aug. 31, 2021 and\nby Aug. 31, 2022)?', 1: '144.0', 2: '86.0', 3: '227.0', 4: '457.0'}]]","<table> <tr> <td> </td> <td colspan=""4""> 2017 COHORT (AY - 7) </td> </tr> <tr> <td> 2017 cohort if available. If Fall 2017 cohort data are not available, <br/> provide data for the Fall 2016 cohort. </td> <td> Recipients <br/> of a Federal <br/> Pell Grant </td> <td> Recipients of <br/> a Subsidized <br/> Stafford <br/> Loan, did not who <br/> receive a Pell <br/> Grant </td> <td> Students <br/> who did not <br/> receive <br/> either a Pell <br/> Grant or a <br/> subsidized <br/> Stafford <br/> Loan </td> <td> Total </td> </tr> <tr> <td> A. Initial 2017 cohort of first-time, full-time, bachelor's (or equivalent) <br/> degree-seeking undergraduate students </td> <td> 1,779.0 </td> <td> 916.0 </td> <td> 2,152.0 </td> <td> 4,847.0 </td> </tr> <tr> <td> B. Of the Initial 2017 cohort, how many did not persist and did not <br/> graduate for any of the following reasons: (report total allowable <br/> exclusions) <br/> - Deceased <br/> - Armed Forces <br/> - Official church mission <br/> - Permanently Disabled <br/> - Foreign Aid Service of the Federal Government </td> <td> 1.0 </td> <td> 0.0 </td> <td> 0.0 </td> <td> 1.0 </td> </tr> <tr> <td> C. Final 2017 cohort, after adjusting for allowable exclusions </td> <td> 1,778.0 </td> <td> 916.0 </td> <td> 2,152.0 </td> <td> 4,846.0 </td> </tr> <tr> <td> D. Of the initial 2017 cohort, how many completed the program in four <br/> years or less (by Aug. 31, 2021)? </td> <td> 1,115.0 </td> <td> 552.0 </td> <td> 1,368.0 </td> <td> 3,035.0 </td> </tr> <tr> <td> E. Of the initial 2017 cohort, how many completed the program in <br/> more than four years but in five years or less (after Aug. 31, 2021 and <br/> by Aug. 31, 2022)? </td> <td> 144.0 </td> <td> 86.0 </td> <td> 227.0 </td> <td> 457.0 </td> </tr> </table>",137351,../data/cds-docs/2023-2024/137351.pdf,2023-2024
C,1,C1,"Applications: First-time, First-year Students","[[{0: '', 1: 'In-State', 2: 'Out-of-State', 3: 'International', 4: 'Total'}, {0: 'Total first-time, first-year (degree seeking) who applied', 1: '19,418.0', 2: '38,630.0', 3: '7,139.0', 4: '65,187.0'}, {0: 'Total first-time, first-year (degree seeking) who were admitted', 1: '12,465.0', 2: '12,288.0', 3: '1,946.0', 4: '26,699.0'}, {0: 'Total first-time, first-year (degree seeking) enrolled', 1: '4,784.0', 2: '716.0', 3: '303.0', 4: '5,803.0'}]]","<table> <tr> <td> </td> <td> In-State </td> <td> Out-of-State </td> <td> International </td> <td> Total </td> </tr> <tr> <td> Total first-time, first-year (degree seeking) who applied </td> <td> 19,418.0 </td> <td> 38,630.0 </td> <td> 7,139.0 </td> <td> 65,187.0 </td> </tr> <tr> <td> Total first-time, first-year (degree seeking) who were admitted </td> <td> 12,465.0 </td> <td> 12,288.0 </td> <td> 1,946.0 </td> <td> 26,699.0 </td> </tr> <tr> <td> Total first-time, first-year (degree seeking) enrolled </td> <td> 4,784.0 </td> <td> 716.0 </td> <td> 303.0 </td> <td> 5,803.0 </td> </tr> </table>",137351,../data/cds-docs/2023-2024/137351.pdf,2023-2024
C,5,C5,Admission Requirements: High School Units Required/Recommended,"[[{0: '', 1: 'Required Units', 2: 'Units\nRecommended'}, {0: 'Total Academic Units', 1: '', 2: ''}, {0: 'English', 1: '4.0', 2: '4.0'}, {0: 'Mathematics', 1: '4.0', 2: '4.0'}, {0: 'Science', 1: '3.0', 2: '4.0'}, {0: 'of Science Units, how many units must be lab', 1: '2.0', 2: '2.0'}, {0: 'Foreign language', 1: '2.0', 2: '2.0'}, {0: 'Social Studies', 1: '3.0', 2: '2.0'}, {0: 'History', 1: '', 2: ''}, {0: 'Computer Science', 1: '', 2: ''}, {0: 'Visual/Performing Arts', 1: '', 2: ''}, {0: 'Academic Electives', 1: '2.0', 2: '2.0'}]]","<table> <tr> <td> </td> <td> Required Units </td> <td> Units <br/> Recommended </td> </tr> <tr> <td> Total Academic Units </td> <td> </td> <td> </td> </tr> <tr> <td> English </td> <td> 4.0 </td> <td> 4.0 </td> </tr> <tr> <td> Mathematics </td> <td> 4.0 </td> <td> 4.0 </td> </tr> <tr> <td> Science </td> <td> 3.0 </td> <td> 4.0 </td> </tr> <tr> <td> of Science Units, how many units must be lab </td> <td> 2.0 </td> <td> 2.0 </td> </tr> <tr> <td> Foreign language </td> <td> 2.0 </td> <td> 2.0 </td> </tr> <tr> <td> Social Studies </td> <td> 3.0 </td> <td> 2.0 </td> </tr> <tr> <td> History </td> <td> </td> <td> </td> </tr> <tr> <td> Computer Science </td> <td> </td> <td> </td> </tr> <tr> <td> Visual/Performing Arts </td> <td> </td> <td> </td> </tr> <tr> <td> Academic Electives </td> <td> 2.0 </td> <td> 2.0 </td> </tr> </table>",137351,../data/cds-docs/2023-2024/137351.pdf,2023-2024
C,9,C9,"First-time, first-year profile: National standardized test scores (SAT/ACT)","[[{0: '75%', 1: '4,362'}, {0: '25%', 1: '1,441'}], [{0: '580', 1: '620', 2: '670'}, {0: '560', 1: '610', 2: '660'}, {0: '24', 1: '26', 2: '29'}, {0: '21', 1: '24', 2: '27'}, {0: '23', 1: '25', 2: '29'}, {0: '25', 1: '29', 2: '32'}, {0: '23', 1: '25', 2: '28'}], [{0: 'SAT Evidence\ufffe\nBased Reading\nand Writing', 1: 'SAT Math'}, {0: '13%', 1: '15%'}, {0: '54%', 1: '41%'}, {0: '31%', 1: '41%'}, {0: '2%', 1: '3%'}, {0: '1%', 1: '0%'}, {0: '0%', 1: '0%'}, {0: '100%', 1: '100%'}], [{0: 'ACT English', 1: 'ACT Math', 2: 'ACT Reading', 3: 'ACT Science'}, {0: '24%', 1: '10%', 2: '44%', 3: '18%'}, {0: '44%', 1: '49%', 2: '38%', 3: '53%'}, {0: '29%', 1: '34%', 2: '16%', 3: '28%'}, {0: '3%', 1: '8%', 2: '1%', 3: '2%'}, {0: '0%', 1: '0%', 2: '0%', 3: '0%'}, {0: '0%', 1: '0%', 2: '0%', 3: '0%'}]]","<table> <tr> <td> 75% </td> <td> 4,362 </td> </tr> <tr> <td> 25% </td> <td> 1,441 </td> </tr> </table><div class=""separator""></div><table> <tr> <td> 580 </td> <td> 620 </td> <td> 670 </td> </tr> <tr> <td> 560 </td> <td> 610 </td> <td> 660 </td> </tr> <tr> <td> 24 </td> <td> 26 </td> <td> 29 </td> </tr> <tr> <td> 21 </td> <td> 24 </td> <td> 27 </td> </tr> <tr> <td> 23 </td> <td> 25 </td> <td> 29 </td> </tr> <tr> <td> 25 </td> <td> 29 </td> <td> 32 </td> </tr> <tr> <td> 23 </td> <td> 25 </td> <td> 28 </td> </tr> </table><div class=""separator""></div><table> <tr> <td> SAT Evidence￾ <br/> Based Reading <br/> and Writing </td> <td> SAT Math </td> </tr> <tr> <td> 13% </td> <td> 15% </td> </tr> <tr> <td> 54% </td> <td> 41% </td> </tr> <tr> <td> 31% </td> <td> 41% </td> </tr> <tr> <td> 2% </td> <td> 3% </td> </tr> <tr> <td> 1% </td> <td> 0% </td> </tr> <tr> <td> 0% </td> <td> 0% </td> </tr> <tr> <td> 100% </td> <td> 100% </td> </tr> </table><div class=""separator""></div><table> <tr> <td> ACT English </td> <td> ACT Math </td> <td> ACT Reading </td> <td> ACT Science </td> </tr> <tr> <td> 24% </td> <td> 10% </td> <td> 44% </td> <td> 18% </td> </tr> <tr> <td> 44% </td> <td> 49% </td> <td> 38% </td> <td> 53% </td> </tr> <tr> <td> 29% </td> <td> 34% </td> <td> 16% </td> <td> 28% </td> </tr> <tr> <td> 3% </td> <td> 8% </td> <td> 1% </td> <td> 2% </td> </tr> <tr> <td> 0% </td> <td> 0% </td> <td> 0% </td> <td> 0% </td> </tr> <tr> <td> 0% </td> <td> 0% </td> <td> 0% </td> <td> 0% </td> </tr> </table>",137351,../data/cds-docs/2023-2024/137351.pdf,2023-2024
D,2,D2,Fall Applicants: Student Counts,"[[{0: '6021', 1: '3259', 2: '1819'}, {0: '8319', 1: '4889', 2: '2500'}, {0: '2', 1: '0', 2: '0'}, {0: '14342', 1: '8148', 2: '4319'}]]",<table> <tr> <td> 6021 </td> <td> 3259 </td> <td> 1819 </td> </tr> <tr> <td> 8319 </td> <td> 4889 </td> <td> 2500 </td> </tr> <tr> <td> 2 </td> <td> 0 </td> <td> 0 </td> </tr> <tr> <td> 14342 </td> <td> 8148 </td> <td> 4319 </td> </tr> </table>,137351,../data/cds-docs/2023-2024/137351.pdf,2023-2024
F,1,F1,"First-time, first-year degree-seeking students and undergraduates enrolled","[[{0: 'First-time,\nFirst-year Students', 1: 'Undergraduates'}, {0: '15%', 1: '13%'}, {0: '4%', 1: '6%'}, {0: '6%', 1: '7%'}, {0: '59%', 1: '20%'}, {0: '41%', 1: '80%'}, {0: '0%', 1: '11%'}, {0: '18', 1: '21'}, {0: '18', 1: '22'}]]","<table> <tr> <td> First-time, <br/> First-year Students </td> <td> Undergraduates </td> </tr> <tr> <td> 15% </td> <td> 13% </td> </tr> <tr> <td> 4% </td> <td> 6% </td> </tr> <tr> <td> 6% </td> <td> 7% </td> </tr> <tr> <td> 59% </td> <td> 20% </td> </tr> <tr> <td> 41% </td> <td> 80% </td> </tr> <tr> <td> 0% </td> <td> 11% </td> </tr> <tr> <td> 18 </td> <td> 21 </td> </tr> <tr> <td> 18 </td> <td> 22 </td> </tr> </table>",137351,../data/cds-docs/2023-2024/137351.pdf,2023-2024
G,5,G5,Estimated Expenses for Typical Full-Time Undergraduates,"[[{0: '$770.00 $770.00', 1: '$770.00 $770.00', 2: '$770.00'}, {0: '', 1: '', 2: '$7,392.00'}, {0: '', 1: '', 2: '$4,778.00'}, {0: '$2,100.00', 1: '$2,100.00', 2: '$2,100.00'}, {0: '$2,750.00', 1: '$2,750.00', 2: '$2,750.00'}]]","<table> <tr> <td colspan=""2""> $770.00 $770.00 </td> <td> $770.00 </td> </tr> <tr> <td rowspan=""2""> </td> <td rowspan=""2""> </td> <td> $7,392.00 </td> </tr> <tr> <td> $4,778.00 </td> </tr> <tr> <td> $2,100.00 </td> <td> $2,100.00 </td> <td> $2,100.00 </td> </tr> <tr> <td> $2,750.00 </td> <td> $2,750.00 </td> <td> $2,750.00 </td> </tr> </table>",137351,../data/cds-docs/2023-2024/137351.pdf,2023-2024
H,2,H2,Number of Enrolled Students Awarded Aid,"[[{0: '', 1: 'Full-Time, First-Time,\nFirst-Year', 2: 'Full-Time Undergrad.\n(Include Freshman)', 3: 'Less Than Full\ufffe\nTime Undergrad.'}, {0: 'A. Number of degree-seeking undergraduate\nstudents (CDS Item B1 if reporting on Fall 2023\ncohort)', 1: '6653', 2: '29706', 3: '7053'}]]","<table> <tr> <td> </td> <td> Full-Time, First-Time, <br/> First-Year </td> <td> Full-Time Undergrad. <br/> (Include Freshman) </td> <td> Less Than Full￾ <br/> Time Undergrad. </td> </tr> <tr> <td> A. Number of degree-seeking undergraduate <br/> students (CDS Item B1 if reporting on Fall 2023 <br/> cohort) </td> <td> 6653 </td> <td> 29706 </td> <td> 7053 </td> </tr> </table>",137351,../data/cds-docs/2023-2024/137351.pdf,2023-2024
I,1,I1,Instructional Faculty by Category,"[[{0: '', 1: 'Full-Time', 2: 'Part-Time'}, {0: 'A. Instructional faculty in preclinical and clinical medicine, faculty who are not paid\n(e.g., those who donate their services or are in the military), or research-only\nfaculty, post-doctoral fellows, or pre-doctoral fellows', 1: 'Exclude', 2: 'Include only if they teach\none or more non-clinical\ncredit courses'}, {0: 'B. Administrative officers with titles such as dean of students, librarian, registrar,\ncoach, and the like, even though they may devote part of their time to classroom\ninstruction and may have faculty status', 1: 'Exclude', 2: 'Include only if they teach\none or more non-clinical\ncredit courses'}, {0: 'C. Other administrators/staff who teach one or more non-clinical credit courses\neven though they do not have faculty status', 1: 'Exclude', 2: 'Include'}, {0: 'D. Undergraduate or graduate students who assist in the instruction of courses,\nbut have titles such as teaching assistant, teaching fellow, and the like', 1: 'Exclude', 2: 'Exclude'}, {0: 'E. Faculty on sabbatical or leave with pay', 1: 'Include', 2: 'Exclude'}, {0: 'F. Faculty on leave without pay', 1: 'Exclude', 2: 'Exclude'}, {0: 'G. Replacement faculty for faculty on sabbatical leave or leave with pay', 1: 'Exclude', 2: 'Include'}], [{0: '', 1: 'Full-Time', 2: 'Part-Time', 3: 'Total'}, {0: 'A. Total number of instructional faculty', 1: '1486', 2: '972', 3: '2458'}, {0: 'B. Total number who are members of minority groups', 1: '529', 2: '326', 3: '855'}, {0: 'C. Total number who are women', 1: '704', 2: '556', 3: '1260'}, {0: 'D. Total number who are men', 1: '782', 2: '416', 3: '1198'}, {0: 'E. Total number who are international (non-residents)', 1: '100', 2: '34', 3: '134'}, {0: 'F. Total number with docorate, or other terminal degrees', 1: '1243', 2: '359', 3: '1602'}, {0: ""G. Total number whose highest degree is a master's degree but not a terminal\nmaster's"", 1: '185', 2: '315', 3: '500'}, {0: ""H. Total number whose highest degree is a bachelor's"", 1: '12', 2: '25', 3: '37'}]]","<table> <tr> <td> </td> <td> Full-Time </td> <td> Part-Time </td> </tr> <tr> <td> A. Instructional faculty in preclinical and clinical medicine, faculty who are not paid <br/> (e.g., those who donate their services or are in the military), or research-only <br/> faculty, post-doctoral fellows, or pre-doctoral fellows </td> <td> Exclude </td> <td> Include only if they teach <br/> one or more non-clinical <br/> credit courses </td> </tr> <tr> <td> B. Administrative officers with titles such as dean of students, librarian, registrar, <br/> coach, and the like, even though they may devote part of their time to classroom <br/> instruction and may have faculty status </td> <td> Exclude </td> <td> Include only if they teach <br/> one or more non-clinical <br/> credit courses </td> </tr> <tr> <td> C. Other administrators/staff who teach one or more non-clinical credit courses <br/> even though they do not have faculty status </td> <td> Exclude </td> <td> Include </td> </tr> <tr> <td> D. Undergraduate or graduate students who assist in the instruction of courses, <br/> but have titles such as teaching assistant, teaching fellow, and the like </td> <td> Exclude </td> <td> Exclude </td> </tr> <tr> <td> E. Faculty on sabbatical or leave with pay </td> <td> Include </td> <td> Exclude </td> </tr> <tr> <td> F. Faculty on leave without pay </td> <td> Exclude </td> <td> Exclude </td> </tr> <tr> <td> G. Replacement faculty for faculty on sabbatical leave or leave with pay </td> <td> Exclude </td> <td> Include </td> </tr> </table><div class=""separator""></div><table> <tr> <td> </td> <td> Full-Time </td> <td> Part-Time </td> <td> Total </td> </tr> <tr> <td> A. Total number of instructional faculty </td> <td> 1486 </td> <td> 972 </td> <td> 2458 </td> </tr> <tr> <td> B. Total number who are members of minority groups </td> <td> 529 </td> <td> 326 </td> <td> 855 </td> </tr> <tr> <td> C. Total number who are women </td> <td> 704 </td> <td> 556 </td> <td> 1260 </td> </tr> <tr> <td> D. Total number who are men </td> <td> 782 </td> <td> 416 </td> <td> 1198 </td> </tr> <tr> <td> E. Total number who are international (non-residents) </td> <td> 100 </td> <td> 34 </td> <td> 134 </td> </tr> <tr> <td> F. Total number with docorate, or other terminal degrees </td> <td> 1243 </td> <td> 359 </td> <td> 1602 </td> </tr> <tr> <td> G. Total number whose highest degree is a master's degree but not a terminal <br/> master's </td> <td> 185 </td> <td> 315 </td> <td> 500 </td> </tr> <tr> <td> H. Total number whose highest degree is a bachelor's </td> <td> 12 </td> <td> 25 </td> <td> 37 </td> </tr> </table>",137351,../data/cds-docs/2023-2024/137351.pdf,2023-2024
B,1,B1,Institutional Enrollment - Men and Women,"[[{0: '', 1: 'FULL-TIME', 2: 'FULL-TIME', 3: 'FULL-TIME', 4: 'PART-TIME', 5: 'PART-TIME', 6: 'PART-TIME'}, {0: '', 1: 'Men\nWomen Another Gender', 2: 'Men\nWomen Another Gender', 3: 'Men\nWomen Another Gender', 4: 'Men\nWomen Another Gender', 5: 'Men\nWomen Another Gender', 6: 'Men\nWomen Another Gender'}, {0: 'Undergraduates', 1: 'Undergraduates', 2: 'Undergraduates', 3: 'Undergraduates', 4: 'Undergraduates', 5: 'Undergraduates', 6: 'Undergraduates'}, {0: 'Degree-seeking, first-time, first\ufffe\nyear', 1: '2750', 2: '3,877', 3: '', 4: '86', 5: '60', 6: ''}, {0: 'Other first-year, degree-seeking', 1: '370', 2: '295', 3: '', 4: '75', 5: '53', 6: ''}, {0: 'All other degree-seeking', 1: '9,551', 2: '12,839', 3: '', 4: '3,096', 5: '3,713', 6: ''}, {0: 'Total degree-seeking', 1: '12,671', 2: '17,011', 3: '0', 4: '3,257', 5: '3,826', 6: '0'}, {0: 'All other undergraduates enrolled\nin credit courses', 1: '207', 2: '209', 3: '', 4: '343', 5: '522', 6: ''}, {0: 'Total undergraduates', 1: '12,878', 2: '17,220', 3: '0', 4: '3,600', 5: '4,348', 6: '0'}, {0: 'Graduate', 1: 'Graduate', 2: 'Graduate', 3: 'Graduate', 4: 'Graduate', 5: 'Graduate', 6: 'Graduate'}, {0: 'Degree-seeking, first-time', 1: '760', 2: '1100', 3: '', 4: '175', 5: '447', 6: ''}, {0: 'All other degree-seeking', 1: '2124', 2: '2742', 3: '', 4: '1302', 5: '2478', 6: ''}, {0: 'All other graduates enrolled in\ncredit courses', 1: '47', 2: '56', 3: '', 4: '115', 5: '201', 6: ''}, {0: 'Total graduate', 1: '2931', 2: '3898', 3: '0', 4: '1592', 5: '3126', 6: '0'}, {0: 'Total all students', 1: '15,809', 2: '21,118', 3: '0', 4: '5,192', 5: '7,474', 6: '0'}]]","<table> <tr> <td rowspan=""2""> </td> <td colspan=""3""> FULL-TIME </td> <td colspan=""3""> PART-TIME </td> </tr> <tr> <td colspan=""3""> Men <br/> Women Another Gender </td> <td colspan=""3""> Men <br/> Women Another Gender </td> </tr> <tr> <td colspan=""7""> Undergraduates </td> </tr> <tr> <td> Degree-seeking, first-time, first￾ <br/> year </td> <td> 2750 </td> <td> 3,877 </td> <td> </td> <td> 86 </td> <td> 60 </td> <td> </td> </tr> <tr> <td> Other first-year, degree-seeking </td> <td> 370 </td> <td> 295 </td> <td> </td> <td> 75 </td> <td> 53 </td> <td> </td> </tr> <tr> <td> All other degree-seeking </td> <td> 9,551 </td> <td> 12,839 </td> <td> </td> <td> 3,096 </td> <td> 3,713 </td> <td> </td> </tr> <tr> <td> Total degree-seeking </td> <td> 12,671 </td> <td> 17,011 </td> <td> 0 </td> <td> 3,257 </td> <td> 3,826 </td> <td> 0 </td> </tr> <tr> <td> All other undergraduates enrolled <br/> in credit courses </td> <td> 207 </td> <td> 209 </td> <td> </td> <td> 343 </td> <td> 522 </td> <td> </td> </tr> <tr> <td> Total undergraduates </td> <td> 12,878 </td> <td> 17,220 </td> <td> 0 </td> <td> 3,600 </td> <td> 4,348 </td> <td> 0 </td> </tr> <tr> <td colspan=""7""> Graduate </td> </tr> <tr> <td> Degree-seeking, first-time </td> <td> 760 </td> <td> 1100 </td> <td> </td> <td> 175 </td> <td> 447 </td> <td> </td> </tr> <tr> <td> All other degree-seeking </td> <td> 2124 </td> <td> 2742 </td> <td> </td> <td> 1302 </td> <td> 2478 </td> <td> </td> </tr> <tr> <td> All other graduates enrolled in <br/> credit courses </td> <td> 47 </td> <td> 56 </td> <td> </td> <td> 115 </td> <td> 201 </td> <td> </td> </tr> <tr> <td> Total graduate </td> <td> 2931 </td> <td> 3898 </td> <td> 0 </td> <td> 1592 </td> <td> 3126 </td> <td> 0 </td> </tr> <tr> <td> Total all students </td> <td> 15,809 </td> <td> 21,118 </td> <td> 0 </td> <td> 5,192 </td> <td> 7,474 </td> <td> 0 </td> </tr> </table>",137351,../data/cds-docs/2022-2023/137351.pdf,2022-2023
B,2,B2,Enrollment by Racial/Ethnic Category.,"[[{0: '', 1: 'Degree-Seeking\nFirst-Time\nFirst Year', 2: 'Degree-Seeking\nUndergraduates (include\nfirst-time first-year)', 3: 'Total\nUndergraduates (both\ndegree & non-degree\ufffe\nseeking)'}, {0: 'Nonresidents', 1: '720', 2: '3,041', 3: '3,315'}, {0: 'Hispanic/Latino', 1: '1,449', 2: '8,212', 3: '8,406'}, {0: 'Black or African American, non-Hispanic', 1: '398', 2: '2,949', 3: '3,040'}, {0: 'White, non-Hispanic', 1: '3,071', 2: '16,729', 3: '17,268'}, {0: 'American Indian or Alaska Native, non-Hispanic', 1: '9', 2: '55', 3: '56'}, {0: 'Asian, non-Hispanic', 1: '659', 2: '3,055', 3: '3,137'}, {0: 'Native Hawaiian or other Pacific Islander, non-Hispanic', 1: '7', 2: '37', 3: '39'}, {0: 'Two or more races, non-Hispanic', 1: '289', 2: '1,554', 3: '1,603'}, {0: 'Race and/or ethnicity unknown', 1: '171', 2: '1,133', 3: '1,182'}, {0: 'TOTAL', 1: '6,773', 2: '36,765', 3: '38,046'}]]","<table> <tr> <td> </td> <td> Degree-Seeking <br/> First-Time <br/> First Year </td> <td> Degree-Seeking <br/> Undergraduates (include <br/> first-time first-year) </td> <td> Total <br/> Undergraduates (both <br/> degree &amp; non-degree￾ <br/> seeking) </td> </tr> <tr> <td> Nonresidents </td> <td> 720 </td> <td> 3,041 </td> <td> 3,315 </td> </tr> <tr> <td> Hispanic/Latino </td> <td> 1,449 </td> <td> 8,212 </td> <td> 8,406 </td> </tr> <tr> <td> Black or African American, non-Hispanic </td> <td> 398 </td> <td> 2,949 </td> <td> 3,040 </td> </tr> <tr> <td> White, non-Hispanic </td> <td> 3,071 </td> <td> 16,729 </td> <td> 17,268 </td> </tr> <tr> <td> American Indian or Alaska Native, non-Hispanic </td> <td> 9 </td> <td> 55 </td> <td> 56 </td> </tr> <tr> <td> Asian, non-Hispanic </td> <td> 659 </td> <td> 3,055 </td> <td> 3,137 </td> </tr> <tr> <td> Native Hawaiian or other Pacific Islander, non-Hispanic </td> <td> 7 </td> <td> 37 </td> <td> 39 </td> </tr> <tr> <td> Two or more races, non-Hispanic </td> <td> 289 </td> <td> 1,554 </td> <td> 1,603 </td> </tr> <tr> <td> Race and/or ethnicity unknown </td> <td> 171 </td> <td> 1,133 </td> <td> 1,182 </td> </tr> <tr> <td> TOTAL </td> <td> 6,773 </td> <td> 36,765 </td> <td> 38,046 </td> </tr> </table>",137351,../data/cds-docs/2022-2023/137351.pdf,2022-2023
B,4,B4,-B21: Graduation Rates,"[[{0: '', 1: 'Recipients of a\nFederal Pell\nGrant', 2: 'Recipients of a\nSubsidized\nStafford Loan\nwho did not\nreceive a Pell\nGrant', 3: 'Students who did not\nreceive either a Pell\nGrant or a subsidized\nStafford Loan', 4: 'Total\n(sum of 3 columns to the\nleft)'}, {0: ""Initial 2016 cohort of first-time, full\ufffe\ntime, bachelor's (or equivalent)\ndegree-seeking undergraduate\nstudents"", 1: '1661', 2: '1022', 3: '2054', 4: '4737'}, {0: 'Of the initial 2016 cohort, how many\ndid not persist and did not graduate\nfor the following reasons:\n• Deceased\n• Permanently Disabled\n• Armed Forces\n• Foreign Aid Service of the Federal\nGovernment\n• Official church missions\n• Report Total Allowable Exclusions', 1: '7', 2: '2', 3: '7', 4: '16'}, {0: 'Final 2016 cohort, after adjusting for\nallowable exclusions', 1: '1654', 2: '1020', 3: '2047', 4: '4721'}, {0: 'Of the initial 2015 cohort, how many\ncompleted the program in four years\nor less (by Aug. 31, 2020)', 1: '1011', 2: '577', 3: '1286', 4: '2874'}, {0: 'Of the initial 2016 cohort, how many\ncompleted the program in more than\nfour years but in five years or less\n(after Aug. 31, 2020 and by Aug. 31,\n2021)', 1: '163', 2: '93', 3: '239', 4: '495'}, {0: 'Of the initial 2016 cohort, how many\ncompleted the program in more than\nfive years but in six years or less\n(after Aug. 31, 2021 and by Aug. 31,\n2022)', 1: '42', 2: '28', 3: '60', 4: '130'}]]","<table> <tr> <td> </td> <td> Recipients of a <br/> Federal Pell <br/> Grant </td> <td> Recipients of a <br/> Subsidized <br/> Stafford Loan <br/> who did not <br/> receive a Pell <br/> Grant </td> <td> Students who did not <br/> receive either a Pell <br/> Grant or a subsidized <br/> Stafford Loan </td> <td> Total <br/> (sum of 3 columns to the <br/> left) </td> </tr> <tr> <td> Initial 2016 cohort of first-time, full￾ <br/> time, bachelor's (or equivalent) <br/> degree-seeking undergraduate <br/> students </td> <td> 1661 </td> <td> 1022 </td> <td> 2054 </td> <td> 4737 </td> </tr> <tr> <td> Of the initial 2016 cohort, how many <br/> did not persist and did not graduate <br/> for the following reasons: <br/> • Deceased <br/> • Permanently Disabled <br/> • Armed Forces <br/> • Foreign Aid Service of the Federal <br/> Government <br/> • Official church missions <br/> • Report Total Allowable Exclusions </td> <td> 7 </td> <td> 2 </td> <td> 7 </td> <td> 16 </td> </tr> <tr> <td> Final 2016 cohort, after adjusting for <br/> allowable exclusions </td> <td> 1654 </td> <td> 1020 </td> <td> 2047 </td> <td> 4721 </td> </tr> <tr> <td> Of the initial 2015 cohort, how many <br/> completed the program in four years <br/> or less (by Aug. 31, 2020) </td> <td> 1011 </td> <td> 577 </td> <td> 1286 </td> <td> 2874 </td> </tr> <tr> <td> Of the initial 2016 cohort, how many <br/> completed the program in more than <br/> four years but in five years or less <br/> (after Aug. 31, 2020 and by Aug. 31, <br/> 2021) </td> <td> 163 </td> <td> 93 </td> <td> 239 </td> <td> 495 </td> </tr> <tr> <td> Of the initial 2016 cohort, how many <br/> completed the program in more than <br/> five years but in six years or less <br/> (after Aug. 31, 2021 and by Aug. 31, <br/> 2022) </td> <td> 42 </td> <td> 28 </td> <td> 60 </td> <td> 130 </td> </tr> </table>",137351,../data/cds-docs/2022-2023/137351.pdf,2022-2023
C,1,C1,"First-time, first-year students: Provide the number of degree-seeking, first-time, first-year students who","[[{0: 'Total first-time, first-year men who applied', 1: '26,545'}, {0: 'Total first-time, first-year women who applied', 1: '39,022'}, {0: 'Total first-time, first-year of another gender who applied', 1: ''}], [{0: 'Total first-time, first-year men who were admitted', 1: '11,667'}, {0: 'Total first-time, first-year women who were admitted', 1: '17,144'}, {0: 'Total first-time, first-year of another gender who were admitted', 1: ''}], [{0: 'Total full-time, first-time, first-year men who enrolled', 1: '2750'}, {0: 'Total part-time, first-time, first-year men who enrolled', 1: '86'}], [{0: 'Total full-time, first-time, first-year women who enrolled', 1: '3877'}, {0: 'Total part-time, first-time, first-year women who enrolled', 1: '60'}], [{0: 'Total first-time, first-year (degree-seeking) who applied', 1: '65,567'}, {0: 'Total first-time, first-year (degree-seeking) who were admitted', 1: '28,811'}, {0: 'Total first-time, first-year (degree-seeking) enrolled', 1: '6773'}]]","<table> <tr> <td> Total first-time, first-year men who applied </td> <td> 26,545 </td> </tr> <tr> <td> Total first-time, first-year women who applied </td> <td> 39,022 </td> </tr> <tr> <td> Total first-time, first-year of another gender who applied </td> <td> </td> </tr> </table><div class=""separator""></div><table> <tr> <td> Total first-time, first-year men who were admitted </td> <td> 11,667 </td> </tr> <tr> <td> Total first-time, first-year women who were admitted </td> <td> 17,144 </td> </tr> <tr> <td> Total first-time, first-year of another gender who were admitted </td> <td> </td> </tr> </table><div class=""separator""></div><table> <tr> <td> Total full-time, first-time, first-year men who enrolled </td> <td> 2750 </td> </tr> <tr> <td> Total part-time, first-time, first-year men who enrolled </td> <td> 86 </td> </tr> </table><div class=""separator""></div><table> <tr> <td> Total full-time, first-time, first-year women who enrolled </td> <td> 3877 </td> </tr> <tr> <td> Total part-time, first-time, first-year women who enrolled </td> <td> 60 </td> </tr> </table><div class=""separator""></div><table> <tr> <td> Total first-time, first-year (degree-seeking) who applied </td> <td> 65,567 </td> </tr> <tr> <td> Total first-time, first-year (degree-seeking) who were admitted </td> <td> 28,811 </td> </tr> <tr> <td> Total first-time, first-year (degree-seeking) enrolled </td> <td> 6773 </td> </tr> </table>",137351,../data/cds-docs/2022-2023/137351.pdf,2022-2023
C,2,C2,"First-time, first-year wait-listed students","[[{0: 'WAITING LIST', 1: 'TOTAL'}, {0: 'Number of qualified applicants offered a place on waiting list:', 1: ''}, {0: 'Number accepting a place on the waiting list:', 1: ''}, {0: 'Number of wait-listed students admitted:', 1: ''}]]",<table> <tr> <td> WAITING LIST </td> <td> TOTAL </td> </tr> <tr> <td> Number of qualified applicants offered a place on waiting list: </td> <td> </td> </tr> <tr> <td> Number accepting a place on the waiting list: </td> <td> </td> </tr> <tr> <td> Number of wait-listed students admitted: </td> <td> </td> </tr> </table>,137351,../data/cds-docs/2022-2023/137351.pdf,2022-2023
C,5,C5,Distribution of high school units required and/or recommended. Specify the distribution of academic high,"[[{0: '', 1: 'Required', 2: 'Recommended'}, {0: 'Total academic units', 1: '', 2: ''}, {0: 'English', 1: '4', 2: '4'}, {0: 'Mathematics', 1: '4', 2: '4'}, {0: 'Science', 1: '3', 2: '4'}, {0: 'Of these, units that must be\nlab', 1: '2', 2: '2'}, {0: 'Foreign language', 1: '2', 2: '2'}, {0: 'Social studies', 1: '3', 2: '3'}, {0: 'History', 1: '', 2: ''}, {0: 'Academic electives', 1: '2', 2: '2'}, {0: 'Computer Science', 1: '', 2: ''}, {0: 'Visual/Performing Arts', 1: '', 2: ''}, {0: 'Other (specify)', 1: '', 2: ''}]]","<table> <tr> <td> </td> <td> Required </td> <td> Recommended </td> </tr> <tr> <td> Total academic units </td> <td> </td> <td> </td> </tr> <tr> <td> English </td> <td> 4 </td> <td> 4 </td> </tr> <tr> <td> Mathematics </td> <td> 4 </td> <td> 4 </td> </tr> <tr> <td> Science </td> <td> 3 </td> <td> 4 </td> </tr> <tr> <td> Of these, units that must be <br/> lab </td> <td> 2 </td> <td> 2 </td> </tr> <tr> <td> Foreign language </td> <td> 2 </td> <td> 2 </td> </tr> <tr> <td> Social studies </td> <td> 3 </td> <td> 3 </td> </tr> <tr> <td> History </td> <td> </td> <td> </td> </tr> <tr> <td> Academic electives </td> <td> 2 </td> <td> 2 </td> </tr> <tr> <td> Computer Science </td> <td> </td> <td> </td> </tr> <tr> <td> Visual/Performing Arts </td> <td> </td> <td> </td> </tr> <tr> <td> Other (specify) </td> <td> </td> <td> </td> </tr> </table>",137351,../data/cds-docs/2022-2023/137351.pdf,2022-2023
C,7,C7,"Relative importance of each of the following academic and nonacademic factors in your first-time, first-","[[{0: 'Very Important Important Considered Not Considered', 1: 'Very Important Important Considered Not Considered', 2: 'Very Important Important Considered Not Considered', 3: 'Very Important Important Considered Not Considered'}, {0: 'Academic', 1: 'Academic', 2: 'Academic', 3: 'Academic'}, {0: 'Rigor of secondary school record', 1: 'X', 2: '', 3: ''}, {0: 'Class rank', 1: '', 2: 'X', 3: ''}, {0: 'Academic GPA', 1: 'X', 2: '', 3: ''}, {0: 'Standardized test scores', 1: 'X', 2: '', 3: ''}, {0: 'Application Essay', 1: '', 2: '', 3: 'X'}, {0: 'Recommendation(s)', 1: '', 2: '', 3: 'X'}, {0: 'Nonacademic', 1: 'Nonacademic', 2: 'Nonacademic', 3: 'Nonacademic'}, {0: 'Interview', 1: '', 2: '', 3: 'X'}, {0: 'Extracurricular activities', 1: '', 2: '', 3: 'X'}, {0: 'Talent/ability', 1: '', 2: 'X', 3: ''}, {0: 'Character/personal qualities', 1: '', 2: '', 3: 'X'}, {0: 'First generation', 1: '', 2: 'X', 3: ''}, {0: 'Alumni/ae relation', 1: '', 2: '', 3: 'X'}, {0: 'Geographical residence', 1: '', 2: '', 3: 'X'}, {0: 'State residency', 1: '', 2: '', 3: 'X'}, {0: 'Religious affiliation/commitment', 1: '', 2: '', 3: 'X'}, {0: 'Racial/ethnic status', 1: '', 2: '', 3: 'X'}, {0: 'Volunteer work', 1: '', 2: '', 3: 'X'}, {0: 'Work experience', 1: '', 2: '', 3: 'X'}, {0: 'Level of applicant’s interest', 1: '', 2: '', 3: 'X'}]]","<table> <tr> <td colspan=""4""> Very Important Important Considered Not Considered </td> </tr> <tr> <td colspan=""4""> Academic </td> </tr> <tr> <td> Rigor of secondary school record </td> <td> X </td> <td> </td> <td> </td> </tr> <tr> <td> Class rank </td> <td> </td> <td> X </td> <td> </td> </tr> <tr> <td> Academic GPA </td> <td> X </td> <td> </td> <td> </td> </tr> <tr> <td> Standardized test scores </td> <td> X </td> <td> </td> <td> </td> </tr> <tr> <td> Application Essay </td> <td> </td> <td> </td> <td> X </td> </tr> <tr> <td> Recommendation(s) </td> <td> </td> <td> </td> <td> X </td> </tr> <tr> <td colspan=""4""> Nonacademic </td> </tr> <tr> <td> Interview </td> <td> </td> <td> </td> <td> X </td> </tr> <tr> <td> Extracurricular activities </td> <td> </td> <td> </td> <td> X </td> </tr> <tr> <td> Talent/ability </td> <td> </td> <td> X </td> <td> </td> </tr> <tr> <td> Character/personal qualities </td> <td> </td> <td> </td> <td> X </td> </tr> <tr> <td> First generation </td> <td> </td> <td> X </td> <td> </td> </tr> <tr> <td> Alumni/ae relation </td> <td> </td> <td> </td> <td> X </td> </tr> <tr> <td> Geographical residence </td> <td> </td> <td> </td> <td> X </td> </tr> <tr> <td> State residency </td> <td> </td> <td> </td> <td> X </td> </tr> <tr> <td> Religious affiliation/commitment </td> <td> </td> <td> </td> <td> X </td> </tr> <tr> <td> Racial/ethnic status </td> <td> </td> <td> </td> <td> X </td> </tr> <tr> <td> Volunteer work </td> <td> </td> <td> </td> <td> X </td> </tr> <tr> <td> Work experience </td> <td> </td> <td> </td> <td> X </td> </tr> <tr> <td> Level of applicant’s interest </td> <td> </td> <td> </td> <td> X </td> </tr> </table>",137351,../data/cds-docs/2022-2023/137351.pdf,2022-2023
C,8,C8,: SAT and ACT Policies,"[[{0: 'Yes', 1: 'No'}, {0: 'X', 1: ''}]]",<table> <tr> <td> Yes </td> <td> No </td> </tr> <tr> <td> X </td> <td> </td> </tr> </table>,137351,../data/cds-docs/2022-2023/137351.pdf,2022-2023
C,10,C10,"Percent of all degree-seeking, first-time, first-year students who had high school class rank within","[[{0: 'Assessment', 1: 'Assessment', 2: 'Percent'}, {0: 'Percent in top tenth of high school graduating class', 1: 'Percent in top tenth of high school graduating class', 2: '29%'}, {0: 'Percent in top', 1: 'quarter of high school graduating class', 2: '63%'}, {0: 'Percent in top', 1: 'half of high school graduating class', 2: '91%'}, {0: 'Percent in bottom half of high school graduating class', 1: 'Percent in bottom half of high school graduating class', 2: '9%'}, {0: 'Percent in bottom quarter of high school graduating class', 1: 'Percent in bottom quarter of high school graduating class', 2: '1%'}, {0: 'Percent of total first-time, first-year students who submitted high school\nclass rank:', 1: 'Percent of total first-time, first-year students who submitted high school\nclass rank:', 2: '57'}]]","<table> <tr> <td colspan=""2""> Assessment </td> <td> Percent </td> </tr> <tr> <td colspan=""2""> Percent in top tenth of high school graduating class </td> <td> 29% </td> </tr> <tr> <td> Percent in top </td> <td> quarter of high school graduating class </td> <td> 63% </td> </tr> <tr> <td> Percent in top </td> <td> half of high school graduating class </td> <td> 91% </td> </tr> <tr> <td colspan=""2""> Percent in bottom half of high school graduating class </td> <td> 9% </td> </tr> <tr> <td colspan=""2""> Percent in bottom quarter of high school graduating class </td> <td> 1% </td> </tr> <tr> <td colspan=""2""> Percent of total first-time, first-year students who submitted high school <br/> class rank: </td> <td> 57 </td> </tr> </table>",137351,../data/cds-docs/2022-2023/137351.pdf,2022-2023
C,11,C11,"Percentage of all enrolled, degree-seeking, first-time, first-year students who had high school grade-","[[{0: 'Score Range', 1: 'Percent'}, {0: 'Percent who had GPA of 4.0', 1: '62.00%'}, {0: 'Percent who had GPA between 3.75 and 3.99', 1: '18.00%'}, {0: 'Percent who had GPA between 3.50 and 3.74', 1: '12.00%'}, {0: 'Percent who had GPA between 3.25 and 3.49', 1: '7.00%'}, {0: 'Percent who had GPA between 3.00 and 3.24', 1: '2.00%'}, {0: 'Percent who had GPA between 2.50 and 2.99', 1: '0.00%'}]]",<table> <tr> <td> Score Range </td> <td> Percent </td> </tr> <tr> <td> Percent who had GPA of 4.0 </td> <td> 62.00% </td> </tr> <tr> <td> Percent who had GPA between 3.75 and 3.99 </td> <td> 18.00% </td> </tr> <tr> <td> Percent who had GPA between 3.50 and 3.74 </td> <td> 12.00% </td> </tr> <tr> <td> Percent who had GPA between 3.25 and 3.49 </td> <td> 7.00% </td> </tr> <tr> <td> Percent who had GPA between 3.00 and 3.24 </td> <td> 2.00% </td> </tr> <tr> <td> Percent who had GPA between 2.50 and 2.99 </td> <td> 0.00% </td> </tr> </table>,137351,../data/cds-docs/2022-2023/137351.pdf,2022-2023
C,14,C14,Application closing date,"[[{0: '', 1: 'Date'}, {0: 'Application closing date (fall)', 1: '3/1'}, {0: 'Priority Date', 1: '11/1'}]]",<table> <tr> <td> </td> <td> Date </td> </tr> <tr> <td> Application closing date (fall) </td> <td> 3/1 </td> </tr> <tr> <td> Priority Date </td> <td> 11/1 </td> </tr> </table>,137351,../data/cds-docs/2022-2023/137351.pdf,2022-2023
D,2,D2,"Provide the number of students who applied, were admitted, and enrolled as degree-seeking transfer","[[{0: '', 1: 'Applicants', 2: 'Admitted\nApplicants', 3: 'Enrolled\nApplicants'}, {0: 'Men', 1: '4,397', 2: '2,474', 3: '1,279'}, {0: 'Women', 1: '5,929', 2: '3,566', 3: '1,816'}, {0: 'Another Gender', 1: '', 2: '', 3: ''}, {0: 'Total', 1: '10,326', 2: '6,040', 3: '3,095'}]]","<table> <tr> <td> </td> <td> Applicants </td> <td> Admitted <br/> Applicants </td> <td> Enrolled <br/> Applicants </td> </tr> <tr> <td> Men </td> <td> 4,397 </td> <td> 2,474 </td> <td> 1,279 </td> </tr> <tr> <td> Women </td> <td> 5,929 </td> <td> 3,566 </td> <td> 1,816 </td> </tr> <tr> <td> Another Gender </td> <td> </td> <td> </td> <td> </td> </tr> <tr> <td> Total </td> <td> 10,326 </td> <td> 6,040 </td> <td> 3,095 </td> </tr> </table>",137351,../data/cds-docs/2022-2023/137351.pdf,2022-2023
D,5,D5,Indicate all items required of transfer students to apply for admission:,"[[{0: '', 1: '', 2: 'Required of All', 3: 'Recommended\nof All', 4: 'Recommended\nof Some', 5: 'Required of Some', 6: 'Not Required'}, {0: 'High school transcript', 1: 'High school transcript', 2: '', 3: '', 4: '', 5: 'X', 6: ''}, {0: 'College transcript(s)', 1: 'College transcript(s)', 2: 'X', 3: '', 4: '', 5: '', 6: ''}, {0: 'Essay', 1: 'or personal', 2: '', 3: '', 4: '', 5: '', 6: 'X'}, {0: 'Interview', 1: 'Interview', 2: '', 3: '', 4: '', 5: '', 6: 'X'}, {0: 'Standardized test scores', 1: 'Standardized test scores', 2: '', 3: '', 4: '', 5: 'X', 6: ''}, {0: 'Statement of good\nstanding from prior', 1: 'Statement of good\nstanding from prior', 2: 'X', 3: '', 4: '', 5: '', 6: ''}]]","<table> <tr> <td colspan=""2""> </td> <td> Required of All </td> <td> Recommended <br/> of All </td> <td> Recommended <br/> of Some </td> <td> Required of Some </td> <td> Not Required </td> </tr> <tr> <td colspan=""2""> High school transcript </td> <td> </td> <td> </td> <td> </td> <td> X </td> <td> </td> </tr> <tr> <td colspan=""2""> College transcript(s) </td> <td> X </td> <td> </td> <td> </td> <td> </td> <td> </td> </tr> <tr> <td> Essay </td> <td> or personal </td> <td> </td> <td> </td> <td> </td> <td> </td> <td> X </td> </tr> <tr> <td colspan=""2""> Interview </td> <td> </td> <td> </td> <td> </td> <td> </td> <td> X </td> </tr> <tr> <td colspan=""2""> Standardized test scores </td> <td> </td> <td> </td> <td> </td> <td> X </td> <td> </td> </tr> <tr> <td colspan=""2""> Statement of good <br/> standing from prior </td> <td> X </td> <td> </td> <td> </td> <td> </td> <td> </td> </tr> </table>",137351,../data/cds-docs/2022-2023/137351.pdf,2022-2023
D,9,D9,"List application priority, closing, notification, and candidate reply dates for transfer students. If applications","[[{0: '', 1: 'Priority Date', 2: 'Closing Date', 3: 'Notification Date', 4: 'Reply Date', 5: 'Rolling\nAdmission'}, {0: 'Fall', 1: '', 2: '5/1', 3: '', 4: '', 5: 'Y'}, {0: 'Winter', 1: '', 2: '', 3: '', 4: '', 5: ''}, {0: 'Spring', 1: '', 2: '10/1', 3: '', 4: '', 5: 'Y'}, {0: 'Summer', 1: '', 2: '3/1', 3: '', 4: '', 5: 'Y'}]]",<table> <tr> <td> </td> <td> Priority Date </td> <td> Closing Date </td> <td> Notification Date </td> <td> Reply Date </td> <td> Rolling <br/> Admission </td> </tr> <tr> <td> Fall </td> <td> </td> <td> 5/1 </td> <td> </td> <td> </td> <td> Y </td> </tr> <tr> <td> Winter </td> <td> </td> <td> </td> <td> </td> <td> </td> <td> </td> </tr> <tr> <td> Spring </td> <td> </td> <td> 10/1 </td> <td> </td> <td> </td> <td> Y </td> </tr> <tr> <td> Summer </td> <td> </td> <td> 3/1 </td> <td> </td> <td> </td> <td> Y </td> </tr> </table>,137351,../data/cds-docs/2022-2023/137351.pdf,2022-2023
F,1,F1,"Percentages of first-time, first-year degree-seeking students and degree-seeking","[[{0: '', 1: 'First-time, first\ufffe\nyear students', 2: 'Undergraduates'}, {0: 'Percent who are from out of state (exclude\ninternational/nonresidents from the numerator and\ndenominator)', 1: '17%', 2: '20%'}, {0: 'Percent of men who join fraternities', 1: '4%', 2: '3%'}, {0: 'Percent of women who join sororities', 1: '6%', 2: '4%'}, {0: 'Percent who live in college-owned, -operated, or -\naffiliated housing', 1: '55%', 2: '16%'}, {0: 'Percent who live off campus or commute', 1: '45%', 2: '84%'}, {0: 'Percent of students age 25 and older', 1: '0%', 2: '11%'}, {0: 'Average age of full-time students', 1: '18', 2: '20'}, {0: 'Average age of all students (full- and part-time)', 1: '18', 2: '21'}]]","<table> <tr> <td> </td> <td> First-time, first￾ <br/> year students </td> <td> Undergraduates </td> </tr> <tr> <td> Percent who are from out of state (exclude <br/> international/nonresidents from the numerator and <br/> denominator) </td> <td> 17% </td> <td> 20% </td> </tr> <tr> <td> Percent of men who join fraternities </td> <td> 4% </td> <td> 3% </td> </tr> <tr> <td> Percent of women who join sororities </td> <td> 6% </td> <td> 4% </td> </tr> <tr> <td> Percent who live in college-owned, -operated, or - <br/> affiliated housing </td> <td> 55% </td> <td> 16% </td> </tr> <tr> <td> Percent who live off campus or commute </td> <td> 45% </td> <td> 84% </td> </tr> <tr> <td> Percent of students age 25 and older </td> <td> 0% </td> <td> 11% </td> </tr> <tr> <td> Average age of full-time students </td> <td> 18 </td> <td> 20 </td> </tr> <tr> <td> Average age of all students (full- and part-time) </td> <td> 18 </td> <td> 21 </td> </tr> </table>",137351,../data/cds-docs/2022-2023/137351.pdf,2022-2023
F,3,F3,ROTC (program offered in cooperation with Reserve Officers' Training Corps),"[[{0: '', 1: 'Marine Option\n(for Naval ROTC)', 2: 'On Campus', 3: 'At Cooperating Institution', 4: 'Name of\nCooperating\nInstitution'}, {0: 'Army ROTC is offered:', 1: '', 2: 'Yes', 3: 'N/A', 4: ''}, {0: 'Naval ROTC is offered:', 1: 'Yes', 2: 'Yes', 3: 'N/A', 4: ''}, {0: 'Air Force ROTC is offered:', 1: '', 2: 'Yes', 3: 'N/A', 4: ''}]]",<table> <tr> <td> </td> <td> Marine Option <br/> (for Naval ROTC) </td> <td> On Campus </td> <td> At Cooperating Institution </td> <td> Name of <br/> Cooperating <br/> Institution </td> </tr> <tr> <td> Army ROTC is offered: </td> <td> </td> <td> Yes </td> <td> N/A </td> <td> </td> </tr> <tr> <td> Naval ROTC is offered: </td> <td> Yes </td> <td> Yes </td> <td> N/A </td> <td> </td> </tr> <tr> <td> Air Force ROTC is offered: </td> <td> </td> <td> Yes </td> <td> N/A </td> <td> </td> </tr> </table>,137351,../data/cds-docs/2022-2023/137351.pdf,2022-2023
G,1,G1,"Undergraduate full-time tuition, required fees, room and board","[[{0: '', 1: 'First-Year', 2: 'Undergraduates'}, {0: 'PRIVATE INSTITUTIONS', 1: '', 2: ''}, {0: 'Tuition:', 1: '', 2: ''}, {0: 'PUBLIC INSTITUTIONS', 1: '', 2: ''}, {0: 'Tuition: In-district', 1: '$4,559', 2: '$4,559'}, {0: 'Tuition: In-state (out-of-district):', 1: '', 2: ''}, {0: 'Tuition: Out-of-state:', 1: '$15,473', 2: '$15,473'}, {0: 'Tuition: Non-resident', 1: '', 2: ''}, {0: 'FOR ALL INSTITUTIONS', 1: 'FOR ALL INSTITUTIONS', 2: 'FOR ALL INSTITUTIONS'}, {0: 'Required Fees', 1: '$1,851', 2: '$1,851'}, {0: 'Room and Board (on-campus):', 1: '$12,622', 2: '$12,622'}, {0: 'Room Only (on-campus):', 1: '$8,170', 2: '$8,170'}, {0: 'Board Only (on-campus meal plan):', 1: '$4,452', 2: '$4,452'}]]","<table> <tr> <td> </td> <td> First-Year </td> <td> Undergraduates </td> </tr> <tr> <td> PRIVATE INSTITUTIONS </td> <td> </td> <td> </td> </tr> <tr> <td> Tuition: </td> <td> </td> <td> </td> </tr> <tr> <td> PUBLIC INSTITUTIONS </td> <td> </td> <td> </td> </tr> <tr> <td> Tuition: In-district </td> <td> $4,559 </td> <td> $4,559 </td> </tr> <tr> <td> Tuition: In-state (out-of-district): </td> <td> </td> <td> </td> </tr> <tr> <td> Tuition: Out-of-state: </td> <td> $15,473 </td> <td> $15,473 </td> </tr> <tr> <td> Tuition: Non-resident </td> <td> </td> <td> </td> </tr> <tr> <td colspan=""3""> FOR ALL INSTITUTIONS </td> </tr> <tr> <td> Required Fees </td> <td> $1,851 </td> <td> $1,851 </td> </tr> <tr> <td> Room and Board (on-campus): </td> <td> $12,622 </td> <td> $12,622 </td> </tr> <tr> <td> Room Only (on-campus): </td> <td> $8,170 </td> <td> $8,170 </td> </tr> <tr> <td> Board Only (on-campus meal plan): </td> <td> $4,452 </td> <td> $4,452 </td> </tr> </table>",137351,../data/cds-docs/2022-2023/137351.pdf,2022-2023
G,6,G6,Undergraduate per-credit-hour charges (tuition only):,"[[{0: 'PRIVATE INSTITUTIONS:', 1: ''}, {0: 'PUBLIC INSTITUTIONS:', 1: ''}, {0: 'In-district:', 1: ''}, {0: 'In-state (out-of-district):', 1: '$151.95'}, {0: 'Out-of-state:', 1: '$347.91'}, {0: 'NONRESIDENTS:', 1: '$347.91'}]]",<table> <tr> <td> PRIVATE INSTITUTIONS: </td> <td> </td> </tr> <tr> <td> PUBLIC INSTITUTIONS: </td> <td> </td> </tr> <tr> <td> In-district: </td> <td> </td> </tr> <tr> <td> In-state (out-of-district): </td> <td> $151.95 </td> </tr> <tr> <td> Out-of-state: </td> <td> $347.91 </td> </tr> <tr> <td> NONRESIDENTS: </td> <td> $347.91 </td> </tr> </table>,137351,../data/cds-docs/2022-2023/137351.pdf,2022-2023
H,2,H2,Number of Enrolled Students Awarded Aid: List the number of degree-seeking full-time and less-than-,"[[{0: '', 1: '', 2: 'Full-time\nFirst-time\nFirst-year', 3: 'Full-time\nUndergrad\n(Incl. Fresh)', 4: 'Less Than\nFull-time\nUndergrad'}, {0: 'A', 1: 'Number of degree-seeking undergraduate students\n(CDS Item B1 if reporting on Fall 2022 cohort)', 2: '6097', 3: '28808', 4: '7885'}, {0: 'B', 1: 'Number of students in line a who applied for need\ufffe\nbased financial aid', 2: '4994', 3: '20878', 4: '5058'}, {0: 'C', 1: 'Number of students in line b who were determined to\nhave financial need', 2: '3283', 3: '15534', 4: '4336'}, {0: 'D', 1: 'Number of students in line c who were awarded any\nfinancial aid', 2: '3127', 3: '14829', 4: '3820'}, {0: 'E', 1: 'Number of students in line d who were awarded any\nneed-based scholarship or grant aid', 2: '2958', 3: '13696', 4: '3434'}, {0: 'F', 1: 'Number of students in line d who were awarded any\nneed-based self-help aid', 2: '1093', 3: '5994', 4: '1684'}, {0: 'G', 1: 'Number of students in line d who were awarded any\nnon-need-based scholarship or grant aid', 2: '394', 3: '1172', 4: '44'}, {0: 'H', 1: 'Number of students in line d whose need was fully met\n(exclude PLUS loans, unsubsidized loans, and private\nalternative loans)', 2: '559', 3: '1987', 4: '271'}, {0: 'I', 1: 'On average, the percentage of need that was met of\nstudents who were awarded any need-based aid.\nExclude any aid that was awarded in excess of need as\nwell as any resources that were awarded to replace\nEFC (PLUS loans, unsubsidized loans, and private\nalternative loans)', 2: '0.69', 3: '0.64', 4: '0.44'}], [{0: '', 1: '', 2: 'Full-time\nFirst-time\nFirst-year', 3: 'Full-time\nUndergrad\n(Incl. Fresh.)', 4: 'Less Than\nFull-time\nUndergrad'}, {0: 'N', 1: 'Number of students in line a who had no financial need\nand who were awarded institutional non-need-based\nscholarship or grant aid (exclude those who were\nawarded athletic awards and tuition benefits)', 2: '1143', 3: '3874', 4: '109'}, {0: 'O', 1: 'Average dollar amount of institutional non-need-based\nscholarship and grant aid awarded to students in line n', 2: '$ 3,275', 3: '$ 3,277', 4: '$ 1,217'}, {0: 'P', 1: 'Number of students in line a who were awarded an\ninstitutional non-need-based athletic scholarship or\ngrant', 2: '47', 3: '275', 4: '5'}, {0: 'Q', 1: 'Average dollar amount of institutional non-need-based\nathletic scholarships and grants awarded to students in\nline p', 2: '$ 12,899', 3: '$ 13,639', 4: '$ 12,159'}]]","<table> <tr> <td> </td> <td> </td> <td> Full-time <br/> First-time <br/> First-year </td> <td> Full-time <br/> Undergrad <br/> (Incl. Fresh) </td> <td> Less Than <br/> Full-time <br/> Undergrad </td> </tr> <tr> <td> A </td> <td> Number of degree-seeking undergraduate students <br/> (CDS Item B1 if reporting on Fall 2022 cohort) </td> <td> 6097 </td> <td> 28808 </td> <td> 7885 </td> </tr> <tr> <td> B </td> <td> Number of students in line a who applied for need￾ <br/> based financial aid </td> <td> 4994 </td> <td> 20878 </td> <td> 5058 </td> </tr> <tr> <td> C </td> <td> Number of students in line b who were determined to <br/> have financial need </td> <td> 3283 </td> <td> 15534 </td> <td> 4336 </td> </tr> <tr> <td> D </td> <td> Number of students in line c who were awarded any <br/> financial aid </td> <td> 3127 </td> <td> 14829 </td> <td> 3820 </td> </tr> <tr> <td> E </td> <td> Number of students in line d who were awarded any <br/> need-based scholarship or grant aid </td> <td> 2958 </td> <td> 13696 </td> <td> 3434 </td> </tr> <tr> <td> F </td> <td> Number of students in line d who were awarded any <br/> need-based self-help aid </td> <td> 1093 </td> <td> 5994 </td> <td> 1684 </td> </tr> <tr> <td> G </td> <td> Number of students in line d who were awarded any <br/> non-need-based scholarship or grant aid </td> <td> 394 </td> <td> 1172 </td> <td> 44 </td> </tr> <tr> <td> H </td> <td> Number of students in line d whose need was fully met <br/> (exclude PLUS loans, unsubsidized loans, and private <br/> alternative loans) </td> <td> 559 </td> <td> 1987 </td> <td> 271 </td> </tr> <tr> <td> I </td> <td> On average, the percentage of need that was met of <br/> students who were awarded any need-based aid. <br/> Exclude any aid that was awarded in excess of need as <br/> well as any resources that were awarded to replace <br/> EFC (PLUS loans, unsubsidized loans, and private <br/> alternative loans) </td> <td> 0.69 </td> <td> 0.64 </td> <td> 0.44 </td> </tr> </table><div class=""separator""></div><table> <tr> <td> </td> <td> </td> <td> Full-time <br/> First-time <br/> First-year </td> <td> Full-time <br/> Undergrad <br/> (Incl. Fresh.) </td> <td> Less Than <br/> Full-time <br/> Undergrad </td> </tr> <tr> <td> N </td> <td> Number of students in line a who had no financial need <br/> and who were awarded institutional non-need-based <br/> scholarship or grant aid (exclude those who were <br/> awarded athletic awards and tuition benefits) </td> <td> 1143 </td> <td> 3874 </td> <td> 109 </td> </tr> <tr> <td> O </td> <td> Average dollar amount of institutional non-need-based <br/> scholarship and grant aid awarded to students in line n </td> <td> $ 3,275 </td> <td> $ 3,277 </td> <td> $ 1,217 </td> </tr> <tr> <td> P </td> <td> Number of students in line a who were awarded an <br/> institutional non-need-based athletic scholarship or <br/> grant </td> <td> 47 </td> <td> 275 </td> <td> 5 </td> </tr> <tr> <td> Q </td> <td> Average dollar amount of institutional non-need-based <br/> athletic scholarships and grants awarded to students in <br/> line p </td> <td> $ 12,899 </td> <td> $ 13,639 </td> <td> $ 12,159 </td> </tr> </table>",137351,../data/cds-docs/2022-2023/137351.pdf,2022-2023
H,14,H14,Check off criteria used in awarding institutional aid. Check all that apply.,"[[{0: '', 1: 'Non-Need Based', 2: 'Need-Based'}, {0: 'Academics', 1: 'X', 2: 'X'}]]",<table> <tr> <td> </td> <td> Non-Need Based </td> <td> Need-Based </td> </tr> <tr> <td> Academics </td> <td> X </td> <td> X </td> </tr> </table>,137351,../data/cds-docs/2022-2023/137351.pdf,2022-2023
J,1,J1,"Degrees conferred between July 1, 2021 and June 30, 2022","[[{0: 'Category', 1: 'Diploma/Certificates', 2: 'Associate', 3: 'Bachelor’s', 4: 'CIP 2020 Categories\nto Include'}, {0: 'Agriculture', 1: '', 2: '', 3: '', 4: '01'}, {0: 'Natural resources and conservation', 1: '', 2: '', 3: '1%', 4: '03'}, {0: 'Architecture', 1: '', 2: '', 3: '', 4: '04'}, {0: 'Area, ethnic, and gender studies', 1: '', 2: '', 3: '0%', 4: '05'}, {0: 'Communication/journalism', 1: '', 2: '', 3: '6%', 4: '09'}, {0: 'Communication technologies', 1: '', 2: '', 3: '', 4: '10'}, {0: 'Computer and information sciences', 1: '', 2: '', 3: '5%', 4: '11'}, {0: 'Personal and culinary services', 1: '', 2: '', 3: '', 4: '12'}, {0: 'Education', 1: '', 2: '', 3: '3%', 4: '13'}, {0: 'Engineering', 1: '', 2: '', 3: '6%', 4: '14'}, {0: 'Engineering technologies', 1: '', 2: '', 3: '', 4: '15'}, {0: 'Foreign languages, literatures, and linguistics', 1: '', 2: '', 3: '1%', 4: '16'}, {0: 'Family and consumer sciences', 1: '', 2: '', 3: '', 4: '19'}, {0: 'Law/legal studies', 1: '', 2: '', 3: '', 4: '22'}, {0: 'English', 1: '', 2: '', 3: '2%', 4: '23'}, {0: 'Liberal arts/general studies', 1: '', 2: '100%', 3: '2%', 4: '24'}, {0: 'Library science', 1: '', 2: '', 3: '', 4: '25'}, {0: 'Biological/life sciences', 1: '', 2: '', 3: '13%', 4: '26'}, {0: 'Mathematics and statistics', 1: '', 2: '', 3: '1%', 4: '27'}, {0: 'Military science and military technologies', 1: '', 2: '', 3: '', 4: '28 & 29'}, {0: 'Interdisciplinary studies', 1: '', 2: '', 3: '0%', 4: '30'}, {0: 'Parks and recreation', 1: '', 2: '', 3: '', 4: '31'}, {0: 'Philosophy and religious studies', 1: '', 2: '', 3: '0%', 4: '38'}, {0: 'Theology and religious vocations', 1: '', 2: '', 3: '', 4: '39'}, {0: 'Physical sciences', 1: '', 2: '', 3: '1%', 4: '40'}, {0: 'Science technologies', 1: '', 2: '', 3: '', 4: '41'}, {0: 'Psychology', 1: '', 2: '', 3: '8%', 4: '42'}, {0: 'Homeland Security, law enforcement, firefighting,', 1: '', 2: '', 3: '', 4: '43'}, {0: 'Public administration and social services', 1: '', 2: '', 3: '2%', 4: '44'}, {0: 'Social sciences', 1: '', 2: '', 3: '11%', 4: '45'}, {0: 'Construction trades', 1: '', 2: '', 3: '', 4: '46'}, {0: 'Mechanic and repair technologies', 1: '', 2: '', 3: '', 4: '47'}, {0: 'Precision production', 1: '', 2: '', 3: '', 4: '48'}, {0: 'Transportation and materials moving', 1: '', 2: '', 3: '', 4: '49'}, {0: 'Visual and performing arts', 1: '', 2: '', 3: '2%', 4: '50'}, {0: 'Health professions and related programs', 1: '', 2: '', 3: '19%', 4: '51'}, {0: 'Business/marketing', 1: '', 2: '', 3: '17%', 4: '52'}, {0: 'History', 1: '', 2: '', 3: '1%', 4: '54'}, {0: 'Other', 1: '', 2: '', 3: '', 4: ''}, {0: 'TOTAL (should = 100%)', 1: '0.00%', 2: '100.00%', 3: '100.00%', 4: ''}]]","<table> <tr> <td> Category </td> <td> Diploma/Certificates </td> <td> Associate </td> <td> Bachelor’s </td> <td> CIP 2020 Categories <br/> to Include </td> </tr> <tr> <td> Agriculture </td> <td> </td> <td> </td> <td> </td> <td> 01 </td> </tr> <tr> <td> Natural resources and conservation </td> <td> </td> <td> </td> <td> 1% </td> <td> 03 </td> </tr> <tr> <td> Architecture </td> <td> </td> <td> </td> <td> </td> <td> 04 </td> </tr> <tr> <td> Area, ethnic, and gender studies </td> <td> </td> <td> </td> <td> 0% </td> <td> 05 </td> </tr> <tr> <td> Communication/journalism </td> <td> </td> <td> </td> <td> 6% </td> <td> 09 </td> </tr> <tr> <td> Communication technologies </td> <td> </td> <td> </td> <td> </td> <td> 10 </td> </tr> <tr> <td> Computer and information sciences </td> <td> </td> <td> </td> <td> 5% </td> <td> 11 </td> </tr> <tr> <td> Personal and culinary services </td> <td> </td> <td> </td> <td> </td> <td> 12 </td> </tr> <tr> <td> Education </td> <td> </td> <td> </td> <td> 3% </td> <td> 13 </td> </tr> <tr> <td> Engineering </td> <td> </td> <td> </td> <td> 6% </td> <td> 14 </td> </tr> <tr> <td> Engineering technologies </td> <td> </td> <td> </td> <td> </td> <td> 15 </td> </tr> <tr> <td> Foreign languages, literatures, and linguistics </td> <td> </td> <td> </td> <td> 1% </td> <td> 16 </td> </tr> <tr> <td> Family and consumer sciences </td> <td> </td> <td> </td> <td> </td> <td> 19 </td> </tr> <tr> <td> Law/legal studies </td> <td> </td> <td> </td> <td> </td> <td> 22 </td> </tr> <tr> <td> English </td> <td> </td> <td> </td> <td> 2% </td> <td> 23 </td> </tr> <tr> <td> Liberal arts/general studies </td> <td> </td> <td> 100% </td> <td> 2% </td> <td> 24 </td> </tr> <tr> <td> Library science </td> <td> </td> <td> </td> <td> </td> <td> 25 </td> </tr> <tr> <td> Biological/life sciences </td> <td> </td> <td> </td> <td> 13% </td> <td> 26 </td> </tr> <tr> <td> Mathematics and statistics </td> <td> </td> <td> </td> <td> 1% </td> <td> 27 </td> </tr> <tr> <td> Military science and military technologies </td> <td> </td> <td> </td> <td> </td> <td> 28 &amp; 29 </td> </tr> <tr> <td> Interdisciplinary studies </td> <td> </td> <td> </td> <td> 0% </td> <td> 30 </td> </tr> <tr> <td> Parks and recreation </td> <td> </td> <td> </td> <td> </td> <td> 31 </td> </tr> <tr> <td> Philosophy and religious studies </td> <td> </td> <td> </td> <td> 0% </td> <td> 38 </td> </tr> <tr> <td> Theology and religious vocations </td> <td> </td> <td> </td> <td> </td> <td> 39 </td> </tr> <tr> <td> Physical sciences </td> <td> </td> <td> </td> <td> 1% </td> <td> 40 </td> </tr> <tr> <td> Science technologies </td> <td> </td> <td> </td> <td> </td> <td> 41 </td> </tr> <tr> <td> Psychology </td> <td> </td> <td> </td> <td> 8% </td> <td> 42 </td> </tr> <tr> <td> Homeland Security, law enforcement, firefighting, </td> <td> </td> <td> </td> <td> </td> <td> 43 </td> </tr> <tr> <td> Public administration and social services </td> <td> </td> <td> </td> <td> 2% </td> <td> 44 </td> </tr> <tr> <td> Social sciences </td> <td> </td> <td> </td> <td> 11% </td> <td> 45 </td> </tr> <tr> <td> Construction trades </td> <td> </td> <td> </td> <td> </td> <td> 46 </td> </tr> <tr> <td> Mechanic and repair technologies </td> <td> </td> <td> </td> <td> </td> <td> 47 </td> </tr> <tr> <td> Precision production </td> <td> </td> <td> </td> <td> </td> <td> 48 </td> </tr> <tr> <td> Transportation and materials moving </td> <td> </td> <td> </td> <td> </td> <td> 49 </td> </tr> <tr> <td> Visual and performing arts </td> <td> </td> <td> </td> <td> 2% </td> <td> 50 </td> </tr> <tr> <td> Health professions and related programs </td> <td> </td> <td> </td> <td> 19% </td> <td> 51 </td> </tr> <tr> <td> Business/marketing </td> <td> </td> <td> </td> <td> 17% </td> <td> 52 </td> </tr> <tr> <td> History </td> <td> </td> <td> </td> <td> 1% </td> <td> 54 </td> </tr> <tr> <td> Other </td> <td> </td> <td> </td> <td> </td> <td> </td> </tr> <tr> <td> TOTAL (should = 100%) </td> <td> 0.00% </td> <td> 100.00% </td> <td> 100.00% </td> <td> </td> </tr> </table>",137351,../data/cds-docs/2022-2023/137351.pdf,2022-2023
B,1,B1,Institutional Enrollment - Men and Women,"[[{0: '', 1: 'FULL-TIME', 2: 'FULL-TIME', 3: 'PART-TIME', 4: 'PART-TIME'}, {0: '', 1: 'Men', 2: 'Women', 3: 'Men', 4: 'Women'}, {0: 'Undergraduate Students', 1: 'Undergraduate Students', 2: 'Undergraduate Students', 3: 'Undergraduate Students', 4: 'Undergraduate Students'}, {0: 'Degree-seeking, first-time freshmen students', 1: '2,300', 2: '3,001', 3: '80', 4: '71'}, {0: 'Other first-year, degree-seeking students', 1: '240', 2: '173', 3: '57', 4: '40'}, {0: 'All other degree-seeking undergraduate students', 1: '8,713', 2: '11,436', 3: '2,917', 4: '3,245'}, {0: 'Total degree-seeking undergraduate students', 1: '11,253', 2: '14,610', 3: '3,054', 4: '3,356'}, {0: 'All other undergraduates enrolled in credit courses', 1: '169', 2: '151', 3: '175', 4: '309'}, {0: 'Undergraduate Students', 1: '11,422', 2: '14,761', 3: '3,229', 4: '3,665'}, {0: 'Graduate Students', 1: 'Graduate Students', 2: 'Graduate Students', 3: 'Graduate Students', 4: 'Graduate Students'}, {0: 'Degree-seeking, first-time', 1: '637', 2: '1,037', 3: '203', 4: '444'}, {0: 'All other degree-seeking', 1: '2,066', 2: '2,624', 3: '1,275', 4: '2,478'}, {0: 'All other graduates enrolled in credit courses', 1: '60', 2: '41', 3: '127', 4: '253'}, {0: 'Total Graduate Students', 1: '2,763', 2: '3,702', 3: '1,605', 4: '3,175'}, {0: 'Total All Students', 1: '14,185', 2: '18,463', 3: '4,834', 4: '6,840'}]]","<table> <tr> <td rowspan=""2""> </td> <td colspan=""2""> FULL-TIME </td> <td colspan=""2""> PART-TIME </td> </tr> <tr> <td> Men </td> <td> Women </td> <td> Men </td> <td> Women </td> </tr> <tr> <td> Undergraduate Students </td> <td colspan=""4""> Undergraduate Students </td> </tr> <tr> <td> Degree-seeking, first-time freshmen students </td> <td> 2,300 </td> <td> 3,001 </td> <td> 80 </td> <td> 71 </td> </tr> <tr> <td> Other first-year, degree-seeking students </td> <td> 240 </td> <td> 173 </td> <td> 57 </td> <td> 40 </td> </tr> <tr> <td> All other degree-seeking undergraduate students </td> <td> 8,713 </td> <td> 11,436 </td> <td> 2,917 </td> <td> 3,245 </td> </tr> <tr> <td> Total degree-seeking undergraduate students </td> <td> 11,253 </td> <td> 14,610 </td> <td> 3,054 </td> <td> 3,356 </td> </tr> <tr> <td> All other undergraduates enrolled in credit courses </td> <td> 169 </td> <td> 151 </td> <td> 175 </td> <td> 309 </td> </tr> <tr> <td> Undergraduate Students </td> <td> 11,422 </td> <td> 14,761 </td> <td> 3,229 </td> <td> 3,665 </td> </tr> <tr> <td> Graduate Students </td> <td colspan=""4""> Graduate Students </td> </tr> <tr> <td> Degree-seeking, first-time </td> <td> 637 </td> <td> 1,037 </td> <td> 203 </td> <td> 444 </td> </tr> <tr> <td> All other degree-seeking </td> <td> 2,066 </td> <td> 2,624 </td> <td> 1,275 </td> <td> 2,478 </td> </tr> <tr> <td> All other graduates enrolled in credit courses </td> <td> 60 </td> <td> 41 </td> <td> 127 </td> <td> 253 </td> </tr> <tr> <td> Total Graduate Students </td> <td> 2,763 </td> <td> 3,702 </td> <td> 1,605 </td> <td> 3,175 </td> </tr> <tr> <td> Total All Students </td> <td> 14,185 </td> <td> 18,463 </td> <td> 4,834 </td> <td> 6,840 </td> </tr> </table>",137351,../data/cds-docs/2021-2022/137351.pdf,2021-2022
B,2,B2,Enrollment by Racial/Ethnic Category.,"[[{0: '', 1: 'Degree-seeking\nFirst-time year First', 2: 'Degree-seeking\nUndergraduates\n(include first-time\nfirst-year)', 3: 'Total\nUndergraduates\n(both degree- and\nnon-degree-seeking)'}, {0: 'Nonresident aliens', 1: '472', 2: '2,415', 3: '2,639'}, {0: 'Hispanic/Latino', 1: '1,130', 2: '7,274', 3: '7,389'}, {0: 'Black or African American, non-Hispanic', 1: '401', 2: '2,920', 3: '2,992'}, {0: 'White, non-Hispanic', 1: '2,418', 2: '14,475', 3: '14,759'}, {0: 'American Indian or Alaska Native, non-Hispanic', 1: '6', 2: '39', 3: '40'}, {0: 'Asian, non-Hispanic', 1: '572', 2: '2,672', 3: '2,718'}, {0: 'Native Hawaiian or other Pacific Islander, non-Hispanic', 1: '9', 2: '35', 3: '37'}, {0: 'Two or more races, non-Hispanic', 1: '271', 2: '1,316', 3: '1,340'}, {0: 'Race and/or ethnicity unknown', 1: '173', 2: '1,127', 3: '1,163'}, {0: 'Total', 1: '5,452', 2: '32,273', 3: '33,077'}]]","<table> <tr> <td> </td> <td> Degree-seeking <br/> First-time year First </td> <td> Degree-seeking <br/> Undergraduates <br/> (include first-time <br/> first-year) </td> <td> Total <br/> Undergraduates <br/> (both degree- and <br/> non-degree-seeking) </td> </tr> <tr> <td> Nonresident aliens </td> <td> 472 </td> <td> 2,415 </td> <td> 2,639 </td> </tr> <tr> <td> Hispanic/Latino </td> <td> 1,130 </td> <td> 7,274 </td> <td> 7,389 </td> </tr> <tr> <td> Black or African American, non-Hispanic </td> <td> 401 </td> <td> 2,920 </td> <td> 2,992 </td> </tr> <tr> <td> White, non-Hispanic </td> <td> 2,418 </td> <td> 14,475 </td> <td> 14,759 </td> </tr> <tr> <td> American Indian or Alaska Native, non-Hispanic </td> <td> 6 </td> <td> 39 </td> <td> 40 </td> </tr> <tr> <td> Asian, non-Hispanic </td> <td> 572 </td> <td> 2,672 </td> <td> 2,718 </td> </tr> <tr> <td> Native Hawaiian or other Pacific Islander, non-Hispanic </td> <td> 9 </td> <td> 35 </td> <td> 37 </td> </tr> <tr> <td> Two or more races, non-Hispanic </td> <td> 271 </td> <td> 1,316 </td> <td> 1,340 </td> </tr> <tr> <td> Race and/or ethnicity unknown </td> <td> 173 </td> <td> 1,127 </td> <td> 1,163 </td> </tr> <tr> <td> Total </td> <td> 5,452 </td> <td> 32,273 </td> <td> 33,077 </td> </tr> </table>",137351,../data/cds-docs/2021-2022/137351.pdf,2021-2022
B,3,B3,Persistence,"[[{0: 'AWARD TYPE', 1: '# AWARDED'}, {0: 'Certificate/diploma:', 1: ''}, {0: 'Associate degrees:', 1: '281'}, {0: 'Bachelor’s degrees:', 1: '10,408'}, {0: 'Post-bachelor’s certificates:', 1: ''}, {0: 'Master’s degrees:', 1: '3,441'}, {0: 'Post-master’s certificates:', 1: ''}, {0: 'Doctoral degrees – research/scholarship:', 1: '395'}, {0: 'Doctoral degrees – professional practice:', 1: '375'}, {0: 'Doctoral degrees – other:', 1: ''}]]","<table> <tr> <td> AWARD TYPE </td> <td> # AWARDED </td> </tr> <tr> <td> Certificate/diploma: </td> <td> </td> </tr> <tr> <td> Associate degrees: </td> <td> 281 </td> </tr> <tr> <td> Bachelor’s degrees: </td> <td> 10,408 </td> </tr> <tr> <td> Post-bachelor’s certificates: </td> <td> </td> </tr> <tr> <td> Master’s degrees: </td> <td> 3,441 </td> </tr> <tr> <td> Post-master’s certificates: </td> <td> </td> </tr> <tr> <td> Doctoral degrees – research/scholarship: </td> <td> 395 </td> </tr> <tr> <td> Doctoral degrees – professional practice: </td> <td> 375 </td> </tr> <tr> <td> Doctoral degrees – other: </td> <td> </td> </tr> </table>",137351,../data/cds-docs/2021-2022/137351.pdf,2021-2022
B,4,B4,-B21: Graduation Rates,"[[{0: '', 1: '', 2: 'Recipients of a\nFederal Grant Pell', 3: 'Recipients of a\nSubsidized\nStafford Loan\nwho did not\nreceive Grant a Pell', 4: 'Students who\ndid not receive\neither a Pell\nGrant or a\nsubsidized\nStafford Loan', 5: '(sum Total of 3\ncolumns left) to the'}, {0: 'A', 1: ""Initial 2015 cohort of first-time, full-time,\nbachelor's (or equivalent) degree-seeking\nundergraduate students"", 2: '1703', 3: '1017', 4: '2038', 5: '4758'}, {0: 'B', 1: 'Of the initial 2015 cohort, how many did not\npersist and did not graduate for the\nfollowing reasons:\n• Deceased\n• Permanently Disabled\n• Armed Forces\n• Foreign Aid Service of the Federal Government\n• Official church missions\n• Report Total Allowable Exclusions', 2: '0', 3: '0', 4: '1', 5: '1'}, {0: 'C', 1: 'Final 2015 cohort, after adjusting for\nallowable exclusions', 2: '1703', 3: '1017', 4: '2037', 5: '4757'}, {0: 'D', 1: 'Of the initial 2015 cohort, how many\ncompleted the program in four years or less\n(by Aug. 31, 2019)', 2: '969', 3: '566', 4: '1296', 5: '2831'}]]","<table> <tr> <td colspan=""2""> </td> <td> Recipients of a <br/> Federal Grant Pell </td> <td> Recipients of a <br/> Subsidized <br/> Stafford Loan <br/> who did not <br/> receive Grant a Pell </td> <td> Students who <br/> did not receive <br/> either a Pell <br/> Grant or a <br/> subsidized <br/> Stafford Loan </td> <td> (sum Total of 3 <br/> columns left) to the </td> </tr> <tr> <td> A </td> <td> Initial 2015 cohort of first-time, full-time, <br/> bachelor's (or equivalent) degree-seeking <br/> undergraduate students </td> <td> 1703 </td> <td> 1017 </td> <td> 2038 </td> <td> 4758 </td> </tr> <tr> <td> B </td> <td> Of the initial 2015 cohort, how many did not <br/> persist and did not graduate for the <br/> following reasons: <br/> • Deceased <br/> • Permanently Disabled <br/> • Armed Forces <br/> • Foreign Aid Service of the Federal Government <br/> • Official church missions <br/> • Report Total Allowable Exclusions </td> <td> 0 </td> <td> 0 </td> <td> 1 </td> <td> 1 </td> </tr> <tr> <td> C </td> <td> Final 2015 cohort, after adjusting for <br/> allowable exclusions </td> <td> 1703 </td> <td> 1017 </td> <td> 2037 </td> <td> 4757 </td> </tr> <tr> <td> D </td> <td> Of the initial 2015 cohort, how many <br/> completed the program in four years or less <br/> (by Aug. 31, 2019) </td> <td> 969 </td> <td> 566 </td> <td> 1296 </td> <td> 2831 </td> </tr> </table>",137351,../data/cds-docs/2021-2022/137351.pdf,2021-2022
C,1,C1,"First-time, first-year (freshman) students: Provide the number of degree-seeking, first-time, first-year students who","[[{0: 'FIRST-TIME, FIRST YEAR (FRESHMAN) STUDENT APPLICANTS', 1: 'TOTAL'}, {0: 'Total first-time, first-year (freshman) men who applied', 1: '19,730'}, {0: 'Total first-time, first-year (freshman) women who applied', 1: '30,638'}, {0: 'Total first-time, first-year (freshman) men who were admitted', 1: '9,881'}, {0: 'Total first-time, first-year (freshman) women who were admitted', 1: '15,000'}, {0: 'Total full-time, first-time, first-year (freshman) men who enrolled', 1: '2,580'}, {0: 'Total part-time, first-time, first-year (freshman) men who enrolled', 1: '91'}, {0: 'Total full-time, first-time, first-year (freshman) women who enrolled', 1: '3,488'}, {0: 'Total part-time, first-time, first-year (freshman) women who enrolled', 1: '92'}, {0: 'Total first-time, first-year (degree-seeking) who applied', 1: '50,368'}, {0: 'Total first-time, first-year (degree-seeking) who were admitted', 1: '24,881'}, {0: 'Total first-time, first-year (degree-seeking) who enrolled', 1: '6,251'}]]","<table> <tr> <td> FIRST-TIME, FIRST YEAR (FRESHMAN) STUDENT APPLICANTS </td> <td> TOTAL </td> </tr> <tr> <td> Total first-time, first-year (freshman) men who applied </td> <td> 19,730 </td> </tr> <tr> <td> Total first-time, first-year (freshman) women who applied </td> <td> 30,638 </td> </tr> <tr> <td> Total first-time, first-year (freshman) men who were admitted </td> <td> 9,881 </td> </tr> <tr> <td> Total first-time, first-year (freshman) women who were admitted </td> <td> 15,000 </td> </tr> <tr> <td> Total full-time, first-time, first-year (freshman) men who enrolled </td> <td> 2,580 </td> </tr> <tr> <td> Total part-time, first-time, first-year (freshman) men who enrolled </td> <td> 91 </td> </tr> <tr> <td> Total full-time, first-time, first-year (freshman) women who enrolled </td> <td> 3,488 </td> </tr> <tr> <td> Total part-time, first-time, first-year (freshman) women who enrolled </td> <td> 92 </td> </tr> <tr> <td> Total first-time, first-year (degree-seeking) who applied </td> <td> 50,368 </td> </tr> <tr> <td> Total first-time, first-year (degree-seeking) who were admitted </td> <td> 24,881 </td> </tr> <tr> <td> Total first-time, first-year (degree-seeking) who enrolled </td> <td> 6,251 </td> </tr> </table>",137351,../data/cds-docs/2021-2022/137351.pdf,2021-2022
C,2,C2,Freshman wait-listed students,"[[{0: 'WAITING LIST', 1: 'TOTAL'}, {0: 'Number of qualified applicants offered a place on waiting list:', 1: ''}, {0: 'Number accepting a place on the waiting list:', 1: ''}, {0: 'Number of wait-listed students admitted:', 1: ''}]]",<table> <tr> <td> WAITING LIST </td> <td> TOTAL </td> </tr> <tr> <td> Number of qualified applicants offered a place on waiting list: </td> <td> </td> </tr> <tr> <td> Number accepting a place on the waiting list: </td> <td> </td> </tr> <tr> <td> Number of wait-listed students admitted: </td> <td> </td> </tr> </table>,137351,../data/cds-docs/2021-2022/137351.pdf,2021-2022
C,5,C5,Distribution of high school units required and/or recommended. Specify the distribution of academic high school,"[[{0: '', 1: 'Units Required', 2: 'Units Recommended'}, {0: 'Total academic units', 1: '', 2: ''}, {0: 'English', 1: '4', 2: '4'}, {0: 'Mathematics', 1: '4', 2: '4'}, {0: 'Science', 1: '3', 2: '4'}, {0: 'Of these, units that must be lab', 1: '2', 2: '2'}, {0: 'Foreign language', 1: '2', 2: '2'}, {0: 'Social studies', 1: '3', 2: '3'}, {0: 'History', 1: '', 2: ''}, {0: 'Academic electives', 1: '2', 2: '2'}, {0: 'Computer Science', 1: '', 2: ''}, {0: 'Visual/Performing Arts', 1: '', 2: ''}, {0: 'Other (specify)', 1: '', 2: ''}]]","<table> <tr> <td> </td> <td> Units Required </td> <td> Units Recommended </td> </tr> <tr> <td> Total academic units </td> <td> </td> <td> </td> </tr> <tr> <td> English </td> <td> 4 </td> <td> 4 </td> </tr> <tr> <td> Mathematics </td> <td> 4 </td> <td> 4 </td> </tr> <tr> <td> Science </td> <td> 3 </td> <td> 4 </td> </tr> <tr> <td> Of these, units that must be lab </td> <td> 2 </td> <td> 2 </td> </tr> <tr> <td> Foreign language </td> <td> 2 </td> <td> 2 </td> </tr> <tr> <td> Social studies </td> <td> 3 </td> <td> 3 </td> </tr> <tr> <td> History </td> <td> </td> <td> </td> </tr> <tr> <td> Academic electives </td> <td> 2 </td> <td> 2 </td> </tr> <tr> <td> Computer Science </td> <td> </td> <td> </td> </tr> <tr> <td> Visual/Performing Arts </td> <td> </td> <td> </td> </tr> <tr> <td> Other (specify) </td> <td> </td> <td> </td> </tr> </table>",137351,../data/cds-docs/2021-2022/137351.pdf,2021-2022
C,9,C9,"Percent and number of first-time, first-year (freshman) students enrolled in Fall 2021 who submitted national","[[{0: '', 1: 'Percent', 2: 'Number'}, {0: 'Submitting SAT Scores', 1: '70%', 2: '4,422'}, {0: 'Submitting ACT Scores', 1: '30%', 2: '1,858'}], [{0: 'Assessment', 1: '25th Percentile Score', 2: '75th Percentile Score'}, {0: 'SAT Composite', 1: '1,150', 2: '1,330'}, {0: 'SAT Evidence-Based\nReading and Writing', 1: '580', 2: '660'}, {0: 'SAT Math', 1: '560', 2: '670'}, {0: 'ACT Composite', 1: '24', 2: '29'}, {0: 'ACT Math', 1: '22', 2: '27'}, {0: 'ACT English', 1: '23', 2: '30'}, {0: 'ACT Writing', 1: '0', 2: '0'}]]","<table> <tr> <td> </td> <td> Percent </td> <td> Number </td> </tr> <tr> <td> Submitting SAT Scores </td> <td> 70% </td> <td> 4,422 </td> </tr> <tr> <td> Submitting ACT Scores </td> <td> 30% </td> <td> 1,858 </td> </tr> </table><div class=""separator""></div><table> <tr> <td> Assessment </td> <td> 25th Percentile Score </td> <td> 75th Percentile Score </td> </tr> <tr> <td> SAT Composite </td> <td> 1,150 </td> <td> 1,330 </td> </tr> <tr> <td> SAT Evidence-Based <br/> Reading and Writing </td> <td> 580 </td> <td> 660 </td> </tr> <tr> <td> SAT Math </td> <td> 560 </td> <td> 670 </td> </tr> <tr> <td> ACT Composite </td> <td> 24 </td> <td> 29 </td> </tr> <tr> <td> ACT Math </td> <td> 22 </td> <td> 27 </td> </tr> <tr> <td> ACT English </td> <td> 23 </td> <td> 30 </td> </tr> <tr> <td> ACT Writing </td> <td> 0 </td> <td> 0 </td> </tr> </table>",137351,../data/cds-docs/2021-2022/137351.pdf,2021-2022
C,10,C10,"Percent of all degree-seeking, first-time, first-year (freshman) students who had high school class rank within each","[[{0: 'Assessment', 1: 'Percent'}, {0: 'Percent in top tenth of high school graduating class', 1: '30'}, {0: 'Percent in top quarter of high school graduating class', 1: '65'}, {0: 'Percent in top half of high school graduating class', 1: '91'}, {0: 'Percent in bottom half of high school graduating class', 1: '9'}, {0: 'Percent in bottom quarter of high school graduating class', 1: '1'}, {0: 'Percent of total first-time, first-year (freshman) students who submitted\nhigh school class rank:', 1: '59'}]]","<table> <tr> <td> Assessment </td> <td> Percent </td> </tr> <tr> <td> Percent in top tenth of high school graduating class </td> <td> 30 </td> </tr> <tr> <td> Percent in top quarter of high school graduating class </td> <td> 65 </td> </tr> <tr> <td> Percent in top half of high school graduating class </td> <td> 91 </td> </tr> <tr> <td> Percent in bottom half of high school graduating class </td> <td> 9 </td> </tr> <tr> <td> Percent in bottom quarter of high school graduating class </td> <td> 1 </td> </tr> <tr> <td> Percent of total first-time, first-year (freshman) students who submitted <br/> high school class rank: </td> <td> 59 </td> </tr> </table>",137351,../data/cds-docs/2021-2022/137351.pdf,2021-2022
C,11,C11,"Percentage of all enrolled, degree-seeking, first-time, first-year (freshman) students who had high school grade-","[[{0: 'Score Range', 1: 'Percent'}, {0: 'Percent who had GPA of 4.0', 1: '61'}, {0: 'Percent who had GPA between 3.75 and 3.99', 1: '16'}, {0: 'Percent who had GPA between 3.50 and 3.74', 1: '13'}, {0: 'Percent who had GPA between 3.25 and 3.49', 1: '7'}, {0: 'Percent who had GPA between 3.00 and 3.24', 1: '2'}, {0: 'Percent who had GPA between 2.50 and 2.99', 1: '0'}, {0: 'Percent who had GPA between 2.0 and 2.49', 1: '0'}, {0: 'Percent who had GPA between 1.0 and 1.99', 1: '0'}, {0: 'Percent who had GPA below 1.0', 1: '0'}, {0: '', 1: '100%'}]]",<table> <tr> <td> Score Range </td> <td> Percent </td> </tr> <tr> <td> Percent who had GPA of 4.0 </td> <td> 61 </td> </tr> <tr> <td> Percent who had GPA between 3.75 and 3.99 </td> <td> 16 </td> </tr> <tr> <td> Percent who had GPA between 3.50 and 3.74 </td> <td> 13 </td> </tr> <tr> <td> Percent who had GPA between 3.25 and 3.49 </td> <td> 7 </td> </tr> <tr> <td> Percent who had GPA between 3.00 and 3.24 </td> <td> 2 </td> </tr> <tr> <td> Percent who had GPA between 2.50 and 2.99 </td> <td> 0 </td> </tr> <tr> <td> Percent who had GPA between 2.0 and 2.49 </td> <td> 0 </td> </tr> <tr> <td> Percent who had GPA between 1.0 and 1.99 </td> <td> 0 </td> </tr> <tr> <td> Percent who had GPA below 1.0 </td> <td> 0 </td> </tr> <tr> <td> </td> <td> 100% </td> </tr> </table>,137351,../data/cds-docs/2021-2022/137351.pdf,2021-2022
C,12,C12,"Average high school GPA of all degree-seeking, first-time, first-year (freshman) students who submitted GPA:","[[{0: '', 1: '%'}, {0: 'Percent Submitting GPA', 1: '100'}]]",<table> <tr> <td> </td> <td> % </td> </tr> <tr> <td> Percent Submitting GPA </td> <td> 100 </td> </tr> </table>,137351,../data/cds-docs/2021-2022/137351.pdf,2021-2022
C,14,C14,Application closing date,"[[{0: '', 1: 'Date'}, {0: 'Application closing date (fall)', 1: '05/01'}, {0: 'Priority Date', 1: '12/01'}]]",<table> <tr> <td> </td> <td> Date </td> </tr> <tr> <td> Application closing date (fall) </td> <td> 05/01 </td> </tr> <tr> <td> Priority Date </td> <td> 12/01 </td> </tr> </table>,137351,../data/cds-docs/2021-2022/137351.pdf,2021-2022
D,2,D2,"Provide the number of students who applied, were admitted, and enrolled as degree-seeking transfer students in Fall","[[{0: '', 1: 'Applicants', 2: 'Admitted Applicants', 3: 'Enrolled Applicants'}, {0: 'Men', 1: '4,328', 2: '2,692', 3: '1,553'}, {0: 'Women', 1: '6,440', 2: '4,209', 3: '2,266'}, {0: 'Total', 1: '10,768', 2: '6,901', 3: '3,819'}]]","<table> <tr> <td> </td> <td> Applicants </td> <td> Admitted Applicants </td> <td> Enrolled Applicants </td> </tr> <tr> <td> Men </td> <td> 4,328 </td> <td> 2,692 </td> <td> 1,553 </td> </tr> <tr> <td> Women </td> <td> 6,440 </td> <td> 4,209 </td> <td> 2,266 </td> </tr> <tr> <td> Total </td> <td> 10,768 </td> <td> 6,901 </td> <td> 3,819 </td> </tr> </table>",137351,../data/cds-docs/2021-2022/137351.pdf,2021-2022
D,5,D5,Indicate all items required of transfer students to apply for admission:,"[[{0: '', 1: 'Required All of', 2: 'Recommended\nof All', 3: 'Recommended\nof Some', 4: 'Required Some of', 5: 'Not required'}, {0: 'High school transcript', 1: '☐', 2: '☐', 3: '☐', 4: '☒', 5: '☐'}, {0: 'College transcript(s)', 1: '☒', 2: '☐', 3: '☐', 4: '☐', 5: '☐'}, {0: 'Essay or personal statement', 1: '☐', 2: '☐', 3: '☐', 4: '☐', 5: '☒'}, {0: 'Interview', 1: '☐', 2: '☐', 3: '☐', 4: '☐', 5: '☒'}, {0: 'Standardized test scores', 1: '☐', 2: '☐', 3: '☐', 4: '☒', 5: '☐'}, {0: 'Statement of good standing from\nprior institution(s)', 1: '☒', 2: '☐', 3: '☐', 4: '☐', 5: '☐'}]]",<table> <tr> <td> </td> <td> Required All of </td> <td> Recommended <br/> of All </td> <td> Recommended <br/> of Some </td> <td> Required Some of </td> <td> Not required </td> </tr> <tr> <td> High school transcript </td> <td> ☐ </td> <td> ☐ </td> <td> ☐ </td> <td> ☒ </td> <td> ☐ </td> </tr> <tr> <td> College transcript(s) </td> <td> ☒ </td> <td> ☐ </td> <td> ☐ </td> <td> ☐ </td> <td> ☐ </td> </tr> <tr> <td> Essay or personal statement </td> <td> ☐ </td> <td> ☐ </td> <td> ☐ </td> <td> ☐ </td> <td> ☒ </td> </tr> <tr> <td> Interview </td> <td> ☐ </td> <td> ☐ </td> <td> ☐ </td> <td> ☐ </td> <td> ☒ </td> </tr> <tr> <td> Standardized test scores </td> <td> ☐ </td> <td> ☐ </td> <td> ☐ </td> <td> ☒ </td> <td> ☐ </td> </tr> <tr> <td> Statement of good standing from <br/> prior institution(s) </td> <td> ☒ </td> <td> ☐ </td> <td> ☐ </td> <td> ☐ </td> <td> ☐ </td> </tr> </table>,137351,../data/cds-docs/2021-2022/137351.pdf,2021-2022
D,9,D9,"List application priority, closing, notification, and candidate reply dates for transfer students. If applications are reviewed","[[{0: '', 1: 'Priority Date', 2: 'Closing Date', 3: 'Notification Date', 4: 'Reply Date', 5: 'Rolling\nAdmission'}, {0: 'Fall', 1: '', 2: '07/01', 3: '', 4: '', 5: '☒'}, {0: 'Winter', 1: '', 2: '', 3: '', 4: '', 5: '☐'}, {0: 'Spring', 1: '', 2: '11/15', 3: '', 4: '', 5: '☒'}, {0: 'Summer', 1: '', 2: '04/01', 3: '', 4: '', 5: '☒'}]]",<table> <tr> <td> </td> <td> Priority Date </td> <td> Closing Date </td> <td> Notification Date </td> <td> Reply Date </td> <td> Rolling <br/> Admission </td> </tr> <tr> <td> Fall </td> <td> </td> <td> 07/01 </td> <td> </td> <td> </td> <td> ☒ </td> </tr> <tr> <td> Winter </td> <td> </td> <td> </td> <td> </td> <td> </td> <td> ☐ </td> </tr> <tr> <td> Spring </td> <td> </td> <td> 11/15 </td> <td> </td> <td> </td> <td> ☒ </td> </tr> <tr> <td> Summer </td> <td> </td> <td> 04/01 </td> <td> </td> <td> </td> <td> ☒ </td> </tr> </table>,137351,../data/cds-docs/2021-2022/137351.pdf,2021-2022
F,1,F1,"Percentages of first-time, first-year (freshman) degree-seeking students and degree-seeking undergraduates","[[{0: '', 1: 'First-time, first\ufffe\nyear (freshman)\nstudents', 2: 'Undergraduates'}, {0: 'Percent who are from out of state (exclude international/nonresident aliens\nfrom the numerator and denominator)', 1: '13%', 2: '8%'}, {0: 'Percent of men who join fraternities', 1: '3%', 2: '5%'}, {0: 'Percent of women who join sororities', 1: '6%', 2: '6%'}, {0: 'Percent who live in college-owned, -operated, or -affiliated housing', 1: '57%', 2: '18%'}, {0: 'Percent who live off campus or commute', 1: '43%', 2: '82%'}, {0: 'Percent of students age 25 and older', 1: '0%', 2: '12%'}, {0: 'Average age of full-time students', 1: '18', 2: '20'}, {0: 'Average age of all students (full- and part-time)', 1: '18', 2: '21'}]]","<table> <tr> <td> </td> <td> First-time, first￾ <br/> year (freshman) <br/> students </td> <td> Undergraduates </td> </tr> <tr> <td> Percent who are from out of state (exclude international/nonresident aliens <br/> from the numerator and denominator) </td> <td> 13% </td> <td> 8% </td> </tr> <tr> <td> Percent of men who join fraternities </td> <td> 3% </td> <td> 5% </td> </tr> <tr> <td> Percent of women who join sororities </td> <td> 6% </td> <td> 6% </td> </tr> <tr> <td> Percent who live in college-owned, -operated, or -affiliated housing </td> <td> 57% </td> <td> 18% </td> </tr> <tr> <td> Percent who live off campus or commute </td> <td> 43% </td> <td> 82% </td> </tr> <tr> <td> Percent of students age 25 and older </td> <td> 0% </td> <td> 12% </td> </tr> <tr> <td> Average age of full-time students </td> <td> 18 </td> <td> 20 </td> </tr> <tr> <td> Average age of all students (full- and part-time) </td> <td> 18 </td> <td> 21 </td> </tr> </table>",137351,../data/cds-docs/2021-2022/137351.pdf,2021-2022
G,1,G1,"Undergraduate full-time tuition, required fees, room and board","[[{0: '', 1: 'FIRST-YEAR', 2: 'UNDERGRADUATES'}, {0: 'PRIVATE INSTITUTION', 1: '', 2: ''}, {0: 'Tuition:', 1: '', 2: ''}, {0: 'PUBLIC INSTITUTION', 1: '', 2: ''}, {0: 'Tuition: In-district:', 1: '$4559', 2: '$4559'}, {0: 'Tuition: In-state (out-of-district):', 1: '$4559', 2: '$4559'}, {0: 'Tuition: Out-of-state:', 1: '$15,473', 2: '$15,473'}, {0: 'Tuition: Non-resident alien', 1: '$15,473', 2: '$15,473'}, {0: 'FOR ALL INSTITUTIONS', 1: '', 2: ''}, {0: 'Required Fees', 1: '$1,851', 2: '$1,851'}, {0: 'Room and Board (on-campus):', 1: '$12,568', 2: '$12,568'}, {0: 'Room Only (on-campus):', 1: '$8,328', 2: '$8,328'}, {0: 'Board Only (on-campus meal plan):', 1: '$4,240', 2: '$4,240'}]]","<table> <tr> <td> </td> <td> FIRST-YEAR </td> <td> UNDERGRADUATES </td> </tr> <tr> <td> PRIVATE INSTITUTION </td> <td> </td> <td> </td> </tr> <tr> <td> Tuition: </td> <td> </td> <td> </td> </tr> <tr> <td> PUBLIC INSTITUTION </td> <td> </td> <td> </td> </tr> <tr> <td> Tuition: In-district: </td> <td> $4559 </td> <td> $4559 </td> </tr> <tr> <td> Tuition: In-state (out-of-district): </td> <td> $4559 </td> <td> $4559 </td> </tr> <tr> <td> Tuition: Out-of-state: </td> <td> $15,473 </td> <td> $15,473 </td> </tr> <tr> <td> Tuition: Non-resident alien </td> <td> $15,473 </td> <td> $15,473 </td> </tr> <tr> <td> FOR ALL INSTITUTIONS </td> <td> </td> <td> </td> </tr> <tr> <td> Required Fees </td> <td> $1,851 </td> <td> $1,851 </td> </tr> <tr> <td> Room and Board (on-campus): </td> <td> $12,568 </td> <td> $12,568 </td> </tr> <tr> <td> Room Only (on-campus): </td> <td> $8,328 </td> <td> $8,328 </td> </tr> <tr> <td> Board Only (on-campus meal plan): </td> <td> $4,240 </td> <td> $4,240 </td> </tr> </table>",137351,../data/cds-docs/2021-2022/137351.pdf,2021-2022
G,5,G5,Provide the estimated expenses for a typical full-time undergraduate student:,"[[{0: '', 1: 'Residents', 2: 'Commuters\n(living at home)', 3: 'Commuters\n(not living at home)'}, {0: 'Books and supplies:', 1: '$1,100', 2: '$1,100', 3: '$1,100'}, {0: 'Room only:', 1: '', 2: '', 3: '$5,962'}, {0: 'Board only:', 1: '', 2: '', 3: '$4,240'}, {0: 'Room and board total*', 1: '', 2: '', 3: ''}, {0: 'Transportation:', 1: '$1,600', 2: '$1,600', 3: '$1,600'}, {0: 'Other expenses:', 1: '$2,500', 2: '$2,500', 3: '$2,500'}]]","<table> <tr> <td> </td> <td> Residents </td> <td> Commuters <br/> (living at home) </td> <td> Commuters <br/> (not living at home) </td> </tr> <tr> <td> Books and supplies: </td> <td> $1,100 </td> <td> $1,100 </td> <td> $1,100 </td> </tr> <tr> <td> Room only: </td> <td rowspan=""3""> </td> <td> </td> <td> $5,962 </td> </tr> <tr> <td> Board only: </td> <td> </td> <td> $4,240 </td> </tr> <tr> <td> Room and board total* </td> <td> </td> <td> </td> </tr> <tr> <td> Transportation: </td> <td> $1,600 </td> <td> $1,600 </td> <td> $1,600 </td> </tr> <tr> <td> Other expenses: </td> <td> $2,500 </td> <td> $2,500 </td> <td> $2,500 </td> </tr> </table>",137351,../data/cds-docs/2021-2022/137351.pdf,2021-2022
G,6,G6,Undergraduate per-credit-hour charges (tuition only):,"[[{0: 'PRIVATE INSTITUTIONS:', 1: ''}, {0: 'PUBLIC INSTITUTIONS:', 1: ''}, {0: 'In-district:', 1: ''}, {0: 'In-state (out-of-district):', 1: '$151.95'}, {0: 'Out-of-state:', 1: '$347.91'}, {0: 'NONRESIDENT ALIENS:', 1: '$347.90'}]]",<table> <tr> <td> PRIVATE INSTITUTIONS: </td> <td> </td> </tr> <tr> <td> PUBLIC INSTITUTIONS: </td> <td> </td> </tr> <tr> <td> In-district: </td> <td> </td> </tr> <tr> <td> In-state (out-of-district): </td> <td> $151.95 </td> </tr> <tr> <td> Out-of-state: </td> <td> $347.91 </td> </tr> <tr> <td> NONRESIDENT ALIENS: </td> <td> $347.90 </td> </tr> </table>,137351,../data/cds-docs/2021-2022/137351.pdf,2021-2022
H,1,H1,Enter total dollar amounts awarded to enrolled full-time and less than full-time degree-seeking undergraduates (using,"[[{0: '', 1: 'Need-based\n(Include non-need\ufffe\nbased aid use to meet\nneed.)', 2: 'Non-need-based\n(Exclude non-need\ufffe\nbased aid use to meet\nneed.)'}, {0: 'Scholarships/Grants', 1: '', 2: ''}, {0: 'Federal', 1: '$63,002,744.93', 2: '$56,058.50'}, {0: 'State all states, not only the state in which your institution is\nlocated', 1: '$51,478,662.68', 2: '$37,096,071.12'}, {0: 'Institutional: Endowed scholarships, annual gifts and tuition\nfunded grants, awarded by the college, excluding athletic aid and\ntuition waivers (which are reported below).', 1: '$36,005,434.11', 2: '$16,725,088.87'}, {0: 'Scholarships/grants from external sources (e.g. Kiwanis,\nNational Merit) not awarded by the college', 1: '$2,681,522.13', 2: '$2,110,293.60'}, {0: 'Total Scholarships/Grants', 1: '$153,168,363.85', 2: '$55,987,512.09'}, {0: 'Self-Help', 1: '', 2: ''}, {0: 'Student loans from all sources (excluding parent loans)', 1: '$46,457,116.43', 2: '$14,018,071.57'}, {0: 'Federal Work-Study', 1: '$1,786,014.38', 2: ''}, {0: 'State and other (e.g., institutional) work-study/employment\n(Note: Excludes Federal Work-Study captured above.)', 1: '$303,691.12', 2: '$0.00'}, {0: 'Total Self-Help', 1: '$48,546,821.93', 2: '$14,018,071.57'}, {0: 'Parent Loans', 1: '$2,719,977.11', 2: '$3,794,080.89'}]]","<table> <tr> <td> </td> <td> Need-based <br/> (Include non-need￾ <br/> based aid use to meet <br/> need.) </td> <td> Non-need-based <br/> (Exclude non-need￾ <br/> based aid use to meet <br/> need.) </td> </tr> <tr> <td> Scholarships/Grants </td> <td> </td> <td> </td> </tr> <tr> <td> Federal </td> <td> $63,002,744.93 </td> <td> $56,058.50 </td> </tr> <tr> <td> State all states, not only the state in which your institution is <br/> located </td> <td> $51,478,662.68 </td> <td> $37,096,071.12 </td> </tr> <tr> <td> Institutional: Endowed scholarships, annual gifts and tuition <br/> funded grants, awarded by the college, excluding athletic aid and <br/> tuition waivers (which are reported below). </td> <td> $36,005,434.11 </td> <td> $16,725,088.87 </td> </tr> <tr> <td> Scholarships/grants from external sources (e.g. Kiwanis, <br/> National Merit) not awarded by the college </td> <td> $2,681,522.13 </td> <td> $2,110,293.60 </td> </tr> <tr> <td> Total Scholarships/Grants </td> <td> $153,168,363.85 </td> <td> $55,987,512.09 </td> </tr> <tr> <td> Self-Help </td> <td> </td> <td> </td> </tr> <tr> <td> Student loans from all sources (excluding parent loans) </td> <td> $46,457,116.43 </td> <td> $14,018,071.57 </td> </tr> <tr> <td> Federal Work-Study </td> <td> $1,786,014.38 </td> <td> </td> </tr> <tr> <td> State and other (e.g., institutional) work-study/employment <br/> (Note: Excludes Federal Work-Study captured above.) </td> <td> $303,691.12 </td> <td> $0.00 </td> </tr> <tr> <td> Total Self-Help </td> <td> $48,546,821.93 </td> <td> $14,018,071.57 </td> </tr> <tr> <td> Parent Loans </td> <td> $2,719,977.11 </td> <td> $3,794,080.89 </td> </tr> </table>",137351,../data/cds-docs/2021-2022/137351.pdf,2021-2022
H,2,H2,Number of Enrolled Students Awarded Aid: List the number of degree-seeking full-time and less-than-full-time,"[[{0: '', 1: '', 2: 'First-time\nFull-time\nFreshmen', 3: 'Full-time\nUndergrad\n(Incl. Fresh)', 4: 'Less Full-time Than\nUndergrad'}, {0: 'A', 1: 'Number of degree-seeking undergraduate students (CDS Item B1 if\nreporting on Fall 2021 cohort)', 2: '5,563', 3: '29,291', 4: '7,719'}, {0: 'B', 1: 'Number of students in line a who applied for need-based financial aid', 2: '4,658', 3: '21,419', 4: '4,850'}, {0: 'C', 1: 'Number of students in line b who were determined to have financial\nneed', 2: '2,996', 3: '16,471', 4: '4,180'}, {0: 'D', 1: 'Number of students in line c who were awarded any financial aid', 2: '2,989', 3: '16,389', 4: '3,590'}, {0: 'E', 1: 'Number of students in line d who were awarded any need-based\nscholarship or grant aid', 2: '2,988', 3: '16,174', 4: '3,215'}, {0: 'F', 1: 'Number of students in line d who were awarded any need-based self\ufffe\nhelp aid', 2: '764', 3: '6,432', 4: '1,692'}, {0: 'G', 1: 'Number of students in line d who were awarded any non-need-based\nscholarship or grant aid', 2: '455', 3: '1,240', 4: '48'}, {0: 'H', 1: 'Number of students in line d whose need was fully met (exclude PLUS\nloans, unsubsidized loans, and private alternative loans)', 2: '612', 3: '2,097', 4: '199'}, {0: 'I', 1: 'On average, the percentage of need that was met of students who were\nawarded any need-based aid. Exclude any aid that was awarded in\nexcess of need as well as any resources that were awarded to replace\nEFC (PLUS loans, unsubsidized loans, and private alternative loans)', 2: '74%', 3: '63%', 4: '41%'}, {0: 'J', 1: 'The average financial aid package of those in line d. Exclude any\nresources that were awarded to replace EFC (PLUS loans, unsubsidized\nloans, and private alternative loans)', 2: '$13,504', 3: '$12,047', 4: '$6,706'}, {0: 'K', 1: 'Average need-based scholarship or grant award of those in line e', 2: '$11,300', 3: '$9,210', 4: '$4,093'}, {0: 'L', 1: 'Average need-based self-help award (excluding PLUS loans,\nunsubsidized loans, and private alternative loans) of those in line f', 2: '$4,243', 3: '$5,905', 4: '$6,066'}], [{0: '', 1: '', 2: 'First-time\nFull-time\nFreshmen', 3: 'Full-time\nUndergrad\n(Incl. Fresh)', 4: 'Less Full-time Than\nUndergrad'}, {0: 'N', 1: 'Number of students in line a who had no financial need and who were\nawarded institutional non-need-based scholarship or grant aid (exclude\nthose who were awarded athletic awards and tuition benefits)', 2: '2193', 3: '11,027', 4: '85'}, {0: 'O', 1: 'Average dollar amount of institutional non-need-based scholarship and\ngrant aid awarded to students in line n', 2: '$1,979', 3: '$1,462', 4: '$1,249'}, {0: 'P', 1: 'Number of students in line a who were awarded an institutional non\ufffe\nneed-based athletic scholarship or grant', 2: '58', 3: '294', 4: '5'}, {0: 'Q', 1: 'Average dollar amount of institutional non-need-based athletic\nscholarships and grants awarded to students in line p', 2: '$15,018', 3: '$13,824', 4: '$5,040'}]]","<table> <tr> <td> </td> <td> </td> <td> First-time <br/> Full-time <br/> Freshmen </td> <td> Full-time <br/> Undergrad <br/> (Incl. Fresh) </td> <td> Less Full-time Than <br/> Undergrad </td> </tr> <tr> <td> A </td> <td> Number of degree-seeking undergraduate students (CDS Item B1 if <br/> reporting on Fall 2021 cohort) </td> <td> 5,563 </td> <td> 29,291 </td> <td> 7,719 </td> </tr> <tr> <td> B </td> <td> Number of students in line a who applied for need-based financial aid </td> <td> 4,658 </td> <td> 21,419 </td> <td> 4,850 </td> </tr> <tr> <td> C </td> <td> Number of students in line b who were determined to have financial <br/> need </td> <td> 2,996 </td> <td> 16,471 </td> <td> 4,180 </td> </tr> <tr> <td> D </td> <td> Number of students in line c who were awarded any financial aid </td> <td> 2,989 </td> <td> 16,389 </td> <td> 3,590 </td> </tr> <tr> <td> E </td> <td> Number of students in line d who were awarded any need-based <br/> scholarship or grant aid </td> <td> 2,988 </td> <td> 16,174 </td> <td> 3,215 </td> </tr> <tr> <td> F </td> <td> Number of students in line d who were awarded any need-based self￾ <br/> help aid </td> <td> 764 </td> <td> 6,432 </td> <td> 1,692 </td> </tr> <tr> <td> G </td> <td> Number of students in line d who were awarded any non-need-based <br/> scholarship or grant aid </td> <td> 455 </td> <td> 1,240 </td> <td> 48 </td> </tr> <tr> <td> H </td> <td> Number of students in line d whose need was fully met (exclude PLUS <br/> loans, unsubsidized loans, and private alternative loans) </td> <td> 612 </td> <td> 2,097 </td> <td> 199 </td> </tr> <tr> <td> I </td> <td> On average, the percentage of need that was met of students who were <br/> awarded any need-based aid. Exclude any aid that was awarded in <br/> excess of need as well as any resources that were awarded to replace <br/> EFC (PLUS loans, unsubsidized loans, and private alternative loans) </td> <td> 74% </td> <td> 63% </td> <td> 41% </td> </tr> <tr> <td> J </td> <td> The average financial aid package of those in line d. Exclude any <br/> resources that were awarded to replace EFC (PLUS loans, unsubsidized <br/> loans, and private alternative loans) </td> <td> $13,504 </td> <td> $12,047 </td> <td> $6,706 </td> </tr> <tr> <td> K </td> <td> Average need-based scholarship or grant award of those in line e </td> <td> $11,300 </td> <td> $9,210 </td> <td> $4,093 </td> </tr> <tr> <td> L </td> <td> Average need-based self-help award (excluding PLUS loans, <br/> unsubsidized loans, and private alternative loans) of those in line f </td> <td> $4,243 </td> <td> $5,905 </td> <td> $6,066 </td> </tr> </table><div class=""separator""></div><table> <tr> <td> </td> <td> </td> <td> First-time <br/> Full-time <br/> Freshmen </td> <td> Full-time <br/> Undergrad <br/> (Incl. Fresh) </td> <td> Less Full-time Than <br/> Undergrad </td> </tr> <tr> <td> N </td> <td> Number of students in line a who had no financial need and who were <br/> awarded institutional non-need-based scholarship or grant aid (exclude <br/> those who were awarded athletic awards and tuition benefits) </td> <td> 2193 </td> <td> 11,027 </td> <td> 85 </td> </tr> <tr> <td> O </td> <td> Average dollar amount of institutional non-need-based scholarship and <br/> grant aid awarded to students in line n </td> <td> $1,979 </td> <td> $1,462 </td> <td> $1,249 </td> </tr> <tr> <td> P </td> <td> Number of students in line a who were awarded an institutional non￾ <br/> need-based athletic scholarship or grant </td> <td> 58 </td> <td> 294 </td> <td> 5 </td> </tr> <tr> <td> Q </td> <td> Average dollar amount of institutional non-need-based athletic <br/> scholarships and grants awarded to students in line p </td> <td> $15,018 </td> <td> $13,824 </td> <td> $5,040 </td> </tr> </table>",137351,../data/cds-docs/2021-2022/137351.pdf,2021-2022
H,5,H5,"Number and percent of students in class (defined in H4 above) borrowing from federal, non-federal, and any loan","[[{0: '', 1: 'Source/Type of Loan', 2: 'Number in the\nclass (defined in\nH4 above) who\nborrowed from\nthe types of loans\nspecified in the\nfirst column', 3: 'Percent of the\nclass (defined\nabove) who\nborrowed from\nthe types of loans\nspecified in the\nfirst column\n(nearest 1%)', 4: 'Average per\ufffe\nundergraduate\ufffe\nborrower cumulative\nprincipal borrowed\nfrom the types of\nloans specified in the\nfirst column (nearest\n$1)'}, {0: 'A', 1: 'Any loan program: Federal Perkins, Federal\nStafford Subsidized and Unsubsidized,\ninstitutional, state, private loans that your\ninstitution is aware of, etc. Include both\nFederal Direct Student Loans and Federal\nFamily Education Loans.', 2: '2,159', 3: '44.1%', 4: '$20,670.37'}, {0: 'B', 1: 'Federal loan programs: Federal Perkins,\nFederal Stafford Subsidized and\nUnsubsidized. Include both Federal Direct\nStudent Loans and Federal Family Education\nLoans.', 2: '2,111', 3: '43.1%', 4: '$18,668.16'}, {0: 'C', 1: 'Institutional loan programs.', 2: '38', 3: '0.8%', 4: '$4,390.79'}, {0: 'D', 1: 'State loan programs.', 2: '0', 3: '0.0%', 4: ''}, {0: 'E', 1: 'Private student loans made by a bank or\nlender.', 2: '251', 3: '5.1%', 4: '$20,127.50'}]]","<table> <tr> <td> </td> <td> Source/Type of Loan </td> <td> Number in the <br/> class (defined in <br/> H4 above) who <br/> borrowed from <br/> the types of loans <br/> specified in the <br/> first column </td> <td> Percent of the <br/> class (defined <br/> above) who <br/> borrowed from <br/> the types of loans <br/> specified in the <br/> first column <br/> (nearest 1%) </td> <td> Average per￾ <br/> undergraduate￾ <br/> borrower cumulative <br/> principal borrowed <br/> from the types of <br/> loans specified in the <br/> first column (nearest <br/> $1) </td> </tr> <tr> <td> A </td> <td> Any loan program: Federal Perkins, Federal <br/> Stafford Subsidized and Unsubsidized, <br/> institutional, state, private loans that your <br/> institution is aware of, etc. Include both <br/> Federal Direct Student Loans and Federal <br/> Family Education Loans. </td> <td> 2,159 </td> <td> 44.1% </td> <td> $20,670.37 </td> </tr> <tr> <td> B </td> <td> Federal loan programs: Federal Perkins, <br/> Federal Stafford Subsidized and <br/> Unsubsidized. Include both Federal Direct <br/> Student Loans and Federal Family Education <br/> Loans. </td> <td> 2,111 </td> <td> 43.1% </td> <td> $18,668.16 </td> </tr> <tr> <td> C </td> <td> Institutional loan programs. </td> <td> 38 </td> <td> 0.8% </td> <td> $4,390.79 </td> </tr> <tr> <td> D </td> <td> State loan programs. </td> <td> 0 </td> <td> 0.0% </td> <td> </td> </tr> <tr> <td> E </td> <td> Private student loans made by a bank or <br/> lender. </td> <td> 251 </td> <td> 5.1% </td> <td> $20,127.50 </td> </tr> </table>",137351,../data/cds-docs/2021-2022/137351.pdf,2021-2022
H,14,H14,Check off criteria used in awarding institutional aid. Check all that apply.,"[[{0: '', 1: 'Non-Need Based', 2: 'Need-Based'}, {0: 'Academics', 1: '☒', 2: '☒'}, {0: 'Alumni affiliation', 1: '☐', 2: '☐'}, {0: 'Art', 1: '☒', 2: '☐'}, {0: 'Athletics', 1: '☒', 2: '☐'}, {0: 'Job skills', 1: '☐', 2: '☐'}, {0: 'ROTC', 1: '☒', 2: ''}, {0: 'Leadership', 1: '☒', 2: '☐'}, {0: 'Minority status', 1: '☐', 2: '☐'}, {0: 'Music/drama', 1: '☒', 2: '☐'}, {0: 'Religious affiliation', 1: '☐', 2: '☐'}, {0: 'State/district residency', 1: '☒', 2: '☐'}]]",<table> <tr> <td> </td> <td> Non-Need Based </td> <td> Need-Based </td> </tr> <tr> <td> Academics </td> <td> ☒ </td> <td> ☒ </td> </tr> <tr> <td> Alumni affiliation </td> <td> ☐ </td> <td> ☐ </td> </tr> <tr> <td> Art </td> <td> ☒ </td> <td> ☐ </td> </tr> <tr> <td> Athletics </td> <td> ☒ </td> <td> ☐ </td> </tr> <tr> <td> Job skills </td> <td> ☐ </td> <td> ☐ </td> </tr> <tr> <td> ROTC </td> <td> ☒ </td> <td> </td> </tr> <tr> <td> Leadership </td> <td> ☒ </td> <td> ☐ </td> </tr> <tr> <td> Minority status </td> <td> ☐ </td> <td> ☐ </td> </tr> <tr> <td> Music/drama </td> <td> ☒ </td> <td> ☐ </td> </tr> <tr> <td> Religious affiliation </td> <td> ☐ </td> <td> ☐ </td> </tr> <tr> <td> State/district residency </td> <td> ☒ </td> <td> ☐ </td> </tr> </table>,137351,../data/cds-docs/2021-2022/137351.pdf,2021-2022
