section,table_num,table_code,table_title,table_records,table_html,unitid,file,year
B,1,B1,Institutional Enrollment - Men and Women,"[[{0: 'Undergraduate Students: Full-Time', 1: 'Men', 2: 'Women', 3: 'Another Gender', 4: 'Unknown'}, {0: 'Degree-seeking, first-time first-year\nstudents', 1: '630', 2: '807', 3: '', 4: ''}, {0: 'Other first-year, degree-seeking', 1: '35', 2: '59', 3: '', 4: ''}, {0: 'All other degree-seeking', 1: '2,455', 2: '3,240', 3: '', 4: ''}, {0: 'Total degree-seeking', 1: '3,120', 2: '4,106', 3: '0', 4: '0'}, {0: 'All other undergraduates enrolled in credit', 1: '47', 2: '39', 3: '', 4: ''}, {0: 'Total undergraduate Full-Time Students', 1: '3,167', 2: '4,145', 3: '0', 4: '0'}], [{0: 'Undergraduate Students: Part-Time', 1: 'Men', 2: 'Women', 3: 'Another Gender', 4: 'Unknown'}, {0: 'Degree-seeking, first-time first-year\nstudents', 1: '1', 2: '', 3: '', 4: ''}, {0: 'Other first-year, degree-seeking', 1: '', 2: '1', 3: '', 4: ''}, {0: 'All other degree-seeking', 1: '29', 2: '41', 3: '', 4: ''}, {0: 'Total degree-seeking', 1: '30', 2: '42', 3: '0', 4: '0'}, {0: 'All other undergraduates enrolled in credit', 1: '6', 2: '17', 3: '', 4: ''}, {0: 'Total undergraduate Part-Time Students', 1: '36', 2: '59', 3: '0', 4: '0'}], [{0: 'Undergraduate Students: All', 1: 'Men', 2: 'Women', 3: 'Another Gender', 4: 'Unknown'}, {0: 'Total undergraduate Students', 1: '3,203', 2: '4,204', 3: '', 4: ''}], [{0: 'Graduate Students: Full-Time', 1: 'Graduate Students: Full-Time', 2: 'Graduate Students: Full-Time', 3: 'Graduate Students: Full-Time', 4: 'Graduate Students: Full-Time'}, {0: 'Degree-seeking, first-time', 1: '834', 2: '1540', 3: '', 4: ''}, {0: 'All other degree-seeking', 1: '1356', 2: '2581', 3: '', 4: ''}, {0: 'All other graduates enrolled in credit', 1: '12', 2: '10', 3: '', 4: ''}, {0: 'Total graduate Full-Time Students', 1: '2202', 2: '4131', 3: '0', 4: '0'}], [{0: 'Graduate Students: Part-Time', 1: 'Graduate Students: Part-Time', 2: 'Graduate Students: Part-Time', 3: 'Graduate Students: Part-Time', 4: 'Graduate Students: Part-Time'}, {0: 'Degree-seeking, first-time', 1: '111', 2: '202', 3: '', 4: ''}, {0: 'All other degree-seeking', 1: '239', 2: '367', 3: '', 4: ''}, {0: 'All other graduates enrolled in credit', 1: '226', 2: '294', 3: '', 4: ''}, {0: 'Total graduate Part-Time Students', 1: '576', 2: '863', 3: '0', 4: '0'}], [{0: 'Graduate Students: All', 1: 'Men', 2: 'Women', 3: 'Another Gender', 4: 'Unknown'}, {0: 'Total Graduate Students', 1: '2778', 2: '4,994', 3: '', 4: ''}], [{0: 'All Students: Total', 1: 'Men', 2: 'Women', 3: 'Another Gender', 4: 'Unknown'}, {0: 'Total all students', 1: '5,981', 2: '9,198', 3: '0', 4: '0'}]]","<table> <tr> <td> Undergraduate Students: Full-Time </td> <td> Men </td> <td> Women </td> <td> Another Gender </td> <td> Unknown </td> </tr> <tr> <td> Degree-seeking, first-time first-year <br/> students </td> <td> 630 </td> <td> 807 </td> <td> </td> <td> </td> </tr> <tr> <td> Other first-year, degree-seeking </td> <td> 35 </td> <td> 59 </td> <td> </td> <td> </td> </tr> <tr> <td> All other degree-seeking </td> <td> 2,455 </td> <td> 3,240 </td> <td> </td> <td> </td> </tr> <tr> <td> Total degree-seeking </td> <td> 3,120 </td> <td> 4,106 </td> <td> 0 </td> <td> 0 </td> </tr> <tr> <td> All other undergraduates enrolled in credit </td> <td> 47 </td> <td> 39 </td> <td> </td> <td> </td> </tr> <tr> <td> Total undergraduate Full-Time Students </td> <td> 3,167 </td> <td> 4,145 </td> <td> 0 </td> <td> 0 </td> </tr> </table><div class=""separator""></div><table> <tr> <td> Undergraduate Students: Part-Time </td> <td> Men </td> <td> Women </td> <td> Another Gender </td> <td> Unknown </td> </tr> <tr> <td> Degree-seeking, first-time first-year <br/> students </td> <td> 1 </td> <td> </td> <td> </td> <td> </td> </tr> <tr> <td> Other first-year, degree-seeking </td> <td> </td> <td> 1 </td> <td> </td> <td> </td> </tr> <tr> <td> All other degree-seeking </td> <td> 29 </td> <td> 41 </td> <td> </td> <td> </td> </tr> <tr> <td> Total degree-seeking </td> <td> 30 </td> <td> 42 </td> <td> 0 </td> <td> 0 </td> </tr> <tr> <td> All other undergraduates enrolled in credit </td> <td> 6 </td> <td> 17 </td> <td> </td> <td> </td> </tr> <tr> <td> Total undergraduate Part-Time Students </td> <td> 36 </td> <td> 59 </td> <td> 0 </td> <td> 0 </td> </tr> </table><div class=""separator""></div><table> <tr> <td> Undergraduate Students: All </td> <td> Men </td> <td> Women </td> <td> Another Gender </td> <td> Unknown </td> </tr> <tr> <td> Total undergraduate Students </td> <td> 3,203 </td> <td> 4,204 </td> <td> </td> <td> </td> </tr> </table><div class=""separator""></div><table> <tr> <td colspan=""5""> Graduate Students: Full-Time </td> </tr> <tr> <td> Degree-seeking, first-time </td> <td> 834 </td> <td> 1540 </td> <td> </td> <td> </td> </tr> <tr> <td> All other degree-seeking </td> <td> 1356 </td> <td> 2581 </td> <td> </td> <td> </td> </tr> <tr> <td> All other graduates enrolled in credit </td> <td> 12 </td> <td> 10 </td> <td> </td> <td> </td> </tr> <tr> <td> Total graduate Full-Time Students </td> <td> 2202 </td> <td> 4131 </td> <td> 0 </td> <td> 0 </td> </tr> </table><div class=""separator""></div><table> <tr> <td colspan=""5""> Graduate Students: Part-Time </td> </tr> <tr> <td> Degree-seeking, first-time </td> <td> 111 </td> <td> 202 </td> <td> </td> <td> </td> </tr> <tr> <td> All other degree-seeking </td> <td> 239 </td> <td> 367 </td> <td> </td> <td> </td> </tr> <tr> <td> All other graduates enrolled in credit </td> <td> 226 </td> <td> 294 </td> <td> </td> <td> </td> </tr> <tr> <td> Total graduate Part-Time Students </td> <td> 576 </td> <td> 863 </td> <td> 0 </td> <td> 0 </td> </tr> </table><div class=""separator""></div><table> <tr> <td> Graduate Students: All </td> <td> Men </td> <td> Women </td> <td> Another Gender </td> <td> Unknown </td> </tr> <tr> <td> Total Graduate Students </td> <td> 2778 </td> <td> 4,994 </td> <td> </td> <td> </td> </tr> </table><div class=""separator""></div><table> <tr> <td> All Students: Total </td> <td> Men </td> <td> Women </td> <td> Another Gender </td> <td> Unknown </td> </tr> <tr> <td> Total all students </td> <td> 5,981 </td> <td> 9,198 </td> <td> 0 </td> <td> 0 </td> </tr> </table>",139658,../data/cds-docs/2024-2025/139658.pdf,2024-2025
C,1,C1,"First-time, first-year students: Provide the number of degree-seeking, first-time, first-year students who","[[{0: 'First-Time, First-Year Student Applicants', 1: 'Total'}, {0: 'Total first-time, first-year men who applied', 1: '13792'}, {0: 'Total first-time, first-year women who applied', 1: '20814'}, {0: 'Total first-time, first-year another gender who applied', 1: '8'}, {0: 'Total first-time, first-year unknown gender who applied', 1: ''}], [{0: 'First-Time, First-Year Student Admits', 1: 'Total'}, {0: 'Total first-time, first-year men who were admitted', 1: '1558'}, {0: 'Total first-time, first-year women who were admitted', 1: '2004'}, {0: 'Total first-time, first-year another gender who were admitted', 1: ''}, {0: 'Total first-time, first-year unknown gender who were admitted', 1: ''}], [{0: 'First-Time, First-Year Student Enrollees by Status', 1: 'Total'}, {0: 'Total full-time, first-time, first-year men who enrolled', 1: '630'}, {0: 'Total part-time, first-time, first-year men who enrolled', 1: '1'}, {0: 'Total full-time, first-time, first-year women who enrolled', 1: '807'}, {0: 'Total part-time, first-time, first-year women who enrolled', 1: '0'}, {0: 'Total full-time, first-time, first-year another gender who enrolled', 1: ''}, {0: 'Total part-time, first-time, first-year another gender who enrolled', 1: ''}, {0: 'Total full-time, first-time, first-year unknown gender who enrolled', 1: ''}, {0: 'Total part-time, first-time, first-year unknown gender who enrolled', 1: ''}], [{0: 'First-Time, First-Year Student Applicants', 1: 'Total', 2: 'In-State', 3: 'Out-of-State', 4: 'International', 5: 'Unknown'}, {0: 'Total first-time, first-year who applied', 1: '34614', 2: '4031', 3: '22362', 4: '8221', 5: ''}, {0: 'Total first-time, first-year who were admitted', 1: '3562', 2: '514', 3: '2528', 4: '520', 5: ''}, {0: 'Total first-time, first-year who enrolled', 1: '1438', 2: '217', 3: '983', 4: '238', 5: ''}]]","<table> <tr> <td> First-Time, First-Year Student Applicants </td> <td> Total </td> </tr> <tr> <td> Total first-time, first-year men who applied </td> <td> 13792 </td> </tr> <tr> <td> Total first-time, first-year women who applied </td> <td> 20814 </td> </tr> <tr> <td> Total first-time, first-year another gender who applied </td> <td> 8 </td> </tr> <tr> <td> Total first-time, first-year unknown gender who applied </td> <td> </td> </tr> </table><div class=""separator""></div><table> <tr> <td> First-Time, First-Year Student Admits </td> <td> Total </td> </tr> <tr> <td> Total first-time, first-year men who were admitted </td> <td> 1558 </td> </tr> <tr> <td> Total first-time, first-year women who were admitted </td> <td> 2004 </td> </tr> <tr> <td> Total first-time, first-year another gender who were admitted </td> <td> </td> </tr> <tr> <td> Total first-time, first-year unknown gender who were admitted </td> <td> </td> </tr> </table><div class=""separator""></div><table> <tr> <td> First-Time, First-Year Student Enrollees by Status </td> <td> Total </td> </tr> <tr> <td> Total full-time, first-time, first-year men who enrolled </td> <td> 630 </td> </tr> <tr> <td> Total part-time, first-time, first-year men who enrolled </td> <td> 1 </td> </tr> <tr> <td> Total full-time, first-time, first-year women who enrolled </td> <td> 807 </td> </tr> <tr> <td> Total part-time, first-time, first-year women who enrolled </td> <td> 0 </td> </tr> <tr> <td> Total full-time, first-time, first-year another gender who enrolled </td> <td> </td> </tr> <tr> <td> Total part-time, first-time, first-year another gender who enrolled </td> <td> </td> </tr> <tr> <td> Total full-time, first-time, first-year unknown gender who enrolled </td> <td> </td> </tr> <tr> <td> Total part-time, first-time, first-year unknown gender who enrolled </td> <td> </td> </tr> </table><div class=""separator""></div><table> <tr> <td> First-Time, First-Year Student Applicants </td> <td> Total </td> <td> In-State </td> <td> Out-of-State </td> <td> International </td> <td> Unknown </td> </tr> <tr> <td> Total first-time, first-year who applied </td> <td> 34614 </td> <td> 4031 </td> <td> 22362 </td> <td> 8221 </td> <td> </td> </tr> <tr> <td> Total first-time, first-year who were admitted </td> <td> 3562 </td> <td> 514 </td> <td> 2528 </td> <td> 520 </td> <td> </td> </tr> <tr> <td> Total first-time, first-year who enrolled </td> <td> 1438 </td> <td> 217 </td> <td> 983 </td> <td> 238 </td> <td> </td> </tr> </table>",139658,../data/cds-docs/2024-2025/139658.pdf,2024-2025
C,2,C2,"First-time, first-year wait-listed students","[[{0: 'WAITING LIST', 1: 'TOTAL'}, {0: 'Number of qualified applicants offered a place on waiting list:', 1: '6098'}, {0: 'Number accepting a place on the waiting list:', 1: '3355'}, {0: 'Number of wait-listed students admitted:', 1: '109'}]]",<table> <tr> <td> WAITING LIST </td> <td> TOTAL </td> </tr> <tr> <td> Number of qualified applicants offered a place on waiting list: </td> <td> 6098 </td> </tr> <tr> <td> Number accepting a place on the waiting list: </td> <td> 3355 </td> </tr> <tr> <td> Number of wait-listed students admitted: </td> <td> 109 </td> </tr> </table>,139658,../data/cds-docs/2024-2025/139658.pdf,2024-2025
C,5,C5,Distribution of high school units required and/or recommended. Specify the distribution of academic high,"[[{0: 'Distribution of high school units', 1: 'Required', 2: 'Recommended'}, {0: 'Total academic units', 1: '', 2: '22'}, {0: 'English', 1: '', 2: '4'}, {0: 'Mathematics', 1: '', 2: '4'}, {0: 'Science', 1: '', 2: '4'}, {0: 'Of these, units that must be\nlab', 1: '', 2: '2'}, {0: 'Foreign language', 1: '', 2: '4'}, {0: 'Social studies', 1: '', 2: '2'}, {0: 'History', 1: '', 2: '2'}, {0: 'Academic electives', 1: '', 2: ''}, {0: 'Computer Science', 1: '', 2: '1'}, {0: 'Visual/Performing Arts', 1: '', 2: '1'}, {0: 'Other (specify)', 1: '', 2: ''}]]","<table> <tr> <td> Distribution of high school units </td> <td> Required </td> <td> Recommended </td> </tr> <tr> <td> Total academic units </td> <td> </td> <td> 22 </td> </tr> <tr> <td> English </td> <td> </td> <td> 4 </td> </tr> <tr> <td> Mathematics </td> <td> </td> <td> 4 </td> </tr> <tr> <td> Science </td> <td> </td> <td> 4 </td> </tr> <tr> <td> Of these, units that must be <br/> lab </td> <td> </td> <td> 2 </td> </tr> <tr> <td> Foreign language </td> <td> </td> <td> 4 </td> </tr> <tr> <td> Social studies </td> <td> </td> <td> 2 </td> </tr> <tr> <td> History </td> <td> </td> <td> 2 </td> </tr> <tr> <td> Academic electives </td> <td> </td> <td> </td> </tr> <tr> <td> Computer Science </td> <td> </td> <td> 1 </td> </tr> <tr> <td> Visual/Performing Arts </td> <td> </td> <td> 1 </td> </tr> <tr> <td> Other (specify) </td> <td> </td> <td> </td> </tr> </table>",139658,../data/cds-docs/2024-2025/139658.pdf,2024-2025
C,7,C7,"Relative importance of each of the following academic and nonacademic factors in your first-time, first-","[[{0: 'Academic', 1: 'Very Important', 2: 'Important', 3: 'Considered', 4: 'Not Considered'}, {0: 'Rigor of secondary school record', 1: 'X', 2: '', 3: '', 4: ''}, {0: 'Class rank', 1: '', 2: '', 3: 'X', 4: ''}, {0: 'Academic GPA', 1: 'X', 2: '', 3: '', 4: ''}, {0: 'Standardized test scores', 1: '', 2: 'X', 3: '', 4: ''}, {0: 'Application Essay', 1: '', 2: 'X', 3: '', 4: ''}, {0: 'Recommendation(s)', 1: 'X', 2: '', 3: '', 4: ''}, {0: 'Nonacademic', 1: 'Very Important', 2: 'Important', 3: 'Considered', 4: 'Not Considered'}, {0: 'Interview', 1: '', 2: '', 3: 'X', 4: ''}, {0: 'Extracurricular activities', 1: 'X', 2: '', 3: '', 4: ''}, {0: 'Talent/ability', 1: 'X', 2: '', 3: '', 4: ''}, {0: 'Character/personal qualities', 1: 'X', 2: '', 3: '', 4: ''}, {0: 'First generation', 1: '', 2: '', 3: 'X', 4: ''}, {0: 'Alumni/ae relation', 1: '', 2: '', 3: 'X', 4: ''}, {0: 'Geographical residence', 1: '', 2: '', 3: 'X', 4: ''}, {0: 'State residency', 1: '', 2: '', 3: 'X', 4: ''}, {0: 'Religious affiliation/commitment', 1: '', 2: '', 3: '', 4: 'X'}, {0: 'Volunteer work', 1: '', 2: 'X', 3: '', 4: ''}, {0: 'Work experience', 1: '', 2: '', 3: 'X', 4: ''}, {0: 'Level of applicant’s interest', 1: '', 2: '', 3: '', 4: 'X'}]]",<table> <tr> <td> Academic </td> <td> Very Important </td> <td> Important </td> <td> Considered </td> <td> Not Considered </td> </tr> <tr> <td> Rigor of secondary school record </td> <td> X </td> <td> </td> <td> </td> <td> </td> </tr> <tr> <td> Class rank </td> <td> </td> <td> </td> <td> X </td> <td> </td> </tr> <tr> <td> Academic GPA </td> <td> X </td> <td> </td> <td> </td> <td> </td> </tr> <tr> <td> Standardized test scores </td> <td> </td> <td> X </td> <td> </td> <td> </td> </tr> <tr> <td> Application Essay </td> <td> </td> <td> X </td> <td> </td> <td> </td> </tr> <tr> <td> Recommendation(s) </td> <td> X </td> <td> </td> <td> </td> <td> </td> </tr> <tr> <td> Nonacademic </td> <td> Very Important </td> <td> Important </td> <td> Considered </td> <td> Not Considered </td> </tr> <tr> <td> Interview </td> <td> </td> <td> </td> <td> X </td> <td> </td> </tr> <tr> <td> Extracurricular activities </td> <td> X </td> <td> </td> <td> </td> <td> </td> </tr> <tr> <td> Talent/ability </td> <td> X </td> <td> </td> <td> </td> <td> </td> </tr> <tr> <td> Character/personal qualities </td> <td> X </td> <td> </td> <td> </td> <td> </td> </tr> <tr> <td> First generation </td> <td> </td> <td> </td> <td> X </td> <td> </td> </tr> <tr> <td> Alumni/ae relation </td> <td> </td> <td> </td> <td> X </td> <td> </td> </tr> <tr> <td> Geographical residence </td> <td> </td> <td> </td> <td> X </td> <td> </td> </tr> <tr> <td> State residency </td> <td> </td> <td> </td> <td> X </td> <td> </td> </tr> <tr> <td> Religious affiliation/commitment </td> <td> </td> <td> </td> <td> </td> <td> X </td> </tr> <tr> <td> Volunteer work </td> <td> </td> <td> X </td> <td> </td> <td> </td> </tr> <tr> <td> Work experience </td> <td> </td> <td> </td> <td> X </td> <td> </td> </tr> <tr> <td> Level of applicant’s interest </td> <td> </td> <td> </td> <td> </td> <td> X </td> </tr> </table>,139658,../data/cds-docs/2024-2025/139658.pdf,2024-2025
C,8,C8,: SAT and ACT Policies,"[[{0: 'Yes', 1: 'No'}, {0: 'X', 1: ''}]]",<table> <tr> <td> Yes </td> <td> No </td> </tr> <tr> <td> X </td> <td> </td> </tr> </table>,139658,../data/cds-docs/2024-2025/139658.pdf,2024-2025
C,9,C9,"Percent and number of first-time, first-year students enrolled in Fall 2024 who submitted national","[[{0: '43%', 1: '623'}, {0: '20%', 1: '286'}]]",<table> <tr> <td> 43% </td> <td> 623 </td> </tr> <tr> <td> 20% </td> <td> 286 </td> </tr> </table>,139658,../data/cds-docs/2024-2025/139658.pdf,2024-2025
C,10,C10,"Percent of all degree-seeking, first-time, first-year students who had high school class rank within","[[{0: 'Assessment', 1: 'Percent'}, {0: 'Percent in top tenth of high school graduating class', 1: '80%'}, {0: 'Percent in top quarter of high school graduating class', 1: '97%'}, {0: 'Percent in top half of high school graduating class', 1: '100%'}, {0: 'Percent in bottom half of high school graduating class', 1: ''}, {0: 'Percent in bottom quarter of high school graduating class', 1: ''}, {0: 'Percent of total first-time, first-year students who submitted high school\nclass rank:', 1: '4.59%'}]]","<table> <tr> <td> Assessment </td> <td> Percent </td> </tr> <tr> <td> Percent in top tenth of high school graduating class </td> <td> 80% </td> </tr> <tr> <td> Percent in top quarter of high school graduating class </td> <td> 97% </td> </tr> <tr> <td> Percent in top half of high school graduating class </td> <td> 100% </td> </tr> <tr> <td> Percent in bottom half of high school graduating class </td> <td> </td> </tr> <tr> <td> Percent in bottom quarter of high school graduating class </td> <td> </td> </tr> <tr> <td> Percent of total first-time, first-year students who submitted high school <br/> class rank: </td> <td> 4.59% </td> </tr> </table>",139658,../data/cds-docs/2024-2025/139658.pdf,2024-2025
C,11,C11,"Percentage of all enrolled, degree-seeking, first-time, first-year students who had high school grade-","[[{0: 'Score Range', 1: 'Percent\n(Students who\nsubmitted scores)', 2: 'Percent\n(Students who\ndid not submit\nscores)', 3: 'Percent (All\nenrolled\nstudents)'}, {0: 'Percent who had GPA of 4.0', 1: '', 2: '', 3: '17.41%'}, {0: 'Percent who had GPA between 3.75 and 3.99', 1: '', 2: '', 3: '58.38%'}, {0: 'Percent who had GPA between 3.50 and 3.74', 1: '', 2: '', 3: '21.24%'}, {0: 'Percent who had GPA between 3.25 and 3.49', 1: '', 2: '', 3: '2.53%'}, {0: 'Percent who had GPA between 3.00 and 3.24', 1: '', 2: '', 3: '0.44%'}, {0: 'Percent who had GPA between 2.50 and 2.99', 1: '', 2: '', 3: ''}, {0: 'Percent who had GPA between 2.0 and 2.49', 1: '', 2: '', 3: ''}, {0: 'Percent who had GPA between 1.0 and 1.99', 1: '', 2: '', 3: ''}, {0: 'Percent who had GPA below 1.0', 1: '', 2: '', 3: ''}, {0: 'Totals should = 100%', 1: '0.00%', 2: '0.00%', 3: '100.00%'}]]",<table> <tr> <td> Score Range </td> <td> Percent <br/> (Students who <br/> submitted scores) </td> <td> Percent <br/> (Students who <br/> did not submit <br/> scores) </td> <td> Percent (All <br/> enrolled <br/> students) </td> </tr> <tr> <td> Percent who had GPA of 4.0 </td> <td> </td> <td> </td> <td> 17.41% </td> </tr> <tr> <td> Percent who had GPA between 3.75 and 3.99 </td> <td> </td> <td> </td> <td> 58.38% </td> </tr> <tr> <td> Percent who had GPA between 3.50 and 3.74 </td> <td> </td> <td> </td> <td> 21.24% </td> </tr> <tr> <td> Percent who had GPA between 3.25 and 3.49 </td> <td> </td> <td> </td> <td> 2.53% </td> </tr> <tr> <td> Percent who had GPA between 3.00 and 3.24 </td> <td> </td> <td> </td> <td> 0.44% </td> </tr> <tr> <td> Percent who had GPA between 2.50 and 2.99 </td> <td> </td> <td> </td> <td> </td> </tr> <tr> <td> Percent who had GPA between 2.0 and 2.49 </td> <td> </td> <td> </td> <td> </td> </tr> <tr> <td> Percent who had GPA between 1.0 and 1.99 </td> <td> </td> <td> </td> <td> </td> </tr> <tr> <td> Percent who had GPA below 1.0 </td> <td> </td> <td> </td> <td> </td> </tr> <tr> <td> Totals should = 100% </td> <td> 0.00% </td> <td> 0.00% </td> <td> 100.00% </td> </tr> </table>,139658,../data/cds-docs/2024-2025/139658.pdf,2024-2025
C,14,C14,Application closing date,"[[{0: '', 1: 'Date'}, {0: 'Application closing date (fall)', 1: '1/1'}, {0: 'Priority Date', 1: ''}]]",<table> <tr> <td> </td> <td> Date </td> </tr> <tr> <td> Application closing date (fall) </td> <td> 1/1 </td> </tr> <tr> <td> Priority Date </td> <td> </td> </tr> </table>,139658,../data/cds-docs/2024-2025/139658.pdf,2024-2025
D,2,D2,"Provide the number of students who applied, were admitted, and enrolled as degree-seeking transfer","[[{0: 'Transfer Admission', 1: 'Applicants', 2: 'Admitted', 3: 'Enrolled'}, {0: 'Men', 1: '1,231', 2: '201', 3: '76'}, {0: 'Women', 1: '1,213', 2: '195', 3: '65'}, {0: 'Another Gender', 1: '1', 2: '0', 3: '0'}, {0: 'Unknown', 1: '0', 2: '0', 3: '0'}, {0: 'Total', 1: '2,445', 2: '396', 3: '141'}]]","<table> <tr> <td> Transfer Admission </td> <td> Applicants </td> <td> Admitted </td> <td> Enrolled </td> </tr> <tr> <td> Men </td> <td> 1,231 </td> <td> 201 </td> <td> 76 </td> </tr> <tr> <td> Women </td> <td> 1,213 </td> <td> 195 </td> <td> 65 </td> </tr> <tr> <td> Another Gender </td> <td> 1 </td> <td> 0 </td> <td> 0 </td> </tr> <tr> <td> Unknown </td> <td> 0 </td> <td> 0 </td> <td> 0 </td> </tr> <tr> <td> Total </td> <td> 2,445 </td> <td> 396 </td> <td> 141 </td> </tr> </table>",139658,../data/cds-docs/2024-2025/139658.pdf,2024-2025
D,9,D9,"List application priority, closing, notification, and candidate reply dates for transfer students. If applications","[[{0: 'Term', 1: 'Priority Date', 2: 'Closing Date', 3: 'Notification Date', 4: 'Reply Date'}, {0: 'Fall', 1: '', 2: '3/15', 3: '5/1', 4: ''}, {0: 'Winter', 1: '', 2: '', 3: '', 4: ''}, {0: 'Spring', 1: '', 2: '', 3: '', 4: ''}]]",<table> <tr> <td> Term </td> <td> Priority Date </td> <td> Closing Date </td> <td> Notification Date </td> <td> Reply Date </td> </tr> <tr> <td> Fall </td> <td> </td> <td> 3/15 </td> <td> 5/1 </td> <td> </td> </tr> <tr> <td> Winter </td> <td> </td> <td> </td> <td> </td> <td> </td> </tr> <tr> <td> Spring </td> <td> </td> <td> </td> <td> </td> <td> </td> </tr> </table>,139658,../data/cds-docs/2024-2025/139658.pdf,2024-2025
F,1,F1,"Percentages of first-time, first-year degree-seeking students and degree-seeking undergraduates enrolled in Fall 2024 who fit the","[[{0: '', 1: 'First-time, first\ufffe\nyear students', 2: 'Undergraduates'}, {0: 'Percent who are from out of state (exclude\ninternational/nonresidents from the\nnumerator and denominator)', 1: '82%', 2: '82%'}, {0: 'Percent of men who join fraternities', 1: '', 2: '23%'}, {0: 'Percent of women who join sororities', 1: '', 2: '21%'}, {0: 'Percent who live in college-owned, -\noperated, or -affiliated housing', 1: '98%', 2: '57%'}, {0: 'Percent who live off campus or commute', 1: '2%', 2: '43%'}, {0: 'Percent of students age 25 and older', 1: '0%', 2: '2%'}, {0: 'Average age of full-time students', 1: '18', 2: '20'}, {0: 'Average age of all students (full- and part-', 1: '18', 2: '20'}]]","<table> <tr> <td> </td> <td> First-time, first￾ <br/> year students </td> <td> Undergraduates </td> </tr> <tr> <td> Percent who are from out of state (exclude <br/> international/nonresidents from the <br/> numerator and denominator) </td> <td> 82% </td> <td> 82% </td> </tr> <tr> <td> Percent of men who join fraternities </td> <td> </td> <td> 23% </td> </tr> <tr> <td> Percent of women who join sororities </td> <td> </td> <td> 21% </td> </tr> <tr> <td> Percent who live in college-owned, - <br/> operated, or -affiliated housing </td> <td> 98% </td> <td> 57% </td> </tr> <tr> <td> Percent who live off campus or commute </td> <td> 2% </td> <td> 43% </td> </tr> <tr> <td> Percent of students age 25 and older </td> <td> 0% </td> <td> 2% </td> </tr> <tr> <td> Average age of full-time students </td> <td> 18 </td> <td> 20 </td> </tr> <tr> <td> Average age of all students (full- and part- </td> <td> 18 </td> <td> 20 </td> </tr> </table>",139658,../data/cds-docs/2024-2025/139658.pdf,2024-2025
F,3,F3,ROTC (program offered in cooperation with Reserve Officers' Training Corps),"[[{0: 'Programs', 1: 'Marine Option\n(for Naval ROTC)', 2: 'On Campus', 3: 'At Cooperating\nInstitution', 4: 'Name of\nCooperating\nInstitution'}, {0: 'Army ROTC is offered:', 1: '', 2: '', 3: 'X', 4: 'Georgia Institute of'}, {0: 'Naval ROTC is offered:', 1: '', 2: '', 3: 'X', 4: 'Georgia Institute of'}, {0: 'Air Force ROTC is offered:', 1: '', 2: '', 3: 'X', 4: 'Georgia Institute of'}]]",<table> <tr> <td> Programs </td> <td> Marine Option <br/> (for Naval ROTC) </td> <td> On Campus </td> <td> At Cooperating <br/> Institution </td> <td> Name of <br/> Cooperating <br/> Institution </td> </tr> <tr> <td> Army ROTC is offered: </td> <td> </td> <td> </td> <td> X </td> <td> Georgia Institute of </td> </tr> <tr> <td> Naval ROTC is offered: </td> <td> </td> <td> </td> <td> X </td> <td> Georgia Institute of </td> </tr> <tr> <td> Air Force ROTC is offered: </td> <td> </td> <td> </td> <td> X </td> <td> Georgia Institute of </td> </tr> </table>,139658,../data/cds-docs/2024-2025/139658.pdf,2024-2025
G,1,G1,"Undergraduate full-time tuition, required fees, food and housing","[[{0: 'PRIVATE INSTITUTIONS', 1: 'First-Year', 2: 'Undergraduates'}, {0: 'Tuition:', 1: '$67,080', 2: '$67,080'}], [{0: 'PUBLIC INSTITUTIONS', 1: 'First-Year', 2: 'Undergraduates'}, {0: 'Tuition: In-district', 1: '', 2: ''}, {0: 'Tuition: In-state (out-of-district):', 1: '', 2: ''}, {0: 'Tuition: Out-of-state:', 1: '', 2: ''}, {0: 'Tuition: Non-resident', 1: '', 2: ''}, {0: 'FOR ALL INSTITUTIONS', 1: 'First-Year', 2: 'Undergraduates'}, {0: 'Required Fees:', 1: '$976', 2: '$976'}, {0: 'Food and housing (on-campus):', 1: '$21,244', 2: '$21,244'}, {0: 'Housing Only (on-campus):', 1: '$12,498', 2: '$12,498'}, {0: 'Food Only (on-campus meal plan):', 1: '$8,746', 2: '$8,746'}]]","<table> <tr> <td> PRIVATE INSTITUTIONS </td> <td> First-Year </td> <td> Undergraduates </td> </tr> <tr> <td> Tuition: </td> <td> $67,080 </td> <td> $67,080 </td> </tr> </table><div class=""separator""></div><table> <tr> <td> PUBLIC INSTITUTIONS </td> <td> First-Year </td> <td> Undergraduates </td> </tr> <tr> <td> Tuition: In-district </td> <td> </td> <td> </td> </tr> <tr> <td> Tuition: In-state (out-of-district): </td> <td> </td> <td> </td> </tr> <tr> <td> Tuition: Out-of-state: </td> <td> </td> <td> </td> </tr> <tr> <td> Tuition: Non-resident </td> <td> </td> <td> </td> </tr> <tr> <td> FOR ALL INSTITUTIONS </td> <td> First-Year </td> <td> Undergraduates </td> </tr> <tr> <td> Required Fees: </td> <td> $976 </td> <td> $976 </td> </tr> <tr> <td> Food and housing (on-campus): </td> <td> $21,244 </td> <td> $21,244 </td> </tr> <tr> <td> Housing Only (on-campus): </td> <td> $12,498 </td> <td> $12,498 </td> </tr> <tr> <td> Food Only (on-campus meal plan): </td> <td> $8,746 </td> <td> $8,746 </td> </tr> </table>",139658,../data/cds-docs/2024-2025/139658.pdf,2024-2025
G,5,G5,Provide the estimated expenses for a typical full-time undergraduate student:,"[[{0: '', 1: 'Residents', 2: 'Commuters', 3: 'Commuters'}, {0: 'Books and supplies:', 1: '$1,274', 2: '$1,274', 3: '$1,274'}, {0: 'Housing only:', 1: 'Not Applicable', 2: 'Not Applicable', 3: '$12,498'}, {0: 'Food only:', 1: 'Not Applicable', 2: '', 3: '$8,746'}, {0: 'Food and housing total*', 1: 'Not Applicable', 2: 'Not Applicable', 3: ''}, {0: 'Transportation:', 1: '', 2: '', 3: '$1,088'}, {0: 'Other expenses:', 1: '', 2: '', 3: '$1,602'}]]","<table> <tr> <td> </td> <td> Residents </td> <td> Commuters </td> <td> Commuters </td> </tr> <tr> <td> Books and supplies: </td> <td> $1,274 </td> <td> $1,274 </td> <td> $1,274 </td> </tr> <tr> <td> Housing only: </td> <td> Not Applicable </td> <td> Not Applicable </td> <td> $12,498 </td> </tr> <tr> <td> Food only: </td> <td> Not Applicable </td> <td> </td> <td> $8,746 </td> </tr> <tr> <td> Food and housing total* </td> <td> Not Applicable </td> <td> Not Applicable </td> <td> </td> </tr> <tr> <td> Transportation: </td> <td> </td> <td> </td> <td> $1,088 </td> </tr> <tr> <td> Other expenses: </td> <td> </td> <td> </td> <td> $1,602 </td> </tr> </table>",139658,../data/cds-docs/2024-2025/139658.pdf,2024-2025
G,6,G6,Undergraduate per-credit-hour charges (tuition only):,"[[{0: 'PRIVATE INSTITUTIONS:', 1: '$2,795.00'}, {0: 'PUBLIC INSTITUTIONS:', 1: ''}, {0: 'In-district:', 1: ''}, {0: 'In-state (out-of-district):', 1: ''}, {0: 'Out-of-state:', 1: ''}, {0: 'NONRESIDENTS:', 1: ''}]]","<table> <tr> <td> PRIVATE INSTITUTIONS: </td> <td> $2,795.00 </td> </tr> <tr> <td> PUBLIC INSTITUTIONS: </td> <td> </td> </tr> <tr> <td> In-district: </td> <td> </td> </tr> <tr> <td> In-state (out-of-district): </td> <td> </td> </tr> <tr> <td> Out-of-state: </td> <td> </td> </tr> <tr> <td> NONRESIDENTS: </td> <td> </td> </tr> </table>",139658,../data/cds-docs/2024-2025/139658.pdf,2024-2025
H,2,H2,", A, and H6 below:","[[{0: 'Aid Awarded', 1: 'Need-based\n(Include non\ufffe\nneed-based aid\nuse need.) to meet', 2: 'Non-need\ufffe\nbased\n(Exclude non\ufffe\nneed-based aid\nuse need.) to meet'}, {0: 'Scholarships/Grants', 1: '', 2: ''}, {0: 'Federal', 1: '$10,852,473', 2: ''}, {0: 'State all states, not only the state in which your institution is located', 1: '$3,636,303', 2: '$2,115,767'}, {0: 'Institutional: Endowed scholarships, annual gifts and tuition funded\ngrants, awarded by the college, excluding athletic aid and tuition\nwaivers (which are reported below).', 1: '$170,991,348', 2: '$15,118,391'}, {0: 'Scholarships/grants from external sources (e.g. Kiwanis, National\nMerit) not awarded by the college', 1: '$1,839,968', 2: '$3,860,421'}, {0: 'Total Scholarships/Grants', 1: '$187,320,092', 2: '$21,094,580'}, {0: 'Self-Help', 1: '', 2: ''}, {0: 'Student loans from all sources (excluding parent loans)', 1: '$3,555,736', 2: '$6,228,526'}, {0: 'Federal Work-Study', 1: '$5,204,742', 2: ''}, {0: 'State and other (e.g., institutional) work-study/employment (Note:\nExcludes Federal Work-Study captured above.)', 1: '$257,215', 2: '$813,229'}, {0: 'Total Self-Help', 1: '$9,017,693', 2: '$7,041,755'}, {0: 'Parent Loans', 1: '$1,421,658', 2: '$6,618,263'}, {0: 'Tuition Waivers\nNote: Reporting is optional. Report tuition waivers in this row if you\nchoose to report them. Do not report tuition waivers elsewhere.', 1: '', 2: ''}, {0: 'Athletic Awards', 1: '', 2: ''}], [{0: '', 1: 'Number of Enrolled Students Awarded Aid', 2: 'First-time Full\ufffe\ntime First-year\nStudents', 3: 'Full-time\nUndergrad\n(Incl. First-Year)', 4: 'Less Full-time Than\nUndergrad'}, {0: 'A', 1: 'Number of degree-seeking undergraduate students\n(CDS Item B1 if reporting on Fall 2024 cohort)', 2: '1437', 3: '7226', 4: '72'}], [{0: '', 1: 'Number of Enrolled Students Awarded Non-need\ufffe\nbased Scholarships and Grants', 2: 'First-time\nFull-time\nFirst-year\nStudents', 3: 'Full-time\nUndergrad\n(Incl. First-year.)', 4: 'Less Full-time Than\nUndergrad'}, {0: 'N', 1: 'Number of students in line a who had no financial need\nand who were awarded institutional non-need-based\nscholarship or grant aid (exclude those who were\nawarded athletic awards and tuition benefits)', 2: '70', 3: '421', 4: '3'}, {0: 'O', 1: 'Average dollar amount of institutional non-need-based\nscholarship and grant aid awarded to students in line n', 2: '$ 38,751', 3: '$ 30,961', 4: '$ 543'}, {0: 'P', 1: 'Number of students in line a who were awarded an\ninstitutional non-need-based athletic scholarship or\ngrant', 2: '', 3: '', 4: ''}, {0: 'Q', 1: 'Average dollar amount of institutional non-need-based\nathletic scholarships and grants awarded to students in\nline p', 2: '', 3: '', 4: ''}]]","<table> <tr> <td> Aid Awarded </td> <td> Need-based <br/> (Include non￾ <br/> need-based aid <br/> use need.) to meet </td> <td> Non-need￾ <br/> based <br/> (Exclude non￾ <br/> need-based aid <br/> use need.) to meet </td> </tr> <tr> <td> Scholarships/Grants </td> <td> </td> <td> </td> </tr> <tr> <td> Federal </td> <td> $10,852,473 </td> <td> </td> </tr> <tr> <td> State all states, not only the state in which your institution is located </td> <td> $3,636,303 </td> <td> $2,115,767 </td> </tr> <tr> <td> Institutional: Endowed scholarships, annual gifts and tuition funded <br/> grants, awarded by the college, excluding athletic aid and tuition <br/> waivers (which are reported below). </td> <td> $170,991,348 </td> <td> $15,118,391 </td> </tr> <tr> <td> Scholarships/grants from external sources (e.g. Kiwanis, National <br/> Merit) not awarded by the college </td> <td> $1,839,968 </td> <td> $3,860,421 </td> </tr> <tr> <td> Total Scholarships/Grants </td> <td> $187,320,092 </td> <td> $21,094,580 </td> </tr> <tr> <td> Self-Help </td> <td> </td> <td> </td> </tr> <tr> <td> Student loans from all sources (excluding parent loans) </td> <td> $3,555,736 </td> <td> $6,228,526 </td> </tr> <tr> <td> Federal Work-Study </td> <td> $5,204,742 </td> <td> </td> </tr> <tr> <td> State and other (e.g., institutional) work-study/employment (Note: <br/> Excludes Federal Work-Study captured above.) </td> <td> $257,215 </td> <td> $813,229 </td> </tr> <tr> <td> Total Self-Help </td> <td> $9,017,693 </td> <td> $7,041,755 </td> </tr> <tr> <td> Parent Loans </td> <td> $1,421,658 </td> <td> $6,618,263 </td> </tr> <tr> <td> Tuition Waivers <br/> Note: Reporting is optional. Report tuition waivers in this row if you <br/> choose to report them. Do not report tuition waivers elsewhere. </td> <td> </td> <td> </td> </tr> <tr> <td> Athletic Awards </td> <td> </td> <td> </td> </tr> </table><div class=""separator""></div><table> <tr> <td> </td> <td> Number of Enrolled Students Awarded Aid </td> <td> First-time Full￾ <br/> time First-year <br/> Students </td> <td> Full-time <br/> Undergrad <br/> (Incl. First-Year) </td> <td> Less Full-time Than <br/> Undergrad </td> </tr> <tr> <td> A </td> <td> Number of degree-seeking undergraduate students <br/> (CDS Item B1 if reporting on Fall 2024 cohort) </td> <td> 1437 </td> <td> 7226 </td> <td> 72 </td> </tr> </table><div class=""separator""></div><table> <tr> <td> </td> <td> Number of Enrolled Students Awarded Non-need￾ <br/> based Scholarships and Grants </td> <td> First-time <br/> Full-time <br/> First-year <br/> Students </td> <td> Full-time <br/> Undergrad <br/> (Incl. First-year.) </td> <td> Less Full-time Than <br/> Undergrad </td> </tr> <tr> <td> N </td> <td> Number of students in line a who had no financial need <br/> and who were awarded institutional non-need-based <br/> scholarship or grant aid (exclude those who were <br/> awarded athletic awards and tuition benefits) </td> <td> 70 </td> <td> 421 </td> <td> 3 </td> </tr> <tr> <td> O </td> <td> Average dollar amount of institutional non-need-based <br/> scholarship and grant aid awarded to students in line n </td> <td> $ 38,751 </td> <td> $ 30,961 </td> <td> $ 543 </td> </tr> <tr> <td> P </td> <td> Number of students in line a who were awarded an <br/> institutional non-need-based athletic scholarship or <br/> grant </td> <td> </td> <td> </td> <td> </td> </tr> <tr> <td> Q </td> <td> Average dollar amount of institutional non-need-based <br/> athletic scholarships and grants awarded to students in <br/> line p </td> <td> </td> <td> </td> <td> </td> </tr> </table>",139658,../data/cds-docs/2024-2025/139658.pdf,2024-2025
H,5,H5,"Number and percent of students in class (defined in H4 above) borrowing from federal, non-federal,","[[{0: 'Source/Type of Loan', 1: 'Source/Type of Loan', 2: 'Number in the\nclass (defined\nin H4 above)\nwho borrowed\nfrom the types\nof loans\nspecified in the\nfirst column', 3: 'Percent of the\nclass (defined\nabove) who\nborrowed from\nthe types of\nloans specified\nin column the first\n(nearest 1%)', 4: 'Average per\ufffe\nundergraduate\ufffe\nborrower\ncumulative\nprincipal\nborrowed from\nthe types of\nloans specified\nin column the first\n(nearest $1)'}, {0: 'A', 1: 'Any loan program: Federal Perkins, Federal Stafford\nSubsidized and Unsubsidized, institutional, state,\nprivate loans that your institution is aware of, etc.\nInclude both Federal Direct Student Loans and Federal\nFamily Education Loans.', 2: '343', 3: '26.80%', 4: '$24,562'}, {0: 'B', 1: 'Federal loan programs: Federal Perkins, Federal\nStafford Subsidized and Unsubsidized. Include both\nFederal Direct Student Loans and Federal Family\nEducation Loans.', 2: '326', 3: '25.47%', 4: '$13,506'}, {0: 'C', 1: 'Institutional loan programs.', 2: '33', 3: '2.58%', 4: '$6,197'}]]","<table> <tr> <td colspan=""2""> Source/Type of Loan </td> <td> Number in the <br/> class (defined <br/> in H4 above) <br/> who borrowed <br/> from the types <br/> of loans <br/> specified in the <br/> first column </td> <td> Percent of the <br/> class (defined <br/> above) who <br/> borrowed from <br/> the types of <br/> loans specified <br/> in column the first <br/> (nearest 1%) </td> <td> Average per￾ <br/> undergraduate￾ <br/> borrower <br/> cumulative <br/> principal <br/> borrowed from <br/> the types of <br/> loans specified <br/> in column the first <br/> (nearest $1) </td> </tr> <tr> <td> A </td> <td> Any loan program: Federal Perkins, Federal Stafford <br/> Subsidized and Unsubsidized, institutional, state, <br/> private loans that your institution is aware of, etc. <br/> Include both Federal Direct Student Loans and Federal <br/> Family Education Loans. </td> <td> 343 </td> <td> 26.80% </td> <td> $24,562 </td> </tr> <tr> <td> B </td> <td> Federal loan programs: Federal Perkins, Federal <br/> Stafford Subsidized and Unsubsidized. Include both <br/> Federal Direct Student Loans and Federal Family <br/> Education Loans. </td> <td> 326 </td> <td> 25.47% </td> <td> $13,506 </td> </tr> <tr> <td> C </td> <td> Institutional loan programs. </td> <td> 33 </td> <td> 2.58% </td> <td> $6,197 </td> </tr> </table>",139658,../data/cds-docs/2024-2025/139658.pdf,2024-2025
H,11,H11,Indicate reply dates:,"[[{0: 'Students must reply by (date):', 1: '5/1'}, {0: 'or within _______ weeks of notification.', 1: ''}]]",<table> <tr> <td> Students must reply by (date): </td> <td> 5/1 </td> </tr> <tr> <td> or within _______ weeks of notification. </td> <td> </td> </tr> </table>,139658,../data/cds-docs/2024-2025/139658.pdf,2024-2025
H,14,H14,Check off criteria used in awarding institutional aid. Check all that apply.,"[[{0: '', 1: 'Non-Need Based', 2: 'Need-Based'}, {0: 'Academics', 1: 'X', 2: ''}, {0: 'Alumni affiliation', 1: '', 2: ''}, {0: 'Art', 1: 'X', 2: ''}, {0: 'Athletics', 1: '', 2: ''}, {0: 'Job skills', 1: '', 2: ''}, {0: 'ROTC', 1: '', 2: ''}, {0: 'Leadership', 1: 'X', 2: ''}, {0: 'Music/drama', 1: 'X', 2: ''}, {0: 'Religious affiliation', 1: 'X', 2: 'X'}, {0: 'State/district residency', 1: 'X', 2: ''}]]",<table> <tr> <td> </td> <td> Non-Need Based </td> <td> Need-Based </td> </tr> <tr> <td> Academics </td> <td> X </td> <td> </td> </tr> <tr> <td> Alumni affiliation </td> <td> </td> <td> </td> </tr> <tr> <td> Art </td> <td> X </td> <td> </td> </tr> <tr> <td> Athletics </td> <td> </td> <td> </td> </tr> <tr> <td> Job skills </td> <td> </td> <td> </td> </tr> <tr> <td> ROTC </td> <td> </td> <td> </td> </tr> <tr> <td> Leadership </td> <td> X </td> <td> </td> </tr> <tr> <td> Music/drama </td> <td> X </td> <td> </td> </tr> <tr> <td> Religious affiliation </td> <td> X </td> <td> X </td> </tr> <tr> <td> State/district residency </td> <td> X </td> <td> </td> </tr> </table>,139658,../data/cds-docs/2024-2025/139658.pdf,2024-2025
J,1,J1,"Degrees conferred between July 1, 2023 and June 30, 2024","[[{0: 'Category', 1: 'Diploma/Certificates', 2: 'Associate', 3: 'Bachelor’s', 4: 'CIP 2020 Categories\nto Include'}, {0: 'Agriculture', 1: '', 2: '', 3: '', 4: '01'}, {0: 'Natural resources and conservation', 1: '', 2: '', 3: '1.5', 4: '03'}, {0: 'Architecture', 1: '', 2: '', 3: '', 4: '04'}, {0: 'Area, ethnic, and gender studies', 1: '', 2: '', 3: '1.9', 4: '05'}, {0: 'Communication/journalism', 1: '', 2: '', 3: '', 4: '09'}, {0: 'Communication technologies', 1: '', 2: '', 3: '', 4: '10'}, {0: 'Computer and information sciences', 1: '', 2: '', 3: '4', 4: '11'}, {0: 'Personal and culinary services', 1: '', 2: '', 3: '', 4: '12'}, {0: 'Education', 1: '', 2: '', 3: '', 4: '13'}, {0: 'Engineering', 1: '', 2: '', 3: '', 4: '14'}, {0: 'Engineering technologies', 1: '', 2: '', 3: '', 4: '15'}, {0: 'Foreign languages, literatures, and linguistics', 1: '', 2: '', 3: '2.6', 4: '16'}, {0: 'Family and consumer sciences', 1: '', 2: '', 3: '', 4: '19'}, {0: 'Law/legal studies', 1: '', 2: '', 3: '', 4: '22'}, {0: 'English', 1: '', 2: '', 3: '2.5', 4: '23'}, {0: 'Liberal arts/general studies', 1: '', 2: '', 3: '0.2', 4: '24'}, {0: 'Library science', 1: '', 2: '', 3: '', 4: '25'}, {0: 'Biological/life sciences', 1: '', 2: '', 3: '15.4', 4: '26'}, {0: 'Mathematics and statistics', 1: '', 2: '', 3: '8', 4: '27'}, {0: 'Military science and military technologies', 1: '', 2: '', 3: '', 4: '28 & 29'}, {0: 'Interdisciplinary studies', 1: '', 2: '', 3: '1.1', 4: '30'}, {0: 'Parks and recreation', 1: '', 2: '', 3: '3', 4: '31'}, {0: 'Philosophy and religious studies', 1: '', 2: '', 3: '2.5', 4: '38'}, {0: 'Theology and religious vocations', 1: '', 2: '', 3: '', 4: '39'}, {0: 'Physical sciences', 1: '', 2: '', 3: '5.6', 4: '40'}, {0: 'Science technologies', 1: '', 2: '', 3: '', 4: '41'}, {0: 'Psychology', 1: '', 2: '', 3: '6.1', 4: '42'}, {0: 'Homeland Security, law enforcement, firefighting,', 1: '', 2: '', 3: '', 4: '43'}, {0: 'Public administration and social services', 1: '', 2: '', 3: '0', 4: '44'}, {0: 'Social sciences', 1: '', 2: '', 3: '14.2', 4: '45'}, {0: 'Construction trades', 1: '', 2: '', 3: '', 4: '46'}, {0: 'Mechanic and repair technologies', 1: '', 2: '', 3: '', 4: '47'}, {0: 'Precision production', 1: '', 2: '', 3: '', 4: '48'}, {0: 'Transportation and materials moving', 1: '', 2: '', 3: '', 4: '49'}, {0: 'Visual and performing arts', 1: '', 2: '', 3: '4.5', 4: '50'}, {0: 'Health professions and related programs', 1: '', 2: '', 3: '6.3', 4: '51'}, {0: 'Business/marketing', 1: '', 2: '', 3: '19.6', 4: '52'}, {0: 'History', 1: '', 2: '', 3: '1', 4: '54'}, {0: 'Other', 1: '', 2: '', 3: '', 4: ''}, {0: 'TOTAL (should = 100%)', 1: '0.00%', 2: '0.00%', 3: '100.00', 4: ''}]]","<table> <tr> <td> Category </td> <td> Diploma/Certificates </td> <td> Associate </td> <td> Bachelor’s </td> <td> CIP 2020 Categories <br/> to Include </td> </tr> <tr> <td> Agriculture </td> <td> </td> <td> </td> <td> </td> <td> 01 </td> </tr> <tr> <td> Natural resources and conservation </td> <td> </td> <td> </td> <td> 1.5 </td> <td> 03 </td> </tr> <tr> <td> Architecture </td> <td> </td> <td> </td> <td> </td> <td> 04 </td> </tr> <tr> <td> Area, ethnic, and gender studies </td> <td> </td> <td> </td> <td> 1.9 </td> <td> 05 </td> </tr> <tr> <td> Communication/journalism </td> <td> </td> <td> </td> <td> </td> <td> 09 </td> </tr> <tr> <td> Communication technologies </td> <td> </td> <td> </td> <td> </td> <td> 10 </td> </tr> <tr> <td> Computer and information sciences </td> <td> </td> <td> </td> <td> 4 </td> <td> 11 </td> </tr> <tr> <td> Personal and culinary services </td> <td> </td> <td> </td> <td> </td> <td> 12 </td> </tr> <tr> <td> Education </td> <td> </td> <td> </td> <td> </td> <td> 13 </td> </tr> <tr> <td> Engineering </td> <td> </td> <td> </td> <td> </td> <td> 14 </td> </tr> <tr> <td> Engineering technologies </td> <td> </td> <td> </td> <td> </td> <td> 15 </td> </tr> <tr> <td> Foreign languages, literatures, and linguistics </td> <td> </td> <td> </td> <td> 2.6 </td> <td> 16 </td> </tr> <tr> <td> Family and consumer sciences </td> <td> </td> <td> </td> <td> </td> <td> 19 </td> </tr> <tr> <td> Law/legal studies </td> <td> </td> <td> </td> <td> </td> <td> 22 </td> </tr> <tr> <td> English </td> <td> </td> <td> </td> <td> 2.5 </td> <td> 23 </td> </tr> <tr> <td> Liberal arts/general studies </td> <td> </td> <td> </td> <td> 0.2 </td> <td> 24 </td> </tr> <tr> <td> Library science </td> <td> </td> <td> </td> <td> </td> <td> 25 </td> </tr> <tr> <td> Biological/life sciences </td> <td> </td> <td> </td> <td> 15.4 </td> <td> 26 </td> </tr> <tr> <td> Mathematics and statistics </td> <td> </td> <td> </td> <td> 8 </td> <td> 27 </td> </tr> <tr> <td> Military science and military technologies </td> <td> </td> <td> </td> <td> </td> <td> 28 &amp; 29 </td> </tr> <tr> <td> Interdisciplinary studies </td> <td> </td> <td> </td> <td> 1.1 </td> <td> 30 </td> </tr> <tr> <td> Parks and recreation </td> <td> </td> <td> </td> <td> 3 </td> <td> 31 </td> </tr> <tr> <td> Philosophy and religious studies </td> <td> </td> <td> </td> <td> 2.5 </td> <td> 38 </td> </tr> <tr> <td> Theology and religious vocations </td> <td> </td> <td> </td> <td> </td> <td> 39 </td> </tr> <tr> <td> Physical sciences </td> <td> </td> <td> </td> <td> 5.6 </td> <td> 40 </td> </tr> <tr> <td> Science technologies </td> <td> </td> <td> </td> <td> </td> <td> 41 </td> </tr> <tr> <td> Psychology </td> <td> </td> <td> </td> <td> 6.1 </td> <td> 42 </td> </tr> <tr> <td> Homeland Security, law enforcement, firefighting, </td> <td> </td> <td> </td> <td> </td> <td> 43 </td> </tr> <tr> <td> Public administration and social services </td> <td> </td> <td> </td> <td> 0 </td> <td> 44 </td> </tr> <tr> <td> Social sciences </td> <td> </td> <td> </td> <td> 14.2 </td> <td> 45 </td> </tr> <tr> <td> Construction trades </td> <td> </td> <td> </td> <td> </td> <td> 46 </td> </tr> <tr> <td> Mechanic and repair technologies </td> <td> </td> <td> </td> <td> </td> <td> 47 </td> </tr> <tr> <td> Precision production </td> <td> </td> <td> </td> <td> </td> <td> 48 </td> </tr> <tr> <td> Transportation and materials moving </td> <td> </td> <td> </td> <td> </td> <td> 49 </td> </tr> <tr> <td> Visual and performing arts </td> <td> </td> <td> </td> <td> 4.5 </td> <td> 50 </td> </tr> <tr> <td> Health professions and related programs </td> <td> </td> <td> </td> <td> 6.3 </td> <td> 51 </td> </tr> <tr> <td> Business/marketing </td> <td> </td> <td> </td> <td> 19.6 </td> <td> 52 </td> </tr> <tr> <td> History </td> <td> </td> <td> </td> <td> 1 </td> <td> 54 </td> </tr> <tr> <td> Other </td> <td> </td> <td> </td> <td> </td> <td> </td> </tr> <tr> <td> TOTAL (should = 100%) </td> <td> 0.00% </td> <td> 0.00% </td> <td> 100.00 </td> <td> </td> </tr> </table>",139658,../data/cds-docs/2024-2025/139658.pdf,2024-2025
B,1,B1,Institutional Enrollment,"[[{0: '', 1: 'Men', 2: 'Men', 3: 'Women', 4: 'Women', 5: 'Another Gender', 6: 'Another Gender'}, {0: '', 1: 'Full Time\nEnrollment', 2: 'Part Time\nEnrollment', 3: 'Full Time\nEnrollment', 4: 'Part Time\nEnrollment', 5: 'Full Time\nEnrollment', 6: 'Part Time\nEnrollment'}, {0: 'UNDERGRADUATE STUDENTS', 1: 'UNDERGRADUATE STUDENTS', 2: 'UNDERGRADUATE STUDENTS', 3: 'UNDERGRADUATE STUDENTS', 4: 'UNDERGRADUATE STUDENTS', 5: 'UNDERGRADUATE STUDENTS', 6: 'UNDERGRADUATE STUDENTS'}, {0: 'Degree‐seeking, first‐time, first‐year\nstudents', 1: '636.0', 2: '1.0', 3: '789.0', 4: '0.0', 5: '0.0', 6: '0.0'}, {0: 'Other first‐year, degree‐seeking students', 1: '24.0', 2: '0.0', 3: '22.0', 4: '1.0', 5: '0.0', 6: '0.0'}, {0: 'All other degree‐seeking undergraduate\nstudents', 1: '2,428.0', 2: '32.0', 3: '3,300.0', 4: '42.0', 5: '0.0', 6: '0.0'}, {0: 'Total degree‐seeking undergraduate students', 1: '3,088.0', 2: '33.0', 3: '4,111.0', 4: '43.0', 5: '0.0', 6: '0.0'}, {0: 'All other undergraduates enrolled in credit\ncourses', 1: '32.0', 2: '5.0', 3: '32.0', 4: '15.0', 5: '0.0', 6: '0.0'}, {0: 'Total Undergraduate Students', 1: '3,120.0', 2: '38.0', 3: '4,143.0', 4: '58.0', 5: '0.0', 6: '0.0'}, {0: '', 1: '', 2: '', 3: 'students', 4: '76.0', 5: '', 6: ''}, {0: '', 1: '', 2: '', 3: '', 4: '7,199.0', 5: '', 6: ''}, {0: '', 1: '', 2: '', 3: '', 4: '7,275.0', 5: '', 6: ''}, {0: '', 1: '', 2: '', 3: '', 4: '7,359.0', 5: '', 6: ''}], [{0: '', 1: 'Men', 2: 'Men', 3: 'Women', 4: 'Women', 5: 'Another Gender', 6: 'Another Gender'}, {0: '', 1: 'Full Time\nEnrollment', 2: 'Part Time\nEnrollment', 3: 'Full Time\nEnrollment', 4: 'Part Time\nEnrollment', 5: 'Full Time\nEnrollment', 6: 'Part Time\nEnrollment'}, {0: 'GRADUATE STUDENTS', 1: 'GRADUATE STUDENTS', 2: 'GRADUATE STUDENTS', 3: 'GRADUATE STUDENTS', 4: 'GRADUATE STUDENTS', 5: 'GRADUATE STUDENTS', 6: 'GRADUATE STUDENTS'}, {0: 'Degree‐seeking, first‐time', 1: '796.0', 2: '117.0', 3: '1,524.0', 4: '3.0', 5: '0.0', 6: '0.0'}, {0: 'All other degree‐seeking', 1: '1,355.0', 2: '228.0', 3: '2,605.0', 4: '332.0', 5: '0.0', 6: '0.0'}, {0: 'All other graduates enrolled in credit\ncourses', 1: '15.0', 2: '214.0', 3: '7.0', 4: '275.0', 5: '0.0', 6: '0.0'}, {0: 'Total Graduate Students', 1: '2,166.0', 2: '559.0', 3: '4,136.0', 4: '610.0', 5: '0.0', 6: '0.0'}]]","<table> <tr> <td> </td> <td colspan=""2""> Men </td> <td colspan=""2""> Women </td> <td colspan=""2""> Another Gender </td> </tr> <tr> <td> </td> <td> Full Time <br/> Enrollment </td> <td> Part Time <br/> Enrollment </td> <td> Full Time <br/> Enrollment </td> <td> Part Time <br/> Enrollment </td> <td> Full Time <br/> Enrollment </td> <td> Part Time <br/> Enrollment </td> </tr> <tr> <td colspan=""7""> UNDERGRADUATE STUDENTS </td> </tr> <tr> <td> Degree‐seeking, first‐time, first‐year <br/> students </td> <td> 636.0 </td> <td> 1.0 </td> <td> 789.0 </td> <td> 0.0 </td> <td> 0.0 </td> <td> 0.0 </td> </tr> <tr> <td> Other first‐year, degree‐seeking students </td> <td> 24.0 </td> <td> 0.0 </td> <td> 22.0 </td> <td> 1.0 </td> <td> 0.0 </td> <td> 0.0 </td> </tr> <tr> <td> All other degree‐seeking undergraduate <br/> students </td> <td> 2,428.0 </td> <td> 32.0 </td> <td> 3,300.0 </td> <td> 42.0 </td> <td> 0.0 </td> <td> 0.0 </td> </tr> <tr> <td> Total degree‐seeking undergraduate students </td> <td> 3,088.0 </td> <td> 33.0 </td> <td> 4,111.0 </td> <td> 43.0 </td> <td> 0.0 </td> <td> 0.0 </td> </tr> <tr> <td> All other undergraduates enrolled in credit <br/> courses </td> <td> 32.0 </td> <td> 5.0 </td> <td> 32.0 </td> <td> 15.0 </td> <td> 0.0 </td> <td> 0.0 </td> </tr> <tr> <td> Total Undergraduate Students </td> <td> 3,120.0 </td> <td> 38.0 </td> <td> 4,143.0 </td> <td> 58.0 </td> <td> 0.0 </td> <td> 0.0 </td> </tr> <tr> <td colspan=""3""> </td> <td> students </td> <td> 76.0 </td> <td> </td> <td> </td> </tr> <tr> <td colspan=""4""> </td> <td> 7,199.0 </td> <td colspan=""2""> </td> </tr> <tr> <td colspan=""4""> </td> <td> 7,275.0 </td> <td colspan=""2""> </td> </tr> <tr> <td colspan=""4""> </td> <td> 7,359.0 </td> <td colspan=""2""> </td> </tr> </table><div class=""separator""></div><table> <tr> <td> </td> <td colspan=""2""> Men </td> <td colspan=""2""> Women </td> <td colspan=""2""> Another Gender </td> </tr> <tr> <td> </td> <td> Full Time <br/> Enrollment </td> <td> Part Time <br/> Enrollment </td> <td> Full Time <br/> Enrollment </td> <td> Part Time <br/> Enrollment </td> <td> Full Time <br/> Enrollment </td> <td> Part Time <br/> Enrollment </td> </tr> <tr> <td colspan=""7""> GRADUATE STUDENTS </td> </tr> <tr> <td> Degree‐seeking, first‐time </td> <td> 796.0 </td> <td> 117.0 </td> <td> 1,524.0 </td> <td> 3.0 </td> <td> 0.0 </td> <td> 0.0 </td> </tr> <tr> <td> All other degree‐seeking </td> <td> 1,355.0 </td> <td> 228.0 </td> <td> 2,605.0 </td> <td> 332.0 </td> <td> 0.0 </td> <td> 0.0 </td> </tr> <tr> <td> All other graduates enrolled in credit <br/> courses </td> <td> 15.0 </td> <td> 214.0 </td> <td> 7.0 </td> <td> 275.0 </td> <td> 0.0 </td> <td> 0.0 </td> </tr> <tr> <td> Total Graduate Students </td> <td> 2,166.0 </td> <td> 559.0 </td> <td> 4,136.0 </td> <td> 610.0 </td> <td> 0.0 </td> <td> 0.0 </td> </tr> </table>",139658,../data/cds-docs/2023-2024/139658.pdf,2023-2024
B,4,B4,‐ B21. Graduation Rates,"[[{0: '', 1: '2017 COHORT (AY ‐ 7)', 2: '2017 COHORT (AY ‐ 7)', 3: '2017 COHORT (AY ‐ 7)', 4: '2017 COHORT (AY ‐ 7)'}, {0: '2017 cohort if available. If Fall 2017 cohort data are not available,\nprovide data for the Fall 2016 cohort.', 1: 'Recipients\nof a Federal\nPell Grant', 2: 'Recipients of\na Subsidized\nStafford\nLoan, who\ndid not\nreceive a Pell\nGrant', 3: 'Students\nwho did not\nreceive\neither a Pell\nGrant or a\nsubsidized\nStafford\nLoan', 4: 'Total'}, {0: ""A. Initial 2017 cohort of first‐time, full‐time, bachelor's (or equivalent)\ndegree‐seeking undergraduate students"", 1: '260.0', 2: '211.0', 3: '917.0', 4: '1,388.0'}, {0: 'B. Of the Initial 2017 cohort, how many did not persist and did not\ngraduate for any of the following reasons: (report total allowable\nexclusions)\n‐ Deceased\n‐ Armed Forces\n‐ Official church mission\n‐ Permanently Disabled\n‐ Foreign Aid Service of the Federal Government', 1: '1.0', 2: '1.0', 3: '3.0', 4: '5.0'}, {0: 'C. Final 2017 cohort, after adjusting for allowable exclusions', 1: '259.0', 2: '210.0', 3: '914.0', 4: '1,383.0'}, {0: 'D. Of the initial 2017 cohort, how many completed the program in\nfour years or less (by Aug. 31, 2021)?', 1: '217.0', 2: '174.0', 3: '761.0', 4: '1,152.0'}, {0: 'E. Of the initial 2017 cohort, how many completed the program in\nmore than four years but in five years or less(after Aug. 31, 2021 and\nby Aug. 31, 2022)?', 1: '12.0', 2: '11.0', 3: '74.0', 4: '97.0'}, {0: 'F. Of the initial 2017 cohort, how many completed the program in\nmore than five years but in six years or less (after Aug. 31, 2022 and by\nAug. 31, 2023)?', 1: '5.0', 2: '4.0', 3: '11.0', 4: '20.0'}, {0: 'G. Total graduating within six years\n(Sum of D., E., and F.)', 1: '234.0', 2: '189.0', 3: '846.0', 4: '1,269.0'}, {0: 'H. Six‐year graduation rate for 2017 cohort\n(G. divided by C.)', 1: '90%', 2: '90%', 3: '93%', 4: '92%'}]]","<table> <tr> <td> </td> <td colspan=""4""> 2017 COHORT (AY ‐ 7) </td> </tr> <tr> <td> 2017 cohort if available. If Fall 2017 cohort data are not available, <br/> provide data for the Fall 2016 cohort. </td> <td> Recipients <br/> of a Federal <br/> Pell Grant </td> <td> Recipients of <br/> a Subsidized <br/> Stafford <br/> Loan, who <br/> did not <br/> receive a Pell <br/> Grant </td> <td> Students <br/> who did not <br/> receive <br/> either a Pell <br/> Grant or a <br/> subsidized <br/> Stafford <br/> Loan </td> <td> Total </td> </tr> <tr> <td> A. Initial 2017 cohort of first‐time, full‐time, bachelor's (or equivalent) <br/> degree‐seeking undergraduate students </td> <td> 260.0 </td> <td> 211.0 </td> <td> 917.0 </td> <td> 1,388.0 </td> </tr> <tr> <td> B. Of the Initial 2017 cohort, how many did not persist and did not <br/> graduate for any of the following reasons: (report total allowable <br/> exclusions) <br/> ‐ Deceased <br/> ‐ Armed Forces <br/> ‐ Official church mission <br/> ‐ Permanently Disabled <br/> ‐ Foreign Aid Service of the Federal Government </td> <td> 1.0 </td> <td> 1.0 </td> <td> 3.0 </td> <td> 5.0 </td> </tr> <tr> <td> C. Final 2017 cohort, after adjusting for allowable exclusions </td> <td> 259.0 </td> <td> 210.0 </td> <td> 914.0 </td> <td> 1,383.0 </td> </tr> <tr> <td> D. Of the initial 2017 cohort, how many completed the program in <br/> four years or less (by Aug. 31, 2021)? </td> <td> 217.0 </td> <td> 174.0 </td> <td> 761.0 </td> <td> 1,152.0 </td> </tr> <tr> <td> E. Of the initial 2017 cohort, how many completed the program in <br/> more than four years but in five years or less(after Aug. 31, 2021 and <br/> by Aug. 31, 2022)? </td> <td> 12.0 </td> <td> 11.0 </td> <td> 74.0 </td> <td> 97.0 </td> </tr> <tr> <td> F. Of the initial 2017 cohort, how many completed the program in <br/> more than five years but in six years or less (after Aug. 31, 2022 and by <br/> Aug. 31, 2023)? </td> <td> 5.0 </td> <td> 4.0 </td> <td> 11.0 </td> <td> 20.0 </td> </tr> <tr> <td> G. Total graduating within six years <br/> (Sum of D., E., and F.) </td> <td> 234.0 </td> <td> 189.0 </td> <td> 846.0 </td> <td> 1,269.0 </td> </tr> <tr> <td> H. Six‐year graduation rate for 2017 cohort <br/> (G. divided by C.) </td> <td> 90% </td> <td> 90% </td> <td> 93% </td> <td> 92% </td> </tr> </table>",139658,../data/cds-docs/2023-2024/139658.pdf,2023-2024
C,1,C1,"Applications: First-time, First-year Students","[[{0: '', 1: 'In‐State', 2: 'Out‐of‐State', 3: 'International', 4: 'Total'}, {0: 'Total first‐time, first‐year (degree seeking) who applied', 1: '3,762.0', 2: '21,945.0', 3: '7,548.0', 4: '33,255.0'}, {0: 'Total first‐time, first‐year (degree seeking) who were admitted', 1: '392.0', 2: '2,653.0', 3: '498.0', 4: '3,543.0'}, {0: 'Total first‐time, first‐year (degree seeking) enrolled', 1: '174.0', 2: '1,004.0', 3: '248.0', 4: '1,426.0'}]]","<table> <tr> <td> </td> <td> In‐State </td> <td> Out‐of‐State </td> <td> International </td> <td> Total </td> </tr> <tr> <td> Total first‐time, first‐year (degree seeking) who applied </td> <td> 3,762.0 </td> <td> 21,945.0 </td> <td> 7,548.0 </td> <td> 33,255.0 </td> </tr> <tr> <td> Total first‐time, first‐year (degree seeking) who were admitted </td> <td> 392.0 </td> <td> 2,653.0 </td> <td> 498.0 </td> <td> 3,543.0 </td> </tr> <tr> <td> Total first‐time, first‐year (degree seeking) enrolled </td> <td> 174.0 </td> <td> 1,004.0 </td> <td> 248.0 </td> <td> 1,426.0 </td> </tr> </table>",139658,../data/cds-docs/2023-2024/139658.pdf,2023-2024
C,5,C5,Admission Requirements: High School Units Required/Recommended,"[[{0: '', 1: 'Units\nRequired', 2: 'Units\nRecommended'}, {0: 'Total Academic Units', 1: '', 2: '22.0'}, {0: 'English', 1: '', 2: '4.0'}, {0: 'Mathematics', 1: '', 2: '4.0'}, {0: 'Science', 1: '', 2: '4.0'}, {0: 'of Science Units, how many units must be lab', 1: '', 2: '2.0'}, {0: 'Foreign language', 1: '', 2: '4.0'}, {0: 'Social Studies', 1: '', 2: '2.0'}, {0: 'History', 1: '', 2: '2.0'}, {0: 'Computer Science', 1: '', 2: '1.0'}, {0: 'Visual/Performing Arts', 1: '', 2: '1.0'}, {0: 'Academic Electives', 1: '', 2: ''}]]","<table> <tr> <td> </td> <td> Units <br/> Required </td> <td> Units <br/> Recommended </td> </tr> <tr> <td> Total Academic Units </td> <td> </td> <td> 22.0 </td> </tr> <tr> <td> English </td> <td> </td> <td> 4.0 </td> </tr> <tr> <td> Mathematics </td> <td> </td> <td> 4.0 </td> </tr> <tr> <td> Science </td> <td> </td> <td> 4.0 </td> </tr> <tr> <td> of Science Units, how many units must be lab </td> <td> </td> <td> 2.0 </td> </tr> <tr> <td> Foreign language </td> <td> </td> <td> 4.0 </td> </tr> <tr> <td> Social Studies </td> <td> </td> <td> 2.0 </td> </tr> <tr> <td> History </td> <td> </td> <td> 2.0 </td> </tr> <tr> <td> Computer Science </td> <td> </td> <td> 1.0 </td> </tr> <tr> <td> Visual/Performing Arts </td> <td> </td> <td> 1.0 </td> </tr> <tr> <td> Academic Electives </td> <td> </td> <td> </td> </tr> </table>",139658,../data/cds-docs/2023-2024/139658.pdf,2023-2024
C,9,C9,"First‐time, first‐year profile: National standardized test scores (SAT/ACT)","[[{0: '42%', 1: '601'}, {0: '19%', 1: '277'}]]",<table> <tr> <td> 42% </td> <td> 601 </td> </tr> <tr> <td> 19% </td> <td> 277 </td> </tr> </table>,139658,../data/cds-docs/2023-2024/139658.pdf,2023-2024
D,2,D2,Fall Applicants: Student Counts,"[[{0: '1145', 1: '184', 2: '75'}, {0: '1189', 1: '208', 2: '62'}, {0: '0', 1: '0', 2: '0'}, {0: '2334', 1: '392', 2: '137'}]]",<table> <tr> <td> 1145 </td> <td> 184 </td> <td> 75 </td> </tr> <tr> <td> 1189 </td> <td> 208 </td> <td> 62 </td> </tr> <tr> <td> 0 </td> <td> 0 </td> <td> 0 </td> </tr> <tr> <td> 2334 </td> <td> 392 </td> <td> 137 </td> </tr> </table>,139658,../data/cds-docs/2023-2024/139658.pdf,2023-2024
F,1,F1,"First-time, first-year degree-seeking students and undergraduates enrolled","[[{0: 'First‐time,\nFirst‐year Students', 1: 'Undergraduates'}, {0: '85.0%', 1: '84.0%'}, {0: '', 1: '20.1%'}, {0: '', 1: '20.5%'}, {0: '99.0%', 1: '59.0%'}, {0: '', 1: '42.0%'}, {0: '0.0%', 1: '1.5%'}, {0: '18', 1: '20'}, {0: '18', 1: '20'}]]","<table> <tr> <td> First‐time, <br/> First‐year Students </td> <td> Undergraduates </td> </tr> <tr> <td> 85.0% </td> <td> 84.0% </td> </tr> <tr> <td> </td> <td> 20.1% </td> </tr> <tr> <td> </td> <td> 20.5% </td> </tr> <tr> <td> 99.0% </td> <td> 59.0% </td> </tr> <tr> <td> </td> <td> 42.0% </td> </tr> <tr> <td> 0.0% </td> <td> 1.5% </td> </tr> <tr> <td> 18 </td> <td> 20 </td> </tr> <tr> <td> 18 </td> <td> 20 </td> </tr> </table>",139658,../data/cds-docs/2023-2024/139658.pdf,2023-2024
G,1,G1,"Undergraduate, full-time tuition, required fees, food and housing","[[{0: '$880.00', 1: '$880.00'}, {0: '$20,220.00', 1: '$20,220.00'}, {0: '$11,810.00', 1: '$11,810.00'}, {0: '$8,410.00', 1: '$8,410.00'}]]","<table> <tr> <td> $880.00 </td> <td> $880.00 </td> </tr> <tr> <td> $20,220.00 </td> <td> $20,220.00 </td> </tr> <tr> <td> $11,810.00 </td> <td> $11,810.00 </td> </tr> <tr> <td> $8,410.00 </td> <td> $8,410.00 </td> </tr> </table>",139658,../data/cds-docs/2023-2024/139658.pdf,2023-2024
H,2,H2,Number of Enrolled Students Awarded Aid,"[[{0: '', 1: 'Full‐Time, First‐Time,\nFirst‐Year', 2: 'Full‐Time Undergrad.\n(Include Freshman)', 3: 'Less Than Full‐\nTime Undergrad.'}, {0: 'A. Number of degree‐seeking undergraduate\nstudents (CDS Item B1 if reporting on Fall 2023\ncohort)', 1: '1425', 2: '7199', 3: '1'}, {0: 'B. Number of students in line (A) who applied for\nneed‐based financial aid', 1: '754', 2: '3736', 3: '0'}, {0: 'C. Number of students in line (B) who were\ndetermined to have financial need', 1: '587', 2: '3161', 3: '0'}, {0: 'D. Number of students in line (C) who were awarded\nany financial aid', 1: '587', 2: '3161', 3: '0'}, {0: 'E. Number of students in line (D) who were awarded\nany need‐based scholarship or grant aid', 1: '543', 2: '2894', 3: '0'}, {0: 'F. Number of students in line (D) who were awarded\nany need‐based self‐help aid', 1: '468', 2: '2,637', 3: '0'}, {0: 'G. Number of students in line (D) who were awarded\nany non‐need‐based scholarship or grant aid', 1: '178', 2: '754', 3: '0'}, {0: 'H. Number of students in line (D) who need was fully\nmet (exclude PLUS loans, unsubsidized loans, and\nprivate alternative loans)', 1: '572', 2: '3,063', 3: '0'}]]","<table> <tr> <td> </td> <td> Full‐Time, First‐Time, <br/> First‐Year </td> <td> Full‐Time Undergrad. <br/> (Include Freshman) </td> <td> Less Than Full‐ <br/> Time Undergrad. </td> </tr> <tr> <td> A. Number of degree‐seeking undergraduate <br/> students (CDS Item B1 if reporting on Fall 2023 <br/> cohort) </td> <td> 1425 </td> <td> 7199 </td> <td> 1 </td> </tr> <tr> <td> B. Number of students in line (A) who applied for <br/> need‐based financial aid </td> <td> 754 </td> <td> 3736 </td> <td> 0 </td> </tr> <tr> <td> C. Number of students in line (B) who were <br/> determined to have financial need </td> <td> 587 </td> <td> 3161 </td> <td> 0 </td> </tr> <tr> <td> D. Number of students in line (C) who were awarded <br/> any financial aid </td> <td> 587 </td> <td> 3161 </td> <td> 0 </td> </tr> <tr> <td> E. Number of students in line (D) who were awarded <br/> any need‐based scholarship or grant aid </td> <td> 543 </td> <td> 2894 </td> <td> 0 </td> </tr> <tr> <td> F. Number of students in line (D) who were awarded <br/> any need‐based self‐help aid </td> <td> 468 </td> <td> 2,637 </td> <td> 0 </td> </tr> <tr> <td> G. Number of students in line (D) who were awarded <br/> any non‐need‐based scholarship or grant aid </td> <td> 178 </td> <td> 754 </td> <td> 0 </td> </tr> <tr> <td> H. Number of students in line (D) who need was fully <br/> met (exclude PLUS loans, unsubsidized loans, and <br/> private alternative loans) </td> <td> 572 </td> <td> 3,063 </td> <td> 0 </td> </tr> </table>",139658,../data/cds-docs/2023-2024/139658.pdf,2023-2024
H,5,H5,Number/Percent Borrowers and Average Borrowed Amount,"[[{0: 'Source/Type of Loan', 1: 'Number in the class\n(defined in H4 above)\nwho borrowed from\nthe types of loans\nspecific in the first\ncolumn', 2: 'Percent of the class\n(defined above) who\nborrowed from the\ntypes of loans\nspecified in the first\ncolumn (nearest 1%)', 3: 'Average per‐\nundergraduate‐\nborrower\ncumulative\nprincipal\nborrowed from\nthe types of loans\nspecific in the first\ncolumn (nearest\n$1)'}, {0: 'A. Any loan program: Federal Perkins, Federal\nStafford Subsidized and Unsubsidized, institutional,\nstate, private loans that your institution is aware of,\netc. Include both Federal Direct Student Loans and\nFederal Family Education Loans.', 1: '341', 2: '27%', 3: '$23,869'}, {0: 'B. Federal loan programs: Federal Perkins, Federal\nStafford Subsidized and Unsubsidized. Include both\nFederal Direct Student Loans and Federal Family\nEducation Loans.', 1: '327', 2: '26%', 3: '$15,715'}, {0: 'C. Institutional loan program', 1: '28', 2: '2%', 3: '$5,245'}, {0: 'D. State loan programs', 1: '3', 2: '0%', 3: '$7,967'}, {0: 'E. Private student loans made by a bank or lender', 1: '42', 2: '3%', 3: '$67,378'}]]","<table> <tr> <td> Source/Type of Loan </td> <td> Number in the class <br/> (defined in H4 above) <br/> who borrowed from <br/> the types of loans <br/> specific in the first <br/> column </td> <td> Percent of the class <br/> (defined above) who <br/> borrowed from the <br/> types of loans <br/> specified in the first <br/> column (nearest 1%) </td> <td> Average per‐ <br/> undergraduate‐ <br/> borrower <br/> cumulative <br/> principal <br/> borrowed from <br/> the types of loans <br/> specific in the first <br/> column (nearest <br/> $1) </td> </tr> <tr> <td> A. Any loan program: Federal Perkins, Federal <br/> Stafford Subsidized and Unsubsidized, institutional, <br/> state, private loans that your institution is aware of, <br/> etc. Include both Federal Direct Student Loans and <br/> Federal Family Education Loans. </td> <td> 341 </td> <td> 27% </td> <td> $23,869 </td> </tr> <tr> <td> B. Federal loan programs: Federal Perkins, Federal <br/> Stafford Subsidized and Unsubsidized. Include both <br/> Federal Direct Student Loans and Federal Family <br/> Education Loans. </td> <td> 327 </td> <td> 26% </td> <td> $15,715 </td> </tr> <tr> <td> C. Institutional loan program </td> <td> 28 </td> <td> 2% </td> <td> $5,245 </td> </tr> <tr> <td> D. State loan programs </td> <td> 3 </td> <td> 0% </td> <td> $7,967 </td> </tr> <tr> <td> E. Private student loans made by a bank or lender </td> <td> 42 </td> <td> 3% </td> <td> $67,378 </td> </tr> </table>",139658,../data/cds-docs/2023-2024/139658.pdf,2023-2024
I,1,I1,Instructional Faculty by Category,"[[{0: '', 1: 'Full‐Time', 2: 'Part‐Time'}, {0: 'A. Instructional faculty in preclinical and clinical medicine, faculty who are not\npaid (e.g., those who donate their services or are in the military), or research‐only\nfaculty, post‐doctoral fellows, or pre‐doctoral fellows', 1: 'Exclude', 2: 'Include only if they teach\none or more non‐clinical\ncredit courses'}, {0: 'B. Administrative officers with titles such as dean of students, librarian, registrar,\ncoach, and the like, even though they may devote part of their time to classroom\ninstruction and may have faculty status', 1: 'Exclude', 2: 'Include only if they teach\none or more non‐clinical\ncredit courses'}, {0: 'C. Other administrators/staff who teach one or more non‐clinical credit courses\neven though they do not have faculty status', 1: 'Exclude', 2: 'Include'}, {0: 'D. Undergraduate or graduate students who assist in the instruction of courses,\nbut have titles such as teaching assistant, teaching fellow, and the like', 1: 'Exclude', 2: 'Exclude'}, {0: 'E. Faculty on sabbatical or leave with pay', 1: 'Include', 2: 'Exclude'}, {0: 'F. Faculty on leave without pay', 1: 'Exclude', 2: 'Exclude'}, {0: 'G. Replacement faculty for faculty on sabbatical leave or leave with pay', 1: 'Exclude', 2: 'Include'}]]","<table> <tr> <td> </td> <td> Full‐Time </td> <td> Part‐Time </td> </tr> <tr> <td> A. Instructional faculty in preclinical and clinical medicine, faculty who are not <br/> paid (e.g., those who donate their services or are in the military), or research‐only <br/> faculty, post‐doctoral fellows, or pre‐doctoral fellows </td> <td> Exclude </td> <td> Include only if they teach <br/> one or more non‐clinical <br/> credit courses </td> </tr> <tr> <td> B. Administrative officers with titles such as dean of students, librarian, registrar, <br/> coach, and the like, even though they may devote part of their time to classroom <br/> instruction and may have faculty status </td> <td> Exclude </td> <td> Include only if they teach <br/> one or more non‐clinical <br/> credit courses </td> </tr> <tr> <td> C. Other administrators/staff who teach one or more non‐clinical credit courses <br/> even though they do not have faculty status </td> <td> Exclude </td> <td> Include </td> </tr> <tr> <td> D. Undergraduate or graduate students who assist in the instruction of courses, <br/> but have titles such as teaching assistant, teaching fellow, and the like </td> <td> Exclude </td> <td> Exclude </td> </tr> <tr> <td> E. Faculty on sabbatical or leave with pay </td> <td> Include </td> <td> Exclude </td> </tr> <tr> <td> F. Faculty on leave without pay </td> <td> Exclude </td> <td> Exclude </td> </tr> <tr> <td> G. Replacement faculty for faculty on sabbatical leave or leave with pay </td> <td> Exclude </td> <td> Include </td> </tr> </table>",139658,../data/cds-docs/2023-2024/139658.pdf,2023-2024
B,1,B1,Institutional Enrollment - Men and Women,"[[{0: '', 1: 'FULL-TIME', 2: 'FULL-TIME', 3: 'FULL-TIME', 4: 'PART-TIME', 5: 'PART-TIME', 6: 'PART-TIME'}, {0: '', 1: 'Men\nWomen Another Gender', 2: 'Men\nWomen Another Gender', 3: 'Men\nWomen Another Gender', 4: 'Men\nWomen Another Gender', 5: 'Men\nWomen Another Gender', 6: 'Men\nWomen Another Gender'}, {0: 'Undergraduates', 1: 'Undergraduates', 2: 'Undergraduates', 3: 'Undergraduates', 4: 'Undergraduates', 5: 'Undergraduates', 6: 'Undergraduates'}, {0: 'Degree-seeking, first-time, first\ufffe\nyear', 1: '636', 2: '788', 3: '', 4: '', 5: '', 6: ''}, {0: 'Other first-year, degree-seeking', 1: '24', 2: '34', 3: '', 4: '', 5: '', 6: ''}, {0: 'All other degree-seeking', 1: '2,313', 2: '3,154', 3: '', 4: '33', 5: '35', 6: ''}, {0: 'Total degree-seeking', 1: '2,973', 2: '3,976', 3: '0', 4: '33', 5: '35', 6: '0'}, {0: 'All other undergraduates enrolled', 1: '38', 2: '35', 3: '', 4: '3', 5: '8', 6: ''}, {0: 'Total undergraduates', 1: '3,011', 2: '4,011', 3: '0', 4: '36', 5: '43', 6: '0'}, {0: 'Graduate', 1: 'Graduate', 2: 'Graduate', 3: 'Graduate', 4: 'Graduate', 5: 'Graduate', 6: 'Graduate'}, {0: 'Degree-seeking, first-time', 1: '671', 2: '1571', 3: '', 4: '104', 5: '213', 6: ''}, {0: 'All other degree-seeking', 1: '1452', 2: '2593', 3: '', 4: '266', 5: '378', 6: ''}, {0: 'credit courses', 1: '23', 2: '10', 3: '', 4: '195', 5: '275', 6: ''}, {0: 'Total graduate', 1: '2146', 2: '4174', 3: '0', 4: '565', 5: '866', 6: '0'}, {0: 'Total all students', 1: '5,157', 2: '8,185', 3: '0', 4: '601', 5: '909', 6: '0'}]]","<table> <tr> <td rowspan=""2""> </td> <td colspan=""3""> FULL-TIME </td> <td colspan=""3""> PART-TIME </td> </tr> <tr> <td colspan=""3""> Men <br/> Women Another Gender </td> <td colspan=""3""> Men <br/> Women Another Gender </td> </tr> <tr> <td colspan=""7""> Undergraduates </td> </tr> <tr> <td> Degree-seeking, first-time, first￾ <br/> year </td> <td> 636 </td> <td> 788 </td> <td> </td> <td> </td> <td> </td> <td> </td> </tr> <tr> <td> Other first-year, degree-seeking </td> <td> 24 </td> <td> 34 </td> <td> </td> <td> </td> <td> </td> <td> </td> </tr> <tr> <td> All other degree-seeking </td> <td> 2,313 </td> <td> 3,154 </td> <td> </td> <td> 33 </td> <td> 35 </td> <td> </td> </tr> <tr> <td> Total degree-seeking </td> <td> 2,973 </td> <td> 3,976 </td> <td> 0 </td> <td> 33 </td> <td> 35 </td> <td> 0 </td> </tr> <tr> <td> All other undergraduates enrolled </td> <td> 38 </td> <td> 35 </td> <td> </td> <td> 3 </td> <td> 8 </td> <td> </td> </tr> <tr> <td> Total undergraduates </td> <td> 3,011 </td> <td> 4,011 </td> <td> 0 </td> <td> 36 </td> <td> 43 </td> <td> 0 </td> </tr> <tr> <td colspan=""7""> Graduate </td> </tr> <tr> <td> Degree-seeking, first-time </td> <td> 671 </td> <td> 1571 </td> <td> </td> <td> 104 </td> <td> 213 </td> <td> </td> </tr> <tr> <td> All other degree-seeking </td> <td> 1452 </td> <td> 2593 </td> <td> </td> <td> 266 </td> <td> 378 </td> <td> </td> </tr> <tr> <td> credit courses </td> <td> 23 </td> <td> 10 </td> <td> </td> <td> 195 </td> <td> 275 </td> <td> </td> </tr> <tr> <td> Total graduate </td> <td> 2146 </td> <td> 4174 </td> <td> 0 </td> <td> 565 </td> <td> 866 </td> <td> 0 </td> </tr> <tr> <td> Total all students </td> <td> 5,157 </td> <td> 8,185 </td> <td> 0 </td> <td> 601 </td> <td> 909 </td> <td> 0 </td> </tr> </table>",139658,../data/cds-docs/2022-2023/139658.pdf,2022-2023
B,2,B2,Enrollment by Racial/Ethnic Category.,"[[{0: '', 1: 'Degree-Seeking\nFirst-Time\nFirst Year', 2: 'Degree-Seeking\nUndergraduates\n(include first-time\nfirst-year)', 3: 'Total\nUndergraduates (both\ndegree & non-degree\ufffe\nseeking)'}, {0: 'Nonresidents', 1: '238', 2: '1,208', 3: '1,283'}, {0: 'Hispanic/Latino', 1: '175', 2: '801', 3: '802'}, {0: 'Black or African American, non-Hispanic', 1: '136', 2: '598', 3: '598'}, {0: 'White, non-Hispanic', 1: '454', 2: '2,323', 3: '2,328'}, {0: 'American Indian or Alaska Native, non-Hispanic', 1: '1', 2: '3', 3: '3'}, {0: 'Asian, non-Hispanic', 1: '333', 2: '1,663', 3: '1,663'}, {0: 'Native Hawaiian or other Pacific Islander, non-Hispanic', 1: '', 2: '1', 3: '1'}, {0: 'Two or more races, non-Hispanic', 1: '61', 2: '323', 3: '326'}, {0: 'Race and/or ethnicity unknown', 1: '26', 2: '97', 3: '97'}, {0: 'TOTAL', 1: '1,424', 2: '7,017', 3: '7,101'}]]","<table> <tr> <td> </td> <td> Degree-Seeking <br/> First-Time <br/> First Year </td> <td> Degree-Seeking <br/> Undergraduates <br/> (include first-time <br/> first-year) </td> <td> Total <br/> Undergraduates (both <br/> degree &amp; non-degree￾ <br/> seeking) </td> </tr> <tr> <td> Nonresidents </td> <td> 238 </td> <td> 1,208 </td> <td> 1,283 </td> </tr> <tr> <td> Hispanic/Latino </td> <td> 175 </td> <td> 801 </td> <td> 802 </td> </tr> <tr> <td> Black or African American, non-Hispanic </td> <td> 136 </td> <td> 598 </td> <td> 598 </td> </tr> <tr> <td> White, non-Hispanic </td> <td> 454 </td> <td> 2,323 </td> <td> 2,328 </td> </tr> <tr> <td> American Indian or Alaska Native, non-Hispanic </td> <td> 1 </td> <td> 3 </td> <td> 3 </td> </tr> <tr> <td> Asian, non-Hispanic </td> <td> 333 </td> <td> 1,663 </td> <td> 1,663 </td> </tr> <tr> <td> Native Hawaiian or other Pacific Islander, non-Hispanic </td> <td> </td> <td> 1 </td> <td> 1 </td> </tr> <tr> <td> Two or more races, non-Hispanic </td> <td> 61 </td> <td> 323 </td> <td> 326 </td> </tr> <tr> <td> Race and/or ethnicity unknown </td> <td> 26 </td> <td> 97 </td> <td> 97 </td> </tr> <tr> <td> TOTAL </td> <td> 1,424 </td> <td> 7,017 </td> <td> 7,101 </td> </tr> </table>",139658,../data/cds-docs/2022-2023/139658.pdf,2022-2023
B,4,B4,-B21: Graduation Rates,"[[{0: '', 1: 'Recipients of a\nFederal Pell\nGrant', 2: 'Recipients of a\nSubsidized\nStafford Loan\nwho did not\nreceive a Pell\nGrant', 3: 'Students who did\nnot receive either\na Pell Grant or a\nsubsidized\nStafford Loan', 4: 'Total\n(sum of 3 columns to\nthe left)'}, {0: ""Initial 2016 cohort of first-time, full\ufffe\ntime, bachelor's (or equivalent)\ndegree-seeking undergraduate\nstudents"", 1: '237', 2: '208', 3: '913', 4: '1358'}, {0: 'Of the initial 2016 cohort, how many\ndid not persist and did not graduate\nfor the following reasons:\n• Deceased\n• Permanently Disabled\n• Armed Forces\n• Foreign Aid Service of the Federal\nGovernment\n• Official church missions\n• Report Total Allowable Exclusions', 1: '0', 2: '0', 3: '9', 4: '9'}, {0: 'Final 2016 cohort, after adjusting for\nallowable exclusions', 1: '237', 2: '208', 3: '904', 4: '1349'}, {0: 'Of the initial 2015 cohort, how many\ncompleted the program in four years\nor less (by Aug. 31, 2020)', 1: '190', 2: '183', 3: '744', 4: '1117'}, {0: 'Of the initial 2016 cohort, how many\ncompleted the program in more than\nfour years but in five years or less\n(after Aug. 31, 2020 and by Aug. 31,\n2021)', 1: '26', 2: '7', 3: '50', 4: '83'}, {0: 'Of the initial 2016 cohort, how many\ncompleted the program in more than\nfive years but in six years or less\n(after Aug. 31, 2021 and by Aug. 31,\n2022)', 1: '4', 2: '1', 3: '9', 4: '14'}, {0: 'Total graduating within six years\n(sum of lines D, E, and F)', 1: '220', 2: '191', 3: '803', 4: '1214'}, {0: 'Six-year graduation rate for 2016\ncohort (G divided by C)', 1: '0.928270042', 2: '0.918269231', 3: '0.888274336', 4: '0.899925871'}]]","<table> <tr> <td> </td> <td> Recipients of a <br/> Federal Pell <br/> Grant </td> <td> Recipients of a <br/> Subsidized <br/> Stafford Loan <br/> who did not <br/> receive a Pell <br/> Grant </td> <td> Students who did <br/> not receive either <br/> a Pell Grant or a <br/> subsidized <br/> Stafford Loan </td> <td> Total <br/> (sum of 3 columns to <br/> the left) </td> </tr> <tr> <td> Initial 2016 cohort of first-time, full￾ <br/> time, bachelor's (or equivalent) <br/> degree-seeking undergraduate <br/> students </td> <td> 237 </td> <td> 208 </td> <td> 913 </td> <td> 1358 </td> </tr> <tr> <td> Of the initial 2016 cohort, how many <br/> did not persist and did not graduate <br/> for the following reasons: <br/> • Deceased <br/> • Permanently Disabled <br/> • Armed Forces <br/> • Foreign Aid Service of the Federal <br/> Government <br/> • Official church missions <br/> • Report Total Allowable Exclusions </td> <td> 0 </td> <td> 0 </td> <td> 9 </td> <td> 9 </td> </tr> <tr> <td> Final 2016 cohort, after adjusting for <br/> allowable exclusions </td> <td> 237 </td> <td> 208 </td> <td> 904 </td> <td> 1349 </td> </tr> <tr> <td> Of the initial 2015 cohort, how many <br/> completed the program in four years <br/> or less (by Aug. 31, 2020) </td> <td> 190 </td> <td> 183 </td> <td> 744 </td> <td> 1117 </td> </tr> <tr> <td> Of the initial 2016 cohort, how many <br/> completed the program in more than <br/> four years but in five years or less <br/> (after Aug. 31, 2020 and by Aug. 31, <br/> 2021) </td> <td> 26 </td> <td> 7 </td> <td> 50 </td> <td> 83 </td> </tr> <tr> <td> Of the initial 2016 cohort, how many <br/> completed the program in more than <br/> five years but in six years or less <br/> (after Aug. 31, 2021 and by Aug. 31, <br/> 2022) </td> <td> 4 </td> <td> 1 </td> <td> 9 </td> <td> 14 </td> </tr> <tr> <td> Total graduating within six years <br/> (sum of lines D, E, and F) </td> <td> 220 </td> <td> 191 </td> <td> 803 </td> <td> 1214 </td> </tr> <tr> <td> Six-year graduation rate for 2016 <br/> cohort (G divided by C) </td> <td> 0.928270042 </td> <td> 0.918269231 </td> <td> 0.888274336 </td> <td> 0.899925871 </td> </tr> </table>",139658,../data/cds-docs/2022-2023/139658.pdf,2022-2023
C,1,C1,"First-time, first-year students: Provide the number of degree-seeking, first-time, first-year students who","[[{0: 'Total first-time, first-year men who applied', 1: 'Total first-time, first-year men who applied', 2: '13161'}, {0: 'Total first-time, first-year', 1: 'women who applied', 2: '20018'}], [{0: 'Total first-time, first-year men who were admitted', 1: 'Total first-time, first-year men who were admitted', 2: '1653'}, {0: 'Total first-time, first-year', 1: 'women who were admitted', 2: '2114'}], [{0: 'Total full-time, first-time, first-year men who enrolled', 1: '636'}, {0: 'Total part-time, first-time, first-year men who enrolled', 1: '0'}], [{0: 'Total full-time, first-time, first-year women who enrolled', 1: '788'}, {0: 'Total part-time, first-time, first-year women who enrolled', 1: '0'}]]","<table> <tr> <td colspan=""2""> Total first-time, first-year men who applied </td> <td> 13161 </td> </tr> <tr> <td> Total first-time, first-year </td> <td> women who applied </td> <td> 20018 </td> </tr> </table><div class=""separator""></div><table> <tr> <td colspan=""2""> Total first-time, first-year men who were admitted </td> <td> 1653 </td> </tr> <tr> <td> Total first-time, first-year </td> <td> women who were admitted </td> <td> 2114 </td> </tr> </table><div class=""separator""></div><table> <tr> <td> Total full-time, first-time, first-year men who enrolled </td> <td> 636 </td> </tr> <tr> <td> Total part-time, first-time, first-year men who enrolled </td> <td> 0 </td> </tr> </table><div class=""separator""></div><table> <tr> <td> Total full-time, first-time, first-year women who enrolled </td> <td> 788 </td> </tr> <tr> <td> Total part-time, first-time, first-year women who enrolled </td> <td> 0 </td> </tr> </table>",139658,../data/cds-docs/2022-2023/139658.pdf,2022-2023
C,2,C2,"First-time, first-year wait-listed students","[[{0: 'WAITING LIST', 1: 'WAITING LIST', 2: 'WAITING LIST', 3: 'TOTAL'}, {0: 'Number of qualified applicants offered a place on waiting list:', 1: 'Number of qualified applicants offered a place on waiting list:', 2: 'Number of qualified applicants offered a place on waiting list:', 3: '6448'}, {0: 'Number accepting a', 1: 'place on the waiting', 2: 'list:', 3: '3388'}, {0: 'Number of wait-listed students admitted:', 1: 'Number of wait-listed students admitted:', 2: 'Number of wait-listed students admitted:', 3: '107'}]]","<table> <tr> <td colspan=""3""> WAITING LIST </td> <td> TOTAL </td> </tr> <tr> <td colspan=""3""> Number of qualified applicants offered a place on waiting list: </td> <td> 6448 </td> </tr> <tr> <td> Number accepting a </td> <td> place on the waiting </td> <td> list: </td> <td> 3388 </td> </tr> <tr> <td colspan=""3""> Number of wait-listed students admitted: </td> <td> 107 </td> </tr> </table>",139658,../data/cds-docs/2022-2023/139658.pdf,2022-2023
C,5,C5,Distribution of high school units required and/or recommended. Specify the distribution of academic,"[[{0: '', 1: 'Required', 2: 'Recommended'}, {0: 'Total academic units', 1: '', 2: '22'}, {0: 'English', 1: '', 2: '4'}, {0: 'Mathematics', 1: '', 2: '4'}, {0: 'Science', 1: '', 2: '4'}, {0: 'lab', 1: '', 2: '2'}, {0: 'Foreign language', 1: '', 2: '4'}, {0: 'Social studies', 1: '', 2: '2'}, {0: 'History', 1: '', 2: '2'}, {0: 'Academic electives', 1: '', 2: ''}, {0: 'Computer Science', 1: '', 2: '1'}, {0: 'Visual/Performing Arts', 1: '', 2: '1'}, {0: 'Other (specify)', 1: '', 2: ''}]]",<table> <tr> <td> </td> <td> Required </td> <td> Recommended </td> </tr> <tr> <td> Total academic units </td> <td> </td> <td> 22 </td> </tr> <tr> <td> English </td> <td> </td> <td> 4 </td> </tr> <tr> <td> Mathematics </td> <td> </td> <td> 4 </td> </tr> <tr> <td> Science </td> <td> </td> <td> 4 </td> </tr> <tr> <td> lab </td> <td> </td> <td> 2 </td> </tr> <tr> <td> Foreign language </td> <td> </td> <td> 4 </td> </tr> <tr> <td> Social studies </td> <td> </td> <td> 2 </td> </tr> <tr> <td> History </td> <td> </td> <td> 2 </td> </tr> <tr> <td> Academic electives </td> <td> </td> <td> </td> </tr> <tr> <td> Computer Science </td> <td> </td> <td> 1 </td> </tr> <tr> <td> Visual/Performing Arts </td> <td> </td> <td> 1 </td> </tr> <tr> <td> Other (specify) </td> <td> </td> <td> </td> </tr> </table>,139658,../data/cds-docs/2022-2023/139658.pdf,2022-2023
C,7,C7,"Relative importance of each of the following academic and nonacademic factors in your first-time,","[[{0: 'Very Important Important Considered Not Considered', 1: 'Very Important Important Considered Not Considered', 2: 'Very Important Important Considered Not Considered', 3: 'Very Important Important Considered Not Considered', 4: 'Very Important Important Considered Not Considered'}, {0: 'Academic', 1: 'Academic', 2: 'Academic', 3: 'Academic', 4: 'Academic'}, {0: 'Rigor of secondary school record', 1: 'X', 2: '', 3: '', 4: ''}, {0: 'Class rank', 1: '', 2: '', 3: 'X', 4: ''}, {0: 'Academic GPA', 1: 'X', 2: '', 3: '', 4: ''}, {0: 'Standardized test scores', 1: '', 2: 'X', 3: '', 4: ''}, {0: 'Application Essay', 1: '', 2: 'X', 3: '', 4: ''}, {0: 'Recommendation(s)', 1: 'X', 2: '', 3: '', 4: ''}, {0: 'Nonacademic', 1: 'Nonacademic', 2: 'Nonacademic', 3: 'Nonacademic', 4: 'Nonacademic'}, {0: 'Interview', 1: '', 2: '', 3: 'X', 4: ''}, {0: 'Extracurricular activities', 1: 'X', 2: '', 3: '', 4: ''}, {0: 'Talent/ability', 1: 'X', 2: '', 3: '', 4: ''}, {0: 'Character/personal qualities', 1: 'X', 2: '', 3: '', 4: ''}, {0: 'First generation', 1: '', 2: '', 3: 'X', 4: ''}, {0: 'Alumni/ae relation', 1: '', 2: '', 3: 'X', 4: ''}, {0: 'Geographical residence', 1: '', 2: '', 3: 'X', 4: ''}, {0: 'State residency', 1: '', 2: '', 3: 'X', 4: ''}, {0: 'Religious affiliation/commitment', 1: '', 2: '', 3: '', 4: 'X'}, {0: 'Racial/ethnic status', 1: '', 2: '', 3: 'X', 4: ''}, {0: 'Volunteer work', 1: '', 2: 'X', 3: '', 4: ''}, {0: 'Work experience', 1: '', 2: '', 3: 'X', 4: ''}, {0: 'Level of applicant’s interest', 1: '', 2: '', 3: '', 4: 'X'}]]","<table> <tr> <td colspan=""5""> Very Important Important Considered Not Considered </td> </tr> <tr> <td colspan=""5""> Academic </td> </tr> <tr> <td> Rigor of secondary school record </td> <td> X </td> <td> </td> <td> </td> <td> </td> </tr> <tr> <td> Class rank </td> <td> </td> <td> </td> <td> X </td> <td> </td> </tr> <tr> <td> Academic GPA </td> <td> X </td> <td> </td> <td> </td> <td> </td> </tr> <tr> <td> Standardized test scores </td> <td> </td> <td> X </td> <td> </td> <td> </td> </tr> <tr> <td> Application Essay </td> <td> </td> <td> X </td> <td> </td> <td> </td> </tr> <tr> <td> Recommendation(s) </td> <td> X </td> <td> </td> <td> </td> <td> </td> </tr> <tr> <td colspan=""5""> Nonacademic </td> </tr> <tr> <td> Interview </td> <td> </td> <td> </td> <td> X </td> <td> </td> </tr> <tr> <td> Extracurricular activities </td> <td> X </td> <td> </td> <td> </td> <td> </td> </tr> <tr> <td> Talent/ability </td> <td> X </td> <td> </td> <td> </td> <td> </td> </tr> <tr> <td> Character/personal qualities </td> <td> X </td> <td> </td> <td> </td> <td> </td> </tr> <tr> <td> First generation </td> <td> </td> <td> </td> <td> X </td> <td> </td> </tr> <tr> <td> Alumni/ae relation </td> <td> </td> <td> </td> <td> X </td> <td> </td> </tr> <tr> <td> Geographical residence </td> <td> </td> <td> </td> <td> X </td> <td> </td> </tr> <tr> <td> State residency </td> <td> </td> <td> </td> <td> X </td> <td> </td> </tr> <tr> <td> Religious affiliation/commitment </td> <td> </td> <td> </td> <td> </td> <td> X </td> </tr> <tr> <td> Racial/ethnic status </td> <td> </td> <td> </td> <td> X </td> <td> </td> </tr> <tr> <td> Volunteer work </td> <td> </td> <td> X </td> <td> </td> <td> </td> </tr> <tr> <td> Work experience </td> <td> </td> <td> </td> <td> X </td> <td> </td> </tr> <tr> <td> Level of applicant’s interest </td> <td> </td> <td> </td> <td> </td> <td> X </td> </tr> </table>",139658,../data/cds-docs/2022-2023/139658.pdf,2022-2023
C,8,C8,: SAT and ACT Policies,"[[{0: 'Yes', 1: 'No'}, {0: 'X', 1: ''}], [{0: '', 1: 'ADMISSION', 2: 'ADMISSION', 3: 'ADMISSION', 4: 'ADMISSION', 5: 'ADMISSION'}, {0: '', 1: 'Require', 2: 'Recommend', 3: 'Require for Some', 4: 'Consider if\nSubmitted', 5: 'Not\nConsidered'}, {0: 'SAT or ACT', 1: '', 2: '', 3: '', 4: 'X', 5: ''}, {0: 'ACT Only', 1: '', 2: '', 3: '', 4: 'X', 5: ''}, {0: 'SAT Only', 1: '', 2: '', 3: '', 4: 'X', 5: ''}]]","<table> <tr> <td> Yes </td> <td> No </td> </tr> <tr> <td> X </td> <td> </td> </tr> </table><div class=""separator""></div><table> <tr> <td rowspan=""2""> </td> <td colspan=""5""> ADMISSION </td> </tr> <tr> <td> Require </td> <td> Recommend </td> <td> Require for Some </td> <td> Consider if <br/> Submitted </td> <td> Not <br/> Considered </td> </tr> <tr> <td> SAT or ACT </td> <td> </td> <td> </td> <td> </td> <td> X </td> <td> </td> </tr> <tr> <td> ACT Only </td> <td> </td> <td> </td> <td> </td> <td> X </td> <td> </td> </tr> <tr> <td> SAT Only </td> <td> </td> <td> </td> <td> </td> <td> X </td> <td> </td> </tr> </table>",139658,../data/cds-docs/2022-2023/139658.pdf,2022-2023
C,9,C9,"Percent and number of first-time, first-year students enrolled in Fall 2022 who submitted national","[[{0: '41%', 1: '587'}, {0: '23%', 1: '335'}], [{0: 'Assessment', 1: '25th Percentile', 2: '50th Percentile', 3: '75th Percentile'}, {0: 'SAT Composite', 1: '1450', 2: '1500', 3: '1530'}, {0: 'Writing', 1: '700', 2: '730', 3: '760'}, {0: 'SAT Math', 1: '730', 2: '770', 3: '790'}, {0: 'ACT Composite', 1: '32', 2: '33', 3: '34'}, {0: 'ACT Math', 1: '', 2: '', 3: ''}, {0: 'ACT English', 1: '', 2: '', 3: ''}, {0: 'ACT Writing', 1: '', 2: '', 3: ''}, {0: 'ACT Science', 1: '', 2: '', 3: ''}, {0: 'ACT Reading', 1: '', 2: '', 3: ''}], [{0: 'Score Range', 1: 'SAT Evidence-', 2: 'SAT Math'}, {0: '700-800', 1: '80.90%', 2: '90.80%'}, {0: '600-699', 1: '18.60%', 2: '8.30%'}, {0: '500-599', 1: '0.50%', 2: '0.90%'}, {0: '400-499', 1: '', 2: ''}, {0: '300-399', 1: '', 2: ''}, {0: '200-299', 1: '', 2: ''}, {0: 'Totals should = 100%', 1: '100.00%', 2: '100.00%'}], [{0: 'Score Range', 1: 'SAT Composite'}, {0: '1400-1600', 1: '91.30%'}, {0: '1200-1399', 1: '8.50%'}, {0: '1000-1199', 1: '0.20%'}, {0: '800-999', 1: ''}, {0: '600-799', 1: ''}, {0: '400-599', 1: ''}, {0: 'Totals should = 100%', 1: '100.00%'}], [{0: 'Score Range', 1: 'ACT Composite', 2: 'ACT English', 3: 'ACT Math', 4: 'ACT Reading', 5: 'ACT Science'}, {0: '30-36', 1: '98.20%', 2: '', 3: '', 4: '', 5: ''}, {0: '24-29', 1: '1.80%', 2: '', 3: '', 4: '', 5: ''}, {0: '18-23', 1: '', 2: '', 3: '', 4: '', 5: ''}, {0: '12-17', 1: '', 2: '', 3: '', 4: '', 5: ''}, {0: '6-11', 1: '', 2: '', 3: '', 4: '', 5: ''}, {0: 'Below 6', 1: '', 2: '', 3: '', 4: '', 5: ''}, {0: 'Totals should = 100%', 1: '100.00%', 2: '0.00%', 3: '0.00%', 4: '0.00%', 5: '0.00%'}]]","<table> <tr> <td> 41% </td> <td> 587 </td> </tr> <tr> <td> 23% </td> <td> 335 </td> </tr> </table><div class=""separator""></div><table> <tr> <td> Assessment </td> <td> 25th Percentile </td> <td> 50th Percentile </td> <td> 75th Percentile </td> </tr> <tr> <td> SAT Composite </td> <td> 1450 </td> <td> 1500 </td> <td> 1530 </td> </tr> <tr> <td> Writing </td> <td> 700 </td> <td> 730 </td> <td> 760 </td> </tr> <tr> <td> SAT Math </td> <td> 730 </td> <td> 770 </td> <td> 790 </td> </tr> <tr> <td> ACT Composite </td> <td> 32 </td> <td> 33 </td> <td> 34 </td> </tr> <tr> <td> ACT Math </td> <td> </td> <td> </td> <td> </td> </tr> <tr> <td> ACT English </td> <td> </td> <td> </td> <td> </td> </tr> <tr> <td> ACT Writing </td> <td> </td> <td> </td> <td> </td> </tr> <tr> <td> ACT Science </td> <td> </td> <td> </td> <td> </td> </tr> <tr> <td> ACT Reading </td> <td> </td> <td> </td> <td> </td> </tr> </table><div class=""separator""></div><table> <tr> <td> Score Range </td> <td> SAT Evidence- </td> <td> SAT Math </td> </tr> <tr> <td> 700-800 </td> <td> 80.90% </td> <td> 90.80% </td> </tr> <tr> <td> 600-699 </td> <td> 18.60% </td> <td> 8.30% </td> </tr> <tr> <td> 500-599 </td> <td> 0.50% </td> <td> 0.90% </td> </tr> <tr> <td> 400-499 </td> <td> </td> <td> </td> </tr> <tr> <td> 300-399 </td> <td> </td> <td> </td> </tr> <tr> <td> 200-299 </td> <td> </td> <td> </td> </tr> <tr> <td> Totals should = 100% </td> <td> 100.00% </td> <td> 100.00% </td> </tr> </table><div class=""separator""></div><table> <tr> <td> Score Range </td> <td> SAT Composite </td> </tr> <tr> <td> 1400-1600 </td> <td> 91.30% </td> </tr> <tr> <td> 1200-1399 </td> <td> 8.50% </td> </tr> <tr> <td> 1000-1199 </td> <td> 0.20% </td> </tr> <tr> <td> 800-999 </td> <td> </td> </tr> <tr> <td> 600-799 </td> <td> </td> </tr> <tr> <td> 400-599 </td> <td> </td> </tr> <tr> <td> Totals should = 100% </td> <td> 100.00% </td> </tr> </table><div class=""separator""></div><table> <tr> <td> Score Range </td> <td> ACT Composite </td> <td> ACT English </td> <td> ACT Math </td> <td> ACT Reading </td> <td> ACT Science </td> </tr> <tr> <td> 30-36 </td> <td> 98.20% </td> <td> </td> <td> </td> <td> </td> <td> </td> </tr> <tr> <td> 24-29 </td> <td> 1.80% </td> <td> </td> <td> </td> <td> </td> <td> </td> </tr> <tr> <td> 18-23 </td> <td> </td> <td> </td> <td> </td> <td> </td> <td> </td> </tr> <tr> <td> 12-17 </td> <td> </td> <td> </td> <td> </td> <td> </td> <td> </td> </tr> <tr> <td> 6-11 </td> <td> </td> <td> </td> <td> </td> <td> </td> <td> </td> </tr> <tr> <td> Below 6 </td> <td> </td> <td> </td> <td> </td> <td> </td> <td> </td> </tr> <tr> <td> Totals should = 100% </td> <td> 100.00% </td> <td> 0.00% </td> <td> 0.00% </td> <td> 0.00% </td> <td> 0.00% </td> </tr> </table>",139658,../data/cds-docs/2022-2023/139658.pdf,2022-2023
C,10,C10,"Percent of all degree-seeking, first-time, first-year students who had high school class rank within","[[{0: 'Assessment', 1: 'Assessment', 2: 'Percent'}, {0: 'Percent in top tenth of high school graduating class', 1: 'Percent in top tenth of high school graduating class', 2: '81%'}, {0: 'Percent in top quarter of high school graduating class', 1: 'Percent in top quarter of high school graduating class', 2: '16%'}, {0: 'Percent in top', 1: 'half of high school graduating class', 2: '3%'}, {0: 'Percent in bottom half of high school graduating class', 1: 'Percent in bottom half of high school graduating class', 2: ''}, {0: 'Percent in bottom quarter of high school graduating class', 1: 'Percent in bottom quarter of high school graduating class', 2: ''}, {0: 'Percent of total first-time, first-year students who submitted high school\nclass rank:', 1: 'Percent of total first-time, first-year students who submitted high school\nclass rank:', 2: '19.8'}]]","<table> <tr> <td colspan=""2""> Assessment </td> <td> Percent </td> </tr> <tr> <td colspan=""2""> Percent in top tenth of high school graduating class </td> <td> 81% </td> </tr> <tr> <td colspan=""2""> Percent in top quarter of high school graduating class </td> <td> 16% </td> </tr> <tr> <td> Percent in top </td> <td> half of high school graduating class </td> <td> 3% </td> </tr> <tr> <td colspan=""2""> Percent in bottom half of high school graduating class </td> <td> </td> </tr> <tr> <td colspan=""2""> Percent in bottom quarter of high school graduating class </td> <td> </td> </tr> <tr> <td colspan=""2""> Percent of total first-time, first-year students who submitted high school <br/> class rank: </td> <td> 19.8 </td> </tr> </table>",139658,../data/cds-docs/2022-2023/139658.pdf,2022-2023
C,11,C11,"Percentage of all enrolled, degree-seeking, first-time, first-year students who had high school grade-","[[{0: 'Score Range', 1: 'Percent'}, {0: 'Percent who had GPA of 4.0', 1: '17.70%'}, {0: 'Percent who had GPA between 3.75 and 3.99', 1: '59.60%'}, {0: 'Percent who had GPA between 3.50 and 3.74', 1: '19.00%'}, {0: 'Percent who had GPA between 3.25 and 3.49', 1: '3.30%'}, {0: 'Percent who had GPA between 3.00 and 3.24', 1: '0.30%'}, {0: 'Percent who had GPA between 2.50 and 2.99', 1: '0.10%'}, {0: 'Percent who had GPA between 2.0 and 2.49', 1: ''}, {0: 'Percent who had GPA between 1.0 and 1.99', 1: ''}, {0: 'Percent who had GPA below 1.0', 1: ''}, {0: 'Totals should = 100%', 1: '100.00%'}]]",<table> <tr> <td> Score Range </td> <td> Percent </td> </tr> <tr> <td> Percent who had GPA of 4.0 </td> <td> 17.70% </td> </tr> <tr> <td> Percent who had GPA between 3.75 and 3.99 </td> <td> 59.60% </td> </tr> <tr> <td> Percent who had GPA between 3.50 and 3.74 </td> <td> 19.00% </td> </tr> <tr> <td> Percent who had GPA between 3.25 and 3.49 </td> <td> 3.30% </td> </tr> <tr> <td> Percent who had GPA between 3.00 and 3.24 </td> <td> 0.30% </td> </tr> <tr> <td> Percent who had GPA between 2.50 and 2.99 </td> <td> 0.10% </td> </tr> <tr> <td> Percent who had GPA between 2.0 and 2.49 </td> <td> </td> </tr> <tr> <td> Percent who had GPA between 1.0 and 1.99 </td> <td> </td> </tr> <tr> <td> Percent who had GPA below 1.0 </td> <td> </td> </tr> <tr> <td> Totals should = 100% </td> <td> 100.00% </td> </tr> </table>,139658,../data/cds-docs/2022-2023/139658.pdf,2022-2023
C,14,C14,Application closing date,"[[{0: '', 1: 'Date'}, {0: 'Application closing date (fall)', 1: '1/1'}, {0: 'Priority Date', 1: ''}]]",<table> <tr> <td> </td> <td> Date </td> </tr> <tr> <td> Application closing date (fall) </td> <td> 1/1 </td> </tr> <tr> <td> Priority Date </td> <td> </td> </tr> </table>,139658,../data/cds-docs/2022-2023/139658.pdf,2022-2023
D,2,D2,"Provide the number of students who applied, were admitted, and enrolled as degree-seeking transfer","[[{0: '', 1: 'Applicants', 2: 'Admitted', 3: 'Enrolled'}, {0: 'Men', 1: '977', 2: '178', 3: '64'}, {0: 'Women', 1: '1,043', 2: '208', 3: '74'}, {0: 'Another Gender', 1: '', 2: '', 3: ''}, {0: 'Total', 1: '2,020', 2: '386', 3: '138'}]]","<table> <tr> <td> </td> <td> Applicants </td> <td> Admitted </td> <td> Enrolled </td> </tr> <tr> <td> Men </td> <td> 977 </td> <td> 178 </td> <td> 64 </td> </tr> <tr> <td> Women </td> <td> 1,043 </td> <td> 208 </td> <td> 74 </td> </tr> <tr> <td> Another Gender </td> <td> </td> <td> </td> <td> </td> </tr> <tr> <td> Total </td> <td> 2,020 </td> <td> 386 </td> <td> 138 </td> </tr> </table>",139658,../data/cds-docs/2022-2023/139658.pdf,2022-2023
D,9,D9,"List application priority, closing, notification, and candidate reply dates for transfer students. If applications","[[{0: '', 1: 'Priority Date', 2: 'Closing Date', 3: 'Notification Date', 4: 'Reply Date'}, {0: 'Fall', 1: '', 2: '15-Mar', 3: '1-May', 4: ''}, {0: 'Winter', 1: '', 2: '', 3: '', 4: ''}, {0: 'Spring', 1: '', 2: '', 3: '', 4: ''}, {0: 'Summer', 1: '', 2: '', 3: '', 4: ''}]]",<table> <tr> <td> </td> <td> Priority Date </td> <td> Closing Date </td> <td> Notification Date </td> <td> Reply Date </td> </tr> <tr> <td> Fall </td> <td> </td> <td> 15-Mar </td> <td> 1-May </td> <td> </td> </tr> <tr> <td> Winter </td> <td> </td> <td> </td> <td> </td> <td> </td> </tr> <tr> <td> Spring </td> <td> </td> <td> </td> <td> </td> <td> </td> </tr> <tr> <td> Summer </td> <td> </td> <td> </td> <td> </td> <td> </td> </tr> </table>,139658,../data/cds-docs/2022-2023/139658.pdf,2022-2023
F,1,F1,"Percentages of first-time, first-year degree-seeking students and degree-seeking","[[{0: '', 1: 'First-time, first\ufffe\nyear students', 2: 'Undergraduate\ns'}, {0: 'Percent who are from out of state (exclude\ninternational/nonresidents from the numerator and\ndenominator)', 1: '87%', 2: '84%'}, {0: 'Percent of men who join fraternities', 1: '', 2: '20%'}, {0: 'Percent of women who join sororities', 1: '', 2: '20%'}, {0: 'Percent who live in college-owned, -operated, or -\naffiliated housing', 1: '99%', 2: '62%'}, {0: 'Percent who live off campus or commute', 1: '0%', 2: '38%'}, {0: 'Percent of students age 25 and older', 1: '0%', 2: '2%'}, {0: 'Average age of full-time students', 1: '18', 2: '20'}, {0: 'Average age of all students (full- and part-time)', 1: '18', 2: '20'}]]","<table> <tr> <td> </td> <td> First-time, first￾ <br/> year students </td> <td> Undergraduate <br/> s </td> </tr> <tr> <td> Percent who are from out of state (exclude <br/> international/nonresidents from the numerator and <br/> denominator) </td> <td> 87% </td> <td> 84% </td> </tr> <tr> <td> Percent of men who join fraternities </td> <td> </td> <td> 20% </td> </tr> <tr> <td> Percent of women who join sororities </td> <td> </td> <td> 20% </td> </tr> <tr> <td> Percent who live in college-owned, -operated, or - <br/> affiliated housing </td> <td> 99% </td> <td> 62% </td> </tr> <tr> <td> Percent who live off campus or commute </td> <td> 0% </td> <td> 38% </td> </tr> <tr> <td> Percent of students age 25 and older </td> <td> 0% </td> <td> 2% </td> </tr> <tr> <td> Average age of full-time students </td> <td> 18 </td> <td> 20 </td> </tr> <tr> <td> Average age of all students (full- and part-time) </td> <td> 18 </td> <td> 20 </td> </tr> </table>",139658,../data/cds-docs/2022-2023/139658.pdf,2022-2023
F,3,F3,ROTC (program offered in cooperation with Reserve Officers' Training Corps),"[[{0: '', 1: 'Marine Option\n(for Naval ROTC)', 2: 'On Campus', 3: 'At Cooperating Institution', 4: 'Name of\nCooperating\nInstitution'}, {0: 'Army ROTC is offered:', 1: '', 2: '', 3: 'Yes', 4: 'Georgia'}, {0: 'Naval ROTC is offered:', 1: '', 2: '', 3: 'Yes', 4: 'Georgia'}, {0: 'Air Force ROTC is offered:', 1: '', 2: '', 3: 'Yes', 4: 'Georgia'}]]",<table> <tr> <td> </td> <td> Marine Option <br/> (for Naval ROTC) </td> <td> On Campus </td> <td> At Cooperating Institution </td> <td> Name of <br/> Cooperating <br/> Institution </td> </tr> <tr> <td> Army ROTC is offered: </td> <td> </td> <td> </td> <td> Yes </td> <td> Georgia </td> </tr> <tr> <td> Naval ROTC is offered: </td> <td> </td> <td> </td> <td> Yes </td> <td> Georgia </td> </tr> <tr> <td> Air Force ROTC is offered: </td> <td> </td> <td> </td> <td> Yes </td> <td> Georgia </td> </tr> </table>,139658,../data/cds-docs/2022-2023/139658.pdf,2022-2023
G,1,G1,"Undergraduate full-time tuition, required fees, room and board","[[{0: '', 1: 'First-Year', 2: 'Undergraduates'}, {0: 'PRIVATE INSTITUTIONS', 1: '', 2: ''}, {0: 'Tuition:', 1: '$59,920', 2: '$59,920'}, {0: 'PUBLIC INSTITUTIONS', 1: '', 2: ''}, {0: 'Tuition: In-district', 1: '', 2: ''}, {0: 'Tuition: In-state (out-of-district):', 1: '', 2: ''}, {0: 'Tuition: Out-of-state:', 1: '', 2: ''}, {0: 'Tuition: Non-resident', 1: '', 2: ''}, {0: 'FOR ALL INSTITUTIONS', 1: 'FOR ALL INSTITUTIONS', 2: 'FOR ALL INSTITUTIONS'}, {0: 'Required Fees', 1: '$854', 2: '$854'}, {0: 'Room and Board (on-campus):', 1: '$18,972', 2: '$18,972'}, {0: 'Room Only (on-campus):', 1: '$11,038', 2: '$11,038'}, {0: 'Board Only (on-campus meal plan):', 1: '$7,934', 2: '$7,934'}]]","<table> <tr> <td> </td> <td> First-Year </td> <td> Undergraduates </td> </tr> <tr> <td> PRIVATE INSTITUTIONS </td> <td> </td> <td> </td> </tr> <tr> <td> Tuition: </td> <td> $59,920 </td> <td> $59,920 </td> </tr> <tr> <td> PUBLIC INSTITUTIONS </td> <td> </td> <td> </td> </tr> <tr> <td> Tuition: In-district </td> <td> </td> <td> </td> </tr> <tr> <td> Tuition: In-state (out-of-district): </td> <td> </td> <td> </td> </tr> <tr> <td> Tuition: Out-of-state: </td> <td> </td> <td> </td> </tr> <tr> <td> Tuition: Non-resident </td> <td> </td> <td> </td> </tr> <tr> <td colspan=""3""> FOR ALL INSTITUTIONS </td> </tr> <tr> <td> Required Fees </td> <td> $854 </td> <td> $854 </td> </tr> <tr> <td> Room and Board (on-campus): </td> <td> $18,972 </td> <td> $18,972 </td> </tr> <tr> <td> Room Only (on-campus): </td> <td> $11,038 </td> <td> $11,038 </td> </tr> <tr> <td> Board Only (on-campus meal plan): </td> <td> $7,934 </td> <td> $7,934 </td> </tr> </table>",139658,../data/cds-docs/2022-2023/139658.pdf,2022-2023
G,5,G5,Provide the estimated expenses for a typical full-time undergraduate student:,"[[{0: '', 1: 'Residents', 2: 'Commuters', 3: 'Commuters'}, {0: 'Books and supplies:', 1: '$1,250', 2: '$1,250', 3: '$1,250'}, {0: 'Room only:', 1: '', 2: '', 3: '$11,038'}, {0: 'Board only:', 1: '', 2: '', 3: '$7,934'}, {0: 'Room and board total*', 1: '', 2: '', 3: ''}, {0: 'Transportation:', 1: '', 2: '', 3: '$1,056'}, {0: 'Other expenses:', 1: '', 2: '', 3: '$1,570'}]]","<table> <tr> <td> </td> <td> Residents </td> <td> Commuters </td> <td> Commuters </td> </tr> <tr> <td> Books and supplies: </td> <td> $1,250 </td> <td> $1,250 </td> <td> $1,250 </td> </tr> <tr> <td> Room only: </td> <td> </td> <td> </td> <td> $11,038 </td> </tr> <tr> <td> Board only: </td> <td> </td> <td> </td> <td> $7,934 </td> </tr> <tr> <td> Room and board total* </td> <td> </td> <td> </td> <td> </td> </tr> <tr> <td> Transportation: </td> <td> </td> <td> </td> <td> $1,056 </td> </tr> <tr> <td> Other expenses: </td> <td> </td> <td> </td> <td> $1,570 </td> </tr> </table>",139658,../data/cds-docs/2022-2023/139658.pdf,2022-2023
G,6,G6,Undergraduate per-credit-hour charges (tuition only):,"[[{0: 'PRIVATE INSTITUTIONS:', 1: '$2,497.00'}, {0: 'PUBLIC INSTITUTIONS:', 1: ''}, {0: 'In-district:', 1: ''}, {0: 'In-state (out-of-district):', 1: ''}, {0: 'Out-of-state:', 1: ''}, {0: 'NONRESIDENTS:', 1: ''}]]","<table> <tr> <td> PRIVATE INSTITUTIONS: </td> <td> $2,497.00 </td> </tr> <tr> <td> PUBLIC INSTITUTIONS: </td> <td> </td> </tr> <tr> <td> In-district: </td> <td> </td> </tr> <tr> <td> In-state (out-of-district): </td> <td> </td> </tr> <tr> <td> Out-of-state: </td> <td> </td> </tr> <tr> <td> NONRESIDENTS: </td> <td> </td> </tr> </table>",139658,../data/cds-docs/2022-2023/139658.pdf,2022-2023
H,2,H2,", A, and H6 below:","[[{0: '', 1: 'Need-based', 2: 'Non-need\ufffe'}, {0: 'Scholarships/Grants', 1: '', 2: ''}, {0: 'Federal', 1: '$8,188,603', 2: ''}, {0: 'State all states, not only the state in which your institution is located', 1: '$2,844,956', 2: '$1,952,643'}, {0: 'Institutional: Endowed scholarships, annual gifts and tuition funded\ngrants, awarded by the college, excluding athletic aid and tuition\nwaivers (which are reported below).', 1: '$140,563,927', 2: '$11,685,272'}, {0: 'Scholarships/grants from external sources (e.g. Kiwanis, National\nMerit) not awarded by the college', 1: '$1,386,061', 2: '$3,303,374'}, {0: 'Total Scholarships/Grants', 1: '$152,983,546', 2: '$16,941,289'}, {0: 'Self-Help', 1: '', 2: ''}, {0: 'Student loans from all sources (excluding parent loans)', 1: '$7,092,079', 2: '$8,656,009'}, {0: 'Federal Work-Study', 1: '$5,693,394', 2: ''}, {0: 'State and other (e.g., institutional) work-study/employment (Note:\nExcludes Federal Work-Study captured above.)', 1: '$348,965', 2: '$890,198'}, {0: 'Total Self-Help', 1: '$13,134,438', 2: '$9,546,207'}, {0: 'Parent Loans', 1: '$723,380', 2: '$4,906,553'}, {0: 'Tuition Waivers\nNote: Reporting is optional. Report tuition waivers in this row if you\nchoose to report them. Do not report tuition waivers elsewhere.', 1: '', 2: ''}, {0: 'Athletic Awards', 1: '', 2: ''}], [{0: '', 1: '', 2: 'Full-time\nFirst-time\nFirst-year', 3: 'Full-time\nUndergrad\n(Incl. Fresh)', 4: 'Less Than\nFull-time\nUndergrad'}, {0: 'A', 1: 'Number of degree-seeking undergraduate students\n(CDS Item B1 if reporting on Fall 2022 cohort)', 2: '1424', 3: '6949', 4: '68'}, {0: 'B', 1: 'Number of students in line a who applied for need\ufffe\nbased financial aid', 2: '731', 3: '3609', 4: '30'}, {0: 'C', 1: 'Number of students in line b who were determined to', 2: '576', 3: '3086', 4: '27'}, {0: 'D', 1: 'Number of students in line c who were awarded any', 2: '576', 3: '3085', 4: '24'}, {0: 'E', 1: 'Number of students in line d who were awarded any', 2: '520', 3: '2844', 4: '20'}, {0: 'F', 1: 'Number of students in line d who were awarded any', 2: '470', 3: '2541', 4: '20'}, {0: 'G', 1: 'Number of students in line d who were awarded any', 2: '195', 3: '670', 4: '3'}, {0: 'H', 1: 'Number of students in line d whose need was fully met', 2: '567', 3: '2942', 4: '16'}, {0: 'I', 1: 'On average, the percentage of need that was met of', 2: '99.6%', 3: '98.4%', 4: '90.3%'}, {0: 'J', 1: 'students who were awarded any need-based aid.\nThe average financial aid package of those in line d.', 2: '$ 52,113', 3: '$ 51,937', 4: '$ 29,009'}, {0: 'K', 1: 'Average need-based scholarship and grant award of\nthose in line e', 2: '$ 52,097', 3: '$ 51,828', 4: '$ 28,871'}, {0: 'L', 1: 'Average need-based self-help award (excluding PLUS\nloans, unsubsidized loans, and private alternative\nloans) of those in line f', 2: '$ 3,676', 3: '$ 3,474', 4: '$ 4,490'}, {0: 'M', 1: 'Average need-based loan (excluding PLUS loans,', 2: '$ 3,432', 3: '$ 6,894', 4: '$ 13,385'}], [{0: '', 1: '', 2: 'Full-time\nFirst-time\nFirst-year', 3: 'Full-time\nUndergrad\n(Incl. Fresh.)', 4: 'Less Than\nFull-time\nUndergrad'}, {0: 'N', 1: 'Number of students in line a who had no financial need\nand who were awarded institutional non-need-based\nscholarship or grant aid (exclude those who were\nawarded athletic awards and tuition benefits)', 2: '56', 3: '351', 4: '2'}, {0: 'O', 1: 'Average dollar amount of institutional non-need-based', 2: '$ 25,536', 3: '$ 27,933', 4: '$ 2,785'}, {0: 'P', 1: 'Number of students in line a who were awarded an', 2: '', 3: '', 4: ''}, {0: 'Q', 1: 'Average dollar amount of institutional non-need-based', 2: '', 3: '', 4: ''}]]","<table> <tr> <td> </td> <td> Need-based </td> <td> Non-need￾ </td> </tr> <tr> <td> Scholarships/Grants </td> <td> </td> <td> </td> </tr> <tr> <td> Federal </td> <td> $8,188,603 </td> <td> </td> </tr> <tr> <td> State all states, not only the state in which your institution is located </td> <td> $2,844,956 </td> <td> $1,952,643 </td> </tr> <tr> <td> Institutional: Endowed scholarships, annual gifts and tuition funded <br/> grants, awarded by the college, excluding athletic aid and tuition <br/> waivers (which are reported below). </td> <td> $140,563,927 </td> <td> $11,685,272 </td> </tr> <tr> <td> Scholarships/grants from external sources (e.g. Kiwanis, National <br/> Merit) not awarded by the college </td> <td> $1,386,061 </td> <td> $3,303,374 </td> </tr> <tr> <td> Total Scholarships/Grants </td> <td> $152,983,546 </td> <td> $16,941,289 </td> </tr> <tr> <td> Self-Help </td> <td> </td> <td> </td> </tr> <tr> <td> Student loans from all sources (excluding parent loans) </td> <td> $7,092,079 </td> <td> $8,656,009 </td> </tr> <tr> <td> Federal Work-Study </td> <td> $5,693,394 </td> <td> </td> </tr> <tr> <td> State and other (e.g., institutional) work-study/employment (Note: <br/> Excludes Federal Work-Study captured above.) </td> <td> $348,965 </td> <td> $890,198 </td> </tr> <tr> <td> Total Self-Help </td> <td> $13,134,438 </td> <td> $9,546,207 </td> </tr> <tr> <td> Parent Loans </td> <td> $723,380 </td> <td> $4,906,553 </td> </tr> <tr> <td> Tuition Waivers <br/> Note: Reporting is optional. Report tuition waivers in this row if you <br/> choose to report them. Do not report tuition waivers elsewhere. </td> <td> </td> <td> </td> </tr> <tr> <td> Athletic Awards </td> <td> </td> <td> </td> </tr> </table><div class=""separator""></div><table> <tr> <td> </td> <td> </td> <td> Full-time <br/> First-time <br/> First-year </td> <td> Full-time <br/> Undergrad <br/> (Incl. Fresh) </td> <td> Less Than <br/> Full-time <br/> Undergrad </td> </tr> <tr> <td> A </td> <td> Number of degree-seeking undergraduate students <br/> (CDS Item B1 if reporting on Fall 2022 cohort) </td> <td> 1424 </td> <td> 6949 </td> <td> 68 </td> </tr> <tr> <td> B </td> <td> Number of students in line a who applied for need￾ <br/> based financial aid </td> <td> 731 </td> <td> 3609 </td> <td> 30 </td> </tr> <tr> <td> C </td> <td> Number of students in line b who were determined to </td> <td> 576 </td> <td> 3086 </td> <td> 27 </td> </tr> <tr> <td> D </td> <td> Number of students in line c who were awarded any </td> <td> 576 </td> <td> 3085 </td> <td> 24 </td> </tr> <tr> <td> E </td> <td> Number of students in line d who were awarded any </td> <td> 520 </td> <td> 2844 </td> <td> 20 </td> </tr> <tr> <td> F </td> <td> Number of students in line d who were awarded any </td> <td> 470 </td> <td> 2541 </td> <td> 20 </td> </tr> <tr> <td> G </td> <td> Number of students in line d who were awarded any </td> <td> 195 </td> <td> 670 </td> <td> 3 </td> </tr> <tr> <td> H </td> <td> Number of students in line d whose need was fully met </td> <td> 567 </td> <td> 2942 </td> <td> 16 </td> </tr> <tr> <td> I </td> <td> On average, the percentage of need that was met of </td> <td> 99.6% </td> <td> 98.4% </td> <td> 90.3% </td> </tr> <tr> <td> J </td> <td> students who were awarded any need-based aid. <br/> The average financial aid package of those in line d. </td> <td> $ 52,113 </td> <td> $ 51,937 </td> <td> $ 29,009 </td> </tr> <tr> <td> K </td> <td> Average need-based scholarship and grant award of <br/> those in line e </td> <td> $ 52,097 </td> <td> $ 51,828 </td> <td> $ 28,871 </td> </tr> <tr> <td> L </td> <td> Average need-based self-help award (excluding PLUS <br/> loans, unsubsidized loans, and private alternative <br/> loans) of those in line f </td> <td> $ 3,676 </td> <td> $ 3,474 </td> <td> $ 4,490 </td> </tr> <tr> <td> M </td> <td> Average need-based loan (excluding PLUS loans, </td> <td> $ 3,432 </td> <td> $ 6,894 </td> <td> $ 13,385 </td> </tr> </table><div class=""separator""></div><table> <tr> <td> </td> <td> </td> <td> Full-time <br/> First-time <br/> First-year </td> <td> Full-time <br/> Undergrad <br/> (Incl. Fresh.) </td> <td> Less Than <br/> Full-time <br/> Undergrad </td> </tr> <tr> <td> N </td> <td> Number of students in line a who had no financial need <br/> and who were awarded institutional non-need-based <br/> scholarship or grant aid (exclude those who were <br/> awarded athletic awards and tuition benefits) </td> <td> 56 </td> <td> 351 </td> <td> 2 </td> </tr> <tr> <td> O </td> <td> Average dollar amount of institutional non-need-based </td> <td> $ 25,536 </td> <td> $ 27,933 </td> <td> $ 2,785 </td> </tr> <tr> <td> P </td> <td> Number of students in line a who were awarded an </td> <td> </td> <td> </td> <td> </td> </tr> <tr> <td> Q </td> <td> Average dollar amount of institutional non-need-based </td> <td> </td> <td> </td> <td> </td> </tr> </table>",139658,../data/cds-docs/2022-2023/139658.pdf,2022-2023
H,5,H5,"Number and percent of students in class (defined in H4 above) borrowing from federal, non-federal,","[[{0: 'Source/Type of Loan', 1: 'Source/Type of Loan', 2: 'Number in the\nclass (defined\nin H4 above)\nwho borrowed\nfrom the types\nof loans\nspecified in the\nfirst column', 3: 'Percent of the\nclass (defined\nabove) who\nborrowed from\nthe types of\nloans specified\nin the first\ncolumn\n(nearest 1%)', 4: 'Average per\ufffe\nundergraduate\ufffe\nborrower\ncumulative\nprincipal\nborrowed from\nthe types of\nloans specified\nin the first\ncolumn\n(nearest $1)'}, {0: 'A', 1: 'Any loan program: Federal Perkins, Federal Stafford\nSubsidized and Unsubsidized, institutional, state,\nprivate loans that your institution is aware of, etc.\nInclude both Federal Direct Student Loans and Federal\nFamily Education Loans.', 2: '413', 3: '32%', 4: '$\n25,895'}, {0: 'B', 1: 'Federal loan programs: Federal Perkins, Federal\nStafford Subsidized and Unsubsidized. Include both\nFederal Direct Student Loans and Federal Family\nEducation Loans.', 2: '403', 3: '31%', 4: '$\n18,389'}, {0: 'C', 1: 'Institutional loan programs.', 2: '37', 3: '3%', 4: '$\n6,055'}, {0: 'D', 1: 'State loan programs.', 2: '4', 3: '0%', 4: '$\n14,048'}, {0: 'E', 1: 'Private student loans made by a bank or lender.', 2: '56', 3: '4%', 4: '$\n53,636'}]]","<table> <tr> <td colspan=""2""> Source/Type of Loan </td> <td> Number in the <br/> class (defined <br/> in H4 above) <br/> who borrowed <br/> from the types <br/> of loans <br/> specified in the <br/> first column </td> <td> Percent of the <br/> class (defined <br/> above) who <br/> borrowed from <br/> the types of <br/> loans specified <br/> in the first <br/> column <br/> (nearest 1%) </td> <td> Average per￾ <br/> undergraduate￾ <br/> borrower <br/> cumulative <br/> principal <br/> borrowed from <br/> the types of <br/> loans specified <br/> in the first <br/> column <br/> (nearest $1) </td> </tr> <tr> <td> A </td> <td> Any loan program: Federal Perkins, Federal Stafford <br/> Subsidized and Unsubsidized, institutional, state, <br/> private loans that your institution is aware of, etc. <br/> Include both Federal Direct Student Loans and Federal <br/> Family Education Loans. </td> <td> 413 </td> <td> 32% </td> <td> $ <br/> 25,895 </td> </tr> <tr> <td> B </td> <td> Federal loan programs: Federal Perkins, Federal <br/> Stafford Subsidized and Unsubsidized. Include both <br/> Federal Direct Student Loans and Federal Family <br/> Education Loans. </td> <td> 403 </td> <td> 31% </td> <td> $ <br/> 18,389 </td> </tr> <tr> <td> C </td> <td> Institutional loan programs. </td> <td> 37 </td> <td> 3% </td> <td> $ <br/> 6,055 </td> </tr> <tr> <td> D </td> <td> State loan programs. </td> <td> 4 </td> <td> 0% </td> <td> $ <br/> 14,048 </td> </tr> <tr> <td> E </td> <td> Private student loans made by a bank or lender. </td> <td> 56 </td> <td> 4% </td> <td> $ <br/> 53,636 </td> </tr> </table>",139658,../data/cds-docs/2022-2023/139658.pdf,2022-2023
H,14,H14,Check off criteria used in awarding institutional aid. Check all that apply.,"[[{0: '', 1: 'Non-Need Based', 2: 'Need-Based'}, {0: 'Academics', 1: 'X', 2: ''}, {0: 'Alumni affiliation', 1: '', 2: ''}, {0: 'Art', 1: 'X', 2: ''}, {0: 'Athletics', 1: '', 2: ''}, {0: 'Job skills', 1: '', 2: ''}, {0: 'ROTC', 1: '', 2: ''}, {0: 'Leadership', 1: 'X', 2: ''}, {0: 'Minority status', 1: '', 2: ''}, {0: 'Music/drama', 1: 'X', 2: ''}, {0: 'Religious affiliation', 1: 'X', 2: 'X'}, {0: 'State/district residency', 1: 'X', 2: ''}]]",<table> <tr> <td> </td> <td> Non-Need Based </td> <td> Need-Based </td> </tr> <tr> <td> Academics </td> <td> X </td> <td> </td> </tr> <tr> <td> Alumni affiliation </td> <td> </td> <td> </td> </tr> <tr> <td> Art </td> <td> X </td> <td> </td> </tr> <tr> <td> Athletics </td> <td> </td> <td> </td> </tr> <tr> <td> Job skills </td> <td> </td> <td> </td> </tr> <tr> <td> ROTC </td> <td> </td> <td> </td> </tr> <tr> <td> Leadership </td> <td> X </td> <td> </td> </tr> <tr> <td> Minority status </td> <td> </td> <td> </td> </tr> <tr> <td> Music/drama </td> <td> X </td> <td> </td> </tr> <tr> <td> Religious affiliation </td> <td> X </td> <td> X </td> </tr> <tr> <td> State/district residency </td> <td> X </td> <td> </td> </tr> </table>,139658,../data/cds-docs/2022-2023/139658.pdf,2022-2023
J,1,J1,"Degrees conferred between July 1, 2021 and June 30, 2022","[[{0: 'Category', 1: 'Diploma/Certificates', 2: 'Associate', 3: 'Bachelor’s', 4: 'CIP 2020 Categories\nto Include'}, {0: 'Agriculture', 1: '', 2: '', 3: '', 4: '01'}, {0: 'Natural resources and conservation', 1: '', 2: '', 3: '1.5', 4: '03'}, {0: 'Architecture', 1: '', 2: '', 3: '', 4: '04'}, {0: 'Area, ethnic, and gender studies', 1: '', 2: '', 3: '2.3', 4: '05'}, {0: 'Communication/journalism', 1: '', 2: '', 3: '0.2', 4: '09'}, {0: 'Communication technologies', 1: '', 2: '', 3: '', 4: '10'}, {0: 'Computer and information sciences', 1: '', 2: '', 3: '3.1', 4: '11'}, {0: 'Personal and culinary services', 1: '', 2: '', 3: '', 4: '12'}, {0: 'Education', 1: '', 2: '', 3: '', 4: '13'}, {0: 'Engineering', 1: '', 2: '', 3: '', 4: '14'}, {0: 'Engineering technologies', 1: '', 2: '', 3: '', 4: '15'}, {0: 'Foreign languages, literatures, and linguistics', 1: '', 2: '', 3: '2.4', 4: '16'}, {0: 'Family and consumer sciences', 1: '', 2: '', 3: '', 4: '19'}, {0: 'Law/legal studies', 1: '', 2: '', 3: '', 4: '22'}, {0: 'English', 1: '', 2: '', 3: '3.3', 4: '23'}, {0: 'Liberal arts/general studies', 1: '', 2: '', 3: '0.3', 4: '24'}, {0: 'Library science', 1: '', 2: '', 3: '', 4: '25'}, {0: 'Biological/life sciences', 1: '', 2: '', 3: '14', 4: '26'}, {0: 'Mathematics and statistics', 1: '', 2: '', 3: '9', 4: '27'}, {0: 'Military science and military technologies', 1: '', 2: '', 3: '', 4: '28 & 29'}, {0: 'Interdisciplinary studies', 1: '', 2: '', 3: '1', 4: '30'}, {0: 'Parks and recreation', 1: '', 2: '', 3: '3.4', 4: '31'}, {0: 'Philosophy and religious studies', 1: '', 2: '', 3: '2.6', 4: '38'}, {0: 'Theology and religious vocations', 1: '', 2: '', 3: '', 4: '39'}, {0: 'Physical sciences', 1: '', 2: '', 3: '4.7', 4: '40'}, {0: 'Science technologies', 1: '', 2: '', 3: '', 4: '41'}, {0: 'Psychology', 1: '', 2: '', 3: '6', 4: '42'}, {0: 'Homeland Security, law enforcement, firefighting,', 1: '', 2: '', 3: '', 4: '43'}, {0: 'Public administration and social services', 1: '', 2: '', 3: '0.1', 4: '44'}, {0: 'Social sciences', 1: '', 2: '', 3: '14.6', 4: '45'}, {0: 'Construction trades', 1: '', 2: '', 3: '', 4: '46'}, {0: 'Mechanic and repair technologies', 1: '', 2: '', 3: '', 4: '47'}, {0: 'Precision production', 1: '', 2: '', 3: '', 4: '48'}, {0: 'Transportation and materials moving', 1: '', 2: '', 3: '', 4: '49'}, {0: 'Visual and performing arts', 1: '', 2: '', 3: '4.3', 4: '50'}, {0: 'Health professions and related programs', 1: '', 2: '', 3: '11.7', 4: '51'}, {0: 'Business/marketing', 1: '', 2: '', 3: '14.3', 4: '52'}, {0: 'History', 1: '', 2: '', 3: '1.4', 4: '54'}, {0: 'Other', 1: '', 2: '', 3: '', 4: ''}, {0: 'TOTAL (should = 100%)', 1: '0.00%', 2: '0.00%', 3: '100.20', 4: ''}]]","<table> <tr> <td> Category </td> <td> Diploma/Certificates </td> <td> Associate </td> <td> Bachelor’s </td> <td> CIP 2020 Categories <br/> to Include </td> </tr> <tr> <td> Agriculture </td> <td> </td> <td> </td> <td> </td> <td> 01 </td> </tr> <tr> <td> Natural resources and conservation </td> <td> </td> <td> </td> <td> 1.5 </td> <td> 03 </td> </tr> <tr> <td> Architecture </td> <td> </td> <td> </td> <td> </td> <td> 04 </td> </tr> <tr> <td> Area, ethnic, and gender studies </td> <td> </td> <td> </td> <td> 2.3 </td> <td> 05 </td> </tr> <tr> <td> Communication/journalism </td> <td> </td> <td> </td> <td> 0.2 </td> <td> 09 </td> </tr> <tr> <td> Communication technologies </td> <td> </td> <td> </td> <td> </td> <td> 10 </td> </tr> <tr> <td> Computer and information sciences </td> <td> </td> <td> </td> <td> 3.1 </td> <td> 11 </td> </tr> <tr> <td> Personal and culinary services </td> <td> </td> <td> </td> <td> </td> <td> 12 </td> </tr> <tr> <td> Education </td> <td> </td> <td> </td> <td> </td> <td> 13 </td> </tr> <tr> <td> Engineering </td> <td> </td> <td> </td> <td> </td> <td> 14 </td> </tr> <tr> <td> Engineering technologies </td> <td> </td> <td> </td> <td> </td> <td> 15 </td> </tr> <tr> <td> Foreign languages, literatures, and linguistics </td> <td> </td> <td> </td> <td> 2.4 </td> <td> 16 </td> </tr> <tr> <td> Family and consumer sciences </td> <td> </td> <td> </td> <td> </td> <td> 19 </td> </tr> <tr> <td> Law/legal studies </td> <td> </td> <td> </td> <td> </td> <td> 22 </td> </tr> <tr> <td> English </td> <td> </td> <td> </td> <td> 3.3 </td> <td> 23 </td> </tr> <tr> <td> Liberal arts/general studies </td> <td> </td> <td> </td> <td> 0.3 </td> <td> 24 </td> </tr> <tr> <td> Library science </td> <td> </td> <td> </td> <td> </td> <td> 25 </td> </tr> <tr> <td> Biological/life sciences </td> <td> </td> <td> </td> <td> 14 </td> <td> 26 </td> </tr> <tr> <td> Mathematics and statistics </td> <td> </td> <td> </td> <td> 9 </td> <td> 27 </td> </tr> <tr> <td> Military science and military technologies </td> <td> </td> <td> </td> <td> </td> <td> 28 &amp; 29 </td> </tr> <tr> <td> Interdisciplinary studies </td> <td> </td> <td> </td> <td> 1 </td> <td> 30 </td> </tr> <tr> <td> Parks and recreation </td> <td> </td> <td> </td> <td> 3.4 </td> <td> 31 </td> </tr> <tr> <td> Philosophy and religious studies </td> <td> </td> <td> </td> <td> 2.6 </td> <td> 38 </td> </tr> <tr> <td> Theology and religious vocations </td> <td> </td> <td> </td> <td> </td> <td> 39 </td> </tr> <tr> <td> Physical sciences </td> <td> </td> <td> </td> <td> 4.7 </td> <td> 40 </td> </tr> <tr> <td> Science technologies </td> <td> </td> <td> </td> <td> </td> <td> 41 </td> </tr> <tr> <td> Psychology </td> <td> </td> <td> </td> <td> 6 </td> <td> 42 </td> </tr> <tr> <td> Homeland Security, law enforcement, firefighting, </td> <td> </td> <td> </td> <td> </td> <td> 43 </td> </tr> <tr> <td> Public administration and social services </td> <td> </td> <td> </td> <td> 0.1 </td> <td> 44 </td> </tr> <tr> <td> Social sciences </td> <td> </td> <td> </td> <td> 14.6 </td> <td> 45 </td> </tr> <tr> <td> Construction trades </td> <td> </td> <td> </td> <td> </td> <td> 46 </td> </tr> <tr> <td> Mechanic and repair technologies </td> <td> </td> <td> </td> <td> </td> <td> 47 </td> </tr> <tr> <td> Precision production </td> <td> </td> <td> </td> <td> </td> <td> 48 </td> </tr> <tr> <td> Transportation and materials moving </td> <td> </td> <td> </td> <td> </td> <td> 49 </td> </tr> <tr> <td> Visual and performing arts </td> <td> </td> <td> </td> <td> 4.3 </td> <td> 50 </td> </tr> <tr> <td> Health professions and related programs </td> <td> </td> <td> </td> <td> 11.7 </td> <td> 51 </td> </tr> <tr> <td> Business/marketing </td> <td> </td> <td> </td> <td> 14.3 </td> <td> 52 </td> </tr> <tr> <td> History </td> <td> </td> <td> </td> <td> 1.4 </td> <td> 54 </td> </tr> <tr> <td> Other </td> <td> </td> <td> </td> <td> </td> <td> </td> </tr> <tr> <td> TOTAL (should = 100%) </td> <td> 0.00% </td> <td> 0.00% </td> <td> 100.20 </td> <td> </td> </tr> </table>",139658,../data/cds-docs/2022-2023/139658.pdf,2022-2023
B,1,B1,Institutional Enrollment - Men and Women,"[[{0: '', 1: 'FULL-TIME', 2: 'FULL-TIME', 3: 'PART-TIME', 4: 'PART-TIME'}, {0: '', 1: 'Men\nWomen', 2: 'Men\nWomen', 3: 'Men\nWomen', 4: 'Men\nWomen'}, {0: 'Undergraduates', 1: 'Undergraduates', 2: 'Undergraduates', 3: 'Undergraduates', 4: 'Undergraduates'}, {0: 'Degree-seeking, first-time\nfreshmen', 1: '598', 2: '896', 3: '', 4: ''}, {0: 'Other first-year, degree-seeking', 1: '41', 2: '38', 3: '', 4: '1'}, {0: 'All other degree-seeking', 1: '2,288', 2: '3,113', 3: '44', 4: '31'}, {0: 'Total degree-seeking', 1: '2,927', 2: '4,047', 3: '44', 4: '32'}, {0: 'All other undergraduates\nenrolled in credit courses', 1: '33', 2: '21', 3: '6', 4: '20'}, {0: 'Total undergraduates', 1: '2,960', 2: '4,068', 3: '50', 4: '52'}, {0: 'Graduate', 1: 'Graduate', 2: 'Graduate', 3: 'Graduate', 4: 'Graduate'}, {0: 'Degree-seeking, first-time', 1: '764', 2: '1654', 3: '125', 4: '214'}, {0: 'All other degree-seeking', 1: '1434', 2: '2484', 3: '244', 4: '343'}, {0: 'All other graduates enrolled in\ncredit courses', 1: '11', 2: '9', 3: '195', 4: '174'}, {0: 'Total graduate', 1: '2209', 2: '4147', 3: '564', 4: '731'}, {0: 'Total all students', 1: '5,169', 2: '8,215', 3: '614', 4: '783'}]]","<table> <tr> <td rowspan=""2""> </td> <td colspan=""2""> FULL-TIME </td> <td colspan=""2""> PART-TIME </td> </tr> <tr> <td colspan=""2""> Men <br/> Women </td> <td colspan=""2""> Men <br/> Women </td> </tr> <tr> <td colspan=""5""> Undergraduates </td> </tr> <tr> <td> Degree-seeking, first-time <br/> freshmen </td> <td> 598 </td> <td> 896 </td> <td> </td> <td> </td> </tr> <tr> <td> Other first-year, degree-seeking </td> <td> 41 </td> <td> 38 </td> <td> </td> <td> 1 </td> </tr> <tr> <td> All other degree-seeking </td> <td> 2,288 </td> <td> 3,113 </td> <td> 44 </td> <td> 31 </td> </tr> <tr> <td> Total degree-seeking </td> <td> 2,927 </td> <td> 4,047 </td> <td> 44 </td> <td> 32 </td> </tr> <tr> <td> All other undergraduates <br/> enrolled in credit courses </td> <td> 33 </td> <td> 21 </td> <td> 6 </td> <td> 20 </td> </tr> <tr> <td> Total undergraduates </td> <td> 2,960 </td> <td> 4,068 </td> <td> 50 </td> <td> 52 </td> </tr> <tr> <td colspan=""5""> Graduate </td> </tr> <tr> <td> Degree-seeking, first-time </td> <td> 764 </td> <td> 1654 </td> <td> 125 </td> <td> 214 </td> </tr> <tr> <td> All other degree-seeking </td> <td> 1434 </td> <td> 2484 </td> <td> 244 </td> <td> 343 </td> </tr> <tr> <td> All other graduates enrolled in <br/> credit courses </td> <td> 11 </td> <td> 9 </td> <td> 195 </td> <td> 174 </td> </tr> <tr> <td> Total graduate </td> <td> 2209 </td> <td> 4147 </td> <td> 564 </td> <td> 731 </td> </tr> <tr> <td> Total all students </td> <td> 5,169 </td> <td> 8,215 </td> <td> 614 </td> <td> 783 </td> </tr> </table>",139658,../data/cds-docs/2021-2022/139658.pdf,2021-2022
B,2,B2,Enrollment by Racial/Ethnic Category.,"[[{0: '', 1: 'Degree-Seeking\nFirst-Time\nFirst Year', 2: 'Degree-Seeking\nUndergraduates\n(include first-time\nfirst-year)', 3: 'Total\nUndergraduates\n(both degree- and\nnon-degree\ufffe\nseeking)'}, {0: 'Nonresident aliens', 1: '255', 2: '1,208', 3: '1,261'}, {0: 'Hispanic/Latino', 1: '185', 2: '789', 3: '791'}, {0: 'Black or African American, non-Hispanic', 1: '148', 2: '568', 3: '576'}, {0: 'White, non-Hispanic', 1: '490', 2: '2,453', 3: '2,460'}, {0: 'American Indian or Alaska Native, non-Hispanic', 1: '0', 2: '4', 3: '4'}, {0: 'Asian, non-Hispanic', 1: '318', 2: '1,630', 3: '1,636'}, {0: 'Native Hawaiian or other Pacific Islander, non\ufffe\nHispanic', 1: '0', 2: '1', 3: '1'}, {0: 'Two or more races, non-Hispanic', 1: '72', 2: '319', 3: '320'}, {0: 'Race and/or ethnicity unknown', 1: '26', 2: '78', 3: '81'}, {0: 'TOTAL', 1: '1,494', 2: '7,050', 3: '7,130'}]]","<table> <tr> <td> </td> <td> Degree-Seeking <br/> First-Time <br/> First Year </td> <td> Degree-Seeking <br/> Undergraduates <br/> (include first-time <br/> first-year) </td> <td> Total <br/> Undergraduates <br/> (both degree- and <br/> non-degree￾ <br/> seeking) </td> </tr> <tr> <td> Nonresident aliens </td> <td> 255 </td> <td> 1,208 </td> <td> 1,261 </td> </tr> <tr> <td> Hispanic/Latino </td> <td> 185 </td> <td> 789 </td> <td> 791 </td> </tr> <tr> <td> Black or African American, non-Hispanic </td> <td> 148 </td> <td> 568 </td> <td> 576 </td> </tr> <tr> <td> White, non-Hispanic </td> <td> 490 </td> <td> 2,453 </td> <td> 2,460 </td> </tr> <tr> <td> American Indian or Alaska Native, non-Hispanic </td> <td> 0 </td> <td> 4 </td> <td> 4 </td> </tr> <tr> <td> Asian, non-Hispanic </td> <td> 318 </td> <td> 1,630 </td> <td> 1,636 </td> </tr> <tr> <td> Native Hawaiian or other Pacific Islander, non￾ <br/> Hispanic </td> <td> 0 </td> <td> 1 </td> <td> 1 </td> </tr> <tr> <td> Two or more races, non-Hispanic </td> <td> 72 </td> <td> 319 </td> <td> 320 </td> </tr> <tr> <td> Race and/or ethnicity unknown </td> <td> 26 </td> <td> 78 </td> <td> 81 </td> </tr> <tr> <td> TOTAL </td> <td> 1,494 </td> <td> 7,050 </td> <td> 7,130 </td> </tr> </table>",139658,../data/cds-docs/2021-2022/139658.pdf,2021-2022
B,4,B4,-B21: Graduation Rates,"[[{0: '', 1: 'Recipients of a\nFederal Grant Pell', 2: 'Recipients of a\nSubsidized\nStafford Loan\nwho did not\nreceive Grant a Pell', 3: 'Students who did\nnot receive either a\nPell Grant or a\nsubsidized\nStafford Loan', 4: 'Total\n(sum of 3 columns\nto the left)'}, {0: ""Initial 2015 cohort of first-time, full\ufffe\ntime, bachelor's (or equivalent)\ndegree-seeking undergraduate\nstudents"", 1: '256', 2: '216', 3: '885', 4: '1357'}, {0: 'Of the initial 2015 cohort, how many\ndid not persist and did not graduate\nfor the following reasons:\n• Deceased\n• Permanently Disabled\n• Armed Forces\n• Foreign Aid Service of the Federal\nGovernment\n• Official church missions\n• Report Total Allowable Exclusions', 1: '0', 2: '0', 3: '1', 4: '1'}]]","<table> <tr> <td> </td> <td> Recipients of a <br/> Federal Grant Pell </td> <td> Recipients of a <br/> Subsidized <br/> Stafford Loan <br/> who did not <br/> receive Grant a Pell </td> <td> Students who did <br/> not receive either a <br/> Pell Grant or a <br/> subsidized <br/> Stafford Loan </td> <td> Total <br/> (sum of 3 columns <br/> to the left) </td> </tr> <tr> <td> Initial 2015 cohort of first-time, full￾ <br/> time, bachelor's (or equivalent) <br/> degree-seeking undergraduate <br/> students </td> <td> 256 </td> <td> 216 </td> <td> 885 </td> <td> 1357 </td> </tr> <tr> <td> Of the initial 2015 cohort, how many <br/> did not persist and did not graduate <br/> for the following reasons: <br/> • Deceased <br/> • Permanently Disabled <br/> • Armed Forces <br/> • Foreign Aid Service of the Federal <br/> Government <br/> • Official church missions <br/> • Report Total Allowable Exclusions </td> <td> 0 </td> <td> 0 </td> <td> 1 </td> <td> 1 </td> </tr> </table>",139658,../data/cds-docs/2021-2022/139658.pdf,2021-2022
C,1,C1,"First-time, first-year (freshman) students: Provide the number of degree-seeking, first-time, first-year","[[{0: 'Total first-time, first-year (freshman) men who applied', 1: '12736'}, {0: 'Total first-time, first-year (freshman) women who applied', 1: '20699'}], [{0: 'Total first-time, first-year (freshman) men who were admitted', 1: '1801'}, {0: 'Total first-time, first-year (freshman) women who were admitted', 1: '2563'}], [{0: 'Total full-time, first-time, first-year (freshman) men who enrolled', 1: '598'}, {0: 'Total part-time, first-time, first-year (freshman) men who enrolled', 1: ''}], [{0: 'Total full-time, first-time, first-year (freshman) women who enrolled', 1: '896'}, {0: 'Total part-time, first-time, first-year (freshman) women who enrolled', 1: ''}], [{0: 'Total first-time, first-year (degree-seeking) who applied', 1: '33435'}, {0: 'Total first-time, first-year (degree-seeking) who were admitted', 1: '4364'}, {0: 'Total first-time, first-year (degree-seeking) who enrolled', 1: '1494'}]]","<table> <tr> <td> Total first-time, first-year (freshman) men who applied </td> <td> 12736 </td> </tr> <tr> <td> Total first-time, first-year (freshman) women who applied </td> <td> 20699 </td> </tr> </table><div class=""separator""></div><table> <tr> <td> Total first-time, first-year (freshman) men who were admitted </td> <td> 1801 </td> </tr> <tr> <td> Total first-time, first-year (freshman) women who were admitted </td> <td> 2563 </td> </tr> </table><div class=""separator""></div><table> <tr> <td> Total full-time, first-time, first-year (freshman) men who enrolled </td> <td> 598 </td> </tr> <tr> <td> Total part-time, first-time, first-year (freshman) men who enrolled </td> <td> </td> </tr> </table><div class=""separator""></div><table> <tr> <td> Total full-time, first-time, first-year (freshman) women who enrolled </td> <td> 896 </td> </tr> <tr> <td> Total part-time, first-time, first-year (freshman) women who enrolled </td> <td> </td> </tr> </table><div class=""separator""></div><table> <tr> <td> Total first-time, first-year (degree-seeking) who applied </td> <td> 33435 </td> </tr> <tr> <td> Total first-time, first-year (degree-seeking) who were admitted </td> <td> 4364 </td> </tr> <tr> <td> Total first-time, first-year (degree-seeking) who enrolled </td> <td> 1494 </td> </tr> </table>",139658,../data/cds-docs/2021-2022/139658.pdf,2021-2022
C,2,C2,Freshman wait-listed students,"[[{0: 'WAITING LIST', 1: 'TOTAL'}, {0: 'Number of qualified applicants offered a place on waiting list:', 1: '6539'}, {0: 'Number accepting a place on the waiting list:', 1: '3883'}, {0: 'Number of wait-listed students admitted:', 1: '21'}]]",<table> <tr> <td> WAITING LIST </td> <td> TOTAL </td> </tr> <tr> <td> Number of qualified applicants offered a place on waiting list: </td> <td> 6539 </td> </tr> <tr> <td> Number accepting a place on the waiting list: </td> <td> 3883 </td> </tr> <tr> <td> Number of wait-listed students admitted: </td> <td> 21 </td> </tr> </table>,139658,../data/cds-docs/2021-2022/139658.pdf,2021-2022
C,5,C5,Distribution of high school units required and/or recommended. Specify the distribution of academic high,"[[{0: '', 1: 'Required Units', 2: 'Units\nRecommended'}, {0: 'Total academic units', 1: '', 2: '22'}, {0: 'English', 1: '', 2: '4'}, {0: 'Mathematics', 1: '', 2: '4'}, {0: 'Science', 1: '', 2: '4'}, {0: 'Of these, units that must be\nlab', 1: '', 2: '2'}, {0: 'Foreign language', 1: '', 2: '4'}, {0: 'Social studies', 1: '', 2: '2'}, {0: 'History', 1: '', 2: '2'}, {0: 'Academic electives', 1: '', 2: ''}, {0: 'Computer Science', 1: '', 2: '1'}, {0: 'Visual/Performing Arts', 1: '', 2: '1'}, {0: 'Other (specify)', 1: '', 2: ''}]]","<table> <tr> <td> </td> <td> Required Units </td> <td> Units <br/> Recommended </td> </tr> <tr> <td> Total academic units </td> <td> </td> <td> 22 </td> </tr> <tr> <td> English </td> <td> </td> <td> 4 </td> </tr> <tr> <td> Mathematics </td> <td> </td> <td> 4 </td> </tr> <tr> <td> Science </td> <td> </td> <td> 4 </td> </tr> <tr> <td> Of these, units that must be <br/> lab </td> <td> </td> <td> 2 </td> </tr> <tr> <td> Foreign language </td> <td> </td> <td> 4 </td> </tr> <tr> <td> Social studies </td> <td> </td> <td> 2 </td> </tr> <tr> <td> History </td> <td> </td> <td> 2 </td> </tr> <tr> <td> Academic electives </td> <td> </td> <td> </td> </tr> <tr> <td> Computer Science </td> <td> </td> <td> 1 </td> </tr> <tr> <td> Visual/Performing Arts </td> <td> </td> <td> 1 </td> </tr> <tr> <td> Other (specify) </td> <td> </td> <td> </td> </tr> </table>",139658,../data/cds-docs/2021-2022/139658.pdf,2021-2022
C,7,C7,"Relative importance of each of the following academic and nonacademic factors in your first-time, first-","[[{0: '', 1: 'Very Important', 2: 'Important', 3: 'Considered', 4: 'Not Considered'}, {0: 'Academic', 1: 'Academic', 2: 'Academic', 3: 'Academic', 4: 'Academic'}, {0: 'Rigor of secondary school record', 1: 'X', 2: '', 3: '', 4: ''}, {0: 'Class rank', 1: '', 2: '', 3: 'X', 4: ''}, {0: 'Academic GPA', 1: 'X', 2: '', 3: '', 4: ''}, {0: 'Standardized test scores', 1: '', 2: 'X', 3: '', 4: ''}, {0: 'Application Essay', 1: '', 2: 'X', 3: '', 4: ''}, {0: 'Recommendation(s)', 1: 'X', 2: '', 3: '', 4: ''}, {0: 'Nonacademic', 1: 'Nonacademic', 2: 'Nonacademic', 3: 'Nonacademic', 4: 'Nonacademic'}, {0: 'Interview', 1: '', 2: '', 3: 'X', 4: ''}, {0: 'Extracurricular activities', 1: 'X', 2: '', 3: '', 4: ''}, {0: 'Talent/ability', 1: 'X', 2: '', 3: '', 4: ''}, {0: 'Character/personal qualities', 1: 'X', 2: '', 3: '', 4: ''}, {0: 'First generation', 1: '', 2: '', 3: 'X', 4: ''}, {0: 'Alumni/ae relation', 1: '', 2: '', 3: 'X', 4: ''}, {0: 'Geographical residence', 1: '', 2: '', 3: 'X', 4: ''}, {0: 'State residency', 1: '', 2: '', 3: 'X', 4: ''}, {0: 'Religious affiliation/commitment', 1: '', 2: '', 3: '', 4: 'X'}, {0: 'Racial/ethnic status', 1: '', 2: '', 3: 'X', 4: ''}]]","<table> <tr> <td> </td> <td> Very Important </td> <td> Important </td> <td> Considered </td> <td> Not Considered </td> </tr> <tr> <td colspan=""5""> Academic </td> </tr> <tr> <td> Rigor of secondary school record </td> <td> X </td> <td> </td> <td> </td> <td> </td> </tr> <tr> <td> Class rank </td> <td> </td> <td> </td> <td> X </td> <td> </td> </tr> <tr> <td> Academic GPA </td> <td> X </td> <td> </td> <td> </td> <td> </td> </tr> <tr> <td> Standardized test scores </td> <td> </td> <td> X </td> <td> </td> <td> </td> </tr> <tr> <td> Application Essay </td> <td> </td> <td> X </td> <td> </td> <td> </td> </tr> <tr> <td> Recommendation(s) </td> <td> X </td> <td> </td> <td> </td> <td> </td> </tr> <tr> <td colspan=""5""> Nonacademic </td> </tr> <tr> <td> Interview </td> <td> </td> <td> </td> <td> X </td> <td> </td> </tr> <tr> <td> Extracurricular activities </td> <td> X </td> <td> </td> <td> </td> <td> </td> </tr> <tr> <td> Talent/ability </td> <td> X </td> <td> </td> <td> </td> <td> </td> </tr> <tr> <td> Character/personal qualities </td> <td> X </td> <td> </td> <td> </td> <td> </td> </tr> <tr> <td> First generation </td> <td> </td> <td> </td> <td> X </td> <td> </td> </tr> <tr> <td> Alumni/ae relation </td> <td> </td> <td> </td> <td> X </td> <td> </td> </tr> <tr> <td> Geographical residence </td> <td> </td> <td> </td> <td> X </td> <td> </td> </tr> <tr> <td> State residency </td> <td> </td> <td> </td> <td> X </td> <td> </td> </tr> <tr> <td> Religious affiliation/commitment </td> <td> </td> <td> </td> <td> </td> <td> X </td> </tr> <tr> <td> Racial/ethnic status </td> <td> </td> <td> </td> <td> X </td> <td> </td> </tr> </table>",139658,../data/cds-docs/2021-2022/139658.pdf,2021-2022
C,8,C8,"A If yes, place check marks in the appropriate boxes below to reflect your institution’s policies for use in","[[{0: '', 1: 'ADMISSION', 2: 'ADMISSION', 3: 'ADMISSION', 4: 'ADMISSION', 5: 'ADMISSION'}, {0: '', 1: 'Require', 2: 'Recommend', 3: 'Require for Some', 4: 'Consider if\nSubmitted', 5: 'Not Used'}, {0: 'SAT or ACT', 1: '', 2: '', 3: '', 4: 'X', 5: ''}, {0: 'ACT Only', 1: '', 2: '', 3: '', 4: 'X', 5: ''}, {0: 'SAT Only', 1: '', 2: '', 3: '', 4: 'X', 5: ''}, {0: 'SAT and SAT Subject Tests or', 1: '', 2: '', 3: '', 4: 'X', 5: ''}, {0: 'SAT Subject Tests', 1: '', 2: '', 3: '', 4: 'X', 5: ''}]]","<table> <tr> <td rowspan=""2""> </td> <td colspan=""5""> ADMISSION </td> </tr> <tr> <td> Require </td> <td> Recommend </td> <td> Require for Some </td> <td> Consider if <br/> Submitted </td> <td> Not Used </td> </tr> <tr> <td> SAT or ACT </td> <td> </td> <td> </td> <td> </td> <td> X </td> <td> </td> </tr> <tr> <td> ACT Only </td> <td> </td> <td> </td> <td> </td> <td> X </td> <td> </td> </tr> <tr> <td> SAT Only </td> <td> </td> <td> </td> <td> </td> <td> X </td> <td> </td> </tr> <tr> <td> SAT and SAT Subject Tests or </td> <td> </td> <td> </td> <td> </td> <td> X </td> <td> </td> </tr> <tr> <td> SAT Subject Tests </td> <td> </td> <td> </td> <td> </td> <td> X </td> <td> </td> </tr> </table>",139658,../data/cds-docs/2021-2022/139658.pdf,2021-2022
C,9,C9,"Percent and number of first-time, first-year (freshman) students enrolled in Fall 2021 who submitted","[[{0: '37%', 1: '547'}, {0: '27%', 1: '409'}], [{0: 'Assessment', 1: '25th Percentile', 2: '75th Percentile'}, {0: 'SAT Composite', 1: '1430', 2: '1530'}, {0: 'SAT Evidence-Based Reading and\nWriting', 1: '690', 2: '750'}, {0: 'SAT Math', 1: '730', 2: '790'}, {0: 'ACT Composite', 1: '32', 2: '34'}, {0: 'ACT Math', 1: '', 2: ''}]]","<table> <tr> <td> 37% </td> <td> 547 </td> </tr> <tr> <td> 27% </td> <td> 409 </td> </tr> </table><div class=""separator""></div><table> <tr> <td> Assessment </td> <td> 25th Percentile </td> <td> 75th Percentile </td> </tr> <tr> <td> SAT Composite </td> <td> 1430 </td> <td> 1530 </td> </tr> <tr> <td> SAT Evidence-Based Reading and <br/> Writing </td> <td> 690 </td> <td> 750 </td> </tr> <tr> <td> SAT Math </td> <td> 730 </td> <td> 790 </td> </tr> <tr> <td> ACT Composite </td> <td> 32 </td> <td> 34 </td> </tr> <tr> <td> ACT Math </td> <td> </td> <td> </td> </tr> </table>",139658,../data/cds-docs/2021-2022/139658.pdf,2021-2022
C,10,C10,"Percent of all degree-seeking, first-time, first-year (freshman) students who had high school class","[[{0: 'Assessment', 1: 'Percent'}, {0: 'Percent in top tenth of high school graduating class', 1: '76%'}, {0: 'Percent in top quarter of high school graduating class', 1: '95%'}, {0: 'Percent in top half of high school graduating class', 1: '100%'}, {0: 'Percent in bottom half of high school graduating class', 1: '0%'}, {0: 'Percent in bottom quarter of high school graduating class', 1: '0%'}, {0: 'Percent of total first-time, first-year (freshmen) students who submitted', 1: '22%'}]]","<table> <tr> <td> Assessment </td> <td> Percent </td> </tr> <tr> <td> Percent in top tenth of high school graduating class </td> <td> 76% </td> </tr> <tr> <td> Percent in top quarter of high school graduating class </td> <td> 95% </td> </tr> <tr> <td> Percent in top half of high school graduating class </td> <td> 100% </td> </tr> <tr> <td> Percent in bottom half of high school graduating class </td> <td> 0% </td> </tr> <tr> <td> Percent in bottom quarter of high school graduating class </td> <td> 0% </td> </tr> <tr> <td> Percent of total first-time, first-year (freshmen) students who submitted </td> <td> 22% </td> </tr> </table>",139658,../data/cds-docs/2021-2022/139658.pdf,2021-2022
C,11,C11,"Percentage of all enrolled, degree-seeking, first-time, first-year (freshman) students who had high","[[{0: 'Score Range', 1: 'Percent'}, {0: 'Percent who had GPA of 4.0', 1: '14.36%'}, {0: 'Percent who had GPA between 3.75 and 3.99', 1: '56.29%'}, {0: 'Percent who had GPA between 3.50 and 3.74', 1: '22.65%'}, {0: 'Percent who had GPA between 3.25 and 3.49', 1: '5.94%'}, {0: 'Percent who had GPA between 3.00 and 3.24', 1: '0.76%'}, {0: 'Percent who had GPA between 2.50 and 2.99', 1: ''}, {0: 'Percent who had GPA between 2.0 and 2.49', 1: ''}, {0: 'Percent who had GPA between 1.0 and 1.99', 1: ''}]]",<table> <tr> <td> Score Range </td> <td> Percent </td> </tr> <tr> <td> Percent who had GPA of 4.0 </td> <td> 14.36% </td> </tr> <tr> <td> Percent who had GPA between 3.75 and 3.99 </td> <td> 56.29% </td> </tr> <tr> <td> Percent who had GPA between 3.50 and 3.74 </td> <td> 22.65% </td> </tr> <tr> <td> Percent who had GPA between 3.25 and 3.49 </td> <td> 5.94% </td> </tr> <tr> <td> Percent who had GPA between 3.00 and 3.24 </td> <td> 0.76% </td> </tr> <tr> <td> Percent who had GPA between 2.50 and 2.99 </td> <td> </td> </tr> <tr> <td> Percent who had GPA between 2.0 and 2.49 </td> <td> </td> </tr> <tr> <td> Percent who had GPA between 1.0 and 1.99 </td> <td> </td> </tr> </table>,139658,../data/cds-docs/2021-2022/139658.pdf,2021-2022
C,14,C14,Application closing date,"[[{0: '', 1: 'Date'}, {0: 'Application closing date (fall)', 1: '1/1'}, {0: 'Priority Date', 1: ''}]]",<table> <tr> <td> </td> <td> Date </td> </tr> <tr> <td> Application closing date (fall) </td> <td> 1/1 </td> </tr> <tr> <td> Priority Date </td> <td> </td> </tr> </table>,139658,../data/cds-docs/2021-2022/139658.pdf,2021-2022
D,2,D2,"Provide the number of students who applied, were admitted, and enrolled as degree-seeking transfer","[[{0: '', 1: 'Applicants', 2: 'Admitted\nApplicants', 3: 'Enrolled\nApplicants'}, {0: 'Men', 1: '780', 2: '240', 3: '83'}, {0: 'Women', 1: '853', 2: '311', 3: '132'}, {0: 'Total', 1: '1,633', 2: '551', 3: '215'}]]","<table> <tr> <td> </td> <td> Applicants </td> <td> Admitted <br/> Applicants </td> <td> Enrolled <br/> Applicants </td> </tr> <tr> <td> Men </td> <td> 780 </td> <td> 240 </td> <td> 83 </td> </tr> <tr> <td> Women </td> <td> 853 </td> <td> 311 </td> <td> 132 </td> </tr> <tr> <td> Total </td> <td> 1,633 </td> <td> 551 </td> <td> 215 </td> </tr> </table>",139658,../data/cds-docs/2021-2022/139658.pdf,2021-2022
D,9,D9,"List application priority, closing, notification, and candidate reply dates for transfer students. If applications","[[{0: '', 1: 'Priority Date', 2: 'Closing Date', 3: 'Notification Date', 4: 'Reply Date', 5: 'Rolling\nAdmission'}, {0: 'Fall', 1: '', 2: '15-Mar', 3: '1-May', 4: '', 5: ''}, {0: 'Winter', 1: '', 2: '', 3: '', 4: '', 5: ''}]]",<table> <tr> <td> </td> <td> Priority Date </td> <td> Closing Date </td> <td> Notification Date </td> <td> Reply Date </td> <td> Rolling <br/> Admission </td> </tr> <tr> <td> Fall </td> <td> </td> <td> 15-Mar </td> <td> 1-May </td> <td> </td> <td> </td> </tr> <tr> <td> Winter </td> <td> </td> <td> </td> <td> </td> <td> </td> <td> </td> </tr> </table>,139658,../data/cds-docs/2021-2022/139658.pdf,2021-2022
F,1,F1,"Percentages of first-time, first-year (freshman) degree-seeking students and degree-","[[{0: '', 1: 'First-time, first\ufffe\nyear (freshman)\nstudents', 2: 'Undergraduates'}, {0: 'Percent who are from out of state (exclude\ninternational/nonresident aliens from the numerator\nand denominator)', 1: '87%', 2: '82%'}, {0: 'Percent of men who join fraternities', 1: '', 2: '19%'}, {0: 'Percent of women who join sororities', 1: '', 2: '21%'}, {0: 'Percent who live in college-owned, -operated, or -\naffiliated housing', 1: '99%', 2: '62%'}, {0: 'Percent who live off campus or commute', 1: '1%', 2: '38%'}, {0: 'Percent of students age 25 and older', 1: '0%', 2: '2%'}, {0: 'Average age of full-time students', 1: '18', 2: '20'}, {0: 'Average age of all students (full- and part-time)', 1: '18', 2: '20'}]]","<table> <tr> <td> </td> <td> First-time, first￾ <br/> year (freshman) <br/> students </td> <td> Undergraduates </td> </tr> <tr> <td> Percent who are from out of state (exclude <br/> international/nonresident aliens from the numerator <br/> and denominator) </td> <td> 87% </td> <td> 82% </td> </tr> <tr> <td> Percent of men who join fraternities </td> <td> </td> <td> 19% </td> </tr> <tr> <td> Percent of women who join sororities </td> <td> </td> <td> 21% </td> </tr> <tr> <td> Percent who live in college-owned, -operated, or - <br/> affiliated housing </td> <td> 99% </td> <td> 62% </td> </tr> <tr> <td> Percent who live off campus or commute </td> <td> 1% </td> <td> 38% </td> </tr> <tr> <td> Percent of students age 25 and older </td> <td> 0% </td> <td> 2% </td> </tr> <tr> <td> Average age of full-time students </td> <td> 18 </td> <td> 20 </td> </tr> <tr> <td> Average age of all students (full- and part-time) </td> <td> 18 </td> <td> 20 </td> </tr> </table>",139658,../data/cds-docs/2021-2022/139658.pdf,2021-2022
F,3,F3,ROTC (program offered in cooperation with Reserve Officers' Training Corps),"[[{0: '', 1: 'On Campus', 2: 'At Cooperating\nInstitution', 3: 'Name of Cooperating\nInstitution'}, {0: 'Army ROTC is offered:', 1: '', 2: 'Yes', 3: 'Georgia Institute of Technology'}, {0: 'Naval ROTC is offered:', 1: '', 2: 'Yes', 3: 'Georgia Institute of Technology'}, {0: 'Air Force ROTC is offered:', 1: '', 2: 'Yes', 3: 'Georgia Institute of Technology'}]]",<table> <tr> <td> </td> <td> On Campus </td> <td> At Cooperating <br/> Institution </td> <td> Name of Cooperating <br/> Institution </td> </tr> <tr> <td> Army ROTC is offered: </td> <td> </td> <td> Yes </td> <td> Georgia Institute of Technology </td> </tr> <tr> <td> Naval ROTC is offered: </td> <td> </td> <td> Yes </td> <td> Georgia Institute of Technology </td> </tr> <tr> <td> Air Force ROTC is offered: </td> <td> </td> <td> Yes </td> <td> Georgia Institute of Technology </td> </tr> </table>,139658,../data/cds-docs/2021-2022/139658.pdf,2021-2022
G,1,G1,"Undergraduate full-time tuition, required fees, room and board","[[{0: '', 1: 'First-Year', 2: 'Undergraduates'}, {0: 'PRIVATE INSTITUTIONS', 1: '', 2: ''}, {0: 'Tuition:', 1: '$57,120', 2: '$57,120'}, {0: 'PUBLIC INSTITUTIONS', 1: '', 2: ''}, {0: 'Tuition: In-district', 1: '', 2: ''}, {0: 'Tuition: In-state (out-of-district):', 1: '', 2: ''}, {0: 'Tuition: Out-of-state:', 1: '', 2: ''}, {0: 'Tuition: Non-resident alien', 1: '$57,120', 2: '$57,120'}, {0: 'FOR ALL INSTITUTIONS', 1: 'FOR ALL INSTITUTIONS', 2: 'FOR ALL INSTITUTIONS'}, {0: 'Required Fees', 1: '$828', 2: '$828'}, {0: 'Room and Board (on-campus):', 1: '$17,016', 2: '$17,016'}, {0: 'Room Only (on-campus):', 1: '$9,670', 2: '$9,670'}, {0: 'Board Only (on-campus meal plan):', 1: '$7,346', 2: '$7,346'}]]","<table> <tr> <td> </td> <td> First-Year </td> <td> Undergraduates </td> </tr> <tr> <td> PRIVATE INSTITUTIONS </td> <td> </td> <td> </td> </tr> <tr> <td> Tuition: </td> <td> $57,120 </td> <td> $57,120 </td> </tr> <tr> <td> PUBLIC INSTITUTIONS </td> <td> </td> <td> </td> </tr> <tr> <td> Tuition: In-district </td> <td> </td> <td> </td> </tr> <tr> <td> Tuition: In-state (out-of-district): </td> <td> </td> <td> </td> </tr> <tr> <td> Tuition: Out-of-state: </td> <td> </td> <td> </td> </tr> <tr> <td> Tuition: Non-resident alien </td> <td> $57,120 </td> <td> $57,120 </td> </tr> <tr> <td colspan=""3""> FOR ALL INSTITUTIONS </td> </tr> <tr> <td> Required Fees </td> <td> $828 </td> <td> $828 </td> </tr> <tr> <td> Room and Board (on-campus): </td> <td> $17,016 </td> <td> $17,016 </td> </tr> <tr> <td> Room Only (on-campus): </td> <td> $9,670 </td> <td> $9,670 </td> </tr> <tr> <td> Board Only (on-campus meal plan): </td> <td> $7,346 </td> <td> $7,346 </td> </tr> </table>",139658,../data/cds-docs/2021-2022/139658.pdf,2021-2022
G,5,G5,Provide the estimated expenses for a typical full-time undergraduate student:,"[[{0: '', 1: 'Residents', 2: 'Commuters\n(living at home)', 3: 'Commuters\n(not living at home)'}, {0: 'Books and supplies:', 1: '$1,250', 2: '$1,250', 3: '$1,250'}, {0: 'Room only:', 1: '', 2: '', 3: '$9,670'}, {0: 'Board only:', 1: '', 2: '', 3: '$7,346'}, {0: 'Room and board total*', 1: '', 2: '', 3: ''}, {0: 'Transportation:', 1: '', 2: '', 3: '$1,046'}, {0: 'Other expenses:', 1: '', 2: '', 3: '$1,554'}]]","<table> <tr> <td> </td> <td> Residents </td> <td> Commuters <br/> (living at home) </td> <td> Commuters <br/> (not living at home) </td> </tr> <tr> <td> Books and supplies: </td> <td> $1,250 </td> <td> $1,250 </td> <td> $1,250 </td> </tr> <tr> <td> Room only: </td> <td> </td> <td> </td> <td> $9,670 </td> </tr> <tr> <td> Board only: </td> <td> </td> <td> </td> <td> $7,346 </td> </tr> <tr> <td> Room and board total* </td> <td> </td> <td> </td> <td> </td> </tr> <tr> <td> Transportation: </td> <td> </td> <td> </td> <td> $1,046 </td> </tr> <tr> <td> Other expenses: </td> <td> </td> <td> </td> <td> $1,554 </td> </tr> </table>",139658,../data/cds-docs/2021-2022/139658.pdf,2021-2022
G,6,G6,Undergraduate per-credit-hour charges (tuition only):,"[[{0: 'PRIVATE INSTITUTIONS:', 1: '$2,380.00'}, {0: 'PUBLIC INSTITUTIONS:', 1: ''}, {0: 'In-district:', 1: ''}, {0: 'In-state (out-of-district):', 1: ''}, {0: 'Out-of-state:', 1: ''}, {0: 'NONRESIDENT ALIENS:', 1: ''}]]","<table> <tr> <td> PRIVATE INSTITUTIONS: </td> <td> $2,380.00 </td> </tr> <tr> <td> PUBLIC INSTITUTIONS: </td> <td> </td> </tr> <tr> <td> In-district: </td> <td> </td> </tr> <tr> <td> In-state (out-of-district): </td> <td> </td> </tr> <tr> <td> Out-of-state: </td> <td> </td> </tr> <tr> <td> NONRESIDENT ALIENS: </td> <td> </td> </tr> </table>",139658,../data/cds-docs/2021-2022/139658.pdf,2021-2022
H,2,H2,", A, and H6 below:","[[{0: '', 1: 'Need-based\n(Include non\ufffe\nneed-based aid\nuse need.) to meet', 2: 'Non-need\ufffe\nbased\n(Exclude non\ufffe\nneed-based aid\nuse need.) to meet'}, {0: 'Scholarships/Grants', 1: '', 2: ''}, {0: 'Federal', 1: '$8,169,921', 2: ''}, {0: 'State all states, not only the state in which your institution is located', 1: '$3,201,890', 2: '$1,775,992'}, {0: 'Institutional: Endowed scholarships, annual gifts and tuition funded\ngrants, awarded by the college, excluding athletic aid and tuition\nwaivers (which are reported below).', 1: '$136,482,060', 2: '$12,277,086'}, {0: 'Scholarships/grants from external sources (e.g. Kiwanis,\nNational Merit) not awarded by the college', 1: '$1,802,891', 2: '$2,921,605'}, {0: 'Total Scholarships/Grants', 1: '$149,656,762', 2: '$16,974,683'}, {0: 'Self-Help', 1: '', 2: ''}, {0: 'Student loans from all sources (excluding parent loans)', 1: '$14,915,796', 2: '$10,263,153'}, {0: 'Federal Work-Study', 1: '$6,408,128', 2: ''}, {0: 'State and other (e.g., institutional) work-study/employment (Note:\nExcludes Federal Work-Study captured above.)', 1: '$447,350', 2: '$879,677'}, {0: 'Total Self-Help', 1: '$21,771,274', 2: '$11,142,830'}, {0: 'Parent Loans', 1: '$742,874', 2: '$4,322,713'}, {0: 'Tuition Waivers\nNote: Reporting is optional. Report tuition waivers in this row if you\nchoose to report them. Do not report tuition waivers elsewhere.', 1: '', 2: ''}, {0: 'Athletic Awards', 1: '', 2: ''}], [{0: '', 1: '', 2: 'First-time Full\ufffe\ntime Freshmen', 3: 'Full-time\nUndergrad\n(Incl. Fresh)', 4: 'Less Full-time Than\nUndergrad'}, {0: 'A', 1: 'Number of degree-seeking undergraduate students\n(CDS Item B1 if reporting on Fall 2021 cohort)', 2: '1494', 3: '6973', 4: '75'}, {0: 'B', 1: 'Number of students in line a who applied for need\ufffe\nbased financial aid', 2: '833', 3: '3805', 4: '25'}], [{0: '', 1: '', 2: 'First-time\nFull-time\nFreshmen', 3: 'Full-time\nUndergrad\n(Incl. Fresh.)', 4: 'Less Full-time Than\nUndergrad'}, {0: 'N', 1: 'Number of students in line a who had no financial need\nand who were awarded institutional non-need-based\nscholarship or grant aid (exclude those who were\nawarded athletic awards and tuition benefits)', 2: '70', 3: '370', 4: '1'}, {0: 'O', 1: 'Average dollar amount of institutional non-need-based\nscholarship and grant aid awarded to students in line n', 2: '$ 22,408', 3: '$ 28,580', 4: '$ 31,335'}, {0: 'P', 1: 'Number of students in line a who were awarded an\ninstitutional non-need-based athletic scholarship or\ngrant', 2: '', 3: '', 4: ''}, {0: 'Q', 1: 'Average dollar amount of institutional non-need-based\nathletic scholarships and grants awarded to students in\nline p', 2: '', 3: '', 4: ''}]]","<table> <tr> <td> </td> <td> Need-based <br/> (Include non￾ <br/> need-based aid <br/> use need.) to meet </td> <td> Non-need￾ <br/> based <br/> (Exclude non￾ <br/> need-based aid <br/> use need.) to meet </td> </tr> <tr> <td> Scholarships/Grants </td> <td> </td> <td> </td> </tr> <tr> <td> Federal </td> <td> $8,169,921 </td> <td> </td> </tr> <tr> <td> State all states, not only the state in which your institution is located </td> <td> $3,201,890 </td> <td> $1,775,992 </td> </tr> <tr> <td> Institutional: Endowed scholarships, annual gifts and tuition funded <br/> grants, awarded by the college, excluding athletic aid and tuition <br/> waivers (which are reported below). </td> <td> $136,482,060 </td> <td> $12,277,086 </td> </tr> <tr> <td> Scholarships/grants from external sources (e.g. Kiwanis, <br/> National Merit) not awarded by the college </td> <td> $1,802,891 </td> <td> $2,921,605 </td> </tr> <tr> <td> Total Scholarships/Grants </td> <td> $149,656,762 </td> <td> $16,974,683 </td> </tr> <tr> <td> Self-Help </td> <td> </td> <td> </td> </tr> <tr> <td> Student loans from all sources (excluding parent loans) </td> <td> $14,915,796 </td> <td> $10,263,153 </td> </tr> <tr> <td> Federal Work-Study </td> <td> $6,408,128 </td> <td> </td> </tr> <tr> <td> State and other (e.g., institutional) work-study/employment (Note: <br/> Excludes Federal Work-Study captured above.) </td> <td> $447,350 </td> <td> $879,677 </td> </tr> <tr> <td> Total Self-Help </td> <td> $21,771,274 </td> <td> $11,142,830 </td> </tr> <tr> <td> Parent Loans </td> <td> $742,874 </td> <td> $4,322,713 </td> </tr> <tr> <td> Tuition Waivers <br/> Note: Reporting is optional. Report tuition waivers in this row if you <br/> choose to report them. Do not report tuition waivers elsewhere. </td> <td> </td> <td> </td> </tr> <tr> <td> Athletic Awards </td> <td> </td> <td> </td> </tr> </table><div class=""separator""></div><table> <tr> <td> </td> <td> </td> <td> First-time Full￾ <br/> time Freshmen </td> <td> Full-time <br/> Undergrad <br/> (Incl. Fresh) </td> <td> Less Full-time Than <br/> Undergrad </td> </tr> <tr> <td> A </td> <td> Number of degree-seeking undergraduate students <br/> (CDS Item B1 if reporting on Fall 2021 cohort) </td> <td> 1494 </td> <td> 6973 </td> <td> 75 </td> </tr> <tr> <td> B </td> <td> Number of students in line a who applied for need￾ <br/> based financial aid </td> <td> 833 </td> <td> 3805 </td> <td> 25 </td> </tr> </table><div class=""separator""></div><table> <tr> <td> </td> <td> </td> <td> First-time <br/> Full-time <br/> Freshmen </td> <td> Full-time <br/> Undergrad <br/> (Incl. Fresh.) </td> <td> Less Full-time Than <br/> Undergrad </td> </tr> <tr> <td> N </td> <td> Number of students in line a who had no financial need <br/> and who were awarded institutional non-need-based <br/> scholarship or grant aid (exclude those who were <br/> awarded athletic awards and tuition benefits) </td> <td> 70 </td> <td> 370 </td> <td> 1 </td> </tr> <tr> <td> O </td> <td> Average dollar amount of institutional non-need-based <br/> scholarship and grant aid awarded to students in line n </td> <td> $ 22,408 </td> <td> $ 28,580 </td> <td> $ 31,335 </td> </tr> <tr> <td> P </td> <td> Number of students in line a who were awarded an <br/> institutional non-need-based athletic scholarship or <br/> grant </td> <td> </td> <td> </td> <td> </td> </tr> <tr> <td> Q </td> <td> Average dollar amount of institutional non-need-based <br/> athletic scholarships and grants awarded to students in <br/> line p </td> <td> </td> <td> </td> <td> </td> </tr> </table>",139658,../data/cds-docs/2021-2022/139658.pdf,2021-2022
H,5,H5,"Number and percent of students in class (defined in H4 above) borrowing from federal, non-federal,","[[{0: 'Source/Type of Loan', 1: 'Source/Type of Loan', 2: 'Number in the\nclass (defined\nin H4 above)\nwho borrowed\nfrom the types\nof loans\nspecified in the\nfirst column', 3: 'Percent of the\nclass (defined\nabove) who\nborrowed from\nthe types of\nloans specified\nin column the first\n(nearest 1%)', 4: 'Average per\ufffe\nundergraduate\ufffe\nborrower\ncumulative\nprincipal\nborrowed from\nthe types of\nloans specified\nin column the first\n(nearest $1)'}, {0: 'A', 1: 'Any loan program: Federal Perkins, Federal Stafford\nSubsidized and Unsubsidized, institutional, state,\nprivate loans that your institution is aware of, etc.\nInclude both Federal Direct Student Loans and Federal\nFamily Education Loans.', 2: '481', 3: '37.00%', 4: '$25,259'}, {0: 'B', 1: 'Federal loan programs: Federal Perkins, Federal\nStafford Subsidized and Unsubsidized. Include both\nFederal Direct Student Loans and Federal Family\nEducation Loans.', 2: '470', 3: '36.00%', 4: '$18,876'}, {0: 'C', 1: 'Institutional loan programs.', 2: '48', 3: '4.00%', 4: '$5,268'}, {0: 'D', 1: 'State loan programs.', 2: '8', 3: '1.00%', 4: '$20,840'}, {0: 'E', 1: 'Private student loans made by a bank or lender.', 2: '57', 3: '4.00%', 4: '$50,143'}]]","<table> <tr> <td colspan=""2""> Source/Type of Loan </td> <td> Number in the <br/> class (defined <br/> in H4 above) <br/> who borrowed <br/> from the types <br/> of loans <br/> specified in the <br/> first column </td> <td> Percent of the <br/> class (defined <br/> above) who <br/> borrowed from <br/> the types of <br/> loans specified <br/> in column the first <br/> (nearest 1%) </td> <td> Average per￾ <br/> undergraduate￾ <br/> borrower <br/> cumulative <br/> principal <br/> borrowed from <br/> the types of <br/> loans specified <br/> in column the first <br/> (nearest $1) </td> </tr> <tr> <td> A </td> <td> Any loan program: Federal Perkins, Federal Stafford <br/> Subsidized and Unsubsidized, institutional, state, <br/> private loans that your institution is aware of, etc. <br/> Include both Federal Direct Student Loans and Federal <br/> Family Education Loans. </td> <td> 481 </td> <td> 37.00% </td> <td> $25,259 </td> </tr> <tr> <td> B </td> <td> Federal loan programs: Federal Perkins, Federal <br/> Stafford Subsidized and Unsubsidized. Include both <br/> Federal Direct Student Loans and Federal Family <br/> Education Loans. </td> <td> 470 </td> <td> 36.00% </td> <td> $18,876 </td> </tr> <tr> <td> C </td> <td> Institutional loan programs. </td> <td> 48 </td> <td> 4.00% </td> <td> $5,268 </td> </tr> <tr> <td> D </td> <td> State loan programs. </td> <td> 8 </td> <td> 1.00% </td> <td> $20,840 </td> </tr> <tr> <td> E </td> <td> Private student loans made by a bank or lender. </td> <td> 57 </td> <td> 4.00% </td> <td> $50,143 </td> </tr> </table>",139658,../data/cds-docs/2021-2022/139658.pdf,2021-2022
H,14,H14,Check off criteria used in awarding institutional aid. Check all that apply.,"[[{0: '', 1: 'Non-Need Based', 2: 'Need-Based'}, {0: 'Academics', 1: 'X', 2: ''}, {0: 'Alumni affiliation', 1: '', 2: ''}, {0: 'Art', 1: 'X', 2: ''}, {0: 'Athletics', 1: '', 2: ''}, {0: 'Job skills', 1: '', 2: ''}, {0: 'ROTC', 1: '', 2: ''}, {0: 'Leadership', 1: 'X', 2: ''}, {0: 'Minority status', 1: '', 2: ''}, {0: 'Music/drama', 1: 'X', 2: ''}, {0: 'Religious affiliation', 1: 'X', 2: 'X'}, {0: 'State/district residency', 1: 'X', 2: ''}]]",<table> <tr> <td> </td> <td> Non-Need Based </td> <td> Need-Based </td> </tr> <tr> <td> Academics </td> <td> X </td> <td> </td> </tr> <tr> <td> Alumni affiliation </td> <td> </td> <td> </td> </tr> <tr> <td> Art </td> <td> X </td> <td> </td> </tr> <tr> <td> Athletics </td> <td> </td> <td> </td> </tr> <tr> <td> Job skills </td> <td> </td> <td> </td> </tr> <tr> <td> ROTC </td> <td> </td> <td> </td> </tr> <tr> <td> Leadership </td> <td> X </td> <td> </td> </tr> <tr> <td> Minority status </td> <td> </td> <td> </td> </tr> <tr> <td> Music/drama </td> <td> X </td> <td> </td> </tr> <tr> <td> Religious affiliation </td> <td> X </td> <td> X </td> </tr> <tr> <td> State/district residency </td> <td> X </td> <td> </td> </tr> </table>,139658,../data/cds-docs/2021-2022/139658.pdf,2021-2022
J,1,J1,"Degrees conferred between July 1, 2020 and June 30, 2021","[[{0: 'Category', 1: 'Diploma/Certificates', 2: 'Associate', 3: 'Bachelor’s', 4: 'CIP 2020 Categories\nto Include'}, {0: 'Agriculture', 1: '', 2: '', 3: '', 4: '01'}, {0: 'Natural resources and conservation', 1: '', 2: '', 3: '1.3%', 4: '03'}, {0: 'Architecture', 1: '', 2: '', 3: '', 4: '04'}, {0: 'Area, ethnic, and gender studies', 1: '', 2: '', 3: '2.8%', 4: '05'}, {0: 'Communication/journalism', 1: '', 2: '', 3: '0.9%', 4: '09'}, {0: 'Communication technologies', 1: '', 2: '', 3: '', 4: '10'}, {0: 'Computer and information sciences', 1: '', 2: '', 3: '3.1%', 4: '11'}, {0: 'Personal and culinary services', 1: '', 2: '', 3: '', 4: '12'}, {0: 'Education', 1: '', 2: '', 3: '', 4: '13'}, {0: 'Engineering', 1: '', 2: '', 3: '', 4: '14'}, {0: 'Engineering technologies', 1: '', 2: '', 3: '', 4: '15'}, {0: 'Foreign languages, literatures, and linguistics', 1: '', 2: '', 3: '3.5%', 4: '16'}, {0: 'Family and consumer sciences', 1: '', 2: '', 3: '', 4: '19'}, {0: 'Law/legal studies', 1: '', 2: '', 3: '', 4: '22'}, {0: 'English', 1: '', 2: '', 3: '3.0%', 4: '23'}, {0: 'Liberal arts/general studies', 1: '', 2: '', 3: '0.5%', 4: '24'}, {0: 'Library science', 1: '', 2: '', 3: '', 4: '25'}, {0: 'Biological/life sciences', 1: '', 2: '', 3: '13.5%', 4: '26'}, {0: 'Mathematics and statistics', 1: '', 2: '', 3: '7.8%', 4: '27'}, {0: 'Military science and military technologies', 1: '', 2: '', 3: '', 4: '28 & 29'}, {0: 'Interdisciplinary studies', 1: '', 2: '', 3: '1.3%', 4: '30'}, {0: 'Parks and recreation', 1: '', 2: '', 3: '3.4%', 4: '31'}, {0: 'Philosophy and religious studies', 1: '', 2: '', 3: '2.0%', 4: '38'}, {0: 'Theology and religious vocations', 1: '', 2: '', 3: '', 4: '39'}, {0: 'Physical sciences', 1: '', 2: '', 3: '3.9%', 4: '40'}, {0: 'Science technologies', 1: '', 2: '', 3: '', 4: '41'}, {0: 'Psychology', 1: '', 2: '', 3: '5.2%', 4: '42'}, {0: 'Homeland Security, law enforcement, firefighting,\nand protective services', 1: '', 2: '', 3: '', 4: '43'}, {0: 'Public administration and social services', 1: '', 2: '', 3: '0.1%', 4: '44'}, {0: 'Social sciences', 1: '', 2: '', 3: '14.0%', 4: '45'}, {0: 'Construction trades', 1: '', 2: '', 3: '', 4: '46'}, {0: 'Mechanic and repair technologies', 1: '', 2: '', 3: '', 4: '47'}, {0: 'Precision production', 1: '', 2: '', 3: '', 4: '48'}, {0: 'Transportation and materials moving', 1: '', 2: '', 3: '', 4: '49'}, {0: 'Visual and performing arts', 1: '', 2: '', 3: '3.4%', 4: '50'}, {0: 'Health professions and related programs', 1: '', 2: '', 3: '15.4%', 4: '51'}, {0: 'Business/marketing', 1: '', 2: '', 3: '13.6%', 4: '52'}, {0: 'History', 1: '', 2: '', 3: '1.4%', 4: '54'}, {0: 'Other', 1: '', 2: '', 3: '', 4: ''}, {0: 'TOTAL (should = 100%)', 1: '0.00%', 2: '0.00%', 3: '100.0%', 4: ''}]]","<table> <tr> <td> Category </td> <td> Diploma/Certificates </td> <td> Associate </td> <td> Bachelor’s </td> <td> CIP 2020 Categories <br/> to Include </td> </tr> <tr> <td> Agriculture </td> <td> </td> <td> </td> <td> </td> <td> 01 </td> </tr> <tr> <td> Natural resources and conservation </td> <td> </td> <td> </td> <td> 1.3% </td> <td> 03 </td> </tr> <tr> <td> Architecture </td> <td> </td> <td> </td> <td> </td> <td> 04 </td> </tr> <tr> <td> Area, ethnic, and gender studies </td> <td> </td> <td> </td> <td> 2.8% </td> <td> 05 </td> </tr> <tr> <td> Communication/journalism </td> <td> </td> <td> </td> <td> 0.9% </td> <td> 09 </td> </tr> <tr> <td> Communication technologies </td> <td> </td> <td> </td> <td> </td> <td> 10 </td> </tr> <tr> <td> Computer and information sciences </td> <td> </td> <td> </td> <td> 3.1% </td> <td> 11 </td> </tr> <tr> <td> Personal and culinary services </td> <td> </td> <td> </td> <td> </td> <td> 12 </td> </tr> <tr> <td> Education </td> <td> </td> <td> </td> <td> </td> <td> 13 </td> </tr> <tr> <td> Engineering </td> <td> </td> <td> </td> <td> </td> <td> 14 </td> </tr> <tr> <td> Engineering technologies </td> <td> </td> <td> </td> <td> </td> <td> 15 </td> </tr> <tr> <td> Foreign languages, literatures, and linguistics </td> <td> </td> <td> </td> <td> 3.5% </td> <td> 16 </td> </tr> <tr> <td> Family and consumer sciences </td> <td> </td> <td> </td> <td> </td> <td> 19 </td> </tr> <tr> <td> Law/legal studies </td> <td> </td> <td> </td> <td> </td> <td> 22 </td> </tr> <tr> <td> English </td> <td> </td> <td> </td> <td> 3.0% </td> <td> 23 </td> </tr> <tr> <td> Liberal arts/general studies </td> <td> </td> <td> </td> <td> 0.5% </td> <td> 24 </td> </tr> <tr> <td> Library science </td> <td> </td> <td> </td> <td> </td> <td> 25 </td> </tr> <tr> <td> Biological/life sciences </td> <td> </td> <td> </td> <td> 13.5% </td> <td> 26 </td> </tr> <tr> <td> Mathematics and statistics </td> <td> </td> <td> </td> <td> 7.8% </td> <td> 27 </td> </tr> <tr> <td> Military science and military technologies </td> <td> </td> <td> </td> <td> </td> <td> 28 &amp; 29 </td> </tr> <tr> <td> Interdisciplinary studies </td> <td> </td> <td> </td> <td> 1.3% </td> <td> 30 </td> </tr> <tr> <td> Parks and recreation </td> <td> </td> <td> </td> <td> 3.4% </td> <td> 31 </td> </tr> <tr> <td> Philosophy and religious studies </td> <td> </td> <td> </td> <td> 2.0% </td> <td> 38 </td> </tr> <tr> <td> Theology and religious vocations </td> <td> </td> <td> </td> <td> </td> <td> 39 </td> </tr> <tr> <td> Physical sciences </td> <td> </td> <td> </td> <td> 3.9% </td> <td> 40 </td> </tr> <tr> <td> Science technologies </td> <td> </td> <td> </td> <td> </td> <td> 41 </td> </tr> <tr> <td> Psychology </td> <td> </td> <td> </td> <td> 5.2% </td> <td> 42 </td> </tr> <tr> <td> Homeland Security, law enforcement, firefighting, <br/> and protective services </td> <td> </td> <td> </td> <td> </td> <td> 43 </td> </tr> <tr> <td> Public administration and social services </td> <td> </td> <td> </td> <td> 0.1% </td> <td> 44 </td> </tr> <tr> <td> Social sciences </td> <td> </td> <td> </td> <td> 14.0% </td> <td> 45 </td> </tr> <tr> <td> Construction trades </td> <td> </td> <td> </td> <td> </td> <td> 46 </td> </tr> <tr> <td> Mechanic and repair technologies </td> <td> </td> <td> </td> <td> </td> <td> 47 </td> </tr> <tr> <td> Precision production </td> <td> </td> <td> </td> <td> </td> <td> 48 </td> </tr> <tr> <td> Transportation and materials moving </td> <td> </td> <td> </td> <td> </td> <td> 49 </td> </tr> <tr> <td> Visual and performing arts </td> <td> </td> <td> </td> <td> 3.4% </td> <td> 50 </td> </tr> <tr> <td> Health professions and related programs </td> <td> </td> <td> </td> <td> 15.4% </td> <td> 51 </td> </tr> <tr> <td> Business/marketing </td> <td> </td> <td> </td> <td> 13.6% </td> <td> 52 </td> </tr> <tr> <td> History </td> <td> </td> <td> </td> <td> 1.4% </td> <td> 54 </td> </tr> <tr> <td> Other </td> <td> </td> <td> </td> <td> </td> <td> </td> </tr> <tr> <td> TOTAL (should = 100%) </td> <td> 0.00% </td> <td> 0.00% </td> <td> 100.0% </td> <td> </td> </tr> </table>",139658,../data/cds-docs/2021-2022/139658.pdf,2021-2022
