section,table_num,table_code,table_title,table_records,table_html,unitid,file,year
B,1,B1,Institutional Enrollment - Men and Women,"[[{0: '', 1: 'FULL-TIME', 2: 'FULL-TIME', 3: 'FULL-TIME', 4: 'FULL-TIME', 5: 'PART-TIME', 6: 'PART-TIME', 7: 'PART-TIME', 8: 'PART-TIME'}, {0: '', 1: 'Men', 2: 'Women', 3: 'Another\nGender', 4: 'Unknown', 5: 'Men', 6: 'Women', 7: 'Another\nGender', 8: 'Unknown'}, {0: 'Undergraduate Students', 1: 'Undergraduate Students', 2: 'Undergraduate Students', 3: 'Undergraduate Students', 4: 'Undergraduate Students', 5: 'Undergraduate Students', 6: 'Undergraduate Students', 7: 'Undergraduate Students', 8: 'Undergraduate Students'}, {0: 'Degree-seeking, first\ufffe\ntime, first-year students', 1: '', 2: '', 3: '', 4: '', 5: '', 6: '', 7: '', 8: ''}, {0: 'Other first-year, degree\ufffe\nseeking students', 1: '', 2: '', 3: '', 4: '', 5: '', 6: '', 7: '', 8: ''}, {0: 'All other degree-seeking\nundergraduate students', 1: '', 2: '', 3: '', 4: '', 5: '', 6: '', 7: '', 8: ''}, {0: 'Total degree-seeking\nundergraduate students', 1: '', 2: '', 3: '', 4: '', 5: '', 6: '', 7: '', 8: ''}, {0: 'All other undergraduates\nenrolled in credit courses', 1: '', 2: '', 3: '', 4: '', 5: '', 6: '', 7: '', 8: ''}, {0: 'Total Undergraduate Students', 1: '', 2: '', 3: '', 4: '', 5: '', 6: '', 7: '', 8: ''}, {0: 'Graduate Students', 1: 'Graduate Students', 2: 'Graduate Students', 3: 'Graduate Students', 4: 'Graduate Students', 5: 'Graduate Students', 6: 'Graduate Students', 7: 'Graduate Students', 8: 'Graduate Students'}, {0: 'Degree-seeking, first-time', 1: '', 2: '', 3: '', 4: '', 5: '', 6: '', 7: '', 8: ''}, {0: 'All other degree-seeking', 1: '', 2: '', 3: '', 4: '', 5: '', 6: '', 7: '', 8: ''}, {0: 'All other graduates enrolled in\ncredit courses', 1: '', 2: '', 3: '', 4: '', 5: '', 6: '', 7: '', 8: ''}, {0: 'Total Graduate Students', 1: '', 2: '', 3: '', 4: '', 5: '', 6: '', 7: '', 8: ''}, {0: 'Total All Students', 1: '', 2: '', 3: '', 4: '', 5: '', 6: '', 7: '', 8: ''}]]","<table> <tr> <td rowspan=""2""> </td> <td colspan=""4""> FULL-TIME </td> <td colspan=""4""> PART-TIME </td> </tr> <tr> <td> Men </td> <td> Women </td> <td> Another <br/> Gender </td> <td> Unknown </td> <td> Men </td> <td> Women </td> <td> Another <br/> Gender </td> <td> Unknown </td> </tr> <tr> <td> Undergraduate Students </td> <td colspan=""8""> Undergraduate Students </td> </tr> <tr> <td> Degree-seeking, first￾ <br/> time, first-year students </td> <td> </td> <td> </td> <td> </td> <td> </td> <td> </td> <td> </td> <td> </td> <td> </td> </tr> <tr> <td> Other first-year, degree￾ <br/> seeking students </td> <td> </td> <td> </td> <td> </td> <td> </td> <td> </td> <td> </td> <td> </td> <td> </td> </tr> <tr> <td> All other degree-seeking <br/> undergraduate students </td> <td> </td> <td> </td> <td> </td> <td> </td> <td> </td> <td> </td> <td> </td> <td> </td> </tr> <tr> <td> Total degree-seeking <br/> undergraduate students </td> <td> </td> <td> </td> <td> </td> <td> </td> <td> </td> <td> </td> <td> </td> <td> </td> </tr> <tr> <td> All other undergraduates <br/> enrolled in credit courses </td> <td> </td> <td> </td> <td> </td> <td> </td> <td> </td> <td> </td> <td> </td> <td> </td> </tr> <tr> <td> Total Undergraduate Students </td> <td> </td> <td> </td> <td> </td> <td> </td> <td> </td> <td> </td> <td> </td> <td> </td> </tr> <tr> <td> Graduate Students </td> <td colspan=""8""> Graduate Students </td> </tr> <tr> <td> Degree-seeking, first-time </td> <td> </td> <td> </td> <td> </td> <td> </td> <td> </td> <td> </td> <td> </td> <td> </td> </tr> <tr> <td> All other degree-seeking </td> <td> </td> <td> </td> <td> </td> <td> </td> <td> </td> <td> </td> <td> </td> <td> </td> </tr> <tr> <td> All other graduates enrolled in <br/> credit courses </td> <td> </td> <td> </td> <td> </td> <td> </td> <td> </td> <td> </td> <td> </td> <td> </td> </tr> <tr> <td> Total Graduate Students </td> <td> </td> <td> </td> <td> </td> <td> </td> <td> </td> <td> </td> <td> </td> <td> </td> </tr> <tr> <td> Total All Students </td> <td> </td> <td> </td> <td> </td> <td> </td> <td> </td> <td> </td> <td> </td> <td> </td> </tr> </table>",139959,../data/cds-docs/2024-2025/139959.pdf,2024-2025
B,2,B2,Enrollment by Racial/Ethnic Category,"[[{0: 'Racial/Ethnic Category', 1: 'Degree-seeking\nFirst-time year First', 2: 'Degree-seeking\nUndergraduates\n(include first-time\nfirst-year)', 3: 'Total\nUndergraduates\n(both degree- and\nnon-degree\ufffe\nseeking)'}, {0: 'Nonresidents', 1: '', 2: '', 3: ''}, {0: 'Hispanic/Latino', 1: '', 2: '', 3: ''}, {0: 'Black or African American, non-Hispanic', 1: '', 2: '', 3: ''}, {0: 'White, non-Hispanic', 1: '', 2: '', 3: ''}, {0: 'American Indian or Alaska Native, non\ufffe\nHispanic', 1: '', 2: '', 3: ''}, {0: 'Asian, non-Hispanic', 1: '', 2: '', 3: ''}, {0: 'Native Hawaiian or other Pacific Islander,\nnon-Hispanic', 1: '', 2: '', 3: ''}, {0: 'Two or more races, non-Hispanic', 1: '', 2: '', 3: ''}, {0: 'Race and/or ethnicity unknown', 1: '', 2: '', 3: ''}, {0: 'Total', 1: '', 2: '', 3: ''}]]","<table> <tr> <td> Racial/Ethnic Category </td> <td> Degree-seeking <br/> First-time year First </td> <td> Degree-seeking <br/> Undergraduates <br/> (include first-time <br/> first-year) </td> <td> Total <br/> Undergraduates <br/> (both degree- and <br/> non-degree￾ <br/> seeking) </td> </tr> <tr> <td> Nonresidents </td> <td> </td> <td> </td> <td> </td> </tr> <tr> <td> Hispanic/Latino </td> <td> </td> <td> </td> <td> </td> </tr> <tr> <td> Black or African American, non-Hispanic </td> <td> </td> <td> </td> <td> </td> </tr> <tr> <td> White, non-Hispanic </td> <td> </td> <td> </td> <td> </td> </tr> <tr> <td> American Indian or Alaska Native, non￾ <br/> Hispanic </td> <td> </td> <td> </td> <td> </td> </tr> <tr> <td> Asian, non-Hispanic </td> <td> </td> <td> </td> <td> </td> </tr> <tr> <td> Native Hawaiian or other Pacific Islander, <br/> non-Hispanic </td> <td> </td> <td> </td> <td> </td> </tr> <tr> <td> Two or more races, non-Hispanic </td> <td> </td> <td> </td> <td> </td> </tr> <tr> <td> Race and/or ethnicity unknown </td> <td> </td> <td> </td> <td> </td> </tr> <tr> <td> Total </td> <td> </td> <td> </td> <td> </td> </tr> </table>",139959,../data/cds-docs/2024-2025/139959.pdf,2024-2025
B,3,B3,Persistence,"[[{0: 'AWARD TYPE', 1: '# AWARDED'}, {0: 'Certificate/diploma:', 1: ''}, {0: 'Associate degrees:', 1: ''}, {0: 'Bachelor’s degrees:', 1: ''}, {0: 'Post-bachelor’s certificates:', 1: ''}, {0: 'Master’s degrees:', 1: ''}, {0: 'Post-master’s certificates:', 1: ''}, {0: 'Doctoral degrees –\nresearch/scholarship:', 1: ''}, {0: 'Doctoral degrees – professional\npractice:', 1: ''}, {0: 'Doctoral degrees – other:', 1: ''}]]",<table> <tr> <td> AWARD TYPE </td> <td> # AWARDED </td> </tr> <tr> <td> Certificate/diploma: </td> <td> </td> </tr> <tr> <td> Associate degrees: </td> <td> </td> </tr> <tr> <td> Bachelor’s degrees: </td> <td> </td> </tr> <tr> <td> Post-bachelor’s certificates: </td> <td> </td> </tr> <tr> <td> Master’s degrees: </td> <td> </td> </tr> <tr> <td> Post-master’s certificates: </td> <td> </td> </tr> <tr> <td> Doctoral degrees – <br/> research/scholarship: </td> <td> </td> </tr> <tr> <td> Doctoral degrees – professional <br/> practice: </td> <td> </td> </tr> <tr> <td> Doctoral degrees – other: </td> <td> </td> </tr> </table>,139959,../data/cds-docs/2024-2025/139959.pdf,2024-2025
B,4,B4,-B21: Graduation Rates,"[[{0: '', 1: '', 2: 'Recipients of a\nFederal Grant Pell', 3: 'Recipients of a\nSubsidized\nStafford Loan\nwho did not\nreceive Grant a Pell', 4: 'Students who\ndid not receive\neither a Pell\nGrant or a\nsubsidized\nStafford Loan', 5: '(sum Total of 3\ncolumns left) to the'}, {0: 'A', 1: ""Initial 2018 cohort of first-time, full-time,\nbachelor's (or equivalent) degree\ufffe\nseeking undergraduate students"", 2: '', 3: '', 4: '', 5: ''}, {0: 'B', 1: 'Of the initial 2018 cohort, how many did\nnot persist and did not graduate for the\nfollowing reasons:\n• Deceased\n• Permanently Disabled\n• Armed Forces\n• Foreign Aid Service of the Federal Government\n• Official church missions\n• Report Total Allowable Exclusions', 2: '', 3: '', 4: '', 5: ''}, {0: 'C', 1: 'Final 2018 cohort, after adjusting\nfor allowable exclusions', 2: '', 3: '', 4: '', 5: ''}, {0: 'D', 1: 'Of the initial 2018 cohort, how many\ncompleted the program in four years or\nless (by Aug. 31, 2022)', 2: '', 3: '', 4: '', 5: ''}]]","<table> <tr> <td colspan=""2""> </td> <td> Recipients of a <br/> Federal Grant Pell </td> <td> Recipients of a <br/> Subsidized <br/> Stafford Loan <br/> who did not <br/> receive Grant a Pell </td> <td> Students who <br/> did not receive <br/> either a Pell <br/> Grant or a <br/> subsidized <br/> Stafford Loan </td> <td> (sum Total of 3 <br/> columns left) to the </td> </tr> <tr> <td> A </td> <td> Initial 2018 cohort of first-time, full-time, <br/> bachelor's (or equivalent) degree￾ <br/> seeking undergraduate students </td> <td> </td> <td> </td> <td> </td> <td> </td> </tr> <tr> <td> B </td> <td> Of the initial 2018 cohort, how many did <br/> not persist and did not graduate for the <br/> following reasons: <br/> • Deceased <br/> • Permanently Disabled <br/> • Armed Forces <br/> • Foreign Aid Service of the Federal Government <br/> • Official church missions <br/> • Report Total Allowable Exclusions </td> <td> </td> <td> </td> <td> </td> <td> </td> </tr> <tr> <td> C </td> <td> Final 2018 cohort, after adjusting <br/> for allowable exclusions </td> <td> </td> <td> </td> <td> </td> <td> </td> </tr> <tr> <td> D </td> <td> Of the initial 2018 cohort, how many <br/> completed the program in four years or <br/> less (by Aug. 31, 2022) </td> <td> </td> <td> </td> <td> </td> <td> </td> </tr> </table>",139959,../data/cds-docs/2024-2025/139959.pdf,2024-2025
C,1,C1,"First-time, first-year students: Provide the number of degree-seeking, first-time, first-year students","[[{0: 'FIRST-TIME, FIRST-YEAR STUDENT APPLICANTS', 1: 'TOTAL'}, {0: 'Total first-time, first-year men who applied', 1: ''}, {0: 'Total first-time, first-year women who applied', 1: ''}, {0: 'Total first-time, first-year of another gender who applied', 1: ''}, {0: 'Total first-time, first-year of unknown gender who applied', 1: ''}], [{0: 'FIRST-TIME, FIRST-YEAR STUDENT ADMITS', 1: 'TOTAL'}, {0: 'Total first-time, first-year men who were admitted', 1: ''}, {0: 'Total first-time, first-year women who were admitted', 1: ''}, {0: 'Total first-time, first-year of another gender who were admitted', 1: ''}, {0: 'Total first-time, first-year of unknown gender who were admitted', 1: ''}], [{0: 'FIRST-TIME, FIRST-YEAR STUDENT ENROLLEES', 1: 'TOTAL'}, {0: 'Total first-time, first-year men who enrolled', 1: ''}, {0: 'Total first-time, first-year women who enrolled', 1: ''}, {0: 'Total first-time, first-year of another gender who enrolled', 1: ''}, {0: 'Total first-time, first-year of unknown gender who enrolled', 1: ''}], [{0: 'FIRST-TIME, FIRST-YEAR STUDENT ENROLLEES BY STATUS', 1: 'TOTAL'}, {0: 'Total full-time, first-time, first-year men who enrolled', 1: ''}, {0: 'Total part-time, first-time, first-year men who enrolled', 1: ''}, {0: 'Total full-time, first-time, first-year women who enrolled', 1: ''}, {0: 'Total part-time, first-time, first-year women who enrolled', 1: ''}, {0: 'Total full-time, first-time, first-year of another gender who enrolled', 1: ''}, {0: 'Total part-time, first-time, first-year of another gender who enrolled', 1: ''}, {0: 'Total full-time, first-time, first-year of unknown gender who enrolled', 1: ''}, {0: 'Total part-time, first-time, first-year of unknown gender who enrolled', 1: ''}]]","<table> <tr> <td> FIRST-TIME, FIRST-YEAR STUDENT APPLICANTS </td> <td> TOTAL </td> </tr> <tr> <td> Total first-time, first-year men who applied </td> <td> </td> </tr> <tr> <td> Total first-time, first-year women who applied </td> <td> </td> </tr> <tr> <td> Total first-time, first-year of another gender who applied </td> <td> </td> </tr> <tr> <td> Total first-time, first-year of unknown gender who applied </td> <td> </td> </tr> </table><div class=""separator""></div><table> <tr> <td> FIRST-TIME, FIRST-YEAR STUDENT ADMITS </td> <td> TOTAL </td> </tr> <tr> <td> Total first-time, first-year men who were admitted </td> <td> </td> </tr> <tr> <td> Total first-time, first-year women who were admitted </td> <td> </td> </tr> <tr> <td> Total first-time, first-year of another gender who were admitted </td> <td> </td> </tr> <tr> <td> Total first-time, first-year of unknown gender who were admitted </td> <td> </td> </tr> </table><div class=""separator""></div><table> <tr> <td> FIRST-TIME, FIRST-YEAR STUDENT ENROLLEES </td> <td> TOTAL </td> </tr> <tr> <td> Total first-time, first-year men who enrolled </td> <td> </td> </tr> <tr> <td> Total first-time, first-year women who enrolled </td> <td> </td> </tr> <tr> <td> Total first-time, first-year of another gender who enrolled </td> <td> </td> </tr> <tr> <td> Total first-time, first-year of unknown gender who enrolled </td> <td> </td> </tr> </table><div class=""separator""></div><table> <tr> <td> FIRST-TIME, FIRST-YEAR STUDENT ENROLLEES BY STATUS </td> <td> TOTAL </td> </tr> <tr> <td> Total full-time, first-time, first-year men who enrolled </td> <td> </td> </tr> <tr> <td> Total part-time, first-time, first-year men who enrolled </td> <td> </td> </tr> <tr> <td> Total full-time, first-time, first-year women who enrolled </td> <td> </td> </tr> <tr> <td> Total part-time, first-time, first-year women who enrolled </td> <td> </td> </tr> <tr> <td> Total full-time, first-time, first-year of another gender who enrolled </td> <td> </td> </tr> <tr> <td> Total part-time, first-time, first-year of another gender who enrolled </td> <td> </td> </tr> <tr> <td> Total full-time, first-time, first-year of unknown gender who enrolled </td> <td> </td> </tr> <tr> <td> Total part-time, first-time, first-year of unknown gender who enrolled </td> <td> </td> </tr> </table>",139959,../data/cds-docs/2024-2025/139959.pdf,2024-2025
C,2,C2,"First time, first-year wait-listed students","[[{0: 'WAITING LIST', 1: 'TOTAL'}, {0: 'Number of qualified applicants offered a place on waiting list:', 1: ''}, {0: 'Number accepting a place on the waiting list:', 1: ''}, {0: 'Number of wait-listed students admitted:', 1: ''}]]",<table> <tr> <td> WAITING LIST </td> <td> TOTAL </td> </tr> <tr> <td> Number of qualified applicants offered a place on waiting list: </td> <td> </td> </tr> <tr> <td> Number accepting a place on the waiting list: </td> <td> </td> </tr> <tr> <td> Number of wait-listed students admitted: </td> <td> </td> </tr> </table>,139959,../data/cds-docs/2024-2025/139959.pdf,2024-2025
C,5,C5,Distribution of high school units required and/or recommended. Specify the distribution of academic high,"[[{0: '', 1: 'Units Required', 2: 'Units Recommended'}, {0: 'Total academic units', 1: '', 2: ''}, {0: 'English', 1: '', 2: ''}, {0: 'Mathematics', 1: '', 2: ''}, {0: 'Science', 1: '', 2: ''}, {0: 'Of these, units that must be lab', 1: '', 2: ''}, {0: 'Foreign language', 1: '', 2: ''}, {0: 'Social studies', 1: '', 2: ''}, {0: 'History', 1: '', 2: ''}, {0: 'Academic electives', 1: '', 2: ''}, {0: 'Computer Science', 1: '', 2: ''}, {0: 'Visual/Performing Arts', 1: '', 2: ''}, {0: 'Other (specify)', 1: '', 2: ''}]]","<table> <tr> <td> </td> <td> Units Required </td> <td> Units Recommended </td> </tr> <tr> <td> Total academic units </td> <td> </td> <td> </td> </tr> <tr> <td> English </td> <td> </td> <td> </td> </tr> <tr> <td> Mathematics </td> <td> </td> <td> </td> </tr> <tr> <td> Science </td> <td> </td> <td> </td> </tr> <tr> <td> Of these, units that must be lab </td> <td> </td> <td> </td> </tr> <tr> <td> Foreign language </td> <td> </td> <td> </td> </tr> <tr> <td> Social studies </td> <td> </td> <td> </td> </tr> <tr> <td> History </td> <td> </td> <td> </td> </tr> <tr> <td> Academic electives </td> <td> </td> <td> </td> </tr> <tr> <td> Computer Science </td> <td> </td> <td> </td> </tr> <tr> <td> Visual/Performing Arts </td> <td> </td> <td> </td> </tr> <tr> <td> Other (specify) </td> <td> </td> <td> </td> </tr> </table>",139959,../data/cds-docs/2024-2025/139959.pdf,2024-2025
C,9,C9,"Percent and number of first-time, first-year students enrolled in Fall 2024 who submitted national","[[{0: 'Assessment', 1: '25th Percentile\nScore', 2: '50th Percentile\nScore', 3: '75th Percentile\nScore'}, {0: 'SAT Composite', 1: '', 2: '', 3: ''}, {0: 'SAT Evidence-Based\nReading and Writing', 1: '', 2: '', 3: ''}, {0: 'SAT Math', 1: '', 2: '', 3: ''}, {0: 'ACT Composite', 1: '', 2: '', 3: ''}, {0: 'ACT Math', 1: '', 2: '', 3: ''}, {0: 'ACT English', 1: '', 2: '', 3: ''}, {0: 'ACT Writing', 1: '', 2: '', 3: ''}, {0: 'ACT Science', 1: '', 2: '', 3: ''}, {0: 'ACT Reading', 1: '', 2: '', 3: ''}]]",<table> <tr> <td> Assessment </td> <td> 25th Percentile <br/> Score </td> <td> 50th Percentile <br/> Score </td> <td> 75th Percentile <br/> Score </td> </tr> <tr> <td> SAT Composite </td> <td> </td> <td> </td> <td> </td> </tr> <tr> <td> SAT Evidence-Based <br/> Reading and Writing </td> <td> </td> <td> </td> <td> </td> </tr> <tr> <td> SAT Math </td> <td> </td> <td> </td> <td> </td> </tr> <tr> <td> ACT Composite </td> <td> </td> <td> </td> <td> </td> </tr> <tr> <td> ACT Math </td> <td> </td> <td> </td> <td> </td> </tr> <tr> <td> ACT English </td> <td> </td> <td> </td> <td> </td> </tr> <tr> <td> ACT Writing </td> <td> </td> <td> </td> <td> </td> </tr> <tr> <td> ACT Science </td> <td> </td> <td> </td> <td> </td> </tr> <tr> <td> ACT Reading </td> <td> </td> <td> </td> <td> </td> </tr> </table>,139959,../data/cds-docs/2024-2025/139959.pdf,2024-2025
C,11,C11,"Percentage of all enrolled, degree-seeking, first-time, first-year students who had high school","[[{0: 'Score Range', 1: 'Percent\n(Students who\nsubmitted scores)', 2: 'Percent\n(Students who did\nnot submit scores)', 3: 'Percent\n(All enrolled\nstudents)'}, {0: 'Percent who had GPA of 4.0', 1: '', 2: '', 3: ''}, {0: 'Percent who had GPA between 3.75 and 3.99', 1: '', 2: '', 3: ''}, {0: 'Percent who had GPA between 3.50 and 3.74', 1: '', 2: '', 3: ''}, {0: 'Percent who had GPA between 3.25 and 3.49', 1: '', 2: '', 3: ''}, {0: 'Percent who had GPA between 3.00 and 3.24', 1: '', 2: '', 3: ''}, {0: 'Percent who had GPA between 2.50 and 2.99', 1: '', 2: '', 3: ''}, {0: 'Percent who had GPA between 2.0 and 2.49', 1: '', 2: '', 3: ''}, {0: 'Percent who had GPA between 1.0 and 1.99', 1: '', 2: '', 3: ''}, {0: 'Percent who had GPA below 1.0', 1: '', 2: '', 3: ''}, {0: 'Totals should = 100%', 1: '', 2: '', 3: ''}]]",<table> <tr> <td> Score Range </td> <td> Percent <br/> (Students who <br/> submitted scores) </td> <td> Percent <br/> (Students who did <br/> not submit scores) </td> <td> Percent <br/> (All enrolled <br/> students) </td> </tr> <tr> <td> Percent who had GPA of 4.0 </td> <td> </td> <td> </td> <td> </td> </tr> <tr> <td> Percent who had GPA between 3.75 and 3.99 </td> <td> </td> <td> </td> <td> </td> </tr> <tr> <td> Percent who had GPA between 3.50 and 3.74 </td> <td> </td> <td> </td> <td> </td> </tr> <tr> <td> Percent who had GPA between 3.25 and 3.49 </td> <td> </td> <td> </td> <td> </td> </tr> <tr> <td> Percent who had GPA between 3.00 and 3.24 </td> <td> </td> <td> </td> <td> </td> </tr> <tr> <td> Percent who had GPA between 2.50 and 2.99 </td> <td> </td> <td> </td> <td> </td> </tr> <tr> <td> Percent who had GPA between 2.0 and 2.49 </td> <td> </td> <td> </td> <td> </td> </tr> <tr> <td> Percent who had GPA between 1.0 and 1.99 </td> <td> </td> <td> </td> <td> </td> </tr> <tr> <td> Percent who had GPA below 1.0 </td> <td> </td> <td> </td> <td> </td> </tr> <tr> <td> Totals should = 100% </td> <td> </td> <td> </td> <td> </td> </tr> </table>,139959,../data/cds-docs/2024-2025/139959.pdf,2024-2025
C,12,C12,"Average high school GPA of all degree-seeking, first-time, first-year students who","[[{0: '', 1: '%'}, {0: 'Percent Submitting GPA', 1: ''}]]",<table> <tr> <td> </td> <td> % </td> </tr> <tr> <td> Percent Submitting GPA </td> <td> </td> </tr> </table>,139959,../data/cds-docs/2024-2025/139959.pdf,2024-2025
C,14,C14,Application closing date,"[[{0: '', 1: 'Month', 2: 'Day'}, {0: 'Application closing date (fall)', 1: '', 2: ''}, {0: 'Priority Date', 1: '', 2: ''}]]",<table> <tr> <td> </td> <td> Month </td> <td> Day </td> </tr> <tr> <td> Application closing date (fall) </td> <td> </td> <td> </td> </tr> <tr> <td> Priority Date </td> <td> </td> <td> </td> </tr> </table>,139959,../data/cds-docs/2024-2025/139959.pdf,2024-2025
D,2,D2,"Provide the number of students who applied, were admitted, and enrolled as degree-seeking transfer","[[{0: '', 1: 'Applicants', 2: 'Admitted Applicants', 3: 'Enrolled Applicants'}, {0: 'Men', 1: '', 2: '', 3: ''}, {0: 'Women', 1: '', 2: '', 3: ''}, {0: 'Another Gender', 1: '', 2: '', 3: ''}, {0: 'Unknown', 1: '', 2: '', 3: ''}, {0: 'Total', 1: '', 2: '', 3: ''}]]",<table> <tr> <td> </td> <td> Applicants </td> <td> Admitted Applicants </td> <td> Enrolled Applicants </td> </tr> <tr> <td> Men </td> <td> </td> <td> </td> <td> </td> </tr> <tr> <td> Women </td> <td> </td> <td> </td> <td> </td> </tr> <tr> <td> Another Gender </td> <td> </td> <td> </td> <td> </td> </tr> <tr> <td> Unknown </td> <td> </td> <td> </td> <td> </td> </tr> <tr> <td> Total </td> <td> </td> <td> </td> <td> </td> </tr> </table>,139959,../data/cds-docs/2024-2025/139959.pdf,2024-2025
D,5,D5,Indicate all items required of transfer students to apply for admission:,"[[{0: '', 1: 'Required of All', 2: 'Recommended\nof All', 3: 'Recommended\nof Some', 4: 'Required Some of', 5: 'Not Required'}, {0: 'High school transcript', 1: '', 2: '', 3: '', 4: '', 5: ''}, {0: 'College transcript(s)', 1: '', 2: '', 3: '', 4: '', 5: ''}, {0: 'Essay or personal statement', 1: '', 2: '', 3: '', 4: '', 5: ''}, {0: 'Interview', 1: '', 2: '', 3: '', 4: '', 5: ''}, {0: 'Standardized test scores', 1: '', 2: '', 3: '', 4: '', 5: ''}, {0: 'Statement of good standing\nfrom prior institution(s)', 1: '', 2: '', 3: '', 4: '', 5: ''}]]",<table> <tr> <td> </td> <td> Required of All </td> <td> Recommended <br/> of All </td> <td> Recommended <br/> of Some </td> <td> Required Some of </td> <td> Not Required </td> </tr> <tr> <td> High school transcript </td> <td> </td> <td> </td> <td> </td> <td> </td> <td> </td> </tr> <tr> <td> College transcript(s) </td> <td> </td> <td> </td> <td> </td> <td> </td> <td> </td> </tr> <tr> <td> Essay or personal statement </td> <td> </td> <td> </td> <td> </td> <td> </td> <td> </td> </tr> <tr> <td> Interview </td> <td> </td> <td> </td> <td> </td> <td> </td> <td> </td> </tr> <tr> <td> Standardized test scores </td> <td> </td> <td> </td> <td> </td> <td> </td> <td> </td> </tr> <tr> <td> Statement of good standing <br/> from prior institution(s) </td> <td> </td> <td> </td> <td> </td> <td> </td> <td> </td> </tr> </table>,139959,../data/cds-docs/2024-2025/139959.pdf,2024-2025
D,9,D9,"List application priority, closing, notification, and candidate reply dates for transfer students. If applications are","[[{0: '', 1: 'Priority Date\nMonth Day', 2: 'Closing Date\nMonth Day', 3: 'Notification Date\nMonth Day', 4: 'Reply Date\nMonth Day', 5: 'Rolling\nadmission'}, {0: 'Fall', 1: '', 2: '', 3: '', 4: '', 5: ''}, {0: 'Winter', 1: '', 2: '', 3: '', 4: '', 5: ''}, {0: 'Spring', 1: '', 2: '', 3: '', 4: '', 5: ''}, {0: 'Summer', 1: '', 2: '', 3: '', 4: '', 5: ''}]]",<table> <tr> <td> </td> <td> Priority Date <br/> Month Day </td> <td> Closing Date <br/> Month Day </td> <td> Notification Date <br/> Month Day </td> <td> Reply Date <br/> Month Day </td> <td> Rolling <br/> admission </td> </tr> <tr> <td> Fall </td> <td> </td> <td> </td> <td> </td> <td> </td> <td> </td> </tr> <tr> <td> Winter </td> <td> </td> <td> </td> <td> </td> <td> </td> <td> </td> </tr> <tr> <td> Spring </td> <td> </td> <td> </td> <td> </td> <td> </td> <td> </td> </tr> <tr> <td> Summer </td> <td> </td> <td> </td> <td> </td> <td> </td> <td> </td> </tr> </table>,139959,../data/cds-docs/2024-2025/139959.pdf,2024-2025
F,1,F1,"Percentages of first-time, first-year degree-seeking students and degree-seeking","[[{0: '', 1: 'First-time, first\ufffe\nyear students', 2: 'Undergraduates'}, {0: 'Percent who are from out of state (exclude international/nonresident\nfrom the numerator and denominator)', 1: '', 2: ''}, {0: 'Percent of men who join fraternities', 1: '', 2: ''}, {0: 'Percent of women who join sororities', 1: '', 2: ''}, {0: 'Percent who live in college-owned, -operated, or -affiliated housing', 1: '', 2: ''}, {0: 'Percent who live off campus or commute', 1: '', 2: ''}, {0: 'Percent of students age 25 and older', 1: '', 2: ''}, {0: 'Average age of full-time students', 1: '', 2: ''}, {0: 'Average age of all students (full- and part-time)', 1: '', 2: ''}]]","<table> <tr> <td> </td> <td> First-time, first￾ <br/> year students </td> <td> Undergraduates </td> </tr> <tr> <td> Percent who are from out of state (exclude international/nonresident <br/> from the numerator and denominator) </td> <td> </td> <td> </td> </tr> <tr> <td> Percent of men who join fraternities </td> <td> </td> <td> </td> </tr> <tr> <td> Percent of women who join sororities </td> <td> </td> <td> </td> </tr> <tr> <td> Percent who live in college-owned, -operated, or -affiliated housing </td> <td> </td> <td> </td> </tr> <tr> <td> Percent who live off campus or commute </td> <td> </td> <td> </td> </tr> <tr> <td> Percent of students age 25 and older </td> <td> </td> <td> </td> </tr> <tr> <td> Average age of full-time students </td> <td> </td> <td> </td> </tr> <tr> <td> Average age of all students (full- and part-time) </td> <td> </td> <td> </td> </tr> </table>",139959,../data/cds-docs/2024-2025/139959.pdf,2024-2025
G,1,G1,"Undergraduate full-time tuition, required fees, food and housing","[[{0: '', 1: 'FIRST-YEAR', 2: 'UNDERGRADUATES'}, {0: 'PRIVATE INSTITUTION', 1: '', 2: ''}, {0: 'Tuition:', 1: '', 2: ''}, {0: 'PUBLIC INSTITUTION', 1: '', 2: ''}, {0: 'Tuition: In-district:', 1: '', 2: ''}, {0: 'Tuition: In-state (out-of-district):', 1: '', 2: ''}, {0: 'Tuition: Out-of-state:', 1: '', 2: ''}, {0: 'Tuition: Non-resident', 1: '', 2: ''}, {0: 'FOR ALL INSTITUTIONS', 1: '', 2: ''}, {0: 'Required Fees', 1: '', 2: ''}, {0: 'Food and Housing (on-campus):', 1: '', 2: ''}, {0: 'Housing Only (on-campus):', 1: '', 2: ''}, {0: 'Food Only (on-campus meal plan):', 1: '', 2: ''}]]",<table> <tr> <td> </td> <td> FIRST-YEAR </td> <td> UNDERGRADUATES </td> </tr> <tr> <td> PRIVATE INSTITUTION </td> <td> </td> <td> </td> </tr> <tr> <td> Tuition: </td> <td> </td> <td> </td> </tr> <tr> <td> PUBLIC INSTITUTION </td> <td> </td> <td> </td> </tr> <tr> <td> Tuition: In-district: </td> <td> </td> <td> </td> </tr> <tr> <td> Tuition: In-state (out-of-district): </td> <td> </td> <td> </td> </tr> <tr> <td> Tuition: Out-of-state: </td> <td> </td> <td> </td> </tr> <tr> <td> Tuition: Non-resident </td> <td> </td> <td> </td> </tr> <tr> <td> FOR ALL INSTITUTIONS </td> <td> </td> <td> </td> </tr> <tr> <td> Required Fees </td> <td> </td> <td> </td> </tr> <tr> <td> Food and Housing (on-campus): </td> <td> </td> <td> </td> </tr> <tr> <td> Housing Only (on-campus): </td> <td> </td> <td> </td> </tr> <tr> <td> Food Only (on-campus meal plan): </td> <td> </td> <td> </td> </tr> </table>,139959,../data/cds-docs/2024-2025/139959.pdf,2024-2025
G,5,G5,Provide the estimated expenses for a typical full-time undergraduate student:,"[[{0: '', 1: 'Residents', 2: 'Commuters\n(living at home)', 3: 'Commuters\n(not home) living at'}, {0: 'Books and supplies:', 1: '', 2: '', 3: ''}, {0: 'Housing only:', 1: 'Not Applicable Not Applicable\nNot Applicable', 2: 'Not Applicable Not Applicable\nNot Applicable', 3: ''}, {0: 'Food only:', 1: 'Not Applicable Not Applicable\nNot Applicable', 2: '', 3: ''}, {0: 'Food and housing total*', 1: 'Not Applicable', 2: 'Not Applicable', 3: ''}, {0: 'Transportation:', 1: '', 2: '', 3: ''}, {0: 'Other expenses:', 1: '', 2: '', 3: ''}]]","<table> <tr> <td> </td> <td> Residents </td> <td> Commuters <br/> (living at home) </td> <td> Commuters <br/> (not home) living at </td> </tr> <tr> <td> Books and supplies: </td> <td> </td> <td> </td> <td> </td> </tr> <tr> <td> Housing only: </td> <td colspan=""2""> Not Applicable Not Applicable <br/> Not Applicable </td> <td> </td> </tr> <tr> <td> Food only: </td> <td> Not Applicable Not Applicable <br/> Not Applicable </td> <td> </td> <td> </td> </tr> <tr> <td> Food and housing total* </td> <td> Not Applicable </td> <td> Not Applicable </td> <td> </td> </tr> <tr> <td> Transportation: </td> <td> </td> <td> </td> <td> </td> </tr> <tr> <td> Other expenses: </td> <td> </td> <td> </td> <td> </td> </tr> </table>",139959,../data/cds-docs/2024-2025/139959.pdf,2024-2025
H,1,H1,Enter total dollar amounts awarded to enrolled full-time and less than full-time degree-seeking,"[[{0: '', 1: 'Need-based\n(Include non-need\ufffe\nbased aid use to\nmeet need.)', 2: 'Non-need-based\n(Exclude non-need\ufffe\nbased aid use to\nmeet need.)'}, {0: 'Scholarships/Grants', 1: '', 2: ''}, {0: 'Federal', 1: '', 2: ''}, {0: 'State all states, not only the state in which your institution\nis located', 1: '', 2: ''}, {0: 'Institutional: Endowed scholarships, annual gifts and\ntuition funded grants, awarded by the college, excluding\nathletic aid and tuition waivers (which are reported below).', 1: '', 2: ''}, {0: 'Scholarships/grants from external sources (e.g.\nKiwanis, National Merit) not awarded by the college', 1: '', 2: ''}, {0: 'Total Scholarships/Grants', 1: '', 2: ''}, {0: 'Self-Help', 1: '', 2: ''}, {0: 'Student loans from all sources (excluding parent loans)', 1: '', 2: ''}, {0: 'Federal Work-Study', 1: '', 2: 'Not Applicable'}, {0: 'State and other (e.g., institutional) work-study/employment\n(Note: Excludes Federal Work-Study captured above.)', 1: '', 2: ''}, {0: 'Total Self-Help', 1: '', 2: ''}, {0: 'Parent Loans', 1: '', 2: ''}]]","<table> <tr> <td> </td> <td> Need-based <br/> (Include non-need￾ <br/> based aid use to <br/> meet need.) </td> <td> Non-need-based <br/> (Exclude non-need￾ <br/> based aid use to <br/> meet need.) </td> </tr> <tr> <td> Scholarships/Grants </td> <td> </td> <td> </td> </tr> <tr> <td> Federal </td> <td> </td> <td> </td> </tr> <tr> <td> State all states, not only the state in which your institution <br/> is located </td> <td> </td> <td> </td> </tr> <tr> <td> Institutional: Endowed scholarships, annual gifts and <br/> tuition funded grants, awarded by the college, excluding <br/> athletic aid and tuition waivers (which are reported below). </td> <td> </td> <td> </td> </tr> <tr> <td> Scholarships/grants from external sources (e.g. <br/> Kiwanis, National Merit) not awarded by the college </td> <td> </td> <td> </td> </tr> <tr> <td> Total Scholarships/Grants </td> <td> </td> <td> </td> </tr> <tr> <td> Self-Help </td> <td> </td> <td> </td> </tr> <tr> <td> Student loans from all sources (excluding parent loans) </td> <td> </td> <td> </td> </tr> <tr> <td> Federal Work-Study </td> <td> </td> <td> Not Applicable </td> </tr> <tr> <td> State and other (e.g., institutional) work-study/employment <br/> (Note: Excludes Federal Work-Study captured above.) </td> <td> </td> <td> </td> </tr> <tr> <td> Total Self-Help </td> <td> </td> <td> </td> </tr> <tr> <td> Parent Loans </td> <td> </td> <td> </td> </tr> </table>",139959,../data/cds-docs/2024-2025/139959.pdf,2024-2025
H,2,H2,Number of Enrolled Students Awarded Aid: List the number of degree-seeking full-time and less-than-full-,"[[{0: '', 1: 'Number of Enrolled Students Awarded Aids', 2: 'Full-time\nFirst-time\nFirst-year', 3: 'Full-time\nUndergrad\n(Incl. Fresh)', 4: 'Less Full-time Than\nUndergrad'}, {0: 'A', 1: 'Number of degree-seeking undergraduate students (CDS\nItem B1 if reporting on Fall 2024 cohort)', 2: '', 3: '', 4: ''}, {0: 'B', 1: 'Number of students in line a who applied for need-based\nfinancial aid', 2: '', 3: '', 4: ''}, {0: 'C', 1: 'Number of students in line b who were determined to have\nfinancial need', 2: '', 3: '', 4: ''}, {0: 'D', 1: 'Number of students in line c who were awarded any financial aid', 2: '', 3: '', 4: ''}, {0: 'E', 1: 'Number of students in line d who were awarded any need-based\nscholarship or grant aid', 2: '', 3: '', 4: ''}, {0: 'F', 1: 'Number of students in line d who were awarded any need-based\nself-help aid', 2: '', 3: '', 4: ''}, {0: 'G', 1: 'Number of students in line d who were awarded any non-need\ufffe\nbased scholarship or grant aid', 2: '', 3: '', 4: ''}, {0: 'H', 1: 'Number of students in line d whose need was fully met (exclude\nPLUS loans, unsubsidized loans, and private alternative loans)', 2: '', 3: '', 4: ''}, {0: 'I', 1: 'On average, the percentage of need that was met of students\nwho were awarded any need-based aid. Exclude any aid that\nwas awarded in excess of need as well as any resources that\nwere awarded to replace EFC (PLUS loans, unsubsidized loans,\nand private alternative loans)', 2: '', 3: '', 4: ''}, {0: 'J', 1: 'The average financial aid package of those in line d. Exclude\nany resources that were awarded to replace EFC (PLUS loans,\nunsubsidized loans, and private alternative loans)', 2: '', 3: '', 4: ''}, {0: 'K', 1: 'Average need-based scholarship or grant award of those in line\ne', 2: '', 3: '', 4: ''}, {0: 'L', 1: 'Average need-based self-help award (excluding PLUS loans,\nunsubsidized loans, and private alternative loans) of those in line\nf', 2: '', 3: '', 4: ''}], [{0: '', 1: 'Number of Enrolled Students Awarded Non-need-based\nScholarships and Grants', 2: 'Full-time\nFirst-time\nFirst-year', 3: 'Full-time\nUndergrad\nFresh) (Incl.', 4: 'Less Full-time Than\nUndergrad'}, {0: 'N', 1: 'Number of students in line a who had no financial need and who\nwere awarded institutional non-need-based scholarship or grant\naid (exclude those who were awarded athletic awards and tuition\nbenefits)', 2: '', 3: '', 4: ''}, {0: 'O', 1: 'Average dollar amount of institutional non-need-based\nscholarship and grant aid awarded to students in line n', 2: '', 3: '', 4: ''}, {0: 'P', 1: 'Number of students in line a who were awarded an institutional\nnon-need-based athletic scholarship or grant', 2: '', 3: '', 4: ''}, {0: 'Q', 1: 'Average dollar amount of institutional non-need-based athletic\nscholarships and grants awarded to students in line p', 2: '', 3: '', 4: ''}]]","<table> <tr> <td> </td> <td> Number of Enrolled Students Awarded Aids </td> <td> Full-time <br/> First-time <br/> First-year </td> <td> Full-time <br/> Undergrad <br/> (Incl. Fresh) </td> <td> Less Full-time Than <br/> Undergrad </td> </tr> <tr> <td> A </td> <td> Number of degree-seeking undergraduate students (CDS <br/> Item B1 if reporting on Fall 2024 cohort) </td> <td> </td> <td> </td> <td> </td> </tr> <tr> <td> B </td> <td> Number of students in line a who applied for need-based <br/> financial aid </td> <td> </td> <td> </td> <td> </td> </tr> <tr> <td> C </td> <td> Number of students in line b who were determined to have <br/> financial need </td> <td> </td> <td> </td> <td> </td> </tr> <tr> <td> D </td> <td> Number of students in line c who were awarded any financial aid </td> <td> </td> <td> </td> <td> </td> </tr> <tr> <td> E </td> <td> Number of students in line d who were awarded any need-based <br/> scholarship or grant aid </td> <td> </td> <td> </td> <td> </td> </tr> <tr> <td> F </td> <td> Number of students in line d who were awarded any need-based <br/> self-help aid </td> <td> </td> <td> </td> <td> </td> </tr> <tr> <td> G </td> <td> Number of students in line d who were awarded any non-need￾ <br/> based scholarship or grant aid </td> <td> </td> <td> </td> <td> </td> </tr> <tr> <td> H </td> <td> Number of students in line d whose need was fully met (exclude <br/> PLUS loans, unsubsidized loans, and private alternative loans) </td> <td> </td> <td> </td> <td> </td> </tr> <tr> <td> I </td> <td> On average, the percentage of need that was met of students <br/> who were awarded any need-based aid. Exclude any aid that <br/> was awarded in excess of need as well as any resources that <br/> were awarded to replace EFC (PLUS loans, unsubsidized loans, <br/> and private alternative loans) </td> <td> </td> <td> </td> <td> </td> </tr> <tr> <td> J </td> <td> The average financial aid package of those in line d. Exclude <br/> any resources that were awarded to replace EFC (PLUS loans, <br/> unsubsidized loans, and private alternative loans) </td> <td> </td> <td> </td> <td> </td> </tr> <tr> <td> K </td> <td> Average need-based scholarship or grant award of those in line <br/> e </td> <td> </td> <td> </td> <td> </td> </tr> <tr> <td> L </td> <td> Average need-based self-help award (excluding PLUS loans, <br/> unsubsidized loans, and private alternative loans) of those in line <br/> f </td> <td> </td> <td> </td> <td> </td> </tr> </table><div class=""separator""></div><table> <tr> <td> </td> <td> Number of Enrolled Students Awarded Non-need-based <br/> Scholarships and Grants </td> <td> Full-time <br/> First-time <br/> First-year </td> <td> Full-time <br/> Undergrad <br/> Fresh) (Incl. </td> <td> Less Full-time Than <br/> Undergrad </td> </tr> <tr> <td> N </td> <td> Number of students in line a who had no financial need and who <br/> were awarded institutional non-need-based scholarship or grant <br/> aid (exclude those who were awarded athletic awards and tuition <br/> benefits) </td> <td> </td> <td> </td> <td> </td> </tr> <tr> <td> O </td> <td> Average dollar amount of institutional non-need-based <br/> scholarship and grant aid awarded to students in line n </td> <td> </td> <td> </td> <td> </td> </tr> <tr> <td> P </td> <td> Number of students in line a who were awarded an institutional <br/> non-need-based athletic scholarship or grant </td> <td> </td> <td> </td> <td> </td> </tr> <tr> <td> Q </td> <td> Average dollar amount of institutional non-need-based athletic <br/> scholarships and grants awarded to students in line p </td> <td> </td> <td> </td> <td> </td> </tr> </table>",139959,../data/cds-docs/2024-2025/139959.pdf,2024-2025
H,5,H5,"Number and percent of students in class (defined in H4 above) borrowing from federal, non-federal,","[[{0: '', 1: 'Source/Type of Loan', 2: 'Number in the\nclass (defined in\nH4 above) who\nborrowed from\nthe types of\nloans specified\nin column the first', 3: 'Percent of the\nclass (defined\nabove) who\nborrowed from\nthe types of\nloans specified\nin column the first\n(nearest 1%)', 4: 'Average per\ufffe\nundergraduate\ufffe\nborrower\ncumulative\nprincipal\nborrowed from the\ntypes of loans\nspecified first in the\ncolumn (nearest'}, {0: 'A', 1: 'Any loan program: Federal Perkins,\nFederal Stafford Subsidized and\nUnsubsidized, institutional, state, private\nloans that your institution is aware of, etc.\nInclude both Federal Direct Student Loans\nand Federal Family Education Loans', 2: '', 3: '', 4: ''}, {0: 'B', 1: 'Federal loan programs: Federal Perkins,\nFederal Stafford Subsidized and\nUnsubsidized. Include both Federal Direct\nStudent Loans and Federal Family\nEducation Loans', 2: '', 3: '', 4: ''}, {0: 'C', 1: 'Institutional loan programs', 2: '', 3: '', 4: ''}, {0: 'D', 1: 'State loan programs', 2: '', 3: '', 4: ''}, {0: 'E', 1: 'Private student loans made by a bank or\nlender', 2: '', 3: '', 4: ''}]]","<table> <tr> <td> </td> <td> Source/Type of Loan </td> <td> Number in the <br/> class (defined in <br/> H4 above) who <br/> borrowed from <br/> the types of <br/> loans specified <br/> in column the first </td> <td> Percent of the <br/> class (defined <br/> above) who <br/> borrowed from <br/> the types of <br/> loans specified <br/> in column the first <br/> (nearest 1%) </td> <td> Average per￾ <br/> undergraduate￾ <br/> borrower <br/> cumulative <br/> principal <br/> borrowed from the <br/> types of loans <br/> specified first in the <br/> column (nearest </td> </tr> <tr> <td> A </td> <td> Any loan program: Federal Perkins, <br/> Federal Stafford Subsidized and <br/> Unsubsidized, institutional, state, private <br/> loans that your institution is aware of, etc. <br/> Include both Federal Direct Student Loans <br/> and Federal Family Education Loans </td> <td> </td> <td> </td> <td> </td> </tr> <tr> <td> B </td> <td> Federal loan programs: Federal Perkins, <br/> Federal Stafford Subsidized and <br/> Unsubsidized. Include both Federal Direct <br/> Student Loans and Federal Family <br/> Education Loans </td> <td> </td> <td> </td> <td> </td> </tr> <tr> <td> C </td> <td> Institutional loan programs </td> <td> </td> <td> </td> <td> </td> </tr> <tr> <td> D </td> <td> State loan programs </td> <td> </td> <td> </td> <td> </td> </tr> <tr> <td> E </td> <td> Private student loans made by a bank or <br/> lender </td> <td> </td> <td> </td> <td> </td> </tr> </table>",139959,../data/cds-docs/2024-2025/139959.pdf,2024-2025
H,14,H14,Check off criteria used in awarding institutional aid. Check all that apply.,"[[{0: '', 1: 'Non-Need Based', 2: 'Need-Based'}, {0: 'Academics', 1: '☐', 2: '☐'}, {0: 'Alumni affiliation', 1: '☐', 2: '☐'}, {0: 'Art', 1: '☐', 2: '☐'}, {0: 'Athletics', 1: '☐', 2: '☐'}, {0: 'Job skills', 1: '☐', 2: '☐'}, {0: 'ROTC', 1: '☐', 2: 'Not Applicable'}, {0: 'Leadership', 1: '☐', 2: '☐'}, {0: 'Music/drama', 1: '☐', 2: '☐'}, {0: 'Religious affiliation', 1: '☐', 2: '☐'}, {0: 'State/district residency', 1: '☐', 2: '☐'}]]",<table> <tr> <td> </td> <td> Non-Need Based </td> <td> Need-Based </td> </tr> <tr> <td> Academics </td> <td> ☐ </td> <td> ☐ </td> </tr> <tr> <td> Alumni affiliation </td> <td> ☐ </td> <td> ☐ </td> </tr> <tr> <td> Art </td> <td> ☐ </td> <td> ☐ </td> </tr> <tr> <td> Athletics </td> <td> ☐ </td> <td> ☐ </td> </tr> <tr> <td> Job skills </td> <td> ☐ </td> <td> ☐ </td> </tr> <tr> <td> ROTC </td> <td> ☐ </td> <td> Not Applicable </td> </tr> <tr> <td> Leadership </td> <td> ☐ </td> <td> ☐ </td> </tr> <tr> <td> Music/drama </td> <td> ☐ </td> <td> ☐ </td> </tr> <tr> <td> Religious affiliation </td> <td> ☐ </td> <td> ☐ </td> </tr> <tr> <td> State/district residency </td> <td> ☐ </td> <td> ☐ </td> </tr> </table>,139959,../data/cds-docs/2024-2025/139959.pdf,2024-2025
B,1,B1,Institutional Enrollment - Men and Women,"[[{0: '', 1: 'FULL-TIME', 2: 'FULL-TIME', 3: 'FULL-TIME', 4: 'PART-TIME', 5: 'PART-TIME', 6: 'PART-TIME'}, {0: '', 1: 'Men', 2: 'Women', 3: 'Another\nGender', 4: 'Men', 5: 'Women', 6: 'Another\nGender'}, {0: 'Undergraduate Students', 1: '', 2: 'Undergraduate Students', 3: 'Undergraduate Students', 4: 'Undergraduate Students', 5: 'Undergraduate Students', 6: ''}, {0: 'Degree-seeking, first\ufffe\ntime, first-year students', 1: '', 2: '', 3: '', 4: '', 5: '', 6: ''}, {0: 'Other first-year, degree-seeking\nstudents', 1: '', 2: '', 3: '', 4: '', 5: '', 6: ''}, {0: 'All other degree-seeking\nundergraduate students', 1: '', 2: '', 3: '', 4: '', 5: '', 6: ''}, {0: 'Total degree-seeking\nundergraduate students', 1: '', 2: '', 3: '', 4: '', 5: '', 6: ''}, {0: 'All other undergraduates\nenrolled in credit courses', 1: '', 2: '', 3: '', 4: '', 5: '', 6: ''}, {0: 'Total Undergraduate Students', 1: '', 2: '', 3: '', 4: '', 5: '', 6: ''}, {0: 'Graduate Students', 1: '', 2: 'Graduate Students', 3: 'Graduate Students', 4: 'Graduate Students', 5: 'Graduate Students', 6: ''}, {0: 'Degree-seeking, first-time', 1: '', 2: '', 3: '', 4: '', 5: '', 6: ''}, {0: 'All other degree-seeking', 1: '', 2: '', 3: '', 4: '', 5: '', 6: ''}, {0: 'All other graduates enrolled in\ncredit courses', 1: '', 2: '', 3: '', 4: '', 5: '', 6: ''}, {0: 'Total Graduate Students', 1: '', 2: '', 3: '', 4: '', 5: '', 6: ''}, {0: 'Total All Students', 1: '', 2: '', 3: '', 4: '', 5: '', 6: ''}]]","<table> <tr> <td rowspan=""2""> </td> <td colspan=""3""> FULL-TIME </td> <td colspan=""3""> PART-TIME </td> </tr> <tr> <td> Men </td> <td> Women </td> <td> Another <br/> Gender </td> <td> Men </td> <td> Women </td> <td> Another <br/> Gender </td> </tr> <tr> <td> Undergraduate Students </td> <td> </td> <td colspan=""4""> Undergraduate Students </td> <td> </td> </tr> <tr> <td> Degree-seeking, first￾ <br/> time, first-year students </td> <td> </td> <td> </td> <td> </td> <td> </td> <td> </td> <td> </td> </tr> <tr> <td> Other first-year, degree-seeking <br/> students </td> <td> </td> <td> </td> <td> </td> <td> </td> <td> </td> <td> </td> </tr> <tr> <td> All other degree-seeking <br/> undergraduate students </td> <td> </td> <td> </td> <td> </td> <td> </td> <td> </td> <td> </td> </tr> <tr> <td> Total degree-seeking <br/> undergraduate students </td> <td> </td> <td> </td> <td> </td> <td> </td> <td> </td> <td> </td> </tr> <tr> <td> All other undergraduates <br/> enrolled in credit courses </td> <td> </td> <td> </td> <td> </td> <td> </td> <td> </td> <td> </td> </tr> <tr> <td> Total Undergraduate Students </td> <td> </td> <td> </td> <td> </td> <td> </td> <td> </td> <td> </td> </tr> <tr> <td> Graduate Students </td> <td> </td> <td colspan=""4""> Graduate Students </td> <td> </td> </tr> <tr> <td> Degree-seeking, first-time </td> <td> </td> <td> </td> <td> </td> <td> </td> <td> </td> <td> </td> </tr> <tr> <td> All other degree-seeking </td> <td> </td> <td> </td> <td> </td> <td> </td> <td> </td> <td> </td> </tr> <tr> <td> All other graduates enrolled in <br/> credit courses </td> <td> </td> <td> </td> <td> </td> <td> </td> <td> </td> <td> </td> </tr> <tr> <td> Total Graduate Students </td> <td> </td> <td> </td> <td> </td> <td> </td> <td> </td> <td> </td> </tr> <tr> <td> Total All Students </td> <td> </td> <td> </td> <td> </td> <td> </td> <td> </td> <td> </td> </tr> </table>",139959,../data/cds-docs/2023-2024/139959.pdf,2023-2024
B,2,B2,Enrollment by Racial/Ethnic Category,"[[{0: 'Racial/Ethnic Category', 1: 'Degree-seeking\nFirst-time year First', 2: 'Degree-seeking\nUndergraduates\n(include first-time\nfirst-year)', 3: 'Total\nUndergraduates\n(both degree- and\nnon-degree\ufffe\nseeking)'}, {0: 'Nonresidents', 1: '', 2: '', 3: ''}, {0: 'Hispanic/Latino', 1: '', 2: '', 3: ''}, {0: 'Black or African American, non-Hispanic', 1: '', 2: '', 3: ''}, {0: 'White, non-Hispanic', 1: '', 2: '', 3: ''}, {0: 'American Indian or Alaska Native, non\ufffe\nHispanic', 1: '', 2: '', 3: ''}, {0: 'Asian, non-Hispanic', 1: '', 2: '', 3: ''}, {0: 'Native Hawaiian or other Pacific Islander,\nnon-Hispanic', 1: '', 2: '', 3: ''}, {0: 'Two or more races, non-Hispanic', 1: '', 2: '', 3: ''}, {0: 'Race and/or ethnicity unknown', 1: '', 2: '', 3: ''}, {0: 'Total', 1: '', 2: '', 3: ''}]]","<table> <tr> <td> Racial/Ethnic Category </td> <td> Degree-seeking <br/> First-time year First </td> <td> Degree-seeking <br/> Undergraduates <br/> (include first-time <br/> first-year) </td> <td> Total <br/> Undergraduates <br/> (both degree- and <br/> non-degree￾ <br/> seeking) </td> </tr> <tr> <td> Nonresidents </td> <td> </td> <td> </td> <td> </td> </tr> <tr> <td> Hispanic/Latino </td> <td> </td> <td> </td> <td> </td> </tr> <tr> <td> Black or African American, non-Hispanic </td> <td> </td> <td> </td> <td> </td> </tr> <tr> <td> White, non-Hispanic </td> <td> </td> <td> </td> <td> </td> </tr> <tr> <td> American Indian or Alaska Native, non￾ <br/> Hispanic </td> <td> </td> <td> </td> <td> </td> </tr> <tr> <td> Asian, non-Hispanic </td> <td> </td> <td> </td> <td> </td> </tr> <tr> <td> Native Hawaiian or other Pacific Islander, <br/> non-Hispanic </td> <td> </td> <td> </td> <td> </td> </tr> <tr> <td> Two or more races, non-Hispanic </td> <td> </td> <td> </td> <td> </td> </tr> <tr> <td> Race and/or ethnicity unknown </td> <td> </td> <td> </td> <td> </td> </tr> <tr> <td> Total </td> <td> </td> <td> </td> <td> </td> </tr> </table>",139959,../data/cds-docs/2023-2024/139959.pdf,2023-2024
B,3,B3,Persistence,"[[{0: 'AWARD TYPE', 1: '# AWARDED'}, {0: 'Certificate/diploma:', 1: ''}, {0: 'Associate degrees:', 1: ''}, {0: 'Bachelor’s degrees:', 1: ''}, {0: 'Post-bachelor’s certificates:', 1: ''}, {0: 'Master’s degrees:', 1: ''}, {0: 'Post-master’s certificates:', 1: ''}, {0: 'Doctoral degrees –\nresearch/scholarship:', 1: ''}, {0: 'Doctoral degrees – professional\npractice:', 1: ''}, {0: 'Doctoral degrees – other:', 1: ''}]]",<table> <tr> <td> AWARD TYPE </td> <td> # AWARDED </td> </tr> <tr> <td> Certificate/diploma: </td> <td> </td> </tr> <tr> <td> Associate degrees: </td> <td> </td> </tr> <tr> <td> Bachelor’s degrees: </td> <td> </td> </tr> <tr> <td> Post-bachelor’s certificates: </td> <td> </td> </tr> <tr> <td> Master’s degrees: </td> <td> </td> </tr> <tr> <td> Post-master’s certificates: </td> <td> </td> </tr> <tr> <td> Doctoral degrees – <br/> research/scholarship: </td> <td> </td> </tr> <tr> <td> Doctoral degrees – professional <br/> practice: </td> <td> </td> </tr> <tr> <td> Doctoral degrees – other: </td> <td> </td> </tr> </table>,139959,../data/cds-docs/2023-2024/139959.pdf,2023-2024
B,4,B4,-B21: Graduation Rates,"[[{0: '', 1: '', 2: 'Recipients of a\nFederal Grant Pell', 3: 'Recipients of a\nSubsidized\nStafford Loan\nwho did not\nreceive Grant a Pell', 4: 'Students who\ndid not receive\neither a Pell\nGrant or a\nsubsidized\nStafford Loan', 5: '(sum Total of 3\ncolumns left) to the'}, {0: 'A', 1: ""Initial 2017 cohort of first-time, full\ufffe\ntime, bachelor's (or equivalent) degree\ufffe\nseeking undergraduate students"", 2: '', 3: '', 4: '', 5: ''}, {0: 'B', 1: 'Of the initial 2017 cohort, how many did\nnot persist and did not graduate for the\nfollowing reasons:\n• Deceased\n• Permanently Disabled\n• Armed Forces\n• Foreign Aid Service of the Federal Government\n• Official church missions\n• Report Total Allowable Exclusions', 2: '', 3: '', 4: '', 5: ''}, {0: 'C', 1: 'Final 2017 cohort, after adjusting\nfor allowable exclusions', 2: '', 3: '', 4: '', 5: ''}, {0: 'D', 1: 'Of the initial 2017 cohort, how many\ncompleted the program in four years or\nless (by Aug. 31, 2021)', 2: '', 3: '', 4: '', 5: ''}]]","<table> <tr> <td colspan=""2""> </td> <td> Recipients of a <br/> Federal Grant Pell </td> <td> Recipients of a <br/> Subsidized <br/> Stafford Loan <br/> who did not <br/> receive Grant a Pell </td> <td> Students who <br/> did not receive <br/> either a Pell <br/> Grant or a <br/> subsidized <br/> Stafford Loan </td> <td> (sum Total of 3 <br/> columns left) to the </td> </tr> <tr> <td> A </td> <td> Initial 2017 cohort of first-time, full￾ <br/> time, bachelor's (or equivalent) degree￾ <br/> seeking undergraduate students </td> <td> </td> <td> </td> <td> </td> <td> </td> </tr> <tr> <td> B </td> <td> Of the initial 2017 cohort, how many did <br/> not persist and did not graduate for the <br/> following reasons: <br/> • Deceased <br/> • Permanently Disabled <br/> • Armed Forces <br/> • Foreign Aid Service of the Federal Government <br/> • Official church missions <br/> • Report Total Allowable Exclusions </td> <td> </td> <td> </td> <td> </td> <td> </td> </tr> <tr> <td> C </td> <td> Final 2017 cohort, after adjusting <br/> for allowable exclusions </td> <td> </td> <td> </td> <td> </td> <td> </td> </tr> <tr> <td> D </td> <td> Of the initial 2017 cohort, how many <br/> completed the program in four years or <br/> less (by Aug. 31, 2021) </td> <td> </td> <td> </td> <td> </td> <td> </td> </tr> </table>",139959,../data/cds-docs/2023-2024/139959.pdf,2023-2024
C,1,C1,"First-time, first-year students: Provide the number of degree-seeking, first-time, first-year students who","[[{0: 'FIRST-TIME, FIRST-YEAR STUDENT APPLICANTS', 1: 'TOTAL'}, {0: 'Total first-time, first-year men who applied', 1: ''}, {0: 'Total first-time, first-year women who applied', 1: ''}, {0: 'Total first-time, first-year of another gender who applied', 1: ''}], [{0: 'FIRST-TIME, FIRST-YEAR STUDENT ADMITS', 1: 'TOTAL'}, {0: 'Total first-time, first-year men who were admitted', 1: ''}, {0: 'Total first-time, first-year women who were admitted', 1: ''}, {0: 'Total first-time, first-year of another gender who were admitted', 1: ''}], [{0: 'FIRST-TIME, FIRST-YEAR STUDENT ENROLLEES', 1: 'TOTAL'}, {0: 'Total first-time, first-year men who enrolled', 1: ''}, {0: 'Total first-time, first-year women who enrolled', 1: ''}, {0: 'Total first-time, first-year of another gender who enrolled', 1: ''}], [{0: 'FIRST-TIME, FIRST-YEAR STUDENT ENROLLEES BY STATUS', 1: 'TOTAL'}, {0: 'Total full-time, first-time, first-year men who enrolled', 1: ''}, {0: 'Total part-time, first-time, first-year men who enrolled', 1: ''}, {0: 'Total full-time, first-time, first-year women who enrolled', 1: ''}, {0: 'Total part-time, first-time, first-year women who enrolled', 1: ''}, {0: 'Total full-time, first-time, first-year of another gender who enrolled', 1: ''}, {0: 'Total part-time, first-time, first-year of another gender who enrolled', 1: ''}]]","<table> <tr> <td> FIRST-TIME, FIRST-YEAR STUDENT APPLICANTS </td> <td> TOTAL </td> </tr> <tr> <td> Total first-time, first-year men who applied </td> <td> </td> </tr> <tr> <td> Total first-time, first-year women who applied </td> <td> </td> </tr> <tr> <td> Total first-time, first-year of another gender who applied </td> <td> </td> </tr> </table><div class=""separator""></div><table> <tr> <td> FIRST-TIME, FIRST-YEAR STUDENT ADMITS </td> <td> TOTAL </td> </tr> <tr> <td> Total first-time, first-year men who were admitted </td> <td> </td> </tr> <tr> <td> Total first-time, first-year women who were admitted </td> <td> </td> </tr> <tr> <td> Total first-time, first-year of another gender who were admitted </td> <td> </td> </tr> </table><div class=""separator""></div><table> <tr> <td> FIRST-TIME, FIRST-YEAR STUDENT ENROLLEES </td> <td> TOTAL </td> </tr> <tr> <td> Total first-time, first-year men who enrolled </td> <td> </td> </tr> <tr> <td> Total first-time, first-year women who enrolled </td> <td> </td> </tr> <tr> <td> Total first-time, first-year of another gender who enrolled </td> <td> </td> </tr> </table><div class=""separator""></div><table> <tr> <td> FIRST-TIME, FIRST-YEAR STUDENT ENROLLEES BY STATUS </td> <td> TOTAL </td> </tr> <tr> <td> Total full-time, first-time, first-year men who enrolled </td> <td> </td> </tr> <tr> <td> Total part-time, first-time, first-year men who enrolled </td> <td> </td> </tr> <tr> <td> Total full-time, first-time, first-year women who enrolled </td> <td> </td> </tr> <tr> <td> Total part-time, first-time, first-year women who enrolled </td> <td> </td> </tr> <tr> <td> Total full-time, first-time, first-year of another gender who enrolled </td> <td> </td> </tr> <tr> <td> Total part-time, first-time, first-year of another gender who enrolled </td> <td> </td> </tr> </table>",139959,../data/cds-docs/2023-2024/139959.pdf,2023-2024
C,2,C2,"First time, first-year wait-listed students","[[{0: 'WAITING LIST', 1: 'TOTAL'}, {0: 'Number of qualified applicants offered a place on waiting list:', 1: ''}, {0: 'Number accepting a place on the waiting list:', 1: ''}, {0: 'Number of wait-listed students admitted:', 1: ''}]]",<table> <tr> <td> WAITING LIST </td> <td> TOTAL </td> </tr> <tr> <td> Number of qualified applicants offered a place on waiting list: </td> <td> </td> </tr> <tr> <td> Number accepting a place on the waiting list: </td> <td> </td> </tr> <tr> <td> Number of wait-listed students admitted: </td> <td> </td> </tr> </table>,139959,../data/cds-docs/2023-2024/139959.pdf,2023-2024
C,5,C5,Distribution of high school units required and/or recommended. Specify the distribution of academic high,"[[{0: '', 1: 'Units Required', 2: 'Units Recommended'}, {0: 'Total academic units', 1: '', 2: ''}, {0: 'English', 1: '', 2: ''}, {0: 'Mathematics', 1: '', 2: ''}, {0: 'Science', 1: '', 2: ''}, {0: 'Of these, units that must be lab', 1: '', 2: ''}, {0: 'Foreign language', 1: '', 2: ''}, {0: 'Social studies', 1: '', 2: ''}, {0: 'History', 1: '', 2: ''}, {0: 'Academic electives', 1: '', 2: ''}, {0: 'Computer Science', 1: '', 2: ''}, {0: 'Visual/Performing Arts', 1: '', 2: ''}, {0: 'Other (specify)', 1: '', 2: ''}]]","<table> <tr> <td> </td> <td> Units Required </td> <td> Units Recommended </td> </tr> <tr> <td> Total academic units </td> <td> </td> <td> </td> </tr> <tr> <td> English </td> <td> </td> <td> </td> </tr> <tr> <td> Mathematics </td> <td> </td> <td> </td> </tr> <tr> <td> Science </td> <td> </td> <td> </td> </tr> <tr> <td> Of these, units that must be lab </td> <td> </td> <td> </td> </tr> <tr> <td> Foreign language </td> <td> </td> <td> </td> </tr> <tr> <td> Social studies </td> <td> </td> <td> </td> </tr> <tr> <td> History </td> <td> </td> <td> </td> </tr> <tr> <td> Academic electives </td> <td> </td> <td> </td> </tr> <tr> <td> Computer Science </td> <td> </td> <td> </td> </tr> <tr> <td> Visual/Performing Arts </td> <td> </td> <td> </td> </tr> <tr> <td> Other (specify) </td> <td> </td> <td> </td> </tr> </table>",139959,../data/cds-docs/2023-2024/139959.pdf,2023-2024
C,9,C9,"Percent and number of first-time, first-year students enrolled in Fall 2023 who submitted national","[[{0: 'ALL enrolled, degree-seeking, first-time, first-year students\nwho submitted test scores.', 1: 'Percent', 2: 'Number'}, {0: 'Submitting SAT Scores', 1: '', 2: ''}, {0: 'Submitting ACT Scores', 1: '', 2: ''}], [{0: 'Assessment', 1: '25th Percentile\nScore', 2: '50th Percentile\nScore', 3: '75th Percentile\nScore'}, {0: 'SAT Composite', 1: '', 2: '', 3: ''}, {0: 'SAT Evidence-Based\nReading and Writing', 1: '', 2: '', 3: ''}, {0: 'SAT Math', 1: '', 2: '', 3: ''}, {0: 'ACT Composite', 1: '', 2: '', 3: ''}, {0: 'ACT Math', 1: '', 2: '', 3: ''}, {0: 'ACT English', 1: '', 2: '', 3: ''}, {0: 'ACT Writing', 1: '', 2: '', 3: ''}, {0: 'ACT Science', 1: '', 2: '', 3: ''}, {0: 'ACT Reading', 1: '', 2: '', 3: ''}]]","<table> <tr> <td> ALL enrolled, degree-seeking, first-time, first-year students <br/> who submitted test scores. </td> <td> Percent </td> <td> Number </td> </tr> <tr> <td> Submitting SAT Scores </td> <td> </td> <td> </td> </tr> <tr> <td> Submitting ACT Scores </td> <td> </td> <td> </td> </tr> </table><div class=""separator""></div><table> <tr> <td> Assessment </td> <td> 25th Percentile <br/> Score </td> <td> 50th Percentile <br/> Score </td> <td> 75th Percentile <br/> Score </td> </tr> <tr> <td> SAT Composite </td> <td> </td> <td> </td> <td> </td> </tr> <tr> <td> SAT Evidence-Based <br/> Reading and Writing </td> <td> </td> <td> </td> <td> </td> </tr> <tr> <td> SAT Math </td> <td> </td> <td> </td> <td> </td> </tr> <tr> <td> ACT Composite </td> <td> </td> <td> </td> <td> </td> </tr> <tr> <td> ACT Math </td> <td> </td> <td> </td> <td> </td> </tr> <tr> <td> ACT English </td> <td> </td> <td> </td> <td> </td> </tr> <tr> <td> ACT Writing </td> <td> </td> <td> </td> <td> </td> </tr> <tr> <td> ACT Science </td> <td> </td> <td> </td> <td> </td> </tr> <tr> <td> ACT Reading </td> <td> </td> <td> </td> <td> </td> </tr> </table>",139959,../data/cds-docs/2023-2024/139959.pdf,2023-2024
C,11,C11,"Percentage of all enrolled, degree-seeking, first-time, first-year students who had high school","[[{0: 'Score Range', 1: 'Percent\n(Students who\nsubmitted scores)', 2: 'Percent\n(Students who did\nnot submit scores)', 3: 'Percent\n(All enrolled\nstudents)'}, {0: 'Percent who had GPA of 4.0', 1: '', 2: '', 3: ''}, {0: 'Percent who had GPA between 3.75 and 3.99', 1: '', 2: '', 3: ''}, {0: 'Percent who had GPA between 3.50 and 3.74', 1: '', 2: '', 3: ''}, {0: 'Percent who had GPA between 3.25 and 3.49', 1: '', 2: '', 3: ''}, {0: 'Percent who had GPA between 3.00 and 3.24', 1: '', 2: '', 3: ''}, {0: 'Percent who had GPA between 2.50 and 2.99', 1: '', 2: '', 3: ''}, {0: 'Percent who had GPA between 2.0 and 2.49', 1: '', 2: '', 3: ''}, {0: 'Percent who had GPA between 1.0 and 1.99', 1: '', 2: '', 3: ''}, {0: 'Percent who had GPA below 1.0', 1: '', 2: '', 3: ''}, {0: 'Totals should = 100%', 1: '', 2: '', 3: ''}]]",<table> <tr> <td> Score Range </td> <td> Percent <br/> (Students who <br/> submitted scores) </td> <td> Percent <br/> (Students who did <br/> not submit scores) </td> <td> Percent <br/> (All enrolled <br/> students) </td> </tr> <tr> <td> Percent who had GPA of 4.0 </td> <td> </td> <td> </td> <td> </td> </tr> <tr> <td> Percent who had GPA between 3.75 and 3.99 </td> <td> </td> <td> </td> <td> </td> </tr> <tr> <td> Percent who had GPA between 3.50 and 3.74 </td> <td> </td> <td> </td> <td> </td> </tr> <tr> <td> Percent who had GPA between 3.25 and 3.49 </td> <td> </td> <td> </td> <td> </td> </tr> <tr> <td> Percent who had GPA between 3.00 and 3.24 </td> <td> </td> <td> </td> <td> </td> </tr> <tr> <td> Percent who had GPA between 2.50 and 2.99 </td> <td> </td> <td> </td> <td> </td> </tr> <tr> <td> Percent who had GPA between 2.0 and 2.49 </td> <td> </td> <td> </td> <td> </td> </tr> <tr> <td> Percent who had GPA between 1.0 and 1.99 </td> <td> </td> <td> </td> <td> </td> </tr> <tr> <td> Percent who had GPA below 1.0 </td> <td> </td> <td> </td> <td> </td> </tr> <tr> <td> Totals should = 100% </td> <td> </td> <td> </td> <td> </td> </tr> </table>,139959,../data/cds-docs/2023-2024/139959.pdf,2023-2024
C,12,C12,"Average high school GPA of all degree-seeking, first-time, first-year students who","[[{0: '', 1: '%'}, {0: 'Percent Submitting GPA', 1: ''}]]",<table> <tr> <td> </td> <td> % </td> </tr> <tr> <td> Percent Submitting GPA </td> <td> </td> </tr> </table>,139959,../data/cds-docs/2023-2024/139959.pdf,2023-2024
C,14,C14,Application closing date,"[[{0: '', 1: 'Month', 2: 'Day'}, {0: 'Application closing date (fall)', 1: '', 2: ''}, {0: 'Priority Date', 1: '', 2: ''}]]",<table> <tr> <td> </td> <td> Month </td> <td> Day </td> </tr> <tr> <td> Application closing date (fall) </td> <td> </td> <td> </td> </tr> <tr> <td> Priority Date </td> <td> </td> <td> </td> </tr> </table>,139959,../data/cds-docs/2023-2024/139959.pdf,2023-2024
D,2,D2,"Provide the number of students who applied, were admitted, and enrolled as degree-seeking transfer","[[{0: '', 1: 'Applicants', 2: 'Admitted Applicants', 3: 'Enrolled Applicants'}, {0: 'Men', 1: '', 2: '', 3: ''}, {0: 'Women', 1: '', 2: '', 3: ''}, {0: 'Another Gender', 1: '', 2: '', 3: ''}, {0: 'Total', 1: '', 2: '', 3: ''}]]",<table> <tr> <td> </td> <td> Applicants </td> <td> Admitted Applicants </td> <td> Enrolled Applicants </td> </tr> <tr> <td> Men </td> <td> </td> <td> </td> <td> </td> </tr> <tr> <td> Women </td> <td> </td> <td> </td> <td> </td> </tr> <tr> <td> Another Gender </td> <td> </td> <td> </td> <td> </td> </tr> <tr> <td> Total </td> <td> </td> <td> </td> <td> </td> </tr> </table>,139959,../data/cds-docs/2023-2024/139959.pdf,2023-2024
D,5,D5,Indicate all items required of transfer students to apply for admission:,"[[{0: '', 1: 'Required of All', 2: 'Recommended\nof All', 3: 'Recommended\nof Some', 4: 'Required Some of', 5: 'Not Required'}, {0: 'High school transcript', 1: '', 2: '', 3: '', 4: '', 5: ''}, {0: 'College transcript(s)', 1: '', 2: '', 3: '', 4: '', 5: ''}, {0: 'Essay or personal statement', 1: '', 2: '', 3: '', 4: '', 5: ''}, {0: 'Interview', 1: '', 2: '', 3: '', 4: '', 5: ''}, {0: 'Standardized test scores', 1: '', 2: '', 3: '', 4: '', 5: ''}, {0: 'Statement of good standing\nfrom prior institution(s)', 1: '', 2: '', 3: '', 4: '', 5: ''}]]",<table> <tr> <td> </td> <td> Required of All </td> <td> Recommended <br/> of All </td> <td> Recommended <br/> of Some </td> <td> Required Some of </td> <td> Not Required </td> </tr> <tr> <td> High school transcript </td> <td> </td> <td> </td> <td> </td> <td> </td> <td> </td> </tr> <tr> <td> College transcript(s) </td> <td> </td> <td> </td> <td> </td> <td> </td> <td> </td> </tr> <tr> <td> Essay or personal statement </td> <td> </td> <td> </td> <td> </td> <td> </td> <td> </td> </tr> <tr> <td> Interview </td> <td> </td> <td> </td> <td> </td> <td> </td> <td> </td> </tr> <tr> <td> Standardized test scores </td> <td> </td> <td> </td> <td> </td> <td> </td> <td> </td> </tr> <tr> <td> Statement of good standing <br/> from prior institution(s) </td> <td> </td> <td> </td> <td> </td> <td> </td> <td> </td> </tr> </table>,139959,../data/cds-docs/2023-2024/139959.pdf,2023-2024
D,9,D9,"List application priority, closing, notification, and candidate reply dates for transfer students. If applications are","[[{0: '', 1: 'Priority Date\nMonth Day', 2: 'Closing Date\nMonth Day', 3: 'Notification Date\nMonth Day', 4: 'Reply Date\nMonth Day', 5: 'Rolling\nadmission'}, {0: 'Fall', 1: '', 2: '', 3: '', 4: '', 5: ''}, {0: 'Winter', 1: '', 2: '', 3: '', 4: '', 5: ''}, {0: 'Spring', 1: '', 2: '', 3: '', 4: '', 5: ''}, {0: 'Summer', 1: '', 2: '', 3: '', 4: '', 5: ''}]]",<table> <tr> <td> </td> <td> Priority Date <br/> Month Day </td> <td> Closing Date <br/> Month Day </td> <td> Notification Date <br/> Month Day </td> <td> Reply Date <br/> Month Day </td> <td> Rolling <br/> admission </td> </tr> <tr> <td> Fall </td> <td> </td> <td> </td> <td> </td> <td> </td> <td> </td> </tr> <tr> <td> Winter </td> <td> </td> <td> </td> <td> </td> <td> </td> <td> </td> </tr> <tr> <td> Spring </td> <td> </td> <td> </td> <td> </td> <td> </td> <td> </td> </tr> <tr> <td> Summer </td> <td> </td> <td> </td> <td> </td> <td> </td> <td> </td> </tr> </table>,139959,../data/cds-docs/2023-2024/139959.pdf,2023-2024
F,1,F1,"Percentages of first-time, first-year degree-seeking students and degree-seeking","[[{0: '', 1: 'First-time, first\ufffe\nyear students', 2: 'Undergraduates'}, {0: 'Percent who are from out of state (exclude international/nonresident\nfrom the numerator and denominator)', 1: '', 2: ''}, {0: 'Percent of men who join fraternities', 1: '', 2: ''}, {0: 'Percent of women who join sororities', 1: '', 2: ''}, {0: 'Percent who live in college-owned, -operated, or -affiliated housing', 1: '', 2: ''}, {0: 'Percent who live off campus or commute', 1: '', 2: ''}, {0: 'Percent of students age 25 and older', 1: '', 2: ''}, {0: 'Average age of full-time students', 1: '', 2: ''}, {0: 'Average age of all students (full- and part-time)', 1: '', 2: ''}]]","<table> <tr> <td> </td> <td> First-time, first￾ <br/> year students </td> <td> Undergraduates </td> </tr> <tr> <td> Percent who are from out of state (exclude international/nonresident <br/> from the numerator and denominator) </td> <td> </td> <td> </td> </tr> <tr> <td> Percent of men who join fraternities </td> <td> </td> <td> </td> </tr> <tr> <td> Percent of women who join sororities </td> <td> </td> <td> </td> </tr> <tr> <td> Percent who live in college-owned, -operated, or -affiliated housing </td> <td> </td> <td> </td> </tr> <tr> <td> Percent who live off campus or commute </td> <td> </td> <td> </td> </tr> <tr> <td> Percent of students age 25 and older </td> <td> </td> <td> </td> </tr> <tr> <td> Average age of full-time students </td> <td> </td> <td> </td> </tr> <tr> <td> Average age of all students (full- and part-time) </td> <td> </td> <td> </td> </tr> </table>",139959,../data/cds-docs/2023-2024/139959.pdf,2023-2024
G,1,G1,"Undergraduate full-time tuition, required fees, food and housing","[[{0: '', 1: 'FIRST-YEAR', 2: 'UNDERGRADUATES'}, {0: 'PRIVATE INSTITUTION', 1: '', 2: ''}, {0: 'Tuition:', 1: '', 2: ''}, {0: 'PUBLIC INSTITUTION', 1: '', 2: ''}, {0: 'Tuition: In-district:', 1: '', 2: ''}, {0: 'Tuition: In-state (out-of-district):', 1: '', 2: ''}, {0: 'Tuition: Out-of-state:', 1: '', 2: ''}, {0: 'Tuition: Non-resident', 1: '', 2: ''}, {0: 'FOR ALL INSTITUTIONS', 1: '', 2: ''}, {0: 'Required Fees', 1: '', 2: ''}, {0: 'Food and Housing (on-campus):', 1: '', 2: ''}, {0: 'Housing Only (on-campus):', 1: '', 2: ''}, {0: 'Food Only (on-campus meal plan):', 1: '', 2: ''}]]",<table> <tr> <td> </td> <td> FIRST-YEAR </td> <td> UNDERGRADUATES </td> </tr> <tr> <td> PRIVATE INSTITUTION </td> <td> </td> <td> </td> </tr> <tr> <td> Tuition: </td> <td> </td> <td> </td> </tr> <tr> <td> PUBLIC INSTITUTION </td> <td> </td> <td> </td> </tr> <tr> <td> Tuition: In-district: </td> <td> </td> <td> </td> </tr> <tr> <td> Tuition: In-state (out-of-district): </td> <td> </td> <td> </td> </tr> <tr> <td> Tuition: Out-of-state: </td> <td> </td> <td> </td> </tr> <tr> <td> Tuition: Non-resident </td> <td> </td> <td> </td> </tr> <tr> <td> FOR ALL INSTITUTIONS </td> <td> </td> <td> </td> </tr> <tr> <td> Required Fees </td> <td> </td> <td> </td> </tr> <tr> <td> Food and Housing (on-campus): </td> <td> </td> <td> </td> </tr> <tr> <td> Housing Only (on-campus): </td> <td> </td> <td> </td> </tr> <tr> <td> Food Only (on-campus meal plan): </td> <td> </td> <td> </td> </tr> </table>,139959,../data/cds-docs/2023-2024/139959.pdf,2023-2024
G,5,G5,Provide the estimated expenses for a typical full-time undergraduate student:,"[[{0: '', 1: 'Residents', 2: 'Commuters\n(living at home)', 3: 'Commuters\n(not home) living at'}, {0: 'Books and supplies:', 1: '', 2: '', 3: ''}, {0: 'Housing only:', 1: 'Not Applicable Not Applicable\nNot Applicable', 2: 'Not Applicable Not Applicable\nNot Applicable', 3: ''}, {0: 'Food only:', 1: 'Not Applicable Not Applicable\nNot Applicable', 2: '', 3: ''}, {0: 'Food and housing total*', 1: 'Not Applicable', 2: 'Not Applicable', 3: ''}, {0: 'Transportation:', 1: '', 2: '', 3: ''}, {0: 'Other expenses:', 1: '', 2: '', 3: ''}]]","<table> <tr> <td> </td> <td> Residents </td> <td> Commuters <br/> (living at home) </td> <td> Commuters <br/> (not home) living at </td> </tr> <tr> <td> Books and supplies: </td> <td> </td> <td> </td> <td> </td> </tr> <tr> <td> Housing only: </td> <td colspan=""2""> Not Applicable Not Applicable <br/> Not Applicable </td> <td> </td> </tr> <tr> <td> Food only: </td> <td> Not Applicable Not Applicable <br/> Not Applicable </td> <td> </td> <td> </td> </tr> <tr> <td> Food and housing total* </td> <td> Not Applicable </td> <td> Not Applicable </td> <td> </td> </tr> <tr> <td> Transportation: </td> <td> </td> <td> </td> <td> </td> </tr> <tr> <td> Other expenses: </td> <td> </td> <td> </td> <td> </td> </tr> </table>",139959,../data/cds-docs/2023-2024/139959.pdf,2023-2024
H,1,H1,Enter total dollar amounts awarded to enrolled full-time and less than full-time degree-seeking,"[[{0: '', 1: 'Need-based\n(Include non-need\ufffe\nbased aid use to\nmeet need.)', 2: 'Non-need-based\n(Exclude non-need\ufffe\nbased aid use to\nmeet need.)'}, {0: 'Scholarships/Grants', 1: '', 2: ''}, {0: 'Federal', 1: '', 2: ''}, {0: 'State all states, not only the state in which your institution\nis located', 1: '', 2: ''}, {0: 'Institutional: Endowed scholarships, annual gifts and\ntuition funded grants, awarded by the college, excluding\nathletic aid and tuition waivers (which are reported below).', 1: '', 2: ''}, {0: 'Scholarships/grants from external sources (e.g.\nKiwanis, National Merit) not awarded by the college', 1: '', 2: ''}, {0: 'Total Scholarships/Grants', 1: '', 2: ''}, {0: 'Self-Help', 1: '', 2: ''}, {0: 'Student loans from all sources (excluding parent loans)', 1: '', 2: ''}, {0: 'Federal Work-Study', 1: '', 2: 'Not Applicable'}, {0: 'State and other (e.g., institutional) work-study/employment\n(Note: Excludes Federal Work-Study captured above.)', 1: '', 2: ''}, {0: 'Total Self-Help', 1: '', 2: ''}, {0: 'Parent Loans', 1: '', 2: ''}]]","<table> <tr> <td> </td> <td> Need-based <br/> (Include non-need￾ <br/> based aid use to <br/> meet need.) </td> <td> Non-need-based <br/> (Exclude non-need￾ <br/> based aid use to <br/> meet need.) </td> </tr> <tr> <td> Scholarships/Grants </td> <td> </td> <td> </td> </tr> <tr> <td> Federal </td> <td> </td> <td> </td> </tr> <tr> <td> State all states, not only the state in which your institution <br/> is located </td> <td> </td> <td> </td> </tr> <tr> <td> Institutional: Endowed scholarships, annual gifts and <br/> tuition funded grants, awarded by the college, excluding <br/> athletic aid and tuition waivers (which are reported below). </td> <td> </td> <td> </td> </tr> <tr> <td> Scholarships/grants from external sources (e.g. <br/> Kiwanis, National Merit) not awarded by the college </td> <td> </td> <td> </td> </tr> <tr> <td> Total Scholarships/Grants </td> <td> </td> <td> </td> </tr> <tr> <td> Self-Help </td> <td> </td> <td> </td> </tr> <tr> <td> Student loans from all sources (excluding parent loans) </td> <td> </td> <td> </td> </tr> <tr> <td> Federal Work-Study </td> <td> </td> <td> Not Applicable </td> </tr> <tr> <td> State and other (e.g., institutional) work-study/employment <br/> (Note: Excludes Federal Work-Study captured above.) </td> <td> </td> <td> </td> </tr> <tr> <td> Total Self-Help </td> <td> </td> <td> </td> </tr> <tr> <td> Parent Loans </td> <td> </td> <td> </td> </tr> </table>",139959,../data/cds-docs/2023-2024/139959.pdf,2023-2024
H,2,H2,Number of Enrolled Students Awarded Aid: List the number of degree-seeking full-time and less-than-full-,"[[{0: '', 1: '', 2: 'Full-time\nFirst-time\nFirst-year', 3: 'Full-time\nUndergrad\n(Incl. Fresh)', 4: 'Less Full-time Than\nUndergrad'}, {0: 'A', 1: 'Number of degree-seeking undergraduate students (CDS Item\nB1 if reporting on Fall 2023 cohort)', 2: '', 3: '', 4: ''}, {0: 'B', 1: 'Number of students in line a who applied for need-based\nfinancial aid', 2: '', 3: '', 4: ''}, {0: 'C', 1: 'Number of students in line b who were determined to have\nfinancial need', 2: '', 3: '', 4: ''}, {0: 'D', 1: 'Number of students in line c who were awarded any financial aid', 2: '', 3: '', 4: ''}, {0: 'E', 1: 'Number of students in line d who were awarded any need-based\nscholarship or grant aid', 2: '', 3: '', 4: ''}, {0: 'F', 1: 'Number of students in line d who were awarded any need-based\nself-help aid', 2: '', 3: '', 4: ''}, {0: 'G', 1: 'Number of students in line d who were awarded any non-need\ufffe\nbased scholarship or grant aid', 2: '', 3: '', 4: ''}, {0: 'H', 1: 'Number of students in line d whose need was fully met (exclude\nPLUS loans, unsubsidized loans, and private alternative loans)', 2: '', 3: '', 4: ''}, {0: 'I', 1: 'On average, the percentage of need that was met of students\nwho were awarded any need-based aid. Exclude any aid that\nwas awarded in excess of need as well as any resources that\nwere awarded to replace EFC (PLUS loans, unsubsidized loans,\nand private alternative loans)', 2: '', 3: '', 4: ''}, {0: 'J', 1: 'The average financial aid package of those in line d. Exclude\nany resources that were awarded to replace EFC (PLUS loans,\nunsubsidized loans, and private alternative loans)', 2: '', 3: '', 4: ''}, {0: 'K', 1: 'Average need-based scholarship or grant award of those in line\ne', 2: '', 3: '', 4: ''}, {0: 'L', 1: 'Average need-based self-help award (excluding PLUS loans,\nunsubsidized loans, and private alternative loans) of those in line\nf', 2: '', 3: '', 4: ''}], [{0: '', 1: '', 2: 'Full-time\nFirst-time\nFirst-year', 3: 'Full-time\nUndergrad\nFresh) (Incl.', 4: 'Less Full-time Than\nUndergrad'}, {0: 'N', 1: 'Number of students in line a who had no financial need and who\nwere awarded institutional non-need-based scholarship or grant\naid (exclude those who were awarded athletic awards and tuition\nbenefits)', 2: '', 3: '', 4: ''}, {0: 'O', 1: 'Average dollar amount of institutional non-need-based\nscholarship and grant aid awarded to students in line n', 2: '', 3: '', 4: ''}, {0: 'P', 1: 'Number of students in line a who were awarded an institutional\nnon-need-based athletic scholarship or grant', 2: '', 3: '', 4: ''}, {0: 'Q', 1: 'Average dollar amount of institutional non-need-based athletic\nscholarships and grants awarded to students in line p', 2: '', 3: '', 4: ''}]]","<table> <tr> <td> </td> <td> </td> <td> Full-time <br/> First-time <br/> First-year </td> <td> Full-time <br/> Undergrad <br/> (Incl. Fresh) </td> <td> Less Full-time Than <br/> Undergrad </td> </tr> <tr> <td> A </td> <td> Number of degree-seeking undergraduate students (CDS Item <br/> B1 if reporting on Fall 2023 cohort) </td> <td> </td> <td> </td> <td> </td> </tr> <tr> <td> B </td> <td> Number of students in line a who applied for need-based <br/> financial aid </td> <td> </td> <td> </td> <td> </td> </tr> <tr> <td> C </td> <td> Number of students in line b who were determined to have <br/> financial need </td> <td> </td> <td> </td> <td> </td> </tr> <tr> <td> D </td> <td> Number of students in line c who were awarded any financial aid </td> <td> </td> <td> </td> <td> </td> </tr> <tr> <td> E </td> <td> Number of students in line d who were awarded any need-based <br/> scholarship or grant aid </td> <td> </td> <td> </td> <td> </td> </tr> <tr> <td> F </td> <td> Number of students in line d who were awarded any need-based <br/> self-help aid </td> <td> </td> <td> </td> <td> </td> </tr> <tr> <td> G </td> <td> Number of students in line d who were awarded any non-need￾ <br/> based scholarship or grant aid </td> <td> </td> <td> </td> <td> </td> </tr> <tr> <td> H </td> <td> Number of students in line d whose need was fully met (exclude <br/> PLUS loans, unsubsidized loans, and private alternative loans) </td> <td> </td> <td> </td> <td> </td> </tr> <tr> <td> I </td> <td> On average, the percentage of need that was met of students <br/> who were awarded any need-based aid. Exclude any aid that <br/> was awarded in excess of need as well as any resources that <br/> were awarded to replace EFC (PLUS loans, unsubsidized loans, <br/> and private alternative loans) </td> <td> </td> <td> </td> <td> </td> </tr> <tr> <td> J </td> <td> The average financial aid package of those in line d. Exclude <br/> any resources that were awarded to replace EFC (PLUS loans, <br/> unsubsidized loans, and private alternative loans) </td> <td> </td> <td> </td> <td> </td> </tr> <tr> <td> K </td> <td> Average need-based scholarship or grant award of those in line <br/> e </td> <td> </td> <td> </td> <td> </td> </tr> <tr> <td> L </td> <td> Average need-based self-help award (excluding PLUS loans, <br/> unsubsidized loans, and private alternative loans) of those in line <br/> f </td> <td> </td> <td> </td> <td> </td> </tr> </table><div class=""separator""></div><table> <tr> <td> </td> <td> </td> <td> Full-time <br/> First-time <br/> First-year </td> <td> Full-time <br/> Undergrad <br/> Fresh) (Incl. </td> <td> Less Full-time Than <br/> Undergrad </td> </tr> <tr> <td> N </td> <td> Number of students in line a who had no financial need and who <br/> were awarded institutional non-need-based scholarship or grant <br/> aid (exclude those who were awarded athletic awards and tuition <br/> benefits) </td> <td> </td> <td> </td> <td> </td> </tr> <tr> <td> O </td> <td> Average dollar amount of institutional non-need-based <br/> scholarship and grant aid awarded to students in line n </td> <td> </td> <td> </td> <td> </td> </tr> <tr> <td> P </td> <td> Number of students in line a who were awarded an institutional <br/> non-need-based athletic scholarship or grant </td> <td> </td> <td> </td> <td> </td> </tr> <tr> <td> Q </td> <td> Average dollar amount of institutional non-need-based athletic <br/> scholarships and grants awarded to students in line p </td> <td> </td> <td> </td> <td> </td> </tr> </table>",139959,../data/cds-docs/2023-2024/139959.pdf,2023-2024
H,5,H5,"Number and percent of students in class (defined in H4 above) borrowing from federal, non-federal,","[[{0: '', 1: 'Source/Type of Loan', 2: 'Number in the\nclass (defined in\nH4 above) who\nborrowed from\nthe types of\nloans specified\nin column the first', 3: 'Percent of the\nclass (defined\nabove) who\nborrowed from\nthe types of\nloans specified\nin column the first\n(nearest 1%)', 4: 'Average per\ufffe\nundergraduate\ufffe\nborrower\ncumulative\nprincipal\nborrowed from the\ntypes of loans\nspecified first in the\ncolumn (nearest'}, {0: 'A', 1: 'Any loan program: Federal Perkins,\nFederal Stafford Subsidized and\nUnsubsidized, institutional, state, private\nloans that your institution is aware of, etc.\nInclude both Federal Direct Student Loans\nand Federal Family Education Loans', 2: '', 3: '', 4: ''}, {0: 'B', 1: 'Federal loan programs: Federal Perkins,\nFederal Stafford Subsidized and\nUnsubsidized. Include both Federal Direct\nStudent Loans and Federal Family\nEducation Loans', 2: '', 3: '', 4: ''}, {0: 'C', 1: 'Institutional loan programs', 2: '', 3: '', 4: ''}, {0: 'D', 1: 'State loan programs', 2: '', 3: '', 4: ''}, {0: 'E', 1: 'Private student loans made by a bank or\nlender', 2: '', 3: '', 4: ''}]]","<table> <tr> <td> </td> <td> Source/Type of Loan </td> <td> Number in the <br/> class (defined in <br/> H4 above) who <br/> borrowed from <br/> the types of <br/> loans specified <br/> in column the first </td> <td> Percent of the <br/> class (defined <br/> above) who <br/> borrowed from <br/> the types of <br/> loans specified <br/> in column the first <br/> (nearest 1%) </td> <td> Average per￾ <br/> undergraduate￾ <br/> borrower <br/> cumulative <br/> principal <br/> borrowed from the <br/> types of loans <br/> specified first in the <br/> column (nearest </td> </tr> <tr> <td> A </td> <td> Any loan program: Federal Perkins, <br/> Federal Stafford Subsidized and <br/> Unsubsidized, institutional, state, private <br/> loans that your institution is aware of, etc. <br/> Include both Federal Direct Student Loans <br/> and Federal Family Education Loans </td> <td> </td> <td> </td> <td> </td> </tr> <tr> <td> B </td> <td> Federal loan programs: Federal Perkins, <br/> Federal Stafford Subsidized and <br/> Unsubsidized. Include both Federal Direct <br/> Student Loans and Federal Family <br/> Education Loans </td> <td> </td> <td> </td> <td> </td> </tr> <tr> <td> C </td> <td> Institutional loan programs </td> <td> </td> <td> </td> <td> </td> </tr> <tr> <td> D </td> <td> State loan programs </td> <td> </td> <td> </td> <td> </td> </tr> <tr> <td> E </td> <td> Private student loans made by a bank or <br/> lender </td> <td> </td> <td> </td> <td> </td> </tr> </table>",139959,../data/cds-docs/2023-2024/139959.pdf,2023-2024
H,14,H14,Check off criteria used in awarding institutional aid. Check all that apply.,"[[{0: '', 1: 'Non-Need Based', 2: 'Need-Based'}, {0: 'Academics', 1: '☐', 2: '☐'}, {0: 'Alumni affiliation', 1: '☐', 2: '☐'}, {0: 'Art', 1: '☐', 2: '☐'}, {0: 'Athletics', 1: '☐', 2: '☐'}, {0: 'Job skills', 1: '☐', 2: '☐'}, {0: 'ROTC', 1: '☐', 2: 'Not Applicable'}, {0: 'Leadership', 1: '☐', 2: '☐'}, {0: 'Minority status', 1: '☐', 2: '☐'}, {0: 'Music/drama', 1: '☐', 2: '☐'}, {0: 'Religious affiliation', 1: '☐', 2: '☐'}, {0: 'State/district residency', 1: '☐', 2: '☐'}]]",<table> <tr> <td> </td> <td> Non-Need Based </td> <td> Need-Based </td> </tr> <tr> <td> Academics </td> <td> ☐ </td> <td> ☐ </td> </tr> <tr> <td> Alumni affiliation </td> <td> ☐ </td> <td> ☐ </td> </tr> <tr> <td> Art </td> <td> ☐ </td> <td> ☐ </td> </tr> <tr> <td> Athletics </td> <td> ☐ </td> <td> ☐ </td> </tr> <tr> <td> Job skills </td> <td> ☐ </td> <td> ☐ </td> </tr> <tr> <td> ROTC </td> <td> ☐ </td> <td> Not Applicable </td> </tr> <tr> <td> Leadership </td> <td> ☐ </td> <td> ☐ </td> </tr> <tr> <td> Minority status </td> <td> ☐ </td> <td> ☐ </td> </tr> <tr> <td> Music/drama </td> <td> ☐ </td> <td> ☐ </td> </tr> <tr> <td> Religious affiliation </td> <td> ☐ </td> <td> ☐ </td> </tr> <tr> <td> State/district residency </td> <td> ☐ </td> <td> ☐ </td> </tr> </table>,139959,../data/cds-docs/2023-2024/139959.pdf,2023-2024
B,2,B2,Enrollment by Racial/Ethnic Category.,"[[{0: '', 1: 'Degree-Seeking\nFirst-Time\nFirst Year', 2: 'Degree-Seeking\nUndergraduates\n(include first-time\nfirst-year)', 3: 'Total\nUndergradua\ntes (both'}, {0: 'Nonresidents', 1: '51', 2: '315', 3: '367'}, {0: 'Hispanic/Latino', 1: '425', 2: '2,237', 3: '2,244'}, {0: 'Black or African American, non-Hispanic', 1: '340', 2: '1,906', 3: '1,910'}, {0: 'White, non-Hispanic', 1: '4,196', 2: '20,694', 3: '20,793'}, {0: 'American Indian or Alaska Native, non-Hispanic', 1: '3', 2: '19', 3: '19'}, {0: 'Asian, non-Hispanic', 1: '889', 2: '3,700', 3: '3,711'}, {0: 'Native Hawaiian or other Pacific Islander, non-Hispa', 1: '4', 2: '17', 3: '17'}, {0: 'Two or more races, non-Hispanic', 1: '254', 2: '1,284', 3: '1,286'}, {0: 'Race and/or ethnicity unknown', 1: '88', 2: '367', 3: '367'}, {0: 'TOTAL', 1: '6,250', 2: '30,539', 3: '30,714'}]]","<table> <tr> <td> </td> <td> Degree-Seeking <br/> First-Time <br/> First Year </td> <td> Degree-Seeking <br/> Undergraduates <br/> (include first-time <br/> first-year) </td> <td> Total <br/> Undergradua <br/> tes (both </td> </tr> <tr> <td> Nonresidents </td> <td> 51 </td> <td> 315 </td> <td> 367 </td> </tr> <tr> <td> Hispanic/Latino </td> <td> 425 </td> <td> 2,237 </td> <td> 2,244 </td> </tr> <tr> <td> Black or African American, non-Hispanic </td> <td> 340 </td> <td> 1,906 </td> <td> 1,910 </td> </tr> <tr> <td> White, non-Hispanic </td> <td> 4,196 </td> <td> 20,694 </td> <td> 20,793 </td> </tr> <tr> <td> American Indian or Alaska Native, non-Hispanic </td> <td> 3 </td> <td> 19 </td> <td> 19 </td> </tr> <tr> <td> Asian, non-Hispanic </td> <td> 889 </td> <td> 3,700 </td> <td> 3,711 </td> </tr> <tr> <td> Native Hawaiian or other Pacific Islander, non-Hispa </td> <td> 4 </td> <td> 17 </td> <td> 17 </td> </tr> <tr> <td> Two or more races, non-Hispanic </td> <td> 254 </td> <td> 1,284 </td> <td> 1,286 </td> </tr> <tr> <td> Race and/or ethnicity unknown </td> <td> 88 </td> <td> 367 </td> <td> 367 </td> </tr> <tr> <td> TOTAL </td> <td> 6,250 </td> <td> 30,539 </td> <td> 30,714 </td> </tr> </table>",139959,../data/cds-docs/2022-2023/139959.pdf,2022-2023
B,4,B4,-B21: Graduation Rates,"[[{0: '', 1: 'Recipients of\na Federal Pell\nGrant', 2: 'Recipients of a\nSubsidized\nStafford Loan\nwho did not\nreceive a Pell\nGrant', 3: 'Students who did\nnot receive either\na Pell Grant or a\nsubsidized\nStafford Loan', 4: '(sum Total of 3\ncolumns the left) to'}, {0: ""Initial 2016 cohort of first-time, full-time,\nbachelor's (or equivalent) degree\ufffe\nseeking undergraduate students"", 1: '1098', 2: '493', 3: '3810', 4: '5401'}, {0: 'Of the initial 2016 cohort, how many did\nnot persist and did not graduate for the\nfollowing reasons:\n• Deceased\n• Permanently Disabled\n• Armed Forces\n• Foreign Aid Service of the Federal\nGovernment\n• Official church missions\n• Report Total Allowable Exclusions', 1: '', 2: '', 3: '', 4: ''}, {0: 'Final 2016 cohort, after adjusting for\nallowable exclusions', 1: '1098', 2: '493', 3: '3810', 4: '5401'}, {0: 'Of the initial 2015 cohort, how many\ncompleted the program in four years or\nless (by Aug. 31, 2020)', 1: '689', 2: '333', 3: '2839', 4: '3861'}, {0: 'Of the initial 2016 cohort, how many\ncompleted the program in more than four\nyears but in five years or less (after Aug.\n31, 2020 and by Aug. 31, 2021)', 1: '186', 2: '83', 3: '528', 4: '797'}]]","<table> <tr> <td> </td> <td> Recipients of <br/> a Federal Pell <br/> Grant </td> <td> Recipients of a <br/> Subsidized <br/> Stafford Loan <br/> who did not <br/> receive a Pell <br/> Grant </td> <td> Students who did <br/> not receive either <br/> a Pell Grant or a <br/> subsidized <br/> Stafford Loan </td> <td> (sum Total of 3 <br/> columns the left) to </td> </tr> <tr> <td> Initial 2016 cohort of first-time, full-time, <br/> bachelor's (or equivalent) degree￾ <br/> seeking undergraduate students </td> <td> 1098 </td> <td> 493 </td> <td> 3810 </td> <td> 5401 </td> </tr> <tr> <td> Of the initial 2016 cohort, how many did <br/> not persist and did not graduate for the <br/> following reasons: <br/> • Deceased <br/> • Permanently Disabled <br/> • Armed Forces <br/> • Foreign Aid Service of the Federal <br/> Government <br/> • Official church missions <br/> • Report Total Allowable Exclusions </td> <td> </td> <td> </td> <td> </td> <td> </td> </tr> <tr> <td> Final 2016 cohort, after adjusting for <br/> allowable exclusions </td> <td> 1098 </td> <td> 493 </td> <td> 3810 </td> <td> 5401 </td> </tr> <tr> <td> Of the initial 2015 cohort, how many <br/> completed the program in four years or <br/> less (by Aug. 31, 2020) </td> <td> 689 </td> <td> 333 </td> <td> 2839 </td> <td> 3861 </td> </tr> <tr> <td> Of the initial 2016 cohort, how many <br/> completed the program in more than four <br/> years but in five years or less (after Aug. <br/> 31, 2020 and by Aug. 31, 2021) </td> <td> 186 </td> <td> 83 </td> <td> 528 </td> <td> 797 </td> </tr> </table>",139959,../data/cds-docs/2022-2023/139959.pdf,2022-2023
B,12,B12,"Initial cohort, total of first-time, full-time degree/certificate-seeking students:","[[{0: '', 1: '2019 Cohort2018'}, {0: 'Initial cohort, total of first-time, full-time degree/certificate-seeking students:', 1: ''}]]","<table> <tr> <td> </td> <td> 2019 Cohort2018 </td> </tr> <tr> <td> Initial cohort, total of first-time, full-time degree/certificate-seeking students: </td> <td> </td> </tr> </table>",139959,../data/cds-docs/2022-2023/139959.pdf,2022-2023
B,13,B13,"Of the initial cohort, how many did not persist and did not graduate for the following reasons:","[[{0: 'Of the initial cohort, how many did not persist and did not graduate for the following reasons:\n• • Death Permanently Disability\n• Service in the armed forces,\n• Foreign aid service of the federal government\n• Official church missions\n• Report total allowable exclusions', 1: '', 2: ''}, {0: 'Final cohort, after adjusting for allowable exclusions:', 1: '0', 2: '0'}, {0: 'Completers of programs of less than two years duration (total):', 1: '', 2: ''}, {0: 'Completers of programs of less than two years within 150 percent of normal time:', 1: '', 2: ''}, {0: 'Completers of programs of at least two but less than four years (total):', 1: '', 2: ''}, {0: 'Completers of programs of at least two but less than four-years within 150 percent of normal\ntime:', 1: '', 2: ''}, {0: 'Total transfers-out (within three years) to other institutions:', 1: '', 2: ''}, {0: 'Total transfers to two-year institutions:', 1: '', 2: ''}, {0: 'Total transfers to four-year institutions:', 1: '', 2: ''}]]","<table> <tr> <td> Of the initial cohort, how many did not persist and did not graduate for the following reasons: <br/> • • Death Permanently Disability <br/> • Service in the armed forces, <br/> • Foreign aid service of the federal government <br/> • Official church missions <br/> • Report total allowable exclusions </td> <td> </td> <td> </td> </tr> <tr> <td> Final cohort, after adjusting for allowable exclusions: </td> <td> 0 </td> <td> 0 </td> </tr> <tr> <td> Completers of programs of less than two years duration (total): </td> <td> </td> <td> </td> </tr> <tr> <td> Completers of programs of less than two years within 150 percent of normal time: </td> <td> </td> <td> </td> </tr> <tr> <td> Completers of programs of at least two but less than four years (total): </td> <td> </td> <td> </td> </tr> <tr> <td> Completers of programs of at least two but less than four-years within 150 percent of normal <br/> time: </td> <td> </td> <td> </td> </tr> <tr> <td> Total transfers-out (within three years) to other institutions: </td> <td> </td> <td> </td> </tr> <tr> <td> Total transfers to two-year institutions: </td> <td> </td> <td> </td> </tr> <tr> <td> Total transfers to four-year institutions: </td> <td> </td> <td> </td> </tr> </table>",139959,../data/cds-docs/2022-2023/139959.pdf,2022-2023
C,1,C1,"First-time, first-year students: Provide the number of degree-seeking, first-time, first-year students who","[[{0: 'Total first-time, first-year men who applied', 1: '16242'}, {0: 'Total first-time, first-year women who applied', 1: '23112'}], [{0: 'Total first-time, first-year men who were admitted', 1: '6149'}, {0: 'Total first-time, first-year women who were admitted', 1: '10581'}], [{0: 'Total full-time, first-time, first-year men who enrolled', 1: '2355'}, {0: 'Total part-time, first-time, first-year men who enrolled', 1: '7'}], [{0: 'Total full-time, first-time, first-year women who enrolled', 1: '3895'}, {0: 'Total part-time, first-time, first-year women who enrolled', 1: '16'}]]","<table> <tr> <td> Total first-time, first-year men who applied </td> <td> 16242 </td> </tr> <tr> <td> Total first-time, first-year women who applied </td> <td> 23112 </td> </tr> </table><div class=""separator""></div><table> <tr> <td> Total first-time, first-year men who were admitted </td> <td> 6149 </td> </tr> <tr> <td> Total first-time, first-year women who were admitted </td> <td> 10581 </td> </tr> </table><div class=""separator""></div><table> <tr> <td> Total full-time, first-time, first-year men who enrolled </td> <td> 2355 </td> </tr> <tr> <td> Total part-time, first-time, first-year men who enrolled </td> <td> 7 </td> </tr> </table><div class=""separator""></div><table> <tr> <td> Total full-time, first-time, first-year women who enrolled </td> <td> 3895 </td> </tr> <tr> <td> Total part-time, first-time, first-year women who enrolled </td> <td> 16 </td> </tr> </table>",139959,../data/cds-docs/2022-2023/139959.pdf,2022-2023
C,2,C2,"First-time, first-year wait-listed students","[[{0: 'WAITING LIST', 1: 'TOTAL'}, {0: 'Number of qualified applicants offered a place on waiting list:', 1: '3,022'}, {0: 'Number accepting a place on the waiting list:', 1: '1,543'}, {0: 'Number of wait-listed students admitted:', 1: '34'}]]","<table> <tr> <td> WAITING LIST </td> <td> TOTAL </td> </tr> <tr> <td> Number of qualified applicants offered a place on waiting list: </td> <td> 3,022 </td> </tr> <tr> <td> Number accepting a place on the waiting list: </td> <td> 1,543 </td> </tr> <tr> <td> Number of wait-listed students admitted: </td> <td> 34 </td> </tr> </table>",139959,../data/cds-docs/2022-2023/139959.pdf,2022-2023
C,7,C7,"Relative importance of each of the following academic and nonacademic factors in your first-time,","[[{0: 'Very Important Important Considered Not Considered', 1: 'Very Important Important Considered Not Considered', 2: 'Very Important Important Considered Not Considered', 3: 'Very Important Important Considered Not Considered', 4: 'Very Important Important Considered Not Considered'}, {0: 'Academic', 1: 'Academic', 2: 'Academic', 3: 'Academic', 4: 'Academic'}, {0: 'Rigor of secondary school record', 1: 'X', 2: '', 3: '', 4: ''}, {0: 'Class rank', 1: '', 2: '', 3: '', 4: 'X'}, {0: 'Academic GPA', 1: 'X', 2: '', 3: '', 4: ''}, {0: 'Standardized test scores', 1: '', 2: 'X', 3: '', 4: ''}, {0: 'Application Essay', 1: '', 2: '', 3: 'X', 4: ''}, {0: 'Recommendation(s)', 1: '', 2: '', 3: 'X', 4: ''}, {0: 'Nonacademic', 1: 'Nonacademic', 2: 'Nonacademic', 3: 'Nonacademic', 4: 'Nonacademic'}, {0: 'Interview', 1: '', 2: '', 3: '', 4: 'X'}, {0: 'Extracurricular activities', 1: '', 2: '', 3: 'X', 4: ''}, {0: 'Talent/ability', 1: '', 2: '', 3: 'X', 4: ''}, {0: 'Character/personal qualities', 1: '', 2: '', 3: 'X', 4: ''}, {0: 'First generation', 1: '', 2: '', 3: 'X', 4: ''}, {0: 'Alumni/ae relation', 1: '', 2: '', 3: '', 4: 'X'}, {0: 'Geographical residence', 1: '', 2: '', 3: '', 4: 'X'}, {0: 'State residency', 1: '', 2: '', 3: '', 4: 'X'}, {0: 'Religious affiliation/commitment', 1: '', 2: '', 3: '', 4: 'X'}, {0: 'Racial/ethnic status', 1: '', 2: '', 3: '', 4: 'X'}, {0: 'Volunteer work', 1: '', 2: '', 3: 'X', 4: ''}, {0: 'Work experience', 1: '', 2: '', 3: 'X', 4: ''}, {0: 'Level of applicant’s interest', 1: '', 2: '', 3: '', 4: 'X'}]]","<table> <tr> <td colspan=""5""> Very Important Important Considered Not Considered </td> </tr> <tr> <td colspan=""5""> Academic </td> </tr> <tr> <td> Rigor of secondary school record </td> <td> X </td> <td> </td> <td> </td> <td> </td> </tr> <tr> <td> Class rank </td> <td> </td> <td> </td> <td> </td> <td> X </td> </tr> <tr> <td> Academic GPA </td> <td> X </td> <td> </td> <td> </td> <td> </td> </tr> <tr> <td> Standardized test scores </td> <td> </td> <td> X </td> <td> </td> <td> </td> </tr> <tr> <td> Application Essay </td> <td> </td> <td> </td> <td> X </td> <td> </td> </tr> <tr> <td> Recommendation(s) </td> <td> </td> <td> </td> <td> X </td> <td> </td> </tr> <tr> <td colspan=""5""> Nonacademic </td> </tr> <tr> <td> Interview </td> <td> </td> <td> </td> <td> </td> <td> X </td> </tr> <tr> <td> Extracurricular activities </td> <td> </td> <td> </td> <td> X </td> <td> </td> </tr> <tr> <td> Talent/ability </td> <td> </td> <td> </td> <td> X </td> <td> </td> </tr> <tr> <td> Character/personal qualities </td> <td> </td> <td> </td> <td> X </td> <td> </td> </tr> <tr> <td> First generation </td> <td> </td> <td> </td> <td> X </td> <td> </td> </tr> <tr> <td> Alumni/ae relation </td> <td> </td> <td> </td> <td> </td> <td> X </td> </tr> <tr> <td> Geographical residence </td> <td> </td> <td> </td> <td> </td> <td> X </td> </tr> <tr> <td> State residency </td> <td> </td> <td> </td> <td> </td> <td> X </td> </tr> <tr> <td> Religious affiliation/commitment </td> <td> </td> <td> </td> <td> </td> <td> X </td> </tr> <tr> <td> Racial/ethnic status </td> <td> </td> <td> </td> <td> </td> <td> X </td> </tr> <tr> <td> Volunteer work </td> <td> </td> <td> </td> <td> X </td> <td> </td> </tr> <tr> <td> Work experience </td> <td> </td> <td> </td> <td> X </td> <td> </td> </tr> <tr> <td> Level of applicant’s interest </td> <td> </td> <td> </td> <td> </td> <td> X </td> </tr> </table>",139959,../data/cds-docs/2022-2023/139959.pdf,2022-2023
C,8,C8,: SAT and ACT Policies,"[[{0: 'Yes', 1: 'No'}, {0: 'X', 1: ''}], [{0: '', 1: 'ADMISSION', 2: 'ADMISSION', 3: 'ADMISSION', 4: 'ADMISSION', 5: 'ADMISSION'}, {0: '', 1: 'Require', 2: 'Recommend', 3: 'Require for Some', 4: 'Consider if\nSubmitted', 5: 'Considered Not'}, {0: 'SAT or ACT', 1: 'X', 2: '', 3: '', 4: '', 5: ''}, {0: 'ACT Only', 1: '', 2: '', 3: '', 4: '', 5: ''}, {0: 'SAT Only', 1: '', 2: '', 3: '', 4: '', 5: ''}]]","<table> <tr> <td> Yes </td> <td> No </td> </tr> <tr> <td> X </td> <td> </td> </tr> </table><div class=""separator""></div><table> <tr> <td rowspan=""2""> </td> <td colspan=""5""> ADMISSION </td> </tr> <tr> <td> Require </td> <td> Recommend </td> <td> Require for Some </td> <td> Consider if <br/> Submitted </td> <td> Considered Not </td> </tr> <tr> <td> SAT or ACT </td> <td> X </td> <td> </td> <td> </td> <td> </td> <td> </td> </tr> <tr> <td> ACT Only </td> <td> </td> <td> </td> <td> </td> <td> </td> <td> </td> </tr> <tr> <td> SAT Only </td> <td> </td> <td> </td> <td> </td> <td> </td> <td> </td> </tr> </table>",139959,../data/cds-docs/2022-2023/139959.pdf,2022-2023
C,9,C9,"Percent and number of first-time, first-year students enrolled in Fall 2022 who submitted national","[[{0: '68%', 1: '4270'}, {0: '48%', 1: '3024'}]]",<table> <tr> <td> 68% </td> <td> 4270 </td> </tr> <tr> <td> 48% </td> <td> 3024 </td> </tr> </table>,139959,../data/cds-docs/2022-2023/139959.pdf,2022-2023
C,10,C10,"Percent of all degree-seeking, first-time, first-year students who had high school class rank within","[[{0: 'Assessment', 1: 'Percent'}, {0: 'Percent in top tenth of high school graduating class', 1: '65.18%'}, {0: 'Percent in top quarter of high school graduating class', 1: '92.78%'}, {0: 'Percent in top half of high school graduating class', 1: '98.30%'}, {0: 'Percent in bottom half of high school graduating class', 1: '1.70%'}, {0: 'Percent in bottom quarter of high school graduating class', 1: '0.21%'}, {0: 'Percent of total first-time, first-year students who submitted high school\nclass rank:', 1: '8.12%'}]]","<table> <tr> <td> Assessment </td> <td> Percent </td> </tr> <tr> <td> Percent in top tenth of high school graduating class </td> <td> 65.18% </td> </tr> <tr> <td> Percent in top quarter of high school graduating class </td> <td> 92.78% </td> </tr> <tr> <td> Percent in top half of high school graduating class </td> <td> 98.30% </td> </tr> <tr> <td> Percent in bottom half of high school graduating class </td> <td> 1.70% </td> </tr> <tr> <td> Percent in bottom quarter of high school graduating class </td> <td> 0.21% </td> </tr> <tr> <td> Percent of total first-time, first-year students who submitted high school <br/> class rank: </td> <td> 8.12% </td> </tr> </table>",139959,../data/cds-docs/2022-2023/139959.pdf,2022-2023
C,11,C11,"Percentage of all enrolled, degree-seeking, first-time, first-year students who had high school grade-","[[{0: 'Score Range', 1: 'Percent'}, {0: 'Percent who had GPA of 4.0', 1: '80.10%'}, {0: 'Percent who had GPA between 3.75 and 3.99', 1: '16.46%'}, {0: 'Percent who had GPA between 3.50 and 3.74', 1: '2.60%'}, {0: 'Percent who had GPA between 3.25 and 3.49', 1: '0.32%'}, {0: 'Percent who had GPA between 3.00 and 3.24', 1: '0.18%'}, {0: 'Percent who had GPA between 2.50 and 2.99', 1: '0.27%'}]]",<table> <tr> <td> Score Range </td> <td> Percent </td> </tr> <tr> <td> Percent who had GPA of 4.0 </td> <td> 80.10% </td> </tr> <tr> <td> Percent who had GPA between 3.75 and 3.99 </td> <td> 16.46% </td> </tr> <tr> <td> Percent who had GPA between 3.50 and 3.74 </td> <td> 2.60% </td> </tr> <tr> <td> Percent who had GPA between 3.25 and 3.49 </td> <td> 0.32% </td> </tr> <tr> <td> Percent who had GPA between 3.00 and 3.24 </td> <td> 0.18% </td> </tr> <tr> <td> Percent who had GPA between 2.50 and 2.99 </td> <td> 0.27% </td> </tr> </table>,139959,../data/cds-docs/2022-2023/139959.pdf,2022-2023
C,14,C14,Application closing date,"[[{0: '', 1: 'Date'}, {0: 'Application closing date (fall)', 1: '1/1'}, {0: 'Priority Date', 1: '10/15'}]]",<table> <tr> <td> </td> <td> Date </td> </tr> <tr> <td> Application closing date (fall) </td> <td> 1/1 </td> </tr> <tr> <td> Priority Date </td> <td> 10/15 </td> </tr> </table>,139959,../data/cds-docs/2022-2023/139959.pdf,2022-2023
D,2,D2,"Provide the number of students who applied, were admitted, and enrolled as degree-seeking transfer","[[{0: '', 1: 'Applicants', 2: 'Admitted', 3: 'Enrolled'}, {0: 'Men', 1: '1,574', 2: '1,170', 3: '853'}, {0: 'Women', 1: '1,422', 2: '1,075', 3: '761'}, {0: 'Another Gender', 1: '7', 2: '3', 3: '1'}, {0: 'Total', 1: '3,003', 2: '2,248', 3: '1,615'}]]","<table> <tr> <td> </td> <td> Applicants </td> <td> Admitted </td> <td> Enrolled </td> </tr> <tr> <td> Men </td> <td> 1,574 </td> <td> 1,170 </td> <td> 853 </td> </tr> <tr> <td> Women </td> <td> 1,422 </td> <td> 1,075 </td> <td> 761 </td> </tr> <tr> <td> Another Gender </td> <td> 7 </td> <td> 3 </td> <td> 1 </td> </tr> <tr> <td> Total </td> <td> 3,003 </td> <td> 2,248 </td> <td> 1,615 </td> </tr> </table>",139959,../data/cds-docs/2022-2023/139959.pdf,2022-2023
D,9,D9,Fall 4/1 X,"[[{0: '', 1: 'Priority Date', 2: 'Closing Date', 3: 'Notification Date', 4: 'Reply Date', 5: 'Rolling\nAdmission'}, {0: 'Fall', 1: '', 2: '4/1', 3: '', 4: '', 5: 'X'}, {0: 'Winter', 1: '', 2: '', 3: '', 4: '', 5: ''}, {0: 'Spring', 1: '', 2: '9/1', 3: '', 4: '', 5: 'X'}, {0: 'Summer', 1: '', 2: '3/1', 3: '', 4: '', 5: 'X'}]]",<table> <tr> <td> </td> <td> Priority Date </td> <td> Closing Date </td> <td> Notification Date </td> <td> Reply Date </td> <td> Rolling <br/> Admission </td> </tr> <tr> <td> Fall </td> <td> </td> <td> 4/1 </td> <td> </td> <td> </td> <td> X </td> </tr> <tr> <td> Winter </td> <td> </td> <td> </td> <td> </td> <td> </td> <td> </td> </tr> <tr> <td> Spring </td> <td> </td> <td> 9/1 </td> <td> </td> <td> </td> <td> X </td> </tr> <tr> <td> Summer </td> <td> </td> <td> 3/1 </td> <td> </td> <td> </td> <td> X </td> </tr> </table>,139959,../data/cds-docs/2022-2023/139959.pdf,2022-2023
D,18,D18,Does your institution accept the following military/veteran transfer credits:,"[[{0: 'X', 1: ''}, {0: '', 1: 'X'}, {0: '', 1: 'X'}]]",<table> <tr> <td> X </td> <td> </td> </tr> <tr> <td> </td> <td> X </td> </tr> <tr> <td> </td> <td> X </td> </tr> </table>,139959,../data/cds-docs/2022-2023/139959.pdf,2022-2023
F,1,F1,"Percentages of first-time, first-year degree-seeking students and degree-seeking","[[{0: '', 1: 'First-time, first\ufffe\nyear students', 2: 'Undergraduate\ns'}, {0: 'Percent who are from out of state (exclude\ninternational/nonresidents from the numerator and\ndenominator)', 1: '25%', 2: '15%'}, {0: 'Percent of men who join fraternities', 1: '', 2: '23%'}, {0: 'Percent of women who join sororities', 1: '', 2: '36%'}, {0: 'Percent who live in college-owned, -operated, or -\naffiliated housing', 1: '98%', 2: '35%'}, {0: 'Percent who live off campus or commute', 1: '2%', 2: '65%'}, {0: 'Percent of students age 25 and older', 1: '0%', 2: '2%'}, {0: 'Average age of full-time students', 1: '18', 2: '20'}, {0: 'Average age of all students (full- and part-time)', 1: '18', 2: '20'}]]","<table> <tr> <td> </td> <td> First-time, first￾ <br/> year students </td> <td> Undergraduate <br/> s </td> </tr> <tr> <td> Percent who are from out of state (exclude <br/> international/nonresidents from the numerator and <br/> denominator) </td> <td> 25% </td> <td> 15% </td> </tr> <tr> <td> Percent of men who join fraternities </td> <td> </td> <td> 23% </td> </tr> <tr> <td> Percent of women who join sororities </td> <td> </td> <td> 36% </td> </tr> <tr> <td> Percent who live in college-owned, -operated, or - <br/> affiliated housing </td> <td> 98% </td> <td> 35% </td> </tr> <tr> <td> Percent who live off campus or commute </td> <td> 2% </td> <td> 65% </td> </tr> <tr> <td> Percent of students age 25 and older </td> <td> 0% </td> <td> 2% </td> </tr> <tr> <td> Average age of full-time students </td> <td> 18 </td> <td> 20 </td> </tr> <tr> <td> Average age of all students (full- and part-time) </td> <td> 18 </td> <td> 20 </td> </tr> </table>",139959,../data/cds-docs/2022-2023/139959.pdf,2022-2023
F,3,F3,ROTC (program offered in cooperation with Reserve Officers' Training Corps),"[[{0: '', 1: 'Marine Option\n(for Naval ROTC)', 2: 'On Campus', 3: 'At Cooperating Institution', 4: 'Name of\nCooperating'}, {0: 'Army ROTC is offered:', 1: '', 2: 'X', 3: '', 4: ''}, {0: 'Naval ROTC is offered:', 1: '', 2: '', 3: '', 4: ''}, {0: 'Air Force ROTC is offered:', 1: '', 2: 'X', 3: '', 4: ''}]]",<table> <tr> <td> </td> <td> Marine Option <br/> (for Naval ROTC) </td> <td> On Campus </td> <td> At Cooperating Institution </td> <td> Name of <br/> Cooperating </td> </tr> <tr> <td> Army ROTC is offered: </td> <td> </td> <td> X </td> <td> </td> <td> </td> </tr> <tr> <td> Naval ROTC is offered: </td> <td> </td> <td> </td> <td> </td> <td> </td> </tr> <tr> <td> Air Force ROTC is offered: </td> <td> </td> <td> X </td> <td> </td> <td> </td> </tr> </table>,139959,../data/cds-docs/2022-2023/139959.pdf,2022-2023
G,1,G1,First-Year Undergraduates,"[[{0: '', 1: 'First-Year', 2: 'Undergraduates'}, {0: 'PRIVATE INSTITUTIONS', 1: '', 2: ''}, {0: 'Tuition:', 1: '', 2: ''}, {0: 'PUBLIC INSTITUTIONS', 1: '', 2: ''}, {0: 'Tuition: In-district', 1: '$9,790', 2: '$9,790'}, {0: 'Tuition: In-state (out-of-district):', 1: '', 2: ''}, {0: 'Tuition: Out-of-state:', 1: '$28,830', 2: '$28,830'}, {0: 'Tuition: Non-resident', 1: '', 2: ''}, {0: 'FOR ALL INSTITUTIONS', 1: 'FOR ALL INSTITUTIONS', 2: 'FOR ALL INSTITUTIONS'}, {0: 'Required Fees', 1: '$1,390', 2: '$1,390'}, {0: 'Room and Board (on-campus):', 1: '$11,246', 2: '$11,246'}, {0: 'Room Only (on-campus):', 1: '$6,988', 2: '$6,988'}, {0: 'Board Only (on-campus meal plan):', 1: '$4,258', 2: '$4,258'}]]","<table> <tr> <td> </td> <td> First-Year </td> <td> Undergraduates </td> </tr> <tr> <td> PRIVATE INSTITUTIONS </td> <td> </td> <td> </td> </tr> <tr> <td> Tuition: </td> <td> </td> <td> </td> </tr> <tr> <td> PUBLIC INSTITUTIONS </td> <td> </td> <td> </td> </tr> <tr> <td> Tuition: In-district </td> <td> $9,790 </td> <td> $9,790 </td> </tr> <tr> <td> Tuition: In-state (out-of-district): </td> <td> </td> <td> </td> </tr> <tr> <td> Tuition: Out-of-state: </td> <td> $28,830 </td> <td> $28,830 </td> </tr> <tr> <td> Tuition: Non-resident </td> <td> </td> <td> </td> </tr> <tr> <td colspan=""3""> FOR ALL INSTITUTIONS </td> </tr> <tr> <td> Required Fees </td> <td> $1,390 </td> <td> $1,390 </td> </tr> <tr> <td> Room and Board (on-campus): </td> <td> $11,246 </td> <td> $11,246 </td> </tr> <tr> <td> Room Only (on-campus): </td> <td> $6,988 </td> <td> $6,988 </td> </tr> <tr> <td> Board Only (on-campus meal plan): </td> <td> $4,258 </td> <td> $4,258 </td> </tr> </table>",139959,../data/cds-docs/2022-2023/139959.pdf,2022-2023
G,3,G3,"Do tuition and fees vary by year of study (e.g., sophomore,","[[{0: '', 1: 'X'}, {0: 'X', 1: ''}]]",<table> <tr> <td> </td> <td> X </td> </tr> <tr> <td> X </td> <td> </td> </tr> </table>,139959,../data/cds-docs/2022-2023/139959.pdf,2022-2023
G,5,G5,Provide the estimated expenses for a typical full-time undergraduate student:,"[[{0: '', 1: 'Residents', 2: 'Commuters', 3: 'Commuters'}, {0: 'Books and supplies:', 1: '$1,002', 2: '$1,002', 3: '$1,002'}, {0: 'Room only:', 1: '', 2: '', 3: '$5,640'}, {0: 'Board only:', 1: '', 2: '$4,258', 3: '$4,258'}, {0: 'Room and board total*', 1: '', 2: '', 3: ''}, {0: 'Transportation:', 1: '$1,430', 2: '$1,430', 3: '$1,430'}, {0: 'Other expenses:', 1: '$3,284', 2: '$4,204', 3: '$4,204'}]]","<table> <tr> <td> </td> <td> Residents </td> <td> Commuters </td> <td> Commuters </td> </tr> <tr> <td> Books and supplies: </td> <td> $1,002 </td> <td> $1,002 </td> <td> $1,002 </td> </tr> <tr> <td> Room only: </td> <td> </td> <td> </td> <td> $5,640 </td> </tr> <tr> <td> Board only: </td> <td> </td> <td> $4,258 </td> <td> $4,258 </td> </tr> <tr> <td> Room and board total* </td> <td> </td> <td> </td> <td> </td> </tr> <tr> <td> Transportation: </td> <td> $1,430 </td> <td> $1,430 </td> <td> $1,430 </td> </tr> <tr> <td> Other expenses: </td> <td> $3,284 </td> <td> $4,204 </td> <td> $4,204 </td> </tr> </table>",139959,../data/cds-docs/2022-2023/139959.pdf,2022-2023
H,2,H2,Number of Enrolled Students Awarded Aid: List the number of degree-seeking full-time and less-than-full-time,"[[{0: '', 1: '', 2: 'Full-time\nFirst-time\nFirst-year', 3: 'Full-time Undergrad\n(Incl. Fresh)', 4: 'Less Full-time Than\nUndergrad'}, {0: 'A', 1: 'Number of degree-seeking undergraduate students\n(CDS Item B1 if reporting on Fall 2022 cohort)', 2: '6260', 3: '28874', 4: '1902'}, {0: 'B', 1: 'Number of students in line a who applied for need\ufffe\nbased financial aid', 2: '5278', 3: '20156', 4: '1114'}, {0: 'C', 1: 'Number of students in line b who were determined to', 2: '2134', 3: '9933', 4: '705'}, {0: 'D', 1: 'Number of students in line c who were awarded any', 2: '2048', 3: '9673', 4: '657'}, {0: 'E', 1: 'Number of students in line d who were awarded any', 2: '1947', 3: '9158', 4: '580'}, {0: 'F', 1: 'Number of students in line d who were awarded any', 2: '661', 3: '3494', 4: '288'}, {0: 'G', 1: 'Number of students in line d who were awarded any', 2: '530', 3: '2028', 4: '72'}, {0: 'H', 1: 'Number of students in line d whose need was fully met', 2: '637', 3: '2621', 4: '97'}, {0: 'I', 1: 'On average, the percentage of need that was met of', 2: '78.4%', 3: '75.7%', 4: '60.7%'}, {0: 'J', 1: 'The average financial aid package of those in line d.', 2: '$ 14,282', 3: '$ 13,449', 4: '$ 8,622'}, {0: 'K', 1: 'Average need-based scholarship and grant award of\nthose in line e', 2: '$ 11,478', 3: '$ 10,659', 4: '$ 6,600'}, {0: 'L', 1: 'Average need-based self-help award (excluding PLUS\nloans, unsubsidized loans, and private alternative loans)', 2: '$ 3,582', 3: '$ 4,339', 4: '$ 4,039'}, {0: 'L', 1: 'of those in line f', 2: '$ 3,582', 3: '$ 4,339', 4: '$ 4,039'}, {0: 'M', 1: 'Average need-based loan (excluding PLUS loans,', 2: '$ 3,353', 3: '$ 4,193', 4: '$ 3,986'}]]","<table> <tr> <td> </td> <td> </td> <td> Full-time <br/> First-time <br/> First-year </td> <td> Full-time Undergrad <br/> (Incl. Fresh) </td> <td> Less Full-time Than <br/> Undergrad </td> </tr> <tr> <td> A </td> <td> Number of degree-seeking undergraduate students <br/> (CDS Item B1 if reporting on Fall 2022 cohort) </td> <td> 6260 </td> <td> 28874 </td> <td> 1902 </td> </tr> <tr> <td> B </td> <td> Number of students in line a who applied for need￾ <br/> based financial aid </td> <td> 5278 </td> <td> 20156 </td> <td> 1114 </td> </tr> <tr> <td> C </td> <td> Number of students in line b who were determined to </td> <td> 2134 </td> <td> 9933 </td> <td> 705 </td> </tr> <tr> <td> D </td> <td> Number of students in line c who were awarded any </td> <td> 2048 </td> <td> 9673 </td> <td> 657 </td> </tr> <tr> <td> E </td> <td> Number of students in line d who were awarded any </td> <td> 1947 </td> <td> 9158 </td> <td> 580 </td> </tr> <tr> <td> F </td> <td> Number of students in line d who were awarded any </td> <td> 661 </td> <td> 3494 </td> <td> 288 </td> </tr> <tr> <td> G </td> <td> Number of students in line d who were awarded any </td> <td> 530 </td> <td> 2028 </td> <td> 72 </td> </tr> <tr> <td> H </td> <td> Number of students in line d whose need was fully met </td> <td> 637 </td> <td> 2621 </td> <td> 97 </td> </tr> <tr> <td> I </td> <td> On average, the percentage of need that was met of </td> <td> 78.4% </td> <td> 75.7% </td> <td> 60.7% </td> </tr> <tr> <td> J </td> <td> The average financial aid package of those in line d. </td> <td> $ 14,282 </td> <td> $ 13,449 </td> <td> $ 8,622 </td> </tr> <tr> <td> K </td> <td> Average need-based scholarship and grant award of <br/> those in line e </td> <td> $ 11,478 </td> <td> $ 10,659 </td> <td> $ 6,600 </td> </tr> <tr> <td rowspan=""2""> L </td> <td> Average need-based self-help award (excluding PLUS <br/> loans, unsubsidized loans, and private alternative loans) </td> <td rowspan=""2""> $ 3,582 </td> <td rowspan=""2""> $ 4,339 </td> <td rowspan=""2""> $ 4,039 </td> </tr> <tr> <td> of those in line f </td> </tr> <tr> <td> M </td> <td> Average need-based loan (excluding PLUS loans, </td> <td> $ 3,353 </td> <td> $ 4,193 </td> <td> $ 3,986 </td> </tr> </table>",139959,../data/cds-docs/2022-2023/139959.pdf,2022-2023
H,5,H5,"Number and percent of students in class (defined in H4 above) borrowing from federal, non-federal, and any","[[{0: 'Source/Type of Loan', 1: 'Source/Type of Loan', 2: 'Number in the\nclass (defined\nin H4 above)\nwho borrowed\nfrom the types\nof loans\nspecified in the\nfirst column', 3: 'Percent of the class\n(defined above) who\nborrowed from the types\nof loans specified in the\nfirst column (nearest 1%)', 4: 'Average per\ufffe\nundergraduate\ufffe\nborrower\ncumulative\nprincipal\nborrowed from\nthe types of\nloans specified\nin column the first\n(nearest $1)'}, {0: 'A', 1: 'Any loan program: Federal Perkins, Federal Stafford\nSubsidized and Unsubsidized, institutional, state,\nprivate loans that your institution is aware of, etc.\nInclude both Federal Direct Student Loans and Federal\nFamily Education Loans.', 2: '1,964', 3: '36.00%', 4: '$22,532'}, {0: 'B', 1: 'Federal loan programs: Federal Perkins, Federal\nStafford Subsidized and Unsubsidized. Include both\nFederal Direct Student Loans and Federal Family\nEducation Loans.', 2: '1,912', 3: '35.00%', 4: '$19,011'}, {0: 'C', 1: 'Institutional loan programs.', 2: '0', 3: '0.00%', 4: '$0'}]]","<table> <tr> <td colspan=""2""> Source/Type of Loan </td> <td> Number in the <br/> class (defined <br/> in H4 above) <br/> who borrowed <br/> from the types <br/> of loans <br/> specified in the <br/> first column </td> <td> Percent of the class <br/> (defined above) who <br/> borrowed from the types <br/> of loans specified in the <br/> first column (nearest 1%) </td> <td> Average per￾ <br/> undergraduate￾ <br/> borrower <br/> cumulative <br/> principal <br/> borrowed from <br/> the types of <br/> loans specified <br/> in column the first <br/> (nearest $1) </td> </tr> <tr> <td> A </td> <td> Any loan program: Federal Perkins, Federal Stafford <br/> Subsidized and Unsubsidized, institutional, state, <br/> private loans that your institution is aware of, etc. <br/> Include both Federal Direct Student Loans and Federal <br/> Family Education Loans. </td> <td> 1,964 </td> <td> 36.00% </td> <td> $22,532 </td> </tr> <tr> <td> B </td> <td> Federal loan programs: Federal Perkins, Federal <br/> Stafford Subsidized and Unsubsidized. Include both <br/> Federal Direct Student Loans and Federal Family <br/> Education Loans. </td> <td> 1,912 </td> <td> 35.00% </td> <td> $19,011 </td> </tr> <tr> <td> C </td> <td> Institutional loan programs. </td> <td> 0 </td> <td> 0.00% </td> <td> $0 </td> </tr> </table>",139959,../data/cds-docs/2022-2023/139959.pdf,2022-2023
H,11,H11,Indicate reply dates:,"[[{0: 'Students must reply by (date):', 1: ''}, {0: 'or within ___2____ weeks of notification.', 1: 'X'}]]",<table> <tr> <td> Students must reply by (date): </td> <td> </td> </tr> <tr> <td> or within ___2____ weeks of notification. </td> <td> X </td> </tr> </table>,139959,../data/cds-docs/2022-2023/139959.pdf,2022-2023
H,14,H14,Check off criteria used in awarding institutional aid. Check all that apply.,"[[{0: '', 1: 'Non-Need Based', 2: 'Need-Based'}, {0: 'Academics', 1: 'X', 2: ''}, {0: 'Alumni affiliation', 1: '', 2: ''}, {0: 'Art', 1: '', 2: ''}, {0: 'Athletics', 1: 'X', 2: ''}, {0: 'Job skills', 1: '', 2: ''}, {0: 'ROTC', 1: 'X', 2: ''}, {0: 'Leadership', 1: '', 2: ''}, {0: 'Minority status', 1: '', 2: ''}, {0: 'Music/drama', 1: '', 2: ''}, {0: 'Religious affiliation', 1: '', 2: ''}, {0: 'State/district residency', 1: 'X', 2: ''}]]",<table> <tr> <td> </td> <td> Non-Need Based </td> <td> Need-Based </td> </tr> <tr> <td> Academics </td> <td> X </td> <td> </td> </tr> <tr> <td> Alumni affiliation </td> <td> </td> <td> </td> </tr> <tr> <td> Art </td> <td> </td> <td> </td> </tr> <tr> <td> Athletics </td> <td> X </td> <td> </td> </tr> <tr> <td> Job skills </td> <td> </td> <td> </td> </tr> <tr> <td> ROTC </td> <td> X </td> <td> </td> </tr> <tr> <td> Leadership </td> <td> </td> <td> </td> </tr> <tr> <td> Minority status </td> <td> </td> <td> </td> </tr> <tr> <td> Music/drama </td> <td> </td> <td> </td> </tr> <tr> <td> Religious affiliation </td> <td> </td> <td> </td> </tr> <tr> <td> State/district residency </td> <td> X </td> <td> </td> </tr> </table>,139959,../data/cds-docs/2022-2023/139959.pdf,2022-2023
J,1,J1,"Degrees conferred between July 1, 2021 and June 30, 2022","[[{0: 'Category', 1: 'Category', 2: 'Category', 3: 'Diploma/Certificates', 4: 'Associate', 5: 'Bachelor’s', 6: 'CIP 2020 Categories\nto Include'}, {0: 'Agriculture', 1: 'Agriculture', 2: 'Agriculture', 3: '0.92%', 4: '', 5: '2.79%', 6: '01'}, {0: 'Natural resources and conservation', 1: 'Natural resources and conservation', 2: 'Natural resources and conservation', 3: '1.37%', 4: '', 5: '0.85%', 6: '03'}, {0: 'Architecture', 1: 'Architecture', 2: 'Architecture', 3: '', 4: '', 5: '0.51%', 6: '04'}, {0: 'Area, ethnic, and gender studies', 1: 'Area, ethnic, and gender studies', 2: 'Area, ethnic, and gender studies', 3: '3.20%', 4: '', 5: '0.28%', 6: '05'}, {0: 'Communication/journalism', 1: 'Communication/journalism', 2: 'Communication/journalism', 3: '17.48%', 4: '', 5: '7.73%', 6: '09'}, {0: 'Communication technologies', 1: 'Communication technologies', 2: 'Communication technologies', 3: '', 4: '', 5: '', 6: '10'}, {0: 'Computer and information sciences', 1: 'Computer and information sciences', 2: 'Computer and information sciences', 3: '4.48%', 4: '', 5: '3.32%', 6: '11'}, {0: 'Personal and culinary services', 1: 'Personal and culinary services', 2: 'Personal and culinary services', 3: '', 4: '', 5: '', 6: '12'}, {0: 'Education', 1: 'Education', 2: 'Education', 3: '2.38%', 4: '', 5: '3.15%', 6: '13'}, {0: '', 1: 'Engineering', 2: 'Engineering', 3: '', 4: '', 5: '4.87%', 6: '14'}, {0: '', 1: 'Engineering technologies', 2: 'Engineering technologies', 3: '', 4: '', 5: '', 6: '15'}, {0: 'Foreign languages, literatures, and linguistics', 1: 'Foreign languages, literatures, and linguistics', 2: 'Foreign languages, literatures, and linguistics', 3: '', 4: '', 5: '1.56%', 6: '16'}, {0: 'Family and consumer sciences', 1: 'Family and consumer sciences', 2: 'Family and consumer sciences', 3: '', 4: '', 5: '3.95%', 6: '19'}, {0: 'Law/legal studies', 1: 'Law/legal studies', 2: 'Law/legal studies', 3: '17.66%', 4: '', 5: '', 6: '22'}, {0: 'English', 1: 'English', 2: 'English', 3: '1.46%', 4: '', 5: '1.12%', 6: '23'}, {0: 'Liberal arts/general studies', 1: 'Liberal arts/general studies', 2: 'Liberal arts/general studies', 3: '0.09%', 4: '', 5: '0.08%', 6: '24'}, {0: 'Library science', 1: 'Library science', 2: 'Library science', 3: '', 4: '', 5: '', 6: '25'}, {0: '', 1: '', 2: 'sciences', 3: '', 4: '', 5: '9.93%', 6: '26'}, {0: 'Mathematics and statistics', 1: 'Mathematics and statistics', 2: 'Mathematics and statistics', 3: '', 4: '', 5: '1.17%', 6: '27'}, {0: 'Military science and military technologies', 1: 'Military science and military technologies', 2: 'Military science and military technologies', 3: '', 4: '', 5: '', 6: '28 & 29'}, {0: 'Interdisciplinary studies', 1: 'Interdisciplinary studies', 2: 'Interdisciplinary studies', 3: '11.89%', 4: '', 5: '2.63%', 6: '30'}, {0: 'Parks and recreation', 1: 'Parks and recreation', 2: 'Parks and recreation', 3: '', 4: '', 5: '3.32%', 6: '31'}, {0: 'Philosophy and religious studies', 1: 'Philosophy and religious studies', 2: 'Philosophy and religious studies', 3: '', 4: '', 5: '0.66%', 6: '38'}, {0: 'Theology and religious vocations', 1: 'Theology and religious vocations', 2: 'Theology and religious vocations', 3: '', 4: '', 5: '', 6: '39'}, {0: 'Physical sciences', 1: 'Physical sciences', 2: 'Physical sciences', 3: '', 4: '', 5: '1.12%', 6: '40'}, {0: 'Science technologies', 1: 'Science technologies', 2: 'Science technologies', 3: '', 4: '', 5: '', 6: '41'}, {0: 'Psychology', 1: 'Psychology', 2: 'Psychology', 3: '', 4: '', 5: '6.61%', 6: '42'}, {0: 'Homeland Security, law enforcement, firefighting,', 1: 'Homeland Security, law enforcement, firefighting,', 2: 'Homeland Security, law enforcement, firefighting,', 3: '', 4: '', 5: '0.76%', 6: '43'}, {0: 'Public administration and social services', 1: 'Public administration and social services', 2: 'Public administration and social services', 3: '0.09%', 4: '', 5: '0.52%', 6: '44'}, {0: 'Social sciences', 1: 'Social sciences', 2: 'Social sciences', 3: '4.21%', 4: '', 5: '7.84%', 6: '45'}, {0: 'Construction trades', 1: 'Construction trades', 2: 'Construction trades', 3: '', 4: '', 5: '', 6: '46'}, {0: 'Mechanic and repair technologies', 1: 'Mechanic and repair technologies', 2: 'Mechanic and repair technologies', 3: '', 4: '', 5: '', 6: '47'}, {0: 'Precision production', 1: 'Precision production', 2: 'Precision production', 3: '', 4: '', 5: '', 6: '48'}, {0: 'Transportation and materials moving', 1: 'Transportation and materials moving', 2: 'Transportation and materials moving', 3: '', 4: '', 5: '', 6: '49'}, {0: 'Visual and performing arts', 1: 'Visual and performing arts', 2: 'Visual and performing arts', 3: '7.05%', 4: '', 5: '2.45%', 6: '50'}, {0: 'Health professions and related programs', 1: 'Health professions and related programs', 2: 'Health professions and related programs', 3: '0.73%', 4: '', 5: '3.09%', 6: '51'}, {0: 'Business/marketing', 1: 'Business/marketing', 2: 'Business/marketing', 3: '26.99%', 4: '', 5: '29.08%', 6: '52'}, {0: 'History', 1: 'History', 2: 'History', 3: '', 4: '', 5: '0.61%', 6: '54'}, {0: 'Other', 1: 'Other', 2: 'Other', 3: '', 4: '', 5: '', 6: ''}, {0: 'TOTAL (should = 100%)', 1: 'TOTAL (should = 100%)', 2: 'TOTAL (should = 100%)', 3: '100.00%', 4: '0.00%', 5: '100.00%', 6: ''}]]","<table> <tr> <td colspan=""3""> Category </td> <td> Diploma/Certificates </td> <td> Associate </td> <td> Bachelor’s </td> <td> CIP 2020 Categories <br/> to Include </td> </tr> <tr> <td colspan=""3""> Agriculture </td> <td> 0.92% </td> <td> </td> <td> 2.79% </td> <td> 01 </td> </tr> <tr> <td colspan=""3""> Natural resources and conservation </td> <td> 1.37% </td> <td> </td> <td> 0.85% </td> <td> 03 </td> </tr> <tr> <td colspan=""3""> Architecture </td> <td> </td> <td> </td> <td> 0.51% </td> <td> 04 </td> </tr> <tr> <td colspan=""3""> Area, ethnic, and gender studies </td> <td> 3.20% </td> <td> </td> <td> 0.28% </td> <td> 05 </td> </tr> <tr> <td colspan=""3""> Communication/journalism </td> <td> 17.48% </td> <td> </td> <td> 7.73% </td> <td> 09 </td> </tr> <tr> <td colspan=""3""> Communication technologies </td> <td> </td> <td> </td> <td> </td> <td> 10 </td> </tr> <tr> <td colspan=""3""> Computer and information sciences </td> <td> 4.48% </td> <td> </td> <td> 3.32% </td> <td> 11 </td> </tr> <tr> <td colspan=""3""> Personal and culinary services </td> <td> </td> <td> </td> <td> </td> <td> 12 </td> </tr> <tr> <td colspan=""3""> Education </td> <td> 2.38% </td> <td> </td> <td> 3.15% </td> <td> 13 </td> </tr> <tr> <td> </td> <td colspan=""2""> Engineering </td> <td> </td> <td> </td> <td> 4.87% </td> <td> 14 </td> </tr> <tr> <td> </td> <td colspan=""2""> Engineering technologies </td> <td> </td> <td> </td> <td> </td> <td> 15 </td> </tr> <tr> <td colspan=""3""> Foreign languages, literatures, and linguistics </td> <td> </td> <td> </td> <td> 1.56% </td> <td> 16 </td> </tr> <tr> <td colspan=""3""> Family and consumer sciences </td> <td> </td> <td> </td> <td> 3.95% </td> <td> 19 </td> </tr> <tr> <td colspan=""3""> Law/legal studies </td> <td> 17.66% </td> <td> </td> <td> </td> <td> 22 </td> </tr> <tr> <td colspan=""3""> English </td> <td> 1.46% </td> <td> </td> <td> 1.12% </td> <td> 23 </td> </tr> <tr> <td colspan=""3""> Liberal arts/general studies </td> <td> 0.09% </td> <td> </td> <td> 0.08% </td> <td> 24 </td> </tr> <tr> <td colspan=""3""> Library science </td> <td> </td> <td> </td> <td> </td> <td> 25 </td> </tr> <tr> <td colspan=""2""> </td> <td> sciences </td> <td> </td> <td> </td> <td> 9.93% </td> <td> 26 </td> </tr> <tr> <td colspan=""3""> Mathematics and statistics </td> <td> </td> <td> </td> <td> 1.17% </td> <td> 27 </td> </tr> <tr> <td colspan=""3""> Military science and military technologies </td> <td> </td> <td> </td> <td> </td> <td> 28 &amp; 29 </td> </tr> <tr> <td colspan=""3""> Interdisciplinary studies </td> <td> 11.89% </td> <td> </td> <td> 2.63% </td> <td> 30 </td> </tr> <tr> <td colspan=""3""> Parks and recreation </td> <td> </td> <td> </td> <td> 3.32% </td> <td> 31 </td> </tr> <tr> <td colspan=""3""> Philosophy and religious studies </td> <td> </td> <td> </td> <td> 0.66% </td> <td> 38 </td> </tr> <tr> <td colspan=""3""> Theology and religious vocations </td> <td> </td> <td> </td> <td> </td> <td> 39 </td> </tr> <tr> <td colspan=""3""> Physical sciences </td> <td> </td> <td> </td> <td> 1.12% </td> <td> 40 </td> </tr> <tr> <td colspan=""3""> Science technologies </td> <td> </td> <td> </td> <td> </td> <td> 41 </td> </tr> <tr> <td colspan=""3""> Psychology </td> <td> </td> <td> </td> <td> 6.61% </td> <td> 42 </td> </tr> <tr> <td colspan=""3""> Homeland Security, law enforcement, firefighting, </td> <td> </td> <td> </td> <td> 0.76% </td> <td> 43 </td> </tr> <tr> <td colspan=""3""> Public administration and social services </td> <td> 0.09% </td> <td> </td> <td> 0.52% </td> <td> 44 </td> </tr> <tr> <td colspan=""3""> Social sciences </td> <td> 4.21% </td> <td> </td> <td> 7.84% </td> <td> 45 </td> </tr> <tr> <td colspan=""3""> Construction trades </td> <td> </td> <td> </td> <td> </td> <td> 46 </td> </tr> <tr> <td colspan=""3""> Mechanic and repair technologies </td> <td> </td> <td> </td> <td> </td> <td> 47 </td> </tr> <tr> <td colspan=""3""> Precision production </td> <td> </td> <td> </td> <td> </td> <td> 48 </td> </tr> <tr> <td colspan=""3""> Transportation and materials moving </td> <td> </td> <td> </td> <td> </td> <td> 49 </td> </tr> <tr> <td colspan=""3""> Visual and performing arts </td> <td> 7.05% </td> <td> </td> <td> 2.45% </td> <td> 50 </td> </tr> <tr> <td colspan=""3""> Health professions and related programs </td> <td> 0.73% </td> <td> </td> <td> 3.09% </td> <td> 51 </td> </tr> <tr> <td colspan=""3""> Business/marketing </td> <td> 26.99% </td> <td> </td> <td> 29.08% </td> <td> 52 </td> </tr> <tr> <td colspan=""3""> History </td> <td> </td> <td> </td> <td> 0.61% </td> <td> 54 </td> </tr> <tr> <td colspan=""3""> Other </td> <td> </td> <td> </td> <td> </td> <td> </td> </tr> <tr> <td colspan=""3""> TOTAL (should = 100%) </td> <td> 100.00% </td> <td> 0.00% </td> <td> 100.00% </td> <td> </td> </tr> </table>",139959,../data/cds-docs/2022-2023/139959.pdf,2022-2023
B,1,B1,Institutional Enrollment - Men and Women,"[[{0: '', 1: 'FULL-TIME', 2: 'FULL-TIME', 3: 'PART-TIME', 4: 'PART-TIME'}, {0: '', 1: 'Men\nWomen', 2: 'Men\nWomen', 3: 'Men\nWomen', 4: 'Men\nWomen'}, {0: 'Undergraduates', 1: 'Undergraduates', 2: 'Undergraduates', 3: 'Undergraduates', 4: 'Undergraduates'}, {0: 'Degree-seeking, first-time\nfreshmen', 1: '2,122', 2: '3,663', 3: '11', 4: '23'}, {0: 'Other first-year, degree-seeking', 1: '155', 2: '158', 3: '12', 4: '9'}, {0: 'All other degree-seeking', 1: '9,408', 2: '12,654', 3: '901', 4: '873'}, {0: 'Total degree-seeking', 1: '11,685', 2: '16,475', 3: '924', 4: '905'}, {0: 'All other undergraduates\nenrolled in credit courses', 1: '28', 2: '35', 3: '41', 4: '73'}, {0: 'Total undergraduates', 1: '11,713', 2: '16,510', 3: '965', 4: '978'}, {0: 'Graduate', 1: 'Graduate', 2: 'Graduate', 3: 'Graduate', 4: 'Graduate'}, {0: 'Degree-seeking, first-time', 1: '660', 2: '986', 3: '198', 4: '346'}, {0: 'All other degree-seeking', 1: '2299', 2: '3469', 3: '612', 4: '1261'}, {0: 'All other graduates enrolled in\ncredit courses', 1: '12', 2: '32', 3: '21', 4: '56'}, {0: 'Total graduate', 1: '2971', 2: '4487', 3: '831', 4: '1663'}, {0: 'Total all students', 1: '14,684', 2: '20,997', 3: '1,796', 4: '2,641'}]]","<table> <tr> <td rowspan=""2""> </td> <td colspan=""2""> FULL-TIME </td> <td colspan=""2""> PART-TIME </td> </tr> <tr> <td colspan=""2""> Men <br/> Women </td> <td colspan=""2""> Men <br/> Women </td> </tr> <tr> <td colspan=""5""> Undergraduates </td> </tr> <tr> <td> Degree-seeking, first-time <br/> freshmen </td> <td> 2,122 </td> <td> 3,663 </td> <td> 11 </td> <td> 23 </td> </tr> <tr> <td> Other first-year, degree-seeking </td> <td> 155 </td> <td> 158 </td> <td> 12 </td> <td> 9 </td> </tr> <tr> <td> All other degree-seeking </td> <td> 9,408 </td> <td> 12,654 </td> <td> 901 </td> <td> 873 </td> </tr> <tr> <td> Total degree-seeking </td> <td> 11,685 </td> <td> 16,475 </td> <td> 924 </td> <td> 905 </td> </tr> <tr> <td> All other undergraduates <br/> enrolled in credit courses </td> <td> 28 </td> <td> 35 </td> <td> 41 </td> <td> 73 </td> </tr> <tr> <td> Total undergraduates </td> <td> 11,713 </td> <td> 16,510 </td> <td> 965 </td> <td> 978 </td> </tr> <tr> <td colspan=""5""> Graduate </td> </tr> <tr> <td> Degree-seeking, first-time </td> <td> 660 </td> <td> 986 </td> <td> 198 </td> <td> 346 </td> </tr> <tr> <td> All other degree-seeking </td> <td> 2299 </td> <td> 3469 </td> <td> 612 </td> <td> 1261 </td> </tr> <tr> <td> All other graduates enrolled in <br/> credit courses </td> <td> 12 </td> <td> 32 </td> <td> 21 </td> <td> 56 </td> </tr> <tr> <td> Total graduate </td> <td> 2971 </td> <td> 4487 </td> <td> 831 </td> <td> 1663 </td> </tr> <tr> <td> Total all students </td> <td> 14,684 </td> <td> 20,997 </td> <td> 1,796 </td> <td> 2,641 </td> </tr> </table>",139959,../data/cds-docs/2021-2022/139959.pdf,2021-2022
B,2,B2,Enrollment by Racial/Ethnic Category.,"[[{0: '', 1: 'Degree-Seeking\nFirst-Time\nFirst Year', 2: 'Degree-Seeking\nUndergraduates\n(include first-time\nfirst-year)', 3: 'Total\nUndergraduates\n(both degree- and\nnon-degree\ufffe\nseeking)'}, {0: 'Nonresident aliens', 1: '71', 2: '338', 3: '372'}, {0: 'Hispanic/Latino', 1: '361', 2: '2,094', 3: '2,100'}, {0: 'Black or African American, non-Hispanic', 1: '329', 2: '1,970', 3: '1,986'}, {0: 'White, non-Hispanic', 1: '3916', 2: '20,490', 3: '20,595'}, {0: 'American Indian or Alaska Native, non-Hispanic', 1: '2', 2: '19', 3: '19'}, {0: 'Asian, non-Hispanic', 1: '815', 2: '3,443', 3: '3,454'}, {0: 'Native Hawaiian or other Pacific Islander, non\ufffe\nHispanic', 1: '3', 2: '23', 3: '23'}, {0: 'Two or more races, non-Hispanic', 1: '222', 2: '1,271', 3: '1,274'}, {0: 'Race and/or ethnicity unknown', 1: '100', 2: '341', 3: '343'}, {0: 'TOTAL', 1: '5819', 2: '29,989', 3: '30,166'}]]","<table> <tr> <td> </td> <td> Degree-Seeking <br/> First-Time <br/> First Year </td> <td> Degree-Seeking <br/> Undergraduates <br/> (include first-time <br/> first-year) </td> <td> Total <br/> Undergraduates <br/> (both degree- and <br/> non-degree￾ <br/> seeking) </td> </tr> <tr> <td> Nonresident aliens </td> <td> 71 </td> <td> 338 </td> <td> 372 </td> </tr> <tr> <td> Hispanic/Latino </td> <td> 361 </td> <td> 2,094 </td> <td> 2,100 </td> </tr> <tr> <td> Black or African American, non-Hispanic </td> <td> 329 </td> <td> 1,970 </td> <td> 1,986 </td> </tr> <tr> <td> White, non-Hispanic </td> <td> 3916 </td> <td> 20,490 </td> <td> 20,595 </td> </tr> <tr> <td> American Indian or Alaska Native, non-Hispanic </td> <td> 2 </td> <td> 19 </td> <td> 19 </td> </tr> <tr> <td> Asian, non-Hispanic </td> <td> 815 </td> <td> 3,443 </td> <td> 3,454 </td> </tr> <tr> <td> Native Hawaiian or other Pacific Islander, non￾ <br/> Hispanic </td> <td> 3 </td> <td> 23 </td> <td> 23 </td> </tr> <tr> <td> Two or more races, non-Hispanic </td> <td> 222 </td> <td> 1,271 </td> <td> 1,274 </td> </tr> <tr> <td> Race and/or ethnicity unknown </td> <td> 100 </td> <td> 341 </td> <td> 343 </td> </tr> <tr> <td> TOTAL </td> <td> 5819 </td> <td> 29,989 </td> <td> 30,166 </td> </tr> </table>",139959,../data/cds-docs/2021-2022/139959.pdf,2021-2022
B,12,B12,"Initial cohort, total of first-time, full-time degree/certificate-seeking students:","[[{0: '', 1: '2018 Cohort', 2: '2017 Cohort'}, {0: 'Initial cohort, total of first-time, full-time degree/certificate-seeking students:', 1: '', 2: ''}, {0: 'Of the initial cohort, how many did not persist and did not graduate for the\nfollowing reasons:\n• • Death Permanently Disability\n• Service in the armed forces,\n• Foreign aid service of the federal government\n• Official church missions\n• Report total allowable exclusions', 1: '', 2: ''}, {0: 'Final cohort, after adjusting for allowable exclusions:', 1: '0', 2: '0'}, {0: 'Completers of programs of less than two years duration (total):', 1: '', 2: ''}, {0: 'Completers of programs of less than two years within 150 percent of normal\ntime:', 1: '', 2: ''}, {0: 'Completers of programs of at least two but less than four years (total):', 1: '', 2: ''}, {0: 'Completers of programs of at least two but less than four-years within 150\npercent of normal time:', 1: '', 2: ''}, {0: 'Total transfers-out (within three years) to other institutions:', 1: '', 2: ''}, {0: 'Total transfers to two-year institutions:', 1: '', 2: ''}, {0: 'Total transfers to four-year institutions:', 1: '', 2: ''}]]","<table> <tr> <td> </td> <td> 2018 Cohort </td> <td> 2017 Cohort </td> </tr> <tr> <td> Initial cohort, total of first-time, full-time degree/certificate-seeking students: </td> <td> </td> <td> </td> </tr> <tr> <td> Of the initial cohort, how many did not persist and did not graduate for the <br/> following reasons: <br/> • • Death Permanently Disability <br/> • Service in the armed forces, <br/> • Foreign aid service of the federal government <br/> • Official church missions <br/> • Report total allowable exclusions </td> <td> </td> <td> </td> </tr> <tr> <td> Final cohort, after adjusting for allowable exclusions: </td> <td> 0 </td> <td> 0 </td> </tr> <tr> <td> Completers of programs of less than two years duration (total): </td> <td> </td> <td> </td> </tr> <tr> <td> Completers of programs of less than two years within 150 percent of normal <br/> time: </td> <td> </td> <td> </td> </tr> <tr> <td> Completers of programs of at least two but less than four years (total): </td> <td> </td> <td> </td> </tr> <tr> <td> Completers of programs of at least two but less than four-years within 150 <br/> percent of normal time: </td> <td> </td> <td> </td> </tr> <tr> <td> Total transfers-out (within three years) to other institutions: </td> <td> </td> <td> </td> </tr> <tr> <td> Total transfers to two-year institutions: </td> <td> </td> <td> </td> </tr> <tr> <td> Total transfers to four-year institutions: </td> <td> </td> <td> </td> </tr> </table>",139959,../data/cds-docs/2021-2022/139959.pdf,2021-2022
C,1,C1,"First-time, first-year (freshman) students: Provide the number of degree-seeking, first-time, first-year","[[{0: 'Total first-time, first-year', 1: '(freshman)', 2: 'men who applied', 3: '15,408'}, {0: 'Total first-time, first-year', 1: '(freshman)', 2: 'women who applied', 3: '23,682'}], [{0: 'Total first-time, first-year', 1: '(freshman)', 2: 'men who were admitted', 3: '5,526'}, {0: 'Total first-time, first-year', 1: '(freshman)', 2: 'women who were admitted', 3: '10,163'}], [{0: 'Total full-time, first-time, first-year (freshman) men who enrolled', 1: '2,122'}, {0: 'Total part-time, first-time, first-year (freshman) men who enrolled', 1: '11'}], [{0: 'Total full-time, first-time, first-year (freshman) women who enrolled', 1: '3,663'}, {0: 'Total part-time, first-time, first-year (freshman) women who enrolled', 1: '23'}], [{0: 'Total first-time, first-year (degree-seeking) who applied', 1: 'Total first-time, first-year (degree-seeking) who applied', 2: 'Total first-time, first-year (degree-seeking) who applied', 3: '39,090'}, {0: 'Total first-time, first-year (degree-seeking) who were admitted', 1: 'Total first-time, first-year (degree-seeking) who were admitted', 2: 'Total first-time, first-year (degree-seeking) who were admitted', 3: '15,689'}, {0: 'Total first-time, first-year', 1: '(degree-seeking)', 2: 'who enrolled', 3: '5,819'}]]","<table> <tr> <td> Total first-time, first-year </td> <td> (freshman) </td> <td> men who applied </td> <td> 15,408 </td> </tr> <tr> <td> Total first-time, first-year </td> <td> (freshman) </td> <td> women who applied </td> <td> 23,682 </td> </tr> </table><div class=""separator""></div><table> <tr> <td> Total first-time, first-year </td> <td> (freshman) </td> <td> men who were admitted </td> <td> 5,526 </td> </tr> <tr> <td> Total first-time, first-year </td> <td> (freshman) </td> <td> women who were admitted </td> <td> 10,163 </td> </tr> </table><div class=""separator""></div><table> <tr> <td> Total full-time, first-time, first-year (freshman) men who enrolled </td> <td> 2,122 </td> </tr> <tr> <td> Total part-time, first-time, first-year (freshman) men who enrolled </td> <td> 11 </td> </tr> </table><div class=""separator""></div><table> <tr> <td> Total full-time, first-time, first-year (freshman) women who enrolled </td> <td> 3,663 </td> </tr> <tr> <td> Total part-time, first-time, first-year (freshman) women who enrolled </td> <td> 23 </td> </tr> </table><div class=""separator""></div><table> <tr> <td colspan=""3""> Total first-time, first-year (degree-seeking) who applied </td> <td> 39,090 </td> </tr> <tr> <td colspan=""3""> Total first-time, first-year (degree-seeking) who were admitted </td> <td> 15,689 </td> </tr> <tr> <td> Total first-time, first-year </td> <td> (degree-seeking) </td> <td> who enrolled </td> <td> 5,819 </td> </tr> </table>",139959,../data/cds-docs/2021-2022/139959.pdf,2021-2022
C,2,C2,Freshman wait-listed students,"[[{0: 'WAITING LIST', 1: 'TOTAL'}, {0: 'Number of qualified applicants offered a place on waiting list:', 1: '1893'}, {0: 'Number accepting a place on the waiting list:', 1: '1025'}, {0: 'Number of wait-listed students admitted:', 1: '277'}]]",<table> <tr> <td> WAITING LIST </td> <td> TOTAL </td> </tr> <tr> <td> Number of qualified applicants offered a place on waiting list: </td> <td> 1893 </td> </tr> <tr> <td> Number accepting a place on the waiting list: </td> <td> 1025 </td> </tr> <tr> <td> Number of wait-listed students admitted: </td> <td> 277 </td> </tr> </table>,139959,../data/cds-docs/2021-2022/139959.pdf,2021-2022
C,5,C5,Distribution of high school units required and/or recommended. Specify the distribution of academic,"[[{0: '', 1: 'Required Units', 2: 'Units\nRecommended'}, {0: 'Total academic units', 1: '17', 2: '19'}]]",<table> <tr> <td> </td> <td> Required Units </td> <td> Units <br/> Recommended </td> </tr> <tr> <td> Total academic units </td> <td> 17 </td> <td> 19 </td> </tr> </table>,139959,../data/cds-docs/2021-2022/139959.pdf,2021-2022
C,7,C7,"Relative importance of each of the following academic and nonacademic factors in your first-time,","[[{0: 'Very Important Important Considered', 1: 'Very Important Important Considered', 2: 'Very Important Important Considered', 3: 'Very Important Important Considered', 4: 'Not Considered'}, {0: 'Academic', 1: 'Academic', 2: 'Academic', 3: 'Academic', 4: 'Academic'}, {0: 'Rigor of secondary school\nrecord', 1: 'X', 2: '', 3: '', 4: ''}, {0: 'Class rank', 1: '', 2: '', 3: '', 4: 'X'}, {0: 'Academic GPA', 1: 'X', 2: '', 3: '', 4: ''}, {0: 'Standardized test scores', 1: '', 2: 'X', 3: '', 4: ''}, {0: 'Application Essay', 1: '', 2: '', 3: 'X', 4: ''}, {0: 'Recommendation(s)', 1: '', 2: '', 3: 'X', 4: ''}, {0: 'Nonacademic', 1: 'Nonacademic', 2: 'Nonacademic', 3: 'Nonacademic', 4: 'Nonacademic'}, {0: 'Interview', 1: '', 2: '', 3: '', 4: 'X'}, {0: 'Extracurricular activities', 1: '', 2: '', 3: 'X', 4: ''}, {0: 'Talent/ability', 1: '', 2: '', 3: 'X', 4: ''}, {0: 'Character/personal qualities', 1: '', 2: '', 3: 'X', 4: ''}, {0: 'First generation', 1: '', 2: '', 3: 'X', 4: ''}, {0: 'Alumni/ae relation', 1: '', 2: '', 3: '', 4: 'X'}, {0: 'Geographical residence', 1: '', 2: '', 3: '', 4: 'X'}, {0: 'State residency', 1: '', 2: '', 3: '', 4: 'X'}, {0: 'Religious affiliation/commitment', 1: '', 2: '', 3: '', 4: 'X'}, {0: 'Racial/ethnic status', 1: '', 2: '', 3: '', 4: 'X'}, {0: 'Volunteer work', 1: '', 2: '', 3: 'X', 4: ''}, {0: 'Work experience', 1: '', 2: '', 3: 'X', 4: ''}, {0: 'Level of applicant’s interest', 1: '', 2: '', 3: '', 4: 'X'}]]","<table> <tr> <td colspan=""4""> Very Important Important Considered </td> <td> Not Considered </td> </tr> <tr> <td colspan=""5""> Academic </td> </tr> <tr> <td> Rigor of secondary school <br/> record </td> <td> X </td> <td> </td> <td> </td> <td> </td> </tr> <tr> <td> Class rank </td> <td> </td> <td> </td> <td> </td> <td> X </td> </tr> <tr> <td> Academic GPA </td> <td> X </td> <td> </td> <td> </td> <td> </td> </tr> <tr> <td> Standardized test scores </td> <td> </td> <td> X </td> <td> </td> <td> </td> </tr> <tr> <td> Application Essay </td> <td> </td> <td> </td> <td> X </td> <td> </td> </tr> <tr> <td> Recommendation(s) </td> <td> </td> <td> </td> <td> X </td> <td> </td> </tr> <tr> <td colspan=""5""> Nonacademic </td> </tr> <tr> <td> Interview </td> <td> </td> <td> </td> <td> </td> <td> X </td> </tr> <tr> <td> Extracurricular activities </td> <td> </td> <td> </td> <td> X </td> <td> </td> </tr> <tr> <td> Talent/ability </td> <td> </td> <td> </td> <td> X </td> <td> </td> </tr> <tr> <td> Character/personal qualities </td> <td> </td> <td> </td> <td> X </td> <td> </td> </tr> <tr> <td> First generation </td> <td> </td> <td> </td> <td> X </td> <td> </td> </tr> <tr> <td> Alumni/ae relation </td> <td> </td> <td> </td> <td> </td> <td> X </td> </tr> <tr> <td> Geographical residence </td> <td> </td> <td> </td> <td> </td> <td> X </td> </tr> <tr> <td> State residency </td> <td> </td> <td> </td> <td> </td> <td> X </td> </tr> <tr> <td> Religious affiliation/commitment </td> <td> </td> <td> </td> <td> </td> <td> X </td> </tr> <tr> <td> Racial/ethnic status </td> <td> </td> <td> </td> <td> </td> <td> X </td> </tr> <tr> <td> Volunteer work </td> <td> </td> <td> </td> <td> X </td> <td> </td> </tr> <tr> <td> Work experience </td> <td> </td> <td> </td> <td> X </td> <td> </td> </tr> <tr> <td> Level of applicant’s interest </td> <td> </td> <td> </td> <td> </td> <td> X </td> </tr> </table>",139959,../data/cds-docs/2021-2022/139959.pdf,2021-2022
C,8,C8,"A If yes, place check marks in the appropriate boxes below to reflect your institution’s policies for use in","[[{0: '', 1: 'ADMISSION', 2: 'ADMISSION', 3: 'ADMISSION', 4: 'ADMISSION', 5: 'ADMISSION'}, {0: '', 1: 'Require', 2: 'Recommend', 3: 'Require for Some', 4: 'Consider if\nSubmitted', 5: 'Used Not'}, {0: 'SAT or ACT', 1: 'X', 2: '', 3: '', 4: '', 5: ''}, {0: 'ACT Only', 1: '', 2: '', 3: '', 4: '', 5: ''}, {0: 'SAT Only', 1: '', 2: '', 3: '', 4: '', 5: ''}]]","<table> <tr> <td rowspan=""2""> </td> <td colspan=""5""> ADMISSION </td> </tr> <tr> <td> Require </td> <td> Recommend </td> <td> Require for Some </td> <td> Consider if <br/> Submitted </td> <td> Used Not </td> </tr> <tr> <td> SAT or ACT </td> <td> X </td> <td> </td> <td> </td> <td> </td> <td> </td> </tr> <tr> <td> ACT Only </td> <td> </td> <td> </td> <td> </td> <td> </td> <td> </td> </tr> <tr> <td> SAT Only </td> <td> </td> <td> </td> <td> </td> <td> </td> <td> </td> </tr> </table>",139959,../data/cds-docs/2021-2022/139959.pdf,2021-2022
C,9,C9,"Percent and number of first-time, first-year (freshman) students enrolled in Fall 2021 who submitted","[[{0: '36%', 1: '2097'}, {0: '31%', 1: '1814'}], [{0: 'Assessment', 1: '25th Percentile', 2: '75th Percentile'}, {0: 'SAT Composite', 1: '1280', 2: '1430'}, {0: 'SAT Evidence-Based Reading and\nWriting', 1: '640', 2: '720'}, {0: 'SAT Math', 1: '630', 2: '730'}, {0: 'ACT Composite', 1: '28', 2: '32'}, {0: 'ACT Math', 1: '27', 2: '32'}, {0: 'ACT English', 1: '29', 2: '35'}, {0: 'ACT Writing', 1: '', 2: ''}], [{0: 'Score Range', 1: 'SAT Evidence\ufffe\nBased Reading\nand Writing', 2: 'SAT Math'}, {0: '700-800', 1: '39.91%', 2: '40.63%'}, {0: '600-699', 1: '54.46%', 2: '47.54%'}, {0: '500-599', 1: '5.34%', 2: '11.64%'}, {0: '400-499', 1: '0.29%', 2: '0.19%'}, {0: '300-399', 1: '', 2: ''}, {0: '200-299', 1: '', 2: ''}, {0: 'Totals should = 100%', 1: '100.00%', 2: '100.00%'}], [{0: 'Score Range', 1: 'SAT Composite'}, {0: '1400-1600', 1: '35.74%'}, {0: '1200-1399', 1: '58.45%'}, {0: '1000-1199', 1: '5.77%'}, {0: '800-999', 1: '0.05%'}, {0: '600-799', 1: ''}, {0: '400-599', 1: ''}, {0: 'Totals should = 100%', 1: '100.00%'}], [{0: 'Score Range', 1: 'ACT Composite', 2: 'ACT English', 3: 'ACT Math'}, {0: '30-36', 1: '66.04%', 2: '71.54%', 3: '44.46%'}, {0: '24-29', 1: '30.82%', 2: '23.39%', 3: '49.53%'}, {0: '18-23', 1: '2.98%', 2: '4.69%', 3: '5.63%'}, {0: '12-17', 1: '0.17%', 2: '0.39%', 3: '0.39%'}, {0: '6-11', 1: '', 2: '', 3: ''}, {0: 'Below 6', 1: '', 2: '', 3: ''}, {0: 'Totals should = 100%', 1: '100.00%', 2: '100.00%', 3: '100.00%'}]]","<table> <tr> <td> 36% </td> <td> 2097 </td> </tr> <tr> <td> 31% </td> <td> 1814 </td> </tr> </table><div class=""separator""></div><table> <tr> <td> Assessment </td> <td> 25th Percentile </td> <td> 75th Percentile </td> </tr> <tr> <td> SAT Composite </td> <td> 1280 </td> <td> 1430 </td> </tr> <tr> <td> SAT Evidence-Based Reading and <br/> Writing </td> <td> 640 </td> <td> 720 </td> </tr> <tr> <td> SAT Math </td> <td> 630 </td> <td> 730 </td> </tr> <tr> <td> ACT Composite </td> <td> 28 </td> <td> 32 </td> </tr> <tr> <td> ACT Math </td> <td> 27 </td> <td> 32 </td> </tr> <tr> <td> ACT English </td> <td> 29 </td> <td> 35 </td> </tr> <tr> <td> ACT Writing </td> <td> </td> <td> </td> </tr> </table><div class=""separator""></div><table> <tr> <td> Score Range </td> <td> SAT Evidence￾ <br/> Based Reading <br/> and Writing </td> <td> SAT Math </td> </tr> <tr> <td> 700-800 </td> <td> 39.91% </td> <td> 40.63% </td> </tr> <tr> <td> 600-699 </td> <td> 54.46% </td> <td> 47.54% </td> </tr> <tr> <td> 500-599 </td> <td> 5.34% </td> <td> 11.64% </td> </tr> <tr> <td> 400-499 </td> <td> 0.29% </td> <td> 0.19% </td> </tr> <tr> <td> 300-399 </td> <td> </td> <td> </td> </tr> <tr> <td> 200-299 </td> <td> </td> <td> </td> </tr> <tr> <td> Totals should = 100% </td> <td> 100.00% </td> <td> 100.00% </td> </tr> </table><div class=""separator""></div><table> <tr> <td> Score Range </td> <td> SAT Composite </td> </tr> <tr> <td> 1400-1600 </td> <td> 35.74% </td> </tr> <tr> <td> 1200-1399 </td> <td> 58.45% </td> </tr> <tr> <td> 1000-1199 </td> <td> 5.77% </td> </tr> <tr> <td> 800-999 </td> <td> 0.05% </td> </tr> <tr> <td> 600-799 </td> <td> </td> </tr> <tr> <td> 400-599 </td> <td> </td> </tr> <tr> <td> Totals should = 100% </td> <td> 100.00% </td> </tr> </table><div class=""separator""></div><table> <tr> <td> Score Range </td> <td> ACT Composite </td> <td> ACT English </td> <td> ACT Math </td> </tr> <tr> <td> 30-36 </td> <td> 66.04% </td> <td> 71.54% </td> <td> 44.46% </td> </tr> <tr> <td> 24-29 </td> <td> 30.82% </td> <td> 23.39% </td> <td> 49.53% </td> </tr> <tr> <td> 18-23 </td> <td> 2.98% </td> <td> 4.69% </td> <td> 5.63% </td> </tr> <tr> <td> 12-17 </td> <td> 0.17% </td> <td> 0.39% </td> <td> 0.39% </td> </tr> <tr> <td> 6-11 </td> <td> </td> <td> </td> <td> </td> </tr> <tr> <td> Below 6 </td> <td> </td> <td> </td> <td> </td> </tr> <tr> <td> Totals should = 100% </td> <td> 100.00% </td> <td> 100.00% </td> <td> 100.00% </td> </tr> </table>",139959,../data/cds-docs/2021-2022/139959.pdf,2021-2022
C,10,C10,"Percent of all degree-seeking, first-time, first-year (freshman) students who had high school class","[[{0: 'Assessment', 1: 'Percent'}, {0: 'Percent in top tenth of high school graduating class', 1: '61%'}, {0: 'Percent in top quarter of high school graduating class', 1: '93%'}, {0: 'Percent in top half of high school graduating class', 1: '98%'}, {0: 'Percent in bottom half of high school graduating class', 1: '1%'}, {0: 'Percent in bottom quarter of high school graduating class', 1: '1%'}, {0: 'Percent of total first-time, first-year (freshmen) students who submitted', 1: '20%'}]]","<table> <tr> <td> Assessment </td> <td> Percent </td> </tr> <tr> <td> Percent in top tenth of high school graduating class </td> <td> 61% </td> </tr> <tr> <td> Percent in top quarter of high school graduating class </td> <td> 93% </td> </tr> <tr> <td> Percent in top half of high school graduating class </td> <td> 98% </td> </tr> <tr> <td> Percent in bottom half of high school graduating class </td> <td> 1% </td> </tr> <tr> <td> Percent in bottom quarter of high school graduating class </td> <td> 1% </td> </tr> <tr> <td> Percent of total first-time, first-year (freshmen) students who submitted </td> <td> 20% </td> </tr> </table>",139959,../data/cds-docs/2021-2022/139959.pdf,2021-2022
C,11,C11,"Percentage of all enrolled, degree-seeking, first-time, first-year (freshman) students who had high","[[{0: 'Score Range', 1: 'Percent'}, {0: 'Percent who had GPA of 4.0', 1: '76.20%'}, {0: 'Percent who had GPA between 3.75 and 3.99', 1: '19.34%'}, {0: 'Percent who had GPA between 3.50 and 3.74', 1: '3.27%'}, {0: 'Percent who had GPA between 3.25 and 3.49', 1: '0.47%'}, {0: 'Percent who had GPA between 3.00 and 3.24', 1: '0.34%'}, {0: 'Percent who had GPA between 2.50 and 2.99', 1: '0.31%'}, {0: 'Percent who had GPA between 2.0 and 2.49', 1: '0.07%'}, {0: 'Percent who had GPA between 1.0 and 1.99', 1: ''}, {0: 'Percent who had GPA below 1.0', 1: ''}, {0: 'Totals should = 100%', 1: '100.00%'}]]",<table> <tr> <td> Score Range </td> <td> Percent </td> </tr> <tr> <td> Percent who had GPA of 4.0 </td> <td> 76.20% </td> </tr> <tr> <td> Percent who had GPA between 3.75 and 3.99 </td> <td> 19.34% </td> </tr> <tr> <td> Percent who had GPA between 3.50 and 3.74 </td> <td> 3.27% </td> </tr> <tr> <td> Percent who had GPA between 3.25 and 3.49 </td> <td> 0.47% </td> </tr> <tr> <td> Percent who had GPA between 3.00 and 3.24 </td> <td> 0.34% </td> </tr> <tr> <td> Percent who had GPA between 2.50 and 2.99 </td> <td> 0.31% </td> </tr> <tr> <td> Percent who had GPA between 2.0 and 2.49 </td> <td> 0.07% </td> </tr> <tr> <td> Percent who had GPA between 1.0 and 1.99 </td> <td> </td> </tr> <tr> <td> Percent who had GPA below 1.0 </td> <td> </td> </tr> <tr> <td> Totals should = 100% </td> <td> 100.00% </td> </tr> </table>,139959,../data/cds-docs/2021-2022/139959.pdf,2021-2022
C,14,C14,Application closing date,"[[{0: '', 1: 'Date'}, {0: 'Application closing date (fall)', 1: '1/1'}, {0: 'Priority Date', 1: '10/15'}]]",<table> <tr> <td> </td> <td> Date </td> </tr> <tr> <td> Application closing date (fall) </td> <td> 1/1 </td> </tr> <tr> <td> Priority Date </td> <td> 10/15 </td> </tr> </table>,139959,../data/cds-docs/2021-2022/139959.pdf,2021-2022
D,2,D2,"Provide the number of students who applied, were admitted, and enrolled as degree-seeking transfer","[[{0: '', 1: 'Applicants', 2: 'Admitted\nApplicants', 3: 'Enrolled\nApplicants'}, {0: 'Men', 1: '1,508', 2: '1,130', 3: '823'}, {0: 'Women', 1: '1,462', 2: '1,077', 3: '754'}, {0: 'Total', 1: '2,970', 2: '2,207', 3: '1,577'}]]","<table> <tr> <td> </td> <td> Applicants </td> <td> Admitted <br/> Applicants </td> <td> Enrolled <br/> Applicants </td> </tr> <tr> <td> Men </td> <td> 1,508 </td> <td> 1,130 </td> <td> 823 </td> </tr> <tr> <td> Women </td> <td> 1,462 </td> <td> 1,077 </td> <td> 754 </td> </tr> <tr> <td> Total </td> <td> 2,970 </td> <td> 2,207 </td> <td> 1,577 </td> </tr> </table>",139959,../data/cds-docs/2021-2022/139959.pdf,2021-2022
D,9,D9,Priority Date Closing Date Notification Date Reply Date Rolling,"[[{0: '', 1: 'Priority Date', 2: 'Closing Date', 3: 'Notification Date', 4: 'Reply Date', 5: 'Rolling\nAdmission'}, {0: 'Fall', 1: '', 2: '4/1', 3: '', 4: '', 5: 'X'}, {0: 'Winter', 1: '', 2: '', 3: '', 4: '', 5: ''}, {0: 'Spring', 1: '', 2: '9/1', 3: '', 4: '', 5: 'X'}, {0: 'Summer', 1: '', 2: '3/1', 3: '', 4: '', 5: 'X'}]]",<table> <tr> <td> </td> <td> Priority Date </td> <td> Closing Date </td> <td> Notification Date </td> <td> Reply Date </td> <td> Rolling <br/> Admission </td> </tr> <tr> <td> Fall </td> <td> </td> <td> 4/1 </td> <td> </td> <td> </td> <td> X </td> </tr> <tr> <td> Winter </td> <td> </td> <td> </td> <td> </td> <td> </td> <td> </td> </tr> <tr> <td> Spring </td> <td> </td> <td> 9/1 </td> <td> </td> <td> </td> <td> X </td> </tr> <tr> <td> Summer </td> <td> </td> <td> 3/1 </td> <td> </td> <td> </td> <td> X </td> </tr> </table>,139959,../data/cds-docs/2021-2022/139959.pdf,2021-2022
D,18,D18,Does your institution accept the following military/veteran transfer credits:,"[[{0: 'X', 1: ''}, {0: '', 1: 'X'}, {0: '', 1: 'X'}]]",<table> <tr> <td> X </td> <td> </td> </tr> <tr> <td> </td> <td> X </td> </tr> <tr> <td> </td> <td> X </td> </tr> </table>,139959,../data/cds-docs/2021-2022/139959.pdf,2021-2022
F,1,F1,"Percentages of first-time, first-year (freshman) degree-seeking students and degree-","[[{0: '', 1: 'First-time, first\ufffe\nyear (freshman)\nstudents', 2: 'Undergraduates'}, {0: 'Percent who are from out of state (exclude\ninternational/nonresident aliens from the numerator\nand denominator)', 1: '21%', 2: '13%'}, {0: 'Percent of men who join fraternities', 1: '', 2: '21%'}, {0: 'Percent of women who join sororities', 1: '', 2: '34%'}, {0: 'Percent who live in college-owned, -operated, or -\naffiliated housing', 1: '98%', 2: '34%'}, {0: 'Percent who live off campus or commute', 1: '2%', 2: '66%'}, {0: 'Percent of students age 25 and older', 1: '0%', 2: '2%'}, {0: 'Average age of full-time students', 1: '18', 2: '20'}, {0: 'Average age of all students (full- and part-time)', 1: '18', 2: '20'}]]","<table> <tr> <td> </td> <td> First-time, first￾ <br/> year (freshman) <br/> students </td> <td> Undergraduates </td> </tr> <tr> <td> Percent who are from out of state (exclude <br/> international/nonresident aliens from the numerator <br/> and denominator) </td> <td> 21% </td> <td> 13% </td> </tr> <tr> <td> Percent of men who join fraternities </td> <td> </td> <td> 21% </td> </tr> <tr> <td> Percent of women who join sororities </td> <td> </td> <td> 34% </td> </tr> <tr> <td> Percent who live in college-owned, -operated, or - <br/> affiliated housing </td> <td> 98% </td> <td> 34% </td> </tr> <tr> <td> Percent who live off campus or commute </td> <td> 2% </td> <td> 66% </td> </tr> <tr> <td> Percent of students age 25 and older </td> <td> 0% </td> <td> 2% </td> </tr> <tr> <td> Average age of full-time students </td> <td> 18 </td> <td> 20 </td> </tr> <tr> <td> Average age of all students (full- and part-time) </td> <td> 18 </td> <td> 20 </td> </tr> </table>",139959,../data/cds-docs/2021-2022/139959.pdf,2021-2022
F,3,F3,ROTC (program offered in cooperation with Reserve Officers' Training Corps),"[[{0: '', 1: 'On Campus', 2: 'At Cooperating\nInstitution', 3: 'Name of Cooperating\nInstitution'}, {0: 'Army ROTC is offered:', 1: 'X', 2: '', 3: ''}, {0: 'Naval ROTC is offered:', 1: '', 2: '', 3: ''}, {0: 'Air Force ROTC is offered:', 1: 'X', 2: '', 3: ''}]]",<table> <tr> <td> </td> <td> On Campus </td> <td> At Cooperating <br/> Institution </td> <td> Name of Cooperating <br/> Institution </td> </tr> <tr> <td> Army ROTC is offered: </td> <td> X </td> <td> </td> <td> </td> </tr> <tr> <td> Naval ROTC is offered: </td> <td> </td> <td> </td> <td> </td> </tr> <tr> <td> Air Force ROTC is offered: </td> <td> X </td> <td> </td> <td> </td> </tr> </table>,139959,../data/cds-docs/2021-2022/139959.pdf,2021-2022
G,1,G1,First-Year Undergraduates,"[[{0: '', 1: 'First-Year', 2: 'Undergraduates'}, {0: 'PRIVATE INSTITUTIONS', 1: '', 2: ''}, {0: 'Tuition:', 1: '', 2: ''}, {0: 'PUBLIC INSTITUTIONS', 1: '', 2: ''}, {0: 'Tuition: In-district', 1: '$9,790', 2: '$9,790'}, {0: 'Tuition: In-state (out-of-district):', 1: '', 2: ''}, {0: 'Tuition: Out-of-state:', 1: '$28,830', 2: '$28,830'}, {0: 'Tuition: Non-resident alien', 1: '', 2: ''}, {0: 'FOR ALL INSTITUTIONS', 1: 'FOR ALL INSTITUTIONS', 2: 'FOR ALL INSTITUTIONS'}, {0: 'Required Fees', 1: '$1,390', 2: '$1,390'}, {0: 'Room and Board (on-campus):', 1: '$10,940', 2: '$10,940'}, {0: 'Room Only (on-campus):', 1: '$6,810', 2: '$6,810'}, {0: 'Board Only (on-campus meal plan):', 1: '$4,094', 2: '$4,094'}]]","<table> <tr> <td> </td> <td> First-Year </td> <td> Undergraduates </td> </tr> <tr> <td> PRIVATE INSTITUTIONS </td> <td> </td> <td> </td> </tr> <tr> <td> Tuition: </td> <td> </td> <td> </td> </tr> <tr> <td> PUBLIC INSTITUTIONS </td> <td> </td> <td> </td> </tr> <tr> <td> Tuition: In-district </td> <td> $9,790 </td> <td> $9,790 </td> </tr> <tr> <td> Tuition: In-state (out-of-district): </td> <td> </td> <td> </td> </tr> <tr> <td> Tuition: Out-of-state: </td> <td> $28,830 </td> <td> $28,830 </td> </tr> <tr> <td> Tuition: Non-resident alien </td> <td> </td> <td> </td> </tr> <tr> <td colspan=""3""> FOR ALL INSTITUTIONS </td> </tr> <tr> <td> Required Fees </td> <td> $1,390 </td> <td> $1,390 </td> </tr> <tr> <td> Room and Board (on-campus): </td> <td> $10,940 </td> <td> $10,940 </td> </tr> <tr> <td> Room Only (on-campus): </td> <td> $6,810 </td> <td> $6,810 </td> </tr> <tr> <td> Board Only (on-campus meal plan): </td> <td> $4,094 </td> <td> $4,094 </td> </tr> </table>",139959,../data/cds-docs/2021-2022/139959.pdf,2021-2022
G,3,G3,"Do tuition and fees vary by year of study (e.g., sophomore,","[[{0: '', 1: 'X'}, {0: 'X', 1: ''}]]",<table> <tr> <td> </td> <td> X </td> </tr> <tr> <td> X </td> <td> </td> </tr> </table>,139959,../data/cds-docs/2021-2022/139959.pdf,2021-2022
G,5,G5,Provide the estimated expenses for a typical full-time undergraduate student:,"[[{0: '', 1: 'Residents', 2: 'Commuters\n(living at home)', 3: 'Commuters\n(not living at home)'}, {0: 'Books and supplies:', 1: '$888', 2: '$888', 3: '$888'}, {0: 'Room only:', 1: '', 2: '', 3: '$4,550'}, {0: 'Board only:', 1: '', 2: '$4,094', 3: '$4,094'}, {0: 'Room and board total*', 1: '', 2: '', 3: ''}, {0: 'Transportation:', 1: '$1,278', 2: '$1,278', 3: '$1,278'}, {0: 'Other expenses:', 1: '$3,292', 2: '$4,168', 3: '$4,168'}]]","<table> <tr> <td> </td> <td> Residents </td> <td> Commuters <br/> (living at home) </td> <td> Commuters <br/> (not living at home) </td> </tr> <tr> <td> Books and supplies: </td> <td> $888 </td> <td> $888 </td> <td> $888 </td> </tr> <tr> <td> Room only: </td> <td> </td> <td> </td> <td> $4,550 </td> </tr> <tr> <td> Board only: </td> <td> </td> <td> $4,094 </td> <td> $4,094 </td> </tr> <tr> <td> Room and board total* </td> <td> </td> <td> </td> <td> </td> </tr> <tr> <td> Transportation: </td> <td> $1,278 </td> <td> $1,278 </td> <td> $1,278 </td> </tr> <tr> <td> Other expenses: </td> <td> $3,292 </td> <td> $4,168 </td> <td> $4,168 </td> </tr> </table>",139959,../data/cds-docs/2021-2022/139959.pdf,2021-2022
H,2,H2,Number of Enrolled Students Awarded Aid: List the number of degree-seeking full-time and less-than-,"[[{0: '', 1: '', 2: 'First-time Full\ufffe\ntime Freshmen', 3: 'Full-time\nUndergrad\n(Incl. Fresh)', 4: 'Less Full-time Than\nUndergrad'}, {0: 'A', 1: 'Number of degree-seeking undergraduate students\n(CDS Item B1 if reporting on Fall 2021 cohort)', 2: '5792', 3: '28256', 4: '1929'}, {0: 'B', 1: 'Number of students in line a who applied for need\ufffe\nbased financial aid', 2: '5032', 3: '20040', 4: '1151'}, {0: 'C', 1: 'Number of students in line b who were determined to\nhave financial need', 2: '2146', 3: '10630', 4: '756'}, {0: 'D', 1: 'Number of students in line c who were awarded any\nfinancial aid', 2: '2095', 3: '10412', 4: '690'}, {0: 'E', 1: 'Number of students in line d who were awarded any\nneed-based scholarship or grant aid', 2: '2038', 3: '9919', 4: '619'}, {0: 'F', 1: 'Number of students in line d who were awarded any\nneed-based self-help aid', 2: '735', 3: '4056', 4: '323'}, {0: 'G', 1: 'Number of students in line d who were awarded any\nnon-need-based scholarship or grant aid', 2: '570', 3: '2142', 4: '74'}, {0: 'H', 1: 'Number of students in line d whose need was fully met\n(exclude PLUS loans, unsubsidized loans, and private\nalternative loans)', 2: '679', 3: '2868', 4: '98'}, {0: 'I', 1: 'On average, the percentage of need that was met of\nstudents who were awarded any need-based aid.\nExclude any aid that was awarded in excess of need as\nwell as any resources that were awarded to replace\nEFC (PLUS loans, unsubsidized loans, and private\nalternative loans)', 2: '78.2%', 3: '74.2%', 4: '55.5%'}, {0: 'J', 1: 'The average financial aid package of those in line d.\nExclude any resources that were awarded to replace\nEFC (PLUS loans, unsubsidized loans, and private\nalternative loans)', 2: '$ 14,049', 3: '$ 13,040', 4: '$ 7,951'}, {0: 'K', 1: 'Average need-based scholarship and grant award of\nthose in line e', 2: '$ 11,122', 3: '$ 10,352', 4: '$ 6,108'}], [{0: '', 1: '', 2: 'First-time\nFull-time\nFreshmen', 3: 'Full-time\nUndergrad\n(Incl. Fresh.)', 4: 'Less Full-time Than\nUndergrad'}, {0: 'N', 1: 'Number of students in line a who had no financial need\nand who were awarded institutional non-need-based\nscholarship or grant aid (exclude those who were\nawarded athletic awards and tuition benefits)', 2: '175', 3: '1016', 4: '28'}, {0: 'O', 1: 'Average dollar amount of institutional non-need-based\nscholarship and grant aid awarded to students in line n', 2: '$ 3,878', 3: '$ 3,188', 4: '$ 1,473'}, {0: 'P', 1: 'Number of students in line a who were awarded an\ninstitutional non-need-based athletic scholarship or\ngrant', 2: '97', 3: '445', 4: '6'}, {0: 'Q', 1: 'Average dollar amount of institutional non-need-based\nathletic scholarships and grants awarded to students in\nline p', 2: '$ 21,349', 3: '$ 23,674', 4: '$ 7,096'}]]","<table> <tr> <td> </td> <td> </td> <td> First-time Full￾ <br/> time Freshmen </td> <td> Full-time <br/> Undergrad <br/> (Incl. Fresh) </td> <td> Less Full-time Than <br/> Undergrad </td> </tr> <tr> <td> A </td> <td> Number of degree-seeking undergraduate students <br/> (CDS Item B1 if reporting on Fall 2021 cohort) </td> <td> 5792 </td> <td> 28256 </td> <td> 1929 </td> </tr> <tr> <td> B </td> <td> Number of students in line a who applied for need￾ <br/> based financial aid </td> <td> 5032 </td> <td> 20040 </td> <td> 1151 </td> </tr> <tr> <td> C </td> <td> Number of students in line b who were determined to <br/> have financial need </td> <td> 2146 </td> <td> 10630 </td> <td> 756 </td> </tr> <tr> <td> D </td> <td> Number of students in line c who were awarded any <br/> financial aid </td> <td> 2095 </td> <td> 10412 </td> <td> 690 </td> </tr> <tr> <td> E </td> <td> Number of students in line d who were awarded any <br/> need-based scholarship or grant aid </td> <td> 2038 </td> <td> 9919 </td> <td> 619 </td> </tr> <tr> <td> F </td> <td> Number of students in line d who were awarded any <br/> need-based self-help aid </td> <td> 735 </td> <td> 4056 </td> <td> 323 </td> </tr> <tr> <td> G </td> <td> Number of students in line d who were awarded any <br/> non-need-based scholarship or grant aid </td> <td> 570 </td> <td> 2142 </td> <td> 74 </td> </tr> <tr> <td> H </td> <td> Number of students in line d whose need was fully met <br/> (exclude PLUS loans, unsubsidized loans, and private <br/> alternative loans) </td> <td> 679 </td> <td> 2868 </td> <td> 98 </td> </tr> <tr> <td> I </td> <td> On average, the percentage of need that was met of <br/> students who were awarded any need-based aid. <br/> Exclude any aid that was awarded in excess of need as <br/> well as any resources that were awarded to replace <br/> EFC (PLUS loans, unsubsidized loans, and private <br/> alternative loans) </td> <td> 78.2% </td> <td> 74.2% </td> <td> 55.5% </td> </tr> <tr> <td> J </td> <td> The average financial aid package of those in line d. <br/> Exclude any resources that were awarded to replace <br/> EFC (PLUS loans, unsubsidized loans, and private <br/> alternative loans) </td> <td> $ 14,049 </td> <td> $ 13,040 </td> <td> $ 7,951 </td> </tr> <tr> <td> K </td> <td> Average need-based scholarship and grant award of <br/> those in line e </td> <td> $ 11,122 </td> <td> $ 10,352 </td> <td> $ 6,108 </td> </tr> </table><div class=""separator""></div><table> <tr> <td> </td> <td> </td> <td> First-time <br/> Full-time <br/> Freshmen </td> <td> Full-time <br/> Undergrad <br/> (Incl. Fresh.) </td> <td> Less Full-time Than <br/> Undergrad </td> </tr> <tr> <td> N </td> <td> Number of students in line a who had no financial need <br/> and who were awarded institutional non-need-based <br/> scholarship or grant aid (exclude those who were <br/> awarded athletic awards and tuition benefits) </td> <td> 175 </td> <td> 1016 </td> <td> 28 </td> </tr> <tr> <td> O </td> <td> Average dollar amount of institutional non-need-based <br/> scholarship and grant aid awarded to students in line n </td> <td> $ 3,878 </td> <td> $ 3,188 </td> <td> $ 1,473 </td> </tr> <tr> <td> P </td> <td> Number of students in line a who were awarded an <br/> institutional non-need-based athletic scholarship or <br/> grant </td> <td> 97 </td> <td> 445 </td> <td> 6 </td> </tr> <tr> <td> Q </td> <td> Average dollar amount of institutional non-need-based <br/> athletic scholarships and grants awarded to students in <br/> line p </td> <td> $ 21,349 </td> <td> $ 23,674 </td> <td> $ 7,096 </td> </tr> </table>",139959,../data/cds-docs/2021-2022/139959.pdf,2021-2022
H,11,H11,Indicate reply dates:,"[[{0: 'Students must reply by (date):', 1: ''}, {0: 'or within ___2____ weeks of notification.', 1: 'X'}]]",<table> <tr> <td> Students must reply by (date): </td> <td> </td> </tr> <tr> <td> or within ___2____ weeks of notification. </td> <td> X </td> </tr> </table>,139959,../data/cds-docs/2021-2022/139959.pdf,2021-2022
H,14,H14,Check off criteria used in awarding institutional aid. Check all that apply.,"[[{0: '', 1: 'Non-Need Based', 2: 'Need-Based'}, {0: 'Academics', 1: 'X', 2: ''}, {0: 'Alumni affiliation', 1: '', 2: ''}, {0: 'Art', 1: '', 2: ''}, {0: 'Athletics', 1: 'X', 2: ''}, {0: 'Job skills', 1: '', 2: ''}, {0: 'ROTC', 1: 'X', 2: ''}, {0: 'Leadership', 1: '', 2: ''}, {0: 'Minority status', 1: '', 2: ''}, {0: 'Music/drama', 1: '', 2: ''}, {0: 'Religious affiliation', 1: '', 2: ''}, {0: 'State/district residency', 1: 'X', 2: ''}]]",<table> <tr> <td> </td> <td> Non-Need Based </td> <td> Need-Based </td> </tr> <tr> <td> Academics </td> <td> X </td> <td> </td> </tr> <tr> <td> Alumni affiliation </td> <td> </td> <td> </td> </tr> <tr> <td> Art </td> <td> </td> <td> </td> </tr> <tr> <td> Athletics </td> <td> X </td> <td> </td> </tr> <tr> <td> Job skills </td> <td> </td> <td> </td> </tr> <tr> <td> ROTC </td> <td> X </td> <td> </td> </tr> <tr> <td> Leadership </td> <td> </td> <td> </td> </tr> <tr> <td> Minority status </td> <td> </td> <td> </td> </tr> <tr> <td> Music/drama </td> <td> </td> <td> </td> </tr> <tr> <td> Religious affiliation </td> <td> </td> <td> </td> </tr> <tr> <td> State/district residency </td> <td> X </td> <td> </td> </tr> </table>,139959,../data/cds-docs/2021-2022/139959.pdf,2021-2022
J,1,J1,"Degrees conferred between July 1, 2020 and June 30, 2021","[[{0: 'Category', 1: 'Diploma/Certificates', 2: 'Associate', 3: 'Bachelor’s', 4: 'CIP 2020 Categories\nto Include'}, {0: 'Agriculture', 1: '0.54%', 2: '', 3: '2.93%', 4: '01'}, {0: 'Natural resources and conservation', 1: '0.72%', 2: '', 3: '0.92%', 4: '03'}, {0: 'Architecture', 1: '', 2: '', 3: '0.47%', 4: '04'}, {0: 'Area, ethnic, and gender studies', 1: '4.16%', 2: '', 3: '0.26%', 4: '05'}, {0: 'Communication/journalism', 1: '16.64%', 2: '', 3: '7.92%', 4: '09'}, {0: 'Communication technologies', 1: '', 2: '', 3: '', 4: '10'}, {0: 'Computer and information sciences', 1: '3.53%', 2: '', 3: '2.89%', 4: '11'}, {0: 'Personal and culinary services', 1: '', 2: '', 3: '', 4: '12'}, {0: 'Education', 1: '0.54%', 2: '', 3: '3.64%', 4: '13'}, {0: 'Engineering', 1: '', 2: '', 3: '4.81%', 4: '14'}, {0: 'Engineering technologies', 1: '', 2: '', 3: '', 4: '15'}, {0: 'Foreign languages, literatures, and linguistics', 1: '', 2: '', 3: '1.69%', 4: '16'}, {0: 'Family and consumer sciences', 1: '', 2: '', 3: '4.54%', 4: '19'}, {0: 'Law/legal studies', 1: '18.81%', 2: '', 3: '', 4: '22'}, {0: 'English', 1: '1.09%', 2: '', 3: '1.25%', 4: '23'}, {0: 'Liberal arts/general studies', 1: '0.18%', 2: '', 3: '0.07%', 4: '24'}, {0: 'Library science', 1: '', 2: '', 3: '', 4: '25'}, {0: 'Biological/life sciences', 1: '', 2: '', 3: '9.34%', 4: '26'}, {0: 'Mathematics and statistics', 1: '', 2: '', 3: '1.20%', 4: '27'}, {0: 'Military science and military technologies', 1: '', 2: '', 3: '', 4: '28 & 29'}, {0: 'Interdisciplinary studies', 1: '13.02%', 2: '', 3: '3.18%', 4: '30'}, {0: 'Parks and recreation', 1: '', 2: '', 3: '2.75%', 4: '31'}, {0: 'Philosophy and religious studies', 1: '', 2: '', 3: '0.61%', 4: '38'}, {0: 'Theology and religious vocations', 1: '', 2: '', 3: '', 4: '39'}, {0: 'Physical sciences', 1: '', 2: '', 3: '0.78%', 4: '40'}, {0: 'Science technologies', 1: '', 2: '', 3: '', 4: '41'}, {0: 'Psychology', 1: '', 2: '', 3: '5.81%', 4: '42'}, {0: 'Homeland Security, law enforcement, firefighting,\nand protective services', 1: '', 2: '', 3: '0.96%', 4: '43'}, {0: 'Public administration and social services', 1: '', 2: '', 3: '0.55%', 4: '44'}, {0: 'Social sciences', 1: '2.62%', 2: '', 3: '8.12%', 4: '45'}, {0: 'Construction trades', 1: '', 2: '', 3: '', 4: '46'}, {0: 'Mechanic and repair technologies', 1: '', 2: '', 3: '', 4: '47'}, {0: 'Precision production', 1: '', 2: '', 3: '', 4: '48'}, {0: 'Transportation and materials moving', 1: '', 2: '', 3: '', 4: '49'}, {0: 'Visual and performing arts', 1: '6.51%', 2: '', 3: '2.76%', 4: '50'}, {0: 'Health professions and related programs', 1: '1.63%', 2: '', 3: '3.02%', 4: '51'}, {0: 'Business/marketing', 1: '30.02%', 2: '', 3: '28.53%', 4: '52'}, {0: 'History', 1: '', 2: '', 3: '1.00%', 4: '54'}, {0: 'Other', 1: '', 2: '', 3: '', 4: ''}, {0: 'TOTAL (should = 100%)', 1: '100.00%', 2: '0.00%', 3: '100.00%', 4: ''}]]","<table> <tr> <td> Category </td> <td> Diploma/Certificates </td> <td> Associate </td> <td> Bachelor’s </td> <td> CIP 2020 Categories <br/> to Include </td> </tr> <tr> <td> Agriculture </td> <td> 0.54% </td> <td> </td> <td> 2.93% </td> <td> 01 </td> </tr> <tr> <td> Natural resources and conservation </td> <td> 0.72% </td> <td> </td> <td> 0.92% </td> <td> 03 </td> </tr> <tr> <td> Architecture </td> <td> </td> <td> </td> <td> 0.47% </td> <td> 04 </td> </tr> <tr> <td> Area, ethnic, and gender studies </td> <td> 4.16% </td> <td> </td> <td> 0.26% </td> <td> 05 </td> </tr> <tr> <td> Communication/journalism </td> <td> 16.64% </td> <td> </td> <td> 7.92% </td> <td> 09 </td> </tr> <tr> <td> Communication technologies </td> <td> </td> <td> </td> <td> </td> <td> 10 </td> </tr> <tr> <td> Computer and information sciences </td> <td> 3.53% </td> <td> </td> <td> 2.89% </td> <td> 11 </td> </tr> <tr> <td> Personal and culinary services </td> <td> </td> <td> </td> <td> </td> <td> 12 </td> </tr> <tr> <td> Education </td> <td> 0.54% </td> <td> </td> <td> 3.64% </td> <td> 13 </td> </tr> <tr> <td> Engineering </td> <td> </td> <td> </td> <td> 4.81% </td> <td> 14 </td> </tr> <tr> <td> Engineering technologies </td> <td> </td> <td> </td> <td> </td> <td> 15 </td> </tr> <tr> <td> Foreign languages, literatures, and linguistics </td> <td> </td> <td> </td> <td> 1.69% </td> <td> 16 </td> </tr> <tr> <td> Family and consumer sciences </td> <td> </td> <td> </td> <td> 4.54% </td> <td> 19 </td> </tr> <tr> <td> Law/legal studies </td> <td> 18.81% </td> <td> </td> <td> </td> <td> 22 </td> </tr> <tr> <td> English </td> <td> 1.09% </td> <td> </td> <td> 1.25% </td> <td> 23 </td> </tr> <tr> <td> Liberal arts/general studies </td> <td> 0.18% </td> <td> </td> <td> 0.07% </td> <td> 24 </td> </tr> <tr> <td> Library science </td> <td> </td> <td> </td> <td> </td> <td> 25 </td> </tr> <tr> <td> Biological/life sciences </td> <td> </td> <td> </td> <td> 9.34% </td> <td> 26 </td> </tr> <tr> <td> Mathematics and statistics </td> <td> </td> <td> </td> <td> 1.20% </td> <td> 27 </td> </tr> <tr> <td> Military science and military technologies </td> <td> </td> <td> </td> <td> </td> <td> 28 &amp; 29 </td> </tr> <tr> <td> Interdisciplinary studies </td> <td> 13.02% </td> <td> </td> <td> 3.18% </td> <td> 30 </td> </tr> <tr> <td> Parks and recreation </td> <td> </td> <td> </td> <td> 2.75% </td> <td> 31 </td> </tr> <tr> <td> Philosophy and religious studies </td> <td> </td> <td> </td> <td> 0.61% </td> <td> 38 </td> </tr> <tr> <td> Theology and religious vocations </td> <td> </td> <td> </td> <td> </td> <td> 39 </td> </tr> <tr> <td> Physical sciences </td> <td> </td> <td> </td> <td> 0.78% </td> <td> 40 </td> </tr> <tr> <td> Science technologies </td> <td> </td> <td> </td> <td> </td> <td> 41 </td> </tr> <tr> <td> Psychology </td> <td> </td> <td> </td> <td> 5.81% </td> <td> 42 </td> </tr> <tr> <td> Homeland Security, law enforcement, firefighting, <br/> and protective services </td> <td> </td> <td> </td> <td> 0.96% </td> <td> 43 </td> </tr> <tr> <td> Public administration and social services </td> <td> </td> <td> </td> <td> 0.55% </td> <td> 44 </td> </tr> <tr> <td> Social sciences </td> <td> 2.62% </td> <td> </td> <td> 8.12% </td> <td> 45 </td> </tr> <tr> <td> Construction trades </td> <td> </td> <td> </td> <td> </td> <td> 46 </td> </tr> <tr> <td> Mechanic and repair technologies </td> <td> </td> <td> </td> <td> </td> <td> 47 </td> </tr> <tr> <td> Precision production </td> <td> </td> <td> </td> <td> </td> <td> 48 </td> </tr> <tr> <td> Transportation and materials moving </td> <td> </td> <td> </td> <td> </td> <td> 49 </td> </tr> <tr> <td> Visual and performing arts </td> <td> 6.51% </td> <td> </td> <td> 2.76% </td> <td> 50 </td> </tr> <tr> <td> Health professions and related programs </td> <td> 1.63% </td> <td> </td> <td> 3.02% </td> <td> 51 </td> </tr> <tr> <td> Business/marketing </td> <td> 30.02% </td> <td> </td> <td> 28.53% </td> <td> 52 </td> </tr> <tr> <td> History </td> <td> </td> <td> </td> <td> 1.00% </td> <td> 54 </td> </tr> <tr> <td> Other </td> <td> </td> <td> </td> <td> </td> <td> </td> </tr> <tr> <td> TOTAL (should = 100%) </td> <td> 100.00% </td> <td> 0.00% </td> <td> 100.00% </td> <td> </td> </tr> </table>",139959,../data/cds-docs/2021-2022/139959.pdf,2021-2022
