section,table_num,table_code,table_title,table_records,table_html,unitid,file,year
B,3,B3,Persistence,"[[{0: 'AWARD TYPE', 1: '# AWARDED'}, {0: 'Certificate/diploma:', 1: ''}, {0: 'Associate degrees:', 1: ''}, {0: 'Bachelor’s degrees:', 1: '5588'}, {0: 'Post-bachelor’s certificates:', 1: '588'}, {0: 'Master’s degrees:', 1: '1672'}, {0: 'Post-master’s certificates:', 1: '844'}, {0: 'Doctoral degrees –\nresearch/scholarship:', 1: '420'}, {0: 'Doctoral degrees – professional\npractice:', 1: '492'}, {0: 'Doctoral degrees – other:', 1: ''}]]",<table> <tr> <td> AWARD TYPE </td> <td> # AWARDED </td> </tr> <tr> <td> Certificate/diploma: </td> <td> </td> </tr> <tr> <td> Associate degrees: </td> <td> </td> </tr> <tr> <td> Bachelor’s degrees: </td> <td> 5588 </td> </tr> <tr> <td> Post-bachelor’s certificates: </td> <td> 588 </td> </tr> <tr> <td> Master’s degrees: </td> <td> 1672 </td> </tr> <tr> <td> Post-master’s certificates: </td> <td> 844 </td> </tr> <tr> <td> Doctoral degrees – <br/> research/scholarship: </td> <td> 420 </td> </tr> <tr> <td> Doctoral degrees – professional <br/> practice: </td> <td> 492 </td> </tr> <tr> <td> Doctoral degrees – other: </td> <td> </td> </tr> </table>,153658,../data/cds-docs/2024-2025/153658.pdf,2024-2025
B,4,B4,-B21: GraduationRates,"[[{0: '', 1: '', 2: 'Recipients of a\nFederal Pell\nGrant', 3: 'Recipients of a\nSubsidized\nStafford Loan\nwho did not\nreceive a Pell\nGrant', 4: 'Students who\ndid not receive\neither a Pell\nGrant or a\nsubsidized\nStafford Loan', 5: 'Total\n(sum of 3\ncolumns to the\nleft)'}, {0: 'A', 1: ""Initial 201\x1b cohort of first-time, full-time,\nbachelor's (or equivalent) degree\ufffe\nseeking undergraduate students"", 2: '761', 3: '712', 4: '3253', 5: '4726'}, {0: 'B', 1: 'Of the initial 201\x1b cohort, how many did\nnot persist and did not graduate for the\nfollowing reasons:\nx Deceased\nx Permanently Disabled\nx Armed Forces\nx Foreign Aid Service of the Federal Government\nx Official church missions\nx Report Total Allowable Exclusions', 2: '0', 3: '', 4: '0', 5: '0'}, {0: 'C', 1: 'Final 201\x1b cohort, after adjusting\nfor allowable exclusions', 2: '761', 3: '712', 4: '3253', 5: '4726'}, {0: 'D', 1: 'Of the initial 201\x1b cohort, how many\ncompleted the program in four years or\nless (by Aug. 31, 20\x15\x15)', 2: '371', 3: '381', 4: '1999', 5: '2751'}]]","<table> <tr> <td colspan=""2""> </td> <td> Recipients of a <br/> Federal Pell <br/> Grant </td> <td> Recipients of a <br/> Subsidized <br/> Stafford Loan <br/> who did not <br/> receive a Pell <br/> Grant </td> <td> Students who <br/> did not receive <br/> either a Pell <br/> Grant or a <br/> subsidized <br/> Stafford Loan </td> <td> Total <br/> (sum of 3 <br/> columns to the <br/> left) </td> </tr> <tr> <td> A </td> <td> Initial 201 cohort of first-time, full-time, <br/> bachelor's (or equivalent) degree￾ <br/> seeking undergraduate students </td> <td> 761 </td> <td> 712 </td> <td> 3253 </td> <td> 4726 </td> </tr> <tr> <td> B </td> <td> Of the initial 201 cohort, how many did <br/> not persist and did not graduate for the <br/> following reasons: <br/> x Deceased <br/> x Permanently Disabled <br/> x Armed Forces <br/> x Foreign Aid Service of the Federal Government <br/> x Official church missions <br/> x Report Total Allowable Exclusions </td> <td> 0 </td> <td> </td> <td> 0 </td> <td> 0 </td> </tr> <tr> <td> C </td> <td> Final 201 cohort, after adjusting <br/> for allowable exclusions </td> <td> 761 </td> <td> 712 </td> <td> 3253 </td> <td> 4726 </td> </tr> <tr> <td> D </td> <td> Of the initial 201 cohort, how many <br/> completed the program in four years or <br/> less (by Aug. 31, 20) </td> <td> 371 </td> <td> 381 </td> <td> 1999 </td> <td> 2751 </td> </tr> </table>",153658,../data/cds-docs/2024-2025/153658.pdf,2024-2025
C,5,C5,Distributionofhighschoolunitsrequiredand/orrecommended.Specifythedistributionofacademic high,"[[{0: '', 1: 'Units Required', 2: 'Units Recommended'}, {0: 'Total academic units', 1: '15.00', 2: '4.00'}, {0: 'English', 1: '4.00', 2: '0.00'}, {0: 'Mathematics', 1: '3.00', 2: '4.00'}, {0: 'Science', 1: '3.00', 2: '0.00'}, {0: 'Of these, units that must be lab', 1: '', 2: ''}, {0: 'Foreign language', 1: '2.00', 2: '0.00'}, {0: 'Social studies', 1: '3.00', 2: '0.00'}, {0: 'History', 1: '', 2: ''}, {0: 'Academic electives', 1: '', 2: ''}, {0: 'Computer Science', 1: '', 2: ''}, {0: 'Visual/Performing Arts', 1: '', 2: ''}, {0: 'Other (specify)', 1: '', 2: ''}]]","<table> <tr> <td> </td> <td> Units Required </td> <td> Units Recommended </td> </tr> <tr> <td> Total academic units </td> <td> 15.00 </td> <td> 4.00 </td> </tr> <tr> <td> English </td> <td> 4.00 </td> <td> 0.00 </td> </tr> <tr> <td> Mathematics </td> <td> 3.00 </td> <td> 4.00 </td> </tr> <tr> <td> Science </td> <td> 3.00 </td> <td> 0.00 </td> </tr> <tr> <td> Of these, units that must be lab </td> <td> </td> <td> </td> </tr> <tr> <td> Foreign language </td> <td> 2.00 </td> <td> 0.00 </td> </tr> <tr> <td> Social studies </td> <td> 3.00 </td> <td> 0.00 </td> </tr> <tr> <td> History </td> <td> </td> <td> </td> </tr> <tr> <td> Academic electives </td> <td> </td> <td> </td> </tr> <tr> <td> Computer Science </td> <td> </td> <td> </td> </tr> <tr> <td> Visual/Performing Arts </td> <td> </td> <td> </td> </tr> <tr> <td> Other (specify) </td> <td> </td> <td> </td> </tr> </table>",153658,../data/cds-docs/2024-2025/153658.pdf,2024-2025
B,1,B1,Institutional Enrollment - Men and Women,"[[{0: 'Undergraduate Students: Full-Time', 1: 'Men', 2: 'Women', 3: 'Another Gender'}, {0: 'Degree-seeking, first-time freshmen', 1: '2087', 2: '2,960', 3: '0'}, {0: 'Other first-year, degree-seeking', 1: '525', 2: '490', 3: '0'}, {0: 'All other degree-seeking', 1: '6,345', 2: '8,080', 3: '2'}, {0: 'Total degree-seeking', 1: '8,957', 2: '11,530', 3: '2'}, {0: 'All other undergraduates enrolled in credit\ncourses', 1: '87', 2: '46', 3: '0'}, {0: 'Total undergraduate Full-Time Students', 1: '9,044', 2: '11,576', 3: '2'}], [{0: 'Undergraduate Students: Part-Time', 1: 'Men', 2: 'Women', 3: 'Another Gender'}, {0: 'Degree-seeking, first-time freshmen', 1: '2', 2: '12', 3: '0'}, {0: 'Other first-year, degree-seeking', 1: '47', 2: '62', 3: '0'}, {0: 'All other degree-seeking', 1: '486', 2: '590', 3: '0'}, {0: 'Total degree-seeking', 1: '535', 2: '664', 3: '0'}, {0: 'All other undergraduates enrolled in credit\ncourses', 1: '125', 2: '184', 3: '0'}, {0: 'Total undergraduate Part-Time Students', 1: '660', 2: '848', 3: '0'}], [{0: 'Undergraduate Students: All', 1: 'Men', 2: 'Women', 3: 'Another Gender'}, {0: 'Total undergraduate Students', 1: '9,704', 2: '12,424', 3: '2'}], [{0: 'Graduate Students: Full-Time', 1: 'Graduate Students: Full-Time', 2: 'Graduate Students: Full-Time', 3: 'Graduate Students: Full-Time'}, {0: 'Degree-seeking, first-time', 1: '666', 2: '897', 3: '1'}, {0: 'All other degree-seeking', 1: '1507', 2: '1873', 3: '1'}, {0: '', 1: '17', 2: '18', 3: '0'}, {0: 'courses\nTotal graduate Full-Time Students', 1: '2190', 2: '2788', 3: '2'}], [{0: 'Graduate Students:Part-Time', 1: 'Graduate Students:Part-Time', 2: 'Graduate Students:Part-Time', 3: 'Graduate Students:Part-Time'}, {0: 'Degree-seeking, first-time', 1: '143', 2: '135', 3: '0'}, {0: 'All other degree-seeking', 1: '1171', 2: '1232', 3: '1'}, {0: 'courses', 1: '124', 2: '126', 3: '0'}, {0: 'Total graduate Part-Time Students', 1: '1438', 2: '1493', 3: '1'}], [{0: 'Graduate Students: All', 1: 'Men', 2: 'Women', 3: 'Another Gender'}, {0: 'Total Graduate Students', 1: '3628', 2: '4,281', 3: '3'}], [{0: 'All Students: Total', 1: 'Men', 2: 'Women', 3: 'Another Gender'}, {0: 'Total all students', 1: '13,332', 2: '16,705', 3: '5'}]]","<table> <tr> <td> Undergraduate Students: Full-Time </td> <td> Men </td> <td> Women </td> <td> Another Gender </td> </tr> <tr> <td> Degree-seeking, first-time freshmen </td> <td> 2087 </td> <td> 2,960 </td> <td> 0 </td> </tr> <tr> <td> Other first-year, degree-seeking </td> <td> 525 </td> <td> 490 </td> <td> 0 </td> </tr> <tr> <td> All other degree-seeking </td> <td> 6,345 </td> <td> 8,080 </td> <td> 2 </td> </tr> <tr> <td> Total degree-seeking </td> <td> 8,957 </td> <td> 11,530 </td> <td> 2 </td> </tr> <tr> <td> All other undergraduates enrolled in credit <br/> courses </td> <td> 87 </td> <td> 46 </td> <td> 0 </td> </tr> <tr> <td> Total undergraduate Full-Time Students </td> <td> 9,044 </td> <td> 11,576 </td> <td> 2 </td> </tr> </table><div class=""separator""></div><table> <tr> <td> Undergraduate Students: Part-Time </td> <td> Men </td> <td> Women </td> <td> Another Gender </td> </tr> <tr> <td> Degree-seeking, first-time freshmen </td> <td> 2 </td> <td> 12 </td> <td> 0 </td> </tr> <tr> <td> Other first-year, degree-seeking </td> <td> 47 </td> <td> 62 </td> <td> 0 </td> </tr> <tr> <td> All other degree-seeking </td> <td> 486 </td> <td> 590 </td> <td> 0 </td> </tr> <tr> <td> Total degree-seeking </td> <td> 535 </td> <td> 664 </td> <td> 0 </td> </tr> <tr> <td> All other undergraduates enrolled in credit <br/> courses </td> <td> 125 </td> <td> 184 </td> <td> 0 </td> </tr> <tr> <td> Total undergraduate Part-Time Students </td> <td> 660 </td> <td> 848 </td> <td> 0 </td> </tr> </table><div class=""separator""></div><table> <tr> <td> Undergraduate Students: All </td> <td> Men </td> <td> Women </td> <td> Another Gender </td> </tr> <tr> <td> Total undergraduate Students </td> <td> 9,704 </td> <td> 12,424 </td> <td> 2 </td> </tr> </table><div class=""separator""></div><table> <tr> <td colspan=""4""> Graduate Students: Full-Time </td> </tr> <tr> <td> Degree-seeking, first-time </td> <td> 666 </td> <td> 897 </td> <td> 1 </td> </tr> <tr> <td> All other degree-seeking </td> <td> 1507 </td> <td> 1873 </td> <td> 1 </td> </tr> <tr> <td> </td> <td> 17 </td> <td> 18 </td> <td> 0 </td> </tr> <tr> <td> courses <br/> Total graduate Full-Time Students </td> <td> 2190 </td> <td> 2788 </td> <td> 2 </td> </tr> </table><div class=""separator""></div><table> <tr> <td colspan=""4""> Graduate Students:Part-Time </td> </tr> <tr> <td> Degree-seeking, first-time </td> <td> 143 </td> <td> 135 </td> <td> 0 </td> </tr> <tr> <td> All other degree-seeking </td> <td> 1171 </td> <td> 1232 </td> <td> 1 </td> </tr> <tr> <td> courses </td> <td> 124 </td> <td> 126 </td> <td> 0 </td> </tr> <tr> <td> Total graduate Part-Time Students </td> <td> 1438 </td> <td> 1493 </td> <td> 1 </td> </tr> </table><div class=""separator""></div><table> <tr> <td> Graduate Students: All </td> <td> Men </td> <td> Women </td> <td> Another Gender </td> </tr> <tr> <td> Total Graduate Students </td> <td> 3628 </td> <td> 4,281 </td> <td> 3 </td> </tr> </table><div class=""separator""></div><table> <tr> <td> All Students: Total </td> <td> Men </td> <td> Women </td> <td> Another Gender </td> </tr> <tr> <td> Total all students </td> <td> 13,332 </td> <td> 16,705 </td> <td> 5 </td> </tr> </table>",153658,../data/cds-docs/2023-2024/153658.pdf,2023-2024
B,4,B4,-B21: Graduation Rates,"[[{0: '', 1: 'Recipients of a\nFederal Pell\nGrant', 2: 'Recipients of a\nSubsidized\nStafford Loan\nwho did not\nreceive a Pell\nGrant', 3: 'Students who did\nnot receive either a\nPell Grant or a\nsubsidized Stafford\nLoan', 4: 'Total\n(sum of 3 columns to\nthe left)'}, {0: ""Initial 2017 cohort of first-time, full-time,\nbachelor's (or equivalent) degree-seeking\nundergraduate students"", 1: '825', 2: '729', 3: '3153', 4: '4707'}, {0: 'Of the initial 2017 cohort, how many did not\npersist and did not graduate for the following\nreasons:\n• Deceased\n• Permanently Disabled\n• Armed Forces\n• Foreign Aid Service of the Federal Government\n• Official church missions\n• Report Total Allowable Exclusions', 1: '', 2: '', 3: '', 4: '0'}]]","<table> <tr> <td> </td> <td> Recipients of a <br/> Federal Pell <br/> Grant </td> <td> Recipients of a <br/> Subsidized <br/> Stafford Loan <br/> who did not <br/> receive a Pell <br/> Grant </td> <td> Students who did <br/> not receive either a <br/> Pell Grant or a <br/> subsidized Stafford <br/> Loan </td> <td> Total <br/> (sum of 3 columns to <br/> the left) </td> </tr> <tr> <td> Initial 2017 cohort of first-time, full-time, <br/> bachelor's (or equivalent) degree-seeking <br/> undergraduate students </td> <td> 825 </td> <td> 729 </td> <td> 3153 </td> <td> 4707 </td> </tr> <tr> <td> Of the initial 2017 cohort, how many did not <br/> persist and did not graduate for the following <br/> reasons: <br/> • Deceased <br/> • Permanently Disabled <br/> • Armed Forces <br/> • Foreign Aid Service of the Federal Government <br/> • Official church missions <br/> • Report Total Allowable Exclusions </td> <td> </td> <td> </td> <td> </td> <td> 0 </td> </tr> </table>",153658,../data/cds-docs/2023-2024/153658.pdf,2023-2024
C,1,C1,"First-time, first-year students: Provide the number of degree-seeking, first-time, first-year students who","[[{0: 'First-Time, First-Year Student Applicants', 1: 'Total'}, {0: 'Total first-time, first-year men who applied', 1: '11,425'}, {0: 'Total first-time, first-year women who applied', 1: '14,209'}, {0: 'Total first-time, first-year another gender who applied', 1: '48'}], [{0: 'First-Time, First-Year Student Admits', 1: 'Total'}, {0: 'Total first-time, first-year men who were admitted', 1: '9,346'}, {0: 'Total first-time, first-year women who were admitted', 1: '12,359'}, {0: 'Total first-time, first-year another gender who were admitted', 1: '41'}], [{0: 'First-Time, First-Year Student Enrollees by Status', 1: 'Total'}, {0: 'Total full-time, first-time, first-year men who enrolled', 1: '2070'}, {0: 'Total part-time, first-time, first-year men who enrolled', 1: '2'}, {0: 'Total full-time, first-time, first-year women who enrolled', 1: '2942'}, {0: 'Total part-time, first-time, first-year women who enrolled', 1: '12'}, {0: 'Total full-time, first-time, first-year another gender who enrolled', 1: '38'}, {0: 'Total part-time, first-time, first-year another gender who enrolled', 1: '0'}], [{0: 'First-Time, First-Year Student Applicants', 1: 'In-State', 2: 'Out-of-State', 3: 'International', 4: 'Unknown', 5: 'Total'}, {0: 'Total first-time, first-year who applied', 1: '5,482', 2: '18,552', 3: '1,648', 4: '0', 5: '25,682'}, {0: 'Total first-time, first-year who were admitted', 1: '4,811', 2: '16,209', 3: '726', 4: '0', 5: '21,746'}, {0: 'Total first-time, first-year who enrolled', 1: '2,657', 2: '2,338', 3: '69', 4: '0', 5: '5,064'}]]","<table> <tr> <td> First-Time, First-Year Student Applicants </td> <td> Total </td> </tr> <tr> <td> Total first-time, first-year men who applied </td> <td> 11,425 </td> </tr> <tr> <td> Total first-time, first-year women who applied </td> <td> 14,209 </td> </tr> <tr> <td> Total first-time, first-year another gender who applied </td> <td> 48 </td> </tr> </table><div class=""separator""></div><table> <tr> <td> First-Time, First-Year Student Admits </td> <td> Total </td> </tr> <tr> <td> Total first-time, first-year men who were admitted </td> <td> 9,346 </td> </tr> <tr> <td> Total first-time, first-year women who were admitted </td> <td> 12,359 </td> </tr> <tr> <td> Total first-time, first-year another gender who were admitted </td> <td> 41 </td> </tr> </table><div class=""separator""></div><table> <tr> <td> First-Time, First-Year Student Enrollees by Status </td> <td> Total </td> </tr> <tr> <td> Total full-time, first-time, first-year men who enrolled </td> <td> 2070 </td> </tr> <tr> <td> Total part-time, first-time, first-year men who enrolled </td> <td> 2 </td> </tr> <tr> <td> Total full-time, first-time, first-year women who enrolled </td> <td> 2942 </td> </tr> <tr> <td> Total part-time, first-time, first-year women who enrolled </td> <td> 12 </td> </tr> <tr> <td> Total full-time, first-time, first-year another gender who enrolled </td> <td> 38 </td> </tr> <tr> <td> Total part-time, first-time, first-year another gender who enrolled </td> <td> 0 </td> </tr> </table><div class=""separator""></div><table> <tr> <td> First-Time, First-Year Student Applicants </td> <td> In-State </td> <td> Out-of-State </td> <td> International </td> <td> Unknown </td> <td> Total </td> </tr> <tr> <td> Total first-time, first-year who applied </td> <td> 5,482 </td> <td> 18,552 </td> <td> 1,648 </td> <td> 0 </td> <td> 25,682 </td> </tr> <tr> <td> Total first-time, first-year who were admitted </td> <td> 4,811 </td> <td> 16,209 </td> <td> 726 </td> <td> 0 </td> <td> 21,746 </td> </tr> <tr> <td> Total first-time, first-year who enrolled </td> <td> 2,657 </td> <td> 2,338 </td> <td> 69 </td> <td> 0 </td> <td> 5,064 </td> </tr> </table>",153658,../data/cds-docs/2023-2024/153658.pdf,2023-2024
C,2,C2,"First-time, first-year wait-listed students","[[{0: 'WAITING LIST', 1: 'TOTAL'}, {0: 'Number of qualified applicants offered a place on waiting list:', 1: '0'}, {0: 'Number accepting a place on the waiting list:', 1: '0'}, {0: 'Number of wait-listed students admitted:', 1: '0'}], [{0: '', 1: 'X'}, {0: 'X', 1: ''}]]","<table> <tr> <td> WAITING LIST </td> <td> TOTAL </td> </tr> <tr> <td> Number of qualified applicants offered a place on waiting list: </td> <td> 0 </td> </tr> <tr> <td> Number accepting a place on the waiting list: </td> <td> 0 </td> </tr> <tr> <td> Number of wait-listed students admitted: </td> <td> 0 </td> </tr> </table><div class=""separator""></div><table> <tr> <td> </td> <td> X </td> </tr> <tr> <td> X </td> <td> </td> </tr> </table>",153658,../data/cds-docs/2023-2024/153658.pdf,2023-2024
C,5,C5,Distribution of high school units required and/or recommended. Specify the distribution of academic,"[[{0: 'Distribution of high school units', 1: 'Required', 2: 'Recommende'}, {0: 'Total academic units', 1: '15', 2: '4'}, {0: 'English', 1: '4', 2: ''}, {0: 'Mathematics', 1: '3', 2: '4'}, {0: 'Science', 1: '3', 2: ''}, {0: 'Of these, units that must be\nlab', 1: '', 2: ''}, {0: 'Foreign language', 1: '2', 2: ''}, {0: 'Social studies', 1: '3', 2: ''}, {0: 'History', 1: '', 2: ''}, {0: 'Academic electives', 1: '', 2: ''}, {0: 'Computer Science', 1: '', 2: ''}, {0: 'Visual/Performing Arts', 1: '', 2: ''}, {0: 'Other (specify)', 1: '', 2: ''}]]","<table> <tr> <td> Distribution of high school units </td> <td> Required </td> <td> Recommende </td> </tr> <tr> <td> Total academic units </td> <td> 15 </td> <td> 4 </td> </tr> <tr> <td> English </td> <td> 4 </td> <td> </td> </tr> <tr> <td> Mathematics </td> <td> 3 </td> <td> 4 </td> </tr> <tr> <td> Science </td> <td> 3 </td> <td> </td> </tr> <tr> <td> Of these, units that must be <br/> lab </td> <td> </td> <td> </td> </tr> <tr> <td> Foreign language </td> <td> 2 </td> <td> </td> </tr> <tr> <td> Social studies </td> <td> 3 </td> <td> </td> </tr> <tr> <td> History </td> <td> </td> <td> </td> </tr> <tr> <td> Academic electives </td> <td> </td> <td> </td> </tr> <tr> <td> Computer Science </td> <td> </td> <td> </td> </tr> <tr> <td> Visual/Performing Arts </td> <td> </td> <td> </td> </tr> <tr> <td> Other (specify) </td> <td> </td> <td> </td> </tr> </table>",153658,../data/cds-docs/2023-2024/153658.pdf,2023-2024
C,7,C7,"Relative importance of each of the following academic and nonacademic factors in your first-time,","[[{0: 'Academic', 1: 'Very Important', 2: 'Important', 3: 'Considered', 4: 'Not Considered'}, {0: 'Rigor of secondary school record', 1: 'x', 2: '', 3: '', 4: ''}, {0: 'Class rank', 1: 'x', 2: '', 3: '', 4: ''}, {0: 'Academic GPA', 1: 'x', 2: '', 3: '', 4: ''}, {0: 'Standardized test scores', 1: 'x', 2: '', 3: '', 4: ''}, {0: 'Application Essay', 1: '', 2: '', 3: '', 4: 'x'}, {0: 'Recommendation(s)', 1: '', 2: '', 3: 'x', 4: ''}, {0: 'Nonacademic', 1: 'Very Important', 2: 'Important', 3: 'Considered', 4: 'Not Considered'}, {0: 'Interview', 1: '', 2: '', 3: '', 4: 'x'}, {0: 'Extracurricular activities', 1: '', 2: '', 3: '', 4: 'x'}, {0: 'Talent/ability', 1: '', 2: '', 3: 'x', 4: ''}, {0: 'Character/personal qualities', 1: '', 2: '', 3: 'x', 4: ''}, {0: 'First generation', 1: '', 2: '', 3: '', 4: 'x'}, {0: 'Alumni/ae relation', 1: '', 2: '', 3: '', 4: 'x'}, {0: 'Geographical residence', 1: '', 2: '', 3: '', 4: 'x'}, {0: 'State residency', 1: '', 2: '', 3: 'x', 4: ''}, {0: 'Religious affiliation/commitment', 1: '', 2: '', 3: '', 4: 'x'}, {0: 'Volunteer work', 1: '', 2: '', 3: '', 4: 'x'}, {0: 'Work experience', 1: '', 2: '', 3: '', 4: 'x'}, {0: 'Level of applicant’s interest', 1: '', 2: '', 3: '', 4: 'x'}]]",<table> <tr> <td> Academic </td> <td> Very Important </td> <td> Important </td> <td> Considered </td> <td> Not Considered </td> </tr> <tr> <td> Rigor of secondary school record </td> <td> x </td> <td> </td> <td> </td> <td> </td> </tr> <tr> <td> Class rank </td> <td> x </td> <td> </td> <td> </td> <td> </td> </tr> <tr> <td> Academic GPA </td> <td> x </td> <td> </td> <td> </td> <td> </td> </tr> <tr> <td> Standardized test scores </td> <td> x </td> <td> </td> <td> </td> <td> </td> </tr> <tr> <td> Application Essay </td> <td> </td> <td> </td> <td> </td> <td> x </td> </tr> <tr> <td> Recommendation(s) </td> <td> </td> <td> </td> <td> x </td> <td> </td> </tr> <tr> <td> Nonacademic </td> <td> Very Important </td> <td> Important </td> <td> Considered </td> <td> Not Considered </td> </tr> <tr> <td> Interview </td> <td> </td> <td> </td> <td> </td> <td> x </td> </tr> <tr> <td> Extracurricular activities </td> <td> </td> <td> </td> <td> </td> <td> x </td> </tr> <tr> <td> Talent/ability </td> <td> </td> <td> </td> <td> x </td> <td> </td> </tr> <tr> <td> Character/personal qualities </td> <td> </td> <td> </td> <td> x </td> <td> </td> </tr> <tr> <td> First generation </td> <td> </td> <td> </td> <td> </td> <td> x </td> </tr> <tr> <td> Alumni/ae relation </td> <td> </td> <td> </td> <td> </td> <td> x </td> </tr> <tr> <td> Geographical residence </td> <td> </td> <td> </td> <td> </td> <td> x </td> </tr> <tr> <td> State residency </td> <td> </td> <td> </td> <td> x </td> <td> </td> </tr> <tr> <td> Religious affiliation/commitment </td> <td> </td> <td> </td> <td> </td> <td> x </td> </tr> <tr> <td> Volunteer work </td> <td> </td> <td> </td> <td> </td> <td> x </td> </tr> <tr> <td> Work experience </td> <td> </td> <td> </td> <td> </td> <td> x </td> </tr> <tr> <td> Level of applicant’s interest </td> <td> </td> <td> </td> <td> </td> <td> x </td> </tr> </table>,153658,../data/cds-docs/2023-2024/153658.pdf,2023-2024
C,8,C8,: SAT and ACT Policies,"[[{0: 'Yes', 1: 'No'}, {0: 'X', 1: ''}], [{0: 'Admission', 1: 'Required to be\nconsidered for\nadmission', 2: 'Required for\nsome', 3: 'Recommended', 4: 'Not required for\nadmission, but\nconsidered if\nsubmitted', 5: 'Not\nconsidered for\nadmission,\neven if\nsubmitted'}, {0: 'SAT or ACT', 1: '', 2: '', 3: '', 4: 'X', 5: ''}, {0: 'ACT Only', 1: '', 2: '', 3: '', 4: '', 5: ''}, {0: 'SAT Only', 1: '', 2: '', 3: '', 4: '', 5: ''}]]","<table> <tr> <td> Yes </td> <td> No </td> </tr> <tr> <td> X </td> <td> </td> </tr> </table><div class=""separator""></div><table> <tr> <td> Admission </td> <td> Required to be <br/> considered for <br/> admission </td> <td> Required for <br/> some </td> <td> Recommended </td> <td> Not required for <br/> admission, but <br/> considered if <br/> submitted </td> <td> Not <br/> considered for <br/> admission, <br/> even if <br/> submitted </td> </tr> <tr> <td> SAT or ACT </td> <td> </td> <td> </td> <td> </td> <td> X </td> <td> </td> </tr> <tr> <td> ACT Only </td> <td> </td> <td> </td> <td> </td> <td> </td> <td> </td> </tr> <tr> <td> SAT Only </td> <td> </td> <td> </td> <td> </td> <td> </td> <td> </td> </tr> </table>",153658,../data/cds-docs/2023-2024/153658.pdf,2023-2024
C,10,C10,"Percent of all degree-seeking, first-time, first-year students who had high school class rank within","[[{0: 'Assessment', 1: 'Percent'}, {0: 'Percent in top tenth of high school graduating class', 1: '33.43%'}, {0: 'Percent in top quarter of high school graduating class', 1: '67.79%'}, {0: 'Percent in top half of high school graduating class', 1: '92.44%'}, {0: 'Percent in bottom half of high school graduating class', 1: '7.56%'}, {0: 'Percent in bottom quarter of high school graduating class', 1: '0.70%'}, {0: 'Percent of total first-time, first-year (freshmen) students who\nsubmitted high school class rank:', 1: '33.97%'}]]","<table> <tr> <td> Assessment </td> <td> Percent </td> </tr> <tr> <td> Percent in top tenth of high school graduating class </td> <td> 33.43% </td> </tr> <tr> <td> Percent in top quarter of high school graduating class </td> <td> 67.79% </td> </tr> <tr> <td> Percent in top half of high school graduating class </td> <td> 92.44% </td> </tr> <tr> <td> Percent in bottom half of high school graduating class </td> <td> 7.56% </td> </tr> <tr> <td> Percent in bottom quarter of high school graduating class </td> <td> 0.70% </td> </tr> <tr> <td> Percent of total first-time, first-year (freshmen) students who <br/> submitted high school class rank: </td> <td> 33.97% </td> </tr> </table>",153658,../data/cds-docs/2023-2024/153658.pdf,2023-2024
C,11,C11,"Percentage of all enrolled, degree-seeking, first-time, first-year students who had high school","[[{0: 'Score Range', 1: 'Percent\n(Students\nsubmitted who\nscores)', 2: 'Percent\n(Students who\ndid not submit\nscores)', 3: 'Percent (All\nenrolled\nstudents)'}, {0: 'Percent who had GPA of 4.0', 1: '34.57%', 2: '30.98%', 3: '33.11%'}, {0: 'Percent who had GPA between 3.75 and 3.99', 1: '32.04%', 2: '26.76%', 3: '29.89%'}, {0: 'Percent who had GPA between 3.50 and 3.74', 1: '15.78%', 2: '20.00%', 3: '17.50%'}, {0: 'Percent who had GPA between 3.25 and 3.49', 1: '11.43%', 2: '15.29%', 3: '13.01%'}, {0: 'Percent who had GPA between 3.00 and 3.24', 1: '4.22%', 2: '5.64%', 3: '4.80%'}, {0: 'Percent who had GPA between 2.50 and 2.99', 1: '1.89%', 2: '1.27%', 3: '1.64%'}, {0: 'Percent who had GPA between 2.0 and 2.49', 1: '0.03%', 2: '0.05%', 3: '0.04%'}, {0: 'Percent who had GPA between 1.0 and 1.99', 1: '0.00%', 2: '0.00%', 3: '0.00%'}, {0: 'Percent who had GPA below 1.0', 1: '0.03%', 2: '0.00%', 3: '0.02%'}, {0: 'Totals should = 100%', 1: '100.00%', 2: '100.00%', 3: '100.00%'}]]",<table> <tr> <td> Score Range </td> <td> Percent <br/> (Students <br/> submitted who <br/> scores) </td> <td> Percent <br/> (Students who <br/> did not submit <br/> scores) </td> <td> Percent (All <br/> enrolled <br/> students) </td> </tr> <tr> <td> Percent who had GPA of 4.0 </td> <td> 34.57% </td> <td> 30.98% </td> <td> 33.11% </td> </tr> <tr> <td> Percent who had GPA between 3.75 and 3.99 </td> <td> 32.04% </td> <td> 26.76% </td> <td> 29.89% </td> </tr> <tr> <td> Percent who had GPA between 3.50 and 3.74 </td> <td> 15.78% </td> <td> 20.00% </td> <td> 17.50% </td> </tr> <tr> <td> Percent who had GPA between 3.25 and 3.49 </td> <td> 11.43% </td> <td> 15.29% </td> <td> 13.01% </td> </tr> <tr> <td> Percent who had GPA between 3.00 and 3.24 </td> <td> 4.22% </td> <td> 5.64% </td> <td> 4.80% </td> </tr> <tr> <td> Percent who had GPA between 2.50 and 2.99 </td> <td> 1.89% </td> <td> 1.27% </td> <td> 1.64% </td> </tr> <tr> <td> Percent who had GPA between 2.0 and 2.49 </td> <td> 0.03% </td> <td> 0.05% </td> <td> 0.04% </td> </tr> <tr> <td> Percent who had GPA between 1.0 and 1.99 </td> <td> 0.00% </td> <td> 0.00% </td> <td> 0.00% </td> </tr> <tr> <td> Percent who had GPA below 1.0 </td> <td> 0.03% </td> <td> 0.00% </td> <td> 0.02% </td> </tr> <tr> <td> Totals should = 100% </td> <td> 100.00% </td> <td> 100.00% </td> <td> 100.00% </td> </tr> </table>,153658,../data/cds-docs/2023-2024/153658.pdf,2023-2024
C,14,C14,Application closing date,"[[{0: '', 1: 'Date'}, {0: 'Application closing date (fall)', 1: '5/1'}, {0: 'Priority Date', 1: ''}]]",<table> <tr> <td> </td> <td> Date </td> </tr> <tr> <td> Application closing date (fall) </td> <td> 5/1 </td> </tr> <tr> <td> Priority Date </td> <td> </td> </tr> </table>,153658,../data/cds-docs/2023-2024/153658.pdf,2023-2024
D,2,D2,"Provide the number of students who applied, were admitted, and enrolled as degree-seeking transfer students in","[[{0: 'Transfer Admission', 1: 'Applicants', 2: 'Admitted', 3: 'Enrolled Applicants'}, {0: 'Men', 1: '1,390', 2: '954', 3: '549'}, {0: 'Women', 1: '1,350', 2: '980', 3: '527'}, {0: 'Another Gender', 1: '27', 2: '19', 3: '14'}, {0: 'Total', 1: '2,767', 2: '1,953', 3: '1,090'}]]","<table> <tr> <td> Transfer Admission </td> <td> Applicants </td> <td> Admitted </td> <td> Enrolled Applicants </td> </tr> <tr> <td> Men </td> <td> 1,390 </td> <td> 954 </td> <td> 549 </td> </tr> <tr> <td> Women </td> <td> 1,350 </td> <td> 980 </td> <td> 527 </td> </tr> <tr> <td> Another Gender </td> <td> 27 </td> <td> 19 </td> <td> 14 </td> </tr> <tr> <td> Total </td> <td> 2,767 </td> <td> 1,953 </td> <td> 1,090 </td> </tr> </table>",153658,../data/cds-docs/2023-2024/153658.pdf,2023-2024
D,5,D5,Indicate all items required of transfer students to apply for admission:,"[[{0: 'Requirements', 1: 'Requirements', 2: 'Required of All', 3: 'Recommended\nof All', 4: 'Recommended\nof Some', 5: 'Required of Some', 6: 'Not Required'}, {0: 'High school transcript', 1: 'High school transcript', 2: '', 3: '', 4: '', 5: 'x', 6: ''}, {0: 'College transcript(s)', 1: 'College transcript(s)', 2: '', 3: '', 4: '', 5: 'x', 6: ''}, {0: 'Essay', 1: 'or personal', 2: '', 3: '', 4: '', 5: 'x', 6: ''}, {0: 'Interview', 1: 'Interview', 2: '', 3: '', 4: '', 5: '', 6: 'x'}, {0: 'Standardized test scores', 1: 'Standardized test scores', 2: '', 3: '', 4: '', 5: 'x', 6: ''}, {0: 'Statement of good standing\nfrom prior institution(s)', 1: 'Statement of good standing\nfrom prior institution(s)', 2: '', 3: '', 4: '', 5: '', 6: 'x'}]]","<table> <tr> <td colspan=""2""> Requirements </td> <td> Required of All </td> <td> Recommended <br/> of All </td> <td> Recommended <br/> of Some </td> <td> Required of Some </td> <td> Not Required </td> </tr> <tr> <td colspan=""2""> High school transcript </td> <td> </td> <td> </td> <td> </td> <td> x </td> <td> </td> </tr> <tr> <td colspan=""2""> College transcript(s) </td> <td> </td> <td> </td> <td> </td> <td> x </td> <td> </td> </tr> <tr> <td> Essay </td> <td> or personal </td> <td> </td> <td> </td> <td> </td> <td> x </td> <td> </td> </tr> <tr> <td colspan=""2""> Interview </td> <td> </td> <td> </td> <td> </td> <td> </td> <td> x </td> </tr> <tr> <td colspan=""2""> Standardized test scores </td> <td> </td> <td> </td> <td> </td> <td> x </td> <td> </td> </tr> <tr> <td colspan=""2""> Statement of good standing <br/> from prior institution(s) </td> <td> </td> <td> </td> <td> </td> <td> </td> <td> x </td> </tr> </table>",153658,../data/cds-docs/2023-2024/153658.pdf,2023-2024
D,9,D9,"List application priority, closing, notification, and candidate reply dates for transfer students. If applications are","[[{0: 'Term', 1: 'Priority Date', 2: 'Closing Date', 3: 'Notification Date', 4: 'Reply Date', 5: 'Rolling\nAdmission'}, {0: 'Fall', 1: '', 2: '7/15', 3: '', 4: '5/1', 5: 'x'}, {0: 'Winter', 1: '', 2: '', 3: '', 4: '', 5: 'x'}, {0: 'Spring', 1: '', 2: '12/1', 3: '', 4: '11/15', 5: 'x'}, {0: 'Summer', 1: '', 2: '', 3: '', 4: '5/1', 5: 'x'}]]",<table> <tr> <td> Term </td> <td> Priority Date </td> <td> Closing Date </td> <td> Notification Date </td> <td> Reply Date </td> <td> Rolling <br/> Admission </td> </tr> <tr> <td> Fall </td> <td> </td> <td> 7/15 </td> <td> </td> <td> 5/1 </td> <td> x </td> </tr> <tr> <td> Winter </td> <td> </td> <td> </td> <td> </td> <td> </td> <td> x </td> </tr> <tr> <td> Spring </td> <td> </td> <td> 12/1 </td> <td> </td> <td> 11/15 </td> <td> x </td> </tr> <tr> <td> Summer </td> <td> </td> <td> </td> <td> </td> <td> 5/1 </td> <td> x </td> </tr> </table>,153658,../data/cds-docs/2023-2024/153658.pdf,2023-2024
F,1,F1,"Percentages of first-time, first-year (freshman) degree-seeking students and degree-seeking undergraduates","[[{0: '', 1: 'First-time, first\ufffe\nyear students', 2: 'Undergraduates'}, {0: 'Percent who are from out of state (exclude\ninternational/nonresidents from the\nnumerator and denominator)', 1: '47%', 2: '39%'}, {0: 'Percent of men who join fraternities', 1: '18%', 2: '13%'}, {0: 'Percent of women who join sororities', 1: '23%', 2: '17%'}, {0: 'Percent who live in college-owned, -\noperated, or -affiliated housing', 1: '91%', 2: '28%'}, {0: 'Percent who live off campus or commute', 1: '9%', 2: '72%'}, {0: 'Percent of students age 25 and older', 1: '0%', 2: '5%'}, {0: 'Average age of full-time students', 1: '18', 2: '20'}, {0: 'Average age of all students (full- and part\ufffe\ntime)', 1: '18', 2: '20'}]]","<table> <tr> <td> </td> <td> First-time, first￾ <br/> year students </td> <td> Undergraduates </td> </tr> <tr> <td> Percent who are from out of state (exclude <br/> international/nonresidents from the <br/> numerator and denominator) </td> <td> 47% </td> <td> 39% </td> </tr> <tr> <td> Percent of men who join fraternities </td> <td> 18% </td> <td> 13% </td> </tr> <tr> <td> Percent of women who join sororities </td> <td> 23% </td> <td> 17% </td> </tr> <tr> <td> Percent who live in college-owned, - <br/> operated, or -affiliated housing </td> <td> 91% </td> <td> 28% </td> </tr> <tr> <td> Percent who live off campus or commute </td> <td> 9% </td> <td> 72% </td> </tr> <tr> <td> Percent of students age 25 and older </td> <td> 0% </td> <td> 5% </td> </tr> <tr> <td> Average age of full-time students </td> <td> 18 </td> <td> 20 </td> </tr> <tr> <td> Average age of all students (full- and part￾ <br/> time) </td> <td> 18 </td> <td> 20 </td> </tr> </table>",153658,../data/cds-docs/2023-2024/153658.pdf,2023-2024
F,3,F3,ROTC (program offered in cooperation with Reserve Officers' Training Corps),"[[{0: 'Programs', 1: 'Marine Option\n(for Naval ROTC)', 2: 'On Campus', 3: 'At Cooperating\nInstitution', 4: 'Name of\nCooperating\nInstitution'}, {0: 'Army ROTC is offered:', 1: '', 2: 'x', 3: '', 4: ''}, {0: 'Naval ROTC is offered:', 1: '', 2: '', 3: '', 4: ''}, {0: 'Air Force ROTC is offered:', 1: '', 2: 'x', 3: '', 4: ''}]]",<table> <tr> <td> Programs </td> <td> Marine Option <br/> (for Naval ROTC) </td> <td> On Campus </td> <td> At Cooperating <br/> Institution </td> <td> Name of <br/> Cooperating <br/> Institution </td> </tr> <tr> <td> Army ROTC is offered: </td> <td> </td> <td> x </td> <td> </td> <td> </td> </tr> <tr> <td> Naval ROTC is offered: </td> <td> </td> <td> </td> <td> </td> <td> </td> </tr> <tr> <td> Air Force ROTC is offered: </td> <td> </td> <td> x </td> <td> </td> <td> </td> </tr> </table>,153658,../data/cds-docs/2023-2024/153658.pdf,2023-2024
G,1,G1,"Undergraduate full-time tuition, required fees, food and housing","[[{0: 'PRIVATE INSTITUTIONS', 1: 'First-Year', 2: 'Undergraduates'}, {0: 'Tuition:', 1: '', 2: ''}], [{0: 'PUBLIC INSTITUTIONS', 1: 'First-Year', 2: 'Undergraduates'}, {0: 'Tuition: In-district', 1: '', 2: ''}, {0: 'Tuition: In-state (out-of-district):', 1: '$9,286', 2: '$9,286'}, {0: 'Tuition: Out-of-state:', 1: '$31,374', 2: '$31,374'}, {0: 'Tuition: Non-resident', 1: '$31,374', 2: '$31,374'}, {0: 'FOR ALL INSTITUTIONS', 1: 'First-Year', 2: 'Undergraduates'}, {0: 'Required Fees:', 1: '$1,997', 2: '$1,997'}, {0: 'Food and housing (on-campus):', 1: '$12,920', 2: '$12,920'}, {0: 'Housing Only (on-campus):', 1: '', 2: ''}, {0: 'Food Only (on-campus meal plan):', 1: '', 2: ''}]]","<table> <tr> <td> PRIVATE INSTITUTIONS </td> <td> First-Year </td> <td> Undergraduates </td> </tr> <tr> <td> Tuition: </td> <td> </td> <td> </td> </tr> </table><div class=""separator""></div><table> <tr> <td> PUBLIC INSTITUTIONS </td> <td> First-Year </td> <td> Undergraduates </td> </tr> <tr> <td> Tuition: In-district </td> <td> </td> <td> </td> </tr> <tr> <td> Tuition: In-state (out-of-district): </td> <td> $9,286 </td> <td> $9,286 </td> </tr> <tr> <td> Tuition: Out-of-state: </td> <td> $31,374 </td> <td> $31,374 </td> </tr> <tr> <td> Tuition: Non-resident </td> <td> $31,374 </td> <td> $31,374 </td> </tr> <tr> <td> FOR ALL INSTITUTIONS </td> <td> First-Year </td> <td> Undergraduates </td> </tr> <tr> <td> Required Fees: </td> <td> $1,997 </td> <td> $1,997 </td> </tr> <tr> <td> Food and housing (on-campus): </td> <td> $12,920 </td> <td> $12,920 </td> </tr> <tr> <td> Housing Only (on-campus): </td> <td> </td> <td> </td> </tr> <tr> <td> Food Only (on-campus meal plan): </td> <td> </td> <td> </td> </tr> </table>",153658,../data/cds-docs/2023-2024/153658.pdf,2023-2024
G,2,G2,Number of credits per term a student can take for the stated,"[[{0: '', 1: 'X'}, {0: 'X', 1: ''}]]",<table> <tr> <td> </td> <td> X </td> </tr> <tr> <td> X </td> <td> </td> </tr> </table>,153658,../data/cds-docs/2023-2024/153658.pdf,2023-2024
G,5,G5,Provide the estimated expenses for a typical full-time undergraduate student:,"[[{0: '', 1: 'Residents', 2: 'Commuters\n(living at home)', 3: 'Commuters\n(not living at home)'}, {0: 'Books and supplies:', 1: '$950', 2: '$950', 3: '$950'}, {0: 'Housing only:', 1: 'Not Applicable', 2: 'Not Applicable', 3: ''}, {0: 'Food only:', 1: 'Not Applicable', 2: '', 3: ''}, {0: 'Food and housing total*', 1: 'Not Applicable', 2: '$4,370', 3: '$12,920'}, {0: 'Transportation:', 1: '$1,140', 2: '$646', 3: '$1,140'}]]","<table> <tr> <td> </td> <td> Residents </td> <td> Commuters <br/> (living at home) </td> <td> Commuters <br/> (not living at home) </td> </tr> <tr> <td> Books and supplies: </td> <td> $950 </td> <td> $950 </td> <td> $950 </td> </tr> <tr> <td> Housing only: </td> <td> Not Applicable </td> <td> Not Applicable </td> <td> </td> </tr> <tr> <td> Food only: </td> <td> Not Applicable </td> <td> </td> <td> </td> </tr> <tr> <td> Food and housing total* </td> <td> Not Applicable </td> <td> $4,370 </td> <td> $12,920 </td> </tr> <tr> <td> Transportation: </td> <td> $1,140 </td> <td> $646 </td> <td> $1,140 </td> </tr> </table>",153658,../data/cds-docs/2023-2024/153658.pdf,2023-2024
G,6,G6,Undergraduate per-credit-hour charges (tuition only):,"[[{0: 'PRIVATE INSTITUTIONS:', 1: ''}, {0: 'PUBLIC INSTITUTIONS:', 1: ''}, {0: 'In-district:', 1: ''}, {0: 'In-state (out-of-district):', 1: '$386.92'}, {0: 'Out-of-state:', 1: '$1,307.25'}, {0: 'NONRESIDENTS:', 1: '$1,307.25'}]]","<table> <tr> <td> PRIVATE INSTITUTIONS: </td> <td> </td> </tr> <tr> <td> PUBLIC INSTITUTIONS: </td> <td> </td> </tr> <tr> <td> In-district: </td> <td> </td> </tr> <tr> <td> In-state (out-of-district): </td> <td> $386.92 </td> </tr> <tr> <td> Out-of-state: </td> <td> $1,307.25 </td> </tr> <tr> <td> NONRESIDENTS: </td> <td> $1,307.25 </td> </tr> </table>",153658,../data/cds-docs/2023-2024/153658.pdf,2023-2024
H,2,H2,", A, and H6 below:","[[{0: 'Aid Awarded', 1: 'Need-based', 2: 'Non-need\ufffe'}, {0: 'Scholarships/Grants', 1: '', 2: ''}, {0: 'Federal', 1: '$20,918,929', 2: '$239,204'}, {0: 'State all states, not only the state in which your institution is located', 1: '$2,164,281', 2: '$834,621'}, {0: 'Institutional: Endowed scholarships, annual gifts and tuition funded\ngrants, awarded by the college, excluding athletic aid and tuition\nwaivers (which are reported below).', 1: '$56,764,925', 2: '$42,183,512'}], [{0: '', 1: 'Number of Enrolled Students Awarded Aid', 2: 'First-time Full\ufffe\ntime Freshmen', 3: 'Full-time\nUndergrad\n(Incl. Fresh)', 4: 'Less Than\nFull-time\nUndergrad'}, {0: 'A', 1: 'Number of degree-seeking undergraduate students\n(CDS Item B1 if reporting on Fall 2023 cohort)', 2: '5154', 3: '20181', 4: '1364'}, {0: 'B', 1: 'Number of students in line a who applied for need-based\nfinancial aid', 2: '4463', 3: '14914', 4: '704'}, {0: 'C', 1: 'Number of students in line b who were determined to\nhave financial need', 2: '2507', 3: '9441', 4: '503'}, {0: 'D', 1: 'Number of students in line c who were awarded any', 2: '2490', 3: '9358', 4: '473'}, {0: 'E', 1: 'Number of students in line d who were awarded any', 2: '2155', 3: '7869', 4: '356'}, {0: 'F', 1: 'Number of students in line d who were awarded any', 2: '1962', 3: '7583', 4: '380'}, {0: 'G', 1: 'Number of students in line d who were awarded any non-', 2: '311', 3: '985', 4: '14'}, {0: 'H', 1: 'Number of students in line d whose need was fully met', 2: '1102', 3: '3600', 4: '90'}, {0: 'I', 1: 'On average, the percentage of need that was met of\nstudents who were awarded any need-based aid.', 2: '75.0%', 3: '73.0%', 4: '54.0%'}, {0: 'J', 1: 'The average financial aid package of those in line d.', 2: '$ 14,235', 3: '$ 14,263', 4: '$ 7,264'}, {0: 'K', 1: 'Average need-based scholarship and grant award of\nthose in line e', 2: '$ 11,100', 3: '$ 10,452', 4: '$ 4,309'}, {0: 'L', 1: 'Average need-based self-help award (excluding PLUS\nloans, unsubsidized loans, and private alternative loans)\nof those in line f', 2: '$ 9,090', 3: '$ 9,319', 4: '$ 7,599'}, {0: 'M', 1: 'Average need-based loan (excluding PLUS loans,', 2: '$ 6,985', 3: '$ 9,188', 4: '$ 7,492'}], [{0: '', 1: 'Number of Enrolled Students Awarded Non-need\ufffe\nbased Scholarships and Grants', 2: 'First-time\nFull-time\nFreshmen', 3: 'Full-time\nUndergrad\n(Incl. Fresh.)', 4: 'Less Than\nFull-time\nUndergrad'}, {0: 'N', 1: 'Number of students in line a who had no financial need\nand who were awarded institutional non-need-based\nscholarship or grant aid (exclude those who were\nawarded athletic awards and tuition benefits)', 2: '1715', 3: '5910', 4: '131'}, {0: 'O', 1: 'Average dollar amount of institutional non-need-based', 2: '$ 6,327', 3: '$ 6,333', 4: '$ 2,159'}]]","<table> <tr> <td> Aid Awarded </td> <td> Need-based </td> <td> Non-need￾ </td> </tr> <tr> <td> Scholarships/Grants </td> <td> </td> <td> </td> </tr> <tr> <td> Federal </td> <td> $20,918,929 </td> <td> $239,204 </td> </tr> <tr> <td> State all states, not only the state in which your institution is located </td> <td> $2,164,281 </td> <td> $834,621 </td> </tr> <tr> <td> Institutional: Endowed scholarships, annual gifts and tuition funded <br/> grants, awarded by the college, excluding athletic aid and tuition <br/> waivers (which are reported below). </td> <td> $56,764,925 </td> <td> $42,183,512 </td> </tr> </table><div class=""separator""></div><table> <tr> <td> </td> <td> Number of Enrolled Students Awarded Aid </td> <td> First-time Full￾ <br/> time Freshmen </td> <td> Full-time <br/> Undergrad <br/> (Incl. Fresh) </td> <td> Less Than <br/> Full-time <br/> Undergrad </td> </tr> <tr> <td> A </td> <td> Number of degree-seeking undergraduate students <br/> (CDS Item B1 if reporting on Fall 2023 cohort) </td> <td> 5154 </td> <td> 20181 </td> <td> 1364 </td> </tr> <tr> <td> B </td> <td> Number of students in line a who applied for need-based <br/> financial aid </td> <td> 4463 </td> <td> 14914 </td> <td> 704 </td> </tr> <tr> <td> C </td> <td> Number of students in line b who were determined to <br/> have financial need </td> <td> 2507 </td> <td> 9441 </td> <td> 503 </td> </tr> <tr> <td> D </td> <td> Number of students in line c who were awarded any </td> <td> 2490 </td> <td> 9358 </td> <td> 473 </td> </tr> <tr> <td> E </td> <td> Number of students in line d who were awarded any </td> <td> 2155 </td> <td> 7869 </td> <td> 356 </td> </tr> <tr> <td> F </td> <td> Number of students in line d who were awarded any </td> <td> 1962 </td> <td> 7583 </td> <td> 380 </td> </tr> <tr> <td> G </td> <td> Number of students in line d who were awarded any non- </td> <td> 311 </td> <td> 985 </td> <td> 14 </td> </tr> <tr> <td> H </td> <td> Number of students in line d whose need was fully met </td> <td> 1102 </td> <td> 3600 </td> <td> 90 </td> </tr> <tr> <td> I </td> <td> On average, the percentage of need that was met of <br/> students who were awarded any need-based aid. </td> <td> 75.0% </td> <td> 73.0% </td> <td> 54.0% </td> </tr> <tr> <td> J </td> <td> The average financial aid package of those in line d. </td> <td> $ 14,235 </td> <td> $ 14,263 </td> <td> $ 7,264 </td> </tr> <tr> <td> K </td> <td> Average need-based scholarship and grant award of <br/> those in line e </td> <td> $ 11,100 </td> <td> $ 10,452 </td> <td> $ 4,309 </td> </tr> <tr> <td> L </td> <td> Average need-based self-help award (excluding PLUS <br/> loans, unsubsidized loans, and private alternative loans) <br/> of those in line f </td> <td> $ 9,090 </td> <td> $ 9,319 </td> <td> $ 7,599 </td> </tr> <tr> <td> M </td> <td> Average need-based loan (excluding PLUS loans, </td> <td> $ 6,985 </td> <td> $ 9,188 </td> <td> $ 7,492 </td> </tr> </table><div class=""separator""></div><table> <tr> <td> </td> <td> Number of Enrolled Students Awarded Non-need￾ <br/> based Scholarships and Grants </td> <td> First-time <br/> Full-time <br/> Freshmen </td> <td> Full-time <br/> Undergrad <br/> (Incl. Fresh.) </td> <td> Less Than <br/> Full-time <br/> Undergrad </td> </tr> <tr> <td> N </td> <td> Number of students in line a who had no financial need <br/> and who were awarded institutional non-need-based <br/> scholarship or grant aid (exclude those who were <br/> awarded athletic awards and tuition benefits) </td> <td> 1715 </td> <td> 5910 </td> <td> 131 </td> </tr> <tr> <td> O </td> <td> Average dollar amount of institutional non-need-based </td> <td> $ 6,327 </td> <td> $ 6,333 </td> <td> $ 2,159 </td> </tr> </table>",153658,../data/cds-docs/2023-2024/153658.pdf,2023-2024
H,5,H5,"Number and percent of students in class (defined in H4 above) borrowing from federal, non-federal,","[[{0: 'Source/Type of Loan', 1: 'Source/Type of Loan', 2: 'Number in the\nclass (defined\nin H4 above)\nwho borrowed\nfrom the types\nof loans\nspecified in the\nfirst column', 3: 'Percent of the\nclass (defined\nabove) who\nborrowed from\nthe types of\nloans specified\nin the first\ncolumn\n(nearest 1%)', 4: 'Average per\ufffe\nundergraduate\ufffe\nborrower\ncumulative\nprincipal\nborrowed from\nthe types of\nloans specified\nin the first\ncolumn\n(nearest $1)'}, {0: 'A', 1: 'Any loan program: Federal Perkins, Federal Stafford\nSubsidized and Unsubsidized, institutional, state, private\nloans that your institution is aware of, etc. Include both\nFederal Direct Student Loans and Federal Family\nEducation Loans.', 2: '1,914', 3: '49.00%', 4: '$31,756'}, {0: 'B', 1: 'Federal loan programs: Federal Perkins, Federal\nStafford Subsidized and Unsubsidized. Include both\nFederal Direct Student Loans and Federal Family\nEducation Loans.', 2: '1,878', 3: '48.00%', 4: '$21,740'}, {0: 'C', 1: 'Institutional loan programs.', 2: '6', 3: '0.00%', 4: '$4,594'}, {0: 'D', 1: 'State loan programs.', 2: '0', 3: '0.00%', 4: '$0'}]]","<table> <tr> <td colspan=""2""> Source/Type of Loan </td> <td> Number in the <br/> class (defined <br/> in H4 above) <br/> who borrowed <br/> from the types <br/> of loans <br/> specified in the <br/> first column </td> <td> Percent of the <br/> class (defined <br/> above) who <br/> borrowed from <br/> the types of <br/> loans specified <br/> in the first <br/> column <br/> (nearest 1%) </td> <td> Average per￾ <br/> undergraduate￾ <br/> borrower <br/> cumulative <br/> principal <br/> borrowed from <br/> the types of <br/> loans specified <br/> in the first <br/> column <br/> (nearest $1) </td> </tr> <tr> <td> A </td> <td> Any loan program: Federal Perkins, Federal Stafford <br/> Subsidized and Unsubsidized, institutional, state, private <br/> loans that your institution is aware of, etc. Include both <br/> Federal Direct Student Loans and Federal Family <br/> Education Loans. </td> <td> 1,914 </td> <td> 49.00% </td> <td> $31,756 </td> </tr> <tr> <td> B </td> <td> Federal loan programs: Federal Perkins, Federal <br/> Stafford Subsidized and Unsubsidized. Include both <br/> Federal Direct Student Loans and Federal Family <br/> Education Loans. </td> <td> 1,878 </td> <td> 48.00% </td> <td> $21,740 </td> </tr> <tr> <td> C </td> <td> Institutional loan programs. </td> <td> 6 </td> <td> 0.00% </td> <td> $4,594 </td> </tr> <tr> <td> D </td> <td> State loan programs. </td> <td> 0 </td> <td> 0.00% </td> <td> $0 </td> </tr> </table>",153658,../data/cds-docs/2023-2024/153658.pdf,2023-2024
H,14,H14,Check off criteria used in awarding institutional aid. Check all that apply.,"[[{0: '', 1: 'Non-Need Based', 2: 'Need-Based'}, {0: 'Academics', 1: 'x', 2: ''}, {0: 'Alumni affiliation', 1: 'x', 2: ''}, {0: 'Art', 1: 'x', 2: ''}, {0: 'Athletics', 1: 'x', 2: ''}, {0: 'Job skills', 1: '', 2: ''}, {0: 'ROTC', 1: 'x', 2: ''}, {0: 'Leadership', 1: 'x', 2: ''}, {0: 'Minority status', 1: 'x', 2: ''}, {0: 'Music/drama', 1: 'x', 2: ''}, {0: 'Religious affiliation', 1: '', 2: ''}, {0: 'State/district residency', 1: 'x', 2: ''}]]",<table> <tr> <td> </td> <td> Non-Need Based </td> <td> Need-Based </td> </tr> <tr> <td> Academics </td> <td> x </td> <td> </td> </tr> <tr> <td> Alumni affiliation </td> <td> x </td> <td> </td> </tr> <tr> <td> Art </td> <td> x </td> <td> </td> </tr> <tr> <td> Athletics </td> <td> x </td> <td> </td> </tr> <tr> <td> Job skills </td> <td> </td> <td> </td> </tr> <tr> <td> ROTC </td> <td> x </td> <td> </td> </tr> <tr> <td> Leadership </td> <td> x </td> <td> </td> </tr> <tr> <td> Minority status </td> <td> x </td> <td> </td> </tr> <tr> <td> Music/drama </td> <td> x </td> <td> </td> </tr> <tr> <td> Religious affiliation </td> <td> </td> <td> </td> </tr> <tr> <td> State/district residency </td> <td> x </td> <td> </td> </tr> </table>,153658,../data/cds-docs/2023-2024/153658.pdf,2023-2024
J,1,J1,"Degrees conferred between July 1, 2022 and June 30, 2023","[[{0: 'Category', 1: 'Category', 2: 'Diploma/Certificates', 3: 'Associate', 4: 'Bachelor’s', 5: 'CIP 2020 Categories\nto Include'}, {0: 'Business/marketing', 1: 'Business/marketing', 2: '', 3: '', 4: '24.07%', 5: '52'}, {0: 'Parks and recreation', 1: 'Parks and recreation', 2: '', 3: '', 4: '10.16%', 5: '31'}, {0: 'Interdisciplinary studies', 1: 'Interdisciplinary studies', 2: '', 3: '', 4: '9.12%', 5: '30'}, {0: 'Social sciences', 1: 'Social sciences', 2: '', 3: '', 4: '7.79%', 5: '45'}, {0: 'Engineering', 1: 'Engineering', 2: '', 3: '', 4: '7.47%', 5: '14'}, {0: 'Health professions and related programs', 1: 'Health professions and related programs', 2: '', 3: '', 4: '7.08%', 5: '51'}, {0: 'Visual and performing arts', 1: 'Visual and performing arts', 2: '', 3: '', 4: '4.73%', 5: '50'}, {0: 'Communication/journalism', 1: 'Communication/journalism', 2: '', 3: '', 4: '4.44%', 5: '09'}, {0: 'Biological/life sciences', 1: 'Biological/life sciences', 2: '', 3: '', 4: '4.09%', 5: '26'}, {0: 'Education', 1: 'Education', 2: '', 3: '', 4: '4.02%', 5: '13'}, {0: 'English', 1: 'English', 2: '', 3: '', 4: '3.57%', 5: '23'}, {0: 'Liberal arts/general studies', 1: 'Liberal arts/general studies', 2: '', 3: '', 4: '3.31%', 5: '24'}, {0: 'Computer and information sciences', 1: 'Computer and information sciences', 2: '', 3: '', 4: '2.31%', 5: '11'}, {0: 'Mathematics and statistics', 1: 'Mathematics and statistics', 2: '', 3: '', 4: '1.75%', 5: '27'}, {0: 'Physical sciences', 1: 'Physical sciences', 2: '', 3: '', 4: '1.40%', 5: '40'}, {0: 'Foreign languages, literatures, and linguistics', 1: 'Foreign languages, literatures, and linguistics', 2: '', 3: '', 4: '1.21%', 5: '16'}, {0: 'Natural resources and conservation', 1: 'Natural resources and conservation', 2: '', 3: '', 4: '0.97%', 5: '03'}, {0: 'History', 1: 'History', 2: '', 3: '', 4: '0.90%', 5: '54'}, {0: 'Public administration and social services', 1: 'Public administration and social services', 2: '', 3: '', 4: '0.66%', 5: '44'}, {0: 'Philosophy and religious studies', 1: 'Philosophy and religious studies', 2: '', 3: '', 4: '0.47%', 5: '38'}, {0: 'Area, ethnic, and gender studies', 1: 'Area, ethnic, and gender studies', 2: '', 3: '', 4: '0.45%', 5: '05'}, {0: 'Agriculture', 1: 'Agriculture', 2: '', 3: '', 4: '0.00%', 5: '01'}, {0: 'Architecture', 1: 'Architecture', 2: '', 3: '', 4: '0.00%', 5: '04'}, {0: 'Communication technologies', 1: 'Communication technologies', 2: '', 3: '', 4: '0.00%', 5: '10'}, {0: 'Personal and culinary services', 1: 'Personal and culinary services', 2: '', 3: '', 4: '0.00%', 5: '12'}, {0: 'Engineering technologies', 1: 'Engineering technologies', 2: '', 3: '', 4: '0.00%', 5: '15'}, {0: 'Family and consumer sciences', 1: 'Family and consumer sciences', 2: '', 3: '', 4: '0.00%', 5: '19'}, {0: 'Law/legal studies', 1: 'Law/legal studies', 2: '', 3: '', 4: '0.00%', 5: '22'}, {0: 'Library science', 1: 'Library science', 2: '', 3: '', 4: '0.00%', 5: '25'}, {0: 'Military science and military technologies', 1: 'Military science and military technologies', 2: '', 3: '', 4: '0.00%', 5: '28 & 29'}, {0: 'Theology and religious vocations', 1: 'Theology and religious vocations', 2: '', 3: '', 4: '0.00%', 5: '39'}, {0: 'Science technologies', 1: '', 2: '', 3: '', 4: '0.00%', 5: '41'}, {0: 'Psychology', 1: 'Psychology', 2: '', 3: '', 4: '0.00%', 5: '42'}, {0: 'Homeland Security, law enforcement, firefighting,', 1: 'Homeland Security, law enforcement, firefighting,', 2: '', 3: '', 4: '0.00%', 5: '43'}, {0: 'Construction trades', 1: 'Construction trades', 2: '', 3: '', 4: '0.00%', 5: '46'}, {0: 'Mechanic and repair technologies', 1: 'Mechanic and repair technologies', 2: '', 3: '', 4: '0.00%', 5: '47'}, {0: 'Precision production', 1: 'Precision production', 2: '', 3: '', 4: '0.00%', 5: '48'}, {0: 'Transportation and materials moving', 1: 'Transportation and materials moving', 2: '', 3: '', 4: '0.00%', 5: '49'}, {0: 'Other', 1: 'Other', 2: '', 3: '', 4: '', 5: ''}, {0: 'TOTAL (should = 100%)', 1: 'TOTAL (should = 100%)', 2: '0.00%', 3: '0.00%', 4: '100.00%', 5: ''}]]","<table> <tr> <td colspan=""2""> Category </td> <td> Diploma/Certificates </td> <td> Associate </td> <td> Bachelor’s </td> <td> CIP 2020 Categories <br/> to Include </td> </tr> <tr> <td colspan=""2""> Business/marketing </td> <td> </td> <td> </td> <td> 24.07% </td> <td> 52 </td> </tr> <tr> <td colspan=""2""> Parks and recreation </td> <td> </td> <td> </td> <td> 10.16% </td> <td> 31 </td> </tr> <tr> <td colspan=""2""> Interdisciplinary studies </td> <td> </td> <td> </td> <td> 9.12% </td> <td> 30 </td> </tr> <tr> <td colspan=""2""> Social sciences </td> <td> </td> <td> </td> <td> 7.79% </td> <td> 45 </td> </tr> <tr> <td colspan=""2""> Engineering </td> <td> </td> <td> </td> <td> 7.47% </td> <td> 14 </td> </tr> <tr> <td colspan=""2""> Health professions and related programs </td> <td> </td> <td> </td> <td> 7.08% </td> <td> 51 </td> </tr> <tr> <td colspan=""2""> Visual and performing arts </td> <td> </td> <td> </td> <td> 4.73% </td> <td> 50 </td> </tr> <tr> <td colspan=""2""> Communication/journalism </td> <td> </td> <td> </td> <td> 4.44% </td> <td> 09 </td> </tr> <tr> <td colspan=""2""> Biological/life sciences </td> <td> </td> <td> </td> <td> 4.09% </td> <td> 26 </td> </tr> <tr> <td colspan=""2""> Education </td> <td> </td> <td> </td> <td> 4.02% </td> <td> 13 </td> </tr> <tr> <td colspan=""2""> English </td> <td> </td> <td> </td> <td> 3.57% </td> <td> 23 </td> </tr> <tr> <td colspan=""2""> Liberal arts/general studies </td> <td> </td> <td> </td> <td> 3.31% </td> <td> 24 </td> </tr> <tr> <td colspan=""2""> Computer and information sciences </td> <td> </td> <td> </td> <td> 2.31% </td> <td> 11 </td> </tr> <tr> <td colspan=""2""> Mathematics and statistics </td> <td> </td> <td> </td> <td> 1.75% </td> <td> 27 </td> </tr> <tr> <td colspan=""2""> Physical sciences </td> <td> </td> <td> </td> <td> 1.40% </td> <td> 40 </td> </tr> <tr> <td colspan=""2""> Foreign languages, literatures, and linguistics </td> <td> </td> <td> </td> <td> 1.21% </td> <td> 16 </td> </tr> <tr> <td colspan=""2""> Natural resources and conservation </td> <td> </td> <td> </td> <td> 0.97% </td> <td> 03 </td> </tr> <tr> <td colspan=""2""> History </td> <td> </td> <td> </td> <td> 0.90% </td> <td> 54 </td> </tr> <tr> <td colspan=""2""> Public administration and social services </td> <td> </td> <td> </td> <td> 0.66% </td> <td> 44 </td> </tr> <tr> <td colspan=""2""> Philosophy and religious studies </td> <td> </td> <td> </td> <td> 0.47% </td> <td> 38 </td> </tr> <tr> <td colspan=""2""> Area, ethnic, and gender studies </td> <td> </td> <td> </td> <td> 0.45% </td> <td> 05 </td> </tr> <tr> <td colspan=""2""> Agriculture </td> <td> </td> <td> </td> <td> 0.00% </td> <td> 01 </td> </tr> <tr> <td colspan=""2""> Architecture </td> <td> </td> <td> </td> <td> 0.00% </td> <td> 04 </td> </tr> <tr> <td colspan=""2""> Communication technologies </td> <td> </td> <td> </td> <td> 0.00% </td> <td> 10 </td> </tr> <tr> <td colspan=""2""> Personal and culinary services </td> <td> </td> <td> </td> <td> 0.00% </td> <td> 12 </td> </tr> <tr> <td colspan=""2""> Engineering technologies </td> <td> </td> <td> </td> <td> 0.00% </td> <td> 15 </td> </tr> <tr> <td colspan=""2""> Family and consumer sciences </td> <td> </td> <td> </td> <td> 0.00% </td> <td> 19 </td> </tr> <tr> <td colspan=""2""> Law/legal studies </td> <td> </td> <td> </td> <td> 0.00% </td> <td> 22 </td> </tr> <tr> <td colspan=""2""> Library science </td> <td> </td> <td> </td> <td> 0.00% </td> <td> 25 </td> </tr> <tr> <td colspan=""2""> Military science and military technologies </td> <td> </td> <td> </td> <td> 0.00% </td> <td> 28 &amp; 29 </td> </tr> <tr> <td colspan=""2""> Theology and religious vocations </td> <td> </td> <td> </td> <td> 0.00% </td> <td> 39 </td> </tr> <tr> <td> Science technologies </td> <td> </td> <td> </td> <td> </td> <td> 0.00% </td> <td> 41 </td> </tr> <tr> <td colspan=""2""> Psychology </td> <td> </td> <td> </td> <td> 0.00% </td> <td> 42 </td> </tr> <tr> <td colspan=""2""> Homeland Security, law enforcement, firefighting, </td> <td> </td> <td> </td> <td> 0.00% </td> <td> 43 </td> </tr> <tr> <td colspan=""2""> Construction trades </td> <td> </td> <td> </td> <td> 0.00% </td> <td> 46 </td> </tr> <tr> <td colspan=""2""> Mechanic and repair technologies </td> <td> </td> <td> </td> <td> 0.00% </td> <td> 47 </td> </tr> <tr> <td colspan=""2""> Precision production </td> <td> </td> <td> </td> <td> 0.00% </td> <td> 48 </td> </tr> <tr> <td colspan=""2""> Transportation and materials moving </td> <td> </td> <td> </td> <td> 0.00% </td> <td> 49 </td> </tr> <tr> <td colspan=""2""> Other </td> <td> </td> <td> </td> <td> </td> <td> </td> </tr> <tr> <td colspan=""2""> TOTAL (should = 100%) </td> <td> 0.00% </td> <td> 0.00% </td> <td> 100.00% </td> <td> </td> </tr> </table>",153658,../data/cds-docs/2023-2024/153658.pdf,2023-2024
B,1,B1,Institutional Enrollment - Men and Women,"[[{0: '', 1: 'FULL-TIME', 2: 'FULL-TIME', 3: 'FULL-TIME', 4: 'PART-TIME', 5: 'PART-TIME', 6: 'PART-TIME'}, {0: '', 1: 'Men\nWomen Another Gender', 2: 'Men\nWomen Another Gender', 3: 'Men\nWomen Another Gender', 4: 'Men\nWomen Another Gender', 5: 'Men\nWomen Another Gender', 6: 'Men\nWomen Another Gender'}, {0: 'Undergraduates', 1: 'Undergraduates', 2: 'Undergraduates', 3: 'Undergraduates', 4: 'Undergraduates', 5: 'Undergraduates', 6: 'Undergraduates'}, {0: 'Degree-seeking, first-time freshmen', 1: '2140', 2: '2,977', 3: '40', 4: '12', 5: '9', 6: '0'}, {0: 'Other first-year, degree-seeking', 1: '497', 2: '433', 3: '10', 4: '37', 5: '62', 6: '0'}, {0: 'All other degree-seeking', 1: '6,079', 2: '7,825', 3: '135', 4: '606', 5: '672', 6: '11'}, {0: 'Total degree-seeking', 1: '8,716', 2: '11,235', 3: '185', 4: '655', 5: '743', 6: '11'}, {0: 'All other undergraduates enrolled in\ncredit courses', 1: '62', 2: '54', 3: '3', 4: '126', 5: '181', 6: '2'}, {0: 'Total undergraduates', 1: '8,778', 2: '11,289', 3: '188', 4: '781', 5: '924', 6: '13'}, {0: 'Graduate', 1: 'Graduate', 2: 'Graduate', 3: 'Graduate', 4: 'Graduate', 5: 'Graduate', 6: 'Graduate'}, {0: 'Degree-seeking, first-time', 1: '610', 2: '798', 3: '54', 4: '112', 5: '113', 6: '2'}, {0: 'All other degree-seeking', 1: '1560', 2: '1970', 3: '30', 4: '1237', 5: '1273', 6: '19'}, {0: 'All other graduates enrolled in credit\ncourses', 1: '9', 2: '20', 3: '0', 4: '89', 5: '142', 6: '4'}, {0: 'Total graduate', 1: '2179', 2: '2788', 3: '84', 4: '1438', 5: '1528', 6: '25'}, {0: 'Total all students', 1: '10,957', 2: '14,077', 3: '272', 4: '2,219', 5: '2,452', 6: '38'}]]","<table> <tr> <td rowspan=""2""> </td> <td colspan=""3""> FULL-TIME </td> <td colspan=""3""> PART-TIME </td> </tr> <tr> <td colspan=""3""> Men <br/> Women Another Gender </td> <td colspan=""3""> Men <br/> Women Another Gender </td> </tr> <tr> <td colspan=""7""> Undergraduates </td> </tr> <tr> <td> Degree-seeking, first-time freshmen </td> <td> 2140 </td> <td> 2,977 </td> <td> 40 </td> <td> 12 </td> <td> 9 </td> <td> 0 </td> </tr> <tr> <td> Other first-year, degree-seeking </td> <td> 497 </td> <td> 433 </td> <td> 10 </td> <td> 37 </td> <td> 62 </td> <td> 0 </td> </tr> <tr> <td> All other degree-seeking </td> <td> 6,079 </td> <td> 7,825 </td> <td> 135 </td> <td> 606 </td> <td> 672 </td> <td> 11 </td> </tr> <tr> <td> Total degree-seeking </td> <td> 8,716 </td> <td> 11,235 </td> <td> 185 </td> <td> 655 </td> <td> 743 </td> <td> 11 </td> </tr> <tr> <td> All other undergraduates enrolled in <br/> credit courses </td> <td> 62 </td> <td> 54 </td> <td> 3 </td> <td> 126 </td> <td> 181 </td> <td> 2 </td> </tr> <tr> <td> Total undergraduates </td> <td> 8,778 </td> <td> 11,289 </td> <td> 188 </td> <td> 781 </td> <td> 924 </td> <td> 13 </td> </tr> <tr> <td colspan=""7""> Graduate </td> </tr> <tr> <td> Degree-seeking, first-time </td> <td> 610 </td> <td> 798 </td> <td> 54 </td> <td> 112 </td> <td> 113 </td> <td> 2 </td> </tr> <tr> <td> All other degree-seeking </td> <td> 1560 </td> <td> 1970 </td> <td> 30 </td> <td> 1237 </td> <td> 1273 </td> <td> 19 </td> </tr> <tr> <td> All other graduates enrolled in credit <br/> courses </td> <td> 9 </td> <td> 20 </td> <td> 0 </td> <td> 89 </td> <td> 142 </td> <td> 4 </td> </tr> <tr> <td> Total graduate </td> <td> 2179 </td> <td> 2788 </td> <td> 84 </td> <td> 1438 </td> <td> 1528 </td> <td> 25 </td> </tr> <tr> <td> Total all students </td> <td> 10,957 </td> <td> 14,077 </td> <td> 272 </td> <td> 2,219 </td> <td> 2,452 </td> <td> 38 </td> </tr> </table>",153658,../data/cds-docs/2022-2023/153658.pdf,2022-2023
B,2,B2,Enrollment by Racial/Ethnic Category.,"[[{0: '', 1: 'Degree-Seeking\nFirst-Time\nFirst Year', 2: 'Degree-Seeking\nUndergraduates\n(include first-time\nfirst-year)', 3: 'Total\nUndergraduates (both\ndegree & non-degree\ufffe\nseeking)'}, {0: 'Nonresidents', 1: '55', 2: '399', 3: '415'}, {0: 'Hispanic/Latino', 1: '493', 2: '1,922', 3: '1,947'}, {0: 'Black or African American, non-Hispanic', 1: '121', 2: '649', 3: '663'}, {0: 'White, non-Hispanic', 1: '3,928', 2: '16,057', 3: '16,346'}, {0: 'American Indian or Alaska Native, non-Hispanic', 1: '7', 2: '30', 3: '31'}, {0: 'Asian, non-Hispanic', 1: '218', 2: '1,024', 3: '1,063'}, {0: 'Native Hawaiian or other Pacific Islander, non-Hispanic', 1: '4', 2: '15', 3: '15'}, {0: 'Two or more races, non-Hispanic', 1: '218', 2: '809', 3: '822'}, {0: 'Race and/or ethnicity unknown', 1: '134', 2: '640', 3: '671'}, {0: 'TOTAL', 1: '5,178', 2: '21,545', 3: '21,973'}]]","<table> <tr> <td> </td> <td> Degree-Seeking <br/> First-Time <br/> First Year </td> <td> Degree-Seeking <br/> Undergraduates <br/> (include first-time <br/> first-year) </td> <td> Total <br/> Undergraduates (both <br/> degree &amp; non-degree￾ <br/> seeking) </td> </tr> <tr> <td> Nonresidents </td> <td> 55 </td> <td> 399 </td> <td> 415 </td> </tr> <tr> <td> Hispanic/Latino </td> <td> 493 </td> <td> 1,922 </td> <td> 1,947 </td> </tr> <tr> <td> Black or African American, non-Hispanic </td> <td> 121 </td> <td> 649 </td> <td> 663 </td> </tr> <tr> <td> White, non-Hispanic </td> <td> 3,928 </td> <td> 16,057 </td> <td> 16,346 </td> </tr> <tr> <td> American Indian or Alaska Native, non-Hispanic </td> <td> 7 </td> <td> 30 </td> <td> 31 </td> </tr> <tr> <td> Asian, non-Hispanic </td> <td> 218 </td> <td> 1,024 </td> <td> 1,063 </td> </tr> <tr> <td> Native Hawaiian or other Pacific Islander, non-Hispanic </td> <td> 4 </td> <td> 15 </td> <td> 15 </td> </tr> <tr> <td> Two or more races, non-Hispanic </td> <td> 218 </td> <td> 809 </td> <td> 822 </td> </tr> <tr> <td> Race and/or ethnicity unknown </td> <td> 134 </td> <td> 640 </td> <td> 671 </td> </tr> <tr> <td> TOTAL </td> <td> 5,178 </td> <td> 21,545 </td> <td> 21,973 </td> </tr> </table>",153658,../data/cds-docs/2022-2023/153658.pdf,2022-2023
B,4,B4,-B21: Graduation Rates,"[[{0: '', 1: 'Recipients of a\nFederal Pell\nGrant', 2: 'Recipients of a\nSubsidized\nStafford Loan\nwho did not\nreceive a Pell\nGrant', 3: 'Students who did\nnot receive either\na Pell Grant or a\nsubsidized\nStafford Loan', 4: 'Total\n(sum of 3 columns to\nthe left)'}, {0: ""Initial 2016 cohort of first-time, full-time,\nbachelor's (or equivalent) degree-seeking\nundergraduate students"", 1: '1039', 2: '877', 3: '3306', 4: '5222'}, {0: 'Of the initial 2016 cohort, how many did not\npersist and did not graduate for the following\nreasons:\n• Deceased\n• Permanently Disabled\n• Armed Forces\n• Foreign Aid Service of the Federal Government\n• Official church missions\n• Report Total Allowable Exclusions', 1: '0', 2: '0', 3: '0', 4: '0'}, {0: 'Final 2016 cohort, after adjusting for\nallowable exclusions', 1: '1039', 2: '877', 3: '3306', 4: '5222'}, {0: 'Of the initial 2016 cohort, how many\ncompleted the program in four years or less\n(by Aug. 31, 2020)', 1: '463', 2: '396', 3: '2034', 4: '2893'}, {0: 'Of the initial 2016 cohort, how many\ncompleted the program in more than four\nyears but in five years or less (after Aug. 31,\n2020 and by Aug. 31, 2021)', 1: '159', 2: '148', 3: '533', 4: '840'}, {0: 'Of the initial 2016 cohort, how many\ncompleted the program in more than five\nyears but in six years or less (after Aug. 31,\n2021 and by Aug. 31, 2022)', 1: '18', 2: '23', 3: '74', 4: '115'}, {0: 'Total graduating within six years (sum of\nlines D, E, and F)', 1: '640', 2: '567', 3: '2641', 4: '3848'}, {0: 'Six-year graduation rate for 2016 cohort (G\ndivided by C)', 1: '0.615976901', 2: '0.646522235', 3: '0.798850575', 4: '0.736882421'}]]","<table> <tr> <td> </td> <td> Recipients of a <br/> Federal Pell <br/> Grant </td> <td> Recipients of a <br/> Subsidized <br/> Stafford Loan <br/> who did not <br/> receive a Pell <br/> Grant </td> <td> Students who did <br/> not receive either <br/> a Pell Grant or a <br/> subsidized <br/> Stafford Loan </td> <td> Total <br/> (sum of 3 columns to <br/> the left) </td> </tr> <tr> <td> Initial 2016 cohort of first-time, full-time, <br/> bachelor's (or equivalent) degree-seeking <br/> undergraduate students </td> <td> 1039 </td> <td> 877 </td> <td> 3306 </td> <td> 5222 </td> </tr> <tr> <td> Of the initial 2016 cohort, how many did not <br/> persist and did not graduate for the following <br/> reasons: <br/> • Deceased <br/> • Permanently Disabled <br/> • Armed Forces <br/> • Foreign Aid Service of the Federal Government <br/> • Official church missions <br/> • Report Total Allowable Exclusions </td> <td> 0 </td> <td> 0 </td> <td> 0 </td> <td> 0 </td> </tr> <tr> <td> Final 2016 cohort, after adjusting for <br/> allowable exclusions </td> <td> 1039 </td> <td> 877 </td> <td> 3306 </td> <td> 5222 </td> </tr> <tr> <td> Of the initial 2016 cohort, how many <br/> completed the program in four years or less <br/> (by Aug. 31, 2020) </td> <td> 463 </td> <td> 396 </td> <td> 2034 </td> <td> 2893 </td> </tr> <tr> <td> Of the initial 2016 cohort, how many <br/> completed the program in more than four <br/> years but in five years or less (after Aug. 31, <br/> 2020 and by Aug. 31, 2021) </td> <td> 159 </td> <td> 148 </td> <td> 533 </td> <td> 840 </td> </tr> <tr> <td> Of the initial 2016 cohort, how many <br/> completed the program in more than five <br/> years but in six years or less (after Aug. 31, <br/> 2021 and by Aug. 31, 2022) </td> <td> 18 </td> <td> 23 </td> <td> 74 </td> <td> 115 </td> </tr> <tr> <td> Total graduating within six years (sum of <br/> lines D, E, and F) </td> <td> 640 </td> <td> 567 </td> <td> 2641 </td> <td> 3848 </td> </tr> <tr> <td> Six-year graduation rate for 2016 cohort (G <br/> divided by C) </td> <td> 0.615976901 </td> <td> 0.646522235 </td> <td> 0.798850575 </td> <td> 0.736882421 </td> </tr> </table>",153658,../data/cds-docs/2022-2023/153658.pdf,2022-2023
C,1,C1,"First-time, first-year students: Provide the number of degree-seeking, first-time, first-year students who applied, were","[[{0: 'Total first-time, first-year men who applied', 1: '11,278'}, {0: 'Total first-time, first-year women who applied', 1: '14,388'}, {0: 'Total first-time, first-year other gender who applied', 1: '63'}], [{0: 'Total first-time, first-year men who were admitted', 1: 'Total first-time, first-year men who were admitted', 2: '9,789'}, {0: 'Total first-time, first-year women who were admitted', 1: 'Total first-time, first-year women who were admitted', 2: '12,281'}, {0: 'Total first-time, first-year', 1: 'other gender who were admitted', 2: '58'}], [{0: 'Total full-time, first-time, first-year men who enrolled', 1: '2,140'}, {0: 'Total part-time, first-time, first-year men who enrolled', 1: '12'}], [{0: 'Total full-time, first-time, first-year women who enrolled', 1: '2977'}, {0: 'Total part-time, first-time, first-year women who enrolled', 1: '9'}], [{0: 'Total full-time, first-time, first-year other gender who enrolled', 1: '40'}, {0: 'Total part-time, first-time, first-year other gender who enrolled', 1: '0'}]]","<table> <tr> <td> Total first-time, first-year men who applied </td> <td> 11,278 </td> </tr> <tr> <td> Total first-time, first-year women who applied </td> <td> 14,388 </td> </tr> <tr> <td> Total first-time, first-year other gender who applied </td> <td> 63 </td> </tr> </table><div class=""separator""></div><table> <tr> <td colspan=""2""> Total first-time, first-year men who were admitted </td> <td> 9,789 </td> </tr> <tr> <td colspan=""2""> Total first-time, first-year women who were admitted </td> <td> 12,281 </td> </tr> <tr> <td> Total first-time, first-year </td> <td> other gender who were admitted </td> <td> 58 </td> </tr> </table><div class=""separator""></div><table> <tr> <td> Total full-time, first-time, first-year men who enrolled </td> <td> 2,140 </td> </tr> <tr> <td> Total part-time, first-time, first-year men who enrolled </td> <td> 12 </td> </tr> </table><div class=""separator""></div><table> <tr> <td> Total full-time, first-time, first-year women who enrolled </td> <td> 2977 </td> </tr> <tr> <td> Total part-time, first-time, first-year women who enrolled </td> <td> 9 </td> </tr> </table><div class=""separator""></div><table> <tr> <td> Total full-time, first-time, first-year other gender who enrolled </td> <td> 40 </td> </tr> <tr> <td> Total part-time, first-time, first-year other gender who enrolled </td> <td> 0 </td> </tr> </table>",153658,../data/cds-docs/2022-2023/153658.pdf,2022-2023
C,2,C2,"First-time, first-year wait-listed students","[[{0: 'WAITING LIST', 1: 'TOTAL'}, {0: 'Number of qualified applicants offered a place on waiting list:', 1: '0'}, {0: 'Number accepting a place on the waiting list:', 1: 'NA'}, {0: 'Number of wait-listed students admitted:', 1: 'NA'}]]",<table> <tr> <td> WAITING LIST </td> <td> TOTAL </td> </tr> <tr> <td> Number of qualified applicants offered a place on waiting list: </td> <td> 0 </td> </tr> <tr> <td> Number accepting a place on the waiting list: </td> <td> NA </td> </tr> <tr> <td> Number of wait-listed students admitted: </td> <td> NA </td> </tr> </table>,153658,../data/cds-docs/2022-2023/153658.pdf,2022-2023
C,5,C5,Distribution of high school units required and/or recommended. Specify the distribution of academic high school,"[[{0: '', 1: 'Units\nRequired', 2: 'Units\nRecommended'}, {0: 'Total academic units', 1: '15', 2: '4'}, {0: 'English', 1: '4', 2: ''}, {0: 'Mathematics', 1: '3', 2: '4'}, {0: 'Science', 1: '3', 2: ''}, {0: 'Of these, units that must be\nlab', 1: '', 2: ''}, {0: 'Foreign language', 1: '2', 2: ''}, {0: 'Social studies', 1: '3', 2: ''}, {0: 'History', 1: '', 2: ''}, {0: 'Academic electives', 1: '', 2: ''}, {0: 'Computer Science', 1: '', 2: ''}, {0: 'Visual/Performing Arts', 1: '', 2: ''}, {0: 'Other (specify)', 1: '', 2: ''}]]","<table> <tr> <td> </td> <td> Units <br/> Required </td> <td> Units <br/> Recommended </td> </tr> <tr> <td> Total academic units </td> <td> 15 </td> <td> 4 </td> </tr> <tr> <td> English </td> <td> 4 </td> <td> </td> </tr> <tr> <td> Mathematics </td> <td> 3 </td> <td> 4 </td> </tr> <tr> <td> Science </td> <td> 3 </td> <td> </td> </tr> <tr> <td> Of these, units that must be <br/> lab </td> <td> </td> <td> </td> </tr> <tr> <td> Foreign language </td> <td> 2 </td> <td> </td> </tr> <tr> <td> Social studies </td> <td> 3 </td> <td> </td> </tr> <tr> <td> History </td> <td> </td> <td> </td> </tr> <tr> <td> Academic electives </td> <td> </td> <td> </td> </tr> <tr> <td> Computer Science </td> <td> </td> <td> </td> </tr> <tr> <td> Visual/Performing Arts </td> <td> </td> <td> </td> </tr> <tr> <td> Other (specify) </td> <td> </td> <td> </td> </tr> </table>",153658,../data/cds-docs/2022-2023/153658.pdf,2022-2023
C,7,C7,"Relative importance of each of the following academic and nonacademic factors in your first-time, first-year,","[[{0: 'Very Important Important Considered Not Considered', 1: 'Very Important Important Considered Not Considered', 2: 'Very Important Important Considered Not Considered', 3: 'Very Important Important Considered Not Considered'}, {0: 'Academic', 1: 'Academic', 2: 'Academic', 3: 'Academic'}, {0: 'Rigor of secondary school record', 1: 'x', 2: '', 3: ''}, {0: 'Class rank', 1: 'x', 2: '', 3: ''}, {0: 'Academic GPA', 1: 'x', 2: '', 3: ''}, {0: 'Standardized test scores', 1: 'x', 2: '', 3: ''}, {0: 'Application Essay', 1: '', 2: '', 3: 'x'}, {0: 'Recommendation(s)', 1: '', 2: 'x', 3: ''}, {0: 'Nonacademic', 1: 'Nonacademic', 2: 'Nonacademic', 3: 'Nonacademic'}, {0: 'Interview', 1: '', 2: '', 3: 'x'}, {0: 'Extracurricular activities', 1: '', 2: '', 3: 'x'}, {0: 'Talent/ability', 1: '', 2: 'x', 3: ''}, {0: 'Character/personal qualities', 1: '', 2: 'x', 3: ''}, {0: 'First generation', 1: '', 2: '', 3: 'x'}, {0: 'Alumni/ae relation', 1: '', 2: '', 3: 'x'}, {0: 'Geographical residence', 1: '', 2: '', 3: 'x'}, {0: 'State residency', 1: '', 2: 'x', 3: ''}, {0: 'Religious affiliation/commitment', 1: '', 2: '', 3: 'x'}, {0: 'Racial/ethnic status', 1: '', 2: '', 3: 'x'}, {0: 'Volunteer work', 1: '', 2: '', 3: 'x'}, {0: 'Work experience', 1: '', 2: '', 3: 'x'}, {0: 'Level of applicant’s interest', 1: '', 2: '', 3: 'x'}]]","<table> <tr> <td colspan=""4""> Very Important Important Considered Not Considered </td> </tr> <tr> <td colspan=""4""> Academic </td> </tr> <tr> <td> Rigor of secondary school record </td> <td> x </td> <td> </td> <td> </td> </tr> <tr> <td> Class rank </td> <td> x </td> <td> </td> <td> </td> </tr> <tr> <td> Academic GPA </td> <td> x </td> <td> </td> <td> </td> </tr> <tr> <td> Standardized test scores </td> <td> x </td> <td> </td> <td> </td> </tr> <tr> <td> Application Essay </td> <td> </td> <td> </td> <td> x </td> </tr> <tr> <td> Recommendation(s) </td> <td> </td> <td> x </td> <td> </td> </tr> <tr> <td colspan=""4""> Nonacademic </td> </tr> <tr> <td> Interview </td> <td> </td> <td> </td> <td> x </td> </tr> <tr> <td> Extracurricular activities </td> <td> </td> <td> </td> <td> x </td> </tr> <tr> <td> Talent/ability </td> <td> </td> <td> x </td> <td> </td> </tr> <tr> <td> Character/personal qualities </td> <td> </td> <td> x </td> <td> </td> </tr> <tr> <td> First generation </td> <td> </td> <td> </td> <td> x </td> </tr> <tr> <td> Alumni/ae relation </td> <td> </td> <td> </td> <td> x </td> </tr> <tr> <td> Geographical residence </td> <td> </td> <td> </td> <td> x </td> </tr> <tr> <td> State residency </td> <td> </td> <td> x </td> <td> </td> </tr> <tr> <td> Religious affiliation/commitment </td> <td> </td> <td> </td> <td> x </td> </tr> <tr> <td> Racial/ethnic status </td> <td> </td> <td> </td> <td> x </td> </tr> <tr> <td> Volunteer work </td> <td> </td> <td> </td> <td> x </td> </tr> <tr> <td> Work experience </td> <td> </td> <td> </td> <td> x </td> </tr> <tr> <td> Level of applicant’s interest </td> <td> </td> <td> </td> <td> x </td> </tr> </table>",153658,../data/cds-docs/2022-2023/153658.pdf,2022-2023
C,8,C8,: SAT and ACT Policies,"[[{0: 'Yes', 1: 'No'}, {0: 'x', 1: ''}], [{0: '', 1: 'ADMISSION', 2: 'ADMISSION', 3: 'ADMISSION', 4: 'ADMISSION', 5: 'ADMISSION'}, {0: '', 1: 'Require', 2: 'Recommend', 3: 'Require for Some', 4: 'Consider if\nSubmitted', 5: 'Considered Not'}, {0: 'SAT or ACT', 1: '', 2: '', 3: '', 4: 'x', 5: ''}, {0: 'ACT Only', 1: '', 2: '', 3: '', 4: '', 5: ''}, {0: 'SAT Only', 1: '', 2: '', 3: '', 4: '', 5: ''}]]","<table> <tr> <td> Yes </td> <td> No </td> </tr> <tr> <td> x </td> <td> </td> </tr> </table><div class=""separator""></div><table> <tr> <td rowspan=""2""> </td> <td colspan=""5""> ADMISSION </td> </tr> <tr> <td> Require </td> <td> Recommend </td> <td> Require for Some </td> <td> Consider if <br/> Submitted </td> <td> Considered Not </td> </tr> <tr> <td> SAT or ACT </td> <td> </td> <td> </td> <td> </td> <td> x </td> <td> </td> </tr> <tr> <td> ACT Only </td> <td> </td> <td> </td> <td> </td> <td> </td> <td> </td> </tr> <tr> <td> SAT Only </td> <td> </td> <td> </td> <td> </td> <td> </td> <td> </td> </tr> </table>",153658,../data/cds-docs/2022-2023/153658.pdf,2022-2023
C,9,C9,"Percent and number of first-time, first-year students enrolled in Fall 2022 who submitted national standardized","[[{0: '21%', 1: '1077'}, {0: '63%', 1: '3264'}], [{0: 'Assessment', 1: '25th Percentile', 2: '50th Percentile', 3: '75th Percentile'}, {0: 'SAT Composite', 1: '1140', 2: '1240', 3: '1340'}, {0: 'SAT Evidence-Based Reading and Writing', 1: '570', 2: '620', 3: '670'}, {0: 'SAT Math', 1: '560', 2: '610', 3: '670'}, {0: 'ACT Composite', 1: '22', 2: '25', 3: '28'}, {0: 'ACT Math', 1: '20', 2: '24', 3: '27'}, {0: 'ACT English', 1: '21', 2: '24', 3: '29'}, {0: 'ACT Writing', 1: '', 2: '', 3: ''}, {0: 'ACT Science', 1: '22', 2: '24', 3: '28'}, {0: 'ACT Reading', 1: '22', 2: '26', 3: '31'}], [{0: 'Score Range', 1: 'SAT Evidence\ufffe\nBased Reading\nand Writing', 2: 'SAT Math'}, {0: '700-800', 1: '16.16%', 2: '17.08%'}, {0: '600-699', 1: '46.15%', 2: '44.94%'}, {0: '500-599', 1: '32.87%', 2: '33.80%'}, {0: '400-499', 1: '4.74%', 2: '4.18%'}, {0: '300-399', 1: '0.09%', 2: '0.00%'}, {0: '200-299', 1: '0.00%', 2: '0.00%'}, {0: 'Totals should = 100%', 1: '100.00%', 2: '100.00%'}], [{0: 'Score Range', 1: 'SAT Composite'}, {0: '1400-1600', 1: '12.91%'}, {0: '1200-1399', 1: '50.05%'}, {0: '1000-1199', 1: '33.15%'}, {0: '800-999', 1: '3.90%'}, {0: '600-799', 1: '0.00%'}, {0: '400-599', 1: '0.00%'}, {0: 'Totals should = 100%', 1: '100.00%'}]]","<table> <tr> <td> 21% </td> <td> 1077 </td> </tr> <tr> <td> 63% </td> <td> 3264 </td> </tr> </table><div class=""separator""></div><table> <tr> <td> Assessment </td> <td> 25th Percentile </td> <td> 50th Percentile </td> <td> 75th Percentile </td> </tr> <tr> <td> SAT Composite </td> <td> 1140 </td> <td> 1240 </td> <td> 1340 </td> </tr> <tr> <td> SAT Evidence-Based Reading and Writing </td> <td> 570 </td> <td> 620 </td> <td> 670 </td> </tr> <tr> <td> SAT Math </td> <td> 560 </td> <td> 610 </td> <td> 670 </td> </tr> <tr> <td> ACT Composite </td> <td> 22 </td> <td> 25 </td> <td> 28 </td> </tr> <tr> <td> ACT Math </td> <td> 20 </td> <td> 24 </td> <td> 27 </td> </tr> <tr> <td> ACT English </td> <td> 21 </td> <td> 24 </td> <td> 29 </td> </tr> <tr> <td> ACT Writing </td> <td> </td> <td> </td> <td> </td> </tr> <tr> <td> ACT Science </td> <td> 22 </td> <td> 24 </td> <td> 28 </td> </tr> <tr> <td> ACT Reading </td> <td> 22 </td> <td> 26 </td> <td> 31 </td> </tr> </table><div class=""separator""></div><table> <tr> <td> Score Range </td> <td> SAT Evidence￾ <br/> Based Reading <br/> and Writing </td> <td> SAT Math </td> </tr> <tr> <td> 700-800 </td> <td> 16.16% </td> <td> 17.08% </td> </tr> <tr> <td> 600-699 </td> <td> 46.15% </td> <td> 44.94% </td> </tr> <tr> <td> 500-599 </td> <td> 32.87% </td> <td> 33.80% </td> </tr> <tr> <td> 400-499 </td> <td> 4.74% </td> <td> 4.18% </td> </tr> <tr> <td> 300-399 </td> <td> 0.09% </td> <td> 0.00% </td> </tr> <tr> <td> 200-299 </td> <td> 0.00% </td> <td> 0.00% </td> </tr> <tr> <td> Totals should = 100% </td> <td> 100.00% </td> <td> 100.00% </td> </tr> </table><div class=""separator""></div><table> <tr> <td> Score Range </td> <td> SAT Composite </td> </tr> <tr> <td> 1400-1600 </td> <td> 12.91% </td> </tr> <tr> <td> 1200-1399 </td> <td> 50.05% </td> </tr> <tr> <td> 1000-1199 </td> <td> 33.15% </td> </tr> <tr> <td> 800-999 </td> <td> 3.90% </td> </tr> <tr> <td> 600-799 </td> <td> 0.00% </td> </tr> <tr> <td> 400-599 </td> <td> 0.00% </td> </tr> <tr> <td> Totals should = 100% </td> <td> 100.00% </td> </tr> </table>",153658,../data/cds-docs/2022-2023/153658.pdf,2022-2023
C,10,C10,"Percent of all degree-seeking, first-time, first-year students who had high school class rank within each of the","[[{0: 'Assessment', 1: 'Percent'}, {0: 'Percent in top tenth of high school graduating class', 1: '33.24%'}, {0: 'Percent in top quarter of high school graduating class', 1: '64.95%'}, {0: 'Percent in top half of high school graduating class', 1: '92.67%'}, {0: 'Percent in bottom half of high school graduating class', 1: '7.33%'}, {0: 'Percent in bottom quarter of high school graduating class', 1: '0.38%'}, {0: 'Percent of total first-time, first-year (freshmen) students who submitted high', 1: '35.32%'}]]","<table> <tr> <td> Assessment </td> <td> Percent </td> </tr> <tr> <td> Percent in top tenth of high school graduating class </td> <td> 33.24% </td> </tr> <tr> <td> Percent in top quarter of high school graduating class </td> <td> 64.95% </td> </tr> <tr> <td> Percent in top half of high school graduating class </td> <td> 92.67% </td> </tr> <tr> <td> Percent in bottom half of high school graduating class </td> <td> 7.33% </td> </tr> <tr> <td> Percent in bottom quarter of high school graduating class </td> <td> 0.38% </td> </tr> <tr> <td> Percent of total first-time, first-year (freshmen) students who submitted high </td> <td> 35.32% </td> </tr> </table>",153658,../data/cds-docs/2022-2023/153658.pdf,2022-2023
C,11,C11,"Percentage of all enrolled, degree-seeking, first-time, first-year students who had high school grade-point","[[{0: 'Score Range', 1: 'Percent'}, {0: 'Percent who had GPA of 4.0', 1: '33.00%'}, {0: 'Percent who had GPA between 3.75 and 3.99', 1: '27.87%'}, {0: 'Percent who had GPA between 3.50 and 3.74', 1: '17.75%'}, {0: 'Percent who had GPA between 3.25 and 3.49', 1: '13.01%'}, {0: 'Percent who had GPA between 3.00 and 3.24', 1: '6.21%'}, {0: 'Percent who had GPA between 2.50 and 2.99', 1: '2.15%'}, {0: 'Percent who had GPA between 2.0 and 2.49', 1: '0.02%'}, {0: 'Percent who had GPA between 1.0 and 1.99', 1: '0.00%'}, {0: 'Percent who had GPA below 1.0', 1: '0.00%'}, {0: 'Totals should = 100%', 1: '100.00%'}]]",<table> <tr> <td> Score Range </td> <td> Percent </td> </tr> <tr> <td> Percent who had GPA of 4.0 </td> <td> 33.00% </td> </tr> <tr> <td> Percent who had GPA between 3.75 and 3.99 </td> <td> 27.87% </td> </tr> <tr> <td> Percent who had GPA between 3.50 and 3.74 </td> <td> 17.75% </td> </tr> <tr> <td> Percent who had GPA between 3.25 and 3.49 </td> <td> 13.01% </td> </tr> <tr> <td> Percent who had GPA between 3.00 and 3.24 </td> <td> 6.21% </td> </tr> <tr> <td> Percent who had GPA between 2.50 and 2.99 </td> <td> 2.15% </td> </tr> <tr> <td> Percent who had GPA between 2.0 and 2.49 </td> <td> 0.02% </td> </tr> <tr> <td> Percent who had GPA between 1.0 and 1.99 </td> <td> 0.00% </td> </tr> <tr> <td> Percent who had GPA below 1.0 </td> <td> 0.00% </td> </tr> <tr> <td> Totals should = 100% </td> <td> 100.00% </td> </tr> </table>,153658,../data/cds-docs/2022-2023/153658.pdf,2022-2023
C,14,C14,Application closing date,"[[{0: '', 1: 'Date'}, {0: 'Application closing date (fall)', 1: '5/1'}, {0: 'Priority Date', 1: ''}]]",<table> <tr> <td> </td> <td> Date </td> </tr> <tr> <td> Application closing date (fall) </td> <td> 5/1 </td> </tr> <tr> <td> Priority Date </td> <td> </td> </tr> </table>,153658,../data/cds-docs/2022-2023/153658.pdf,2022-2023
D,2,D2,"Provide the number of students who applied, were admitted, and enrolled as degree-seeking transfer","[[{0: '', 1: 'Applicants', 2: 'Admitted\nApplicants', 3: 'Enrolled\nApplicants'}, {0: 'Men', 1: '1,362', 2: '980', 3: '535'}, {0: 'Women', 1: '1,373', 2: '1,009', 3: '495'}, {0: 'Another Gender', 1: '14', 2: '11', 3: '9'}, {0: 'Total', 1: '2,749', 2: '2,000', 3: '1,039'}]]","<table> <tr> <td> </td> <td> Applicants </td> <td> Admitted <br/> Applicants </td> <td> Enrolled <br/> Applicants </td> </tr> <tr> <td> Men </td> <td> 1,362 </td> <td> 980 </td> <td> 535 </td> </tr> <tr> <td> Women </td> <td> 1,373 </td> <td> 1,009 </td> <td> 495 </td> </tr> <tr> <td> Another Gender </td> <td> 14 </td> <td> 11 </td> <td> 9 </td> </tr> <tr> <td> Total </td> <td> 2,749 </td> <td> 2,000 </td> <td> 1,039 </td> </tr> </table>",153658,../data/cds-docs/2022-2023/153658.pdf,2022-2023
D,5,D5,Indicate all items required of transfer students to apply for admission:,"[[{0: '', 1: 'Required of All', 2: 'Recommended\nof All', 3: 'Recommended\nof Some', 4: 'Required of Some', 5: 'Not Required'}, {0: 'High school transcript', 1: '', 2: '', 3: '', 4: 'x', 5: ''}, {0: 'College transcript(s)', 1: '', 2: '', 3: '', 4: 'x', 5: ''}, {0: 'Essay or personal\nstatement', 1: '', 2: '', 3: '', 4: 'x', 5: ''}, {0: 'Interview', 1: '', 2: '', 3: '', 4: '', 5: 'x'}, {0: 'Standardized test scores', 1: '', 2: '', 3: '', 4: 'x', 5: ''}, {0: 'Statement of good standing\nfrom prior institution(s)', 1: '', 2: '', 3: '', 4: '', 5: 'x'}]]",<table> <tr> <td> </td> <td> Required of All </td> <td> Recommended <br/> of All </td> <td> Recommended <br/> of Some </td> <td> Required of Some </td> <td> Not Required </td> </tr> <tr> <td> High school transcript </td> <td> </td> <td> </td> <td> </td> <td> x </td> <td> </td> </tr> <tr> <td> College transcript(s) </td> <td> </td> <td> </td> <td> </td> <td> x </td> <td> </td> </tr> <tr> <td> Essay or personal <br/> statement </td> <td> </td> <td> </td> <td> </td> <td> x </td> <td> </td> </tr> <tr> <td> Interview </td> <td> </td> <td> </td> <td> </td> <td> </td> <td> x </td> </tr> <tr> <td> Standardized test scores </td> <td> </td> <td> </td> <td> </td> <td> x </td> <td> </td> </tr> <tr> <td> Statement of good standing <br/> from prior institution(s) </td> <td> </td> <td> </td> <td> </td> <td> </td> <td> x </td> </tr> </table>,153658,../data/cds-docs/2022-2023/153658.pdf,2022-2023
D,9,D9,"List application priority, closing, notification, and candidate reply dates for transfer students. If applications are","[[{0: '', 1: 'Priority Date', 2: 'Closing Date', 3: 'Notification Date', 4: 'Reply Date', 5: 'Rolling\nAdmission'}, {0: 'Fall', 1: '', 2: '7/15', 3: '', 4: '5/1', 5: 'x'}, {0: 'Winter', 1: '', 2: '', 3: '', 4: '', 5: 'x'}, {0: 'Spring', 1: '', 2: '12/1', 3: '', 4: '11/15', 5: 'x'}, {0: 'Summer', 1: '', 2: '', 3: '', 4: '5/1', 5: 'x'}]]",<table> <tr> <td> </td> <td> Priority Date </td> <td> Closing Date </td> <td> Notification Date </td> <td> Reply Date </td> <td> Rolling <br/> Admission </td> </tr> <tr> <td> Fall </td> <td> </td> <td> 7/15 </td> <td> </td> <td> 5/1 </td> <td> x </td> </tr> <tr> <td> Winter </td> <td> </td> <td> </td> <td> </td> <td> </td> <td> x </td> </tr> <tr> <td> Spring </td> <td> </td> <td> 12/1 </td> <td> </td> <td> 11/15 </td> <td> x </td> </tr> <tr> <td> Summer </td> <td> </td> <td> </td> <td> </td> <td> 5/1 </td> <td> x </td> </tr> </table>,153658,../data/cds-docs/2022-2023/153658.pdf,2022-2023
F,1,F1,"Percentages of first-time, first-year (freshman) degree-seeking students and degree-","[[{0: '', 1: 'First-time, first\ufffe\nyear students', 2: 'Undergraduates'}, {0: 'Percent who are from out of state (exclude', 1: '46%', 2: '38%'}, {0: 'Percent of men who join fraternities', 1: '18%', 2: '13%'}, {0: 'Percent of women who join sororities', 1: '23%', 2: '17%'}, {0: 'Percent who live in college-owned, -operated, or -', 1: '91%', 2: '28%'}, {0: 'Percent who live off campus or commute', 1: '9%', 2: '72%'}, {0: 'Percent of students age 25 and older', 1: '0%', 2: '5%'}, {0: 'Average age of full-time students', 1: '18', 2: '20'}, {0: 'Average age of all students (full- and part-time)', 1: '18', 2: '21'}]]","<table> <tr> <td> </td> <td> First-time, first￾ <br/> year students </td> <td> Undergraduates </td> </tr> <tr> <td> Percent who are from out of state (exclude </td> <td> 46% </td> <td> 38% </td> </tr> <tr> <td> Percent of men who join fraternities </td> <td> 18% </td> <td> 13% </td> </tr> <tr> <td> Percent of women who join sororities </td> <td> 23% </td> <td> 17% </td> </tr> <tr> <td> Percent who live in college-owned, -operated, or - </td> <td> 91% </td> <td> 28% </td> </tr> <tr> <td> Percent who live off campus or commute </td> <td> 9% </td> <td> 72% </td> </tr> <tr> <td> Percent of students age 25 and older </td> <td> 0% </td> <td> 5% </td> </tr> <tr> <td> Average age of full-time students </td> <td> 18 </td> <td> 20 </td> </tr> <tr> <td> Average age of all students (full- and part-time) </td> <td> 18 </td> <td> 21 </td> </tr> </table>",153658,../data/cds-docs/2022-2023/153658.pdf,2022-2023
F,3,F3,ROTC (program offered in cooperation with Reserve Officers' Training Corps),"[[{0: '', 1: 'Marine Option', 2: 'On Campus', 3: 'At Cooperating Institution', 4: 'Name of'}, {0: 'Army ROTC is offered:', 1: '', 2: 'x', 3: '', 4: ''}, {0: 'Naval ROTC is offered:', 1: '', 2: '', 3: '', 4: ''}, {0: 'Air Force ROTC is offered:', 1: '', 2: 'x', 3: '', 4: ''}]]",<table> <tr> <td> </td> <td> Marine Option </td> <td> On Campus </td> <td> At Cooperating Institution </td> <td> Name of </td> </tr> <tr> <td> Army ROTC is offered: </td> <td> </td> <td> x </td> <td> </td> <td> </td> </tr> <tr> <td> Naval ROTC is offered: </td> <td> </td> <td> </td> <td> </td> <td> </td> </tr> <tr> <td> Air Force ROTC is offered: </td> <td> </td> <td> x </td> <td> </td> <td> </td> </tr> </table>,153658,../data/cds-docs/2022-2023/153658.pdf,2022-2023
G,1,G1,"Undergraduate full-time tuition, required fees, room and board","[[{0: '', 1: 'First-Year', 2: 'Undergraduates'}, {0: 'PRIVATE INSTITUTIONS', 1: '', 2: ''}, {0: 'Tuition:', 1: '', 2: ''}, {0: 'PUBLIC INSTITUTIONS', 1: '', 2: ''}, {0: 'Tuition: In-district', 1: '$9,016', 2: '$9,016'}, {0: 'Tuition: In-state (out-of-district):', 1: '$9,016', 2: '$9,016'}, {0: 'Tuition: Out-of-state:', 1: '$30,979', 2: '$30,979'}, {0: 'Tuition: Non-resident', 1: '$30,979', 2: '$30,979'}, {0: 'FOR ALL INSTITUTIONS', 1: 'FOR ALL INSTITUTIONS', 2: 'FOR ALL INSTITUTIONS'}, {0: 'Required Fees', 1: '$1,948', 2: '$1,948'}, {0: 'Room and Board (on-campus):', 1: '$12,616', 2: '$12,616'}, {0: 'Room Only (on-campus):', 1: '', 2: ''}, {0: 'Board Only (on-campus meal plan):', 1: '', 2: ''}]]","<table> <tr> <td> </td> <td> First-Year </td> <td> Undergraduates </td> </tr> <tr> <td> PRIVATE INSTITUTIONS </td> <td> </td> <td> </td> </tr> <tr> <td> Tuition: </td> <td> </td> <td> </td> </tr> <tr> <td> PUBLIC INSTITUTIONS </td> <td> </td> <td> </td> </tr> <tr> <td> Tuition: In-district </td> <td> $9,016 </td> <td> $9,016 </td> </tr> <tr> <td> Tuition: In-state (out-of-district): </td> <td> $9,016 </td> <td> $9,016 </td> </tr> <tr> <td> Tuition: Out-of-state: </td> <td> $30,979 </td> <td> $30,979 </td> </tr> <tr> <td> Tuition: Non-resident </td> <td> $30,979 </td> <td> $30,979 </td> </tr> <tr> <td colspan=""3""> FOR ALL INSTITUTIONS </td> </tr> <tr> <td> Required Fees </td> <td> $1,948 </td> <td> $1,948 </td> </tr> <tr> <td> Room and Board (on-campus): </td> <td> $12,616 </td> <td> $12,616 </td> </tr> <tr> <td> Room Only (on-campus): </td> <td> </td> <td> </td> </tr> <tr> <td> Board Only (on-campus meal plan): </td> <td> </td> <td> </td> </tr> </table>",153658,../data/cds-docs/2022-2023/153658.pdf,2022-2023
G,5,G5,Provide the estimated expenses for a typical full-time undergraduate student:,"[[{0: '', 1: 'Residents', 2: 'Commuters\n(living at home)', 3: 'Commuters\n(not living at home)'}, {0: 'Books and supplies:', 1: '$950', 2: '$950', 3: '$950'}, {0: 'Room only:', 1: '', 2: '', 3: ''}, {0: 'Board only:', 1: '', 2: '$4,256', 3: ''}, {0: 'Room and board total*', 1: '$12,616', 2: '', 3: '$12,616'}, {0: 'Transportation:', 1: '$1,292', 2: '$1,558', 3: '$1,292'}, {0: 'Other expenses:', 1: '$2,774', 2: '$2,774', 3: '$2,774'}]]","<table> <tr> <td> </td> <td> Residents </td> <td> Commuters <br/> (living at home) </td> <td> Commuters <br/> (not living at home) </td> </tr> <tr> <td> Books and supplies: </td> <td> $950 </td> <td> $950 </td> <td> $950 </td> </tr> <tr> <td> Room only: </td> <td> </td> <td> </td> <td> </td> </tr> <tr> <td> Board only: </td> <td> </td> <td> $4,256 </td> <td> </td> </tr> <tr> <td> Room and board total* </td> <td> $12,616 </td> <td> </td> <td> $12,616 </td> </tr> <tr> <td> Transportation: </td> <td> $1,292 </td> <td> $1,558 </td> <td> $1,292 </td> </tr> <tr> <td> Other expenses: </td> <td> $2,774 </td> <td> $2,774 </td> <td> $2,774 </td> </tr> </table>",153658,../data/cds-docs/2022-2023/153658.pdf,2022-2023
G,6,G6,Undergraduate per-credit-hour charges (tuition only):,"[[{0: 'PRIVATE INSTITUTIONS:', 1: ''}, {0: 'PUBLIC INSTITUTIONS:', 1: ''}, {0: 'In-district:', 1: '$376.00'}, {0: 'In-state (out-of-district):', 1: '$376.00'}, {0: 'Out-of-state:', 1: '$1,291.00'}, {0: 'NONRESIDENTS:', 1: '$1,291.00'}]]","<table> <tr> <td> PRIVATE INSTITUTIONS: </td> <td> </td> </tr> <tr> <td> PUBLIC INSTITUTIONS: </td> <td> </td> </tr> <tr> <td> In-district: </td> <td> $376.00 </td> </tr> <tr> <td> In-state (out-of-district): </td> <td> $376.00 </td> </tr> <tr> <td> Out-of-state: </td> <td> $1,291.00 </td> </tr> <tr> <td> NONRESIDENTS: </td> <td> $1,291.00 </td> </tr> </table>",153658,../data/cds-docs/2022-2023/153658.pdf,2022-2023
H,2,H2,", A, and H6 below:","[[{0: '', 1: 'Need-based', 2: 'Non-need\ufffe'}, {0: 'Scholarships/Grants', 1: '', 2: ''}, {0: 'Federal', 1: '$20,869,010', 2: '$251,768'}, {0: 'State all states, not only the state in which your institution is located', 1: '$1,952,127', 2: '$574,569'}, {0: 'Institutional: Endowed scholarships, annual gifts and tuition funded\ngrants, awarded by the college, excluding athletic aid and tuition\nwaivers (which are reported below).', 1: '$52,216,998', 2: '$37,797,153'}, {0: 'Scholarships/grants from external sources (e.g. Kiwanis, National\nMerit) not awarded by the college', 1: '$3,433,554', 2: '$4,291,058'}, {0: 'Total Scholarships/Grants', 1: '$78,471,689', 2: '$42,914,548'}, {0: 'Self-Help', 1: '', 2: ''}, {0: 'Student loans from all sources (excluding parent loans)', 1: '$54,507,541', 2: '$54,236,968'}, {0: 'Federal Work-Study', 1: '$1,646,845', 2: '0'}, {0: 'State and other (e.g., institutional) work-study/employment (Note:\nExcludes Federal Work-Study captured above.)', 1: '$0', 2: '$0'}, {0: 'Total Self-Help', 1: '$56,154,386', 2: '$54,236,968'}, {0: 'Parent Loans', 1: '$14,032,638', 2: '$21,649,091'}, {0: 'Tuition Waivers\nNote: Reporting is optional. Report tuition waivers in this row if you\nchoose to report them. Do not report tuition waivers elsewhere.', 1: '$0', 2: '$0'}, {0: 'Athletic Awards', 1: '$2,839,477', 2: '$9,061,798'}], [{0: '', 1: '', 2: 'First-time Full\ufffe\ntime Freshmen', 3: 'Full-time\nUndergrad\n(Incl. Fresh)', 4: 'Less Than\nFull-time\nUndergrad'}, {0: 'A', 1: 'Number of degree-seeking undergraduate students\n(CDS Item B1 if reporting on Fall 2022 cohort)', 2: '4492', 3: '19696', 4: '1525'}, {0: 'B', 1: 'Number of students in line a who applied for need-based\nfinancial aid', 2: '3947', 3: '14222', 4: '818'}, {0: 'C', 1: 'Number of students in line b who were determined to', 2: '2271', 3: '9172', 4: '596'}, {0: 'D', 1: 'Number of students in line c who were awarded any', 2: '2251', 3: '9012', 4: '565'}, {0: 'E', 1: 'Number of students in line d who were awarded any', 2: '2003', 3: '7411', 4: '429'}, {0: 'F', 1: 'Number of students in line d who were awarded any', 2: '1696', 3: '7047', 4: '430'}, {0: 'G', 1: 'Number of students in line d who were awarded any non-', 2: '313', 3: '913', 4: '10'}, {0: 'H', 1: 'Number of students in line d whose need was fully met', 2: '948', 3: '3353', 4: '107'}, {0: 'I', 1: 'On average, the percentage of need that was met of', 2: '75.0%', 3: '73.0%', 4: '51.0%'}, {0: 'J', 1: 'The average financial aid package of those in line d.', 2: '$ 14,150', 3: '$ 13,719', 4: '$ 6,493'}, {0: 'K', 1: 'Average need-based scholarship and grant award of\nthose in line e', 2: '$ 11,062', 3: '$ 10,379', 4: '$ 3,627'}, {0: 'L', 1: 'Average need-based self-help award (excluding PLUS\nloans, unsubsidized loans, and private alternative loans)\nof those in line f', 2: '$ 8,463', 3: '$ 9,011', 4: '$ 7,339'}, {0: 'M', 1: 'Average need-based loan (excluding PLUS loans,', 2: '$ 6,252', 3: '$ 8,926', 4: '$ 7,316'}], [{0: '', 1: '', 2: 'Full-time', 3: 'Undergrad', 4: 'Full-time'}, {0: 'N', 1: 'Number of students in line a who had no financial need\nand who were awarded institutional non-need-based\nscholarship or grant aid (exclude those who were\nawarded athletic awards and tuition benefits)', 2: '1535', 3: '5277', 4: '110'}, {0: 'O', 1: 'Average dollar amount of institutional non-need-based', 2: '$ 6,027', 3: '$ 6,363', 4: '$ 2,412'}, {0: 'P', 1: 'Number of students in line a who were awarded an', 2: '108', 3: '432', 4: '12'}, {0: 'Q', 1: 'Average dollar amount of institutional non-need-based', 2: '$ 14,331', 3: '$ 20,595', 4: '$ 11,472'}]]","<table> <tr> <td> </td> <td> Need-based </td> <td> Non-need￾ </td> </tr> <tr> <td> Scholarships/Grants </td> <td> </td> <td> </td> </tr> <tr> <td> Federal </td> <td> $20,869,010 </td> <td> $251,768 </td> </tr> <tr> <td> State all states, not only the state in which your institution is located </td> <td> $1,952,127 </td> <td> $574,569 </td> </tr> <tr> <td> Institutional: Endowed scholarships, annual gifts and tuition funded <br/> grants, awarded by the college, excluding athletic aid and tuition <br/> waivers (which are reported below). </td> <td> $52,216,998 </td> <td> $37,797,153 </td> </tr> <tr> <td> Scholarships/grants from external sources (e.g. Kiwanis, National <br/> Merit) not awarded by the college </td> <td> $3,433,554 </td> <td> $4,291,058 </td> </tr> <tr> <td> Total Scholarships/Grants </td> <td> $78,471,689 </td> <td> $42,914,548 </td> </tr> <tr> <td> Self-Help </td> <td> </td> <td> </td> </tr> <tr> <td> Student loans from all sources (excluding parent loans) </td> <td> $54,507,541 </td> <td> $54,236,968 </td> </tr> <tr> <td> Federal Work-Study </td> <td> $1,646,845 </td> <td> 0 </td> </tr> <tr> <td> State and other (e.g., institutional) work-study/employment (Note: <br/> Excludes Federal Work-Study captured above.) </td> <td> $0 </td> <td> $0 </td> </tr> <tr> <td> Total Self-Help </td> <td> $56,154,386 </td> <td> $54,236,968 </td> </tr> <tr> <td> Parent Loans </td> <td> $14,032,638 </td> <td> $21,649,091 </td> </tr> <tr> <td> Tuition Waivers <br/> Note: Reporting is optional. Report tuition waivers in this row if you <br/> choose to report them. Do not report tuition waivers elsewhere. </td> <td> $0 </td> <td> $0 </td> </tr> <tr> <td> Athletic Awards </td> <td> $2,839,477 </td> <td> $9,061,798 </td> </tr> </table><div class=""separator""></div><table> <tr> <td> </td> <td> </td> <td> First-time Full￾ <br/> time Freshmen </td> <td> Full-time <br/> Undergrad <br/> (Incl. Fresh) </td> <td> Less Than <br/> Full-time <br/> Undergrad </td> </tr> <tr> <td> A </td> <td> Number of degree-seeking undergraduate students <br/> (CDS Item B1 if reporting on Fall 2022 cohort) </td> <td> 4492 </td> <td> 19696 </td> <td> 1525 </td> </tr> <tr> <td> B </td> <td> Number of students in line a who applied for need-based <br/> financial aid </td> <td> 3947 </td> <td> 14222 </td> <td> 818 </td> </tr> <tr> <td> C </td> <td> Number of students in line b who were determined to </td> <td> 2271 </td> <td> 9172 </td> <td> 596 </td> </tr> <tr> <td> D </td> <td> Number of students in line c who were awarded any </td> <td> 2251 </td> <td> 9012 </td> <td> 565 </td> </tr> <tr> <td> E </td> <td> Number of students in line d who were awarded any </td> <td> 2003 </td> <td> 7411 </td> <td> 429 </td> </tr> <tr> <td> F </td> <td> Number of students in line d who were awarded any </td> <td> 1696 </td> <td> 7047 </td> <td> 430 </td> </tr> <tr> <td> G </td> <td> Number of students in line d who were awarded any non- </td> <td> 313 </td> <td> 913 </td> <td> 10 </td> </tr> <tr> <td> H </td> <td> Number of students in line d whose need was fully met </td> <td> 948 </td> <td> 3353 </td> <td> 107 </td> </tr> <tr> <td> I </td> <td> On average, the percentage of need that was met of </td> <td> 75.0% </td> <td> 73.0% </td> <td> 51.0% </td> </tr> <tr> <td> J </td> <td> The average financial aid package of those in line d. </td> <td> $ 14,150 </td> <td> $ 13,719 </td> <td> $ 6,493 </td> </tr> <tr> <td> K </td> <td> Average need-based scholarship and grant award of <br/> those in line e </td> <td> $ 11,062 </td> <td> $ 10,379 </td> <td> $ 3,627 </td> </tr> <tr> <td> L </td> <td> Average need-based self-help award (excluding PLUS <br/> loans, unsubsidized loans, and private alternative loans) <br/> of those in line f </td> <td> $ 8,463 </td> <td> $ 9,011 </td> <td> $ 7,339 </td> </tr> <tr> <td> M </td> <td> Average need-based loan (excluding PLUS loans, </td> <td> $ 6,252 </td> <td> $ 8,926 </td> <td> $ 7,316 </td> </tr> </table><div class=""separator""></div><table> <tr> <td> </td> <td> </td> <td> Full-time </td> <td> Undergrad </td> <td> Full-time </td> </tr> <tr> <td> N </td> <td> Number of students in line a who had no financial need <br/> and who were awarded institutional non-need-based <br/> scholarship or grant aid (exclude those who were <br/> awarded athletic awards and tuition benefits) </td> <td> 1535 </td> <td> 5277 </td> <td> 110 </td> </tr> <tr> <td> O </td> <td> Average dollar amount of institutional non-need-based </td> <td> $ 6,027 </td> <td> $ 6,363 </td> <td> $ 2,412 </td> </tr> <tr> <td> P </td> <td> Number of students in line a who were awarded an </td> <td> 108 </td> <td> 432 </td> <td> 12 </td> </tr> <tr> <td> Q </td> <td> Average dollar amount of institutional non-need-based </td> <td> $ 14,331 </td> <td> $ 20,595 </td> <td> $ 11,472 </td> </tr> </table>",153658,../data/cds-docs/2022-2023/153658.pdf,2022-2023
H,5,H5,"Number and percent of students in class (defined in H4 above) borrowing from federal, non-federal,","[[{0: 'Source/Type of Loan', 1: 'Source/Type of Loan', 2: 'Number in the\nclass (defined\nin H4 above)\nwho borrowed\nfrom the types\nof loans\nspecified in the\nfirst column', 3: 'Percent of the\nclass (defined\nabove) who\nborrowed from\nthe types of\nloans specified\nin the first\ncolumn\n(nearest 1%)', 4: 'Average per\ufffe\nundergraduate\ufffe\nborrower\ncumulative\nprincipal\nborrowed from\nthe types of\nloans specified\nin the first\ncolumn\n(nearest $1)'}, {0: 'A', 1: 'Any loan program: Federal Perkins, Federal Stafford\nSubsidized and Unsubsidized, institutional, state, private\nloans that your institution is aware of, etc. Include both\nFederal Direct Student Loans and Federal Family\nEducation Loans.', 2: '1,903', 3: '50.00%', 4: '$28,993'}, {0: 'B', 1: 'Federal loan programs: Federal Perkins, Federal\nStafford Subsidized and Unsubsidized. Include both\nFederal Direct Student Loans and Federal Family\nEducation Loans.', 2: '1,869', 3: '50.00%', 4: '$21,571'}, {0: 'C', 1: 'Institutional loan programs.', 2: '11', 3: '0.00%', 4: '$6,223'}, {0: 'D', 1: 'State loan programs.', 2: '0', 3: '0.00%', 4: '$0'}, {0: 'E', 1: 'Private student loans made by a bank or lender.', 2: '438', 3: '12.00%', 4: '$33,764'}]]","<table> <tr> <td colspan=""2""> Source/Type of Loan </td> <td> Number in the <br/> class (defined <br/> in H4 above) <br/> who borrowed <br/> from the types <br/> of loans <br/> specified in the <br/> first column </td> <td> Percent of the <br/> class (defined <br/> above) who <br/> borrowed from <br/> the types of <br/> loans specified <br/> in the first <br/> column <br/> (nearest 1%) </td> <td> Average per￾ <br/> undergraduate￾ <br/> borrower <br/> cumulative <br/> principal <br/> borrowed from <br/> the types of <br/> loans specified <br/> in the first <br/> column <br/> (nearest $1) </td> </tr> <tr> <td> A </td> <td> Any loan program: Federal Perkins, Federal Stafford <br/> Subsidized and Unsubsidized, institutional, state, private <br/> loans that your institution is aware of, etc. Include both <br/> Federal Direct Student Loans and Federal Family <br/> Education Loans. </td> <td> 1,903 </td> <td> 50.00% </td> <td> $28,993 </td> </tr> <tr> <td> B </td> <td> Federal loan programs: Federal Perkins, Federal <br/> Stafford Subsidized and Unsubsidized. Include both <br/> Federal Direct Student Loans and Federal Family <br/> Education Loans. </td> <td> 1,869 </td> <td> 50.00% </td> <td> $21,571 </td> </tr> <tr> <td> C </td> <td> Institutional loan programs. </td> <td> 11 </td> <td> 0.00% </td> <td> $6,223 </td> </tr> <tr> <td> D </td> <td> State loan programs. </td> <td> 0 </td> <td> 0.00% </td> <td> $0 </td> </tr> <tr> <td> E </td> <td> Private student loans made by a bank or lender. </td> <td> 438 </td> <td> 12.00% </td> <td> $33,764 </td> </tr> </table>",153658,../data/cds-docs/2022-2023/153658.pdf,2022-2023
H,14,H14,Check off criteria used in awarding institutional aid. Check all that apply.,"[[{0: '', 1: 'Non-Need Based', 2: 'Need-Based'}, {0: 'Academics', 1: 'x', 2: 'x'}, {0: 'Alumni affiliation', 1: 'x', 2: ''}, {0: 'Art', 1: 'x', 2: ''}, {0: 'Athletics', 1: 'x', 2: ''}, {0: 'Job skills', 1: '', 2: ''}, {0: 'ROTC', 1: 'x', 2: ''}, {0: 'Leadership', 1: 'x', 2: ''}, {0: 'Minority status', 1: 'x', 2: ''}, {0: 'Music/drama', 1: 'x', 2: ''}, {0: 'Religious affiliation', 1: '', 2: ''}, {0: 'State/district residency', 1: 'x', 2: ''}]]",<table> <tr> <td> </td> <td> Non-Need Based </td> <td> Need-Based </td> </tr> <tr> <td> Academics </td> <td> x </td> <td> x </td> </tr> <tr> <td> Alumni affiliation </td> <td> x </td> <td> </td> </tr> <tr> <td> Art </td> <td> x </td> <td> </td> </tr> <tr> <td> Athletics </td> <td> x </td> <td> </td> </tr> <tr> <td> Job skills </td> <td> </td> <td> </td> </tr> <tr> <td> ROTC </td> <td> x </td> <td> </td> </tr> <tr> <td> Leadership </td> <td> x </td> <td> </td> </tr> <tr> <td> Minority status </td> <td> x </td> <td> </td> </tr> <tr> <td> Music/drama </td> <td> x </td> <td> </td> </tr> <tr> <td> Religious affiliation </td> <td> </td> <td> </td> </tr> <tr> <td> State/district residency </td> <td> x </td> <td> </td> </tr> </table>,153658,../data/cds-docs/2022-2023/153658.pdf,2022-2023
J,1,J1,"Degrees conferred between July 1, 2021 and June 30, 2022","[[{0: 'Category', 1: 'Diploma/Certificates', 2: 'Associate', 3: 'Bachelor’s', 4: 'CIP 2021 Categories\nto Include'}, {0: 'Agriculture', 1: '', 2: '', 3: '', 4: '01'}, {0: 'Natural resources and conservation', 1: '', 2: '', 3: '1.27%', 4: '03'}, {0: 'Architecture', 1: '', 2: '', 3: '', 4: '04'}, {0: 'Area, ethnic, and gender studies', 1: '', 2: '', 3: '0.40%', 4: '05'}, {0: 'Communication/journalism', 1: '', 2: '', 3: '5.06%', 4: '09'}, {0: 'Communication technologies', 1: '', 2: '', 3: '', 4: '10'}, {0: 'Computer and information sciences', 1: '', 2: '', 3: '2.40%', 4: '11'}, {0: 'Personal and culinary services', 1: '', 2: '', 3: '', 4: '12'}, {0: 'Education', 1: '', 2: '', 3: '3.51%', 4: '13'}, {0: 'Engineering', 1: '', 2: '', 3: '7.19%', 4: '14'}, {0: 'Engineering technologies', 1: '', 2: '', 3: '', 4: '15'}, {0: 'Foreign languages, literatures, and linguistics', 1: '', 2: '', 3: '1.36%', 4: '16'}, {0: 'Family and consumer sciences', 1: '', 2: '', 3: '', 4: '19'}, {0: 'Law/legal studies', 1: '', 2: '', 3: '', 4: '22'}, {0: 'English', 1: '', 2: '', 3: '3.22%', 4: '23'}, {0: 'Liberal arts/general studies', 1: '', 2: '', 3: '3.31%', 4: '24'}, {0: 'Library science', 1: '', 2: '', 3: '0.00%', 4: '25'}, {0: 'Biological/life sciences', 1: '', 2: '', 3: '3.80%', 4: '26'}, {0: 'Mathematics and statistics', 1: '', 2: '', 3: '1.70%', 4: '27'}, {0: 'Military science and military technologies', 1: '', 2: '', 3: '', 4: '28 & 29'}, {0: 'Interdisciplinary studies', 1: '', 2: '', 3: '8.60%', 4: '30'}, {0: 'Parks and recreation', 1: '', 2: '', 3: '10.23%', 4: '31'}, {0: 'Philosophy and religious studies', 1: '', 2: '', 3: '0.63%', 4: '38'}, {0: 'Theology and religious vocations', 1: '', 2: '', 3: '', 4: '39'}, {0: 'Physical sciences', 1: '', 2: '', 3: '1.19%', 4: '40'}, {0: 'Science technologies', 1: '', 2: '', 3: '', 4: '41'}, {0: 'Psychology', 1: '', 2: '', 3: '0.00%', 4: '42'}, {0: 'Homeland Security, law enforcement, firefighting,', 1: '', 2: '', 3: '', 4: '43'}, {0: 'Public administration and social services', 1: '', 2: '', 3: '0.92%', 4: '44'}, {0: 'Social sciences', 1: '', 2: '', 3: '7.54%', 4: '45'}, {0: 'Construction trades', 1: '', 2: '', 3: '', 4: '46'}, {0: 'Mechanic and repair technologies', 1: '', 2: '', 3: '', 4: '47'}, {0: 'Precision production', 1: '', 2: '', 3: '', 4: '48'}, {0: 'Transportation and materials moving', 1: '', 2: '', 3: '', 4: '49'}, {0: 'Visual and performing arts', 1: '', 2: '', 3: '4.77%', 4: '50'}, {0: 'Health professions and related programs', 1: '', 2: '', 3: '8.17%', 4: '51'}, {0: 'Business/marketing', 1: '', 2: '', 3: '23.57%', 4: '52'}, {0: 'History', 1: '', 2: '', 3: '1.17%', 4: '54'}, {0: 'Other', 1: '', 2: '', 3: '', 4: ''}, {0: 'TOTAL (should = 100%)', 1: '0.00%', 2: '0.00%', 3: '100.00%', 4: ''}]]","<table> <tr> <td> Category </td> <td> Diploma/Certificates </td> <td> Associate </td> <td> Bachelor’s </td> <td> CIP 2021 Categories <br/> to Include </td> </tr> <tr> <td> Agriculture </td> <td> </td> <td> </td> <td> </td> <td> 01 </td> </tr> <tr> <td> Natural resources and conservation </td> <td> </td> <td> </td> <td> 1.27% </td> <td> 03 </td> </tr> <tr> <td> Architecture </td> <td> </td> <td> </td> <td> </td> <td> 04 </td> </tr> <tr> <td> Area, ethnic, and gender studies </td> <td> </td> <td> </td> <td> 0.40% </td> <td> 05 </td> </tr> <tr> <td> Communication/journalism </td> <td> </td> <td> </td> <td> 5.06% </td> <td> 09 </td> </tr> <tr> <td> Communication technologies </td> <td> </td> <td> </td> <td> </td> <td> 10 </td> </tr> <tr> <td> Computer and information sciences </td> <td> </td> <td> </td> <td> 2.40% </td> <td> 11 </td> </tr> <tr> <td> Personal and culinary services </td> <td> </td> <td> </td> <td> </td> <td> 12 </td> </tr> <tr> <td> Education </td> <td> </td> <td> </td> <td> 3.51% </td> <td> 13 </td> </tr> <tr> <td> Engineering </td> <td> </td> <td> </td> <td> 7.19% </td> <td> 14 </td> </tr> <tr> <td> Engineering technologies </td> <td> </td> <td> </td> <td> </td> <td> 15 </td> </tr> <tr> <td> Foreign languages, literatures, and linguistics </td> <td> </td> <td> </td> <td> 1.36% </td> <td> 16 </td> </tr> <tr> <td> Family and consumer sciences </td> <td> </td> <td> </td> <td> </td> <td> 19 </td> </tr> <tr> <td> Law/legal studies </td> <td> </td> <td> </td> <td> </td> <td> 22 </td> </tr> <tr> <td> English </td> <td> </td> <td> </td> <td> 3.22% </td> <td> 23 </td> </tr> <tr> <td> Liberal arts/general studies </td> <td> </td> <td> </td> <td> 3.31% </td> <td> 24 </td> </tr> <tr> <td> Library science </td> <td> </td> <td> </td> <td> 0.00% </td> <td> 25 </td> </tr> <tr> <td> Biological/life sciences </td> <td> </td> <td> </td> <td> 3.80% </td> <td> 26 </td> </tr> <tr> <td> Mathematics and statistics </td> <td> </td> <td> </td> <td> 1.70% </td> <td> 27 </td> </tr> <tr> <td> Military science and military technologies </td> <td> </td> <td> </td> <td> </td> <td> 28 &amp; 29 </td> </tr> <tr> <td> Interdisciplinary studies </td> <td> </td> <td> </td> <td> 8.60% </td> <td> 30 </td> </tr> <tr> <td> Parks and recreation </td> <td> </td> <td> </td> <td> 10.23% </td> <td> 31 </td> </tr> <tr> <td> Philosophy and religious studies </td> <td> </td> <td> </td> <td> 0.63% </td> <td> 38 </td> </tr> <tr> <td> Theology and religious vocations </td> <td> </td> <td> </td> <td> </td> <td> 39 </td> </tr> <tr> <td> Physical sciences </td> <td> </td> <td> </td> <td> 1.19% </td> <td> 40 </td> </tr> <tr> <td> Science technologies </td> <td> </td> <td> </td> <td> </td> <td> 41 </td> </tr> <tr> <td> Psychology </td> <td> </td> <td> </td> <td> 0.00% </td> <td> 42 </td> </tr> <tr> <td> Homeland Security, law enforcement, firefighting, </td> <td> </td> <td> </td> <td> </td> <td> 43 </td> </tr> <tr> <td> Public administration and social services </td> <td> </td> <td> </td> <td> 0.92% </td> <td> 44 </td> </tr> <tr> <td> Social sciences </td> <td> </td> <td> </td> <td> 7.54% </td> <td> 45 </td> </tr> <tr> <td> Construction trades </td> <td> </td> <td> </td> <td> </td> <td> 46 </td> </tr> <tr> <td> Mechanic and repair technologies </td> <td> </td> <td> </td> <td> </td> <td> 47 </td> </tr> <tr> <td> Precision production </td> <td> </td> <td> </td> <td> </td> <td> 48 </td> </tr> <tr> <td> Transportation and materials moving </td> <td> </td> <td> </td> <td> </td> <td> 49 </td> </tr> <tr> <td> Visual and performing arts </td> <td> </td> <td> </td> <td> 4.77% </td> <td> 50 </td> </tr> <tr> <td> Health professions and related programs </td> <td> </td> <td> </td> <td> 8.17% </td> <td> 51 </td> </tr> <tr> <td> Business/marketing </td> <td> </td> <td> </td> <td> 23.57% </td> <td> 52 </td> </tr> <tr> <td> History </td> <td> </td> <td> </td> <td> 1.17% </td> <td> 54 </td> </tr> <tr> <td> Other </td> <td> </td> <td> </td> <td> </td> <td> </td> </tr> <tr> <td> TOTAL (should = 100%) </td> <td> 0.00% </td> <td> 0.00% </td> <td> 100.00% </td> <td> </td> </tr> </table>",153658,../data/cds-docs/2022-2023/153658.pdf,2022-2023
B,1,B1,Institutional Enrollment - Men and Women,"[[{0: 'reporting study abroad students', 1: 'please see this link.\nFULL-TIME', 2: 'please see this link.\nFULL-TIME', 3: 'PART-TIME', 4: 'PART-TIME'}, {0: 'reporting study abroad students', 1: 'Men Women', 2: 'Men Women', 3: 'Men Women', 4: 'Men Women'}, {0: 'Undergraduates', 1: 'Undergraduates', 2: 'Undergraduates', 3: 'Undergraduates', 4: 'Undergraduates'}, {0: 'Degree-seeking, first-time\nfreshmen', 1: '1799', 2: '2,692', 3: '17', 4: '13'}, {0: 'Other first-year, degree-seeking', 1: '441', 2: '481', 3: '51', 4: '79'}, {0: 'All other degree-seeking', 1: '6,410', 2: '7,821', 3: '655', 4: '739'}, {0: 'Total degree-seeking', 1: '8,650', 2: '10,994', 3: '723', 4: '831'}, {0: 'All other undergraduates\nenrolled in credit courses', 1: '59', 2: '45', 3: '132', 4: '174'}, {0: 'Total undergraduates', 1: '8,709', 2: '11,039', 3: '855', 4: '1,005'}, {0: 'Graduate', 1: 'Graduate', 2: 'Graduate', 3: 'Graduate', 4: 'Graduate'}, {0: 'Degree-seeking, first-time', 1: '766', 2: '897', 3: '167', 4: '157'}, {0: 'All other degree-seeking', 1: '1490', 2: '1909', 3: '1292', 4: '1328'}, {0: 'All other graduates enrolled in\ncredit courses', 1: '20', 2: '24', 3: '93', 4: '158'}, {0: 'Total graduate', 1: '2276', 2: '2830', 3: '1552', 4: '1643'}, {0: 'Total all students', 1: '10,985', 2: '13,869', 3: '2,407', 4: '2,648'}]]","<table> <tr> <td rowspan=""2""> reporting study abroad students </td> <td colspan=""2""> please see this link. <br/> FULL-TIME </td> <td colspan=""2""> PART-TIME </td> </tr> <tr> <td colspan=""2""> Men Women </td> <td colspan=""2""> Men Women </td> </tr> <tr> <td colspan=""5""> Undergraduates </td> </tr> <tr> <td> Degree-seeking, first-time <br/> freshmen </td> <td> 1799 </td> <td> 2,692 </td> <td> 17 </td> <td> 13 </td> </tr> <tr> <td> Other first-year, degree-seeking </td> <td> 441 </td> <td> 481 </td> <td> 51 </td> <td> 79 </td> </tr> <tr> <td> All other degree-seeking </td> <td> 6,410 </td> <td> 7,821 </td> <td> 655 </td> <td> 739 </td> </tr> <tr> <td> Total degree-seeking </td> <td> 8,650 </td> <td> 10,994 </td> <td> 723 </td> <td> 831 </td> </tr> <tr> <td> All other undergraduates <br/> enrolled in credit courses </td> <td> 59 </td> <td> 45 </td> <td> 132 </td> <td> 174 </td> </tr> <tr> <td> Total undergraduates </td> <td> 8,709 </td> <td> 11,039 </td> <td> 855 </td> <td> 1,005 </td> </tr> <tr> <td colspan=""5""> Graduate </td> </tr> <tr> <td> Degree-seeking, first-time </td> <td> 766 </td> <td> 897 </td> <td> 167 </td> <td> 157 </td> </tr> <tr> <td> All other degree-seeking </td> <td> 1490 </td> <td> 1909 </td> <td> 1292 </td> <td> 1328 </td> </tr> <tr> <td> All other graduates enrolled in <br/> credit courses </td> <td> 20 </td> <td> 24 </td> <td> 93 </td> <td> 158 </td> </tr> <tr> <td> Total graduate </td> <td> 2276 </td> <td> 2830 </td> <td> 1552 </td> <td> 1643 </td> </tr> <tr> <td> Total all students </td> <td> 10,985 </td> <td> 13,869 </td> <td> 2,407 </td> <td> 2,648 </td> </tr> </table>",153658,../data/cds-docs/2021-2022/153658.pdf,2021-2022
B,2,B2,Enrollment by Racial/Ethnic Category.,"[[{0: '', 1: 'Degree-Seeking\nFirst-Time\nFirst Year', 2: 'Degree-Seeking\nUndergraduates\n(include first-time\nfirst-year)', 3: 'Total\nUndergraduates\n(both degree- and\nnon-degree\ufffe\nseeking)'}, {0: 'Nonresident aliens', 1: '47', 2: '557', 3: '576'}, {0: 'Hispanic/Latino', 1: '425', 2: '1,811', 3: '1,826'}, {0: 'Black or African American, non-Hispanic', 1: '124', 2: '643', 3: '656'}, {0: 'White, non-Hispanic', 1: '3,356', 2: '15,756', 3: '16,043'}, {0: 'American Indian or Alaska Native, non-Hispanic', 1: '6', 2: '33', 3: '33'}, {0: 'Asian, non-Hispanic', 1: '254', 2: '1,036', 3: '1,068'}, {0: 'Native Hawaiian or other Pacific Islander, non\ufffe\nHispanic', 1: '1', 2: '14', 3: '16'}, {0: 'Two or more races, non-Hispanic', 1: '186', 2: '795', 3: '806'}, {0: 'Race and/or ethnicity unknown', 1: '122', 2: '553', 3: '584'}, {0: 'TOTAL', 1: '4,521', 2: '21,198', 3: '21,608'}]]","<table> <tr> <td> </td> <td> Degree-Seeking <br/> First-Time <br/> First Year </td> <td> Degree-Seeking <br/> Undergraduates <br/> (include first-time <br/> first-year) </td> <td> Total <br/> Undergraduates <br/> (both degree- and <br/> non-degree￾ <br/> seeking) </td> </tr> <tr> <td> Nonresident aliens </td> <td> 47 </td> <td> 557 </td> <td> 576 </td> </tr> <tr> <td> Hispanic/Latino </td> <td> 425 </td> <td> 1,811 </td> <td> 1,826 </td> </tr> <tr> <td> Black or African American, non-Hispanic </td> <td> 124 </td> <td> 643 </td> <td> 656 </td> </tr> <tr> <td> White, non-Hispanic </td> <td> 3,356 </td> <td> 15,756 </td> <td> 16,043 </td> </tr> <tr> <td> American Indian or Alaska Native, non-Hispanic </td> <td> 6 </td> <td> 33 </td> <td> 33 </td> </tr> <tr> <td> Asian, non-Hispanic </td> <td> 254 </td> <td> 1,036 </td> <td> 1,068 </td> </tr> <tr> <td> Native Hawaiian or other Pacific Islander, non￾ <br/> Hispanic </td> <td> 1 </td> <td> 14 </td> <td> 16 </td> </tr> <tr> <td> Two or more races, non-Hispanic </td> <td> 186 </td> <td> 795 </td> <td> 806 </td> </tr> <tr> <td> Race and/or ethnicity unknown </td> <td> 122 </td> <td> 553 </td> <td> 584 </td> </tr> <tr> <td> TOTAL </td> <td> 4,521 </td> <td> 21,198 </td> <td> 21,608 </td> </tr> </table>",153658,../data/cds-docs/2021-2022/153658.pdf,2021-2022
B,4,B4,-B21: Graduation Rates,"[[{0: '', 1: 'Recipients of a\nFederal Pell\nGrant', 2: 'Recipients of a\nSubsidized\nStafford Loan\nwho did not\nreceive a Pell\nGrant', 3: 'Students who did\nnot receive either a\nPell Grant or a\nsubsidized\nStafford Loan', 4: 'Total\n(sum of 3 columns\nto the left)'}, {0: ""Initial 2015 cohort of first-time, full\ufffe\ntime, bachelor's (or equivalent)\ndegree-seeking undergraduate\nstudents"", 1: '955', 2: '776', 3: '3113', 4: '4844'}, {0: 'Of the initial 2015 cohort, how many\ndid not persist and did not graduate\nfor the following reasons:\n• Deceased\n• Permanently Disabled\n• Armed Forces\n• Foreign Aid Service of the Federal\nGovernment\n• Official church missions\n• Report Total Allowable Exclusions', 1: '0', 2: '0', 3: '0', 4: '0'}, {0: 'Final 2015 cohort, after adjusting for\nallowable exclusions', 1: '955', 2: '776', 3: '3113', 4: '4844'}, {0: 'Of the initial 2015 cohort, how many\ncompleted the program in four years\nor less (by Aug. 31, 2019)', 1: '445', 2: '378', 3: '1887', 4: '2710'}, {0: 'Of the initial 2015 cohort, how many\ncompleted the program in more than\nfour years but in five years or less\n(after Aug. 31, 2019 and by Aug. 31,\n2020)', 1: '125', 2: '119', 3: '513', 4: '757'}, {0: 'Of the initial 2015 cohort, how many\ncompleted the program in more than\nfive years but in six years or less\n(after Aug. 31, 2020 and by Aug. 31,\n2021)', 1: '30', 2: '16', 3: '58', 4: '104'}, {0: 'Total graduating within six years\n(sum of lines D, E, and F)', 1: '600', 2: '513', 3: '2458', 4: '3571'}]]","<table> <tr> <td> </td> <td> Recipients of a <br/> Federal Pell <br/> Grant </td> <td> Recipients of a <br/> Subsidized <br/> Stafford Loan <br/> who did not <br/> receive a Pell <br/> Grant </td> <td> Students who did <br/> not receive either a <br/> Pell Grant or a <br/> subsidized <br/> Stafford Loan </td> <td> Total <br/> (sum of 3 columns <br/> to the left) </td> </tr> <tr> <td> Initial 2015 cohort of first-time, full￾ <br/> time, bachelor's (or equivalent) <br/> degree-seeking undergraduate <br/> students </td> <td> 955 </td> <td> 776 </td> <td> 3113 </td> <td> 4844 </td> </tr> <tr> <td> Of the initial 2015 cohort, how many <br/> did not persist and did not graduate <br/> for the following reasons: <br/> • Deceased <br/> • Permanently Disabled <br/> • Armed Forces <br/> • Foreign Aid Service of the Federal <br/> Government <br/> • Official church missions <br/> • Report Total Allowable Exclusions </td> <td> 0 </td> <td> 0 </td> <td> 0 </td> <td> 0 </td> </tr> <tr> <td> Final 2015 cohort, after adjusting for <br/> allowable exclusions </td> <td> 955 </td> <td> 776 </td> <td> 3113 </td> <td> 4844 </td> </tr> <tr> <td> Of the initial 2015 cohort, how many <br/> completed the program in four years <br/> or less (by Aug. 31, 2019) </td> <td> 445 </td> <td> 378 </td> <td> 1887 </td> <td> 2710 </td> </tr> <tr> <td> Of the initial 2015 cohort, how many <br/> completed the program in more than <br/> four years but in five years or less <br/> (after Aug. 31, 2019 and by Aug. 31, <br/> 2020) </td> <td> 125 </td> <td> 119 </td> <td> 513 </td> <td> 757 </td> </tr> <tr> <td> Of the initial 2015 cohort, how many <br/> completed the program in more than <br/> five years but in six years or less <br/> (after Aug. 31, 2020 and by Aug. 31, <br/> 2021) </td> <td> 30 </td> <td> 16 </td> <td> 58 </td> <td> 104 </td> </tr> <tr> <td> Total graduating within six years <br/> (sum of lines D, E, and F) </td> <td> 600 </td> <td> 513 </td> <td> 2458 </td> <td> 3571 </td> </tr> </table>",153658,../data/cds-docs/2021-2022/153658.pdf,2021-2022
C,1,C1,"First-time, first-year (freshman) students: Provide the number of degree-seeking, first-time, first-year","[[{0: 'Total first-time, first-year (freshman) men who were admitted', 1: 'Total first-time, first-year (freshman) men who were admitted', 2: '8,041'}, {0: 'Total first-time, first-year', 1: '(freshman) women who were admitted', 2: '11,263'}], [{0: 'Total full-time, first-time, first-year (freshman) men who enrolled', 1: '1779'}, {0: 'Total part-time, first-time, first-year (freshman) men who enrolled', 1: '17'}], [{0: 'Total full-time, first-time, first-year (freshman) women who enrolled', 1: '2681'}, {0: 'Total part-time, first-time, first-year (freshman) women who enrolled', 1: '13'}], [{0: 'Total first-time, first-year (degree-seeking) who applied', 1: '22,434'}, {0: 'Total first-time, first-year (degree-seeking) who were admitted', 1: '19,340'}, {0: 'Total first-time, first-year (degree-seeking) who enrolled', 1: '4,521'}]]","<table> <tr> <td colspan=""2""> Total first-time, first-year (freshman) men who were admitted </td> <td> 8,041 </td> </tr> <tr> <td> Total first-time, first-year </td> <td> (freshman) women who were admitted </td> <td> 11,263 </td> </tr> </table><div class=""separator""></div><table> <tr> <td> Total full-time, first-time, first-year (freshman) men who enrolled </td> <td> 1779 </td> </tr> <tr> <td> Total part-time, first-time, first-year (freshman) men who enrolled </td> <td> 17 </td> </tr> </table><div class=""separator""></div><table> <tr> <td> Total full-time, first-time, first-year (freshman) women who enrolled </td> <td> 2681 </td> </tr> <tr> <td> Total part-time, first-time, first-year (freshman) women who enrolled </td> <td> 13 </td> </tr> </table><div class=""separator""></div><table> <tr> <td> Total first-time, first-year (degree-seeking) who applied </td> <td> 22,434 </td> </tr> <tr> <td> Total first-time, first-year (degree-seeking) who were admitted </td> <td> 19,340 </td> </tr> <tr> <td> Total first-time, first-year (degree-seeking) who enrolled </td> <td> 4,521 </td> </tr> </table>",153658,../data/cds-docs/2021-2022/153658.pdf,2021-2022
C,2,C2,Freshman wait-listed students,"[[{0: 'WAITING LIST', 1: 'TOTAL'}, {0: 'Number of qualified applicants offered a place on waiting list:', 1: '252'}, {0: 'Number accepting a place on the waiting list:', 1: '252'}, {0: 'Number of wait-listed students admitted:', 1: '62'}]]",<table> <tr> <td> WAITING LIST </td> <td> TOTAL </td> </tr> <tr> <td> Number of qualified applicants offered a place on waiting list: </td> <td> 252 </td> </tr> <tr> <td> Number accepting a place on the waiting list: </td> <td> 252 </td> </tr> <tr> <td> Number of wait-listed students admitted: </td> <td> 62 </td> </tr> </table>,153658,../data/cds-docs/2021-2022/153658.pdf,2021-2022
C,7,C7,"Relative importance of each of the following academic and nonacademic factors in your first-time,","[[{0: 'Very Important Important Considered Not Considered', 1: 'Very Important Important Considered Not Considered', 2: 'Very Important Important Considered Not Considered', 3: 'Very Important Important Considered Not Considered'}, {0: 'Academic', 1: 'Academic', 2: 'Academic', 3: 'Academic'}, {0: 'Rigor of secondary school\nrecord', 1: 'x', 2: '', 3: ''}, {0: 'Class rank', 1: 'x', 2: '', 3: ''}, {0: 'Academic GPA', 1: 'x', 2: '', 3: ''}, {0: 'Standardized test scores', 1: 'x', 2: '', 3: ''}, {0: 'Application Essay', 1: '', 2: '', 3: 'x'}, {0: 'Recommendation(s)', 1: '', 2: 'x', 3: ''}, {0: 'Nonacademic', 1: 'Nonacademic', 2: 'Nonacademic', 3: 'Nonacademic'}, {0: 'Interview', 1: '', 2: '', 3: 'x'}, {0: 'Extracurricular activities', 1: '', 2: '', 3: 'x'}, {0: 'Talent/ability', 1: '', 2: 'x', 3: ''}, {0: 'Character/personal qualities', 1: '', 2: 'x', 3: ''}, {0: 'First generation', 1: '', 2: '', 3: 'x'}, {0: 'Alumni/ae relation', 1: '', 2: '', 3: 'x'}, {0: 'Geographical residence', 1: '', 2: '', 3: 'x'}, {0: 'State residency', 1: '', 2: 'x', 3: ''}, {0: 'Religious affiliation/commitment', 1: '', 2: '', 3: 'x'}, {0: 'Racial/ethnic status', 1: '', 2: '', 3: 'x'}, {0: 'Volunteer work', 1: '', 2: '', 3: 'x'}, {0: 'Work experience', 1: '', 2: '', 3: 'x'}, {0: 'Level of applicant’s interest', 1: '', 2: '', 3: 'X'}]]","<table> <tr> <td colspan=""4""> Very Important Important Considered Not Considered </td> </tr> <tr> <td colspan=""4""> Academic </td> </tr> <tr> <td> Rigor of secondary school <br/> record </td> <td> x </td> <td> </td> <td> </td> </tr> <tr> <td> Class rank </td> <td> x </td> <td> </td> <td> </td> </tr> <tr> <td> Academic GPA </td> <td> x </td> <td> </td> <td> </td> </tr> <tr> <td> Standardized test scores </td> <td> x </td> <td> </td> <td> </td> </tr> <tr> <td> Application Essay </td> <td> </td> <td> </td> <td> x </td> </tr> <tr> <td> Recommendation(s) </td> <td> </td> <td> x </td> <td> </td> </tr> <tr> <td colspan=""4""> Nonacademic </td> </tr> <tr> <td> Interview </td> <td> </td> <td> </td> <td> x </td> </tr> <tr> <td> Extracurricular activities </td> <td> </td> <td> </td> <td> x </td> </tr> <tr> <td> Talent/ability </td> <td> </td> <td> x </td> <td> </td> </tr> <tr> <td> Character/personal qualities </td> <td> </td> <td> x </td> <td> </td> </tr> <tr> <td> First generation </td> <td> </td> <td> </td> <td> x </td> </tr> <tr> <td> Alumni/ae relation </td> <td> </td> <td> </td> <td> x </td> </tr> <tr> <td> Geographical residence </td> <td> </td> <td> </td> <td> x </td> </tr> <tr> <td> State residency </td> <td> </td> <td> x </td> <td> </td> </tr> <tr> <td> Religious affiliation/commitment </td> <td> </td> <td> </td> <td> x </td> </tr> <tr> <td> Racial/ethnic status </td> <td> </td> <td> </td> <td> x </td> </tr> <tr> <td> Volunteer work </td> <td> </td> <td> </td> <td> x </td> </tr> <tr> <td> Work experience </td> <td> </td> <td> </td> <td> x </td> </tr> <tr> <td> Level of applicant’s interest </td> <td> </td> <td> </td> <td> X </td> </tr> </table>",153658,../data/cds-docs/2021-2022/153658.pdf,2021-2022
C,8,C8,"A If yes, place check marks in the appropriate boxes below to reflect your institution’s policies for use in","[[{0: 'ADMISSION', 1: 'ADMISSION', 2: 'ADMISSION', 3: 'ADMISSION', 4: 'ADMISSION'}, {0: 'Require', 1: 'Recommend', 2: 'Require for Some', 3: 'Consider if\nSubmitted', 4: 'Used Not'}], [{0: 'X', 1: 'X'}, {0: 'X', 1: 'X'}]]","<table> <tr> <td colspan=""5""> ADMISSION </td> </tr> <tr> <td> Require </td> <td> Recommend </td> <td> Require for Some </td> <td> Consider if <br/> Submitted </td> <td> Used Not </td> </tr> </table><div class=""separator""></div><table> <tr> <td> X </td> <td> X </td> </tr> <tr> <td> X </td> <td> X </td> </tr> </table>",153658,../data/cds-docs/2021-2022/153658.pdf,2021-2022
C,9,C9,"Percent and number of first-time, first-year (freshman) students enrolled in Fall 2021 who submitted","[[{0: '18%', 1: '800'}, {0: '65%', 1: '2944'}], [{0: 'Assessment', 1: '25th Percentile', 2: '75th Percentile'}, {0: 'SAT Composite', 1: '1140', 2: '1330'}, {0: 'SAT Evidence-Based Reading and\nWriting', 1: '570', 2: '680'}, {0: 'SAT Math', 1: '560', 2: '670'}, {0: 'ACT Composite', 1: '22', 2: '29'}, {0: 'ACT Math', 1: '21', 2: '28'}, {0: 'ACT English', 1: '21', 2: '29'}, {0: 'ACT Writing', 1: '', 2: ''}], [{0: 'Score Range', 1: 'SAT Evidence\ufffe\nBased Reading\nand Writing', 2: 'SAT Math'}, {0: '700-800', 1: '16.94%', 2: '17.19%'}, {0: '600-699', 1: '45.04%', 2: '40.65%'}, {0: '500-599', 1: '32.75%', 2: '36.64%'}, {0: '400-499', 1: '4.77%', 2: '5.52%'}, {0: '300-399', 1: '0.50%', 2: '0.00%'}, {0: '200-299', 1: '0.00%', 2: '0.00%'}, {0: 'Totals should = 100%', 1: '100.00%', 2: '100.00%'}], [{0: 'Score Range', 1: 'SAT Composite'}, {0: '1400-1600', 1: '15.13%'}, {0: '1200-1399', 1: '45.88%'}, {0: '1000-1199', 1: '35.50%'}, {0: '800-999', 1: '3.38%'}, {0: '600-799', 1: '0.13%'}, {0: '400-599', 1: '0.00%'}, {0: 'Totals should = 100%', 1: '100.00%'}]]","<table> <tr> <td> 18% </td> <td> 800 </td> </tr> <tr> <td> 65% </td> <td> 2944 </td> </tr> </table><div class=""separator""></div><table> <tr> <td> Assessment </td> <td> 25th Percentile </td> <td> 75th Percentile </td> </tr> <tr> <td> SAT Composite </td> <td> 1140 </td> <td> 1330 </td> </tr> <tr> <td> SAT Evidence-Based Reading and <br/> Writing </td> <td> 570 </td> <td> 680 </td> </tr> <tr> <td> SAT Math </td> <td> 560 </td> <td> 670 </td> </tr> <tr> <td> ACT Composite </td> <td> 22 </td> <td> 29 </td> </tr> <tr> <td> ACT Math </td> <td> 21 </td> <td> 28 </td> </tr> <tr> <td> ACT English </td> <td> 21 </td> <td> 29 </td> </tr> <tr> <td> ACT Writing </td> <td> </td> <td> </td> </tr> </table><div class=""separator""></div><table> <tr> <td> Score Range </td> <td> SAT Evidence￾ <br/> Based Reading <br/> and Writing </td> <td> SAT Math </td> </tr> <tr> <td> 700-800 </td> <td> 16.94% </td> <td> 17.19% </td> </tr> <tr> <td> 600-699 </td> <td> 45.04% </td> <td> 40.65% </td> </tr> <tr> <td> 500-599 </td> <td> 32.75% </td> <td> 36.64% </td> </tr> <tr> <td> 400-499 </td> <td> 4.77% </td> <td> 5.52% </td> </tr> <tr> <td> 300-399 </td> <td> 0.50% </td> <td> 0.00% </td> </tr> <tr> <td> 200-299 </td> <td> 0.00% </td> <td> 0.00% </td> </tr> <tr> <td> Totals should = 100% </td> <td> 100.00% </td> <td> 100.00% </td> </tr> </table><div class=""separator""></div><table> <tr> <td> Score Range </td> <td> SAT Composite </td> </tr> <tr> <td> 1400-1600 </td> <td> 15.13% </td> </tr> <tr> <td> 1200-1399 </td> <td> 45.88% </td> </tr> <tr> <td> 1000-1199 </td> <td> 35.50% </td> </tr> <tr> <td> 800-999 </td> <td> 3.38% </td> </tr> <tr> <td> 600-799 </td> <td> 0.13% </td> </tr> <tr> <td> 400-599 </td> <td> 0.00% </td> </tr> <tr> <td> Totals should = 100% </td> <td> 100.00% </td> </tr> </table>",153658,../data/cds-docs/2021-2022/153658.pdf,2021-2022
C,10,C10,"Percent of all degree-seeking, first-time, first-year (freshman) students who had high school class","[[{0: 'Assessment', 1: 'Percent'}, {0: 'Percent in top tenth of high school graduating class', 1: '33%'}, {0: 'Percent in top quarter of high school graduating class', 1: '63.91%'}, {0: 'Percent in top half of high school graduating class', 1: '92.31%'}, {0: 'Percent in bottom half of high school graduating class', 1: '7.69%'}, {0: 'Percent in bottom quarter of high school graduating class', 1: '0.00%'}, {0: 'Percent of total first-time, first-year (freshmen) students who submitted', 1: '37.69%'}]]","<table> <tr> <td> Assessment </td> <td> Percent </td> </tr> <tr> <td> Percent in top tenth of high school graduating class </td> <td> 33% </td> </tr> <tr> <td> Percent in top quarter of high school graduating class </td> <td> 63.91% </td> </tr> <tr> <td> Percent in top half of high school graduating class </td> <td> 92.31% </td> </tr> <tr> <td> Percent in bottom half of high school graduating class </td> <td> 7.69% </td> </tr> <tr> <td> Percent in bottom quarter of high school graduating class </td> <td> 0.00% </td> </tr> <tr> <td> Percent of total first-time, first-year (freshmen) students who submitted </td> <td> 37.69% </td> </tr> </table>",153658,../data/cds-docs/2021-2022/153658.pdf,2021-2022
C,11,C11,"Percentage of all enrolled, degree-seeking, first-time, first-year (freshman) students who had high","[[{0: 'Score Range', 1: 'Percent'}, {0: 'Percent who had GPA of 4.0', 1: '33.24%'}, {0: 'Percent who had GPA between 3.75 and 3.99', 1: '27.81%'}, {0: 'Percent who had GPA between 3.50 and 3.74', 1: '18.71%'}, {0: 'Percent who had GPA between 3.25 and 3.49', 1: '11.31%'}, {0: 'Percent who had GPA between 3.00 and 3.24', 1: '6.39%'}, {0: 'Percent who had GPA between 2.50 and 2.99', 1: '2.48%'}, {0: 'Percent who had GPA between 2.0 and 2.49', 1: '0.04%'}, {0: 'Percent who had GPA between 1.0 and 1.99', 1: '0.02%'}, {0: 'Percent who had GPA below 1.0', 1: '0.00%'}, {0: 'Totals should = 100%', 1: '100.00%'}]]",<table> <tr> <td> Score Range </td> <td> Percent </td> </tr> <tr> <td> Percent who had GPA of 4.0 </td> <td> 33.24% </td> </tr> <tr> <td> Percent who had GPA between 3.75 and 3.99 </td> <td> 27.81% </td> </tr> <tr> <td> Percent who had GPA between 3.50 and 3.74 </td> <td> 18.71% </td> </tr> <tr> <td> Percent who had GPA between 3.25 and 3.49 </td> <td> 11.31% </td> </tr> <tr> <td> Percent who had GPA between 3.00 and 3.24 </td> <td> 6.39% </td> </tr> <tr> <td> Percent who had GPA between 2.50 and 2.99 </td> <td> 2.48% </td> </tr> <tr> <td> Percent who had GPA between 2.0 and 2.49 </td> <td> 0.04% </td> </tr> <tr> <td> Percent who had GPA between 1.0 and 1.99 </td> <td> 0.02% </td> </tr> <tr> <td> Percent who had GPA below 1.0 </td> <td> 0.00% </td> </tr> <tr> <td> Totals should = 100% </td> <td> 100.00% </td> </tr> </table>,153658,../data/cds-docs/2021-2022/153658.pdf,2021-2022
C,14,C14,Application closing date,"[[{0: '', 1: 'Date'}, {0: 'Application closing date (fall)', 1: '5/1'}, {0: 'Priority Date', 1: ''}]]",<table> <tr> <td> </td> <td> Date </td> </tr> <tr> <td> Application closing date (fall) </td> <td> 5/1 </td> </tr> <tr> <td> Priority Date </td> <td> </td> </tr> </table>,153658,../data/cds-docs/2021-2022/153658.pdf,2021-2022
D,2,D2,"Provide the number of students who applied, were admitted, and enrolled as degree-seeking transfer","[[{0: '', 1: 'Applicants', 2: 'Admitted\nApplicants', 3: 'Enrolled\nApplicants'}, {0: 'Men', 1: '1,309', 2: '927', 3: '498'}, {0: 'Women', 1: '1,371', 2: '998', 3: '554'}, {0: 'Total', 1: '2,680', 2: '1,925', 3: '1,052'}]]","<table> <tr> <td> </td> <td> Applicants </td> <td> Admitted <br/> Applicants </td> <td> Enrolled <br/> Applicants </td> </tr> <tr> <td> Men </td> <td> 1,309 </td> <td> 927 </td> <td> 498 </td> </tr> <tr> <td> Women </td> <td> 1,371 </td> <td> 998 </td> <td> 554 </td> </tr> <tr> <td> Total </td> <td> 2,680 </td> <td> 1,925 </td> <td> 1,052 </td> </tr> </table>",153658,../data/cds-docs/2021-2022/153658.pdf,2021-2022
D,5,D5,Indicate all items required of transfer students to apply for admission:,"[[{0: '', 1: 'Required of All', 2: 'Recommended\nof All', 3: 'Recommended\nof Some', 4: 'Required of\nSome', 5: 'Not Required'}, {0: 'High school transcript', 1: '', 2: '', 3: '', 4: 'x', 5: ''}, {0: 'College transcript(s)', 1: '', 2: '', 3: '', 4: 'x', 5: ''}, {0: 'Essay or personal\nstatement', 1: '', 2: '', 3: '', 4: 'x', 5: ''}, {0: 'Interview', 1: '', 2: '', 3: '', 4: '', 5: 'x'}, {0: 'Standardized test scores', 1: '', 2: '', 3: '', 4: 'x', 5: ''}, {0: 'Statement of good\nstanding from prior\ninstitution(s)', 1: '', 2: '', 3: '', 4: '', 5: 'x'}]]",<table> <tr> <td> </td> <td> Required of All </td> <td> Recommended <br/> of All </td> <td> Recommended <br/> of Some </td> <td> Required of <br/> Some </td> <td> Not Required </td> </tr> <tr> <td> High school transcript </td> <td> </td> <td> </td> <td> </td> <td> x </td> <td> </td> </tr> <tr> <td> College transcript(s) </td> <td> </td> <td> </td> <td> </td> <td> x </td> <td> </td> </tr> <tr> <td> Essay or personal <br/> statement </td> <td> </td> <td> </td> <td> </td> <td> x </td> <td> </td> </tr> <tr> <td> Interview </td> <td> </td> <td> </td> <td> </td> <td> </td> <td> x </td> </tr> <tr> <td> Standardized test scores </td> <td> </td> <td> </td> <td> </td> <td> x </td> <td> </td> </tr> <tr> <td> Statement of good <br/> standing from prior <br/> institution(s) </td> <td> </td> <td> </td> <td> </td> <td> </td> <td> x </td> </tr> </table>,153658,../data/cds-docs/2021-2022/153658.pdf,2021-2022
D,9,D9,"List application priority, closing, notification, and candidate reply dates for transfer students. If applications","[[{0: '', 1: 'Priority Date', 2: 'Closing Date', 3: 'Notification Date', 4: 'Reply Date', 5: 'Rolling\nAdmission'}, {0: 'Fall', 1: '', 2: '7/15', 3: '', 4: '5/1', 5: 'x'}, {0: 'Winter', 1: '', 2: '', 3: '', 4: '', 5: 'x'}, {0: 'Spring', 1: '', 2: '12/1', 3: '', 4: '11/15', 5: 'x'}, {0: 'Summer', 1: '', 2: '', 3: '', 4: '5/1', 5: 'x'}]]",<table> <tr> <td> </td> <td> Priority Date </td> <td> Closing Date </td> <td> Notification Date </td> <td> Reply Date </td> <td> Rolling <br/> Admission </td> </tr> <tr> <td> Fall </td> <td> </td> <td> 7/15 </td> <td> </td> <td> 5/1 </td> <td> x </td> </tr> <tr> <td> Winter </td> <td> </td> <td> </td> <td> </td> <td> </td> <td> x </td> </tr> <tr> <td> Spring </td> <td> </td> <td> 12/1 </td> <td> </td> <td> 11/15 </td> <td> x </td> </tr> <tr> <td> Summer </td> <td> </td> <td> </td> <td> </td> <td> 5/1 </td> <td> x </td> </tr> </table>,153658,../data/cds-docs/2021-2022/153658.pdf,2021-2022
F,1,F1,"Percentages of first-time, first-year (freshman) degree-seeking students and degree-","[[{0: '', 1: 'First-time, first\ufffe\nyear (freshman)\nstudents', 2: 'Undergraduates'}, {0: 'Percent who are from out of state (exclude\ninternational/nonresident aliens from the numerator\nand denominator)', 1: '40%', 2: '36%'}, {0: 'Percent of men who join fraternities', 1: '18%', 2: '13%'}, {0: 'Percent of women who join sororities', 1: '23%', 2: '17%'}, {0: 'Percent who live in college-owned, -operated, or -\naffiliated housing', 1: '89%', 2: '25%'}, {0: 'Percent who live off campus or commute', 1: '11%', 2: '75%'}, {0: 'Percent of students age 25 and older', 1: '0%', 2: '6%'}, {0: 'Average age of full-time students', 1: '18', 2: '20'}, {0: 'Average age of all students (full- and part-time)', 1: '18', 2: '21'}]]","<table> <tr> <td> </td> <td> First-time, first￾ <br/> year (freshman) <br/> students </td> <td> Undergraduates </td> </tr> <tr> <td> Percent who are from out of state (exclude <br/> international/nonresident aliens from the numerator <br/> and denominator) </td> <td> 40% </td> <td> 36% </td> </tr> <tr> <td> Percent of men who join fraternities </td> <td> 18% </td> <td> 13% </td> </tr> <tr> <td> Percent of women who join sororities </td> <td> 23% </td> <td> 17% </td> </tr> <tr> <td> Percent who live in college-owned, -operated, or - <br/> affiliated housing </td> <td> 89% </td> <td> 25% </td> </tr> <tr> <td> Percent who live off campus or commute </td> <td> 11% </td> <td> 75% </td> </tr> <tr> <td> Percent of students age 25 and older </td> <td> 0% </td> <td> 6% </td> </tr> <tr> <td> Average age of full-time students </td> <td> 18 </td> <td> 20 </td> </tr> <tr> <td> Average age of all students (full- and part-time) </td> <td> 18 </td> <td> 21 </td> </tr> </table>",153658,../data/cds-docs/2021-2022/153658.pdf,2021-2022
F,3,F3,ROTC (program offered in cooperation with Reserve Officers' Training Corps),"[[{0: '', 1: 'On Campus', 2: 'At Cooperating\nInstitution', 3: 'Name of Cooperating\nInstitution'}, {0: 'Army ROTC is offered:', 1: 'X', 2: '', 3: ''}, {0: 'Naval ROTC is offered:', 1: '', 2: '', 3: ''}, {0: 'Air Force ROTC is offered:', 1: 'X', 2: '', 3: ''}]]",<table> <tr> <td> </td> <td> On Campus </td> <td> At Cooperating <br/> Institution </td> <td> Name of Cooperating <br/> Institution </td> </tr> <tr> <td> Army ROTC is offered: </td> <td> X </td> <td> </td> <td> </td> </tr> <tr> <td> Naval ROTC is offered: </td> <td> </td> <td> </td> <td> </td> </tr> <tr> <td> Air Force ROTC is offered: </td> <td> X </td> <td> </td> <td> </td> </tr> </table>,153658,../data/cds-docs/2021-2022/153658.pdf,2021-2022
G,1,G1,"Undergraduate full-time tuition, required fees, room and board","[[{0: '', 1: 'First-Year', 2: 'Undergraduates'}, {0: 'PRIVATE INSTITUTIONS', 1: '', 2: ''}, {0: 'Tuition:', 1: '', 2: ''}, {0: 'PUBLIC INSTITUTIONS', 1: '', 2: ''}, {0: 'Tuition: In-district', 1: '', 2: ''}, {0: 'Tuition: In-state (out-of-district):', 1: '', 2: ''}, {0: 'Tuition: Out-of-state:', 1: '', 2: ''}, {0: 'Tuition: Non-resident alien', 1: '', 2: ''}, {0: 'FOR ALL INSTITUTIONS', 1: 'FOR ALL INSTITUTIONS', 2: 'FOR ALL INSTITUTIONS'}, {0: 'Required Fees', 1: '', 2: ''}, {0: 'Room and Board (on-campus):', 1: '', 2: ''}, {0: 'Room Only (on-campus):', 1: '', 2: ''}, {0: 'Board Only (on-campus meal plan):', 1: '', 2: ''}]]","<table> <tr> <td> </td> <td> First-Year </td> <td> Undergraduates </td> </tr> <tr> <td> PRIVATE INSTITUTIONS </td> <td> </td> <td> </td> </tr> <tr> <td> Tuition: </td> <td> </td> <td> </td> </tr> <tr> <td> PUBLIC INSTITUTIONS </td> <td> </td> <td> </td> </tr> <tr> <td> Tuition: In-district </td> <td> </td> <td> </td> </tr> <tr> <td> Tuition: In-state (out-of-district): </td> <td> </td> <td> </td> </tr> <tr> <td> Tuition: Out-of-state: </td> <td> </td> <td> </td> </tr> <tr> <td> Tuition: Non-resident alien </td> <td> </td> <td> </td> </tr> <tr> <td colspan=""3""> FOR ALL INSTITUTIONS </td> </tr> <tr> <td> Required Fees </td> <td> </td> <td> </td> </tr> <tr> <td> Room and Board (on-campus): </td> <td> </td> <td> </td> </tr> <tr> <td> Room Only (on-campus): </td> <td> </td> <td> </td> </tr> <tr> <td> Board Only (on-campus meal plan): </td> <td> </td> <td> </td> </tr> </table>",153658,../data/cds-docs/2021-2022/153658.pdf,2021-2022
G,5,G5,Provide the estimated expenses for a typical full-time undergraduate student:,"[[{0: '', 1: 'Residents', 2: 'Commuters\n(living at home)', 3: 'Commuters\n(not living at home)'}, {0: 'Books and supplies:', 1: '', 2: '', 3: ''}, {0: 'Room only:', 1: '', 2: '', 3: ''}, {0: 'Board only:', 1: '', 2: '', 3: ''}, {0: 'Room and board total*', 1: '', 2: '', 3: ''}, {0: 'Transportation:', 1: '', 2: '', 3: ''}, {0: 'Other expenses:', 1: '', 2: '', 3: ''}]]",<table> <tr> <td> </td> <td> Residents </td> <td> Commuters <br/> (living at home) </td> <td> Commuters <br/> (not living at home) </td> </tr> <tr> <td> Books and supplies: </td> <td> </td> <td> </td> <td> </td> </tr> <tr> <td> Room only: </td> <td> </td> <td> </td> <td> </td> </tr> <tr> <td> Board only: </td> <td> </td> <td> </td> <td> </td> </tr> <tr> <td> Room and board total* </td> <td> </td> <td> </td> <td> </td> </tr> <tr> <td> Transportation: </td> <td> </td> <td> </td> <td> </td> </tr> <tr> <td> Other expenses: </td> <td> </td> <td> </td> <td> </td> </tr> </table>,153658,../data/cds-docs/2021-2022/153658.pdf,2021-2022
H,2,H2,", A, and H6 below:","[[{0: '', 1: 'Need-based\n(Include non\ufffe\nneed-based aid\nuse to meet\nneed.)', 2: 'Non-need\ufffe\nbased\n(Exclude non\ufffe\nneed-based aid\nuse to meet\nneed.)'}, {0: 'Scholarships/Grants', 1: '', 2: ''}, {0: 'Federal', 1: '$20,927,833', 2: '$231,880'}, {0: 'State all states, not only the state in which your institution is\nlocated', 1: '$1,642,260', 2: '$574,194'}, {0: 'Institutional: Endowed scholarships, annual gifts and tuition\nfunded grants, awarded by the college, excluding athletic aid and\ntuition waivers (which are reported below).', 1: '$48,894,877', 2: '$37,391,001'}, {0: 'Scholarships/grants from external sources (e.g. Kiwanis,\nNational Merit) not awarded by the college', 1: '$3,331,858', 2: '$4,458,802'}, {0: 'Total Scholarships/Grants', 1: '$74,796,828', 2: '$42,655,877'}, {0: 'Self-Help', 1: '', 2: ''}, {0: 'Student loans from all sources (excluding parent loans)', 1: '$55,128,279', 2: '$54,510,838'}, {0: 'Federal Work-Study', 1: '$1,581,421', 2: ''}, {0: 'State and other (e.g., institutional) work-study/employment (Note:\nExcludes Federal Work-Study captured above.)', 1: '$0', 2: '$0'}, {0: 'Total Self-Help', 1: '$56,709,700', 2: '$54,510,838'}, {0: 'Parent Loans', 1: '$16,515,692', 2: '$22,140,354'}, {0: 'Tuition Waivers\nNote: Reporting is optional. Report tuition waivers in this row if you\nchoose to report them. Do not report tuition waivers elsewhere.', 1: '$0', 2: '$0'}, {0: 'Athletic Awards', 1: '$2,989,221', 2: '$9,066,037'}], [{0: '', 1: '', 2: 'First-time Full\ufffe\ntime Freshmen', 3: 'Full-time\nUndergrad\n(Incl. Fresh)', 4: 'Less Than\nFull-time\nUndergrad'}, {0: 'A', 1: 'Number of degree-seeking undergraduate students\n(CDS Item B1 if reporting on Fall 2021 cohort)', 2: '4,445', 3: '20,201', 4: '1,728'}, {0: 'B', 1: 'Number of students in line a who applied for need\ufffe\nbased financial aid', 2: '3,803', 3: '14,391', 4: '898'}, {0: 'C', 1: 'Number of students in line b who were determined to\nhave financial need', 2: '2,172', 3: '9,175', 4: '582'}, {0: 'D', 1: 'Number of students in line c who were awarded any\nfinancial aid', 2: '2,172', 3: '9,174', 4: '580'}, {0: 'E', 1: 'Number of students in line d who were awarded any\nneed-based scholarship or grant aid', 2: '1,870', 3: '7,461', 4: '426'}, {0: 'F', 1: 'Number of students in line d who were awarded any\nneed-based self-help aid', 2: '1,527', 3: '6,895', 4: '419'}, {0: 'G', 1: 'Number of students in line d who were awarded any\nnon-need-based scholarship or grant aid', 2: '288', 3: '834', 4: '10'}, {0: 'H', 1: 'Number of students in line d whose need was fully met\n(exclude PLUS loans, unsubsidized loans, and private\nalternative loans)', 2: '342', 3: '1,080', 4: '22'}], [{0: '', 1: '', 2: 'First-time\nFull-time\nFreshmen', 3: 'Full-time\nUndergrad\n(Incl. Fresh.)', 4: 'Less Than\nFull-time\nUndergrad'}, {0: 'N', 1: 'Number of students in line a who had no financial need\nand who were awarded institutional non-need-based\nscholarship or grant aid (exclude those who were\nawarded athletic awards and tuition benefits)', 2: '1,295', 3: '5,308', 4: '156'}, {0: 'O', 1: 'Average dollar amount of institutional non-need-based\nscholarship and grant aid awarded to students in line n', 2: '$ 6,901', 3: '$ 6,312', 4: '$ 2,128'}, {0: 'P', 1: 'Number of students in line a who were awarded an\ninstitutional non-need-based athletic scholarship or\ngrant', 2: '93', 3: '403', 4: '12'}, {0: 'Q', 1: 'Average dollar amount of institutional non-need-based\nathletic scholarships and grants awarded to students in\nline p', 2: '$ 17,543', 3: '$ 21,291', 4: '$ 11,469'}]]","<table> <tr> <td> </td> <td> Need-based <br/> (Include non￾ <br/> need-based aid <br/> use to meet <br/> need.) </td> <td> Non-need￾ <br/> based <br/> (Exclude non￾ <br/> need-based aid <br/> use to meet <br/> need.) </td> </tr> <tr> <td> Scholarships/Grants </td> <td> </td> <td> </td> </tr> <tr> <td> Federal </td> <td> $20,927,833 </td> <td> $231,880 </td> </tr> <tr> <td> State all states, not only the state in which your institution is <br/> located </td> <td> $1,642,260 </td> <td> $574,194 </td> </tr> <tr> <td> Institutional: Endowed scholarships, annual gifts and tuition <br/> funded grants, awarded by the college, excluding athletic aid and <br/> tuition waivers (which are reported below). </td> <td> $48,894,877 </td> <td> $37,391,001 </td> </tr> <tr> <td> Scholarships/grants from external sources (e.g. Kiwanis, <br/> National Merit) not awarded by the college </td> <td> $3,331,858 </td> <td> $4,458,802 </td> </tr> <tr> <td> Total Scholarships/Grants </td> <td> $74,796,828 </td> <td> $42,655,877 </td> </tr> <tr> <td> Self-Help </td> <td> </td> <td> </td> </tr> <tr> <td> Student loans from all sources (excluding parent loans) </td> <td> $55,128,279 </td> <td> $54,510,838 </td> </tr> <tr> <td> Federal Work-Study </td> <td> $1,581,421 </td> <td> </td> </tr> <tr> <td> State and other (e.g., institutional) work-study/employment (Note: <br/> Excludes Federal Work-Study captured above.) </td> <td> $0 </td> <td> $0 </td> </tr> <tr> <td> Total Self-Help </td> <td> $56,709,700 </td> <td> $54,510,838 </td> </tr> <tr> <td> Parent Loans </td> <td> $16,515,692 </td> <td> $22,140,354 </td> </tr> <tr> <td> Tuition Waivers <br/> Note: Reporting is optional. Report tuition waivers in this row if you <br/> choose to report them. Do not report tuition waivers elsewhere. </td> <td> $0 </td> <td> $0 </td> </tr> <tr> <td> Athletic Awards </td> <td> $2,989,221 </td> <td> $9,066,037 </td> </tr> </table><div class=""separator""></div><table> <tr> <td> </td> <td> </td> <td> First-time Full￾ <br/> time Freshmen </td> <td> Full-time <br/> Undergrad <br/> (Incl. Fresh) </td> <td> Less Than <br/> Full-time <br/> Undergrad </td> </tr> <tr> <td> A </td> <td> Number of degree-seeking undergraduate students <br/> (CDS Item B1 if reporting on Fall 2021 cohort) </td> <td> 4,445 </td> <td> 20,201 </td> <td> 1,728 </td> </tr> <tr> <td> B </td> <td> Number of students in line a who applied for need￾ <br/> based financial aid </td> <td> 3,803 </td> <td> 14,391 </td> <td> 898 </td> </tr> <tr> <td> C </td> <td> Number of students in line b who were determined to <br/> have financial need </td> <td> 2,172 </td> <td> 9,175 </td> <td> 582 </td> </tr> <tr> <td> D </td> <td> Number of students in line c who were awarded any <br/> financial aid </td> <td> 2,172 </td> <td> 9,174 </td> <td> 580 </td> </tr> <tr> <td> E </td> <td> Number of students in line d who were awarded any <br/> need-based scholarship or grant aid </td> <td> 1,870 </td> <td> 7,461 </td> <td> 426 </td> </tr> <tr> <td> F </td> <td> Number of students in line d who were awarded any <br/> need-based self-help aid </td> <td> 1,527 </td> <td> 6,895 </td> <td> 419 </td> </tr> <tr> <td> G </td> <td> Number of students in line d who were awarded any <br/> non-need-based scholarship or grant aid </td> <td> 288 </td> <td> 834 </td> <td> 10 </td> </tr> <tr> <td> H </td> <td> Number of students in line d whose need was fully met <br/> (exclude PLUS loans, unsubsidized loans, and private <br/> alternative loans) </td> <td> 342 </td> <td> 1,080 </td> <td> 22 </td> </tr> </table><div class=""separator""></div><table> <tr> <td> </td> <td> </td> <td> First-time <br/> Full-time <br/> Freshmen </td> <td> Full-time <br/> Undergrad <br/> (Incl. Fresh.) </td> <td> Less Than <br/> Full-time <br/> Undergrad </td> </tr> <tr> <td> N </td> <td> Number of students in line a who had no financial need <br/> and who were awarded institutional non-need-based <br/> scholarship or grant aid (exclude those who were <br/> awarded athletic awards and tuition benefits) </td> <td> 1,295 </td> <td> 5,308 </td> <td> 156 </td> </tr> <tr> <td> O </td> <td> Average dollar amount of institutional non-need-based <br/> scholarship and grant aid awarded to students in line n </td> <td> $ 6,901 </td> <td> $ 6,312 </td> <td> $ 2,128 </td> </tr> <tr> <td> P </td> <td> Number of students in line a who were awarded an <br/> institutional non-need-based athletic scholarship or <br/> grant </td> <td> 93 </td> <td> 403 </td> <td> 12 </td> </tr> <tr> <td> Q </td> <td> Average dollar amount of institutional non-need-based <br/> athletic scholarships and grants awarded to students in <br/> line p </td> <td> $ 17,543 </td> <td> $ 21,291 </td> <td> $ 11,469 </td> </tr> </table>",153658,../data/cds-docs/2021-2022/153658.pdf,2021-2022
H,5,H5,"Number and percent of students in class (defined in H4 above) borrowing from federal, non-federal,","[[{0: 'Source/Type of Loan', 1: 'Source/Type of Loan', 2: 'Number in the\nclass (defined\nin H4 above)\nwho borrowed\nfrom the types\nof loans\nspecified in the\nfirst column', 3: 'Percent of the\nclass (defined\nabove) who\nborrowed from\nthe types of\nloans specified\nin the first\ncolumn\n(nearest 1%)', 4: 'Average per\ufffe\nundergraduate\ufffe\nborrower\ncumulative\nprincipal\nborrowed from\nthe types of\nloans specified\nin the first\ncolumn\n(nearest $1)'}, {0: 'A', 1: 'Any loan program: Federal Perkins, Federal Stafford\nSubsidized and Unsubsidized, institutional, state,\nprivate loans that your institution is aware of, etc.\nInclude both Federal Direct Student Loans and Federal\nFamily Education Loans.', 2: '2,046', 3: '50%', 4: '$28,841'}, {0: 'B', 1: 'Federal loan programs: Federal Perkins, Federal\nStafford Subsidized and Unsubsidized. Include both\nFederal Direct Student Loans and Federal Family\nEducation Loans.', 2: '2,005', 3: '49%', 4: '$22,173'}, {0: 'C', 1: 'Institutional loan programs.', 2: '13', 3: '0%', 4: '$3,245'}, {0: 'D', 1: 'State loan programs.', 2: '0', 3: '0%', 4: ''}, {0: 'E', 1: 'Private student loans made by a bank or lender.', 2: '478', 3: '12%', 4: '$30,353'}]]","<table> <tr> <td colspan=""2""> Source/Type of Loan </td> <td> Number in the <br/> class (defined <br/> in H4 above) <br/> who borrowed <br/> from the types <br/> of loans <br/> specified in the <br/> first column </td> <td> Percent of the <br/> class (defined <br/> above) who <br/> borrowed from <br/> the types of <br/> loans specified <br/> in the first <br/> column <br/> (nearest 1%) </td> <td> Average per￾ <br/> undergraduate￾ <br/> borrower <br/> cumulative <br/> principal <br/> borrowed from <br/> the types of <br/> loans specified <br/> in the first <br/> column <br/> (nearest $1) </td> </tr> <tr> <td> A </td> <td> Any loan program: Federal Perkins, Federal Stafford <br/> Subsidized and Unsubsidized, institutional, state, <br/> private loans that your institution is aware of, etc. <br/> Include both Federal Direct Student Loans and Federal <br/> Family Education Loans. </td> <td> 2,046 </td> <td> 50% </td> <td> $28,841 </td> </tr> <tr> <td> B </td> <td> Federal loan programs: Federal Perkins, Federal <br/> Stafford Subsidized and Unsubsidized. Include both <br/> Federal Direct Student Loans and Federal Family <br/> Education Loans. </td> <td> 2,005 </td> <td> 49% </td> <td> $22,173 </td> </tr> <tr> <td> C </td> <td> Institutional loan programs. </td> <td> 13 </td> <td> 0% </td> <td> $3,245 </td> </tr> <tr> <td> D </td> <td> State loan programs. </td> <td> 0 </td> <td> 0% </td> <td> </td> </tr> <tr> <td> E </td> <td> Private student loans made by a bank or lender. </td> <td> 478 </td> <td> 12% </td> <td> $30,353 </td> </tr> </table>",153658,../data/cds-docs/2021-2022/153658.pdf,2021-2022
H,14,H14,Check off criteria used in awarding institutional aid. Check all that apply.,"[[{0: '', 1: 'Non-Need Based', 2: 'Need-Based'}, {0: 'Academics', 1: 'x', 2: 'x'}]]",<table> <tr> <td> </td> <td> Non-Need Based </td> <td> Need-Based </td> </tr> <tr> <td> Academics </td> <td> x </td> <td> x </td> </tr> </table>,153658,../data/cds-docs/2021-2022/153658.pdf,2021-2022
J,1,J1,"Degrees conferred between July 1, 2020 and June 30, 2021","[[{0: 'Category', 1: 'Diploma/Certificates', 2: 'Associate', 3: 'Bachelor’s', 4: 'CIP 2020 Categories\nto Include'}, {0: 'Agriculture', 1: '', 2: '', 3: '0.00%', 4: '01'}, {0: 'Natural resources and conservation', 1: '', 2: '', 3: '1.07%', 4: '03'}, {0: 'Architecture', 1: '', 2: '', 3: '0.00%', 4: '04'}, {0: 'Area, ethnic, and gender studies', 1: '', 2: '', 3: '0.53%', 4: '05'}, {0: 'Communication/journalism', 1: '', 2: '', 3: '5.67%', 4: '09'}, {0: 'Communication technologies', 1: '', 2: '', 3: '0.00%', 4: '10'}, {0: 'Computer and information sciences', 1: '', 2: '', 3: '2.47%', 4: '11'}, {0: 'Personal and culinary services', 1: '', 2: '', 3: '0.00%', 4: '12'}, {0: 'Education', 1: '', 2: '', 3: '3.47%', 4: '13'}, {0: 'Engineering', 1: '', 2: '', 3: '7.62%', 4: '14'}, {0: 'Engineering technologies', 1: '', 2: '', 3: '0.00%', 4: '15'}, {0: 'Foreign languages, literatures, and linguistics', 1: '', 2: '', 3: '1.60%', 4: '16'}, {0: 'Family and consumer sciences', 1: '', 2: '', 3: '0.00%', 4: '19'}, {0: 'Law/legal studies', 1: '', 2: '', 3: '0.00%', 4: '22'}, {0: 'English', 1: '', 2: '', 3: '3.92%', 4: '23'}, {0: 'Liberal arts/general studies', 1: '', 2: '', 3: '3.63%', 4: '24'}, {0: 'Library science', 1: '', 2: '', 3: '0.00%', 4: '25'}, {0: 'Biological/life sciences', 1: '', 2: '', 3: '3.37%', 4: '26'}, {0: 'Mathematics and statistics', 1: '', 2: '', 3: '2.52%', 4: '27'}, {0: 'Military science and military technologies', 1: '', 2: '', 3: '0.00%', 4: '28 & 29'}, {0: 'Interdisciplinary studies', 1: '', 2: '', 3: '2.92%', 4: '30'}, {0: 'Parks and recreation', 1: '', 2: '', 3: '10.14%', 4: '31'}, {0: 'Philosophy and religious studies', 1: '', 2: '', 3: '0.55%', 4: '38'}, {0: 'Theology and religious vocations', 1: '', 2: '', 3: '0.00%', 4: '39'}, {0: 'Physical sciences', 1: '', 2: '', 3: '1.28%', 4: '40'}, {0: 'Science technologies', 1: '', 2: '', 3: '0.00%', 4: '41'}, {0: 'Psychology', 1: '', 2: '', 3: '4.50%', 4: '42'}, {0: 'Homeland Security, law enforcement, firefighting,\nand protective services', 1: '', 2: '', 3: '0.00%', 4: '43'}, {0: 'Public administration and social services', 1: '', 2: '', 3: '0.90%', 4: '44'}, {0: 'Social sciences', 1: '', 2: '', 3: '7.59%', 4: '45'}, {0: 'Construction trades', 1: '', 2: '', 3: '0.00%', 4: '46'}, {0: 'Mechanic and repair technologies', 1: '', 2: '', 3: '0.00%', 4: '47'}, {0: 'Precision production', 1: '', 2: '', 3: '0.00%', 4: '48'}, {0: 'Transportation and materials moving', 1: '', 2: '', 3: '0.00%', 4: '49'}, {0: 'Visual and performing arts', 1: '', 2: '', 3: '4.58%', 4: '50'}, {0: 'Health professions and related programs', 1: '', 2: '', 3: '6.84%', 4: '51'}, {0: 'Business/marketing', 1: '', 2: '', 3: '23.59%', 4: '52'}, {0: 'History', 1: '', 2: '', 3: '1.25%', 4: '54'}, {0: 'Other', 1: '', 2: '', 3: '0.00%', 4: ''}, {0: 'TOTAL (should = 100%)', 1: '', 2: '', 3: '100.00%', 4: ''}]]","<table> <tr> <td> Category </td> <td> Diploma/Certificates </td> <td> Associate </td> <td> Bachelor’s </td> <td> CIP 2020 Categories <br/> to Include </td> </tr> <tr> <td> Agriculture </td> <td> </td> <td> </td> <td> 0.00% </td> <td> 01 </td> </tr> <tr> <td> Natural resources and conservation </td> <td> </td> <td> </td> <td> 1.07% </td> <td> 03 </td> </tr> <tr> <td> Architecture </td> <td> </td> <td> </td> <td> 0.00% </td> <td> 04 </td> </tr> <tr> <td> Area, ethnic, and gender studies </td> <td> </td> <td> </td> <td> 0.53% </td> <td> 05 </td> </tr> <tr> <td> Communication/journalism </td> <td> </td> <td> </td> <td> 5.67% </td> <td> 09 </td> </tr> <tr> <td> Communication technologies </td> <td> </td> <td> </td> <td> 0.00% </td> <td> 10 </td> </tr> <tr> <td> Computer and information sciences </td> <td> </td> <td> </td> <td> 2.47% </td> <td> 11 </td> </tr> <tr> <td> Personal and culinary services </td> <td> </td> <td> </td> <td> 0.00% </td> <td> 12 </td> </tr> <tr> <td> Education </td> <td> </td> <td> </td> <td> 3.47% </td> <td> 13 </td> </tr> <tr> <td> Engineering </td> <td> </td> <td> </td> <td> 7.62% </td> <td> 14 </td> </tr> <tr> <td> Engineering technologies </td> <td> </td> <td> </td> <td> 0.00% </td> <td> 15 </td> </tr> <tr> <td> Foreign languages, literatures, and linguistics </td> <td> </td> <td> </td> <td> 1.60% </td> <td> 16 </td> </tr> <tr> <td> Family and consumer sciences </td> <td> </td> <td> </td> <td> 0.00% </td> <td> 19 </td> </tr> <tr> <td> Law/legal studies </td> <td> </td> <td> </td> <td> 0.00% </td> <td> 22 </td> </tr> <tr> <td> English </td> <td> </td> <td> </td> <td> 3.92% </td> <td> 23 </td> </tr> <tr> <td> Liberal arts/general studies </td> <td> </td> <td> </td> <td> 3.63% </td> <td> 24 </td> </tr> <tr> <td> Library science </td> <td> </td> <td> </td> <td> 0.00% </td> <td> 25 </td> </tr> <tr> <td> Biological/life sciences </td> <td> </td> <td> </td> <td> 3.37% </td> <td> 26 </td> </tr> <tr> <td> Mathematics and statistics </td> <td> </td> <td> </td> <td> 2.52% </td> <td> 27 </td> </tr> <tr> <td> Military science and military technologies </td> <td> </td> <td> </td> <td> 0.00% </td> <td> 28 &amp; 29 </td> </tr> <tr> <td> Interdisciplinary studies </td> <td> </td> <td> </td> <td> 2.92% </td> <td> 30 </td> </tr> <tr> <td> Parks and recreation </td> <td> </td> <td> </td> <td> 10.14% </td> <td> 31 </td> </tr> <tr> <td> Philosophy and religious studies </td> <td> </td> <td> </td> <td> 0.55% </td> <td> 38 </td> </tr> <tr> <td> Theology and religious vocations </td> <td> </td> <td> </td> <td> 0.00% </td> <td> 39 </td> </tr> <tr> <td> Physical sciences </td> <td> </td> <td> </td> <td> 1.28% </td> <td> 40 </td> </tr> <tr> <td> Science technologies </td> <td> </td> <td> </td> <td> 0.00% </td> <td> 41 </td> </tr> <tr> <td> Psychology </td> <td> </td> <td> </td> <td> 4.50% </td> <td> 42 </td> </tr> <tr> <td> Homeland Security, law enforcement, firefighting, <br/> and protective services </td> <td> </td> <td> </td> <td> 0.00% </td> <td> 43 </td> </tr> <tr> <td> Public administration and social services </td> <td> </td> <td> </td> <td> 0.90% </td> <td> 44 </td> </tr> <tr> <td> Social sciences </td> <td> </td> <td> </td> <td> 7.59% </td> <td> 45 </td> </tr> <tr> <td> Construction trades </td> <td> </td> <td> </td> <td> 0.00% </td> <td> 46 </td> </tr> <tr> <td> Mechanic and repair technologies </td> <td> </td> <td> </td> <td> 0.00% </td> <td> 47 </td> </tr> <tr> <td> Precision production </td> <td> </td> <td> </td> <td> 0.00% </td> <td> 48 </td> </tr> <tr> <td> Transportation and materials moving </td> <td> </td> <td> </td> <td> 0.00% </td> <td> 49 </td> </tr> <tr> <td> Visual and performing arts </td> <td> </td> <td> </td> <td> 4.58% </td> <td> 50 </td> </tr> <tr> <td> Health professions and related programs </td> <td> </td> <td> </td> <td> 6.84% </td> <td> 51 </td> </tr> <tr> <td> Business/marketing </td> <td> </td> <td> </td> <td> 23.59% </td> <td> 52 </td> </tr> <tr> <td> History </td> <td> </td> <td> </td> <td> 1.25% </td> <td> 54 </td> </tr> <tr> <td> Other </td> <td> </td> <td> </td> <td> 0.00% </td> <td> </td> </tr> <tr> <td> TOTAL (should = 100%) </td> <td> </td> <td> </td> <td> 100.00% </td> <td> </td> </tr> </table>",153658,../data/cds-docs/2021-2022/153658.pdf,2021-2022
