section,table_num,table_code,table_title,table_records,table_html,unitid,file,year
B,1,B1,Institutional Enrollment - Men and Women,"[[{0: '', 1: 'FULL-TIME', 2: 'FULL-TIME', 3: 'FULL-TIME', 4: 'FULL-TIME', 5: 'PART-TIME', 6: 'PART-TIME', 7: 'PART-TIME', 8: 'PART-TIME'}, {0: '', 1: 'Men', 2: 'Women', 3: 'Another\nGender', 4: 'Unknown', 5: 'Men', 6: 'Women', 7: 'Another\nGender', 8: 'Unknown'}, {0: 'Undergraduate Students', 1: 'Undergraduate Students', 2: 'Undergraduate Students', 3: 'Undergraduate Students', 4: 'Undergraduate Students', 5: 'Undergraduate Students', 6: 'Undergraduate Students', 7: 'Undergraduate Students', 8: 'Undergraduate Students'}, {0: 'Degree-seeking, first\ufffe\ntime, first-year students', 1: '', 2: '', 3: '', 4: '', 5: '', 6: '', 7: '', 8: ''}, {0: 'Other first-year, degree\ufffe\nseeking students', 1: '', 2: '', 3: '', 4: '', 5: '', 6: '', 7: '', 8: ''}, {0: 'All other degree-seeking\nundergraduate students', 1: '', 2: '', 3: '', 4: '', 5: '', 6: '', 7: '', 8: ''}, {0: 'Total degree-seeking\nundergraduate students', 1: '', 2: '', 3: '', 4: '', 5: '', 6: '', 7: '', 8: ''}, {0: 'All other undergraduates\nenrolled in credit courses', 1: '', 2: '', 3: '', 4: '', 5: '', 6: '', 7: '', 8: ''}, {0: 'Total Undergraduate Students', 1: '', 2: '', 3: '', 4: '', 5: '', 6: '', 7: '', 8: ''}, {0: 'Graduate Students', 1: 'Graduate Students', 2: 'Graduate Students', 3: 'Graduate Students', 4: 'Graduate Students', 5: 'Graduate Students', 6: 'Graduate Students', 7: 'Graduate Students', 8: 'Graduate Students'}, {0: 'Degree-seeking, first-time', 1: '', 2: '', 3: '', 4: '', 5: '', 6: '', 7: '', 8: ''}, {0: 'All other degree-seeking', 1: '', 2: '', 3: '', 4: '', 5: '', 6: '', 7: '', 8: ''}, {0: 'All other graduates enrolled in\ncredit courses', 1: '', 2: '', 3: '', 4: '', 5: '', 6: '', 7: '', 8: ''}, {0: 'Total Graduate Students', 1: '', 2: '', 3: '', 4: '', 5: '', 6: '', 7: '', 8: ''}, {0: 'Total All Students', 1: '', 2: '', 3: '', 4: '', 5: '', 6: '', 7: '', 8: ''}]]","<table> <tr> <td rowspan=""2""> </td> <td colspan=""4""> FULL-TIME </td> <td colspan=""4""> PART-TIME </td> </tr> <tr> <td> Men </td> <td> Women </td> <td> Another <br/> Gender </td> <td> Unknown </td> <td> Men </td> <td> Women </td> <td> Another <br/> Gender </td> <td> Unknown </td> </tr> <tr> <td> Undergraduate Students </td> <td colspan=""8""> Undergraduate Students </td> </tr> <tr> <td> Degree-seeking, first￾ <br/> time, first-year students </td> <td> </td> <td> </td> <td> </td> <td> </td> <td> </td> <td> </td> <td> </td> <td> </td> </tr> <tr> <td> Other first-year, degree￾ <br/> seeking students </td> <td> </td> <td> </td> <td> </td> <td> </td> <td> </td> <td> </td> <td> </td> <td> </td> </tr> <tr> <td> All other degree-seeking <br/> undergraduate students </td> <td> </td> <td> </td> <td> </td> <td> </td> <td> </td> <td> </td> <td> </td> <td> </td> </tr> <tr> <td> Total degree-seeking <br/> undergraduate students </td> <td> </td> <td> </td> <td> </td> <td> </td> <td> </td> <td> </td> <td> </td> <td> </td> </tr> <tr> <td> All other undergraduates <br/> enrolled in credit courses </td> <td> </td> <td> </td> <td> </td> <td> </td> <td> </td> <td> </td> <td> </td> <td> </td> </tr> <tr> <td> Total Undergraduate Students </td> <td> </td> <td> </td> <td> </td> <td> </td> <td> </td> <td> </td> <td> </td> <td> </td> </tr> <tr> <td> Graduate Students </td> <td colspan=""8""> Graduate Students </td> </tr> <tr> <td> Degree-seeking, first-time </td> <td> </td> <td> </td> <td> </td> <td> </td> <td> </td> <td> </td> <td> </td> <td> </td> </tr> <tr> <td> All other degree-seeking </td> <td> </td> <td> </td> <td> </td> <td> </td> <td> </td> <td> </td> <td> </td> <td> </td> </tr> <tr> <td> All other graduates enrolled in <br/> credit courses </td> <td> </td> <td> </td> <td> </td> <td> </td> <td> </td> <td> </td> <td> </td> <td> </td> </tr> <tr> <td> Total Graduate Students </td> <td> </td> <td> </td> <td> </td> <td> </td> <td> </td> <td> </td> <td> </td> <td> </td> </tr> <tr> <td> Total All Students </td> <td> </td> <td> </td> <td> </td> <td> </td> <td> </td> <td> </td> <td> </td> <td> </td> </tr> </table>",164580,../data/cds-docs/2024-2025/164580.pdf,2024-2025
B,2,B2,Enrollment by Racial/Ethnic Category,"[[{0: 'Racial/Ethnic Category', 1: 'Degree-seeking\nFirst-time year First', 2: 'Degree-seeking\nUndergraduates\n(include first-time\nfirst-year)', 3: 'Total\nUndergraduates\n(both degree- and\nnon-degree\ufffe\nseeking)'}, {0: 'Nonresidents', 1: '', 2: '', 3: ''}, {0: 'Hispanic/Latino', 1: '', 2: '', 3: ''}, {0: 'Black or African American, non-Hispanic', 1: '', 2: '', 3: ''}, {0: 'White, non-Hispanic', 1: '', 2: '', 3: ''}, {0: 'American Indian or Alaska Native, non\ufffe\nHispanic', 1: '', 2: '', 3: ''}, {0: 'Asian, non-Hispanic', 1: '', 2: '', 3: ''}, {0: 'Native Hawaiian or other Pacific Islander,\nnon-Hispanic', 1: '', 2: '', 3: ''}, {0: 'Two or more races, non-Hispanic', 1: '', 2: '', 3: ''}, {0: 'Race and/or ethnicity unknown', 1: '', 2: '', 3: ''}, {0: 'Total', 1: '', 2: '', 3: ''}]]","<table> <tr> <td> Racial/Ethnic Category </td> <td> Degree-seeking <br/> First-time year First </td> <td> Degree-seeking <br/> Undergraduates <br/> (include first-time <br/> first-year) </td> <td> Total <br/> Undergraduates <br/> (both degree- and <br/> non-degree￾ <br/> seeking) </td> </tr> <tr> <td> Nonresidents </td> <td> </td> <td> </td> <td> </td> </tr> <tr> <td> Hispanic/Latino </td> <td> </td> <td> </td> <td> </td> </tr> <tr> <td> Black or African American, non-Hispanic </td> <td> </td> <td> </td> <td> </td> </tr> <tr> <td> White, non-Hispanic </td> <td> </td> <td> </td> <td> </td> </tr> <tr> <td> American Indian or Alaska Native, non￾ <br/> Hispanic </td> <td> </td> <td> </td> <td> </td> </tr> <tr> <td> Asian, non-Hispanic </td> <td> </td> <td> </td> <td> </td> </tr> <tr> <td> Native Hawaiian or other Pacific Islander, <br/> non-Hispanic </td> <td> </td> <td> </td> <td> </td> </tr> <tr> <td> Two or more races, non-Hispanic </td> <td> </td> <td> </td> <td> </td> </tr> <tr> <td> Race and/or ethnicity unknown </td> <td> </td> <td> </td> <td> </td> </tr> <tr> <td> Total </td> <td> </td> <td> </td> <td> </td> </tr> </table>",164580,../data/cds-docs/2024-2025/164580.pdf,2024-2025
B,3,B3,Persistence,"[[{0: 'AWARD TYPE', 1: '# AWARDED'}, {0: 'Certificate/diploma:', 1: ''}, {0: 'Associate degrees:', 1: ''}, {0: 'Bachelor’s degrees:', 1: ''}, {0: 'Post-bachelor’s certificates:', 1: ''}, {0: 'Master’s degrees:', 1: ''}, {0: 'Post-master’s certificates:', 1: ''}, {0: 'Doctoral degrees –\nresearch/scholarship:', 1: ''}, {0: 'Doctoral degrees – professional\npractice:', 1: ''}, {0: 'Doctoral degrees – other:', 1: ''}]]",<table> <tr> <td> AWARD TYPE </td> <td> # AWARDED </td> </tr> <tr> <td> Certificate/diploma: </td> <td> </td> </tr> <tr> <td> Associate degrees: </td> <td> </td> </tr> <tr> <td> Bachelor’s degrees: </td> <td> </td> </tr> <tr> <td> Post-bachelor’s certificates: </td> <td> </td> </tr> <tr> <td> Master’s degrees: </td> <td> </td> </tr> <tr> <td> Post-master’s certificates: </td> <td> </td> </tr> <tr> <td> Doctoral degrees – <br/> research/scholarship: </td> <td> </td> </tr> <tr> <td> Doctoral degrees – professional <br/> practice: </td> <td> </td> </tr> <tr> <td> Doctoral degrees – other: </td> <td> </td> </tr> </table>,164580,../data/cds-docs/2024-2025/164580.pdf,2024-2025
B,4,B4,-B21: Graduation Rates,"[[{0: '', 1: '', 2: 'Recipients of a\nFederal Grant Pell', 3: 'Recipients of a\nSubsidized\nStafford Loan\nwho did not\nreceive Grant a Pell', 4: 'Students who\ndid not receive\neither a Pell\nGrant or a\nsubsidized\nStafford Loan', 5: '(sum Total of 3\ncolumns left) to the'}, {0: 'A', 1: ""Initial 2018 cohort of first-time, full-time,\nbachelor's (or equivalent) degree\ufffe\nseeking undergraduate students"", 2: '', 3: '', 4: '', 5: ''}, {0: 'B', 1: 'Of the initial 2018 cohort, how many did\nnot persist and did not graduate for the\nfollowing reasons:\n• Deceased\n• Permanently Disabled\n• Armed Forces\n• Foreign Aid Service of the Federal Government\n• Official church missions\n• Report Total Allowable Exclusions', 2: '', 3: '', 4: '', 5: ''}, {0: 'C', 1: 'Final 2018 cohort, after adjusting\nfor allowable exclusions', 2: '', 3: '', 4: '', 5: ''}, {0: 'D', 1: 'Of the initial 2018 cohort, how many\ncompleted the program in four years or\nless (by Aug. 31, 2022)', 2: '', 3: '', 4: '', 5: ''}]]","<table> <tr> <td colspan=""2""> </td> <td> Recipients of a <br/> Federal Grant Pell </td> <td> Recipients of a <br/> Subsidized <br/> Stafford Loan <br/> who did not <br/> receive Grant a Pell </td> <td> Students who <br/> did not receive <br/> either a Pell <br/> Grant or a <br/> subsidized <br/> Stafford Loan </td> <td> (sum Total of 3 <br/> columns left) to the </td> </tr> <tr> <td> A </td> <td> Initial 2018 cohort of first-time, full-time, <br/> bachelor's (or equivalent) degree￾ <br/> seeking undergraduate students </td> <td> </td> <td> </td> <td> </td> <td> </td> </tr> <tr> <td> B </td> <td> Of the initial 2018 cohort, how many did <br/> not persist and did not graduate for the <br/> following reasons: <br/> • Deceased <br/> • Permanently Disabled <br/> • Armed Forces <br/> • Foreign Aid Service of the Federal Government <br/> • Official church missions <br/> • Report Total Allowable Exclusions </td> <td> </td> <td> </td> <td> </td> <td> </td> </tr> <tr> <td> C </td> <td> Final 2018 cohort, after adjusting <br/> for allowable exclusions </td> <td> </td> <td> </td> <td> </td> <td> </td> </tr> <tr> <td> D </td> <td> Of the initial 2018 cohort, how many <br/> completed the program in four years or <br/> less (by Aug. 31, 2022) </td> <td> </td> <td> </td> <td> </td> <td> </td> </tr> </table>",164580,../data/cds-docs/2024-2025/164580.pdf,2024-2025
C,1,C1,"First-time, first-year students: Provide the number of degree-seeking, first-time, first-year students","[[{0: 'FIRST-TIME, FIRST-YEAR STUDENT APPLICANTS', 1: 'TOTAL'}, {0: 'Total first-time, first-year men who applied', 1: ''}, {0: 'Total first-time, first-year women who applied', 1: ''}, {0: 'Total first-time, first-year of another gender who applied', 1: ''}, {0: 'Total first-time, first-year of unknown gender who applied', 1: ''}], [{0: 'FIRST-TIME, FIRST-YEAR STUDENT ADMITS', 1: 'TOTAL'}, {0: 'Total first-time, first-year men who were admitted', 1: ''}, {0: 'Total first-time, first-year women who were admitted', 1: ''}, {0: 'Total first-time, first-year of another gender who were admitted', 1: ''}, {0: 'Total first-time, first-year of unknown gender who were admitted', 1: ''}], [{0: 'FIRST-TIME, FIRST-YEAR STUDENT ENROLLEES', 1: 'TOTAL'}, {0: 'Total first-time, first-year men who enrolled', 1: ''}, {0: 'Total first-time, first-year women who enrolled', 1: ''}, {0: 'Total first-time, first-year of another gender who enrolled', 1: ''}, {0: 'Total first-time, first-year of unknown gender who enrolled', 1: ''}], [{0: 'FIRST-TIME, FIRST-YEAR STUDENT ENROLLEES BY STATUS', 1: 'TOTAL'}, {0: 'Total full-time, first-time, first-year men who enrolled', 1: ''}, {0: 'Total part-time, first-time, first-year men who enrolled', 1: ''}, {0: 'Total full-time, first-time, first-year women who enrolled', 1: ''}, {0: 'Total part-time, first-time, first-year women who enrolled', 1: ''}, {0: 'Total full-time, first-time, first-year of another gender who enrolled', 1: ''}, {0: 'Total part-time, first-time, first-year of another gender who enrolled', 1: ''}, {0: 'Total full-time, first-time, first-year of unknown gender who enrolled', 1: ''}, {0: 'Total part-time, first-time, first-year of unknown gender who enrolled', 1: ''}]]","<table> <tr> <td> FIRST-TIME, FIRST-YEAR STUDENT APPLICANTS </td> <td> TOTAL </td> </tr> <tr> <td> Total first-time, first-year men who applied </td> <td> </td> </tr> <tr> <td> Total first-time, first-year women who applied </td> <td> </td> </tr> <tr> <td> Total first-time, first-year of another gender who applied </td> <td> </td> </tr> <tr> <td> Total first-time, first-year of unknown gender who applied </td> <td> </td> </tr> </table><div class=""separator""></div><table> <tr> <td> FIRST-TIME, FIRST-YEAR STUDENT ADMITS </td> <td> TOTAL </td> </tr> <tr> <td> Total first-time, first-year men who were admitted </td> <td> </td> </tr> <tr> <td> Total first-time, first-year women who were admitted </td> <td> </td> </tr> <tr> <td> Total first-time, first-year of another gender who were admitted </td> <td> </td> </tr> <tr> <td> Total first-time, first-year of unknown gender who were admitted </td> <td> </td> </tr> </table><div class=""separator""></div><table> <tr> <td> FIRST-TIME, FIRST-YEAR STUDENT ENROLLEES </td> <td> TOTAL </td> </tr> <tr> <td> Total first-time, first-year men who enrolled </td> <td> </td> </tr> <tr> <td> Total first-time, first-year women who enrolled </td> <td> </td> </tr> <tr> <td> Total first-time, first-year of another gender who enrolled </td> <td> </td> </tr> <tr> <td> Total first-time, first-year of unknown gender who enrolled </td> <td> </td> </tr> </table><div class=""separator""></div><table> <tr> <td> FIRST-TIME, FIRST-YEAR STUDENT ENROLLEES BY STATUS </td> <td> TOTAL </td> </tr> <tr> <td> Total full-time, first-time, first-year men who enrolled </td> <td> </td> </tr> <tr> <td> Total part-time, first-time, first-year men who enrolled </td> <td> </td> </tr> <tr> <td> Total full-time, first-time, first-year women who enrolled </td> <td> </td> </tr> <tr> <td> Total part-time, first-time, first-year women who enrolled </td> <td> </td> </tr> <tr> <td> Total full-time, first-time, first-year of another gender who enrolled </td> <td> </td> </tr> <tr> <td> Total part-time, first-time, first-year of another gender who enrolled </td> <td> </td> </tr> <tr> <td> Total full-time, first-time, first-year of unknown gender who enrolled </td> <td> </td> </tr> <tr> <td> Total part-time, first-time, first-year of unknown gender who enrolled </td> <td> </td> </tr> </table>",164580,../data/cds-docs/2024-2025/164580.pdf,2024-2025
C,2,C2,"First time, first-year wait-listed students","[[{0: 'WAITING LIST', 1: 'TOTAL'}, {0: 'Number of qualified applicants offered a place on waiting list:', 1: ''}, {0: 'Number accepting a place on the waiting list:', 1: ''}, {0: 'Number of wait-listed students admitted:', 1: ''}]]",<table> <tr> <td> WAITING LIST </td> <td> TOTAL </td> </tr> <tr> <td> Number of qualified applicants offered a place on waiting list: </td> <td> </td> </tr> <tr> <td> Number accepting a place on the waiting list: </td> <td> </td> </tr> <tr> <td> Number of wait-listed students admitted: </td> <td> </td> </tr> </table>,164580,../data/cds-docs/2024-2025/164580.pdf,2024-2025
C,5,C5,Distribution of high school units required and/or recommended. Specify the distribution of academic high,"[[{0: '', 1: 'Units Required', 2: 'Units Recommended'}, {0: 'Total academic units', 1: '', 2: ''}, {0: 'English', 1: '', 2: ''}, {0: 'Mathematics', 1: '', 2: ''}, {0: 'Science', 1: '', 2: ''}, {0: 'Of these, units that must be lab', 1: '', 2: ''}, {0: 'Foreign language', 1: '', 2: ''}, {0: 'Social studies', 1: '', 2: ''}, {0: 'History', 1: '', 2: ''}, {0: 'Academic electives', 1: '', 2: ''}, {0: 'Computer Science', 1: '', 2: ''}, {0: 'Visual/Performing Arts', 1: '', 2: ''}, {0: 'Other (specify)', 1: '', 2: ''}]]","<table> <tr> <td> </td> <td> Units Required </td> <td> Units Recommended </td> </tr> <tr> <td> Total academic units </td> <td> </td> <td> </td> </tr> <tr> <td> English </td> <td> </td> <td> </td> </tr> <tr> <td> Mathematics </td> <td> </td> <td> </td> </tr> <tr> <td> Science </td> <td> </td> <td> </td> </tr> <tr> <td> Of these, units that must be lab </td> <td> </td> <td> </td> </tr> <tr> <td> Foreign language </td> <td> </td> <td> </td> </tr> <tr> <td> Social studies </td> <td> </td> <td> </td> </tr> <tr> <td> History </td> <td> </td> <td> </td> </tr> <tr> <td> Academic electives </td> <td> </td> <td> </td> </tr> <tr> <td> Computer Science </td> <td> </td> <td> </td> </tr> <tr> <td> Visual/Performing Arts </td> <td> </td> <td> </td> </tr> <tr> <td> Other (specify) </td> <td> </td> <td> </td> </tr> </table>",164580,../data/cds-docs/2024-2025/164580.pdf,2024-2025
C,9,C9,"Percent and number of first-time, first-year students enrolled in Fall 2024 who submitted national","[[{0: 'Assessment', 1: '25th Percentile\nScore', 2: '50th Percentile\nScore', 3: '75th Percentile\nScore'}, {0: 'SAT Composite', 1: '', 2: '', 3: ''}, {0: 'SAT Evidence-Based\nReading and Writing', 1: '', 2: '', 3: ''}, {0: 'SAT Math', 1: '', 2: '', 3: ''}, {0: 'ACT Composite', 1: '', 2: '', 3: ''}, {0: 'ACT Math', 1: '', 2: '', 3: ''}, {0: 'ACT English', 1: '', 2: '', 3: ''}, {0: 'ACT Writing', 1: '', 2: '', 3: ''}, {0: 'ACT Science', 1: '', 2: '', 3: ''}, {0: 'ACT Reading', 1: '', 2: '', 3: ''}]]",<table> <tr> <td> Assessment </td> <td> 25th Percentile <br/> Score </td> <td> 50th Percentile <br/> Score </td> <td> 75th Percentile <br/> Score </td> </tr> <tr> <td> SAT Composite </td> <td> </td> <td> </td> <td> </td> </tr> <tr> <td> SAT Evidence-Based <br/> Reading and Writing </td> <td> </td> <td> </td> <td> </td> </tr> <tr> <td> SAT Math </td> <td> </td> <td> </td> <td> </td> </tr> <tr> <td> ACT Composite </td> <td> </td> <td> </td> <td> </td> </tr> <tr> <td> ACT Math </td> <td> </td> <td> </td> <td> </td> </tr> <tr> <td> ACT English </td> <td> </td> <td> </td> <td> </td> </tr> <tr> <td> ACT Writing </td> <td> </td> <td> </td> <td> </td> </tr> <tr> <td> ACT Science </td> <td> </td> <td> </td> <td> </td> </tr> <tr> <td> ACT Reading </td> <td> </td> <td> </td> <td> </td> </tr> </table>,164580,../data/cds-docs/2024-2025/164580.pdf,2024-2025
C,11,C11,"Percentage of all enrolled, degree-seeking, first-time, first-year students who had high school","[[{0: 'Score Range', 1: 'Percent\n(Students who\nsubmitted scores)', 2: 'Percent\n(Students who did\nnot submit scores)', 3: 'Percent\n(All enrolled\nstudents)'}, {0: 'Percent who had GPA of 4.0', 1: '', 2: '', 3: ''}, {0: 'Percent who had GPA between 3.75 and 3.99', 1: '', 2: '', 3: ''}, {0: 'Percent who had GPA between 3.50 and 3.74', 1: '', 2: '', 3: ''}, {0: 'Percent who had GPA between 3.25 and 3.49', 1: '', 2: '', 3: ''}, {0: 'Percent who had GPA between 3.00 and 3.24', 1: '', 2: '', 3: ''}, {0: 'Percent who had GPA between 2.50 and 2.99', 1: '', 2: '', 3: ''}, {0: 'Percent who had GPA between 2.0 and 2.49', 1: '', 2: '', 3: ''}, {0: 'Percent who had GPA between 1.0 and 1.99', 1: '', 2: '', 3: ''}, {0: 'Percent who had GPA below 1.0', 1: '', 2: '', 3: ''}, {0: 'Totals should = 100%', 1: '', 2: '', 3: ''}]]",<table> <tr> <td> Score Range </td> <td> Percent <br/> (Students who <br/> submitted scores) </td> <td> Percent <br/> (Students who did <br/> not submit scores) </td> <td> Percent <br/> (All enrolled <br/> students) </td> </tr> <tr> <td> Percent who had GPA of 4.0 </td> <td> </td> <td> </td> <td> </td> </tr> <tr> <td> Percent who had GPA between 3.75 and 3.99 </td> <td> </td> <td> </td> <td> </td> </tr> <tr> <td> Percent who had GPA between 3.50 and 3.74 </td> <td> </td> <td> </td> <td> </td> </tr> <tr> <td> Percent who had GPA between 3.25 and 3.49 </td> <td> </td> <td> </td> <td> </td> </tr> <tr> <td> Percent who had GPA between 3.00 and 3.24 </td> <td> </td> <td> </td> <td> </td> </tr> <tr> <td> Percent who had GPA between 2.50 and 2.99 </td> <td> </td> <td> </td> <td> </td> </tr> <tr> <td> Percent who had GPA between 2.0 and 2.49 </td> <td> </td> <td> </td> <td> </td> </tr> <tr> <td> Percent who had GPA between 1.0 and 1.99 </td> <td> </td> <td> </td> <td> </td> </tr> <tr> <td> Percent who had GPA below 1.0 </td> <td> </td> <td> </td> <td> </td> </tr> <tr> <td> Totals should = 100% </td> <td> </td> <td> </td> <td> </td> </tr> </table>,164580,../data/cds-docs/2024-2025/164580.pdf,2024-2025
C,12,C12,"Average high school GPA of all degree-seeking, first-time, first-year students who","[[{0: '', 1: '%'}, {0: 'Percent Submitting GPA', 1: ''}]]",<table> <tr> <td> </td> <td> % </td> </tr> <tr> <td> Percent Submitting GPA </td> <td> </td> </tr> </table>,164580,../data/cds-docs/2024-2025/164580.pdf,2024-2025
C,14,C14,Application closing date,"[[{0: '', 1: 'Month', 2: 'Day'}, {0: 'Application closing date (fall)', 1: '', 2: ''}, {0: 'Priority Date', 1: '', 2: ''}]]",<table> <tr> <td> </td> <td> Month </td> <td> Day </td> </tr> <tr> <td> Application closing date (fall) </td> <td> </td> <td> </td> </tr> <tr> <td> Priority Date </td> <td> </td> <td> </td> </tr> </table>,164580,../data/cds-docs/2024-2025/164580.pdf,2024-2025
D,2,D2,"Provide the number of students who applied, were admitted, and enrolled as degree-seeking transfer","[[{0: '', 1: 'Applicants', 2: 'Admitted Applicants', 3: 'Enrolled Applicants'}, {0: 'Men', 1: '', 2: '', 3: ''}, {0: 'Women', 1: '', 2: '', 3: ''}, {0: 'Another Gender', 1: '', 2: '', 3: ''}, {0: 'Unknown', 1: '', 2: '', 3: ''}, {0: 'Total', 1: '', 2: '', 3: ''}]]",<table> <tr> <td> </td> <td> Applicants </td> <td> Admitted Applicants </td> <td> Enrolled Applicants </td> </tr> <tr> <td> Men </td> <td> </td> <td> </td> <td> </td> </tr> <tr> <td> Women </td> <td> </td> <td> </td> <td> </td> </tr> <tr> <td> Another Gender </td> <td> </td> <td> </td> <td> </td> </tr> <tr> <td> Unknown </td> <td> </td> <td> </td> <td> </td> </tr> <tr> <td> Total </td> <td> </td> <td> </td> <td> </td> </tr> </table>,164580,../data/cds-docs/2024-2025/164580.pdf,2024-2025
D,5,D5,Indicate all items required of transfer students to apply for admission:,"[[{0: '', 1: 'Required of All', 2: 'Recommended\nof All', 3: 'Recommended\nof Some', 4: 'Required Some of', 5: 'Not Required'}, {0: 'High school transcript', 1: '', 2: '', 3: '', 4: '', 5: ''}, {0: 'College transcript(s)', 1: '', 2: '', 3: '', 4: '', 5: ''}, {0: 'Essay or personal statement', 1: '', 2: '', 3: '', 4: '', 5: ''}, {0: 'Interview', 1: '', 2: '', 3: '', 4: '', 5: ''}, {0: 'Standardized test scores', 1: '', 2: '', 3: '', 4: '', 5: ''}, {0: 'Statement of good standing\nfrom prior institution(s)', 1: '', 2: '', 3: '', 4: '', 5: ''}]]",<table> <tr> <td> </td> <td> Required of All </td> <td> Recommended <br/> of All </td> <td> Recommended <br/> of Some </td> <td> Required Some of </td> <td> Not Required </td> </tr> <tr> <td> High school transcript </td> <td> </td> <td> </td> <td> </td> <td> </td> <td> </td> </tr> <tr> <td> College transcript(s) </td> <td> </td> <td> </td> <td> </td> <td> </td> <td> </td> </tr> <tr> <td> Essay or personal statement </td> <td> </td> <td> </td> <td> </td> <td> </td> <td> </td> </tr> <tr> <td> Interview </td> <td> </td> <td> </td> <td> </td> <td> </td> <td> </td> </tr> <tr> <td> Standardized test scores </td> <td> </td> <td> </td> <td> </td> <td> </td> <td> </td> </tr> <tr> <td> Statement of good standing <br/> from prior institution(s) </td> <td> </td> <td> </td> <td> </td> <td> </td> <td> </td> </tr> </table>,164580,../data/cds-docs/2024-2025/164580.pdf,2024-2025
D,9,D9,"List application priority, closing, notification, and candidate reply dates for transfer students. If applications are","[[{0: '', 1: 'Priority Date\nMonth Day', 2: 'Closing Date\nMonth Day', 3: 'Notification Date\nMonth Day', 4: 'Reply Date\nMonth Day', 5: 'Rolling\nadmission'}, {0: 'Fall', 1: '', 2: '', 3: '', 4: '', 5: ''}, {0: 'Winter', 1: '', 2: '', 3: '', 4: '', 5: ''}, {0: 'Spring', 1: '', 2: '', 3: '', 4: '', 5: ''}, {0: 'Summer', 1: '', 2: '', 3: '', 4: '', 5: ''}]]",<table> <tr> <td> </td> <td> Priority Date <br/> Month Day </td> <td> Closing Date <br/> Month Day </td> <td> Notification Date <br/> Month Day </td> <td> Reply Date <br/> Month Day </td> <td> Rolling <br/> admission </td> </tr> <tr> <td> Fall </td> <td> </td> <td> </td> <td> </td> <td> </td> <td> </td> </tr> <tr> <td> Winter </td> <td> </td> <td> </td> <td> </td> <td> </td> <td> </td> </tr> <tr> <td> Spring </td> <td> </td> <td> </td> <td> </td> <td> </td> <td> </td> </tr> <tr> <td> Summer </td> <td> </td> <td> </td> <td> </td> <td> </td> <td> </td> </tr> </table>,164580,../data/cds-docs/2024-2025/164580.pdf,2024-2025
F,1,F1,"Percentages of first-time, first-year degree-seeking students and degree-seeking","[[{0: '', 1: 'First-time, first\ufffe\nyear students', 2: 'Undergraduates'}, {0: 'Percent who are from out of state (exclude international/nonresident\nfrom the numerator and denominator)', 1: '', 2: ''}, {0: 'Percent of men who join fraternities', 1: '', 2: ''}, {0: 'Percent of women who join sororities', 1: '', 2: ''}, {0: 'Percent who live in college-owned, -operated, or -affiliated housing', 1: '', 2: ''}, {0: 'Percent who live off campus or commute', 1: '', 2: ''}, {0: 'Percent of students age 25 and older', 1: '', 2: ''}, {0: 'Average age of full-time students', 1: '', 2: ''}, {0: 'Average age of all students (full- and part-time)', 1: '', 2: ''}]]","<table> <tr> <td> </td> <td> First-time, first￾ <br/> year students </td> <td> Undergraduates </td> </tr> <tr> <td> Percent who are from out of state (exclude international/nonresident <br/> from the numerator and denominator) </td> <td> </td> <td> </td> </tr> <tr> <td> Percent of men who join fraternities </td> <td> </td> <td> </td> </tr> <tr> <td> Percent of women who join sororities </td> <td> </td> <td> </td> </tr> <tr> <td> Percent who live in college-owned, -operated, or -affiliated housing </td> <td> </td> <td> </td> </tr> <tr> <td> Percent who live off campus or commute </td> <td> </td> <td> </td> </tr> <tr> <td> Percent of students age 25 and older </td> <td> </td> <td> </td> </tr> <tr> <td> Average age of full-time students </td> <td> </td> <td> </td> </tr> <tr> <td> Average age of all students (full- and part-time) </td> <td> </td> <td> </td> </tr> </table>",164580,../data/cds-docs/2024-2025/164580.pdf,2024-2025
G,1,G1,"Undergraduate full-time tuition, required fees, food and housing","[[{0: '', 1: 'FIRST-YEAR', 2: 'UNDERGRADUATES'}, {0: 'PRIVATE INSTITUTION', 1: '', 2: ''}, {0: 'Tuition:', 1: '', 2: ''}, {0: 'PUBLIC INSTITUTION', 1: '', 2: ''}, {0: 'Tuition: In-district:', 1: '', 2: ''}, {0: 'Tuition: In-state (out-of-district):', 1: '', 2: ''}, {0: 'Tuition: Out-of-state:', 1: '', 2: ''}, {0: 'Tuition: Non-resident', 1: '', 2: ''}, {0: 'FOR ALL INSTITUTIONS', 1: '', 2: ''}, {0: 'Required Fees', 1: '', 2: ''}, {0: 'Food and Housing (on-campus):', 1: '', 2: ''}, {0: 'Housing Only (on-campus):', 1: '', 2: ''}, {0: 'Food Only (on-campus meal plan):', 1: '', 2: ''}]]",<table> <tr> <td> </td> <td> FIRST-YEAR </td> <td> UNDERGRADUATES </td> </tr> <tr> <td> PRIVATE INSTITUTION </td> <td> </td> <td> </td> </tr> <tr> <td> Tuition: </td> <td> </td> <td> </td> </tr> <tr> <td> PUBLIC INSTITUTION </td> <td> </td> <td> </td> </tr> <tr> <td> Tuition: In-district: </td> <td> </td> <td> </td> </tr> <tr> <td> Tuition: In-state (out-of-district): </td> <td> </td> <td> </td> </tr> <tr> <td> Tuition: Out-of-state: </td> <td> </td> <td> </td> </tr> <tr> <td> Tuition: Non-resident </td> <td> </td> <td> </td> </tr> <tr> <td> FOR ALL INSTITUTIONS </td> <td> </td> <td> </td> </tr> <tr> <td> Required Fees </td> <td> </td> <td> </td> </tr> <tr> <td> Food and Housing (on-campus): </td> <td> </td> <td> </td> </tr> <tr> <td> Housing Only (on-campus): </td> <td> </td> <td> </td> </tr> <tr> <td> Food Only (on-campus meal plan): </td> <td> </td> <td> </td> </tr> </table>,164580,../data/cds-docs/2024-2025/164580.pdf,2024-2025
G,5,G5,Provide the estimated expenses for a typical full-time undergraduate student:,"[[{0: '', 1: 'Residents', 2: 'Commuters\n(living at home)', 3: 'Commuters\n(not home) living at'}, {0: 'Books and supplies:', 1: '', 2: '', 3: ''}, {0: 'Housing only:', 1: 'Not Applicable Not Applicable\nNot Applicable', 2: 'Not Applicable Not Applicable\nNot Applicable', 3: ''}, {0: 'Food only:', 1: 'Not Applicable Not Applicable\nNot Applicable', 2: '', 3: ''}, {0: 'Food and housing total*', 1: 'Not Applicable', 2: 'Not Applicable', 3: ''}, {0: 'Transportation:', 1: '', 2: '', 3: ''}, {0: 'Other expenses:', 1: '', 2: '', 3: ''}]]","<table> <tr> <td> </td> <td> Residents </td> <td> Commuters <br/> (living at home) </td> <td> Commuters <br/> (not home) living at </td> </tr> <tr> <td> Books and supplies: </td> <td> </td> <td> </td> <td> </td> </tr> <tr> <td> Housing only: </td> <td colspan=""2""> Not Applicable Not Applicable <br/> Not Applicable </td> <td> </td> </tr> <tr> <td> Food only: </td> <td> Not Applicable Not Applicable <br/> Not Applicable </td> <td> </td> <td> </td> </tr> <tr> <td> Food and housing total* </td> <td> Not Applicable </td> <td> Not Applicable </td> <td> </td> </tr> <tr> <td> Transportation: </td> <td> </td> <td> </td> <td> </td> </tr> <tr> <td> Other expenses: </td> <td> </td> <td> </td> <td> </td> </tr> </table>",164580,../data/cds-docs/2024-2025/164580.pdf,2024-2025
H,1,H1,Enter total dollar amounts awarded to enrolled full-time and less than full-time degree-seeking,"[[{0: '', 1: 'Need-based\n(Include non-need\ufffe\nbased aid use to\nmeet need.)', 2: 'Non-need-based\n(Exclude non-need\ufffe\nbased aid use to\nmeet need.)'}, {0: 'Scholarships/Grants', 1: '', 2: ''}, {0: 'Federal', 1: '', 2: ''}, {0: 'State all states, not only the state in which your institution\nis located', 1: '', 2: ''}, {0: 'Institutional: Endowed scholarships, annual gifts and\ntuition funded grants, awarded by the college, excluding\nathletic aid and tuition waivers (which are reported below).', 1: '', 2: ''}, {0: 'Scholarships/grants from external sources (e.g.\nKiwanis, National Merit) not awarded by the college', 1: '', 2: ''}, {0: 'Total Scholarships/Grants', 1: '', 2: ''}, {0: 'Self-Help', 1: '', 2: ''}, {0: 'Student loans from all sources (excluding parent loans)', 1: '', 2: ''}, {0: 'Federal Work-Study', 1: '', 2: 'Not Applicable'}, {0: 'State and other (e.g., institutional) work-study/employment\n(Note: Excludes Federal Work-Study captured above.)', 1: '', 2: ''}, {0: 'Total Self-Help', 1: '', 2: ''}, {0: 'Parent Loans', 1: '', 2: ''}]]","<table> <tr> <td> </td> <td> Need-based <br/> (Include non-need￾ <br/> based aid use to <br/> meet need.) </td> <td> Non-need-based <br/> (Exclude non-need￾ <br/> based aid use to <br/> meet need.) </td> </tr> <tr> <td> Scholarships/Grants </td> <td> </td> <td> </td> </tr> <tr> <td> Federal </td> <td> </td> <td> </td> </tr> <tr> <td> State all states, not only the state in which your institution <br/> is located </td> <td> </td> <td> </td> </tr> <tr> <td> Institutional: Endowed scholarships, annual gifts and <br/> tuition funded grants, awarded by the college, excluding <br/> athletic aid and tuition waivers (which are reported below). </td> <td> </td> <td> </td> </tr> <tr> <td> Scholarships/grants from external sources (e.g. <br/> Kiwanis, National Merit) not awarded by the college </td> <td> </td> <td> </td> </tr> <tr> <td> Total Scholarships/Grants </td> <td> </td> <td> </td> </tr> <tr> <td> Self-Help </td> <td> </td> <td> </td> </tr> <tr> <td> Student loans from all sources (excluding parent loans) </td> <td> </td> <td> </td> </tr> <tr> <td> Federal Work-Study </td> <td> </td> <td> Not Applicable </td> </tr> <tr> <td> State and other (e.g., institutional) work-study/employment <br/> (Note: Excludes Federal Work-Study captured above.) </td> <td> </td> <td> </td> </tr> <tr> <td> Total Self-Help </td> <td> </td> <td> </td> </tr> <tr> <td> Parent Loans </td> <td> </td> <td> </td> </tr> </table>",164580,../data/cds-docs/2024-2025/164580.pdf,2024-2025
H,2,H2,Number of Enrolled Students Awarded Aid: List the number of degree-seeking full-time and less-than-full-,"[[{0: '', 1: 'Number of Enrolled Students Awarded Aids', 2: 'Full-time\nFirst-time\nFirst-year', 3: 'Full-time\nUndergrad\n(Incl. Fresh)', 4: 'Less Full-time Than\nUndergrad'}, {0: 'A', 1: 'Number of degree-seeking undergraduate students (CDS\nItem B1 if reporting on Fall 2024 cohort)', 2: '', 3: '', 4: ''}, {0: 'B', 1: 'Number of students in line a who applied for need-based\nfinancial aid', 2: '', 3: '', 4: ''}, {0: 'C', 1: 'Number of students in line b who were determined to have\nfinancial need', 2: '', 3: '', 4: ''}, {0: 'D', 1: 'Number of students in line c who were awarded any financial aid', 2: '', 3: '', 4: ''}, {0: 'E', 1: 'Number of students in line d who were awarded any need-based\nscholarship or grant aid', 2: '', 3: '', 4: ''}, {0: 'F', 1: 'Number of students in line d who were awarded any need-based\nself-help aid', 2: '', 3: '', 4: ''}, {0: 'G', 1: 'Number of students in line d who were awarded any non-need\ufffe\nbased scholarship or grant aid', 2: '', 3: '', 4: ''}, {0: 'H', 1: 'Number of students in line d whose need was fully met (exclude\nPLUS loans, unsubsidized loans, and private alternative loans)', 2: '', 3: '', 4: ''}, {0: 'I', 1: 'On average, the percentage of need that was met of students\nwho were awarded any need-based aid. Exclude any aid that\nwas awarded in excess of need as well as any resources that\nwere awarded to replace EFC (PLUS loans, unsubsidized loans,\nand private alternative loans)', 2: '', 3: '', 4: ''}, {0: 'J', 1: 'The average financial aid package of those in line d. Exclude\nany resources that were awarded to replace EFC (PLUS loans,\nunsubsidized loans, and private alternative loans)', 2: '', 3: '', 4: ''}, {0: 'K', 1: 'Average need-based scholarship or grant award of those in line\ne', 2: '', 3: '', 4: ''}, {0: 'L', 1: 'Average need-based self-help award (excluding PLUS loans,\nunsubsidized loans, and private alternative loans) of those in line\nf', 2: '', 3: '', 4: ''}], [{0: '', 1: 'Number of Enrolled Students Awarded Non-need-based\nScholarships and Grants', 2: 'Full-time\nFirst-time\nFirst-year', 3: 'Full-time\nUndergrad\nFresh) (Incl.', 4: 'Less Full-time Than\nUndergrad'}, {0: 'N', 1: 'Number of students in line a who had no financial need and who\nwere awarded institutional non-need-based scholarship or grant\naid (exclude those who were awarded athletic awards and tuition\nbenefits)', 2: '', 3: '', 4: ''}, {0: 'O', 1: 'Average dollar amount of institutional non-need-based\nscholarship and grant aid awarded to students in line n', 2: '', 3: '', 4: ''}, {0: 'P', 1: 'Number of students in line a who were awarded an institutional\nnon-need-based athletic scholarship or grant', 2: '', 3: '', 4: ''}, {0: 'Q', 1: 'Average dollar amount of institutional non-need-based athletic\nscholarships and grants awarded to students in line p', 2: '', 3: '', 4: ''}]]","<table> <tr> <td> </td> <td> Number of Enrolled Students Awarded Aids </td> <td> Full-time <br/> First-time <br/> First-year </td> <td> Full-time <br/> Undergrad <br/> (Incl. Fresh) </td> <td> Less Full-time Than <br/> Undergrad </td> </tr> <tr> <td> A </td> <td> Number of degree-seeking undergraduate students (CDS <br/> Item B1 if reporting on Fall 2024 cohort) </td> <td> </td> <td> </td> <td> </td> </tr> <tr> <td> B </td> <td> Number of students in line a who applied for need-based <br/> financial aid </td> <td> </td> <td> </td> <td> </td> </tr> <tr> <td> C </td> <td> Number of students in line b who were determined to have <br/> financial need </td> <td> </td> <td> </td> <td> </td> </tr> <tr> <td> D </td> <td> Number of students in line c who were awarded any financial aid </td> <td> </td> <td> </td> <td> </td> </tr> <tr> <td> E </td> <td> Number of students in line d who were awarded any need-based <br/> scholarship or grant aid </td> <td> </td> <td> </td> <td> </td> </tr> <tr> <td> F </td> <td> Number of students in line d who were awarded any need-based <br/> self-help aid </td> <td> </td> <td> </td> <td> </td> </tr> <tr> <td> G </td> <td> Number of students in line d who were awarded any non-need￾ <br/> based scholarship or grant aid </td> <td> </td> <td> </td> <td> </td> </tr> <tr> <td> H </td> <td> Number of students in line d whose need was fully met (exclude <br/> PLUS loans, unsubsidized loans, and private alternative loans) </td> <td> </td> <td> </td> <td> </td> </tr> <tr> <td> I </td> <td> On average, the percentage of need that was met of students <br/> who were awarded any need-based aid. Exclude any aid that <br/> was awarded in excess of need as well as any resources that <br/> were awarded to replace EFC (PLUS loans, unsubsidized loans, <br/> and private alternative loans) </td> <td> </td> <td> </td> <td> </td> </tr> <tr> <td> J </td> <td> The average financial aid package of those in line d. Exclude <br/> any resources that were awarded to replace EFC (PLUS loans, <br/> unsubsidized loans, and private alternative loans) </td> <td> </td> <td> </td> <td> </td> </tr> <tr> <td> K </td> <td> Average need-based scholarship or grant award of those in line <br/> e </td> <td> </td> <td> </td> <td> </td> </tr> <tr> <td> L </td> <td> Average need-based self-help award (excluding PLUS loans, <br/> unsubsidized loans, and private alternative loans) of those in line <br/> f </td> <td> </td> <td> </td> <td> </td> </tr> </table><div class=""separator""></div><table> <tr> <td> </td> <td> Number of Enrolled Students Awarded Non-need-based <br/> Scholarships and Grants </td> <td> Full-time <br/> First-time <br/> First-year </td> <td> Full-time <br/> Undergrad <br/> Fresh) (Incl. </td> <td> Less Full-time Than <br/> Undergrad </td> </tr> <tr> <td> N </td> <td> Number of students in line a who had no financial need and who <br/> were awarded institutional non-need-based scholarship or grant <br/> aid (exclude those who were awarded athletic awards and tuition <br/> benefits) </td> <td> </td> <td> </td> <td> </td> </tr> <tr> <td> O </td> <td> Average dollar amount of institutional non-need-based <br/> scholarship and grant aid awarded to students in line n </td> <td> </td> <td> </td> <td> </td> </tr> <tr> <td> P </td> <td> Number of students in line a who were awarded an institutional <br/> non-need-based athletic scholarship or grant </td> <td> </td> <td> </td> <td> </td> </tr> <tr> <td> Q </td> <td> Average dollar amount of institutional non-need-based athletic <br/> scholarships and grants awarded to students in line p </td> <td> </td> <td> </td> <td> </td> </tr> </table>",164580,../data/cds-docs/2024-2025/164580.pdf,2024-2025
H,5,H5,"Number and percent of students in class (defined in H4 above) borrowing from federal, non-federal,","[[{0: '', 1: 'Source/Type of Loan', 2: 'Number in the\nclass (defined in\nH4 above) who\nborrowed from\nthe types of\nloans specified\nin column the first', 3: 'Percent of the\nclass (defined\nabove) who\nborrowed from\nthe types of\nloans specified\nin column the first\n(nearest 1%)', 4: 'Average per\ufffe\nundergraduate\ufffe\nborrower\ncumulative\nprincipal\nborrowed from the\ntypes of loans\nspecified first in the\ncolumn (nearest'}, {0: 'A', 1: 'Any loan program: Federal Perkins,\nFederal Stafford Subsidized and\nUnsubsidized, institutional, state, private\nloans that your institution is aware of, etc.\nInclude both Federal Direct Student Loans\nand Federal Family Education Loans', 2: '', 3: '', 4: ''}, {0: 'B', 1: 'Federal loan programs: Federal Perkins,\nFederal Stafford Subsidized and\nUnsubsidized. Include both Federal Direct\nStudent Loans and Federal Family\nEducation Loans', 2: '', 3: '', 4: ''}, {0: 'C', 1: 'Institutional loan programs', 2: '', 3: '', 4: ''}, {0: 'D', 1: 'State loan programs', 2: '', 3: '', 4: ''}, {0: 'E', 1: 'Private student loans made by a bank or\nlender', 2: '', 3: '', 4: ''}]]","<table> <tr> <td> </td> <td> Source/Type of Loan </td> <td> Number in the <br/> class (defined in <br/> H4 above) who <br/> borrowed from <br/> the types of <br/> loans specified <br/> in column the first </td> <td> Percent of the <br/> class (defined <br/> above) who <br/> borrowed from <br/> the types of <br/> loans specified <br/> in column the first <br/> (nearest 1%) </td> <td> Average per￾ <br/> undergraduate￾ <br/> borrower <br/> cumulative <br/> principal <br/> borrowed from the <br/> types of loans <br/> specified first in the <br/> column (nearest </td> </tr> <tr> <td> A </td> <td> Any loan program: Federal Perkins, <br/> Federal Stafford Subsidized and <br/> Unsubsidized, institutional, state, private <br/> loans that your institution is aware of, etc. <br/> Include both Federal Direct Student Loans <br/> and Federal Family Education Loans </td> <td> </td> <td> </td> <td> </td> </tr> <tr> <td> B </td> <td> Federal loan programs: Federal Perkins, <br/> Federal Stafford Subsidized and <br/> Unsubsidized. Include both Federal Direct <br/> Student Loans and Federal Family <br/> Education Loans </td> <td> </td> <td> </td> <td> </td> </tr> <tr> <td> C </td> <td> Institutional loan programs </td> <td> </td> <td> </td> <td> </td> </tr> <tr> <td> D </td> <td> State loan programs </td> <td> </td> <td> </td> <td> </td> </tr> <tr> <td> E </td> <td> Private student loans made by a bank or <br/> lender </td> <td> </td> <td> </td> <td> </td> </tr> </table>",164580,../data/cds-docs/2024-2025/164580.pdf,2024-2025
H,14,H14,Check off criteria used in awarding institutional aid. Check all that apply.,"[[{0: '', 1: 'Non-Need Based', 2: 'Need-Based'}, {0: 'Academics', 1: '☐', 2: '☐'}, {0: 'Alumni affiliation', 1: '☐', 2: '☐'}, {0: 'Art', 1: '☐', 2: '☐'}, {0: 'Athletics', 1: '☐', 2: '☐'}, {0: 'Job skills', 1: '☐', 2: '☐'}, {0: 'ROTC', 1: '☐', 2: 'Not Applicable'}, {0: 'Leadership', 1: '☐', 2: '☐'}, {0: 'Music/drama', 1: '☐', 2: '☐'}, {0: 'Religious affiliation', 1: '☐', 2: '☐'}, {0: 'State/district residency', 1: '☐', 2: '☐'}]]",<table> <tr> <td> </td> <td> Non-Need Based </td> <td> Need-Based </td> </tr> <tr> <td> Academics </td> <td> ☐ </td> <td> ☐ </td> </tr> <tr> <td> Alumni affiliation </td> <td> ☐ </td> <td> ☐ </td> </tr> <tr> <td> Art </td> <td> ☐ </td> <td> ☐ </td> </tr> <tr> <td> Athletics </td> <td> ☐ </td> <td> ☐ </td> </tr> <tr> <td> Job skills </td> <td> ☐ </td> <td> ☐ </td> </tr> <tr> <td> ROTC </td> <td> ☐ </td> <td> Not Applicable </td> </tr> <tr> <td> Leadership </td> <td> ☐ </td> <td> ☐ </td> </tr> <tr> <td> Music/drama </td> <td> ☐ </td> <td> ☐ </td> </tr> <tr> <td> Religious affiliation </td> <td> ☐ </td> <td> ☐ </td> </tr> <tr> <td> State/district residency </td> <td> ☐ </td> <td> ☐ </td> </tr> </table>,164580,../data/cds-docs/2024-2025/164580.pdf,2024-2025
B,1,B1,Institutional Enrollment,"[[{0: '', 1: 'Men', 2: 'Men', 3: 'Women', 4: 'Women', 5: 'Another Gender', 6: 'Another Gender'}, {0: '', 1: 'Enrollment Full Time', 2: 'Enrollment Part Time', 3: 'Enrollment Full Time', 4: 'Enrollment Part Time', 5: 'Enrollment Full Time', 6: 'Enrollment Part Time'}, {0: 'UNDERGRADUATE STUDENTS', 1: 'UNDERGRADUATE STUDENTS', 2: 'UNDERGRADUATE STUDENTS', 3: 'UNDERGRADUATE STUDENTS', 4: 'UNDERGRADUATE STUDENTS', 5: 'UNDERGRADUATE STUDENTS', 6: 'UNDERGRADUATE STUDENTS'}, {0: 'Degree-seeking, first-time, first-year\nstudents', 1: '352.0', 2: '0.0', 3: '274.0', 4: '0.0', 5: '0.0', 6: '0.0'}, {0: 'Other first-year, degree-seeking students', 1: '21.0', 2: '0.0', 3: '22.0', 4: '0.0', 5: '0.0', 6: '0.0'}, {0: 'All other degree-seeking undergraduate\nstudents', 1: '1,165.0', 2: '4.0', 3: '856.0', 4: '2.0', 5: '0.0', 6: '0.0'}, {0: 'Total degree-seeking undergraduate students', 1: '1,538.0', 2: '4.0', 3: '1,152.0', 4: '2.0', 5: '0.0', 6: '0.0'}, {0: 'All other undergraduates enrolled in credit\ncourses', 1: '17.0', 2: '13.0', 3: '13.0', 4: '13.0', 5: '0.0', 6: '0.0'}]]","<table> <tr> <td> </td> <td colspan=""2""> Men </td> <td colspan=""2""> Women </td> <td colspan=""2""> Another Gender </td> </tr> <tr> <td> </td> <td> Enrollment Full Time </td> <td> Enrollment Part Time </td> <td> Enrollment Full Time </td> <td> Enrollment Part Time </td> <td> Enrollment Full Time </td> <td> Enrollment Part Time </td> </tr> <tr> <td colspan=""7""> UNDERGRADUATE STUDENTS </td> </tr> <tr> <td> Degree-seeking, first-time, first-year <br/> students </td> <td> 352.0 </td> <td> 0.0 </td> <td> 274.0 </td> <td> 0.0 </td> <td> 0.0 </td> <td> 0.0 </td> </tr> <tr> <td> Other first-year, degree-seeking students </td> <td> 21.0 </td> <td> 0.0 </td> <td> 22.0 </td> <td> 0.0 </td> <td> 0.0 </td> <td> 0.0 </td> </tr> <tr> <td> All other degree-seeking undergraduate <br/> students </td> <td> 1,165.0 </td> <td> 4.0 </td> <td> 856.0 </td> <td> 2.0 </td> <td> 0.0 </td> <td> 0.0 </td> </tr> <tr> <td> Total degree-seeking undergraduate students </td> <td> 1,538.0 </td> <td> 4.0 </td> <td> 1,152.0 </td> <td> 2.0 </td> <td> 0.0 </td> <td> 0.0 </td> </tr> <tr> <td> All other undergraduates enrolled in credit <br/> courses </td> <td> 17.0 </td> <td> 13.0 </td> <td> 13.0 </td> <td> 13.0 </td> <td> 0.0 </td> <td> 0.0 </td> </tr> </table>",164580,../data/cds-docs/2023-2024/164580.pdf,2023-2024
B,4,B4,- B21. Graduation Rates,"[[{0: '2017 COHORT (AY - 7)', 1: '2017 COHORT (AY - 7)', 2: '2017 COHORT (AY - 7)', 3: '2017 COHORT (AY - 7)'}, {0: 'Recipients\nof a Federal\nPell Grant', 1: 'Recipients of\na Subsidized\nStafford\nreceive Loan, did Grant not who a Pell', 2: 'Students\nwho receive did not\neither a Pell\nsubsidized Grant or a\nStafford\nLoan', 3: 'Total'}]]","<table> <tr> <td colspan=""4""> 2017 COHORT (AY - 7) </td> </tr> <tr> <td> Recipients <br/> of a Federal <br/> Pell Grant </td> <td> Recipients of <br/> a Subsidized <br/> Stafford <br/> receive Loan, did Grant not who a Pell </td> <td> Students <br/> who receive did not <br/> either a Pell <br/> subsidized Grant or a <br/> Stafford <br/> Loan </td> <td> Total </td> </tr> </table>",164580,../data/cds-docs/2023-2024/164580.pdf,2023-2024
C,5,C5,Admission Requirements: High School Units Required/Recommended,"[[{0: '', 1: 'Required Units', 2: 'Recommended Units'}, {0: 'Total Academic Units', 1: '15.0', 2: '19.0'}, {0: 'English', 1: '4.0', 2: '4.0'}, {0: 'Mathematics', 1: '4.0', 2: '4.0'}, {0: 'Science', 1: '3.0', 2: '3.0'}, {0: 'of Science Units, how many units must be lab', 1: '0.0', 2: '0.0'}, {0: 'Foreign language', 1: '0.0', 2: '4.0'}, {0: 'Social Studies', 1: '4.0', 2: '4.0'}, {0: 'History', 1: '0.0', 2: '0.0'}, {0: 'Computer Science', 1: '0.0', 2: '0.0'}, {0: 'Visual/Performing Arts', 1: '0.0', 2: '0.0'}, {0: 'Academic Electives', 1: '0.0', 2: '0.0'}]]","<table> <tr> <td> </td> <td> Required Units </td> <td> Recommended Units </td> </tr> <tr> <td> Total Academic Units </td> <td> 15.0 </td> <td> 19.0 </td> </tr> <tr> <td> English </td> <td> 4.0 </td> <td> 4.0 </td> </tr> <tr> <td> Mathematics </td> <td> 4.0 </td> <td> 4.0 </td> </tr> <tr> <td> Science </td> <td> 3.0 </td> <td> 3.0 </td> </tr> <tr> <td> of Science Units, how many units must be lab </td> <td> 0.0 </td> <td> 0.0 </td> </tr> <tr> <td> Foreign language </td> <td> 0.0 </td> <td> 4.0 </td> </tr> <tr> <td> Social Studies </td> <td> 4.0 </td> <td> 4.0 </td> </tr> <tr> <td> History </td> <td> 0.0 </td> <td> 0.0 </td> </tr> <tr> <td> Computer Science </td> <td> 0.0 </td> <td> 0.0 </td> </tr> <tr> <td> Visual/Performing Arts </td> <td> 0.0 </td> <td> 0.0 </td> </tr> <tr> <td> Academic Electives </td> <td> 0.0 </td> <td> 0.0 </td> </tr> </table>",164580,../data/cds-docs/2023-2024/164580.pdf,2023-2024
D,2,D2,Fall Applicants: Student Counts,"[[{0: '306', 1: '65', 2: '21'}, {0: '154', 1: '55', 2: '22'}, {0: '0', 1: '0', 2: '0'}, {0: '460', 1: '120', 2: '43'}]]",<table> <tr> <td> 306 </td> <td> 65 </td> <td> 21 </td> </tr> <tr> <td> 154 </td> <td> 55 </td> <td> 22 </td> </tr> <tr> <td> 0 </td> <td> 0 </td> <td> 0 </td> </tr> <tr> <td> 460 </td> <td> 120 </td> <td> 43 </td> </tr> </table>,164580,../data/cds-docs/2023-2024/164580.pdf,2023-2024
F,1,F1,"First-time, first-year degree-seeking students and undergraduates enrolled","[[{0: 'First-time,\nFirst-year Students', 1: 'Undergraduates'}, {0: '74.0%', 1: '77.0%'}, {0: '0.0%', 1: '9.0%'}, {0: '0.0%', 1: '15.0%'}, {0: '100.0%', 1: '77.5%'}, {0: '0.0%', 1: '22.5%'}, {0: '0.0%', 1: '0.0%'}, {0: '18', 1: '20'}, {0: '18', 1: '20'}]]","<table> <tr> <td> First-time, <br/> First-year Students </td> <td> Undergraduates </td> </tr> <tr> <td> 74.0% </td> <td> 77.0% </td> </tr> <tr> <td> 0.0% </td> <td> 9.0% </td> </tr> <tr> <td> 0.0% </td> <td> 15.0% </td> </tr> <tr> <td> 100.0% </td> <td> 77.5% </td> </tr> <tr> <td> 0.0% </td> <td> 22.5% </td> </tr> <tr> <td> 0.0% </td> <td> 0.0% </td> </tr> <tr> <td> 18 </td> <td> 20 </td> </tr> <tr> <td> 18 </td> <td> 20 </td> </tr> </table>",164580,../data/cds-docs/2023-2024/164580.pdf,2023-2024
G,5,G5,Estimated Expenses for Typical Full-Time Undergraduates,"[[{0: '$1,292.00 $1,292.00', 1: '$1,292.00 $1,292.00', 2: '$1,292.00'}, {0: '$6,364.00', 1: '$6,364.00', 2: '$12,660.00'}, {0: '$6,364.00', 1: '$6,364.00', 2: '$7,072.00'}, {0: '$1,000.00', 1: '$2,241.00', 2: '$2,241.00'}, {0: '$2,132.00', 1: '$2,132.00', 2: '$2,132.00'}]]","<table> <tr> <td colspan=""2""> $1,292.00 $1,292.00 </td> <td> $1,292.00 </td> </tr> <tr> <td rowspan=""2""> $6,364.00 </td> <td rowspan=""2""> $6,364.00 </td> <td> $12,660.00 </td> </tr> <tr> <td> $7,072.00 </td> </tr> <tr> <td> $1,000.00 </td> <td> $2,241.00 </td> <td> $2,241.00 </td> </tr> <tr> <td> $2,132.00 </td> <td> $2,132.00 </td> <td> $2,132.00 </td> </tr> </table>",164580,../data/cds-docs/2023-2024/164580.pdf,2023-2024
H,5,H5,Number/Percent Borrowers and Average Borrowed Amount,"[[{0: 'Source/Type of Loan', 1: 'Number in the class\n(defined in H4 above)\nwho borrowed from\nthe types of loans\nspecific in the first\ncolumn', 2: 'Percent of the class\n(defined above) who\nborrowed from the\ntypes of loans\nspecified in the first\ncolumn (nearest 1%)', 3: 'Average per\ufffe\nundergraduate\ufffe\nborrower\ncumulative\nprincipal\nborrowed from\nthe types of loans\nspecific in the first\ncolumn (nearest\n$1)'}, {0: 'A. Any loan program: Federal Perkins, Federal\nStafford Subsidized and Unsubsidized, institutional,\nstate, private loans that your institution is aware of,\netc. Include both Federal Direct Student Loans and\nFederal Family Education Loans.', 1: '237', 2: '37%', 3: '$41,002'}]]","<table> <tr> <td> Source/Type of Loan </td> <td> Number in the class <br/> (defined in H4 above) <br/> who borrowed from <br/> the types of loans <br/> specific in the first <br/> column </td> <td> Percent of the class <br/> (defined above) who <br/> borrowed from the <br/> types of loans <br/> specified in the first <br/> column (nearest 1%) </td> <td> Average per￾ <br/> undergraduate￾ <br/> borrower <br/> cumulative <br/> principal <br/> borrowed from <br/> the types of loans <br/> specific in the first <br/> column (nearest <br/> $1) </td> </tr> <tr> <td> A. Any loan program: Federal Perkins, Federal <br/> Stafford Subsidized and Unsubsidized, institutional, <br/> state, private loans that your institution is aware of, <br/> etc. Include both Federal Direct Student Loans and <br/> Federal Family Education Loans. </td> <td> 237 </td> <td> 37% </td> <td> $41,002 </td> </tr> </table>",164580,../data/cds-docs/2023-2024/164580.pdf,2023-2024
I,1,I1,Instructional Faculty by Category,"[[{0: '', 1: 'Full-Time', 2: 'Part-Time'}, {0: 'A. Instructional faculty in preclinical and clinical medicine, faculty who are not\npaid (e.g., those who donate their services or are in the military), or research-only\nfaculty, post-doctoral fellows, or pre-doctoral fellows', 1: 'Exclude', 2: 'Include only if they teach\none or more non-clinical\ncredit courses'}, {0: 'B. Administrative officers with titles such as dean of students, librarian, registrar,\ncoach, and the like, even though they may devote part of their time to classroom\ninstruction and may have faculty status', 1: 'Exclude', 2: 'Include only if they teach\none or more non-clinical\ncredit courses'}, {0: 'C. Other administrators/staff who teach one or more non-clinical credit courses\neven though they do not have faculty status', 1: 'Exclude', 2: 'Include'}, {0: 'D. Undergraduate or graduate students who assist in the instruction of courses,\nbut have titles such as teaching assistant, teaching fellow, and the like', 1: 'Exclude', 2: 'Exclude'}, {0: 'E. Faculty on sabbatical or leave with pay', 1: 'Include', 2: 'Exclude'}, {0: 'F. Faculty on leave without pay', 1: 'Exclude', 2: 'Exclude'}, {0: 'G. Replacement faculty for faculty on sabbatical leave or leave with pay', 1: 'Exclude', 2: 'Include'}]]","<table> <tr> <td> </td> <td> Full-Time </td> <td> Part-Time </td> </tr> <tr> <td> A. Instructional faculty in preclinical and clinical medicine, faculty who are not <br/> paid (e.g., those who donate their services or are in the military), or research-only <br/> faculty, post-doctoral fellows, or pre-doctoral fellows </td> <td> Exclude </td> <td> Include only if they teach <br/> one or more non-clinical <br/> credit courses </td> </tr> <tr> <td> B. Administrative officers with titles such as dean of students, librarian, registrar, <br/> coach, and the like, even though they may devote part of their time to classroom <br/> instruction and may have faculty status </td> <td> Exclude </td> <td> Include only if they teach <br/> one or more non-clinical <br/> credit courses </td> </tr> <tr> <td> C. Other administrators/staff who teach one or more non-clinical credit courses <br/> even though they do not have faculty status </td> <td> Exclude </td> <td> Include </td> </tr> <tr> <td> D. Undergraduate or graduate students who assist in the instruction of courses, <br/> but have titles such as teaching assistant, teaching fellow, and the like </td> <td> Exclude </td> <td> Exclude </td> </tr> <tr> <td> E. Faculty on sabbatical or leave with pay </td> <td> Include </td> <td> Exclude </td> </tr> <tr> <td> F. Faculty on leave without pay </td> <td> Exclude </td> <td> Exclude </td> </tr> <tr> <td> G. Replacement faculty for faculty on sabbatical leave or leave with pay </td> <td> Exclude </td> <td> Include </td> </tr> </table>",164580,../data/cds-docs/2023-2024/164580.pdf,2023-2024
A,0,A0,Respondent Information (Not for Publication),"[[{0: 'Tumennasan Bayar', 1: 'Tumennasan Bayar'}, {0: 'Senior Data Specialist', 1: 'Senior Data Specialist'}, {0: '231 Forest Street', 1: '231 Forest Street'}, {0: 'Babson Park, MA, 02457, USA', 1: 'Babson Park, MA, 02457, USA'}, {0: '(781) 239-5725', 1: '(781) 239-5725'}, {0: '(781)', 1: '239-6427'}, {0: 'tbayar@babson.edu', 1: 'tbayar@babson.edu'}]]","<table> <tr> <td colspan=""2""> Tumennasan Bayar </td> </tr> <tr> <td colspan=""2""> Senior Data Specialist </td> </tr> <tr> <td colspan=""2""> 231 Forest Street </td> </tr> <tr> <td colspan=""2""> Babson Park, MA, 02457, USA </td> </tr> <tr> <td colspan=""2""> (781) 239-5725 </td> </tr> <tr> <td> (781) </td> <td> 239-6427 </td> </tr> <tr> <td colspan=""2""> tbayar@babson.edu </td> </tr> </table>",164580,../data/cds-docs/2022-2023/164580.pdf,2022-2023
A,1,A1,Address Information,"[[{0: 'Babson College', 1: 'Babson College'}, {0: '231 Forest Street', 1: '231 Forest Street'}, {0: 'Babson Park, MA 02457, USA', 1: 'Babson Park, MA 02457, USA'}, {0: '(781) 235-1200', 1: '(781) 235-1200'}, {0: 'www.babson.edu', 1: 'www.babson.edu'}, {0: '(781) 239-5522', 1: '(781) 239-5522'}, {0: '(800)', 1: '488-3696'}, {0: 'Lunder Hall', 1: 'Lunder Hall'}, {0: 'Babson Park, MA 02457, USA', 1: 'Babson Park, MA 02457, USA'}, {0: '(781) 239-4006', 1: '(781) 239-4006'}, {0: 'ugradadmission@babson.edu', 1: 'ugradadmission@babson.edu'}]]","<table> <tr> <td colspan=""2""> Babson College </td> </tr> <tr> <td colspan=""2""> 231 Forest Street </td> </tr> <tr> <td colspan=""2""> Babson Park, MA 02457, USA </td> </tr> <tr> <td colspan=""2""> (781) 235-1200 </td> </tr> <tr> <td colspan=""2""> www.babson.edu </td> </tr> <tr> <td colspan=""2""> (781) 239-5522 </td> </tr> <tr> <td> (800) </td> <td> 488-3696 </td> </tr> <tr> <td colspan=""2""> Lunder Hall </td> </tr> <tr> <td colspan=""2""> Babson Park, MA 02457, USA </td> </tr> <tr> <td colspan=""2""> (781) 239-4006 </td> </tr> <tr> <td colspan=""2""> ugradadmission@babson.edu </td> </tr> </table>",164580,../data/cds-docs/2022-2023/164580.pdf,2022-2023
B,1,B1,Institutional Enrollment - Men and Women,"[[{0: '', 1: 'FULL-TIME', 2: 'FULL-TIME', 3: 'FULL-TIME', 4: 'PART-TIME', 5: 'PART-TIME', 6: 'PART-TIME'}, {0: '', 1: 'Men\nWomen Another Gender', 2: 'Men\nWomen Another Gender', 3: 'Men\nWomen Another Gender', 4: 'Men\nWomen Another Gender', 5: 'Men\nWomen Another Gender', 6: 'Men\nWomen Another Gender'}, {0: 'Undergraduates', 1: 'Undergraduates', 2: 'Undergraduates', 3: 'Undergraduates', 4: 'Undergraduates', 5: 'Undergraduates', 6: 'Undergraduates'}, {0: 'Degree-seeking, first-time, first\ufffe\nyear', 1: '365', 2: '291', 3: '0', 4: '0', 5: '0', 6: '0'}, {0: 'Other first-year, degree-seeking', 1: '22', 2: '17', 3: '0', 4: '0', 5: '0', 6: '0'}, {0: 'All other degree-seeking', 1: '1,188', 2: '819', 3: '0', 4: '3', 5: '4', 6: '0'}, {0: 'Total degree-seeking', 1: '1,575', 2: '1,127', 3: '0', 4: '3', 5: '4', 6: '0'}, {0: 'All other undergraduates', 1: '17', 2: '18', 3: '0', 4: '4', 5: '13', 6: '0'}, {0: 'Total undergraduates', 1: '1,592', 2: '1,145', 3: '0', 4: '7', 5: '17', 6: '0'}, {0: 'Graduate', 1: 'Graduate', 2: 'Graduate', 3: 'Graduate', 4: 'Graduate', 5: 'Graduate', 6: 'Graduate'}, {0: 'Degree-seeking, first-time', 1: '256', 2: '167', 3: '0', 4: '50', 5: '38', 6: '0'}, {0: 'All other degree-seeking', 1: '144', 2: '95', 3: '0', 4: '246', 5: '222', 6: '0'}, {0: 'All other graduates enrolled in', 1: '3', 2: '3', 3: '0', 4: '1', 5: '3', 6: '0'}, {0: 'Total graduate', 1: '403', 2: '265', 3: '0', 4: '297', 5: '263', 6: '0'}, {0: 'Total all students', 1: '1,995', 2: '1,410', 3: '0', 4: '304', 5: '280', 6: '0'}]]","<table> <tr> <td rowspan=""2""> </td> <td colspan=""3""> FULL-TIME </td> <td colspan=""3""> PART-TIME </td> </tr> <tr> <td colspan=""3""> Men <br/> Women Another Gender </td> <td colspan=""3""> Men <br/> Women Another Gender </td> </tr> <tr> <td colspan=""7""> Undergraduates </td> </tr> <tr> <td> Degree-seeking, first-time, first￾ <br/> year </td> <td> 365 </td> <td> 291 </td> <td> 0 </td> <td> 0 </td> <td> 0 </td> <td> 0 </td> </tr> <tr> <td> Other first-year, degree-seeking </td> <td> 22 </td> <td> 17 </td> <td> 0 </td> <td> 0 </td> <td> 0 </td> <td> 0 </td> </tr> <tr> <td> All other degree-seeking </td> <td> 1,188 </td> <td> 819 </td> <td> 0 </td> <td> 3 </td> <td> 4 </td> <td> 0 </td> </tr> <tr> <td> Total degree-seeking </td> <td> 1,575 </td> <td> 1,127 </td> <td> 0 </td> <td> 3 </td> <td> 4 </td> <td> 0 </td> </tr> <tr> <td> All other undergraduates </td> <td> 17 </td> <td> 18 </td> <td> 0 </td> <td> 4 </td> <td> 13 </td> <td> 0 </td> </tr> <tr> <td> Total undergraduates </td> <td> 1,592 </td> <td> 1,145 </td> <td> 0 </td> <td> 7 </td> <td> 17 </td> <td> 0 </td> </tr> <tr> <td colspan=""7""> Graduate </td> </tr> <tr> <td> Degree-seeking, first-time </td> <td> 256 </td> <td> 167 </td> <td> 0 </td> <td> 50 </td> <td> 38 </td> <td> 0 </td> </tr> <tr> <td> All other degree-seeking </td> <td> 144 </td> <td> 95 </td> <td> 0 </td> <td> 246 </td> <td> 222 </td> <td> 0 </td> </tr> <tr> <td> All other graduates enrolled in </td> <td> 3 </td> <td> 3 </td> <td> 0 </td> <td> 1 </td> <td> 3 </td> <td> 0 </td> </tr> <tr> <td> Total graduate </td> <td> 403 </td> <td> 265 </td> <td> 0 </td> <td> 297 </td> <td> 263 </td> <td> 0 </td> </tr> <tr> <td> Total all students </td> <td> 1,995 </td> <td> 1,410 </td> <td> 0 </td> <td> 304 </td> <td> 280 </td> <td> 0 </td> </tr> </table>",164580,../data/cds-docs/2022-2023/164580.pdf,2022-2023
B,2,B2,Enrollment by Racial/Ethnic Category.,"[[{0: '', 1: 'Degree-Seeking\nFirst-Time\nFirst Year', 2: 'Degree-Seeking\nUndergraduates\n(include first-time\nfirst-year)', 3: 'Total\nUndergraduates (both\ndegree & non-degree\ufffe\nseeking)'}, {0: 'Nonresidents', 1: '174', 2: '782', 3: '815'}, {0: 'Hispanic/Latino', 1: '112', 2: '422', 3: '422'}, {0: 'Black or African American, non-Hispanic', 1: '30', 2: '120', 3: '120'}, {0: 'White, non-Hispanic', 1: '195', 2: '845', 3: '845'}, {0: 'American Indian or Alaska Native, non-Hispanic', 1: '0', 2: '3', 3: '3'}, {0: 'Asian, non-Hispanic', 1: '105', 2: '358', 3: '358'}, {0: 'Native Hawaiian or other Pacific Islander, non-Hispa', 1: '0', 2: '0', 3: '0'}, {0: 'Two or more races, non-Hispanic', 1: '19', 2: '67', 3: '67'}, {0: 'Race and/or ethnicity unknown', 1: '21', 2: '112', 3: '131'}, {0: 'TOTAL', 1: '656', 2: '2,709', 3: '2,761'}]]","<table> <tr> <td> </td> <td> Degree-Seeking <br/> First-Time <br/> First Year </td> <td> Degree-Seeking <br/> Undergraduates <br/> (include first-time <br/> first-year) </td> <td> Total <br/> Undergraduates (both <br/> degree &amp; non-degree￾ <br/> seeking) </td> </tr> <tr> <td> Nonresidents </td> <td> 174 </td> <td> 782 </td> <td> 815 </td> </tr> <tr> <td> Hispanic/Latino </td> <td> 112 </td> <td> 422 </td> <td> 422 </td> </tr> <tr> <td> Black or African American, non-Hispanic </td> <td> 30 </td> <td> 120 </td> <td> 120 </td> </tr> <tr> <td> White, non-Hispanic </td> <td> 195 </td> <td> 845 </td> <td> 845 </td> </tr> <tr> <td> American Indian or Alaska Native, non-Hispanic </td> <td> 0 </td> <td> 3 </td> <td> 3 </td> </tr> <tr> <td> Asian, non-Hispanic </td> <td> 105 </td> <td> 358 </td> <td> 358 </td> </tr> <tr> <td> Native Hawaiian or other Pacific Islander, non-Hispa </td> <td> 0 </td> <td> 0 </td> <td> 0 </td> </tr> <tr> <td> Two or more races, non-Hispanic </td> <td> 19 </td> <td> 67 </td> <td> 67 </td> </tr> <tr> <td> Race and/or ethnicity unknown </td> <td> 21 </td> <td> 112 </td> <td> 131 </td> </tr> <tr> <td> TOTAL </td> <td> 656 </td> <td> 2,709 </td> <td> 2,761 </td> </tr> </table>",164580,../data/cds-docs/2022-2023/164580.pdf,2022-2023
B,4,B4,-B11).,"[[{0: '', 1: 'Recipients of a\nFederal Grant Pell', 2: 'Recipients of a\nSubsidized\nStafford Loan\nwho did not\nreceive a Pell\nGrant', 3: 'Students who did\nnot receive either\na Pell Grant or a\nsubsidized\nStafford Loan', 4: 'Total\n(sum of 3 columns to\nthe left)'}, {0: ""Initial 2016 cohort of first-time, full\ufffe\ntime, bachelor's (or equivalent)\ndegree-seeking undergraduate\nstudents"", 1: '69', 2: '140', 3: '379', 4: '588'}, {0: 'Of the initial 2016 cohort, how many\ndid not persist and did not graduate\nfor the following reasons:\n• Deceased\n• Permanently Disabled\n• Armed Forces\n• Foreign Aid Service of the Federal\nGovernment\n• Official church missions\n• Report Total Allowable Exclusions', 1: '0', 2: '0', 3: '1', 4: '1'}, {0: 'Final 2016 cohort, after adjusting for\nallowable exclusions', 1: '69', 2: '140', 3: '378', 4: '587'}, {0: 'Of the initial 2015 cohort, how many\ncompleted the program in four years\nor less (by Aug. 31, 2020)', 1: '61', 2: '124', 3: '343', 4: '528'}, {0: 'Of the initial 2016 cohort, how many\ncompleted the program in more than\nfour years but in five years or less\n(after Aug. 31, 2020 and by Aug. 31,\n2021)', 1: '2', 2: '2', 3: '6', 4: '10'}, {0: 'Of the initial 2016 cohort, how many\ncompleted the program in more than\nfive years but in six years or less\n(after Aug. 31, 2021 and by Aug. 31,\n2022)', 1: '2', 2: '1', 3: '3', 4: '6'}]]","<table> <tr> <td> </td> <td> Recipients of a <br/> Federal Grant Pell </td> <td> Recipients of a <br/> Subsidized <br/> Stafford Loan <br/> who did not <br/> receive a Pell <br/> Grant </td> <td> Students who did <br/> not receive either <br/> a Pell Grant or a <br/> subsidized <br/> Stafford Loan </td> <td> Total <br/> (sum of 3 columns to <br/> the left) </td> </tr> <tr> <td> Initial 2016 cohort of first-time, full￾ <br/> time, bachelor's (or equivalent) <br/> degree-seeking undergraduate <br/> students </td> <td> 69 </td> <td> 140 </td> <td> 379 </td> <td> 588 </td> </tr> <tr> <td> Of the initial 2016 cohort, how many <br/> did not persist and did not graduate <br/> for the following reasons: <br/> • Deceased <br/> • Permanently Disabled <br/> • Armed Forces <br/> • Foreign Aid Service of the Federal <br/> Government <br/> • Official church missions <br/> • Report Total Allowable Exclusions </td> <td> 0 </td> <td> 0 </td> <td> 1 </td> <td> 1 </td> </tr> <tr> <td> Final 2016 cohort, after adjusting for <br/> allowable exclusions </td> <td> 69 </td> <td> 140 </td> <td> 378 </td> <td> 587 </td> </tr> <tr> <td> Of the initial 2015 cohort, how many <br/> completed the program in four years <br/> or less (by Aug. 31, 2020) </td> <td> 61 </td> <td> 124 </td> <td> 343 </td> <td> 528 </td> </tr> <tr> <td> Of the initial 2016 cohort, how many <br/> completed the program in more than <br/> four years but in five years or less <br/> (after Aug. 31, 2020 and by Aug. 31, <br/> 2021) </td> <td> 2 </td> <td> 2 </td> <td> 6 </td> <td> 10 </td> </tr> <tr> <td> Of the initial 2016 cohort, how many <br/> completed the program in more than <br/> five years but in six years or less <br/> (after Aug. 31, 2021 and by Aug. 31, <br/> 2022) </td> <td> 2 </td> <td> 1 </td> <td> 3 </td> <td> 6 </td> </tr> </table>",164580,../data/cds-docs/2022-2023/164580.pdf,2022-2023
B,12,B12,"Initial cohort, total of first-time, full-time degree/certificate-seeking students:","[[{0: '', 1: '2019 Cohort', 2: '2018 Cohort'}, {0: 'Initial cohort, total of first-time, full-time degree/certificate-seeking students:', 1: '', 2: ''}, {0: 'Of the initial cohort, how many did not persist and did not graduate for the following reasons:\n• • Death Permanently Disability\n• Service in the armed forces,\n• Foreign aid service of the federal government\n• Official church missions\n• Report total allowable exclusions', 1: '', 2: ''}, {0: 'Final cohort, after adjusting for allowable exclusions:', 1: '0', 2: '0'}, {0: 'Completers of programs of less than two years duration (total):', 1: '', 2: ''}, {0: 'Completers of programs of less than two years within 150 percent of normal time:', 1: '', 2: ''}, {0: 'Completers of programs of at least two but less than four years (total):', 1: '', 2: ''}]]","<table> <tr> <td> </td> <td> 2019 Cohort </td> <td> 2018 Cohort </td> </tr> <tr> <td> Initial cohort, total of first-time, full-time degree/certificate-seeking students: </td> <td> </td> <td> </td> </tr> <tr> <td> Of the initial cohort, how many did not persist and did not graduate for the following reasons: <br/> • • Death Permanently Disability <br/> • Service in the armed forces, <br/> • Foreign aid service of the federal government <br/> • Official church missions <br/> • Report total allowable exclusions </td> <td> </td> <td> </td> </tr> <tr> <td> Final cohort, after adjusting for allowable exclusions: </td> <td> 0 </td> <td> 0 </td> </tr> <tr> <td> Completers of programs of less than two years duration (total): </td> <td> </td> <td> </td> </tr> <tr> <td> Completers of programs of less than two years within 150 percent of normal time: </td> <td> </td> <td> </td> </tr> <tr> <td> Completers of programs of at least two but less than four years (total): </td> <td> </td> <td> </td> </tr> </table>",164580,../data/cds-docs/2022-2023/164580.pdf,2022-2023
C,1,C1,"First-time, first-year students: Provide the number of degree-seeking, first-time, first-year students who","[[{0: 'Total first-time, first-year men who applied', 1: '4790'}, {0: 'Total first-time, first-year women who applied', 1: '2817'}, {0: 'Total first-time, first-year of another gender who applied', 1: '0'}], [{0: 'Total first-time, first-year men who were admitted', 1: '884'}, {0: 'Total first-time, first-year women who were admitted', 1: '816'}, {0: 'Total first-time, first-year of another gender who were admitted', 1: '0'}], [{0: 'Total full-time, first-time, first-year men who enrolled', 1: '365'}, {0: 'Total part-time, first-time, first-year men who enrolled', 1: '0'}], [{0: 'Total full-time, first-time, first-year women who enrolled', 1: '291'}, {0: 'Total part-time, first-time, first-year women who enrolled', 1: '0'}], [{0: 'Total full-time, first-time, first-year of another gender who enrolled', 1: '0'}, {0: 'Total part-time, first-time, first-year of another gender who enrolled', 1: '0'}]]","<table> <tr> <td> Total first-time, first-year men who applied </td> <td> 4790 </td> </tr> <tr> <td> Total first-time, first-year women who applied </td> <td> 2817 </td> </tr> <tr> <td> Total first-time, first-year of another gender who applied </td> <td> 0 </td> </tr> </table><div class=""separator""></div><table> <tr> <td> Total first-time, first-year men who were admitted </td> <td> 884 </td> </tr> <tr> <td> Total first-time, first-year women who were admitted </td> <td> 816 </td> </tr> <tr> <td> Total first-time, first-year of another gender who were admitted </td> <td> 0 </td> </tr> </table><div class=""separator""></div><table> <tr> <td> Total full-time, first-time, first-year men who enrolled </td> <td> 365 </td> </tr> <tr> <td> Total part-time, first-time, first-year men who enrolled </td> <td> 0 </td> </tr> </table><div class=""separator""></div><table> <tr> <td> Total full-time, first-time, first-year women who enrolled </td> <td> 291 </td> </tr> <tr> <td> Total part-time, first-time, first-year women who enrolled </td> <td> 0 </td> </tr> </table><div class=""separator""></div><table> <tr> <td> Total full-time, first-time, first-year of another gender who enrolled </td> <td> 0 </td> </tr> <tr> <td> Total part-time, first-time, first-year of another gender who enrolled </td> <td> 0 </td> </tr> </table>",164580,../data/cds-docs/2022-2023/164580.pdf,2022-2023
C,2,C2,"First-time, first-year wait-listed students","[[{0: 'WAITING LIST', 1: 'TOTAL'}, {0: 'Number of qualified applicants offered a place on waiting list:', 1: '2699'}, {0: 'Number accepting a place on the waiting list:', 1: '1286'}, {0: 'Number of wait-listed students admitted:', 1: '0'}]]",<table> <tr> <td> WAITING LIST </td> <td> TOTAL </td> </tr> <tr> <td> Number of qualified applicants offered a place on waiting list: </td> <td> 2699 </td> </tr> <tr> <td> Number accepting a place on the waiting list: </td> <td> 1286 </td> </tr> <tr> <td> Number of wait-listed students admitted: </td> <td> 0 </td> </tr> </table>,164580,../data/cds-docs/2022-2023/164580.pdf,2022-2023
C,5,C5,Distribution of high school units required and/or recommended. Specify the distribution of academic,"[[{0: '', 1: 'Required', 2: 'Recommended'}, {0: 'Total academic units', 1: '15', 2: '19'}, {0: 'English', 1: '4', 2: '4'}, {0: 'Mathematics', 1: '4', 2: '4'}, {0: 'Science', 1: '3', 2: '3'}, {0: 'Of these, units that must be', 1: '', 2: ''}, {0: 'Foreign language', 1: '', 2: '4'}, {0: 'Social studies', 1: '4', 2: '4'}, {0: 'History', 1: '', 2: ''}, {0: 'Academic electives', 1: '', 2: ''}, {0: 'Computer Science', 1: '', 2: ''}, {0: 'Visual/Performing Arts', 1: '', 2: ''}, {0: 'Other (specify)', 1: '', 2: ''}]]","<table> <tr> <td> </td> <td> Required </td> <td> Recommended </td> </tr> <tr> <td> Total academic units </td> <td> 15 </td> <td> 19 </td> </tr> <tr> <td> English </td> <td> 4 </td> <td> 4 </td> </tr> <tr> <td> Mathematics </td> <td> 4 </td> <td> 4 </td> </tr> <tr> <td> Science </td> <td> 3 </td> <td> 3 </td> </tr> <tr> <td> Of these, units that must be </td> <td> </td> <td> </td> </tr> <tr> <td> Foreign language </td> <td> </td> <td> 4 </td> </tr> <tr> <td> Social studies </td> <td> 4 </td> <td> 4 </td> </tr> <tr> <td> History </td> <td> </td> <td> </td> </tr> <tr> <td> Academic electives </td> <td> </td> <td> </td> </tr> <tr> <td> Computer Science </td> <td> </td> <td> </td> </tr> <tr> <td> Visual/Performing Arts </td> <td> </td> <td> </td> </tr> <tr> <td> Other (specify) </td> <td> </td> <td> </td> </tr> </table>",164580,../data/cds-docs/2022-2023/164580.pdf,2022-2023
C,7,C7,"Relative importance of each of the following academic and nonacademic factors in your first-time,","[[{0: 'Very Important Important Considered Not Considered', 1: 'Very Important Important Considered Not Considered', 2: 'Very Important Important Considered Not Considered', 3: 'Very Important Important Considered Not Considered'}, {0: 'Academic', 1: 'Academic', 2: 'Academic', 3: 'Academic'}, {0: 'Rigor of secondary school record', 1: 'x', 2: '', 3: ''}, {0: 'Class rank', 1: 'x', 2: '', 3: ''}, {0: 'Academic GPA', 1: 'x', 2: '', 3: ''}, {0: 'Standardized test scores', 1: 'x', 2: '', 3: ''}, {0: 'Application Essay', 1: 'x', 2: '', 3: ''}, {0: 'Recommendation(s)', 1: 'x', 2: '', 3: ''}, {0: 'Nonacademic', 1: 'Nonacademic', 2: 'Nonacademic', 3: 'Nonacademic'}, {0: 'Interview', 1: '', 2: 'x', 3: ''}, {0: 'Extracurricular activities', 1: 'x', 2: '', 3: ''}, {0: 'Talent/ability', 1: '', 2: 'x', 3: ''}, {0: 'Character/personal qualities', 1: 'x', 2: '', 3: ''}, {0: 'First generation', 1: '', 2: 'x', 3: ''}, {0: 'Alumni/ae relation', 1: '', 2: 'x', 3: ''}, {0: 'Geographical residence', 1: '', 2: 'x', 3: ''}, {0: 'State residency', 1: '', 2: 'x', 3: ''}, {0: 'Religious affiliation/commitment', 1: '', 2: '', 3: 'x'}, {0: 'Racial/ethnic status', 1: '', 2: 'x', 3: ''}, {0: 'Volunteer work', 1: '', 2: 'x', 3: ''}, {0: 'Work experience', 1: '', 2: 'x', 3: ''}, {0: 'Level of applicant’s interest', 1: '', 2: 'x', 3: ''}]]","<table> <tr> <td colspan=""4""> Very Important Important Considered Not Considered </td> </tr> <tr> <td colspan=""4""> Academic </td> </tr> <tr> <td> Rigor of secondary school record </td> <td> x </td> <td> </td> <td> </td> </tr> <tr> <td> Class rank </td> <td> x </td> <td> </td> <td> </td> </tr> <tr> <td> Academic GPA </td> <td> x </td> <td> </td> <td> </td> </tr> <tr> <td> Standardized test scores </td> <td> x </td> <td> </td> <td> </td> </tr> <tr> <td> Application Essay </td> <td> x </td> <td> </td> <td> </td> </tr> <tr> <td> Recommendation(s) </td> <td> x </td> <td> </td> <td> </td> </tr> <tr> <td colspan=""4""> Nonacademic </td> </tr> <tr> <td> Interview </td> <td> </td> <td> x </td> <td> </td> </tr> <tr> <td> Extracurricular activities </td> <td> x </td> <td> </td> <td> </td> </tr> <tr> <td> Talent/ability </td> <td> </td> <td> x </td> <td> </td> </tr> <tr> <td> Character/personal qualities </td> <td> x </td> <td> </td> <td> </td> </tr> <tr> <td> First generation </td> <td> </td> <td> x </td> <td> </td> </tr> <tr> <td> Alumni/ae relation </td> <td> </td> <td> x </td> <td> </td> </tr> <tr> <td> Geographical residence </td> <td> </td> <td> x </td> <td> </td> </tr> <tr> <td> State residency </td> <td> </td> <td> x </td> <td> </td> </tr> <tr> <td> Religious affiliation/commitment </td> <td> </td> <td> </td> <td> x </td> </tr> <tr> <td> Racial/ethnic status </td> <td> </td> <td> x </td> <td> </td> </tr> <tr> <td> Volunteer work </td> <td> </td> <td> x </td> <td> </td> </tr> <tr> <td> Work experience </td> <td> </td> <td> x </td> <td> </td> </tr> <tr> <td> Level of applicant’s interest </td> <td> </td> <td> x </td> <td> </td> </tr> </table>",164580,../data/cds-docs/2022-2023/164580.pdf,2022-2023
C,8,C8,A,"[[{0: '', 1: 'ADMISSION', 2: 'ADMISSION', 3: 'ADMISSION', 4: 'ADMISSION', 5: 'ADMISSION'}, {0: '', 1: 'Require', 2: 'Recommend', 3: 'Require for Some', 4: 'Consider if\nSubmitted', 5: 'Considered Not'}, {0: 'SAT or ACT', 1: '', 2: '', 3: '', 4: 'x', 5: ''}, {0: 'ACT Only', 1: '', 2: '', 3: '', 4: '', 5: ''}, {0: 'SAT Only', 1: '', 2: '', 3: '', 4: '', 5: ''}]]","<table> <tr> <td rowspan=""2""> </td> <td colspan=""5""> ADMISSION </td> </tr> <tr> <td> Require </td> <td> Recommend </td> <td> Require for Some </td> <td> Consider if <br/> Submitted </td> <td> Considered Not </td> </tr> <tr> <td> SAT or ACT </td> <td> </td> <td> </td> <td> </td> <td> x </td> <td> </td> </tr> <tr> <td> ACT Only </td> <td> </td> <td> </td> <td> </td> <td> </td> <td> </td> </tr> <tr> <td> SAT Only </td> <td> </td> <td> </td> <td> </td> <td> </td> <td> </td> </tr> </table>",164580,../data/cds-docs/2022-2023/164580.pdf,2022-2023
C,10,C10,"Percent of all degree-seeking, first-time, first-year students who had high school class rank within","[[{0: 'Assessment', 1: 'Percent'}, {0: 'Percent in top tenth of high school graduating class', 1: ''}, {0: 'Percent in top quarter of high school graduating class', 1: ''}, {0: 'Percent in top half of high school graduating class', 1: ''}, {0: 'Percent in bottom half of high school graduating class', 1: ''}, {0: 'Percent in bottom quarter of high school graduating class', 1: ''}]]",<table> <tr> <td> Assessment </td> <td> Percent </td> </tr> <tr> <td> Percent in top tenth of high school graduating class </td> <td> </td> </tr> <tr> <td> Percent in top quarter of high school graduating class </td> <td> </td> </tr> <tr> <td> Percent in top half of high school graduating class </td> <td> </td> </tr> <tr> <td> Percent in bottom half of high school graduating class </td> <td> </td> </tr> <tr> <td> Percent in bottom quarter of high school graduating class </td> <td> </td> </tr> </table>,164580,../data/cds-docs/2022-2023/164580.pdf,2022-2023
C,11,C11,"Percentage of all enrolled, degree-seeking, first-time, first-year students who had high school grade-","[[{0: 'Score Range', 1: 'Percent'}, {0: 'Percent who had GPA of 4.0', 1: ''}, {0: 'Percent who had GPA between 3.75 and 3.99', 1: ''}, {0: 'Percent who had GPA between 3.50 and 3.74', 1: ''}, {0: 'Percent who had GPA between 3.25 and 3.49', 1: ''}, {0: 'Percent who had GPA between 3.00 and 3.24', 1: ''}, {0: 'Percent who had GPA between 2.50 and 2.99', 1: ''}, {0: 'Percent who had GPA between 2.0 and 2.49', 1: ''}, {0: 'Percent who had GPA between 1.0 and 1.99', 1: ''}, {0: 'Percent who had GPA below 1.0', 1: ''}, {0: 'Totals should = 100%', 1: '0.00%'}]]",<table> <tr> <td> Score Range </td> <td> Percent </td> </tr> <tr> <td> Percent who had GPA of 4.0 </td> <td> </td> </tr> <tr> <td> Percent who had GPA between 3.75 and 3.99 </td> <td> </td> </tr> <tr> <td> Percent who had GPA between 3.50 and 3.74 </td> <td> </td> </tr> <tr> <td> Percent who had GPA between 3.25 and 3.49 </td> <td> </td> </tr> <tr> <td> Percent who had GPA between 3.00 and 3.24 </td> <td> </td> </tr> <tr> <td> Percent who had GPA between 2.50 and 2.99 </td> <td> </td> </tr> <tr> <td> Percent who had GPA between 2.0 and 2.49 </td> <td> </td> </tr> <tr> <td> Percent who had GPA between 1.0 and 1.99 </td> <td> </td> </tr> <tr> <td> Percent who had GPA below 1.0 </td> <td> </td> </tr> <tr> <td> Totals should = 100% </td> <td> 0.00% </td> </tr> </table>,164580,../data/cds-docs/2022-2023/164580.pdf,2022-2023
C,14,C14,Application closing date,"[[{0: '', 1: 'Date'}, {0: 'Application closing date (fall)', 1: '1/2'}, {0: 'Priority Date', 1: '11/1'}]]",<table> <tr> <td> </td> <td> Date </td> </tr> <tr> <td> Application closing date (fall) </td> <td> 1/2 </td> </tr> <tr> <td> Priority Date </td> <td> 11/1 </td> </tr> </table>,164580,../data/cds-docs/2022-2023/164580.pdf,2022-2023
D,2,D2,"Provide the number of students who applied, were admitted, and enrolled as degree-seeking transfer","[[{0: '', 1: 'Applicants', 2: 'Admitted', 3: 'Enrolled'}, {0: 'Men', 1: '255', 2: '46', 3: '22'}, {0: 'Women', 1: '127', 2: '44', 3: '18'}, {0: 'Another Gender', 1: '0', 2: '0', 3: '0'}, {0: 'Total', 1: '382', 2: '90', 3: '40'}]]",<table> <tr> <td> </td> <td> Applicants </td> <td> Admitted </td> <td> Enrolled </td> </tr> <tr> <td> Men </td> <td> 255 </td> <td> 46 </td> <td> 22 </td> </tr> <tr> <td> Women </td> <td> 127 </td> <td> 44 </td> <td> 18 </td> </tr> <tr> <td> Another Gender </td> <td> 0 </td> <td> 0 </td> <td> 0 </td> </tr> <tr> <td> Total </td> <td> 382 </td> <td> 90 </td> <td> 40 </td> </tr> </table>,164580,../data/cds-docs/2022-2023/164580.pdf,2022-2023
D,9,D9,Rolling,"[[{0: '', 1: 'Priority Date', 2: 'Closing Date', 3: 'Notification Date', 4: 'Reply Date', 5: 'Rolling\nAdmission'}, {0: 'Fall', 1: '5/15', 2: '3/15', 3: '5/1', 4: '6/1', 5: ''}, {0: 'Winter', 1: '', 2: '', 3: '', 4: '', 5: ''}, {0: 'Spring', 1: '10/15', 2: '10/15', 3: '11/30', 4: '1/1', 5: ''}, {0: 'Summer', 1: '', 2: '', 3: '', 4: '', 5: ''}]]",<table> <tr> <td> </td> <td> Priority Date </td> <td> Closing Date </td> <td> Notification Date </td> <td> Reply Date </td> <td> Rolling <br/> Admission </td> </tr> <tr> <td> Fall </td> <td> 5/15 </td> <td> 3/15 </td> <td> 5/1 </td> <td> 6/1 </td> <td> </td> </tr> <tr> <td> Winter </td> <td> </td> <td> </td> <td> </td> <td> </td> <td> </td> </tr> <tr> <td> Spring </td> <td> 10/15 </td> <td> 10/15 </td> <td> 11/30 </td> <td> 1/1 </td> <td> </td> </tr> <tr> <td> Summer </td> <td> </td> <td> </td> <td> </td> <td> </td> <td> </td> </tr> </table>,164580,../data/cds-docs/2022-2023/164580.pdf,2022-2023
F,1,F1,"Percentages of first-time, first-year degree-seeking students and degree-seeking","[[{0: '', 1: 'First-time, first\ufffe\nyear students', 2: 'Undergraduate\ns'}, {0: 'Percent who are from out of state (exclude\ninternational/nonresidents from the numerator and\ndenominator)', 1: '83%', 2: '76%'}, {0: 'Percent of men who join fraternities', 1: '0%', 2: '17%'}, {0: 'Percent of women who join sororities', 1: '0%', 2: '24%'}, {0: 'Percent who live in college-owned, -operated, or -\naffiliated housing', 1: '100%', 2: '77%'}, {0: 'Percent who live off campus or commute', 1: '0%', 2: '23%'}, {0: 'Percent of students age 25 and older', 1: '0%', 2: '0%'}, {0: 'Average age of full-time students', 1: '18', 2: '20'}, {0: 'Average age of all students (full- and part-time)', 1: '18', 2: '20'}]]","<table> <tr> <td> </td> <td> First-time, first￾ <br/> year students </td> <td> Undergraduate <br/> s </td> </tr> <tr> <td> Percent who are from out of state (exclude <br/> international/nonresidents from the numerator and <br/> denominator) </td> <td> 83% </td> <td> 76% </td> </tr> <tr> <td> Percent of men who join fraternities </td> <td> 0% </td> <td> 17% </td> </tr> <tr> <td> Percent of women who join sororities </td> <td> 0% </td> <td> 24% </td> </tr> <tr> <td> Percent who live in college-owned, -operated, or - <br/> affiliated housing </td> <td> 100% </td> <td> 77% </td> </tr> <tr> <td> Percent who live off campus or commute </td> <td> 0% </td> <td> 23% </td> </tr> <tr> <td> Percent of students age 25 and older </td> <td> 0% </td> <td> 0% </td> </tr> <tr> <td> Average age of full-time students </td> <td> 18 </td> <td> 20 </td> </tr> <tr> <td> Average age of all students (full- and part-time) </td> <td> 18 </td> <td> 20 </td> </tr> </table>",164580,../data/cds-docs/2022-2023/164580.pdf,2022-2023
F,3,F3,ROTC (program offered in cooperation with Reserve Officers' Training Corps),"[[{0: '', 1: 'Marine Option\n(for Naval ROTC)', 2: 'On Campus', 3: 'At Cooperating Institution', 4: 'Name of\nCooperating\nInstitution'}, {0: 'Army ROTC is offered:', 1: '', 2: '', 3: 'x', 4: 'Boston\nUniversity'}, {0: 'Naval ROTC is offered:', 1: '', 2: '', 3: '', 4: ''}, {0: 'Air Force ROTC is offered:', 1: '', 2: '', 3: '', 4: ''}]]",<table> <tr> <td> </td> <td> Marine Option <br/> (for Naval ROTC) </td> <td> On Campus </td> <td> At Cooperating Institution </td> <td> Name of <br/> Cooperating <br/> Institution </td> </tr> <tr> <td> Army ROTC is offered: </td> <td> </td> <td> </td> <td> x </td> <td> Boston <br/> University </td> </tr> <tr> <td> Naval ROTC is offered: </td> <td> </td> <td> </td> <td> </td> <td> </td> </tr> <tr> <td> Air Force ROTC is offered: </td> <td> </td> <td> </td> <td> </td> <td> </td> </tr> </table>,164580,../data/cds-docs/2022-2023/164580.pdf,2022-2023
G,1,G1,First-Year Undergraduates,"[[{0: '', 1: 'First-Year', 2: 'Undergraduates'}, {0: 'PRIVATE INSTITUTIONS', 1: '', 2: ''}, {0: 'Tuition:', 1: '$56,032', 2: '$56,032'}, {0: 'PUBLIC INSTITUTIONS', 1: '', 2: ''}, {0: 'Tuition: In-district', 1: '', 2: ''}, {0: 'Tuition: In-state (out-of-district):', 1: '', 2: ''}, {0: 'Tuition: Out-of-state:', 1: '', 2: ''}, {0: 'Tuition: Non-resident', 1: '', 2: ''}, {0: 'FOR ALL INSTITUTIONS', 1: 'FOR ALL INSTITUTIONS', 2: 'FOR ALL INSTITUTIONS'}, {0: 'Required Fees', 1: '$0', 2: '$0'}, {0: 'Room and Board (on-campus):', 1: '$19,732', 2: '$19,732'}, {0: 'Room Only (on-campus):', 1: '$12,660', 2: '$12,660'}, {0: 'Board Only (on-campus meal plan):', 1: '$7,072', 2: '$7,072'}]]","<table> <tr> <td> </td> <td> First-Year </td> <td> Undergraduates </td> </tr> <tr> <td> PRIVATE INSTITUTIONS </td> <td> </td> <td> </td> </tr> <tr> <td> Tuition: </td> <td> $56,032 </td> <td> $56,032 </td> </tr> <tr> <td> PUBLIC INSTITUTIONS </td> <td> </td> <td> </td> </tr> <tr> <td> Tuition: In-district </td> <td> </td> <td> </td> </tr> <tr> <td> Tuition: In-state (out-of-district): </td> <td> </td> <td> </td> </tr> <tr> <td> Tuition: Out-of-state: </td> <td> </td> <td> </td> </tr> <tr> <td> Tuition: Non-resident </td> <td> </td> <td> </td> </tr> <tr> <td colspan=""3""> FOR ALL INSTITUTIONS </td> </tr> <tr> <td> Required Fees </td> <td> $0 </td> <td> $0 </td> </tr> <tr> <td> Room and Board (on-campus): </td> <td> $19,732 </td> <td> $19,732 </td> </tr> <tr> <td> Room Only (on-campus): </td> <td> $12,660 </td> <td> $12,660 </td> </tr> <tr> <td> Board Only (on-campus meal plan): </td> <td> $7,072 </td> <td> $7,072 </td> </tr> </table>",164580,../data/cds-docs/2022-2023/164580.pdf,2022-2023
G,5,G5,Provide the estimated expenses for a typical full-time undergraduate student:,"[[{0: '', 1: 'Residents', 2: 'Commuters\n(living at home)', 3: 'Commuters\n(not living at home)'}, {0: 'Books and supplies:', 1: '$1,292', 2: '$1,292', 3: '$1,292'}, {0: 'Room only:', 1: '', 2: '', 3: '$12,660'}, {0: 'Board only:', 1: '', 2: '$6,364', 3: '$7,072'}, {0: 'Room and board total*', 1: '', 2: '', 3: ''}, {0: 'Transportation:', 1: '$1,000', 2: '$2,241', 3: '$2,241'}, {0: 'Other expenses:', 1: '$2,132', 2: '$2,132', 3: '$2,132'}]]","<table> <tr> <td> </td> <td> Residents </td> <td> Commuters <br/> (living at home) </td> <td> Commuters <br/> (not living at home) </td> </tr> <tr> <td> Books and supplies: </td> <td> $1,292 </td> <td> $1,292 </td> <td> $1,292 </td> </tr> <tr> <td> Room only: </td> <td> </td> <td> </td> <td> $12,660 </td> </tr> <tr> <td> Board only: </td> <td> </td> <td> $6,364 </td> <td> $7,072 </td> </tr> <tr> <td> Room and board total* </td> <td> </td> <td> </td> <td> </td> </tr> <tr> <td> Transportation: </td> <td> $1,000 </td> <td> $2,241 </td> <td> $2,241 </td> </tr> <tr> <td> Other expenses: </td> <td> $2,132 </td> <td> $2,132 </td> <td> $2,132 </td> </tr> </table>",164580,../data/cds-docs/2022-2023/164580.pdf,2022-2023
H,2,H2,Number of Enrolled Students Awarded Aid: List the number of degree-seeking full-time and less-than-,"[[{0: '', 1: '', 2: 'Full-time\nFirst-time\nFirst-year', 3: 'Full-time\nUndergrad\n(Incl. Fresh)', 4: 'Less Full-time Than\nUndergrad'}, {0: 'A', 1: 'Number of degree-seeking undergraduate students\n(CDS Item B1 if reporting on Fall 2022 cohort)', 2: '656', 3: '2709', 4: ''}, {0: 'B', 1: 'Number of students in line a who applied for need\ufffe\nbased financial aid', 2: '324', 3: '1162', 4: ''}, {0: 'C', 1: 'Number of students in line b who were determined to\nhave financial need', 2: '230', 3: '986', 4: ''}, {0: 'D', 1: 'Number of students in line c who were awarded any\nfinancial aid', 2: '230', 3: '965', 4: ''}, {0: 'E', 1: 'Number of students in line d who were awarded any\nneed-based scholarship or grant aid', 2: '209', 3: '944', 4: ''}, {0: 'F', 1: 'Number of students in line d who were awarded any\nneed-based self-help aid', 2: '203', 3: '810', 4: ''}, {0: 'G', 1: 'Number of students in line d who were awarded any\nnon-need-based scholarship or grant aid', 2: '24', 3: '97', 4: ''}, {0: 'H', 1: 'Number of students in line d whose need was fully met\n(exclude PLUS loans, unsubsidized loans, and private\nalternative loans)', 2: '230', 3: '926', 4: ''}, {0: 'I', 1: 'On average, the percentage of need that was met of\nstudents who were awarded any need-based aid.\nExclude any aid that was awarded in excess of need as\nwell as any resources that were awarded to replace\nEFC (PLUS loans, unsubsidized loans, and private\nalternative loans)', 2: '100%', 3: '96%', 4: ''}, {0: 'J', 1: 'The average financial aid package of those in line d.\nExclude any resources that were awarded to replace\nEFC (PLUS loans, unsubsidized loans, and private\nalternative loans)', 2: '$ 49,117', 3: '$ 50,196', 4: ''}], [{0: '', 1: '', 2: 'Full-time\nFirst-time\nFirst-year', 3: 'Full-time\nUndergrad\n(Incl. Fresh.)', 4: 'Less Full-time Than\nUndergrad'}, {0: 'N', 1: 'Number of students in line a who had no financial need\nand who were awarded institutional non-need-based\nscholarship or grant aid (exclude those who were\nawarded athletic awards and tuition benefits)', 2: '24', 3: '147', 4: ''}, {0: 'O', 1: 'Average dollar amount of institutional non-need-based\nscholarship and grant aid awarded to students in line n', 2: '$ 28,044', 3: '$ 23,148', 4: ''}, {0: 'P', 1: 'Number of students in line a who were awarded an\ninstitutional non-need-based athletic scholarship or\ngrant', 2: '0', 3: '0', 4: ''}, {0: 'Q', 1: 'Average dollar amount of institutional non-need-based\nathletic scholarships and grants awarded to students in\nline p', 2: '$ 0', 3: '$ 0', 4: ''}]]","<table> <tr> <td> </td> <td> </td> <td> Full-time <br/> First-time <br/> First-year </td> <td> Full-time <br/> Undergrad <br/> (Incl. Fresh) </td> <td> Less Full-time Than <br/> Undergrad </td> </tr> <tr> <td> A </td> <td> Number of degree-seeking undergraduate students <br/> (CDS Item B1 if reporting on Fall 2022 cohort) </td> <td> 656 </td> <td> 2709 </td> <td> </td> </tr> <tr> <td> B </td> <td> Number of students in line a who applied for need￾ <br/> based financial aid </td> <td> 324 </td> <td> 1162 </td> <td> </td> </tr> <tr> <td> C </td> <td> Number of students in line b who were determined to <br/> have financial need </td> <td> 230 </td> <td> 986 </td> <td> </td> </tr> <tr> <td> D </td> <td> Number of students in line c who were awarded any <br/> financial aid </td> <td> 230 </td> <td> 965 </td> <td> </td> </tr> <tr> <td> E </td> <td> Number of students in line d who were awarded any <br/> need-based scholarship or grant aid </td> <td> 209 </td> <td> 944 </td> <td> </td> </tr> <tr> <td> F </td> <td> Number of students in line d who were awarded any <br/> need-based self-help aid </td> <td> 203 </td> <td> 810 </td> <td> </td> </tr> <tr> <td> G </td> <td> Number of students in line d who were awarded any <br/> non-need-based scholarship or grant aid </td> <td> 24 </td> <td> 97 </td> <td> </td> </tr> <tr> <td> H </td> <td> Number of students in line d whose need was fully met <br/> (exclude PLUS loans, unsubsidized loans, and private <br/> alternative loans) </td> <td> 230 </td> <td> 926 </td> <td> </td> </tr> <tr> <td> I </td> <td> On average, the percentage of need that was met of <br/> students who were awarded any need-based aid. <br/> Exclude any aid that was awarded in excess of need as <br/> well as any resources that were awarded to replace <br/> EFC (PLUS loans, unsubsidized loans, and private <br/> alternative loans) </td> <td> 100% </td> <td> 96% </td> <td> </td> </tr> <tr> <td> J </td> <td> The average financial aid package of those in line d. <br/> Exclude any resources that were awarded to replace <br/> EFC (PLUS loans, unsubsidized loans, and private <br/> alternative loans) </td> <td> $ 49,117 </td> <td> $ 50,196 </td> <td> </td> </tr> </table><div class=""separator""></div><table> <tr> <td> </td> <td> </td> <td> Full-time <br/> First-time <br/> First-year </td> <td> Full-time <br/> Undergrad <br/> (Incl. Fresh.) </td> <td> Less Full-time Than <br/> Undergrad </td> </tr> <tr> <td> N </td> <td> Number of students in line a who had no financial need <br/> and who were awarded institutional non-need-based <br/> scholarship or grant aid (exclude those who were <br/> awarded athletic awards and tuition benefits) </td> <td> 24 </td> <td> 147 </td> <td> </td> </tr> <tr> <td> O </td> <td> Average dollar amount of institutional non-need-based <br/> scholarship and grant aid awarded to students in line n </td> <td> $ 28,044 </td> <td> $ 23,148 </td> <td> </td> </tr> <tr> <td> P </td> <td> Number of students in line a who were awarded an <br/> institutional non-need-based athletic scholarship or <br/> grant </td> <td> 0 </td> <td> 0 </td> <td> </td> </tr> <tr> <td> Q </td> <td> Average dollar amount of institutional non-need-based <br/> athletic scholarships and grants awarded to students in <br/> line p </td> <td> $ 0 </td> <td> $ 0 </td> <td> </td> </tr> </table>",164580,../data/cds-docs/2022-2023/164580.pdf,2022-2023
H,11,H11,Indicate reply dates:,"[[{0: 'Students must reply by (date):', 1: '5/1'}, {0: 'or within _______ weeks of notification.', 1: ''}]]",<table> <tr> <td> Students must reply by (date): </td> <td> 5/1 </td> </tr> <tr> <td> or within _______ weeks of notification. </td> <td> </td> </tr> </table>,164580,../data/cds-docs/2022-2023/164580.pdf,2022-2023
H,14,H14,Check off criteria used in awarding institutional aid. Check all that apply.,"[[{0: '', 1: 'Non-Need Based', 2: 'Need-Based'}, {0: 'Academics', 1: 'x', 2: ''}, {0: 'Alumni affiliation', 1: '', 2: ''}, {0: 'Art', 1: '', 2: ''}, {0: 'Athletics', 1: '', 2: ''}, {0: 'Job skills', 1: '', 2: ''}, {0: 'ROTC', 1: '', 2: ''}, {0: 'Leadership', 1: 'x', 2: ''}, {0: 'Minority status', 1: '', 2: ''}, {0: 'Music/drama', 1: '', 2: ''}, {0: 'Religious affiliation', 1: '', 2: ''}, {0: 'State/district residency', 1: '', 2: ''}]]",<table> <tr> <td> </td> <td> Non-Need Based </td> <td> Need-Based </td> </tr> <tr> <td> Academics </td> <td> x </td> <td> </td> </tr> <tr> <td> Alumni affiliation </td> <td> </td> <td> </td> </tr> <tr> <td> Art </td> <td> </td> <td> </td> </tr> <tr> <td> Athletics </td> <td> </td> <td> </td> </tr> <tr> <td> Job skills </td> <td> </td> <td> </td> </tr> <tr> <td> ROTC </td> <td> </td> <td> </td> </tr> <tr> <td> Leadership </td> <td> x </td> <td> </td> </tr> <tr> <td> Minority status </td> <td> </td> <td> </td> </tr> <tr> <td> Music/drama </td> <td> </td> <td> </td> </tr> <tr> <td> Religious affiliation </td> <td> </td> <td> </td> </tr> <tr> <td> State/district residency </td> <td> </td> <td> </td> </tr> </table>,164580,../data/cds-docs/2022-2023/164580.pdf,2022-2023
J,1,J1,"Degrees conferred between July 1, 2021 and June 30, 2022","[[{0: 'Category', 1: 'Category', 2: 'Category', 3: 'Diploma/Certificates', 4: 'Associate', 5: 'Bachelor’s', 6: 'CIP 2020 Categories\nto Include'}, {0: 'Agriculture', 1: 'Agriculture', 2: 'Agriculture', 3: '', 4: '', 5: '', 6: '01'}, {0: 'Natural resources and conservation', 1: 'Natural resources and conservation', 2: 'Natural resources and conservation', 3: '', 4: '', 5: '', 6: '03'}, {0: 'Architecture', 1: 'Architecture', 2: 'Architecture', 3: '', 4: '', 5: '', 6: '04'}, {0: 'Area, ethnic, and gender studies', 1: 'Area, ethnic, and gender studies', 2: 'Area, ethnic, and gender studies', 3: '', 4: '', 5: '', 6: '05'}, {0: 'Communication/journalism', 1: 'Communication/journalism', 2: 'Communication/journalism', 3: '', 4: '', 5: '', 6: '09'}, {0: 'Communication technologies', 1: 'Communication technologies', 2: 'Communication technologies', 3: '', 4: '', 5: '', 6: '10'}, {0: 'Computer and information sciences', 1: 'Computer and information sciences', 2: 'Computer and information sciences', 3: '', 4: '', 5: '', 6: '11'}, {0: 'Personal and culinary services', 1: 'Personal and culinary services', 2: 'Personal and culinary services', 3: '', 4: '', 5: '', 6: '12'}, {0: 'Education', 1: 'Education', 2: 'Education', 3: '', 4: '', 5: '', 6: '13'}, {0: '', 1: 'Engineering', 2: 'Engineering', 3: '', 4: '', 5: '', 6: '14'}, {0: '', 1: 'Engineering technologies', 2: 'Engineering technologies', 3: '', 4: '', 5: '', 6: '15'}, {0: 'Foreign languages, literatures, and linguistics', 1: 'Foreign languages, literatures, and linguistics', 2: 'Foreign languages, literatures, and linguistics', 3: '', 4: '', 5: '', 6: '16'}, {0: 'Family and consumer sciences', 1: 'Family and consumer sciences', 2: 'Family and consumer sciences', 3: '', 4: '', 5: '', 6: '19'}, {0: 'Law/legal studies', 1: 'Law/legal studies', 2: 'Law/legal studies', 3: '', 4: '', 5: '', 6: '22'}, {0: 'English', 1: 'English', 2: 'English', 3: '', 4: '', 5: '', 6: '23'}, {0: 'Liberal arts/general studies', 1: 'Liberal arts/general studies', 2: 'Liberal arts/general studies', 3: '', 4: '', 5: '', 6: '24'}, {0: 'Library science', 1: 'Library science', 2: 'Library science', 3: '', 4: '', 5: '', 6: '25'}, {0: '', 1: '', 2: 'sciences', 3: '', 4: '', 5: '', 6: '26'}, {0: 'Mathematics and statistics', 1: 'Mathematics and statistics', 2: 'Mathematics and statistics', 3: '', 4: '', 5: '', 6: '27'}, {0: 'Military science and military technologies', 1: 'Military science and military technologies', 2: 'Military science and military technologies', 3: '', 4: '', 5: '', 6: '28 & 29'}, {0: 'Interdisciplinary studies', 1: 'Interdisciplinary studies', 2: 'Interdisciplinary studies', 3: '', 4: '', 5: '', 6: '30'}, {0: 'Parks and recreation', 1: 'Parks and recreation', 2: 'Parks and recreation', 3: '', 4: '', 5: '', 6: '31'}, {0: 'Philosophy and religious studies', 1: 'Philosophy and religious studies', 2: 'Philosophy and religious studies', 3: '', 4: '', 5: '', 6: '38'}, {0: 'Theology and religious vocations', 1: 'Theology and religious vocations', 2: 'Theology and religious vocations', 3: '', 4: '', 5: '', 6: '39'}, {0: 'Physical sciences', 1: 'Physical sciences', 2: 'Physical sciences', 3: '', 4: '', 5: '', 6: '40'}, {0: 'Science technologies', 1: 'Science technologies', 2: 'Science technologies', 3: '', 4: '', 5: '', 6: '41'}, {0: 'Psychology', 1: 'Psychology', 2: 'Psychology', 3: '', 4: '', 5: '', 6: '42'}, {0: 'Homeland Security, law enforcement, firefighting,', 1: 'Homeland Security, law enforcement, firefighting,', 2: 'Homeland Security, law enforcement, firefighting,', 3: '', 4: '', 5: '', 6: '43'}, {0: 'Public administration and social services', 1: 'Public administration and social services', 2: 'Public administration and social services', 3: '', 4: '', 5: '', 6: '44'}, {0: 'Social sciences', 1: 'Social sciences', 2: 'Social sciences', 3: '', 4: '', 5: '', 6: '45'}, {0: 'Construction trades', 1: 'Construction trades', 2: 'Construction trades', 3: '', 4: '', 5: '', 6: '46'}, {0: 'Mechanic and repair technologies', 1: 'Mechanic and repair technologies', 2: 'Mechanic and repair technologies', 3: '', 4: '', 5: '', 6: '47'}, {0: 'Precision production', 1: 'Precision production', 2: 'Precision production', 3: '', 4: '', 5: '', 6: '48'}, {0: 'Transportation and materials moving', 1: 'Transportation and materials moving', 2: 'Transportation and materials moving', 3: '', 4: '', 5: '', 6: '49'}, {0: 'Visual and performing arts', 1: 'Visual and performing arts', 2: 'Visual and performing arts', 3: '', 4: '', 5: '', 6: '50'}, {0: 'Health professions and related programs', 1: 'Health professions and related programs', 2: 'Health professions and related programs', 3: '', 4: '', 5: '', 6: '51'}, {0: 'Business/marketing', 1: 'Business/marketing', 2: 'Business/marketing', 3: '', 4: '', 5: '100%', 6: '52'}, {0: 'History', 1: 'History', 2: 'History', 3: '', 4: '', 5: '', 6: '54'}, {0: 'Other', 1: 'Other', 2: 'Other', 3: '', 4: '', 5: '', 6: ''}, {0: 'TOTAL (should = 100%)', 1: 'TOTAL (should = 100%)', 2: 'TOTAL (should = 100%)', 3: '0.00%', 4: '0.00%', 5: '100.00%', 6: ''}]]","<table> <tr> <td colspan=""3""> Category </td> <td> Diploma/Certificates </td> <td> Associate </td> <td> Bachelor’s </td> <td> CIP 2020 Categories <br/> to Include </td> </tr> <tr> <td colspan=""3""> Agriculture </td> <td> </td> <td> </td> <td> </td> <td> 01 </td> </tr> <tr> <td colspan=""3""> Natural resources and conservation </td> <td> </td> <td> </td> <td> </td> <td> 03 </td> </tr> <tr> <td colspan=""3""> Architecture </td> <td> </td> <td> </td> <td> </td> <td> 04 </td> </tr> <tr> <td colspan=""3""> Area, ethnic, and gender studies </td> <td> </td> <td> </td> <td> </td> <td> 05 </td> </tr> <tr> <td colspan=""3""> Communication/journalism </td> <td> </td> <td> </td> <td> </td> <td> 09 </td> </tr> <tr> <td colspan=""3""> Communication technologies </td> <td> </td> <td> </td> <td> </td> <td> 10 </td> </tr> <tr> <td colspan=""3""> Computer and information sciences </td> <td> </td> <td> </td> <td> </td> <td> 11 </td> </tr> <tr> <td colspan=""3""> Personal and culinary services </td> <td> </td> <td> </td> <td> </td> <td> 12 </td> </tr> <tr> <td colspan=""3""> Education </td> <td> </td> <td> </td> <td> </td> <td> 13 </td> </tr> <tr> <td> </td> <td colspan=""2""> Engineering </td> <td> </td> <td> </td> <td> </td> <td> 14 </td> </tr> <tr> <td> </td> <td colspan=""2""> Engineering technologies </td> <td> </td> <td> </td> <td> </td> <td> 15 </td> </tr> <tr> <td colspan=""3""> Foreign languages, literatures, and linguistics </td> <td> </td> <td> </td> <td> </td> <td> 16 </td> </tr> <tr> <td colspan=""3""> Family and consumer sciences </td> <td> </td> <td> </td> <td> </td> <td> 19 </td> </tr> <tr> <td colspan=""3""> Law/legal studies </td> <td> </td> <td> </td> <td> </td> <td> 22 </td> </tr> <tr> <td colspan=""3""> English </td> <td> </td> <td> </td> <td> </td> <td> 23 </td> </tr> <tr> <td colspan=""3""> Liberal arts/general studies </td> <td> </td> <td> </td> <td> </td> <td> 24 </td> </tr> <tr> <td colspan=""3""> Library science </td> <td> </td> <td> </td> <td> </td> <td> 25 </td> </tr> <tr> <td colspan=""2""> </td> <td> sciences </td> <td> </td> <td> </td> <td> </td> <td> 26 </td> </tr> <tr> <td colspan=""3""> Mathematics and statistics </td> <td> </td> <td> </td> <td> </td> <td> 27 </td> </tr> <tr> <td colspan=""3""> Military science and military technologies </td> <td> </td> <td> </td> <td> </td> <td> 28 &amp; 29 </td> </tr> <tr> <td colspan=""3""> Interdisciplinary studies </td> <td> </td> <td> </td> <td> </td> <td> 30 </td> </tr> <tr> <td colspan=""3""> Parks and recreation </td> <td> </td> <td> </td> <td> </td> <td> 31 </td> </tr> <tr> <td colspan=""3""> Philosophy and religious studies </td> <td> </td> <td> </td> <td> </td> <td> 38 </td> </tr> <tr> <td colspan=""3""> Theology and religious vocations </td> <td> </td> <td> </td> <td> </td> <td> 39 </td> </tr> <tr> <td colspan=""3""> Physical sciences </td> <td> </td> <td> </td> <td> </td> <td> 40 </td> </tr> <tr> <td colspan=""3""> Science technologies </td> <td> </td> <td> </td> <td> </td> <td> 41 </td> </tr> <tr> <td colspan=""3""> Psychology </td> <td> </td> <td> </td> <td> </td> <td> 42 </td> </tr> <tr> <td colspan=""3""> Homeland Security, law enforcement, firefighting, </td> <td> </td> <td> </td> <td> </td> <td> 43 </td> </tr> <tr> <td colspan=""3""> Public administration and social services </td> <td> </td> <td> </td> <td> </td> <td> 44 </td> </tr> <tr> <td colspan=""3""> Social sciences </td> <td> </td> <td> </td> <td> </td> <td> 45 </td> </tr> <tr> <td colspan=""3""> Construction trades </td> <td> </td> <td> </td> <td> </td> <td> 46 </td> </tr> <tr> <td colspan=""3""> Mechanic and repair technologies </td> <td> </td> <td> </td> <td> </td> <td> 47 </td> </tr> <tr> <td colspan=""3""> Precision production </td> <td> </td> <td> </td> <td> </td> <td> 48 </td> </tr> <tr> <td colspan=""3""> Transportation and materials moving </td> <td> </td> <td> </td> <td> </td> <td> 49 </td> </tr> <tr> <td colspan=""3""> Visual and performing arts </td> <td> </td> <td> </td> <td> </td> <td> 50 </td> </tr> <tr> <td colspan=""3""> Health professions and related programs </td> <td> </td> <td> </td> <td> </td> <td> 51 </td> </tr> <tr> <td colspan=""3""> Business/marketing </td> <td> </td> <td> </td> <td> 100% </td> <td> 52 </td> </tr> <tr> <td colspan=""3""> History </td> <td> </td> <td> </td> <td> </td> <td> 54 </td> </tr> <tr> <td colspan=""3""> Other </td> <td> </td> <td> </td> <td> </td> <td> </td> </tr> <tr> <td colspan=""3""> TOTAL (should = 100%) </td> <td> 0.00% </td> <td> 0.00% </td> <td> 100.00% </td> <td> </td> </tr> </table>",164580,../data/cds-docs/2022-2023/164580.pdf,2022-2023
