section,table_num,table_code,table_title,table_records,table_html,unitid,file,year
A,0,A0,Respondent Information,"[[{0: 'Name:', 1: 'Melissa Leahy'}, {0: 'Title:', 1: 'Director of Institutional Research'}, {0: 'Office:', 1: 'Office of Strategic Initiatives & University Analytics'}, {0: 'Mailing Address:', 1: '100 Institute Road\nWorcester, MA 01609\nUSA'}, {0: 'Phone:', 1: ''}, {0: 'Fax:', 1: ''}, {0: 'Email:', 1: 'mml@wpi.edu'}]]","<table> <tr> <td> Name: </td> <td> Melissa Leahy </td> </tr> <tr> <td> Title: </td> <td> Director of Institutional Research </td> </tr> <tr> <td> Office: </td> <td> Office of Strategic Initiatives &amp; University Analytics </td> </tr> <tr> <td> Mailing Address: </td> <td> 100 Institute Road <br/> Worcester, MA 01609 <br/> USA </td> </tr> <tr> <td> Phone: </td> <td> </td> </tr> <tr> <td> Fax: </td> <td> </td> </tr> <tr> <td> Email: </td> <td> mml@wpi.edu </td> </tr> </table>",168421,../data/cds-docs/2024-2025/168421.pdf,2024-2025
A,1,A1,Address Information,"[[{0: 'Name of College/University:', 1: 'Worcester Polytechnic Institute'}, {0: 'Address:', 1: '100 Institute Road\nWorcester, MA 01609\nUSA'}, {0: 'Main Phone:', 1: '508-831-5000'}, {0: 'Homepage:', 1: 'https://www.wpi.edu/'}, {0: 'Admissions Address:', 1: 'Admissions Office\nBartlett Center\n100 Institute Road\nWorcester, MA 01609\nUSA'}, {0: 'Admissions Phone:', 1: '508-831-5286'}, {0: 'Admissions Fax:', 1: '508-831-5875'}, {0: 'Admissions Email:', 1: 'admissions@wpi.edu'}, {0: 'Online Application:', 1: 'https://www.wpi.edu/admissions/undergraduate/apply'}]]","<table> <tr> <td> Name of College/University: </td> <td> Worcester Polytechnic Institute </td> </tr> <tr> <td> Address: </td> <td> 100 Institute Road <br/> Worcester, MA 01609 <br/> USA </td> </tr> <tr> <td> Main Phone: </td> <td> 508-831-5000 </td> </tr> <tr> <td> Homepage: </td> <td> https://www.wpi.edu/ </td> </tr> <tr> <td> Admissions Address: </td> <td> Admissions Office <br/> Bartlett Center <br/> 100 Institute Road <br/> Worcester, MA 01609 <br/> USA </td> </tr> <tr> <td> Admissions Phone: </td> <td> 508-831-5286 </td> </tr> <tr> <td> Admissions Fax: </td> <td> 508-831-5875 </td> </tr> <tr> <td> Admissions Email: </td> <td> admissions@wpi.edu </td> </tr> <tr> <td> Online Application: </td> <td> https://www.wpi.edu/admissions/undergraduate/apply </td> </tr> </table>",168421,../data/cds-docs/2024-2025/168421.pdf,2024-2025
B,1,B1,Institutional Enrollment: Provide numbers of students for each of the following,"[[{0: '', 1: 'FULL-TIME', 2: 'FULL-TIME', 3: 'PART-TIME', 4: 'PART-TIME', 5: ''}, {0: '', 1: 'Men', 2: 'Women', 3: 'Men', 4: 'Women', 5: 'TOTAL'}, {0: 'Undergraduate Students', 1: '', 2: '', 3: '', 4: '', 5: ''}, {0: 'Degree-seeking, first-time, first-year students', 1: '995', 2: '370', 3: '1', 4: '0', 5: '1,366'}, {0: 'Other first-year, degree-seeking students', 1: '52', 2: '24', 3: '0', 4: '0', 5: '76'}, {0: 'All other degree-seeking undergraduate students', 1: '2,536', 2: '1,353', 3: '90', 4: '26', 5: '4,005'}, {0: 'Total degree-seeking undergraduate students', 1: '3,583', 2: '1,747', 3: '91', 4: '26', 5: '5,447'}, {0: 'All other undergraduates enrolled in credit courses', 1: '37', 2: '22', 3: '28', 4: '24', 5: '111'}, {0: 'Total Undergraduate Students', 1: '3,620', 2: '1,769', 3: '119', 4: '50', 5: '5,558'}, {0: 'Graduate Students', 1: '', 2: '', 3: '', 4: '', 5: ''}, {0: 'Degree-seeking, first-time', 1: '264', 2: '108', 3: '112', 4: '50', 5: '534'}, {0: 'All other degree-seeking', 1: '388', 2: '211', 3: '579', 4: '261', 5: '1,439'}, {0: 'All other graduates enrolled in credit courses', 1: '10', 2: '5', 3: '28', 4: '10', 5: '53'}, {0: 'Total Graduate Students', 1: '662', 2: '324', 3: '719', 4: '321', 5: '2,026'}, {0: 'Total All Students', 1: '4,282', 2: '2,093', 3: '838', 4: '371', 5: '7,584'}], [{0: 'Total All Undergraduate Students', 1: '5,558'}, {0: 'Total All Graduate Students', 1: '2,026'}, {0: 'Grand Total of All Students', 1: '7,584'}]]","<table> <tr> <td> </td> <td colspan=""2""> FULL-TIME </td> <td colspan=""2""> PART-TIME </td> <td> </td> </tr> <tr> <td> </td> <td> Men </td> <td> Women </td> <td> Men </td> <td> Women </td> <td> TOTAL </td> </tr> <tr> <td> Undergraduate Students </td> <td> </td> <td> </td> <td> </td> <td> </td> <td> </td> </tr> <tr> <td> Degree-seeking, first-time, first-year students </td> <td> 995 </td> <td> 370 </td> <td> 1 </td> <td> 0 </td> <td> 1,366 </td> </tr> <tr> <td> Other first-year, degree-seeking students </td> <td> 52 </td> <td> 24 </td> <td> 0 </td> <td> 0 </td> <td> 76 </td> </tr> <tr> <td> All other degree-seeking undergraduate students </td> <td> 2,536 </td> <td> 1,353 </td> <td> 90 </td> <td> 26 </td> <td> 4,005 </td> </tr> <tr> <td> Total degree-seeking undergraduate students </td> <td> 3,583 </td> <td> 1,747 </td> <td> 91 </td> <td> 26 </td> <td> 5,447 </td> </tr> <tr> <td> All other undergraduates enrolled in credit courses </td> <td> 37 </td> <td> 22 </td> <td> 28 </td> <td> 24 </td> <td> 111 </td> </tr> <tr> <td> Total Undergraduate Students </td> <td> 3,620 </td> <td> 1,769 </td> <td> 119 </td> <td> 50 </td> <td> 5,558 </td> </tr> <tr> <td> Graduate Students </td> <td> </td> <td> </td> <td> </td> <td> </td> <td> </td> </tr> <tr> <td> Degree-seeking, first-time </td> <td> 264 </td> <td> 108 </td> <td> 112 </td> <td> 50 </td> <td> 534 </td> </tr> <tr> <td> All other degree-seeking </td> <td> 388 </td> <td> 211 </td> <td> 579 </td> <td> 261 </td> <td> 1,439 </td> </tr> <tr> <td> All other graduates enrolled in credit courses </td> <td> 10 </td> <td> 5 </td> <td> 28 </td> <td> 10 </td> <td> 53 </td> </tr> <tr> <td> Total Graduate Students </td> <td> 662 </td> <td> 324 </td> <td> 719 </td> <td> 321 </td> <td> 2,026 </td> </tr> <tr> <td> Total All Students </td> <td> 4,282 </td> <td> 2,093 </td> <td> 838 </td> <td> 371 </td> <td> 7,584 </td> </tr> </table><div class=""separator""></div><table> <tr> <td> Total All Undergraduate Students </td> <td> 5,558 </td> </tr> <tr> <td> Total All Graduate Students </td> <td> 2,026 </td> </tr> <tr> <td> Grand Total of All Students </td> <td> 7,584 </td> </tr> </table>",168421,../data/cds-docs/2024-2025/168421.pdf,2024-2025
B,2,B2,Enrollment by Racial/Ethnic Category,"[[{0: '', 1: 'Degree\ufffe\nseeking\nFirst-time,\nFirst-year', 2: 'Degree-seeking\nUndergraduates\n(including first\ufffe\ntime,\nfirst-year)', 3: 'Total\nUndergraduates\n(both degree\ufffe\nand non-degree\ufffe\nseeking)'}, {0: 'International (nonresidents)', 1: '69', 2: '349', 3: '353'}, {0: 'Hispanic/Latino', 1: '117', 2: '464', 3: '467'}, {0: 'Black or African American, non-Hispanic', 1: '28', 2: '147', 3: '149'}, {0: 'White, non-Hispanic', 1: '875', 2: '3,498', 3: '3,506'}, {0: 'American Indian or Alaska Native, non\ufffe\nHispanic', 1: '1', 2: '5', 3: '5'}, {0: 'Asian, non-Hispanic', 1: '157', 2: '688', 3: '694'}, {0: 'Native Hawaiian or other Pacific Islander,\nnon-Hispanic', 1: '1', 2: '2', 3: '2'}, {0: 'Two or more races, non-Hispanic', 1: '60', 2: '197', 3: '197'}, {0: 'Race and/or ethnicity unknown', 1: '58', 2: '97', 3: '185'}, {0: 'Total', 1: '1,366', 2: '5,447', 3: '5,558'}]]","<table> <tr> <td> </td> <td> Degree￾ <br/> seeking <br/> First-time, <br/> First-year </td> <td> Degree-seeking <br/> Undergraduates <br/> (including first￾ <br/> time, <br/> first-year) </td> <td> Total <br/> Undergraduates <br/> (both degree￾ <br/> and non-degree￾ <br/> seeking) </td> </tr> <tr> <td> International (nonresidents) </td> <td> 69 </td> <td> 349 </td> <td> 353 </td> </tr> <tr> <td> Hispanic/Latino </td> <td> 117 </td> <td> 464 </td> <td> 467 </td> </tr> <tr> <td> Black or African American, non-Hispanic </td> <td> 28 </td> <td> 147 </td> <td> 149 </td> </tr> <tr> <td> White, non-Hispanic </td> <td> 875 </td> <td> 3,498 </td> <td> 3,506 </td> </tr> <tr> <td> American Indian or Alaska Native, non￾ <br/> Hispanic </td> <td> 1 </td> <td> 5 </td> <td> 5 </td> </tr> <tr> <td> Asian, non-Hispanic </td> <td> 157 </td> <td> 688 </td> <td> 694 </td> </tr> <tr> <td> Native Hawaiian or other Pacific Islander, <br/> non-Hispanic </td> <td> 1 </td> <td> 2 </td> <td> 2 </td> </tr> <tr> <td> Two or more races, non-Hispanic </td> <td> 60 </td> <td> 197 </td> <td> 197 </td> </tr> <tr> <td> Race and/or ethnicity unknown </td> <td> 58 </td> <td> 97 </td> <td> 185 </td> </tr> <tr> <td> Total </td> <td> 1,366 </td> <td> 5,447 </td> <td> 5,558 </td> </tr> </table>",168421,../data/cds-docs/2024-2025/168421.pdf,2024-2025
B,3,B3,Persistence,"[[{0: 'Certificate/diploma', 1: ''}, {0: 'Associate degrees', 1: ''}, {0: 'Bachelor’s degrees', 1: '1,170'}, {0: 'Post-bachelor’s certificates', 1: '28'}, {0: 'Master’s degrees', 1: '788'}, {0: 'Post-master’s certificates', 1: ''}, {0: 'Doctoral degrees – research/scholarship', 1: '69'}, {0: 'Doctoral degrees – professional practice', 1: ''}, {0: 'Doctoral degrees – other', 1: ''}, {0: 'Total', 1: '2,055'}]]","<table> <tr> <td> Certificate/diploma </td> <td> </td> </tr> <tr> <td> Associate degrees </td> <td> </td> </tr> <tr> <td> Bachelor’s degrees </td> <td> 1,170 </td> </tr> <tr> <td> Post-bachelor’s certificates </td> <td> 28 </td> </tr> <tr> <td> Master’s degrees </td> <td> 788 </td> </tr> <tr> <td> Post-master’s certificates </td> <td> </td> </tr> <tr> <td> Doctoral degrees – research/scholarship </td> <td> 69 </td> </tr> <tr> <td> Doctoral degrees – professional practice </td> <td> </td> </tr> <tr> <td> Doctoral degrees – other </td> <td> </td> </tr> <tr> <td> Total </td> <td> 2,055 </td> </tr> </table>",168421,../data/cds-docs/2024-2025/168421.pdf,2024-2025
B,4,B4,–B21: Graduation Rates,"[[{0: 'Fall 2018 Cohort', 1: 'Recipients\nof a Federal\nPell Grant', 2: 'Recipients\nSubsidized of a\nStafford\nLoan who\ndid not\nreceive a\nPell Grant', 3: 'Students\nwho did not\nreceive\neither a Pell\nGrant or a\nsubsidized\nStafford\nLoan', 4: 'TOTAL'}, {0: ""A - Initial 2018 cohort of first-time, full-time,\nbachelor's (or equivalent) degree-seeking\nundergraduate students"", 1: '150', 2: '399', 3: '727', 4: '1,276'}, {0: 'B - Of the initial 2018 cohort, how many did\nnot persist and did not graduate for the\nfollowing reasons: deceased, permanently\ndisabled, armed forces, foreign aid service of\nthe federal government, or official church\nmissions; total allowable exclusions', 1: '0', 2: '1', 3: '2', 4: '3'}, {0: 'C - Final 2018 cohort, after adjusting for\nallowable exclusions', 1: '150', 2: '398', 3: '725', 4: '1,273'}, {0: 'D - Of the initial 2018 cohort, how many\ncompleted the program in four years or less (by\nAug. 31, 2022)', 1: '117', 2: '341', 3: '617', 4: '1,075'}, {0: 'E - Of the initial 2018 cohort, how many\ncompleted the program in more than four years\nbut in five years or less (after Aug. 31, 2022\nand by Aug. 31, 2023)', 1: '7', 2: '13', 3: '34', 4: '54'}, {0: 'F - Of the initial 2018 cohort, how many\ncompleted the program in more than five years\nbut in six years or less (after Aug. 31, 2023\nand by Aug. 31, 2024)', 1: '3', 2: '3', 3: '7', 4: '13'}, {0: 'G - Total graduating within six years (sum of\nlines D, E, and F)', 1: '127', 2: '357', 3: '658', 4: '1,142'}, {0: 'H - Six-year graduation rate for 2018 cohort (G\ndivided by C)', 1: '85%', 2: '90%', 3: '91%', 4: '90%'}]]","<table> <tr> <td> Fall 2018 Cohort </td> <td> Recipients <br/> of a Federal <br/> Pell Grant </td> <td> Recipients <br/> Subsidized of a <br/> Stafford <br/> Loan who <br/> did not <br/> receive a <br/> Pell Grant </td> <td> Students <br/> who did not <br/> receive <br/> either a Pell <br/> Grant or a <br/> subsidized <br/> Stafford <br/> Loan </td> <td> TOTAL </td> </tr> <tr> <td> A - Initial 2018 cohort of first-time, full-time, <br/> bachelor's (or equivalent) degree-seeking <br/> undergraduate students </td> <td> 150 </td> <td> 399 </td> <td> 727 </td> <td> 1,276 </td> </tr> <tr> <td> B - Of the initial 2018 cohort, how many did <br/> not persist and did not graduate for the <br/> following reasons: deceased, permanently <br/> disabled, armed forces, foreign aid service of <br/> the federal government, or official church <br/> missions; total allowable exclusions </td> <td> 0 </td> <td> 1 </td> <td> 2 </td> <td> 3 </td> </tr> <tr> <td> C - Final 2018 cohort, after adjusting for <br/> allowable exclusions </td> <td> 150 </td> <td> 398 </td> <td> 725 </td> <td> 1,273 </td> </tr> <tr> <td> D - Of the initial 2018 cohort, how many <br/> completed the program in four years or less (by <br/> Aug. 31, 2022) </td> <td> 117 </td> <td> 341 </td> <td> 617 </td> <td> 1,075 </td> </tr> <tr> <td> E - Of the initial 2018 cohort, how many <br/> completed the program in more than four years <br/> but in five years or less (after Aug. 31, 2022 <br/> and by Aug. 31, 2023) </td> <td> 7 </td> <td> 13 </td> <td> 34 </td> <td> 54 </td> </tr> <tr> <td> F - Of the initial 2018 cohort, how many <br/> completed the program in more than five years <br/> but in six years or less (after Aug. 31, 2023 <br/> and by Aug. 31, 2024) </td> <td> 3 </td> <td> 3 </td> <td> 7 </td> <td> 13 </td> </tr> <tr> <td> G - Total graduating within six years (sum of <br/> lines D, E, and F) </td> <td> 127 </td> <td> 357 </td> <td> 658 </td> <td> 1,142 </td> </tr> <tr> <td> H - Six-year graduation rate for 2018 cohort (G <br/> divided by C) </td> <td> 85% </td> <td> 90% </td> <td> 91% </td> <td> 90% </td> </tr> </table>",168421,../data/cds-docs/2024-2025/168421.pdf,2024-2025
C,1,C1,"First-time, first-year students: Provide the number of degree-seeking, first-time,","[[{0: 'Fall 2024', 1: 'Men', 2: 'Women', 3: 'Another\nGender', 4: 'Total'}, {0: 'Total first-time, first-year students who applied', 1: '8,795', 2: '3,752', 3: '12', 4: '12,559'}, {0: 'Total first-time, first-year students admitted', 1: '5,105', 2: '2,439', 3: '11', 4: '7,555'}, {0: 'Total first-time, first-year students enrolled', 1: '995', 2: '369', 3: '2', 4: '1,366'}, {0: 'Full-time, first-time, first-year students enrolled', 1: '994', 2: '369', 3: '2', 4: '1,365'}, {0: 'Part-time, first-time, first-year students enrolled', 1: '1', 2: '', 3: '', 4: '1'}], [{0: 'Fall 2024', 1: 'In-State', 2: 'Out-of-State', 3: 'International', 4: 'Total'}, {0: 'Total first-time, first-year who applied', 1: '4,171', 2: '6,790', 3: '1,598', 4: '12,559'}, {0: 'Total first-time, first-year admitted', 1: '2,511', 2: '4,384', 3: '660', 4: '7,555'}, {0: 'Total first-time, first-year enrolled', 1: '641', 2: '656', 3: '69', 4: '1,366'}]]","<table> <tr> <td> Fall 2024 </td> <td> Men </td> <td> Women </td> <td> Another <br/> Gender </td> <td> Total </td> </tr> <tr> <td> Total first-time, first-year students who applied </td> <td> 8,795 </td> <td> 3,752 </td> <td> 12 </td> <td> 12,559 </td> </tr> <tr> <td> Total first-time, first-year students admitted </td> <td> 5,105 </td> <td> 2,439 </td> <td> 11 </td> <td> 7,555 </td> </tr> <tr> <td> Total first-time, first-year students enrolled </td> <td> 995 </td> <td> 369 </td> <td> 2 </td> <td> 1,366 </td> </tr> <tr> <td> Full-time, first-time, first-year students enrolled </td> <td> 994 </td> <td> 369 </td> <td> 2 </td> <td> 1,365 </td> </tr> <tr> <td> Part-time, first-time, first-year students enrolled </td> <td> 1 </td> <td> </td> <td> </td> <td> 1 </td> </tr> </table><div class=""separator""></div><table> <tr> <td> Fall 2024 </td> <td> In-State </td> <td> Out-of-State </td> <td> International </td> <td> Total </td> </tr> <tr> <td> Total first-time, first-year who applied </td> <td> 4,171 </td> <td> 6,790 </td> <td> 1,598 </td> <td> 12,559 </td> </tr> <tr> <td> Total first-time, first-year admitted </td> <td> 2,511 </td> <td> 4,384 </td> <td> 660 </td> <td> 7,555 </td> </tr> <tr> <td> Total first-time, first-year enrolled </td> <td> 641 </td> <td> 656 </td> <td> 69 </td> <td> 1,366 </td> </tr> </table>",168421,../data/cds-docs/2024-2025/168421.pdf,2024-2025
C,2,C2,"First-time, first-year wait-listed students (students who met admission","[[{0: 'Number of qualified applicants offered a place on waiting list', 1: '2,475'}, {0: 'Number accepting a place on waiting list', 1: '1,111'}, {0: 'Number of wait-listed students admitted', 1: '392'}]]","<table> <tr> <td> Number of qualified applicants offered a place on waiting list </td> <td> 2,475 </td> </tr> <tr> <td> Number accepting a place on waiting list </td> <td> 1,111 </td> </tr> <tr> <td> Number of wait-listed students admitted </td> <td> 392 </td> </tr> </table>",168421,../data/cds-docs/2024-2025/168421.pdf,2024-2025
C,5,C5,Distribution of high school units required and/or recommended. Specify the,"[[{0: '', 1: 'Units Required', 2: 'Units Recommended'}, {0: 'Total Academic Units', 1: '10', 2: ''}, {0: 'English', 1: '4', 2: ''}, {0: 'Mathematics', 1: '4', 2: ''}, {0: 'Science', 1: '2', 2: '4'}, {0: 'Of these, units that must be lab', 1: '2', 2: ''}, {0: 'Foreign Language', 1: '', 2: '2'}, {0: 'Social Studies', 1: '', 2: '2'}, {0: 'History', 1: '', 2: '1'}, {0: 'Academic Electives', 1: '', 2: ''}, {0: 'Computer Science', 1: '', 2: '1'}, {0: 'Visual/Performing Arts', 1: '', 2: ''}, {0: 'Other (specify)', 1: '', 2: ''}]]","<table> <tr> <td> </td> <td> Units Required </td> <td> Units Recommended </td> </tr> <tr> <td> Total Academic Units </td> <td> 10 </td> <td> </td> </tr> <tr> <td> English </td> <td> 4 </td> <td> </td> </tr> <tr> <td> Mathematics </td> <td> 4 </td> <td> </td> </tr> <tr> <td> Science </td> <td> 2 </td> <td> 4 </td> </tr> <tr> <td> Of these, units that must be lab </td> <td> 2 </td> <td> </td> </tr> <tr> <td> Foreign Language </td> <td> </td> <td> 2 </td> </tr> <tr> <td> Social Studies </td> <td> </td> <td> 2 </td> </tr> <tr> <td> History </td> <td> </td> <td> 1 </td> </tr> <tr> <td> Academic Electives </td> <td> </td> <td> </td> </tr> <tr> <td> Computer Science </td> <td> </td> <td> 1 </td> </tr> <tr> <td> Visual/Performing Arts </td> <td> </td> <td> </td> </tr> <tr> <td> Other (specify) </td> <td> </td> <td> </td> </tr> </table>",168421,../data/cds-docs/2024-2025/168421.pdf,2024-2025
C,7,C7,Relative importance of factors in admission decisions:,"[[{0: '', 1: 'Important Very', 2: 'Important', 3: 'Considered', 4: 'Considered Not'}, {0: 'Academic', 1: '', 2: '', 3: '', 4: ''}, {0: 'Rigor of secondary school record', 1: 'X', 2: '', 3: '', 4: ''}, {0: 'Class rank', 1: '', 2: 'X', 3: '', 4: ''}, {0: 'Academic GPA', 1: 'X', 2: '', 3: '', 4: ''}, {0: 'Recommendations', 1: '', 2: 'X', 3: '', 4: ''}, {0: 'Standardized test scores', 1: '', 2: '', 3: 'X', 4: ''}, {0: 'Application Essay', 1: '', 2: '', 3: 'X', 4: ''}, {0: 'Nonacademic', 1: '', 2: '', 3: '', 4: ''}, {0: 'Interview', 1: '', 2: '', 3: '', 4: 'X'}, {0: 'Extracurricular activities', 1: '', 2: 'X', 3: '', 4: ''}, {0: 'Talent/ability', 1: '', 2: '', 3: 'X', 4: ''}, {0: 'Character/personal qualities', 1: '', 2: 'X', 3: '', 4: ''}, {0: 'First generation', 1: '', 2: '', 3: 'X', 4: ''}, {0: 'Alumni/ae relation', 1: '', 2: '', 3: 'X', 4: ''}, {0: 'Geographical residence', 1: '', 2: '', 3: 'X', 4: ''}, {0: 'State residency', 1: '', 2: '', 3: '', 4: 'X'}, {0: 'Religious affiliation/commitment', 1: '', 2: '', 3: '', 4: 'X'}, {0: 'Volunteer work', 1: '', 2: '', 3: 'X', 4: ''}, {0: 'Work experience', 1: '', 2: '', 3: 'X', 4: ''}, {0: 'Level of applicant’s interest', 1: '', 2: '', 3: 'X', 4: ''}]]",<table> <tr> <td> </td> <td> Important Very </td> <td> Important </td> <td> Considered </td> <td> Considered Not </td> </tr> <tr> <td> Academic </td> <td> </td> <td> </td> <td> </td> <td> </td> </tr> <tr> <td> Rigor of secondary school record </td> <td> X </td> <td> </td> <td> </td> <td> </td> </tr> <tr> <td> Class rank </td> <td> </td> <td> X </td> <td> </td> <td> </td> </tr> <tr> <td> Academic GPA </td> <td> X </td> <td> </td> <td> </td> <td> </td> </tr> <tr> <td> Recommendations </td> <td> </td> <td> X </td> <td> </td> <td> </td> </tr> <tr> <td> Standardized test scores </td> <td> </td> <td> </td> <td> X </td> <td> </td> </tr> <tr> <td> Application Essay </td> <td> </td> <td> </td> <td> X </td> <td> </td> </tr> <tr> <td> Nonacademic </td> <td> </td> <td> </td> <td> </td> <td> </td> </tr> <tr> <td> Interview </td> <td> </td> <td> </td> <td> </td> <td> X </td> </tr> <tr> <td> Extracurricular activities </td> <td> </td> <td> X </td> <td> </td> <td> </td> </tr> <tr> <td> Talent/ability </td> <td> </td> <td> </td> <td> X </td> <td> </td> </tr> <tr> <td> Character/personal qualities </td> <td> </td> <td> X </td> <td> </td> <td> </td> </tr> <tr> <td> First generation </td> <td> </td> <td> </td> <td> X </td> <td> </td> </tr> <tr> <td> Alumni/ae relation </td> <td> </td> <td> </td> <td> X </td> <td> </td> </tr> <tr> <td> Geographical residence </td> <td> </td> <td> </td> <td> X </td> <td> </td> </tr> <tr> <td> State residency </td> <td> </td> <td> </td> <td> </td> <td> X </td> </tr> <tr> <td> Religious affiliation/commitment </td> <td> </td> <td> </td> <td> </td> <td> X </td> </tr> <tr> <td> Volunteer work </td> <td> </td> <td> </td> <td> X </td> <td> </td> </tr> <tr> <td> Work experience </td> <td> </td> <td> </td> <td> X </td> <td> </td> </tr> <tr> <td> Level of applicant’s interest </td> <td> </td> <td> </td> <td> X </td> <td> </td> </tr> </table>,168421,../data/cds-docs/2024-2025/168421.pdf,2024-2025
C,8,C8,Entrance Exams,"[[{0: '', 1: 'ADMISSION', 2: 'ADMISSION', 3: 'ADMISSION', 4: 'ADMISSION', 5: 'ADMISSION'}, {0: '', 1: 'Require', 2: 'Recommend', 3: 'Require for\nSome', 4: 'Consider if\nSubmitted', 5: 'Not Used'}, {0: 'SAT or ACT', 1: '', 2: '', 3: '', 4: 'X', 5: ''}, {0: 'ACT only', 1: '', 2: '', 3: '', 4: '', 5: ''}, {0: 'SAT only', 1: '', 2: '', 3: '', 4: '', 5: ''}]]","<table> <tr> <td rowspan=""2""> </td> <td colspan=""5""> ADMISSION </td> </tr> <tr> <td> Require </td> <td> Recommend </td> <td> Require for <br/> Some </td> <td> Consider if <br/> Submitted </td> <td> Not Used </td> </tr> <tr> <td> SAT or ACT </td> <td> </td> <td> </td> <td> </td> <td> X </td> <td> </td> </tr> <tr> <td> ACT only </td> <td> </td> <td> </td> <td> </td> <td> </td> <td> </td> </tr> <tr> <td> SAT only </td> <td> </td> <td> </td> <td> </td> <td> </td> <td> </td> </tr> </table>",168421,../data/cds-docs/2024-2025/168421.pdf,2024-2025
C,9,C9,"National standardized test scores (SAT/ACT). Include information for ALL enrolled,","[[{0: '', 1: 'Percent', 2: 'Number'}, {0: 'Submitting SAT Scores', 1: '', 2: ''}, {0: 'Submitting ACT Scores', 1: '', 2: ''}], [{0: '', 1: '25th Percentile', 2: '50th Percentile', 3: '75th Percentile'}, {0: 'SAT Composite', 1: '', 2: '', 3: ''}, {0: 'SAT Evidence-Based Reading and\nWriting', 1: '', 2: '', 3: ''}, {0: 'SAT Math', 1: '', 2: '', 3: ''}, {0: 'ACT Composite', 1: '', 2: '', 3: ''}, {0: 'ACT Math', 1: '', 2: '', 3: ''}, {0: 'ACT English', 1: '', 2: '', 3: ''}, {0: 'ACT Reading', 1: '', 2: '', 3: ''}, {0: 'ACT Science', 1: '', 2: '', 3: ''}, {0: 'ACT Writing', 1: '', 2: '', 3: ''}]]","<table> <tr> <td> </td> <td> Percent </td> <td> Number </td> </tr> <tr> <td> Submitting SAT Scores </td> <td> </td> <td> </td> </tr> <tr> <td> Submitting ACT Scores </td> <td> </td> <td> </td> </tr> </table><div class=""separator""></div><table> <tr> <td> </td> <td> 25th Percentile </td> <td> 50th Percentile </td> <td> 75th Percentile </td> </tr> <tr> <td> SAT Composite </td> <td> </td> <td> </td> <td> </td> </tr> <tr> <td> SAT Evidence-Based Reading and <br/> Writing </td> <td> </td> <td> </td> <td> </td> </tr> <tr> <td> SAT Math </td> <td> </td> <td> </td> <td> </td> </tr> <tr> <td> ACT Composite </td> <td> </td> <td> </td> <td> </td> </tr> <tr> <td> ACT Math </td> <td> </td> <td> </td> <td> </td> </tr> <tr> <td> ACT English </td> <td> </td> <td> </td> <td> </td> </tr> <tr> <td> ACT Reading </td> <td> </td> <td> </td> <td> </td> </tr> <tr> <td> ACT Science </td> <td> </td> <td> </td> <td> </td> </tr> <tr> <td> ACT Writing </td> <td> </td> <td> </td> <td> </td> </tr> </table>",168421,../data/cds-docs/2024-2025/168421.pdf,2024-2025
C,10,C10,"Class rank ranges. Percent of all degree-seeking, first-time, first-year students who","[[{0: 'Percent in top tenth of high school graduating class:', 1: '56%'}, {0: 'Percent in top quarter of high school graduating class:', 1: '85%'}, {0: 'Percent in top half of high school graduating class:', 1: '99%'}, {0: 'Percent in bottom half of high school graduating class:', 1: '1%'}, {0: 'Percent in bottom quarter of high school graduating class:', 1: '0%'}, {0: 'Percent of total first-time, first-year (freshman) students who submitted high school\nclass rank:', 1: '30%'}]]","<table> <tr> <td> Percent in top tenth of high school graduating class: </td> <td> 56% </td> </tr> <tr> <td> Percent in top quarter of high school graduating class: </td> <td> 85% </td> </tr> <tr> <td> Percent in top half of high school graduating class: </td> <td> 99% </td> </tr> <tr> <td> Percent in bottom half of high school graduating class: </td> <td> 1% </td> </tr> <tr> <td> Percent in bottom quarter of high school graduating class: </td> <td> 0% </td> </tr> <tr> <td> Percent of total first-time, first-year (freshman) students who submitted high school <br/> class rank: </td> <td> 30% </td> </tr> </table>",168421,../data/cds-docs/2024-2025/168421.pdf,2024-2025
C,11,C11,"High school grade point ranges. Percentage of all enrolled, degree-seeking, first-","[[{0: 'Percent who had GPA of 4.0', 1: '63%'}, {0: 'Percent who had GPA between 3.75 and 3.99', 1: '17%'}, {0: 'Percent who had GPA between 3.50 and 3.74', 1: '14%'}]]",<table> <tr> <td> Percent who had GPA of 4.0 </td> <td> 63% </td> </tr> <tr> <td> Percent who had GPA between 3.75 and 3.99 </td> <td> 17% </td> </tr> <tr> <td> Percent who had GPA between 3.50 and 3.74 </td> <td> 14% </td> </tr> </table>,168421,../data/cds-docs/2024-2025/168421.pdf,2024-2025
D,2,D2,"Student counts. Provide the number of students who applied, were admitted, and","[[{0: '', 1: 'Applicants', 2: 'Admitted Applicants', 3: 'Enrolled Applicants'}, {0: 'Men', 1: '211', 2: '133', 3: '52'}, {0: 'Women', 1: '78', 2: '54', 3: '24'}, {0: 'Another Gender', 1: '', 2: '', 3: ''}, {0: 'TOTAL', 1: '289', 2: '187', 3: '76'}]]",<table> <tr> <td> </td> <td> Applicants </td> <td> Admitted Applicants </td> <td> Enrolled Applicants </td> </tr> <tr> <td> Men </td> <td> 211 </td> <td> 133 </td> <td> 52 </td> </tr> <tr> <td> Women </td> <td> 78 </td> <td> 54 </td> <td> 24 </td> </tr> <tr> <td> Another Gender </td> <td> </td> <td> </td> <td> </td> </tr> <tr> <td> TOTAL </td> <td> 289 </td> <td> 187 </td> <td> 76 </td> </tr> </table>,168421,../data/cds-docs/2024-2025/168421.pdf,2024-2025
D,5,D5,Requirements for admissions. Indicate all items required of transfer students to,"[[{0: '', 1: 'Required All of', 2: 'Recommended\nof All', 3: 'Recommended\nof Some', 4: 'Required of\nSome', 5: 'required Not'}, {0: 'High school\ntranscript', 1: 'X', 2: '', 3: '', 4: '', 5: ''}, {0: 'College\ntranscript(s)', 1: 'X', 2: '', 3: '', 4: '', 5: ''}, {0: 'Essay or personal\nstatement', 1: 'X', 2: '', 3: '', 4: '', 5: ''}, {0: 'Interview', 1: '', 2: '', 3: '', 4: '', 5: 'X'}, {0: 'Standardized test\nscores', 1: '', 2: '', 3: '', 4: '', 5: 'X'}, {0: 'Statement of good\nstanding from prior\ninstitution(s)', 1: 'X', 2: '', 3: '', 4: '', 5: ''}]]",<table> <tr> <td> </td> <td> Required All of </td> <td> Recommended <br/> of All </td> <td> Recommended <br/> of Some </td> <td> Required of <br/> Some </td> <td> required Not </td> </tr> <tr> <td> High school <br/> transcript </td> <td> X </td> <td> </td> <td> </td> <td> </td> <td> </td> </tr> <tr> <td> College <br/> transcript(s) </td> <td> X </td> <td> </td> <td> </td> <td> </td> <td> </td> </tr> <tr> <td> Essay or personal <br/> statement </td> <td> X </td> <td> </td> <td> </td> <td> </td> <td> </td> </tr> <tr> <td> Interview </td> <td> </td> <td> </td> <td> </td> <td> </td> <td> X </td> </tr> <tr> <td> Standardized test <br/> scores </td> <td> </td> <td> </td> <td> </td> <td> </td> <td> X </td> </tr> <tr> <td> Statement of good <br/> standing from prior <br/> institution(s) </td> <td> X </td> <td> </td> <td> </td> <td> </td> <td> </td> </tr> </table>,168421,../data/cds-docs/2024-2025/168421.pdf,2024-2025
D,9,D9,"Application specific dates. List application priority, closing, notification, and candidate","[[{0: '', 1: 'Priority Date', 2: 'Closing Date', 3: 'Notification\nDate', 4: 'Reply Date', 5: 'Rolling\nAdmission'}, {0: 'Fall', 1: '', 2: '6/10', 3: '', 4: '7/10', 5: 'X'}, {0: 'Winter', 1: '', 2: '', 3: '', 4: '', 5: ''}, {0: 'Spring', 1: '', 2: '11/1', 3: '', 4: '12/3', 5: 'X'}, {0: 'Summer', 1: '', 2: '', 3: '', 4: '', 5: ''}]]",<table> <tr> <td> </td> <td> Priority Date </td> <td> Closing Date </td> <td> Notification <br/> Date </td> <td> Reply Date </td> <td> Rolling <br/> Admission </td> </tr> <tr> <td> Fall </td> <td> </td> <td> 6/10 </td> <td> </td> <td> 7/10 </td> <td> X </td> </tr> <tr> <td> Winter </td> <td> </td> <td> </td> <td> </td> <td> </td> <td> </td> </tr> <tr> <td> Spring </td> <td> </td> <td> 11/1 </td> <td> </td> <td> 12/3 </td> <td> X </td> </tr> <tr> <td> Summer </td> <td> </td> <td> </td> <td> </td> <td> </td> <td> </td> </tr> </table>,168421,../data/cds-docs/2024-2025/168421.pdf,2024-2025
F,1,F1,"First-time, first-year degree-seeking students and undergraduates enrolled.","[[{0: '', 1: 'Full-time,\nFirst-year', 2: 'All Degree\ufffe\nSeeking'}, {0: 'Percent who are from out of state (exclude international/nonresident\naliens from the numerator and denominator)', 1: '51%', 2: '51%'}, {0: 'Percent of men who join fraternities', 1: '26%', 2: '22%'}, {0: 'Percent of women who join sororities', 1: '25%', 2: '27%'}, {0: 'Percent who live in college-owned, -operated, or -affiliated housing', 1: '93%', 2: '45%'}, {0: 'Percent who live off campus or commute', 1: '7%', 2: '55%'}, {0: 'Percent of students age 25 and older', 1: '0%', 2: '1%'}, {0: 'Average age of full-time students', 1: '18', 2: '20'}, {0: 'Average age of all students (full- and part-time)', 1: '18', 2: '20'}]]","<table> <tr> <td> </td> <td> Full-time, <br/> First-year </td> <td> All Degree￾ <br/> Seeking </td> </tr> <tr> <td> Percent who are from out of state (exclude international/nonresident <br/> aliens from the numerator and denominator) </td> <td> 51% </td> <td> 51% </td> </tr> <tr> <td> Percent of men who join fraternities </td> <td> 26% </td> <td> 22% </td> </tr> <tr> <td> Percent of women who join sororities </td> <td> 25% </td> <td> 27% </td> </tr> <tr> <td> Percent who live in college-owned, -operated, or -affiliated housing </td> <td> 93% </td> <td> 45% </td> </tr> <tr> <td> Percent who live off campus or commute </td> <td> 7% </td> <td> 55% </td> </tr> <tr> <td> Percent of students age 25 and older </td> <td> 0% </td> <td> 1% </td> </tr> <tr> <td> Average age of full-time students </td> <td> 18 </td> <td> 20 </td> </tr> <tr> <td> Average age of all students (full- and part-time) </td> <td> 18 </td> <td> 20 </td> </tr> </table>",168421,../data/cds-docs/2024-2025/168421.pdf,2024-2025
G,1,G1,"Undergraduate full-time tuition, required fees, room and board","[[{0: '2024-2025 Tuition & Fees', 1: 'First-Year', 2: 'Undergraduates'}, {0: 'PRIVATE INSTITUTION Tuition:', 1: '$59,700', 2: '$59,700'}, {0: 'PUBLIC INSTITUTION Tuition:', 1: '', 2: ''}, {0: 'In-district:', 1: '', 2: ''}, {0: 'In-state (out-of-district):', 1: '', 2: ''}, {0: 'Out-of-state:', 1: '', 2: ''}, {0: 'NONRESIDENT ALIEN Tuition:', 1: '', 2: ''}, {0: 'REQUIRED FEES:', 1: '$1,265', 2: '$1,065'}, {0: 'ROOM AND BOARD (on-campus):', 1: '$17,906', 2: '$17,906'}, {0: 'ROOM ONLY (on-campus):', 1: '$10,000', 2: '$10,000'}, {0: 'BOARD ONLY (on-campus meal plan):', 1: '$7,906', 2: '$7,906'}]]","<table> <tr> <td> 2024-2025 Tuition &amp; Fees </td> <td> First-Year </td> <td> Undergraduates </td> </tr> <tr> <td> PRIVATE INSTITUTION Tuition: </td> <td> $59,700 </td> <td> $59,700 </td> </tr> <tr> <td> PUBLIC INSTITUTION Tuition: </td> <td> </td> <td> </td> </tr> <tr> <td> In-district: </td> <td> </td> <td> </td> </tr> <tr> <td> In-state (out-of-district): </td> <td> </td> <td> </td> </tr> <tr> <td> Out-of-state: </td> <td> </td> <td> </td> </tr> <tr> <td> NONRESIDENT ALIEN Tuition: </td> <td> </td> <td> </td> </tr> <tr> <td> REQUIRED FEES: </td> <td> $1,265 </td> <td> $1,065 </td> </tr> <tr> <td> ROOM AND BOARD (on-campus): </td> <td> $17,906 </td> <td> $17,906 </td> </tr> <tr> <td> ROOM ONLY (on-campus): </td> <td> $10,000 </td> <td> $10,000 </td> </tr> <tr> <td> BOARD ONLY (on-campus meal plan): </td> <td> $7,906 </td> <td> $7,906 </td> </tr> </table>",168421,../data/cds-docs/2024-2025/168421.pdf,2024-2025
G,5,G5,Provide the estimated expenses for a typical full-time undergraduate student:,"[[{0: '2024-2025 figures\nshown', 1: 'Residents', 2: 'Commuters\n(living at home)', 3: 'Commuters\n(not living at home)'}, {0: 'Books and supplies', 1: '$1,200', 2: '$1,200', 3: '$1,200'}, {0: 'Room only', 1: '', 2: '', 3: '$10,000'}, {0: 'Board only', 1: '', 2: '$3,462', 3: '$8,386'}, {0: 'Transportation', 1: 'varies', 2: '$1,500', 3: 'varies'}, {0: 'Other expenses', 1: '$1,200', 2: '$1,200', 3: '$1,200'}]]","<table> <tr> <td> 2024-2025 figures <br/> shown </td> <td> Residents </td> <td> Commuters <br/> (living at home) </td> <td> Commuters <br/> (not living at home) </td> </tr> <tr> <td> Books and supplies </td> <td> $1,200 </td> <td> $1,200 </td> <td> $1,200 </td> </tr> <tr> <td> Room only </td> <td> </td> <td> </td> <td> $10,000 </td> </tr> <tr> <td> Board only </td> <td> </td> <td> $3,462 </td> <td> $8,386 </td> </tr> <tr> <td> Transportation </td> <td> varies </td> <td> $1,500 </td> <td> varies </td> </tr> <tr> <td> Other expenses </td> <td> $1,200 </td> <td> $1,200 </td> <td> $1,200 </td> </tr> </table>",168421,../data/cds-docs/2024-2025/168421.pdf,2024-2025
G,6,G6,Undergraduate per-credit-hour charges (tuition only):,"[[{0: 'PRIVATE INSTITUTION Tuition:', 1: '$1,658'}, {0: 'PUBLIC INSTITUTION Tuition:', 1: ''}, {0: 'In-district:', 1: ''}, {0: 'In-state (out-of-district):', 1: ''}, {0: 'Out-of-state:', 1: ''}, {0: 'NONRESIDENT ALIEN Tuition:', 1: ''}]]","<table> <tr> <td> PRIVATE INSTITUTION Tuition: </td> <td> $1,658 </td> </tr> <tr> <td> PUBLIC INSTITUTION Tuition: </td> <td> </td> </tr> <tr> <td> In-district: </td> <td> </td> </tr> <tr> <td> In-state (out-of-district): </td> <td> </td> </tr> <tr> <td> Out-of-state: </td> <td> </td> </tr> <tr> <td> NONRESIDENT ALIEN Tuition: </td> <td> </td> </tr> </table>",168421,../data/cds-docs/2024-2025/168421.pdf,2024-2025
H,1,H1,Enter total dollar amounts awarded to enrolled full-time and less than full-time degree-,"[[{0: '', 1: 'Need-based\n(Include non-need-based\naid use to meet need)', 2: 'Non-need-based\n(Exclude non-need-based\naid use to meet need)'}, {0: 'SCHOLARSHIPS/GRANTS', 1: 'SCHOLARSHIPS/GRANTS', 2: 'SCHOLARSHIPS/GRANTS'}, {0: 'Federal', 1: '$ 4,398,143', 2: '$0'}, {0: 'State (i.e., all states, not only the state in which\nyour institution is located)', 1: '$ 1,618,550', 2: '$0'}, {0: 'Institutional: Endowed scholarships, annual\ngifts and tuition funded grants, awarded by the\ncollege, excluding athletic aid and tuition waivers\n(which are reported below)', 1: '$ 85,357,955', 2: '$ 57,900,457'}, {0: 'Scholarships/grants from external sources (e.g.,\nKiwanis, National Merit) not awarded by the\ncollege', 1: '$ 4,257,277', 2: '$ 8,044,790'}, {0: 'Total Scholarships/Grants', 1: '$95,631,925', 2: '$65,945,247'}, {0: 'SELF-HELP', 1: 'SELF-HELP', 2: 'SELF-HELP'}, {0: 'Student loans from all sources (excluding parent\nloans)', 1: '$ 23,313,024', 2: '$ 19,523,885'}, {0: 'Federal Work-Study', 1: '$ 1,799,704', 2: ''}, {0: 'State and other (e.g., institutional) work\ufffe\nstudy/employment (Note: Excludes Federal\nWork-Study captured above.)', 1: '$0', 2: '$0'}, {0: 'Total Self-Help', 1: '$25,112,728', 2: '$19,523,885'}, {0: 'PARENT LOANS', 1: '$0', 2: '$ 10,821,657'}, {0: 'TUITION WAIVERS', 1: '$0', 2: '$0'}, {0: 'ATHLETIC AWARDS', 1: '$0', 2: '$0'}]]","<table> <tr> <td> </td> <td> Need-based <br/> (Include non-need-based <br/> aid use to meet need) </td> <td> Non-need-based <br/> (Exclude non-need-based <br/> aid use to meet need) </td> </tr> <tr> <td colspan=""3""> SCHOLARSHIPS/GRANTS </td> </tr> <tr> <td> Federal </td> <td> $ 4,398,143 </td> <td> $0 </td> </tr> <tr> <td> State (i.e., all states, not only the state in which <br/> your institution is located) </td> <td> $ 1,618,550 </td> <td> $0 </td> </tr> <tr> <td> Institutional: Endowed scholarships, annual <br/> gifts and tuition funded grants, awarded by the <br/> college, excluding athletic aid and tuition waivers <br/> (which are reported below) </td> <td> $ 85,357,955 </td> <td> $ 57,900,457 </td> </tr> <tr> <td> Scholarships/grants from external sources (e.g., <br/> Kiwanis, National Merit) not awarded by the <br/> college </td> <td> $ 4,257,277 </td> <td> $ 8,044,790 </td> </tr> <tr> <td> Total Scholarships/Grants </td> <td> $95,631,925 </td> <td> $65,945,247 </td> </tr> <tr> <td colspan=""3""> SELF-HELP </td> </tr> <tr> <td> Student loans from all sources (excluding parent <br/> loans) </td> <td> $ 23,313,024 </td> <td> $ 19,523,885 </td> </tr> <tr> <td> Federal Work-Study </td> <td> $ 1,799,704 </td> <td> </td> </tr> <tr> <td> State and other (e.g., institutional) work￾ <br/> study/employment (Note: Excludes Federal <br/> Work-Study captured above.) </td> <td> $0 </td> <td> $0 </td> </tr> <tr> <td> Total Self-Help </td> <td> $25,112,728 </td> <td> $19,523,885 </td> </tr> <tr> <td> PARENT LOANS </td> <td> $0 </td> <td> $ 10,821,657 </td> </tr> <tr> <td> TUITION WAIVERS </td> <td> $0 </td> <td> $0 </td> </tr> <tr> <td> ATHLETIC AWARDS </td> <td> $0 </td> <td> $0 </td> </tr> </table>",168421,../data/cds-docs/2024-2025/168421.pdf,2024-2025
H,2,H2,Number of Enrolled Students Awarded Aid: List the number of degree-seeking,"[[{0: '', 1: 'Full-time\nFirst-time\nFirst-year', 2: 'Full-time\nUndergrad\n(Incl. year) First\ufffe', 3: 'Less Than\nFull-time\nUndergrad'}, {0: 'a) Number of degree-seeking undergraduate students\n(CDS Item B1 if reporting on Fall 2024 cohort)', 1: '1357', 2: '5245', 3: '99'}, {0: 'b) Number of students in line a who applied for need\ufffe\nbased financial aid', 1: '1170', 2: '3699', 3: '24'}, {0: 'c) Number of students in line b who were determined\nto have financial need', 1: '798', 2: '2855', 3: '19'}, {0: 'd) Number of students in line c who were awarded\nany financial aid', 1: '798', 2: '2853', 3: '17'}, {0: 'e) Number of students in line d who were awarded\nany need-based scholarship or grant aid', 1: '794', 2: '2845', 3: '16'}, {0: 'f) Number of students in line d who were awarded\nany need-based self-help aid', 1: '590', 2: '2179', 3: '11'}, {0: 'g) Number of students in line d who were awarded\nany non-need-based scholarship or grant aid', 1: '253', 2: '607', 3: '4'}, {0: 'h) Number of students in line d whose need was fully\nmet (exclude PLUS loans, unsubsidized loans, and\nprivate alternative loans)', 1: '256', 2: '680', 3: '5'}, {0: 'i) On average, the percentage of need that was met\nof students who were awarded any need-based aid.\nExclude any aid that was awarded in excess of need\nas well as any resources that were awarded to\nreplace EFC (PLUS loans, unsubsidized loans, and\nprivate alternative loans)', 1: '81.9%', 2: '73.3%', 3: '41.3%'}, {0: 'j) The average financial aid package of those in line\nd. Exclude any resources that were awarded to\nreplace EFC (PLUS loans, unsubsidized loans, and\nprivate alternative loans)', 1: '$ 38,924', 2: '$ 37,984', 3: '$ 16,880'}, {0: 'k) Average need-based scholarship or grant award of\nthose in line e', 1: '$ 36,218', 2: '$ 33,525', 3: '$ 14,100'}, {0: 'l) Average need-based self-help award (excluding\nPLUS loans, unsubsidized loans, and private\nalternative loans) of those in line f', 1: '$ 3,905', 2: '$ 5,961', 3: '$ 5,577'}, {0: 'm) Average need-based loan (excluding PLUS loans,\nunsubsidized loans, and private alternative loans)\nof those in line f who were awarded a need-based\nloan', 1: '$ 3,175', 2: '$ 5,135', 3: '$ 5,577'}], [{0: '', 1: 'Full-time\nFirst-time\nFirst-year', 2: 'Full-time\nUndergrad\n(Incl. year) First\ufffe', 3: 'Less Than\nFull-time\nUndergrad'}, {0: 'n) Number of students in line a who had no financial\nneed and who were awarded institutional non\ufffe\nneed-based scholarship or grant aid (exclude those\nwho were awarded athletic awards and tuition\nbenefits)', 1: '558', 2: '2347', 3: '9'}, {0: 'o) Average dollar amount of institutional non-need\ufffe\nbased scholarship and grant aid awarded to\nstudents in line n', 1: '$ 22,761', 2: '$ 22,149', 3: '$ 13,040'}, {0: 'p) Number of students in line a who were awarded an\ninstitutional non-need-based athletic scholarship or\ngrant', 1: '-', 2: '-', 3: '-'}, {0: 'q) Average dollar amount of institutional non-need\ufffe\nbased athletic scholarships and grants awarded to\nstudents in line p', 1: '-', 2: '-', 3: '-'}]]","<table> <tr> <td> </td> <td> Full-time <br/> First-time <br/> First-year </td> <td> Full-time <br/> Undergrad <br/> (Incl. year) First￾ </td> <td> Less Than <br/> Full-time <br/> Undergrad </td> </tr> <tr> <td> a) Number of degree-seeking undergraduate students <br/> (CDS Item B1 if reporting on Fall 2024 cohort) </td> <td> 1357 </td> <td> 5245 </td> <td> 99 </td> </tr> <tr> <td> b) Number of students in line a who applied for need￾ <br/> based financial aid </td> <td> 1170 </td> <td> 3699 </td> <td> 24 </td> </tr> <tr> <td> c) Number of students in line b who were determined <br/> to have financial need </td> <td> 798 </td> <td> 2855 </td> <td> 19 </td> </tr> <tr> <td> d) Number of students in line c who were awarded <br/> any financial aid </td> <td> 798 </td> <td> 2853 </td> <td> 17 </td> </tr> <tr> <td> e) Number of students in line d who were awarded <br/> any need-based scholarship or grant aid </td> <td> 794 </td> <td> 2845 </td> <td> 16 </td> </tr> <tr> <td> f) Number of students in line d who were awarded <br/> any need-based self-help aid </td> <td> 590 </td> <td> 2179 </td> <td> 11 </td> </tr> <tr> <td> g) Number of students in line d who were awarded <br/> any non-need-based scholarship or grant aid </td> <td> 253 </td> <td> 607 </td> <td> 4 </td> </tr> <tr> <td> h) Number of students in line d whose need was fully <br/> met (exclude PLUS loans, unsubsidized loans, and <br/> private alternative loans) </td> <td> 256 </td> <td> 680 </td> <td> 5 </td> </tr> <tr> <td> i) On average, the percentage of need that was met <br/> of students who were awarded any need-based aid. <br/> Exclude any aid that was awarded in excess of need <br/> as well as any resources that were awarded to <br/> replace EFC (PLUS loans, unsubsidized loans, and <br/> private alternative loans) </td> <td> 81.9% </td> <td> 73.3% </td> <td> 41.3% </td> </tr> <tr> <td> j) The average financial aid package of those in line <br/> d. Exclude any resources that were awarded to <br/> replace EFC (PLUS loans, unsubsidized loans, and <br/> private alternative loans) </td> <td> $ 38,924 </td> <td> $ 37,984 </td> <td> $ 16,880 </td> </tr> <tr> <td> k) Average need-based scholarship or grant award of <br/> those in line e </td> <td> $ 36,218 </td> <td> $ 33,525 </td> <td> $ 14,100 </td> </tr> <tr> <td> l) Average need-based self-help award (excluding <br/> PLUS loans, unsubsidized loans, and private <br/> alternative loans) of those in line f </td> <td> $ 3,905 </td> <td> $ 5,961 </td> <td> $ 5,577 </td> </tr> <tr> <td> m) Average need-based loan (excluding PLUS loans, <br/> unsubsidized loans, and private alternative loans) <br/> of those in line f who were awarded a need-based <br/> loan </td> <td> $ 3,175 </td> <td> $ 5,135 </td> <td> $ 5,577 </td> </tr> </table><div class=""separator""></div><table> <tr> <td> </td> <td> Full-time <br/> First-time <br/> First-year </td> <td> Full-time <br/> Undergrad <br/> (Incl. year) First￾ </td> <td> Less Than <br/> Full-time <br/> Undergrad </td> </tr> <tr> <td> n) Number of students in line a who had no financial <br/> need and who were awarded institutional non￾ <br/> need-based scholarship or grant aid (exclude those <br/> who were awarded athletic awards and tuition <br/> benefits) </td> <td> 558 </td> <td> 2347 </td> <td> 9 </td> </tr> <tr> <td> o) Average dollar amount of institutional non-need￾ <br/> based scholarship and grant aid awarded to <br/> students in line n </td> <td> $ 22,761 </td> <td> $ 22,149 </td> <td> $ 13,040 </td> </tr> <tr> <td> p) Number of students in line a who were awarded an <br/> institutional non-need-based athletic scholarship or <br/> grant </td> <td> - </td> <td> - </td> <td> - </td> </tr> <tr> <td> q) Average dollar amount of institutional non-need￾ <br/> based athletic scholarships and grants awarded to <br/> students in line p </td> <td> - </td> <td> - </td> <td> - </td> </tr> </table>",168421,../data/cds-docs/2024-2025/168421.pdf,2024-2025
H,5,H5,"Number and percent of students in class (defined in H4 above) borrowing from federal,","[[{0: 'Source/Type of Loan', 1: 'Number in the\nclass (defined in\nH4 above) who\nborrowed from\nthe types of\nloans specified\nin the first\ncolumn', 2: 'Percent of the\nclass (defined\nabove) who\nborrowed from\nthe types of\nloans specified\nin the first\ncolumn (nearest\n1%)', 3: 'Average per\ufffe\nundergraduate\ufffe\nborrower\ncumulative\nprincipal\nborrowed from\nthe types of\nloans specified\nin the first\ncolumn (nearest\n$1)'}, {0: 'a) Any loan program: Federal\nPerkins, Federal Stafford\nSubsidized and Unsubsidized,\ninstitutional, state, private loans\nthat your institution is aware of,\netc. Include both Federal Direct\nStudent Loans and Federal\nFamily Education Loans', 1: '-', 2: '-', 3: '-'}, {0: 'b) Federal loan programs: Federal\nPerkins, Federal Stafford\nSubsidized and Unsubsidized.\nInclude both Federal Direct\nStudent Loans and Federal\nFamily Education Loans', 1: '656', 2: '59%', 3: '$ 22,553'}, {0: 'c) Institutional loan programs', 1: '375', 2: '34%', 3: '$ 8,639'}, {0: 'd) State loan programs', 1: '58', 2: '5%', 3: '$ 4,177'}, {0: 'e) Private student loans made by a\nbank or lender', 1: '-', 2: '-', 3: '-'}]]","<table> <tr> <td> Source/Type of Loan </td> <td> Number in the <br/> class (defined in <br/> H4 above) who <br/> borrowed from <br/> the types of <br/> loans specified <br/> in the first <br/> column </td> <td> Percent of the <br/> class (defined <br/> above) who <br/> borrowed from <br/> the types of <br/> loans specified <br/> in the first <br/> column (nearest <br/> 1%) </td> <td> Average per￾ <br/> undergraduate￾ <br/> borrower <br/> cumulative <br/> principal <br/> borrowed from <br/> the types of <br/> loans specified <br/> in the first <br/> column (nearest <br/> $1) </td> </tr> <tr> <td> a) Any loan program: Federal <br/> Perkins, Federal Stafford <br/> Subsidized and Unsubsidized, <br/> institutional, state, private loans <br/> that your institution is aware of, <br/> etc. Include both Federal Direct <br/> Student Loans and Federal <br/> Family Education Loans </td> <td> - </td> <td> - </td> <td> - </td> </tr> <tr> <td> b) Federal loan programs: Federal <br/> Perkins, Federal Stafford <br/> Subsidized and Unsubsidized. <br/> Include both Federal Direct <br/> Student Loans and Federal <br/> Family Education Loans </td> <td> 656 </td> <td> 59% </td> <td> $ 22,553 </td> </tr> <tr> <td> c) Institutional loan programs </td> <td> 375 </td> <td> 34% </td> <td> $ 8,639 </td> </tr> <tr> <td> d) State loan programs </td> <td> 58 </td> <td> 5% </td> <td> $ 4,177 </td> </tr> <tr> <td> e) Private student loans made by a <br/> bank or lender </td> <td> - </td> <td> - </td> <td> - </td> </tr> </table>",168421,../data/cds-docs/2024-2025/168421.pdf,2024-2025
H,14,H14,Check off criteria used in awarding institutional aid.,"[[{0: '', 1: 'Non-Need-Based', 2: 'Need-Based'}, {0: 'Academics', 1: 'X', 2: 'X'}, {0: 'Alumni affiliation', 1: '', 2: ''}, {0: 'Art', 1: '', 2: ''}, {0: 'Athletics', 1: '', 2: ''}, {0: 'Job skills', 1: '', 2: ''}, {0: 'ROTC', 1: 'X', 2: ''}, {0: 'Leadership', 1: 'X', 2: 'X'}, {0: 'Minority status', 1: '', 2: ''}, {0: 'Music/drama', 1: '', 2: ''}, {0: 'Religious affiliation', 1: '', 2: ''}, {0: 'State/district residency', 1: '', 2: ''}]]",<table> <tr> <td> </td> <td> Non-Need-Based </td> <td> Need-Based </td> </tr> <tr> <td> Academics </td> <td> X </td> <td> X </td> </tr> <tr> <td> Alumni affiliation </td> <td> </td> <td> </td> </tr> <tr> <td> Art </td> <td> </td> <td> </td> </tr> <tr> <td> Athletics </td> <td> </td> <td> </td> </tr> <tr> <td> Job skills </td> <td> </td> <td> </td> </tr> <tr> <td> ROTC </td> <td> X </td> <td> </td> </tr> <tr> <td> Leadership </td> <td> X </td> <td> X </td> </tr> <tr> <td> Minority status </td> <td> </td> <td> </td> </tr> <tr> <td> Music/drama </td> <td> </td> <td> </td> </tr> <tr> <td> Religious affiliation </td> <td> </td> <td> </td> </tr> <tr> <td> State/district residency </td> <td> </td> <td> </td> </tr> </table>,168421,../data/cds-docs/2024-2025/168421.pdf,2024-2025
A,0,A0,Respondent Information,"[[{0: 'Name:', 1: 'Melissa Leahy'}, {0: 'Title:', 1: 'Director of Institutional Research'}, {0: 'Office:', 1: 'Office of Strategic Initiatives & University Analytics'}, {0: 'Mailing Address:', 1: '100 Institute Road\nWorcester, MA 01609\nUSA'}, {0: 'Phone:', 1: ''}, {0: 'Fax:', 1: ''}, {0: 'Email:', 1: 'mml@wpi.edu'}]]","<table> <tr> <td> Name: </td> <td> Melissa Leahy </td> </tr> <tr> <td> Title: </td> <td> Director of Institutional Research </td> </tr> <tr> <td> Office: </td> <td> Office of Strategic Initiatives &amp; University Analytics </td> </tr> <tr> <td> Mailing Address: </td> <td> 100 Institute Road <br/> Worcester, MA 01609 <br/> USA </td> </tr> <tr> <td> Phone: </td> <td> </td> </tr> <tr> <td> Fax: </td> <td> </td> </tr> <tr> <td> Email: </td> <td> mml@wpi.edu </td> </tr> </table>",168421,../data/cds-docs/2023-2024/168421.pdf,2023-2024
A,1,A1,Address Information,"[[{0: 'Name of College/University:', 1: 'Worcester Polytechnic Institute'}, {0: 'Address:', 1: '100 Institute Road\nWorcester, MA 01609\nUSA'}, {0: 'Main Phone:', 1: '508-831-5000'}, {0: 'Homepage:', 1: 'https://www.wpi.edu/'}, {0: 'Admissions Address:', 1: 'Admissions Office\nBartlett Center\n100 Institute Road\nWorcester, MA 01609\nUSA'}, {0: 'Admissions Phone:', 1: '508-831-5286'}, {0: 'Admissions Fax:', 1: '508-831-5875'}, {0: 'Admissions Email:', 1: 'admissions@wpi.edu'}, {0: 'Online Application:', 1: 'https://www.wpi.edu/admissions/undergraduate/apply'}]]","<table> <tr> <td> Name of College/University: </td> <td> Worcester Polytechnic Institute </td> </tr> <tr> <td> Address: </td> <td> 100 Institute Road <br/> Worcester, MA 01609 <br/> USA </td> </tr> <tr> <td> Main Phone: </td> <td> 508-831-5000 </td> </tr> <tr> <td> Homepage: </td> <td> https://www.wpi.edu/ </td> </tr> <tr> <td> Admissions Address: </td> <td> Admissions Office <br/> Bartlett Center <br/> 100 Institute Road <br/> Worcester, MA 01609 <br/> USA </td> </tr> <tr> <td> Admissions Phone: </td> <td> 508-831-5286 </td> </tr> <tr> <td> Admissions Fax: </td> <td> 508-831-5875 </td> </tr> <tr> <td> Admissions Email: </td> <td> admissions@wpi.edu </td> </tr> <tr> <td> Online Application: </td> <td> https://www.wpi.edu/admissions/undergraduate/apply </td> </tr> </table>",168421,../data/cds-docs/2023-2024/168421.pdf,2023-2024
B,1,B1,Institutional Enrollment: Provide numbers of students for each of the following,"[[{0: '', 1: 'FULL-TIME', 2: 'FULL-TIME', 3: 'PART-TIME', 4: 'PART-TIME', 5: ''}, {0: '', 1: 'Men', 2: 'Women', 3: 'Men', 4: 'Women', 5: 'TOTAL'}, {0: 'Undergraduate Students', 1: '', 2: '', 3: '', 4: '', 5: ''}, {0: 'Degree-seeking, first-time, first-year students', 1: '955', 2: '402', 3: '3', 4: '0', 5: '1,360'}, {0: 'Other first-year, degree-seeking students', 1: '59', 2: '20', 3: '0', 4: '0', 5: '79'}, {0: 'All other degree-seeking undergraduate students', 1: '2,402', 2: '1,407', 3: '70', 4: '26', 5: '3,905'}, {0: 'Total degree-seeking undergraduate students', 1: '3,416', 2: '1,829', 3: '73', 4: '26', 5: '5,344'}, {0: 'All other undergraduates enrolled in credit courses', 1: '28', 2: '29', 3: '34', 4: '18', 5: '109'}, {0: 'Total Undergraduate Students', 1: '3,444', 2: '1,858', 3: '107', 4: '44', 5: '5,453'}, {0: 'Graduate Students', 1: '', 2: '', 3: '', 4: '', 5: ''}, {0: 'Degree-seeking, first-time', 1: '239', 2: '118', 3: '76', 4: '40', 5: '473'}, {0: 'All other degree-seeking', 1: '349', 2: '182', 3: '577', 4: '260', 5: '1,368'}, {0: 'All other graduates enrolled in credit courses', 1: '7', 2: '0', 3: '34', 4: '18', 5: '59'}, {0: 'Total Graduate Students', 1: '595', 2: '300', 3: '687', 4: '318', 5: '1,900'}, {0: 'Total All Students', 1: '4,039', 2: '2,158', 3: '794', 4: '362', 5: '7,353'}], [{0: 'Total All Undergraduate Students', 1: '5,453'}, {0: 'Total All Graduate Students', 1: '1,900'}, {0: 'Grand Total of All Students', 1: '7,353'}]]","<table> <tr> <td> </td> <td colspan=""2""> FULL-TIME </td> <td colspan=""2""> PART-TIME </td> <td> </td> </tr> <tr> <td> </td> <td> Men </td> <td> Women </td> <td> Men </td> <td> Women </td> <td> TOTAL </td> </tr> <tr> <td> Undergraduate Students </td> <td> </td> <td> </td> <td> </td> <td> </td> <td> </td> </tr> <tr> <td> Degree-seeking, first-time, first-year students </td> <td> 955 </td> <td> 402 </td> <td> 3 </td> <td> 0 </td> <td> 1,360 </td> </tr> <tr> <td> Other first-year, degree-seeking students </td> <td> 59 </td> <td> 20 </td> <td> 0 </td> <td> 0 </td> <td> 79 </td> </tr> <tr> <td> All other degree-seeking undergraduate students </td> <td> 2,402 </td> <td> 1,407 </td> <td> 70 </td> <td> 26 </td> <td> 3,905 </td> </tr> <tr> <td> Total degree-seeking undergraduate students </td> <td> 3,416 </td> <td> 1,829 </td> <td> 73 </td> <td> 26 </td> <td> 5,344 </td> </tr> <tr> <td> All other undergraduates enrolled in credit courses </td> <td> 28 </td> <td> 29 </td> <td> 34 </td> <td> 18 </td> <td> 109 </td> </tr> <tr> <td> Total Undergraduate Students </td> <td> 3,444 </td> <td> 1,858 </td> <td> 107 </td> <td> 44 </td> <td> 5,453 </td> </tr> <tr> <td> Graduate Students </td> <td> </td> <td> </td> <td> </td> <td> </td> <td> </td> </tr> <tr> <td> Degree-seeking, first-time </td> <td> 239 </td> <td> 118 </td> <td> 76 </td> <td> 40 </td> <td> 473 </td> </tr> <tr> <td> All other degree-seeking </td> <td> 349 </td> <td> 182 </td> <td> 577 </td> <td> 260 </td> <td> 1,368 </td> </tr> <tr> <td> All other graduates enrolled in credit courses </td> <td> 7 </td> <td> 0 </td> <td> 34 </td> <td> 18 </td> <td> 59 </td> </tr> <tr> <td> Total Graduate Students </td> <td> 595 </td> <td> 300 </td> <td> 687 </td> <td> 318 </td> <td> 1,900 </td> </tr> <tr> <td> Total All Students </td> <td> 4,039 </td> <td> 2,158 </td> <td> 794 </td> <td> 362 </td> <td> 7,353 </td> </tr> </table><div class=""separator""></div><table> <tr> <td> Total All Undergraduate Students </td> <td> 5,453 </td> </tr> <tr> <td> Total All Graduate Students </td> <td> 1,900 </td> </tr> <tr> <td> Grand Total of All Students </td> <td> 7,353 </td> </tr> </table>",168421,../data/cds-docs/2023-2024/168421.pdf,2023-2024
B,2,B2,Enrollment by Racial/Ethnic Category,"[[{0: '', 1: 'Degree\ufffe\nseeking\nFirst-time,\nFirst-year', 2: 'Degree-seeking\nUndergraduates\n(including first\ufffe\ntime,\nfirst-year)', 3: 'Total\nUndergraduates\n(both degree\ufffe\nand non-degree\ufffe\nseeking)'}, {0: 'International (nonresidents)', 1: '90', 2: '355', 3: '358'}, {0: 'Hispanic/Latino', 1: '96', 2: '446', 3: '448'}, {0: 'Black or African American, non-Hispanic', 1: '37', 2: '152', 3: '152'}, {0: 'White, non-Hispanic', 1: '896', 2: '3,460', 3: '3,468'}, {0: 'American Indian or Alaska Native, non\ufffe\nHispanic', 1: '2', 2: '3', 3: '3'}, {0: 'Asian, non-Hispanic', 1: '177', 2: '677', 3: '685'}, {0: 'Native Hawaiian or other Pacific Islander,\nnon-Hispanic', 1: '0', 2: '4', 3: '4'}, {0: 'Two or more races, non-Hispanic', 1: '44', 2: '192', 3: '192'}, {0: 'Race and/or ethnicity unknown', 1: '15', 2: '55', 3: '143'}, {0: 'Total', 1: '1,357', 2: '5,344', 3: '5,453'}]]","<table> <tr> <td> </td> <td> Degree￾ <br/> seeking <br/> First-time, <br/> First-year </td> <td> Degree-seeking <br/> Undergraduates <br/> (including first￾ <br/> time, <br/> first-year) </td> <td> Total <br/> Undergraduates <br/> (both degree￾ <br/> and non-degree￾ <br/> seeking) </td> </tr> <tr> <td> International (nonresidents) </td> <td> 90 </td> <td> 355 </td> <td> 358 </td> </tr> <tr> <td> Hispanic/Latino </td> <td> 96 </td> <td> 446 </td> <td> 448 </td> </tr> <tr> <td> Black or African American, non-Hispanic </td> <td> 37 </td> <td> 152 </td> <td> 152 </td> </tr> <tr> <td> White, non-Hispanic </td> <td> 896 </td> <td> 3,460 </td> <td> 3,468 </td> </tr> <tr> <td> American Indian or Alaska Native, non￾ <br/> Hispanic </td> <td> 2 </td> <td> 3 </td> <td> 3 </td> </tr> <tr> <td> Asian, non-Hispanic </td> <td> 177 </td> <td> 677 </td> <td> 685 </td> </tr> <tr> <td> Native Hawaiian or other Pacific Islander, <br/> non-Hispanic </td> <td> 0 </td> <td> 4 </td> <td> 4 </td> </tr> <tr> <td> Two or more races, non-Hispanic </td> <td> 44 </td> <td> 192 </td> <td> 192 </td> </tr> <tr> <td> Race and/or ethnicity unknown </td> <td> 15 </td> <td> 55 </td> <td> 143 </td> </tr> <tr> <td> Total </td> <td> 1,357 </td> <td> 5,344 </td> <td> 5,453 </td> </tr> </table>",168421,../data/cds-docs/2023-2024/168421.pdf,2023-2024
B,3,B3,Persistence,"[[{0: 'Certificate/diploma', 1: ''}, {0: 'Associate degrees', 1: ''}, {0: 'Bachelor’s degrees', 1: '1,088'}, {0: 'Post-bachelor’s certificates', 1: '65'}, {0: 'Master’s degrees', 1: '785'}, {0: 'Post-master’s certificates', 1: '2'}, {0: 'Doctoral degrees – research/scholarship', 1: '88'}, {0: 'Doctoral degrees – professional practice', 1: ''}, {0: 'Doctoral degrees – other', 1: ''}, {0: 'Total', 1: '2,028'}]]","<table> <tr> <td> Certificate/diploma </td> <td> </td> </tr> <tr> <td> Associate degrees </td> <td> </td> </tr> <tr> <td> Bachelor’s degrees </td> <td> 1,088 </td> </tr> <tr> <td> Post-bachelor’s certificates </td> <td> 65 </td> </tr> <tr> <td> Master’s degrees </td> <td> 785 </td> </tr> <tr> <td> Post-master’s certificates </td> <td> 2 </td> </tr> <tr> <td> Doctoral degrees – research/scholarship </td> <td> 88 </td> </tr> <tr> <td> Doctoral degrees – professional practice </td> <td> </td> </tr> <tr> <td> Doctoral degrees – other </td> <td> </td> </tr> <tr> <td> Total </td> <td> 2,028 </td> </tr> </table>",168421,../data/cds-docs/2023-2024/168421.pdf,2023-2024
B,4,B4,–B21: Graduation Rates,"[[{0: 'Fall 2017 Cohort', 1: 'Recipients\nof a Federal\nPell Grant', 2: 'Recipients\nSubsidized of a\nStafford\nLoan who\ndid not\nreceive a\nPell Grant', 3: 'Students\nwho did not\nreceive\neither a Pell\nGrant or a\nsubsidized\nStafford\nLoan', 4: 'TOTAL'}, {0: ""A - Initial 2017 cohort of first-time, full-time,\nbachelor's (or equivalent) degree-seeking\nundergraduate students"", 1: '117', 2: '324', 3: '683', 4: '1,124'}, {0: 'B - Of the initial 2017 cohort, how many did\nnot persist and did not graduate for the\nfollowing reasons: deceased, permanently\ndisabled, armed forces, foreign aid service of\nthe federal government, or official church\nmissions; total allowable exclusions', 1: '0', 2: '0', 3: '0', 4: '0'}, {0: 'C - Final 2017 cohort, after adjusting for\nallowable exclusions', 1: '117', 2: '324', 3: '683', 4: '1,124'}, {0: 'D - Of the initial 2017 cohort, how many\ncompleted the program in four years or less (by\nAug. 31, 2021)', 1: '85', 2: '279', 3: '565', 4: '929'}, {0: 'E - Of the initial 2017 cohort, how many\ncompleted the program in more than four years\nbut in five years or less (after Aug. 31, 2021\nand by Aug. 31, 2022)', 1: '10', 2: '17', 3: '30', 4: '57'}, {0: 'F - Of the initial 2017 cohort, how many\ncompleted the program in more than five years\nbut in six years or less (after Aug. 31, 2022\nand by Aug. 31, 2023)', 1: '0', 2: '2', 3: '6', 4: '8'}, {0: 'G - Total graduating within six years (sum of\nlines D, E, and F)', 1: '95', 2: '298', 3: '601', 4: '994'}, {0: 'H - Six-year graduation rate for 2017 cohort (G\ndivided by C)', 1: '81%', 2: '92%', 3: '88%', 4: '88%'}]]","<table> <tr> <td> Fall 2017 Cohort </td> <td> Recipients <br/> of a Federal <br/> Pell Grant </td> <td> Recipients <br/> Subsidized of a <br/> Stafford <br/> Loan who <br/> did not <br/> receive a <br/> Pell Grant </td> <td> Students <br/> who did not <br/> receive <br/> either a Pell <br/> Grant or a <br/> subsidized <br/> Stafford <br/> Loan </td> <td> TOTAL </td> </tr> <tr> <td> A - Initial 2017 cohort of first-time, full-time, <br/> bachelor's (or equivalent) degree-seeking <br/> undergraduate students </td> <td> 117 </td> <td> 324 </td> <td> 683 </td> <td> 1,124 </td> </tr> <tr> <td> B - Of the initial 2017 cohort, how many did <br/> not persist and did not graduate for the <br/> following reasons: deceased, permanently <br/> disabled, armed forces, foreign aid service of <br/> the federal government, or official church <br/> missions; total allowable exclusions </td> <td> 0 </td> <td> 0 </td> <td> 0 </td> <td> 0 </td> </tr> <tr> <td> C - Final 2017 cohort, after adjusting for <br/> allowable exclusions </td> <td> 117 </td> <td> 324 </td> <td> 683 </td> <td> 1,124 </td> </tr> <tr> <td> D - Of the initial 2017 cohort, how many <br/> completed the program in four years or less (by <br/> Aug. 31, 2021) </td> <td> 85 </td> <td> 279 </td> <td> 565 </td> <td> 929 </td> </tr> <tr> <td> E - Of the initial 2017 cohort, how many <br/> completed the program in more than four years <br/> but in five years or less (after Aug. 31, 2021 <br/> and by Aug. 31, 2022) </td> <td> 10 </td> <td> 17 </td> <td> 30 </td> <td> 57 </td> </tr> <tr> <td> F - Of the initial 2017 cohort, how many <br/> completed the program in more than five years <br/> but in six years or less (after Aug. 31, 2022 <br/> and by Aug. 31, 2023) </td> <td> 0 </td> <td> 2 </td> <td> 6 </td> <td> 8 </td> </tr> <tr> <td> G - Total graduating within six years (sum of <br/> lines D, E, and F) </td> <td> 95 </td> <td> 298 </td> <td> 601 </td> <td> 994 </td> </tr> <tr> <td> H - Six-year graduation rate for 2017 cohort (G <br/> divided by C) </td> <td> 81% </td> <td> 92% </td> <td> 88% </td> <td> 88% </td> </tr> </table>",168421,../data/cds-docs/2023-2024/168421.pdf,2023-2024
C,1,C1,"First-time, first-year students: Provide the number of degree-seeking, first-time,","[[{0: 'Fall 2023', 1: 'Men', 2: 'Women', 3: 'Another\nGender', 4: 'Total'}, {0: 'Total first-time, first-year students who applied', 1: '8,344', 2: '3,464', 3: '1', 4: '11,809'}, {0: 'Total first-time, first-year students admitted', 1: '4,502', 2: '2,405', 3: '1', 4: '6,908'}, {0: 'Total first-time, first-year students enrolled', 1: '958', 2: '402', 3: '', 4: '1,360'}, {0: 'Full-time, first-time, first-year students enrolled', 1: '955', 2: '402', 3: '', 4: '1,357'}, {0: 'Part-time, first-time, first-year students enrolled', 1: '3', 2: '', 3: '', 4: '3'}], [{0: 'Fall 2023', 1: 'In-State', 2: 'Out-of-State', 3: 'International', 4: 'Total'}, {0: 'Total first-time, first-year who applied', 1: '3,977', 2: '6,470', 3: '1,362', 4: '11,809'}, {0: 'Total first-time, first-year admitted', 1: '2,285', 2: '4,005', 3: '618', 4: '6,908'}, {0: 'Total first-time, first-year enrolled', 1: '595', 2: '674', 3: '91', 4: '1,360'}]]","<table> <tr> <td> Fall 2023 </td> <td> Men </td> <td> Women </td> <td> Another <br/> Gender </td> <td> Total </td> </tr> <tr> <td> Total first-time, first-year students who applied </td> <td> 8,344 </td> <td> 3,464 </td> <td> 1 </td> <td> 11,809 </td> </tr> <tr> <td> Total first-time, first-year students admitted </td> <td> 4,502 </td> <td> 2,405 </td> <td> 1 </td> <td> 6,908 </td> </tr> <tr> <td> Total first-time, first-year students enrolled </td> <td> 958 </td> <td> 402 </td> <td> </td> <td> 1,360 </td> </tr> <tr> <td> Full-time, first-time, first-year students enrolled </td> <td> 955 </td> <td> 402 </td> <td> </td> <td> 1,357 </td> </tr> <tr> <td> Part-time, first-time, first-year students enrolled </td> <td> 3 </td> <td> </td> <td> </td> <td> 3 </td> </tr> </table><div class=""separator""></div><table> <tr> <td> Fall 2023 </td> <td> In-State </td> <td> Out-of-State </td> <td> International </td> <td> Total </td> </tr> <tr> <td> Total first-time, first-year who applied </td> <td> 3,977 </td> <td> 6,470 </td> <td> 1,362 </td> <td> 11,809 </td> </tr> <tr> <td> Total first-time, first-year admitted </td> <td> 2,285 </td> <td> 4,005 </td> <td> 618 </td> <td> 6,908 </td> </tr> <tr> <td> Total first-time, first-year enrolled </td> <td> 595 </td> <td> 674 </td> <td> 91 </td> <td> 1,360 </td> </tr> </table>",168421,../data/cds-docs/2023-2024/168421.pdf,2023-2024
C,2,C2,"First-time, first-year wait-listed students (students who met admission","[[{0: 'Number of qualified applicants offered a place on waiting list', 1: '2,580'}, {0: 'Number accepting a place on waiting list', 1: '1,130'}, {0: 'Number of wait-listed students admitted', 1: '285'}]]","<table> <tr> <td> Number of qualified applicants offered a place on waiting list </td> <td> 2,580 </td> </tr> <tr> <td> Number accepting a place on waiting list </td> <td> 1,130 </td> </tr> <tr> <td> Number of wait-listed students admitted </td> <td> 285 </td> </tr> </table>",168421,../data/cds-docs/2023-2024/168421.pdf,2023-2024
C,5,C5,Distribution of high school units required and/or recommended. Specify the,"[[{0: '', 1: 'Units Required', 2: 'Units Recommended'}, {0: 'Total Academic Units', 1: '10', 2: ''}, {0: 'English', 1: '4', 2: ''}, {0: 'Mathematics', 1: '4', 2: ''}, {0: 'Science', 1: '2', 2: '4'}, {0: 'Of these, units that must be lab', 1: '2', 2: ''}, {0: 'Foreign Language', 1: '', 2: '2'}, {0: 'Social Studies', 1: '', 2: '2'}, {0: 'History', 1: '', 2: '1'}, {0: 'Academic Electives', 1: '', 2: ''}, {0: 'Computer Science', 1: '', 2: '1'}, {0: 'Visual/Performing Arts', 1: '', 2: ''}, {0: 'Other (specify)', 1: '', 2: ''}]]","<table> <tr> <td> </td> <td> Units Required </td> <td> Units Recommended </td> </tr> <tr> <td> Total Academic Units </td> <td> 10 </td> <td> </td> </tr> <tr> <td> English </td> <td> 4 </td> <td> </td> </tr> <tr> <td> Mathematics </td> <td> 4 </td> <td> </td> </tr> <tr> <td> Science </td> <td> 2 </td> <td> 4 </td> </tr> <tr> <td> Of these, units that must be lab </td> <td> 2 </td> <td> </td> </tr> <tr> <td> Foreign Language </td> <td> </td> <td> 2 </td> </tr> <tr> <td> Social Studies </td> <td> </td> <td> 2 </td> </tr> <tr> <td> History </td> <td> </td> <td> 1 </td> </tr> <tr> <td> Academic Electives </td> <td> </td> <td> </td> </tr> <tr> <td> Computer Science </td> <td> </td> <td> 1 </td> </tr> <tr> <td> Visual/Performing Arts </td> <td> </td> <td> </td> </tr> <tr> <td> Other (specify) </td> <td> </td> <td> </td> </tr> </table>",168421,../data/cds-docs/2023-2024/168421.pdf,2023-2024
C,7,C7,Relative importance of factors in admission decisions:,"[[{0: '', 1: 'Important Very', 2: 'Important', 3: 'Considered', 4: 'Considered Not'}, {0: 'Academic', 1: '', 2: '', 3: '', 4: ''}, {0: 'Rigor of secondary school record', 1: 'X', 2: '', 3: '', 4: ''}, {0: 'Class rank', 1: '', 2: 'X', 3: '', 4: ''}, {0: 'Academic GPA', 1: 'X', 2: '', 3: '', 4: ''}, {0: 'Recommendations', 1: '', 2: 'X', 3: '', 4: ''}, {0: 'Standardized test scores', 1: '', 2: '', 3: '', 4: 'X'}, {0: 'Application Essay', 1: '', 2: '', 3: 'X', 4: ''}, {0: 'Nonacademic', 1: '', 2: '', 3: '', 4: ''}, {0: 'Interview', 1: '', 2: '', 3: '', 4: 'X'}, {0: 'Extracurricular activities', 1: '', 2: 'X', 3: '', 4: ''}, {0: 'Talent/ability', 1: '', 2: '', 3: 'X', 4: ''}, {0: 'Character/personal qualities', 1: '', 2: 'X', 3: '', 4: ''}, {0: 'First generation', 1: '', 2: '', 3: 'X', 4: ''}, {0: 'Alumni/ae relation', 1: '', 2: '', 3: 'X', 4: ''}, {0: 'Geographical residence', 1: '', 2: '', 3: 'X', 4: ''}, {0: 'State residency', 1: '', 2: '', 3: '', 4: 'X'}, {0: 'Religious affiliation/commitment', 1: '', 2: '', 3: '', 4: 'X'}, {0: 'Volunteer work', 1: '', 2: '', 3: 'X', 4: ''}, {0: 'Work experience', 1: '', 2: '', 3: 'X', 4: ''}, {0: 'Level of applicant’s interest', 1: '', 2: '', 3: 'X', 4: ''}]]",<table> <tr> <td> </td> <td> Important Very </td> <td> Important </td> <td> Considered </td> <td> Considered Not </td> </tr> <tr> <td> Academic </td> <td> </td> <td> </td> <td> </td> <td> </td> </tr> <tr> <td> Rigor of secondary school record </td> <td> X </td> <td> </td> <td> </td> <td> </td> </tr> <tr> <td> Class rank </td> <td> </td> <td> X </td> <td> </td> <td> </td> </tr> <tr> <td> Academic GPA </td> <td> X </td> <td> </td> <td> </td> <td> </td> </tr> <tr> <td> Recommendations </td> <td> </td> <td> X </td> <td> </td> <td> </td> </tr> <tr> <td> Standardized test scores </td> <td> </td> <td> </td> <td> </td> <td> X </td> </tr> <tr> <td> Application Essay </td> <td> </td> <td> </td> <td> X </td> <td> </td> </tr> <tr> <td> Nonacademic </td> <td> </td> <td> </td> <td> </td> <td> </td> </tr> <tr> <td> Interview </td> <td> </td> <td> </td> <td> </td> <td> X </td> </tr> <tr> <td> Extracurricular activities </td> <td> </td> <td> X </td> <td> </td> <td> </td> </tr> <tr> <td> Talent/ability </td> <td> </td> <td> </td> <td> X </td> <td> </td> </tr> <tr> <td> Character/personal qualities </td> <td> </td> <td> X </td> <td> </td> <td> </td> </tr> <tr> <td> First generation </td> <td> </td> <td> </td> <td> X </td> <td> </td> </tr> <tr> <td> Alumni/ae relation </td> <td> </td> <td> </td> <td> X </td> <td> </td> </tr> <tr> <td> Geographical residence </td> <td> </td> <td> </td> <td> X </td> <td> </td> </tr> <tr> <td> State residency </td> <td> </td> <td> </td> <td> </td> <td> X </td> </tr> <tr> <td> Religious affiliation/commitment </td> <td> </td> <td> </td> <td> </td> <td> X </td> </tr> <tr> <td> Volunteer work </td> <td> </td> <td> </td> <td> X </td> <td> </td> </tr> <tr> <td> Work experience </td> <td> </td> <td> </td> <td> X </td> <td> </td> </tr> <tr> <td> Level of applicant’s interest </td> <td> </td> <td> </td> <td> X </td> <td> </td> </tr> </table>,168421,../data/cds-docs/2023-2024/168421.pdf,2023-2024
C,8,C8,Entrance Exams,"[[{0: '', 1: 'ADMISSION', 2: 'ADMISSION', 3: 'ADMISSION', 4: 'ADMISSION', 5: 'ADMISSION'}, {0: '', 1: 'Require', 2: 'Recommend', 3: 'Require for\nSome', 4: 'Consider if\nSubmitted', 5: 'Not Used'}, {0: 'SAT or ACT', 1: '', 2: '', 3: '', 4: '', 5: ''}, {0: 'ACT only', 1: '', 2: '', 3: '', 4: '', 5: ''}, {0: 'SAT only', 1: '', 2: '', 3: '', 4: '', 5: ''}]]","<table> <tr> <td rowspan=""2""> </td> <td colspan=""5""> ADMISSION </td> </tr> <tr> <td> Require </td> <td> Recommend </td> <td> Require for <br/> Some </td> <td> Consider if <br/> Submitted </td> <td> Not Used </td> </tr> <tr> <td> SAT or ACT </td> <td> </td> <td> </td> <td> </td> <td> </td> <td> </td> </tr> <tr> <td> ACT only </td> <td> </td> <td> </td> <td> </td> <td> </td> <td> </td> </tr> <tr> <td> SAT only </td> <td> </td> <td> </td> <td> </td> <td> </td> <td> </td> </tr> </table>",168421,../data/cds-docs/2023-2024/168421.pdf,2023-2024
C,9,C9,"National standardized test scores (SAT/ACT). Include information for ALL enrolled,","[[{0: '', 1: 'Percent', 2: 'Number'}, {0: 'Submitting SAT Scores', 1: '', 2: ''}, {0: 'Submitting ACT Scores', 1: '', 2: ''}], [{0: '', 1: '25th Percentile', 2: '50th Percentile', 3: '75th Percentile'}, {0: 'SAT Composite', 1: '', 2: '', 3: ''}, {0: 'SAT Evidence-Based Reading and\nWriting', 1: '', 2: '', 3: ''}, {0: 'SAT Math', 1: '', 2: '', 3: ''}, {0: 'ACT Composite', 1: '', 2: '', 3: ''}, {0: 'ACT Math', 1: '', 2: '', 3: ''}, {0: 'ACT English', 1: '', 2: '', 3: ''}, {0: 'ACT Reading', 1: '', 2: '', 3: ''}, {0: 'ACT Science', 1: '', 2: '', 3: ''}, {0: 'ACT Writing', 1: '', 2: '', 3: ''}]]","<table> <tr> <td> </td> <td> Percent </td> <td> Number </td> </tr> <tr> <td> Submitting SAT Scores </td> <td> </td> <td> </td> </tr> <tr> <td> Submitting ACT Scores </td> <td> </td> <td> </td> </tr> </table><div class=""separator""></div><table> <tr> <td> </td> <td> 25th Percentile </td> <td> 50th Percentile </td> <td> 75th Percentile </td> </tr> <tr> <td> SAT Composite </td> <td> </td> <td> </td> <td> </td> </tr> <tr> <td> SAT Evidence-Based Reading and <br/> Writing </td> <td> </td> <td> </td> <td> </td> </tr> <tr> <td> SAT Math </td> <td> </td> <td> </td> <td> </td> </tr> <tr> <td> ACT Composite </td> <td> </td> <td> </td> <td> </td> </tr> <tr> <td> ACT Math </td> <td> </td> <td> </td> <td> </td> </tr> <tr> <td> ACT English </td> <td> </td> <td> </td> <td> </td> </tr> <tr> <td> ACT Reading </td> <td> </td> <td> </td> <td> </td> </tr> <tr> <td> ACT Science </td> <td> </td> <td> </td> <td> </td> </tr> <tr> <td> ACT Writing </td> <td> </td> <td> </td> <td> </td> </tr> </table>",168421,../data/cds-docs/2023-2024/168421.pdf,2023-2024
C,10,C10,"Class rank ranges. Percent of all degree-seeking, first-time, first-year students who","[[{0: 'Percent in top tenth of high school graduating class:', 1: '59.1%'}, {0: 'Percent in top quarter of high school graduating class:', 1: '88.8%'}, {0: 'Percent in top half of high school graduating class:', 1: '99.8%'}, {0: 'Percent in bottom half of high school graduating class:', 1: '0.2%'}, {0: 'Percent in bottom quarter of high school graduating class:', 1: '0%'}, {0: 'Percent of total first-time, first-year (freshman) students who submitted high school\nclass rank:', 1: '29.6%'}]]","<table> <tr> <td> Percent in top tenth of high school graduating class: </td> <td> 59.1% </td> </tr> <tr> <td> Percent in top quarter of high school graduating class: </td> <td> 88.8% </td> </tr> <tr> <td> Percent in top half of high school graduating class: </td> <td> 99.8% </td> </tr> <tr> <td> Percent in bottom half of high school graduating class: </td> <td> 0.2% </td> </tr> <tr> <td> Percent in bottom quarter of high school graduating class: </td> <td> 0% </td> </tr> <tr> <td> Percent of total first-time, first-year (freshman) students who submitted high school <br/> class rank: </td> <td> 29.6% </td> </tr> </table>",168421,../data/cds-docs/2023-2024/168421.pdf,2023-2024
C,11,C11,"High school grade point ranges. Percentage of all enrolled, degree-seeking, first-","[[{0: 'Percent who had GPA of 4.0', 1: '68.2%'}, {0: 'Percent who had GPA between 3.75 and 3.99', 1: '17.1%'}, {0: 'Percent who had GPA between 3.50 and 3.74', 1: '11.3%'}]]",<table> <tr> <td> Percent who had GPA of 4.0 </td> <td> 68.2% </td> </tr> <tr> <td> Percent who had GPA between 3.75 and 3.99 </td> <td> 17.1% </td> </tr> <tr> <td> Percent who had GPA between 3.50 and 3.74 </td> <td> 11.3% </td> </tr> </table>,168421,../data/cds-docs/2023-2024/168421.pdf,2023-2024
D,2,D2,"Student counts. Provide the number of students who applied, were admitted, and","[[{0: '', 1: 'Applicants', 2: 'Admitted Applicants', 3: 'Enrolled Applicants'}, {0: 'Men', 1: '177', 2: '132', 3: '59'}, {0: 'Women', 1: '64', 2: '54', 3: '20'}, {0: 'Another Gender', 1: '', 2: '', 3: ''}, {0: 'TOTAL', 1: '241', 2: '186', 3: '79'}]]",<table> <tr> <td> </td> <td> Applicants </td> <td> Admitted Applicants </td> <td> Enrolled Applicants </td> </tr> <tr> <td> Men </td> <td> 177 </td> <td> 132 </td> <td> 59 </td> </tr> <tr> <td> Women </td> <td> 64 </td> <td> 54 </td> <td> 20 </td> </tr> <tr> <td> Another Gender </td> <td> </td> <td> </td> <td> </td> </tr> <tr> <td> TOTAL </td> <td> 241 </td> <td> 186 </td> <td> 79 </td> </tr> </table>,168421,../data/cds-docs/2023-2024/168421.pdf,2023-2024
D,5,D5,Requirements for admissions. Indicate all items required of transfer students to,"[[{0: '', 1: 'Required All of', 2: 'Recommended\nof All', 3: 'Recommended\nof Some', 4: 'Required of\nSome', 5: 'required Not'}, {0: 'High school\ntranscript', 1: 'X', 2: '', 3: '', 4: '', 5: ''}, {0: 'College\ntranscript(s)', 1: 'X', 2: '', 3: '', 4: '', 5: ''}, {0: 'Essay or personal\nstatement', 1: 'X', 2: '', 3: '', 4: '', 5: ''}, {0: 'Interview', 1: '', 2: '', 3: '', 4: '', 5: 'X'}, {0: 'Standardized test\nscores', 1: '', 2: '', 3: '', 4: '', 5: 'X'}, {0: 'Statement of good\nstanding from prior\ninstitution(s)', 1: 'X', 2: '', 3: '', 4: '', 5: ''}]]",<table> <tr> <td> </td> <td> Required All of </td> <td> Recommended <br/> of All </td> <td> Recommended <br/> of Some </td> <td> Required of <br/> Some </td> <td> required Not </td> </tr> <tr> <td> High school <br/> transcript </td> <td> X </td> <td> </td> <td> </td> <td> </td> <td> </td> </tr> <tr> <td> College <br/> transcript(s) </td> <td> X </td> <td> </td> <td> </td> <td> </td> <td> </td> </tr> <tr> <td> Essay or personal <br/> statement </td> <td> X </td> <td> </td> <td> </td> <td> </td> <td> </td> </tr> <tr> <td> Interview </td> <td> </td> <td> </td> <td> </td> <td> </td> <td> X </td> </tr> <tr> <td> Standardized test <br/> scores </td> <td> </td> <td> </td> <td> </td> <td> </td> <td> X </td> </tr> <tr> <td> Statement of good <br/> standing from prior <br/> institution(s) </td> <td> X </td> <td> </td> <td> </td> <td> </td> <td> </td> </tr> </table>,168421,../data/cds-docs/2023-2024/168421.pdf,2023-2024
D,9,D9,"Application specific dates. List application priority, closing, notification, and","[[{0: '', 1: 'Priority Date', 2: 'Closing Date', 3: 'Notification\nDate', 4: 'Reply Date', 5: 'Rolling\nAdmission'}, {0: 'Fall', 1: '', 2: '5/30', 3: '', 4: '7/1', 5: 'X'}, {0: 'Winter', 1: '', 2: '', 3: '', 4: '', 5: ''}, {0: 'Spring', 1: '', 2: '11/15', 3: '', 4: '12/15', 5: 'X'}, {0: 'Summer', 1: '', 2: '', 3: '', 4: '', 5: ''}]]",<table> <tr> <td> </td> <td> Priority Date </td> <td> Closing Date </td> <td> Notification <br/> Date </td> <td> Reply Date </td> <td> Rolling <br/> Admission </td> </tr> <tr> <td> Fall </td> <td> </td> <td> 5/30 </td> <td> </td> <td> 7/1 </td> <td> X </td> </tr> <tr> <td> Winter </td> <td> </td> <td> </td> <td> </td> <td> </td> <td> </td> </tr> <tr> <td> Spring </td> <td> </td> <td> 11/15 </td> <td> </td> <td> 12/15 </td> <td> X </td> </tr> <tr> <td> Summer </td> <td> </td> <td> </td> <td> </td> <td> </td> <td> </td> </tr> </table>,168421,../data/cds-docs/2023-2024/168421.pdf,2023-2024
F,1,F1,"First-time, first-year degree-seeking students and undergraduates enrolled.","[[{0: '', 1: 'Full-time,\nFirst-year', 2: 'All Degree\ufffe\nSeeking'}, {0: 'Percent who are from out of state (exclude international/nonresident\naliens from the numerator and denominator)', 1: '53%', 2: '52%'}, {0: 'Percent of men who join fraternities', 1: '18%', 2: '23%'}, {0: 'Percent of women who join sororities', 1: '21%', 2: '26%'}, {0: 'Percent who live in college-owned, -operated, or -affiliated housing', 1: '96%', 2: '52%'}, {0: 'Percent who live off campus or commute', 1: '4%', 2: '48%'}, {0: 'Percent of students age 25 and older', 1: '0%', 2: '0.7%'}, {0: 'Average age of full-time students', 1: '18', 2: '20'}, {0: 'Average age of all students (full- and part-time)', 1: '18', 2: '20'}]]","<table> <tr> <td> </td> <td> Full-time, <br/> First-year </td> <td> All Degree￾ <br/> Seeking </td> </tr> <tr> <td> Percent who are from out of state (exclude international/nonresident <br/> aliens from the numerator and denominator) </td> <td> 53% </td> <td> 52% </td> </tr> <tr> <td> Percent of men who join fraternities </td> <td> 18% </td> <td> 23% </td> </tr> <tr> <td> Percent of women who join sororities </td> <td> 21% </td> <td> 26% </td> </tr> <tr> <td> Percent who live in college-owned, -operated, or -affiliated housing </td> <td> 96% </td> <td> 52% </td> </tr> <tr> <td> Percent who live off campus or commute </td> <td> 4% </td> <td> 48% </td> </tr> <tr> <td> Percent of students age 25 and older </td> <td> 0% </td> <td> 0.7% </td> </tr> <tr> <td> Average age of full-time students </td> <td> 18 </td> <td> 20 </td> </tr> <tr> <td> Average age of all students (full- and part-time) </td> <td> 18 </td> <td> 20 </td> </tr> </table>",168421,../data/cds-docs/2023-2024/168421.pdf,2023-2024
G,1,G1,"Undergraduate full-time tuition, required fees, room and board","[[{0: '2023-2024 Tuition & Fees', 1: 'First-Year', 2: 'Undergraduates'}, {0: 'PRIVATE INSTITUTION Tuition:', 1: '$57,960', 2: '$57,960'}, {0: 'PUBLIC INSTITUTION Tuition:', 1: '', 2: ''}, {0: 'In-district:', 1: '', 2: ''}, {0: 'In-state (out-of-district):', 1: '', 2: ''}, {0: 'Out-of-state:', 1: '', 2: ''}, {0: 'NONRESIDENT ALIEN Tuition:', 1: '', 2: ''}, {0: 'REQUIRED FEES:', 1: '$1,110', 2: '$910'}, {0: 'ROOM AND BOARD (on-campus):', 1: '$17,258', 2: '$17,258'}, {0: 'ROOM ONLY (on-campus):', 1: '$9,800', 2: '$9,800'}, {0: 'BOARD ONLY (on-campus meal plan):', 1: '$7,458', 2: '$7,458'}]]","<table> <tr> <td> 2023-2024 Tuition &amp; Fees </td> <td> First-Year </td> <td> Undergraduates </td> </tr> <tr> <td> PRIVATE INSTITUTION Tuition: </td> <td> $57,960 </td> <td> $57,960 </td> </tr> <tr> <td> PUBLIC INSTITUTION Tuition: </td> <td> </td> <td> </td> </tr> <tr> <td> In-district: </td> <td> </td> <td> </td> </tr> <tr> <td> In-state (out-of-district): </td> <td> </td> <td> </td> </tr> <tr> <td> Out-of-state: </td> <td> </td> <td> </td> </tr> <tr> <td> NONRESIDENT ALIEN Tuition: </td> <td> </td> <td> </td> </tr> <tr> <td> REQUIRED FEES: </td> <td> $1,110 </td> <td> $910 </td> </tr> <tr> <td> ROOM AND BOARD (on-campus): </td> <td> $17,258 </td> <td> $17,258 </td> </tr> <tr> <td> ROOM ONLY (on-campus): </td> <td> $9,800 </td> <td> $9,800 </td> </tr> <tr> <td> BOARD ONLY (on-campus meal plan): </td> <td> $7,458 </td> <td> $7,458 </td> </tr> </table>",168421,../data/cds-docs/2023-2024/168421.pdf,2023-2024
G,5,G5,Provide the estimated expenses for a typical full-time undergraduate student:,"[[{0: '2023-2024 figures\nshown', 1: 'Residents', 2: 'Commuters\n(living at home)', 3: 'Commuters\n(not living at home)'}, {0: 'Books and supplies', 1: '$1,200', 2: '$1,200', 3: '$1,200'}, {0: 'Room only', 1: '', 2: '', 3: '$9,800'}, {0: 'Board only', 1: '', 2: 'varies', 3: '$7,458'}, {0: 'Transportation', 1: 'varies', 2: '$1,500', 3: 'varies'}, {0: 'Other expenses', 1: '$1,200', 2: '$1,200', 3: '$1,200'}]]","<table> <tr> <td> 2023-2024 figures <br/> shown </td> <td> Residents </td> <td> Commuters <br/> (living at home) </td> <td> Commuters <br/> (not living at home) </td> </tr> <tr> <td> Books and supplies </td> <td> $1,200 </td> <td> $1,200 </td> <td> $1,200 </td> </tr> <tr> <td> Room only </td> <td> </td> <td> </td> <td> $9,800 </td> </tr> <tr> <td> Board only </td> <td> </td> <td> varies </td> <td> $7,458 </td> </tr> <tr> <td> Transportation </td> <td> varies </td> <td> $1,500 </td> <td> varies </td> </tr> <tr> <td> Other expenses </td> <td> $1,200 </td> <td> $1,200 </td> <td> $1,200 </td> </tr> </table>",168421,../data/cds-docs/2023-2024/168421.pdf,2023-2024
G,6,G6,Undergraduate per-credit-hour charges (tuition only):,"[[{0: 'PRIVATE INSTITUTION Tuition:', 1: '$1,610'}, {0: 'PUBLIC INSTITUTION Tuition:', 1: ''}, {0: 'In-district:', 1: ''}, {0: 'In-state (out-of-district):', 1: ''}, {0: 'Out-of-state:', 1: ''}, {0: 'NONRESIDENT ALIEN Tuition:', 1: ''}]]","<table> <tr> <td> PRIVATE INSTITUTION Tuition: </td> <td> $1,610 </td> </tr> <tr> <td> PUBLIC INSTITUTION Tuition: </td> <td> </td> </tr> <tr> <td> In-district: </td> <td> </td> </tr> <tr> <td> In-state (out-of-district): </td> <td> </td> </tr> <tr> <td> Out-of-state: </td> <td> </td> </tr> <tr> <td> NONRESIDENT ALIEN Tuition: </td> <td> </td> </tr> </table>",168421,../data/cds-docs/2023-2024/168421.pdf,2023-2024
H,1,H1,Enter total dollar amounts awarded to enrolled full-time and less than full-time degree-,"[[{0: '', 1: 'Need-based\n(Include non-need-based\naid use to meet need)', 2: 'Non-need-based\n(Exclude non-need-based\naid use to meet need)'}, {0: 'SCHOLARSHIPS/GRANTS', 1: 'SCHOLARSHIPS/GRANTS', 2: 'SCHOLARSHIPS/GRANTS'}, {0: 'Federal', 1: '$3,264,725', 2: '$0'}, {0: 'State (i.e., all states, not only the state in which\nyour institution is located)', 1: '$1,403,800', 2: '$0'}, {0: 'Institutional: Endowed scholarships, annual\ngifts and tuition funded grants, awarded by the\ncollege, excluding athletic aid and tuition waivers\n(which are reported below)', 1: '$74,100,153', 2: '$53,790,160'}, {0: 'Scholarships/grants from external sources (e.g.,\nKiwanis, National Merit) not awarded by the\ncollege', 1: '$4,154,885', 2: '$7,252,892'}, {0: 'Total Scholarships/Grants', 1: '$82,923,563', 2: '$61,043,052'}, {0: 'SELF-HELP', 1: 'SELF-HELP', 2: 'SELF-HELP'}, {0: 'Student loans from all sources (excluding parent\nloans)', 1: '$22,628,951', 2: '$19,295,328'}, {0: 'Federal Work-Study', 1: '$1,420,477', 2: ''}, {0: 'State and other (e.g., institutional) work\ufffe\nstudy/employment (Note: Excludes Federal\nWork-Study captured above.)', 1: '$0', 2: '$0'}, {0: 'Total Self-Help', 1: '$24,049,428', 2: '$19,295,328'}, {0: 'PARENT LOANS', 1: '$0', 2: '$9,326,380'}, {0: 'TUITION WAIVERS', 1: '$0', 2: '$0'}, {0: 'ATHLETIC AWARDS', 1: '$0', 2: '$0'}]]","<table> <tr> <td> </td> <td> Need-based <br/> (Include non-need-based <br/> aid use to meet need) </td> <td> Non-need-based <br/> (Exclude non-need-based <br/> aid use to meet need) </td> </tr> <tr> <td colspan=""3""> SCHOLARSHIPS/GRANTS </td> </tr> <tr> <td> Federal </td> <td> $3,264,725 </td> <td> $0 </td> </tr> <tr> <td> State (i.e., all states, not only the state in which <br/> your institution is located) </td> <td> $1,403,800 </td> <td> $0 </td> </tr> <tr> <td> Institutional: Endowed scholarships, annual <br/> gifts and tuition funded grants, awarded by the <br/> college, excluding athletic aid and tuition waivers <br/> (which are reported below) </td> <td> $74,100,153 </td> <td> $53,790,160 </td> </tr> <tr> <td> Scholarships/grants from external sources (e.g., <br/> Kiwanis, National Merit) not awarded by the <br/> college </td> <td> $4,154,885 </td> <td> $7,252,892 </td> </tr> <tr> <td> Total Scholarships/Grants </td> <td> $82,923,563 </td> <td> $61,043,052 </td> </tr> <tr> <td colspan=""3""> SELF-HELP </td> </tr> <tr> <td> Student loans from all sources (excluding parent <br/> loans) </td> <td> $22,628,951 </td> <td> $19,295,328 </td> </tr> <tr> <td> Federal Work-Study </td> <td> $1,420,477 </td> <td> </td> </tr> <tr> <td> State and other (e.g., institutional) work￾ <br/> study/employment (Note: Excludes Federal <br/> Work-Study captured above.) </td> <td> $0 </td> <td> $0 </td> </tr> <tr> <td> Total Self-Help </td> <td> $24,049,428 </td> <td> $19,295,328 </td> </tr> <tr> <td> PARENT LOANS </td> <td> $0 </td> <td> $9,326,380 </td> </tr> <tr> <td> TUITION WAIVERS </td> <td> $0 </td> <td> $0 </td> </tr> <tr> <td> ATHLETIC AWARDS </td> <td> $0 </td> <td> $0 </td> </tr> </table>",168421,../data/cds-docs/2023-2024/168421.pdf,2023-2024
H,2,H2,Number of Enrolled Students Awarded Aid: List the number of degree-seeking,"[[{0: '', 1: 'First-time\nFull-time\nFreshmen', 2: 'Full-time\nUndergrad\n(Incl. Fresh)', 3: 'Less Than\nFull-time\nUndergrad'}, {0: 'a) Number of degree-seeking undergraduate students\n(CDS Item B1 if reporting on Fall 2023 cohort)', 1: '1354', 2: '5058', 3: '88'}, {0: 'b) Number of students in line a who applied for need\ufffe\nbased financial aid', 1: '1075', 2: '3493', 3: '24'}, {0: 'c) Number of students in line b who were determined\nto have financial need', 1: '715', 2: '2692', 3: '19'}, {0: 'd) Number of students in line c who were awarded\nany financial aid', 1: '715', 2: '2686', 3: '16'}, {0: 'e) Number of students in line d who were awarded\nany need-based scholarship or grant aid', 1: '714', 2: '2676', 3: '14'}, {0: 'f) Number of students in line d who were awarded\nany need-based self-help aid', 1: '519', 2: '2009', 3: '11'}, {0: 'g) Number of students in line d who were awarded\nany non-need-based scholarship or grant aid', 1: '212', 2: '590', 3: '1'}, {0: 'h) Number of students in line d whose need was fully\nmet (exclude PLUS loans, unsubsidized loans, and\nprivate alternative loans)', 1: '216', 2: '677', 3: '2'}, {0: 'i) On average, the percentage of need that was met\nof students who were awarded any need-based aid.\nExclude any aid that was awarded in excess of need\nas well as any resources that were awarded to\nreplace EFC (PLUS loans, unsubsidized loans, and\nprivate alternative loans)', 1: '81.4%', 2: '73.6%', 3: '45.4%'}, {0: 'j) The average financial aid package of those in line\nd. Exclude any resources that were awarded to\nreplace EFC (PLUS loans, unsubsidized loans, and\nprivate alternative loans)', 1: '$ 37,275', 2: '$ 35,570', 3: '$ 16,774'}, {0: 'k) Average need-based scholarship or grant award of\nthose in line e', 1: '$ 33,058', 2: '$ 30,905', 3: '$ 15,080'}, {0: 'l) Average need-based self-help award (excluding\nPLUS loans, unsubsidized loans, and private\nalternative loans) of those in line f', 1: '$ 5,873', 2: '$ 6,392', 3: '$ 5,206'}, {0: 'm) Average need-based loan (excluding PLUS loans,\nunsubsidized loans, and private alternative loans)\nof those in line f who were awarded a need-based\nloan', 1: '$ 4,691', 2: '$ 5,686', 3: '$ 4,923'}], [{0: '', 1: 'First-time\nFull-time\nFreshmen', 2: 'Full-time\nUndergrad\n(Incl. Fresh)', 3: 'Less Than\nFull-time\nUndergrad'}, {0: 'n) Number of students in line a who had no financial\nneed and who were awarded institutional non\ufffe\nneed-based scholarship or grant aid (exclude those\nwho were awarded athletic awards and tuition\nbenefits)', 1: '575', 2: '2313', 3: '11'}, {0: 'o) Average dollar amount of institutional non-need\ufffe\nbased scholarship and grant aid awarded to\nstudents in line n', 1: '$ 19,790', 2: '$ 21,018', 3: '$ 7,983'}, {0: 'p) Number of students in line a who were awarded an\ninstitutional non-need-based athletic scholarship or\ngrant', 1: '-', 2: '-', 3: '-'}, {0: 'q) Average dollar amount of institutional non-need\ufffe\nbased athletic scholarships and grants awarded to\nstudents in line p', 1: '-', 2: '-', 3: '-'}]]","<table> <tr> <td> </td> <td> First-time <br/> Full-time <br/> Freshmen </td> <td> Full-time <br/> Undergrad <br/> (Incl. Fresh) </td> <td> Less Than <br/> Full-time <br/> Undergrad </td> </tr> <tr> <td> a) Number of degree-seeking undergraduate students <br/> (CDS Item B1 if reporting on Fall 2023 cohort) </td> <td> 1354 </td> <td> 5058 </td> <td> 88 </td> </tr> <tr> <td> b) Number of students in line a who applied for need￾ <br/> based financial aid </td> <td> 1075 </td> <td> 3493 </td> <td> 24 </td> </tr> <tr> <td> c) Number of students in line b who were determined <br/> to have financial need </td> <td> 715 </td> <td> 2692 </td> <td> 19 </td> </tr> <tr> <td> d) Number of students in line c who were awarded <br/> any financial aid </td> <td> 715 </td> <td> 2686 </td> <td> 16 </td> </tr> <tr> <td> e) Number of students in line d who were awarded <br/> any need-based scholarship or grant aid </td> <td> 714 </td> <td> 2676 </td> <td> 14 </td> </tr> <tr> <td> f) Number of students in line d who were awarded <br/> any need-based self-help aid </td> <td> 519 </td> <td> 2009 </td> <td> 11 </td> </tr> <tr> <td> g) Number of students in line d who were awarded <br/> any non-need-based scholarship or grant aid </td> <td> 212 </td> <td> 590 </td> <td> 1 </td> </tr> <tr> <td> h) Number of students in line d whose need was fully <br/> met (exclude PLUS loans, unsubsidized loans, and <br/> private alternative loans) </td> <td> 216 </td> <td> 677 </td> <td> 2 </td> </tr> <tr> <td> i) On average, the percentage of need that was met <br/> of students who were awarded any need-based aid. <br/> Exclude any aid that was awarded in excess of need <br/> as well as any resources that were awarded to <br/> replace EFC (PLUS loans, unsubsidized loans, and <br/> private alternative loans) </td> <td> 81.4% </td> <td> 73.6% </td> <td> 45.4% </td> </tr> <tr> <td> j) The average financial aid package of those in line <br/> d. Exclude any resources that were awarded to <br/> replace EFC (PLUS loans, unsubsidized loans, and <br/> private alternative loans) </td> <td> $ 37,275 </td> <td> $ 35,570 </td> <td> $ 16,774 </td> </tr> <tr> <td> k) Average need-based scholarship or grant award of <br/> those in line e </td> <td> $ 33,058 </td> <td> $ 30,905 </td> <td> $ 15,080 </td> </tr> <tr> <td> l) Average need-based self-help award (excluding <br/> PLUS loans, unsubsidized loans, and private <br/> alternative loans) of those in line f </td> <td> $ 5,873 </td> <td> $ 6,392 </td> <td> $ 5,206 </td> </tr> <tr> <td> m) Average need-based loan (excluding PLUS loans, <br/> unsubsidized loans, and private alternative loans) <br/> of those in line f who were awarded a need-based <br/> loan </td> <td> $ 4,691 </td> <td> $ 5,686 </td> <td> $ 4,923 </td> </tr> </table><div class=""separator""></div><table> <tr> <td> </td> <td> First-time <br/> Full-time <br/> Freshmen </td> <td> Full-time <br/> Undergrad <br/> (Incl. Fresh) </td> <td> Less Than <br/> Full-time <br/> Undergrad </td> </tr> <tr> <td> n) Number of students in line a who had no financial <br/> need and who were awarded institutional non￾ <br/> need-based scholarship or grant aid (exclude those <br/> who were awarded athletic awards and tuition <br/> benefits) </td> <td> 575 </td> <td> 2313 </td> <td> 11 </td> </tr> <tr> <td> o) Average dollar amount of institutional non-need￾ <br/> based scholarship and grant aid awarded to <br/> students in line n </td> <td> $ 19,790 </td> <td> $ 21,018 </td> <td> $ 7,983 </td> </tr> <tr> <td> p) Number of students in line a who were awarded an <br/> institutional non-need-based athletic scholarship or <br/> grant </td> <td> - </td> <td> - </td> <td> - </td> </tr> <tr> <td> q) Average dollar amount of institutional non-need￾ <br/> based athletic scholarships and grants awarded to <br/> students in line p </td> <td> - </td> <td> - </td> <td> - </td> </tr> </table>",168421,../data/cds-docs/2023-2024/168421.pdf,2023-2024
H,5,H5,"Number and percent of students in class (defined in H4 above) borrowing from federal,","[[{0: 'Source/Type of Loan', 1: 'Number in the\nclass (defined in\nH4 above) who\nborrowed from\nthe types of\nloans specified\nin the first\ncolumn', 2: 'Percent of the\nclass (defined\nabove) who\nborrowed from\nthe types of\nloans specified\nin the first\ncolumn (nearest\n1%)', 3: 'Average per\ufffe\nundergraduate\ufffe\nborrower\ncumulative\nprincipal\nborrowed from\nthe types of\nloans specified\nin the first\ncolumn (nearest\n$1)'}, {0: 'a) Any loan program: Federal\nPerkins, Federal Stafford\nSubsidized and Unsubsidized,\ninstitutional, state, private loans\nthat your institution is aware of,\netc. Include both Federal Direct\nStudent Loans and Federal\nFamily Education Loans', 1: '-', 2: '-', 3: '-'}, {0: 'b) Federal loan programs: Federal\nPerkins, Federal Stafford\nSubsidized and Unsubsidized.\nInclude both Federal Direct\nStudent Loans and Federal\nFamily Education Loans', 1: '637', 2: '60%', 3: '$ 23,059'}, {0: 'c) Institutional loan programs', 1: '359', 2: '34%', 3: '$ 7,281'}, {0: 'd) State loan programs', 1: '57', 2: '5%', 3: '$ 4,237'}, {0: 'e) Private student loans made by a\nbank or lender', 1: '-', 2: '-', 3: '-'}]]","<table> <tr> <td> Source/Type of Loan </td> <td> Number in the <br/> class (defined in <br/> H4 above) who <br/> borrowed from <br/> the types of <br/> loans specified <br/> in the first <br/> column </td> <td> Percent of the <br/> class (defined <br/> above) who <br/> borrowed from <br/> the types of <br/> loans specified <br/> in the first <br/> column (nearest <br/> 1%) </td> <td> Average per￾ <br/> undergraduate￾ <br/> borrower <br/> cumulative <br/> principal <br/> borrowed from <br/> the types of <br/> loans specified <br/> in the first <br/> column (nearest <br/> $1) </td> </tr> <tr> <td> a) Any loan program: Federal <br/> Perkins, Federal Stafford <br/> Subsidized and Unsubsidized, <br/> institutional, state, private loans <br/> that your institution is aware of, <br/> etc. Include both Federal Direct <br/> Student Loans and Federal <br/> Family Education Loans </td> <td> - </td> <td> - </td> <td> - </td> </tr> <tr> <td> b) Federal loan programs: Federal <br/> Perkins, Federal Stafford <br/> Subsidized and Unsubsidized. <br/> Include both Federal Direct <br/> Student Loans and Federal <br/> Family Education Loans </td> <td> 637 </td> <td> 60% </td> <td> $ 23,059 </td> </tr> <tr> <td> c) Institutional loan programs </td> <td> 359 </td> <td> 34% </td> <td> $ 7,281 </td> </tr> <tr> <td> d) State loan programs </td> <td> 57 </td> <td> 5% </td> <td> $ 4,237 </td> </tr> <tr> <td> e) Private student loans made by a <br/> bank or lender </td> <td> - </td> <td> - </td> <td> - </td> </tr> </table>",168421,../data/cds-docs/2023-2024/168421.pdf,2023-2024
H,14,H14,Check off criteria used in awarding institutional aid.,"[[{0: '', 1: 'Non-Need-Based', 2: 'Need-Based'}, {0: 'Academics', 1: 'X', 2: 'X'}, {0: 'Alumni affiliation', 1: '', 2: ''}, {0: 'Art', 1: '', 2: ''}, {0: 'Athletics', 1: '', 2: ''}, {0: 'Job skills', 1: '', 2: ''}, {0: 'ROTC', 1: 'X', 2: ''}, {0: 'Leadership', 1: 'X', 2: 'X'}, {0: 'Minority status', 1: '', 2: ''}, {0: 'Music/drama', 1: '', 2: ''}, {0: 'Religious affiliation', 1: '', 2: ''}, {0: 'State/district residency', 1: '', 2: ''}]]",<table> <tr> <td> </td> <td> Non-Need-Based </td> <td> Need-Based </td> </tr> <tr> <td> Academics </td> <td> X </td> <td> X </td> </tr> <tr> <td> Alumni affiliation </td> <td> </td> <td> </td> </tr> <tr> <td> Art </td> <td> </td> <td> </td> </tr> <tr> <td> Athletics </td> <td> </td> <td> </td> </tr> <tr> <td> Job skills </td> <td> </td> <td> </td> </tr> <tr> <td> ROTC </td> <td> X </td> <td> </td> </tr> <tr> <td> Leadership </td> <td> X </td> <td> X </td> </tr> <tr> <td> Minority status </td> <td> </td> <td> </td> </tr> <tr> <td> Music/drama </td> <td> </td> <td> </td> </tr> <tr> <td> Religious affiliation </td> <td> </td> <td> </td> </tr> <tr> <td> State/district residency </td> <td> </td> <td> </td> </tr> </table>,168421,../data/cds-docs/2023-2024/168421.pdf,2023-2024
A,0,A0,Respondent Information,"[[{0: 'Name:', 1: 'Melissa Leahy'}, {0: 'Title:', 1: 'Director of Institutional Research'}, {0: 'Office:', 1: 'Office of Strategic Initiatives & University Analytics'}, {0: 'Mailing Address:', 1: '100 Institute Road\nWorcester, MA 01609\nUSA'}, {0: 'Phone:', 1: ''}, {0: 'Fax:', 1: ''}, {0: 'Email:', 1: 'mml@wpi.edu'}]]","<table> <tr> <td> Name: </td> <td> Melissa Leahy </td> </tr> <tr> <td> Title: </td> <td> Director of Institutional Research </td> </tr> <tr> <td> Office: </td> <td> Office of Strategic Initiatives &amp; University Analytics </td> </tr> <tr> <td> Mailing Address: </td> <td> 100 Institute Road <br/> Worcester, MA 01609 <br/> USA </td> </tr> <tr> <td> Phone: </td> <td> </td> </tr> <tr> <td> Fax: </td> <td> </td> </tr> <tr> <td> Email: </td> <td> mml@wpi.edu </td> </tr> </table>",168421,../data/cds-docs/2022-2023/168421.pdf,2022-2023
A,1,A1,Address Information,"[[{0: 'Name of College/University:', 1: 'Worcester Polytechnic Institute'}, {0: 'Address:', 1: '100 Institute Road\nWorcester, MA 01609\nUSA'}, {0: 'Main Phone:', 1: '508-831-5000'}, {0: 'Homepage:', 1: 'https://www.wpi.edu/'}, {0: 'Admissions Address:', 1: 'Admissions Office\nBartlett Center\n100 Institute Road\nWorcester, MA 01609\nUSA'}, {0: 'Admissions Phone:', 1: '508-831-5286'}, {0: 'Admissions Fax:', 1: '508-831-5875'}, {0: 'Admissions Email:', 1: 'admissions@wpi.edu'}, {0: 'Online Application:', 1: 'https://www.wpi.edu/admissions/undergraduate/apply'}]]","<table> <tr> <td> Name of College/University: </td> <td> Worcester Polytechnic Institute </td> </tr> <tr> <td> Address: </td> <td> 100 Institute Road <br/> Worcester, MA 01609 <br/> USA </td> </tr> <tr> <td> Main Phone: </td> <td> 508-831-5000 </td> </tr> <tr> <td> Homepage: </td> <td> https://www.wpi.edu/ </td> </tr> <tr> <td> Admissions Address: </td> <td> Admissions Office <br/> Bartlett Center <br/> 100 Institute Road <br/> Worcester, MA 01609 <br/> USA </td> </tr> <tr> <td> Admissions Phone: </td> <td> 508-831-5286 </td> </tr> <tr> <td> Admissions Fax: </td> <td> 508-831-5875 </td> </tr> <tr> <td> Admissions Email: </td> <td> admissions@wpi.edu </td> </tr> <tr> <td> Online Application: </td> <td> https://www.wpi.edu/admissions/undergraduate/apply </td> </tr> </table>",168421,../data/cds-docs/2022-2023/168421.pdf,2022-2023
B,1,B1,Institutional Enrollment — Men and Women: Provide numbers of students for each,"[[{0: '', 1: 'FULL-TIME', 2: 'FULL-TIME', 3: 'PART-TIME', 4: 'PART-TIME', 5: ''}, {0: '', 1: 'Men', 2: 'Women', 3: 'Men', 4: 'Women', 5: 'TOTAL'}, {0: 'Undergraduate Students', 1: '', 2: '', 3: '', 4: '', 5: ''}, {0: 'Degree-seeking, first-time freshmen students', 1: '930', 2: '424', 3: '0', 4: '0', 5: '1,354'}, {0: 'Other first-year, degree-seeking students', 1: '45', 2: '18', 3: '0', 4: '0', 5: '63'}, {0: 'All other degree-seeking undergraduate students', 1: '2,201', 2: '1,440', 3: '64', 4: '24', 5: '3,729'}, {0: 'Total degree-seeking undergraduate students', 1: '3,176', 2: '1,882', 3: '64', 4: '24', 5: '5,146'}, {0: 'All other undergraduates enrolled in credit courses', 1: '34', 2: '23', 3: '29', 4: '14', 5: '100'}, {0: 'Total Undergraduate Students', 1: '3,210', 2: '1,905', 3: '93', 4: '38', 5: '5,246'}, {0: 'Graduate Students', 1: '', 2: '', 3: '', 4: '', 5: ''}, {0: 'Degree-seeking, first-time', 1: '211', 2: '78', 3: '117', 4: '50', 5: '456'}, {0: 'All other degree-seeking', 1: '354', 2: '202', 3: '662', 4: '311', 5: '1529'}, {0: 'All other graduates enrolled in credit courses', 1: '8', 2: '3', 3: '48', 4: '18', 5: '77'}, {0: 'Total Graduate Students', 1: '573', 2: '283', 3: '827', 4: '379', 5: '2,062'}, {0: 'Total All Students', 1: '3,783', 2: '2,188', 3: '920', 4: '417', 5: '7,308'}], [{0: 'Total All Undergraduate Students', 1: '5,246'}, {0: 'Total All Graduate Students', 1: '2,062'}, {0: 'Grand Total of All Students', 1: '7,308'}]]","<table> <tr> <td> </td> <td colspan=""2""> FULL-TIME </td> <td colspan=""2""> PART-TIME </td> <td> </td> </tr> <tr> <td> </td> <td> Men </td> <td> Women </td> <td> Men </td> <td> Women </td> <td> TOTAL </td> </tr> <tr> <td> Undergraduate Students </td> <td> </td> <td> </td> <td> </td> <td> </td> <td> </td> </tr> <tr> <td> Degree-seeking, first-time freshmen students </td> <td> 930 </td> <td> 424 </td> <td> 0 </td> <td> 0 </td> <td> 1,354 </td> </tr> <tr> <td> Other first-year, degree-seeking students </td> <td> 45 </td> <td> 18 </td> <td> 0 </td> <td> 0 </td> <td> 63 </td> </tr> <tr> <td> All other degree-seeking undergraduate students </td> <td> 2,201 </td> <td> 1,440 </td> <td> 64 </td> <td> 24 </td> <td> 3,729 </td> </tr> <tr> <td> Total degree-seeking undergraduate students </td> <td> 3,176 </td> <td> 1,882 </td> <td> 64 </td> <td> 24 </td> <td> 5,146 </td> </tr> <tr> <td> All other undergraduates enrolled in credit courses </td> <td> 34 </td> <td> 23 </td> <td> 29 </td> <td> 14 </td> <td> 100 </td> </tr> <tr> <td> Total Undergraduate Students </td> <td> 3,210 </td> <td> 1,905 </td> <td> 93 </td> <td> 38 </td> <td> 5,246 </td> </tr> <tr> <td> Graduate Students </td> <td> </td> <td> </td> <td> </td> <td> </td> <td> </td> </tr> <tr> <td> Degree-seeking, first-time </td> <td> 211 </td> <td> 78 </td> <td> 117 </td> <td> 50 </td> <td> 456 </td> </tr> <tr> <td> All other degree-seeking </td> <td> 354 </td> <td> 202 </td> <td> 662 </td> <td> 311 </td> <td> 1529 </td> </tr> <tr> <td> All other graduates enrolled in credit courses </td> <td> 8 </td> <td> 3 </td> <td> 48 </td> <td> 18 </td> <td> 77 </td> </tr> <tr> <td> Total Graduate Students </td> <td> 573 </td> <td> 283 </td> <td> 827 </td> <td> 379 </td> <td> 2,062 </td> </tr> <tr> <td> Total All Students </td> <td> 3,783 </td> <td> 2,188 </td> <td> 920 </td> <td> 417 </td> <td> 7,308 </td> </tr> </table><div class=""separator""></div><table> <tr> <td> Total All Undergraduate Students </td> <td> 5,246 </td> </tr> <tr> <td> Total All Graduate Students </td> <td> 2,062 </td> </tr> <tr> <td> Grand Total of All Students </td> <td> 7,308 </td> </tr> </table>",168421,../data/cds-docs/2022-2023/168421.pdf,2022-2023
B,2,B2,Enrollment by Racial/Ethnic Category,"[[{0: '', 1: 'Degree\ufffe\nseeking\nFirst-time,\nFirst-year', 2: 'Degree-seeking\nUndergraduates\n(including first\ufffe\ntime,\nfirst-year)', 3: 'Total\nUndergraduates\n(both degree\ufffe\nand non-degree\ufffe\nseeking)'}, {0: 'Nonresidents\n1B', 1: '110', 2: '357', 3: '366'}, {0: 'Hispanic/Latino', 1: '107', 2: '451', 3: '452'}, {0: 'Black or African American, non-Hispanic\n2B', 1: '43', 2: '143', 3: '143'}, {0: 'White, non-Hispanic\n3B', 1: '846', 2: '3,324', 3: '3,337'}, {0: 'American Indian or Alaska Native, non\ufffe\n4B\nHispanic', 1: '1', 2: '2', 3: '2'}, {0: 'Asian, non-Hispanic\n5B', 1: '191', 2: '614', 3: '624'}, {0: 'Native Hawaiian or other Pacific Islander,\n6B\nnon-Hispanic', 1: '1', 2: '2', 3: '2'}, {0: '7B Two or more races, non-Hispanic', 1: '43', 2: '190', 3: '190'}, {0: 'Race and/or ethnicity unknown\n8B', 1: '12', 2: '63', 3: '130'}, {0: 'Total\n9B', 1: '1,354', 2: '5,146', 3: '5,246'}]]","<table> <tr> <td> </td> <td> Degree￾ <br/> seeking <br/> First-time, <br/> First-year </td> <td> Degree-seeking <br/> Undergraduates <br/> (including first￾ <br/> time, <br/> first-year) </td> <td> Total <br/> Undergraduates <br/> (both degree￾ <br/> and non-degree￾ <br/> seeking) </td> </tr> <tr> <td> Nonresidents <br/> 1B </td> <td> 110 </td> <td> 357 </td> <td> 366 </td> </tr> <tr> <td> Hispanic/Latino </td> <td> 107 </td> <td> 451 </td> <td> 452 </td> </tr> <tr> <td> Black or African American, non-Hispanic <br/> 2B </td> <td> 43 </td> <td> 143 </td> <td> 143 </td> </tr> <tr> <td> White, non-Hispanic <br/> 3B </td> <td> 846 </td> <td> 3,324 </td> <td> 3,337 </td> </tr> <tr> <td> American Indian or Alaska Native, non￾ <br/> 4B <br/> Hispanic </td> <td> 1 </td> <td> 2 </td> <td> 2 </td> </tr> <tr> <td> Asian, non-Hispanic <br/> 5B </td> <td> 191 </td> <td> 614 </td> <td> 624 </td> </tr> <tr> <td> Native Hawaiian or other Pacific Islander, <br/> 6B <br/> non-Hispanic </td> <td> 1 </td> <td> 2 </td> <td> 2 </td> </tr> <tr> <td> 7B Two or more races, non-Hispanic </td> <td> 43 </td> <td> 190 </td> <td> 190 </td> </tr> <tr> <td> Race and/or ethnicity unknown <br/> 8B </td> <td> 12 </td> <td> 63 </td> <td> 130 </td> </tr> <tr> <td> Total <br/> 9B </td> <td> 1,354 </td> <td> 5,146 </td> <td> 5,246 </td> </tr> </table>",168421,../data/cds-docs/2022-2023/168421.pdf,2022-2023
B,3,B3,Persistence,"[[{0: 'Certificate/diploma', 1: ''}, {0: 'Associate degrees', 1: ''}, {0: 'Bachelor’s degrees', 1: '1,197'}, {0: 'Post-bachelor’s certificates', 1: '99'}, {0: 'Master’s degrees', 1: '684'}, {0: 'Post-master’s certificates', 1: '1'}, {0: 'Doctoral degrees – research/scholarship', 1: '69'}, {0: 'Doctoral degrees – professional practice', 1: ''}, {0: 'Doctoral degrees – other', 1: ''}, {0: 'Total\n10B', 1: '2,050'}]]","<table> <tr> <td> Certificate/diploma </td> <td> </td> </tr> <tr> <td> Associate degrees </td> <td> </td> </tr> <tr> <td> Bachelor’s degrees </td> <td> 1,197 </td> </tr> <tr> <td> Post-bachelor’s certificates </td> <td> 99 </td> </tr> <tr> <td> Master’s degrees </td> <td> 684 </td> </tr> <tr> <td> Post-master’s certificates </td> <td> 1 </td> </tr> <tr> <td> Doctoral degrees – research/scholarship </td> <td> 69 </td> </tr> <tr> <td> Doctoral degrees – professional practice </td> <td> </td> </tr> <tr> <td> Doctoral degrees – other </td> <td> </td> </tr> <tr> <td> Total <br/> 10B </td> <td> 2,050 </td> </tr> </table>",168421,../data/cds-docs/2022-2023/168421.pdf,2022-2023
B,4,B4,–B21: Graduation Rates,"[[{0: 'Fall 2016 Cohort', 1: 'Recipients\nof a Federal\nPell Grant', 2: 'Recipients\nSubsidized of a\nStafford\nLoan who\ndid not\nreceive a\nPell Grant', 3: 'Students\nwho did not\nreceive\neither a Pell\nGrant or a\nsubsidized\nStafford\nLoan', 4: 'TOTAL'}, {0: ""A - Initial 2016 cohort of first-time, full-time,\nbachelor's (or equivalent) degree-seeking\nundergraduate students"", 1: '127', 2: '370', 3: '623', 4: '1,120'}, {0: 'B - Of the initial 2016 cohort, how many did\nnot persist and did not graduate for the\nfollowing reasons: deceased, permanently\ndisabled, armed forces, foreign aid service of\nthe federal government, or official church\nmissions; total allowable exclusions', 1: '0', 2: '0', 3: '0', 4: '0'}, {0: 'C - Final 2016 cohort, after adjusting for\nallowable exclusions', 1: '127', 2: '370', 3: '623', 4: '1,120'}, {0: 'D - Of the initial 2016 cohort, how many\ncompleted the program in four years or less (by\nAug. 31, 2020)', 1: '98', 2: '305', 3: '514', 4: '917'}, {0: 'E - Of the initial 2016 cohort, how many\ncompleted the program in more than four years\nbut in five years or less (after Aug. 31, 2020\nand by Aug. 31, 2021)', 1: '7', 2: '15', 3: '47', 4: '69'}, {0: 'F - Of the initial 2016 cohort, how many\ncompleted the program in more than five years\nbut in six years or less (after Aug. 31, 2021\nand by Aug. 31, 2022)', 1: '0', 2: '4', 3: '6', 4: '10'}, {0: 'G - Total graduating within six years (sum of\nlines D, E, and F)', 1: '105', 2: '324', 3: '567', 4: '996'}, {0: 'H - Six-year graduation rate for 2016 cohort (G\ndivided by C)', 1: '83%', 2: '88%', 3: '91%', 4: '89%'}]]","<table> <tr> <td> Fall 2016 Cohort </td> <td> Recipients <br/> of a Federal <br/> Pell Grant </td> <td> Recipients <br/> Subsidized of a <br/> Stafford <br/> Loan who <br/> did not <br/> receive a <br/> Pell Grant </td> <td> Students <br/> who did not <br/> receive <br/> either a Pell <br/> Grant or a <br/> subsidized <br/> Stafford <br/> Loan </td> <td> TOTAL </td> </tr> <tr> <td> A - Initial 2016 cohort of first-time, full-time, <br/> bachelor's (or equivalent) degree-seeking <br/> undergraduate students </td> <td> 127 </td> <td> 370 </td> <td> 623 </td> <td> 1,120 </td> </tr> <tr> <td> B - Of the initial 2016 cohort, how many did <br/> not persist and did not graduate for the <br/> following reasons: deceased, permanently <br/> disabled, armed forces, foreign aid service of <br/> the federal government, or official church <br/> missions; total allowable exclusions </td> <td> 0 </td> <td> 0 </td> <td> 0 </td> <td> 0 </td> </tr> <tr> <td> C - Final 2016 cohort, after adjusting for <br/> allowable exclusions </td> <td> 127 </td> <td> 370 </td> <td> 623 </td> <td> 1,120 </td> </tr> <tr> <td> D - Of the initial 2016 cohort, how many <br/> completed the program in four years or less (by <br/> Aug. 31, 2020) </td> <td> 98 </td> <td> 305 </td> <td> 514 </td> <td> 917 </td> </tr> <tr> <td> E - Of the initial 2016 cohort, how many <br/> completed the program in more than four years <br/> but in five years or less (after Aug. 31, 2020 <br/> and by Aug. 31, 2021) </td> <td> 7 </td> <td> 15 </td> <td> 47 </td> <td> 69 </td> </tr> <tr> <td> F - Of the initial 2016 cohort, how many <br/> completed the program in more than five years <br/> but in six years or less (after Aug. 31, 2021 <br/> and by Aug. 31, 2022) </td> <td> 0 </td> <td> 4 </td> <td> 6 </td> <td> 10 </td> </tr> <tr> <td> G - Total graduating within six years (sum of <br/> lines D, E, and F) </td> <td> 105 </td> <td> 324 </td> <td> 567 </td> <td> 996 </td> </tr> <tr> <td> H - Six-year graduation rate for 2016 cohort (G <br/> divided by C) </td> <td> 83% </td> <td> 88% </td> <td> 91% </td> <td> 89% </td> </tr> </table>",168421,../data/cds-docs/2022-2023/168421.pdf,2022-2023
C,1,C1,"First-time, first-year (freshman) students: Provide the number of degree-seeking,","[[{0: 'Total first-time, first-year (freshman) men who applied', 1: '8,247'}, {0: 'Total first-time, first-year (freshman) women who applied', 1: '3,352'}, {0: 'Total applied', 1: '11,599'}, {0: 'Total first-time, first-year (freshman) men who were admitted', 1: '4,180'}, {0: 'Total first-time, first-year (freshman) women who were admitted', 1: '2,487'}, {0: 'Total admitted', 1: '6,667'}, {0: 'Total full-time, first-time, first-year (freshman) men who enrolled', 1: '930'}, {0: 'Total part-time, first-time, first-year (freshman) men who enrolled', 1: '0'}, {0: 'Total full-time, first-time, first-year (freshman) women who enrolled', 1: '424'}, {0: 'Total part-time, first-time, first-year (freshman) women who enrolled', 1: '0'}, {0: 'Total enrolled', 1: '1,354'}]]","<table> <tr> <td> Total first-time, first-year (freshman) men who applied </td> <td> 8,247 </td> </tr> <tr> <td> Total first-time, first-year (freshman) women who applied </td> <td> 3,352 </td> </tr> <tr> <td> Total applied </td> <td> 11,599 </td> </tr> <tr> <td> Total first-time, first-year (freshman) men who were admitted </td> <td> 4,180 </td> </tr> <tr> <td> Total first-time, first-year (freshman) women who were admitted </td> <td> 2,487 </td> </tr> <tr> <td> Total admitted </td> <td> 6,667 </td> </tr> <tr> <td> Total full-time, first-time, first-year (freshman) men who enrolled </td> <td> 930 </td> </tr> <tr> <td> Total part-time, first-time, first-year (freshman) men who enrolled </td> <td> 0 </td> </tr> <tr> <td> Total full-time, first-time, first-year (freshman) women who enrolled </td> <td> 424 </td> </tr> <tr> <td> Total part-time, first-time, first-year (freshman) women who enrolled </td> <td> 0 </td> </tr> <tr> <td> Total enrolled </td> <td> 1,354 </td> </tr> </table>",168421,../data/cds-docs/2022-2023/168421.pdf,2022-2023
C,2,C2,Freshman wait-listed students (students who met admission requirements but,"[[{0: 'Number of qualified applicants offered a place on waiting list', 1: '3,109'}, {0: 'Number accepting a place on waiting list', 1: '1,347'}, {0: 'Number of wait-listed students admitted', 1: '574'}]]","<table> <tr> <td> Number of qualified applicants offered a place on waiting list </td> <td> 3,109 </td> </tr> <tr> <td> Number accepting a place on waiting list </td> <td> 1,347 </td> </tr> <tr> <td> Number of wait-listed students admitted </td> <td> 574 </td> </tr> </table>",168421,../data/cds-docs/2022-2023/168421.pdf,2022-2023
C,5,C5,Distribution of high school units required and/or recommended. Specify the,"[[{0: '', 1: 'Units Required', 2: 'Units Recommended'}, {0: 'Total Academic Units', 1: '10', 2: ''}, {0: 'English', 1: '4', 2: ''}, {0: 'Mathematics', 1: '4', 2: ''}, {0: 'Science', 1: '2', 2: '4'}, {0: 'Of these, units that must be lab', 1: '2', 2: ''}, {0: 'Foreign Language', 1: '', 2: '2'}, {0: 'Social Studies', 1: '', 2: '2'}, {0: 'History', 1: '', 2: '1'}, {0: 'Academic Electives', 1: '', 2: ''}, {0: 'Computer Science', 1: '', 2: '1'}, {0: 'Visual/Performing Arts', 1: '', 2: ''}, {0: 'Other (specify)', 1: '', 2: ''}]]","<table> <tr> <td> </td> <td> Units Required </td> <td> Units Recommended </td> </tr> <tr> <td> Total Academic Units </td> <td> 10 </td> <td> </td> </tr> <tr> <td> English </td> <td> 4 </td> <td> </td> </tr> <tr> <td> Mathematics </td> <td> 4 </td> <td> </td> </tr> <tr> <td> Science </td> <td> 2 </td> <td> 4 </td> </tr> <tr> <td> Of these, units that must be lab </td> <td> 2 </td> <td> </td> </tr> <tr> <td> Foreign Language </td> <td> </td> <td> 2 </td> </tr> <tr> <td> Social Studies </td> <td> </td> <td> 2 </td> </tr> <tr> <td> History </td> <td> </td> <td> 1 </td> </tr> <tr> <td> Academic Electives </td> <td> </td> <td> </td> </tr> <tr> <td> Computer Science </td> <td> </td> <td> 1 </td> </tr> <tr> <td> Visual/Performing Arts </td> <td> </td> <td> </td> </tr> <tr> <td> Other (specify) </td> <td> </td> <td> </td> </tr> </table>",168421,../data/cds-docs/2022-2023/168421.pdf,2022-2023
C,7,C7,Relative importance of each of the following academic and nonacademic factors,"[[{0: '', 1: 'Important Very', 2: 'Important', 3: 'Considered', 4: 'Considered Not'}, {0: 'Academic', 1: '', 2: '', 3: '', 4: ''}, {0: 'Rigor of secondary school record', 1: 'X', 2: '', 3: '', 4: ''}, {0: 'Class rank', 1: '', 2: 'X', 3: '', 4: ''}, {0: 'Academic GPA', 1: 'X', 2: '', 3: '', 4: ''}, {0: 'Standardized test scores', 1: '', 2: '', 3: '', 4: 'X'}, {0: 'Application Essay', 1: '', 2: '', 3: 'X', 4: ''}, {0: 'Recommendation', 1: '', 2: 'X', 3: '', 4: ''}, {0: 'Nonacademic', 1: '', 2: '', 3: '', 4: ''}, {0: 'Interview', 1: '', 2: '', 3: '', 4: 'X'}, {0: 'Extracurricular activities', 1: '', 2: 'X', 3: '', 4: ''}, {0: 'Talent/ability', 1: '', 2: '', 3: 'X', 4: ''}, {0: 'Character/personal qualities', 1: '', 2: 'X', 3: '', 4: ''}, {0: 'First generation', 1: '', 2: '', 3: 'X', 4: ''}, {0: 'Alumni/ae relation', 1: '', 2: '', 3: 'X', 4: ''}, {0: 'Geographical residence', 1: '', 2: '', 3: 'X', 4: ''}, {0: 'State residency', 1: '', 2: '', 3: '', 4: 'X'}, {0: 'Religious affiliation/commitment', 1: '', 2: '', 3: '', 4: 'X'}, {0: 'Racial/ethnic status', 1: '', 2: '', 3: 'X', 4: ''}, {0: 'Volunteer work', 1: '', 2: '', 3: 'X', 4: ''}, {0: 'Work experience', 1: '', 2: '', 3: 'X', 4: ''}, {0: 'Level of applicant’s interest', 1: '', 2: '', 3: 'X', 4: ''}]]",<table> <tr> <td> </td> <td> Important Very </td> <td> Important </td> <td> Considered </td> <td> Considered Not </td> </tr> <tr> <td> Academic </td> <td> </td> <td> </td> <td> </td> <td> </td> </tr> <tr> <td> Rigor of secondary school record </td> <td> X </td> <td> </td> <td> </td> <td> </td> </tr> <tr> <td> Class rank </td> <td> </td> <td> X </td> <td> </td> <td> </td> </tr> <tr> <td> Academic GPA </td> <td> X </td> <td> </td> <td> </td> <td> </td> </tr> <tr> <td> Standardized test scores </td> <td> </td> <td> </td> <td> </td> <td> X </td> </tr> <tr> <td> Application Essay </td> <td> </td> <td> </td> <td> X </td> <td> </td> </tr> <tr> <td> Recommendation </td> <td> </td> <td> X </td> <td> </td> <td> </td> </tr> <tr> <td> Nonacademic </td> <td> </td> <td> </td> <td> </td> <td> </td> </tr> <tr> <td> Interview </td> <td> </td> <td> </td> <td> </td> <td> X </td> </tr> <tr> <td> Extracurricular activities </td> <td> </td> <td> X </td> <td> </td> <td> </td> </tr> <tr> <td> Talent/ability </td> <td> </td> <td> </td> <td> X </td> <td> </td> </tr> <tr> <td> Character/personal qualities </td> <td> </td> <td> X </td> <td> </td> <td> </td> </tr> <tr> <td> First generation </td> <td> </td> <td> </td> <td> X </td> <td> </td> </tr> <tr> <td> Alumni/ae relation </td> <td> </td> <td> </td> <td> X </td> <td> </td> </tr> <tr> <td> Geographical residence </td> <td> </td> <td> </td> <td> X </td> <td> </td> </tr> <tr> <td> State residency </td> <td> </td> <td> </td> <td> </td> <td> X </td> </tr> <tr> <td> Religious affiliation/commitment </td> <td> </td> <td> </td> <td> </td> <td> X </td> </tr> <tr> <td> Racial/ethnic status </td> <td> </td> <td> </td> <td> X </td> <td> </td> </tr> <tr> <td> Volunteer work </td> <td> </td> <td> </td> <td> X </td> <td> </td> </tr> <tr> <td> Work experience </td> <td> </td> <td> </td> <td> X </td> <td> </td> </tr> <tr> <td> Level of applicant’s interest </td> <td> </td> <td> </td> <td> X </td> <td> </td> </tr> </table>,168421,../data/cds-docs/2022-2023/168421.pdf,2022-2023
C,8,C8,Entrance Exams,"[[{0: '', 1: 'ADMISSION', 2: 'ADMISSION', 3: 'ADMISSION', 4: 'ADMISSION', 5: 'ADMISSION'}, {0: '', 1: 'Require', 2: 'Recommend', 3: 'Require for\nSome', 4: 'Consider if\nSubmitted', 5: 'Not Used'}, {0: 'SAT or ACT', 1: '', 2: '', 3: '', 4: '', 5: ''}, {0: 'ACT only', 1: '', 2: '', 3: '', 4: '', 5: ''}, {0: 'SAT only', 1: '', 2: '', 3: '', 4: '', 5: ''}, {0: 'SAT and SAT\nSubject Tests or\nACT', 1: '', 2: '', 3: '', 4: '', 5: ''}, {0: 'SAT Subject\nTests', 1: '', 2: '', 3: '', 4: '', 5: ''}]]","<table> <tr> <td rowspan=""2""> </td> <td colspan=""5""> ADMISSION </td> </tr> <tr> <td> Require </td> <td> Recommend </td> <td> Require for <br/> Some </td> <td> Consider if <br/> Submitted </td> <td> Not Used </td> </tr> <tr> <td> SAT or ACT </td> <td> </td> <td> </td> <td> </td> <td> </td> <td> </td> </tr> <tr> <td> ACT only </td> <td> </td> <td> </td> <td> </td> <td> </td> <td> </td> </tr> <tr> <td> SAT only </td> <td> </td> <td> </td> <td> </td> <td> </td> <td> </td> </tr> <tr> <td> SAT and SAT <br/> Subject Tests or <br/> ACT </td> <td> </td> <td> </td> <td> </td> <td> </td> <td> </td> </tr> <tr> <td> SAT Subject <br/> Tests </td> <td> </td> <td> </td> <td> </td> <td> </td> <td> </td> </tr> </table>",168421,../data/cds-docs/2022-2023/168421.pdf,2022-2023
C,9,C9,"Percent and number of first-time, first-year (freshman) students enrolled in","[[{0: '', 1: '25th Percentile', 2: '75th Percentile'}, {0: 'SAT Composite', 1: '', 2: ''}, {0: 'SAT Evidence-Based Reading and Writing', 1: '', 2: ''}, {0: 'SAT Math', 1: '', 2: ''}, {0: 'ACT Composite', 1: '', 2: ''}, {0: 'ACT Math', 1: '', 2: ''}, {0: 'ACT English', 1: '', 2: ''}, {0: 'ACT Writing', 1: '', 2: ''}], [{0: '', 1: 'SAT EBRW', 2: 'SAT Math'}, {0: '700-800', 1: '', 2: ''}, {0: '600-699', 1: '', 2: ''}, {0: '500-599', 1: '', 2: ''}, {0: '400-499', 1: '', 2: ''}, {0: '300-399', 1: '', 2: ''}, {0: '200-299', 1: '', 2: ''}], [{0: '', 1: 'SAT Composite'}, {0: '1400-1600', 1: ''}, {0: '1200-1399', 1: ''}, {0: '1000-1199', 1: ''}, {0: '800-999', 1: ''}, {0: '600-799', 1: ''}, {0: '400-599', 1: ''}]]","<table> <tr> <td> </td> <td> 25th Percentile </td> <td> 75th Percentile </td> </tr> <tr> <td> SAT Composite </td> <td> </td> <td> </td> </tr> <tr> <td> SAT Evidence-Based Reading and Writing </td> <td> </td> <td> </td> </tr> <tr> <td> SAT Math </td> <td> </td> <td> </td> </tr> <tr> <td> ACT Composite </td> <td> </td> <td> </td> </tr> <tr> <td> ACT Math </td> <td> </td> <td> </td> </tr> <tr> <td> ACT English </td> <td> </td> <td> </td> </tr> <tr> <td> ACT Writing </td> <td> </td> <td> </td> </tr> </table><div class=""separator""></div><table> <tr> <td> </td> <td> SAT EBRW </td> <td> SAT Math </td> </tr> <tr> <td> 700-800 </td> <td> </td> <td> </td> </tr> <tr> <td> 600-699 </td> <td> </td> <td> </td> </tr> <tr> <td> 500-599 </td> <td> </td> <td> </td> </tr> <tr> <td> 400-499 </td> <td> </td> <td> </td> </tr> <tr> <td> 300-399 </td> <td> </td> <td> </td> </tr> <tr> <td> 200-299 </td> <td> </td> <td> </td> </tr> </table><div class=""separator""></div><table> <tr> <td> </td> <td> SAT Composite </td> </tr> <tr> <td> 1400-1600 </td> <td> </td> </tr> <tr> <td> 1200-1399 </td> <td> </td> </tr> <tr> <td> 1000-1199 </td> <td> </td> </tr> <tr> <td> 800-999 </td> <td> </td> </tr> <tr> <td> 600-799 </td> <td> </td> </tr> <tr> <td> 400-599 </td> <td> </td> </tr> </table>",168421,../data/cds-docs/2022-2023/168421.pdf,2022-2023
C,10,C10,"Percent of all degree-seeking, first-time, first-year (freshman) students who","[[{0: 'Percent in top tenth of high school graduating class:', 1: '62%'}, {0: 'Percent in top quarter of high school graduating class:', 1: '89%'}, {0: 'Percent in top half of high school graduating class:', 1: '99%'}, {0: 'Percent in bottom half of high school graduating class:', 1: '1%'}, {0: 'Percent in bottom quarter of high school graduating class:', 1: '0%'}, {0: 'Percent of total first-time, first-year (freshman) students who submitted high school\nclass rank:', 1: '29%'}]]","<table> <tr> <td> Percent in top tenth of high school graduating class: </td> <td> 62% </td> </tr> <tr> <td> Percent in top quarter of high school graduating class: </td> <td> 89% </td> </tr> <tr> <td> Percent in top half of high school graduating class: </td> <td> 99% </td> </tr> <tr> <td> Percent in bottom half of high school graduating class: </td> <td> 1% </td> </tr> <tr> <td> Percent in bottom quarter of high school graduating class: </td> <td> 0% </td> </tr> <tr> <td> Percent of total first-time, first-year (freshman) students who submitted high school <br/> class rank: </td> <td> 29% </td> </tr> </table>",168421,../data/cds-docs/2022-2023/168421.pdf,2022-2023
C,11,C11,"Percentage of all enrolled, degree-seeking, first-time, first-year (freshman)","[[{0: 'Percent who had GPA of 4.0', 1: '65%'}, {0: 'Percent who had GPA between 3.75 and 3.99', 1: '16%'}, {0: 'Percent who had GPA between 3.50 and 3.74', 1: '13%'}, {0: 'Percent who had GPA between 3.25 and 3.49', 1: '4%'}, {0: 'Percent who had GPA between 3.00 and 3.24', 1: '2%'}, {0: 'Percent who had GPA between 2.50 and 2.99', 1: '0%'}, {0: 'Percent who had GPA between 2.0 and 2.49', 1: '0%'}, {0: 'Percent who had GPA between 1.0 and 1.99', 1: '0%'}, {0: 'Percent who had GPA below 1.0', 1: '0%'}]]",<table> <tr> <td> Percent who had GPA of 4.0 </td> <td> 65% </td> </tr> <tr> <td> Percent who had GPA between 3.75 and 3.99 </td> <td> 16% </td> </tr> <tr> <td> Percent who had GPA between 3.50 and 3.74 </td> <td> 13% </td> </tr> <tr> <td> Percent who had GPA between 3.25 and 3.49 </td> <td> 4% </td> </tr> <tr> <td> Percent who had GPA between 3.00 and 3.24 </td> <td> 2% </td> </tr> <tr> <td> Percent who had GPA between 2.50 and 2.99 </td> <td> 0% </td> </tr> <tr> <td> Percent who had GPA between 2.0 and 2.49 </td> <td> 0% </td> </tr> <tr> <td> Percent who had GPA between 1.0 and 1.99 </td> <td> 0% </td> </tr> <tr> <td> Percent who had GPA below 1.0 </td> <td> 0% </td> </tr> </table>,168421,../data/cds-docs/2022-2023/168421.pdf,2022-2023
D,2,D2,"Provide the number of students who applied, were admitted, and enrolled as degree-","[[{0: '', 1: 'Applicants', 2: 'Admitted Applicants', 3: 'Enrolled Applicants'}, {0: 'Men', 1: '156', 2: '87', 3: '45'}, {0: 'Women', 1: '60', 2: '38', 3: '18'}, {0: 'Another Gender', 1: '1', 2: '', 3: ''}, {0: 'TOTAL', 1: '217', 2: '125', 3: '63'}]]",<table> <tr> <td> </td> <td> Applicants </td> <td> Admitted Applicants </td> <td> Enrolled Applicants </td> </tr> <tr> <td> Men </td> <td> 156 </td> <td> 87 </td> <td> 45 </td> </tr> <tr> <td> Women </td> <td> 60 </td> <td> 38 </td> <td> 18 </td> </tr> <tr> <td> Another Gender </td> <td> 1 </td> <td> </td> <td> </td> </tr> <tr> <td> TOTAL </td> <td> 217 </td> <td> 125 </td> <td> 63 </td> </tr> </table>,168421,../data/cds-docs/2022-2023/168421.pdf,2022-2023
D,5,D5,Indicate all items required of transfer students to apply for admission:,"[[{0: '', 1: 'Required All of', 2: 'Recommended\nof All', 3: 'Recommended\nof Some', 4: 'Required of\nSome', 5: 'required Not'}, {0: 'High school\ntranscript', 1: 'X', 2: '', 3: '', 4: '', 5: ''}, {0: 'College\ntranscript(s)', 1: 'X', 2: '', 3: '', 4: '', 5: ''}, {0: 'Essay or personal\nstatement', 1: 'X', 2: '', 3: '', 4: '', 5: ''}, {0: 'Interview', 1: '', 2: '', 3: '', 4: '', 5: 'X'}, {0: 'Standardized test\nscores', 1: '', 2: '', 3: '', 4: '', 5: 'X'}, {0: 'Statement of good\nstanding from prior\ninstitution(s)', 1: 'X', 2: '', 3: '', 4: '', 5: ''}]]",<table> <tr> <td> </td> <td> Required All of </td> <td> Recommended <br/> of All </td> <td> Recommended <br/> of Some </td> <td> Required of <br/> Some </td> <td> required Not </td> </tr> <tr> <td> High school <br/> transcript </td> <td> X </td> <td> </td> <td> </td> <td> </td> <td> </td> </tr> <tr> <td> College <br/> transcript(s) </td> <td> X </td> <td> </td> <td> </td> <td> </td> <td> </td> </tr> <tr> <td> Essay or personal <br/> statement </td> <td> X </td> <td> </td> <td> </td> <td> </td> <td> </td> </tr> <tr> <td> Interview </td> <td> </td> <td> </td> <td> </td> <td> </td> <td> X </td> </tr> <tr> <td> Standardized test <br/> scores </td> <td> </td> <td> </td> <td> </td> <td> </td> <td> X </td> </tr> <tr> <td> Statement of good <br/> standing from prior <br/> institution(s) </td> <td> X </td> <td> </td> <td> </td> <td> </td> <td> </td> </tr> </table>,168421,../data/cds-docs/2022-2023/168421.pdf,2022-2023
D,9,D9,"List application priority, closing, notification, and candidate reply dates for transfer","[[{0: '', 1: 'Priority Date', 2: 'Closing Date', 3: 'Notification\nDate', 4: 'Reply Date', 5: 'Rolling\nAdmission'}, {0: 'Fall', 1: '', 2: 'May 15', 3: '', 4: 'June 30', 5: 'X'}, {0: 'Winter', 1: '', 2: '', 3: '', 4: '', 5: ''}, {0: 'Spring', 1: '', 2: '', 3: '', 4: '', 5: ''}, {0: 'Summer', 1: '', 2: '', 3: '', 4: '', 5: ''}]]",<table> <tr> <td> </td> <td> Priority Date </td> <td> Closing Date </td> <td> Notification <br/> Date </td> <td> Reply Date </td> <td> Rolling <br/> Admission </td> </tr> <tr> <td> Fall </td> <td> </td> <td> May 15 </td> <td> </td> <td> June 30 </td> <td> X </td> </tr> <tr> <td> Winter </td> <td> </td> <td> </td> <td> </td> <td> </td> <td> </td> </tr> <tr> <td> Spring </td> <td> </td> <td> </td> <td> </td> <td> </td> <td> </td> </tr> <tr> <td> Summer </td> <td> </td> <td> </td> <td> </td> <td> </td> <td> </td> </tr> </table>,168421,../data/cds-docs/2022-2023/168421.pdf,2022-2023
F,1,F1,"Percentages of first-time, first-year (freshman) degree-seeking students and degree-","[[{0: '', 1: 'Full-time,\nFirst-year', 2: 'All Degree\ufffe\nSeeking'}, {0: 'Percent who are from out of state (exclude international/nonresident\naliens from the numerator and denominator)', 1: '52%', 2: '52%'}, {0: 'Percent of men who join fraternities', 1: '18%', 2: '25%'}, {0: 'Percent of women who join sororities', 1: '19%', 2: '27%'}, {0: 'Percent who live in college-owned, -operated, or -affiliated housing', 1: '97%', 2: '53%'}, {0: 'Percent who live off campus or commute', 1: '3%', 2: '47%'}, {0: 'Percent of students age 25 and older', 1: '0%', 2: '1%'}, {0: 'Average age of full-time students', 1: '18', 2: '20'}, {0: 'Average age of all students (full- and part-time)', 1: '18', 2: '20'}]]","<table> <tr> <td> </td> <td> Full-time, <br/> First-year </td> <td> All Degree￾ <br/> Seeking </td> </tr> <tr> <td> Percent who are from out of state (exclude international/nonresident <br/> aliens from the numerator and denominator) </td> <td> 52% </td> <td> 52% </td> </tr> <tr> <td> Percent of men who join fraternities </td> <td> 18% </td> <td> 25% </td> </tr> <tr> <td> Percent of women who join sororities </td> <td> 19% </td> <td> 27% </td> </tr> <tr> <td> Percent who live in college-owned, -operated, or -affiliated housing </td> <td> 97% </td> <td> 53% </td> </tr> <tr> <td> Percent who live off campus or commute </td> <td> 3% </td> <td> 47% </td> </tr> <tr> <td> Percent of students age 25 and older </td> <td> 0% </td> <td> 1% </td> </tr> <tr> <td> Average age of full-time students </td> <td> 18 </td> <td> 20 </td> </tr> <tr> <td> Average age of all students (full- and part-time) </td> <td> 18 </td> <td> 20 </td> </tr> </table>",168421,../data/cds-docs/2022-2023/168421.pdf,2022-2023
G,1,G1,"Undergraduate full-time tuition, required fees, room and board","[[{0: '*2022-2023 figures shown', 1: 'First-Year', 2: 'Undergraduates'}, {0: 'PRIVATE INSTITUTION Tuition:', 1: '$56,000', 2: '$56,000'}, {0: 'PUBLIC INSTITUTION Tuition:', 1: '', 2: ''}, {0: 'In-district:', 1: '', 2: ''}, {0: 'In-state (out-of-district):', 1: '', 2: ''}, {0: 'Out-of-state:', 1: '', 2: ''}, {0: 'NONRESIDENT ALIEN Tuition:', 1: '', 2: ''}, {0: 'REQUIRED FEES:', 1: '$1,096', 2: '$896'}, {0: 'ROOM AND BOARD (on-campus):', 1: '$16,688', 2: '$16,688'}, {0: 'ROOM ONLY (on-campus):', 1: '$9,482', 2: '$9,482'}, {0: 'BOARD ONLY (on-campus meal plan):', 1: '$7,206', 2: '$7,206'}]]","<table> <tr> <td> *2022-2023 figures shown </td> <td> First-Year </td> <td> Undergraduates </td> </tr> <tr> <td> PRIVATE INSTITUTION Tuition: </td> <td> $56,000 </td> <td> $56,000 </td> </tr> <tr> <td> PUBLIC INSTITUTION Tuition: </td> <td> </td> <td> </td> </tr> <tr> <td> In-district: </td> <td> </td> <td> </td> </tr> <tr> <td> In-state (out-of-district): </td> <td> </td> <td> </td> </tr> <tr> <td> Out-of-state: </td> <td> </td> <td> </td> </tr> <tr> <td> NONRESIDENT ALIEN Tuition: </td> <td> </td> <td> </td> </tr> <tr> <td> REQUIRED FEES: </td> <td> $1,096 </td> <td> $896 </td> </tr> <tr> <td> ROOM AND BOARD (on-campus): </td> <td> $16,688 </td> <td> $16,688 </td> </tr> <tr> <td> ROOM ONLY (on-campus): </td> <td> $9,482 </td> <td> $9,482 </td> </tr> <tr> <td> BOARD ONLY (on-campus meal plan): </td> <td> $7,206 </td> <td> $7,206 </td> </tr> </table>",168421,../data/cds-docs/2022-2023/168421.pdf,2022-2023
G,5,G5,Provide the estimated expenses for a typical full-time undergraduate student:,"[[{0: '*2022-2023 figures\nshown', 1: 'Residents', 2: 'Commuters\n(living at home)', 3: 'Commuters\n(not living at home)'}, {0: 'Books and supplies', 1: '$1,200', 2: '$1,200', 3: '$1,200'}, {0: 'Room only', 1: '', 2: '', 3: '$9,482'}, {0: 'Board only', 1: '', 2: 'varies', 3: '$7,062'}, {0: 'Transportation', 1: 'varies', 2: '$1,500', 3: 'varies'}, {0: 'Other expenses', 1: '$1,200', 2: '$1,200', 3: '$1,200'}]]","<table> <tr> <td> *2022-2023 figures <br/> shown </td> <td> Residents </td> <td> Commuters <br/> (living at home) </td> <td> Commuters <br/> (not living at home) </td> </tr> <tr> <td> Books and supplies </td> <td> $1,200 </td> <td> $1,200 </td> <td> $1,200 </td> </tr> <tr> <td> Room only </td> <td> </td> <td> </td> <td> $9,482 </td> </tr> <tr> <td> Board only </td> <td> </td> <td> varies </td> <td> $7,062 </td> </tr> <tr> <td> Transportation </td> <td> varies </td> <td> $1,500 </td> <td> varies </td> </tr> <tr> <td> Other expenses </td> <td> $1,200 </td> <td> $1,200 </td> <td> $1,200 </td> </tr> </table>",168421,../data/cds-docs/2022-2023/168421.pdf,2022-2023
G,6,G6,Undergraduate per-credit-hour charges (tuition only):,"[[{0: 'PRIVATE INSTITUTION Tuition:', 1: '$1,556'}, {0: 'PUBLIC INSTITUTION Tuition:', 1: ''}, {0: 'In-district:', 1: ''}, {0: 'In-state (out-of-district):', 1: ''}, {0: 'Out-of-state:', 1: ''}, {0: 'NONRESIDENT ALIEN Tuition:', 1: ''}]]","<table> <tr> <td> PRIVATE INSTITUTION Tuition: </td> <td> $1,556 </td> </tr> <tr> <td> PUBLIC INSTITUTION Tuition: </td> <td> </td> </tr> <tr> <td> In-district: </td> <td> </td> </tr> <tr> <td> In-state (out-of-district): </td> <td> </td> </tr> <tr> <td> Out-of-state: </td> <td> </td> </tr> <tr> <td> NONRESIDENT ALIEN Tuition: </td> <td> </td> </tr> </table>",168421,../data/cds-docs/2022-2023/168421.pdf,2022-2023
H,1,H1,Enter total dollar amounts awarded to enrolled full-time and less than full-time degree-,"[[{0: '', 1: 'Need-based\n(Include non-need-based\naid use to meet need)', 2: 'Non-need-based\n(Exclude non-need-based\naid use to meet need)'}, {0: 'SCHOLARSHIPS/GRANTS', 1: 'SCHOLARSHIPS/GRANTS', 2: 'SCHOLARSHIPS/GRANTS'}, {0: 'Federal', 1: '$3,387,811', 2: '$0'}, {0: 'State (i.e., all states, not only the state in which\nyour institution is located)', 1: '$1,246,422', 2: '$0'}, {0: 'Institutional: Endowed scholarships, annual\ngifts and tuition funded grants, awarded by the\ncollege, excluding athletic aid and tuition waivers\n(which are reported below)', 1: '$72,376,238', 2: '$48,299,169'}, {0: 'Scholarships/grants from external sources (e.g.,\nKiwanis, National Merit) not awarded by the\ncollege', 1: '$4,102,131', 2: '$6,892,990'}, {0: 'Total Scholarships/Grants', 1: '$81,112,602', 2: '$55,192,159'}, {0: 'SELF-HELP', 1: 'SELF-HELP', 2: 'SELF-HELP'}, {0: 'Student loans from all sources (excluding parent\nloans)', 1: '$23,998,348', 2: '$16,186,237'}, {0: 'Federal Work-Study', 1: '$898,186', 2: ''}, {0: 'State and other (e.g., institutional) work\ufffe\nstudy/employment (Note: Excludes Federal\nWork-Study captured above.)', 1: '$0', 2: '$0'}, {0: 'Total Self-Help', 1: '$24,896,534', 2: '$16,186,237'}, {0: 'PARENT LOANS', 1: '$0', 2: '$8,107,945'}, {0: 'TUITION WAIVERS', 1: '$0', 2: '$0'}, {0: 'ATHLETIC AWARDS', 1: '$0', 2: '$0'}]]","<table> <tr> <td> </td> <td> Need-based <br/> (Include non-need-based <br/> aid use to meet need) </td> <td> Non-need-based <br/> (Exclude non-need-based <br/> aid use to meet need) </td> </tr> <tr> <td colspan=""3""> SCHOLARSHIPS/GRANTS </td> </tr> <tr> <td> Federal </td> <td> $3,387,811 </td> <td> $0 </td> </tr> <tr> <td> State (i.e., all states, not only the state in which <br/> your institution is located) </td> <td> $1,246,422 </td> <td> $0 </td> </tr> <tr> <td> Institutional: Endowed scholarships, annual <br/> gifts and tuition funded grants, awarded by the <br/> college, excluding athletic aid and tuition waivers <br/> (which are reported below) </td> <td> $72,376,238 </td> <td> $48,299,169 </td> </tr> <tr> <td> Scholarships/grants from external sources (e.g., <br/> Kiwanis, National Merit) not awarded by the <br/> college </td> <td> $4,102,131 </td> <td> $6,892,990 </td> </tr> <tr> <td> Total Scholarships/Grants </td> <td> $81,112,602 </td> <td> $55,192,159 </td> </tr> <tr> <td colspan=""3""> SELF-HELP </td> </tr> <tr> <td> Student loans from all sources (excluding parent <br/> loans) </td> <td> $23,998,348 </td> <td> $16,186,237 </td> </tr> <tr> <td> Federal Work-Study </td> <td> $898,186 </td> <td> </td> </tr> <tr> <td> State and other (e.g., institutional) work￾ <br/> study/employment (Note: Excludes Federal <br/> Work-Study captured above.) </td> <td> $0 </td> <td> $0 </td> </tr> <tr> <td> Total Self-Help </td> <td> $24,896,534 </td> <td> $16,186,237 </td> </tr> <tr> <td> PARENT LOANS </td> <td> $0 </td> <td> $8,107,945 </td> </tr> <tr> <td> TUITION WAIVERS </td> <td> $0 </td> <td> $0 </td> </tr> <tr> <td> ATHLETIC AWARDS </td> <td> $0 </td> <td> $0 </td> </tr> </table>",168421,../data/cds-docs/2022-2023/168421.pdf,2022-2023
H,2,H2,Number of Enrolled Students Awarded Aid: List the number of degree-seeking,"[[{0: '', 1: 'First-time\nFull-time\nFreshmen', 2: 'Full-time\nUndergrad\n(Incl. Fresh)', 3: 'Less Than\nFull-time\nUndergrad'}, {0: 'a) Number of degree-seeking undergraduate students\n(CDS Item B1 if reporting on Fall 2022 cohort)', 1: '1410', 2: '5010', 3: '124'}, {0: 'b) Number of students in line a who applied for need\ufffe\nbased financial aid', 1: '1165', 2: '3507', 3: '34'}, {0: 'c) Number of students in line b who were determined\nto have financial need', 1: '833', 2: '2803', 3: '19'}, {0: 'd) Number of students in line c who were awarded\nany financial aid', 1: '833', 2: '2798', 3: '19'}, {0: 'e) Number of students in line d who were awarded\nany need-based scholarship or grant aid', 1: '832', 2: '2790', 3: '18'}, {0: 'f) Number of students in line d who were awarded\nany need-based self-help aid', 1: '555', 2: '2028', 3: '14'}, {0: 'g) Number of students in line d who were awarded\nany non-need-based scholarship or grant aid', 1: '240', 2: '590', 3: '5'}, {0: 'h) Number of students in line d whose need was fully\nmet (exclude PLUS loans, unsubsidized loans, and\nprivate alternative loans)', 1: '261', 2: '680', 3: '5'}, {0: 'i) On average, the percentage of need that was met\nof students who were awarded any need-based aid.\nExclude any aid that was awarded in excess of need\nas well as any resources that were awarded to\nreplace EFC (PLUS loans, unsubsidized loans, and\nprivate alternative loans)', 1: '73.8%', 2: '70.1%', 3: '53.9%'}, {0: 'j) The average financial aid package of those in line\nd. Exclude any resources that were awarded to\nreplace EFC (PLUS loans, unsubsidized loans, and\nprivate alternative loans)', 1: '$ 32,525', 2: '$ 33,462', 3: '$ 21,417'}, {0: 'k) Average need-based scholarship or grant award of\nthose in line e', 1: '$ 28,657', 2: '$ 28,952', 3: '$ 18,419'}, {0: 'l) Average need-based self-help award (excluding\nPLUS loans, unsubsidized loans, and private\nalternative loans) of those in line f', 1: '$ 5,856', 2: '$ 6,337', 3: '$ 5,384'}, {0: 'm) Average need-based loan (excluding PLUS loans,\nunsubsidized loans, and private alternative loans)\nof those in line f who were awarded a need-based\nloan', 1: '$ 5,089', 2: '$ 5,896', 3: '$ 5,106'}], [{0: '', 1: 'First-time\nFull-time\nFreshmen', 2: 'Full-time\nUndergrad\n(Incl. Fresh)', 3: 'Less Than\nFull-time\nUndergrad'}, {0: 'n) Number of students in line a who had no financial\nneed and who were awarded institutional non\ufffe\nneed-based scholarship or grant aid (exclude those\nwho were awarded athletic awards and tuition\nbenefits)', 1: '574', 2: '2065', 3: '15'}, {0: 'o) Average dollar amount of institutional non-need\ufffe\nbased scholarship and grant aid awarded to\nstudents in line n', 1: '$ 21,437', 2: '$ 20,439', 3: '$ 23,967'}, {0: 'p) Number of students in line a who were awarded an\ninstitutional non-need-based athletic scholarship or\ngrant', 1: '-', 2: '-', 3: '-'}, {0: 'q) Average dollar amount of institutional non-need\ufffe\nbased athletic scholarships and grants awarded to\nstudents in line p', 1: '-', 2: '-', 3: '-'}]]","<table> <tr> <td> </td> <td> First-time <br/> Full-time <br/> Freshmen </td> <td> Full-time <br/> Undergrad <br/> (Incl. Fresh) </td> <td> Less Than <br/> Full-time <br/> Undergrad </td> </tr> <tr> <td> a) Number of degree-seeking undergraduate students <br/> (CDS Item B1 if reporting on Fall 2022 cohort) </td> <td> 1410 </td> <td> 5010 </td> <td> 124 </td> </tr> <tr> <td> b) Number of students in line a who applied for need￾ <br/> based financial aid </td> <td> 1165 </td> <td> 3507 </td> <td> 34 </td> </tr> <tr> <td> c) Number of students in line b who were determined <br/> to have financial need </td> <td> 833 </td> <td> 2803 </td> <td> 19 </td> </tr> <tr> <td> d) Number of students in line c who were awarded <br/> any financial aid </td> <td> 833 </td> <td> 2798 </td> <td> 19 </td> </tr> <tr> <td> e) Number of students in line d who were awarded <br/> any need-based scholarship or grant aid </td> <td> 832 </td> <td> 2790 </td> <td> 18 </td> </tr> <tr> <td> f) Number of students in line d who were awarded <br/> any need-based self-help aid </td> <td> 555 </td> <td> 2028 </td> <td> 14 </td> </tr> <tr> <td> g) Number of students in line d who were awarded <br/> any non-need-based scholarship or grant aid </td> <td> 240 </td> <td> 590 </td> <td> 5 </td> </tr> <tr> <td> h) Number of students in line d whose need was fully <br/> met (exclude PLUS loans, unsubsidized loans, and <br/> private alternative loans) </td> <td> 261 </td> <td> 680 </td> <td> 5 </td> </tr> <tr> <td> i) On average, the percentage of need that was met <br/> of students who were awarded any need-based aid. <br/> Exclude any aid that was awarded in excess of need <br/> as well as any resources that were awarded to <br/> replace EFC (PLUS loans, unsubsidized loans, and <br/> private alternative loans) </td> <td> 73.8% </td> <td> 70.1% </td> <td> 53.9% </td> </tr> <tr> <td> j) The average financial aid package of those in line <br/> d. Exclude any resources that were awarded to <br/> replace EFC (PLUS loans, unsubsidized loans, and <br/> private alternative loans) </td> <td> $ 32,525 </td> <td> $ 33,462 </td> <td> $ 21,417 </td> </tr> <tr> <td> k) Average need-based scholarship or grant award of <br/> those in line e </td> <td> $ 28,657 </td> <td> $ 28,952 </td> <td> $ 18,419 </td> </tr> <tr> <td> l) Average need-based self-help award (excluding <br/> PLUS loans, unsubsidized loans, and private <br/> alternative loans) of those in line f </td> <td> $ 5,856 </td> <td> $ 6,337 </td> <td> $ 5,384 </td> </tr> <tr> <td> m) Average need-based loan (excluding PLUS loans, <br/> unsubsidized loans, and private alternative loans) <br/> of those in line f who were awarded a need-based <br/> loan </td> <td> $ 5,089 </td> <td> $ 5,896 </td> <td> $ 5,106 </td> </tr> </table><div class=""separator""></div><table> <tr> <td> </td> <td> First-time <br/> Full-time <br/> Freshmen </td> <td> Full-time <br/> Undergrad <br/> (Incl. Fresh) </td> <td> Less Than <br/> Full-time <br/> Undergrad </td> </tr> <tr> <td> n) Number of students in line a who had no financial <br/> need and who were awarded institutional non￾ <br/> need-based scholarship or grant aid (exclude those <br/> who were awarded athletic awards and tuition <br/> benefits) </td> <td> 574 </td> <td> 2065 </td> <td> 15 </td> </tr> <tr> <td> o) Average dollar amount of institutional non-need￾ <br/> based scholarship and grant aid awarded to <br/> students in line n </td> <td> $ 21,437 </td> <td> $ 20,439 </td> <td> $ 23,967 </td> </tr> <tr> <td> p) Number of students in line a who were awarded an <br/> institutional non-need-based athletic scholarship or <br/> grant </td> <td> - </td> <td> - </td> <td> - </td> </tr> <tr> <td> q) Average dollar amount of institutional non-need￾ <br/> based athletic scholarships and grants awarded to <br/> students in line p </td> <td> - </td> <td> - </td> <td> - </td> </tr> </table>",168421,../data/cds-docs/2022-2023/168421.pdf,2022-2023
H,5,H5,"Number and percent of students in class (defined in H4 above) borrowing from federal,","[[{0: 'Source/Type of Loan', 1: 'Number in the\nclass (defined in\nH4 above) who\nborrowed from\nthe types of\nloans specified\nin the first\ncolumn', 2: 'Percent of the\nclass (defined\nabove) who\nborrowed from\nthe types of\nloans specified\nin the first\ncolumn (nearest\n1%)', 3: 'Average per\ufffe\nundergraduate\ufffe\nborrower\ncumulative\nprincipal\nborrowed from\nthe types of\nloans specified\nin the first\ncolumn (nearest\n$1)'}, {0: 'a) Any loan program: Federal\nPerkins, Federal Stafford\nSubsidized and Unsubsidized,\ninstitutional, state, private loans\nthat your institution is aware of,\netc. Include both Federal Direct\nStudent Loans and Federal\nFamily Education Loans', 1: '-', 2: '-', 3: '-'}, {0: 'b) Federal loan programs: Federal\nPerkins, Federal Stafford\nSubsidized and Unsubsidized.\nInclude both Federal Direct\nStudent Loans and Federal\nFamily Education Loans', 1: '704', 2: '60.6%', 3: '$ 21,728'}, {0: 'c) Institutional loan programs', 1: '314', 2: '27.1%', 3: '$ 6,997'}, {0: 'd) State loan programs', 1: '45', 2: '3.9%', 3: '$ 5,211'}, {0: 'e) Private student loans made by a\nbank or lender', 1: '-', 2: '-', 3: '-'}]]","<table> <tr> <td> Source/Type of Loan </td> <td> Number in the <br/> class (defined in <br/> H4 above) who <br/> borrowed from <br/> the types of <br/> loans specified <br/> in the first <br/> column </td> <td> Percent of the <br/> class (defined <br/> above) who <br/> borrowed from <br/> the types of <br/> loans specified <br/> in the first <br/> column (nearest <br/> 1%) </td> <td> Average per￾ <br/> undergraduate￾ <br/> borrower <br/> cumulative <br/> principal <br/> borrowed from <br/> the types of <br/> loans specified <br/> in the first <br/> column (nearest <br/> $1) </td> </tr> <tr> <td> a) Any loan program: Federal <br/> Perkins, Federal Stafford <br/> Subsidized and Unsubsidized, <br/> institutional, state, private loans <br/> that your institution is aware of, <br/> etc. Include both Federal Direct <br/> Student Loans and Federal <br/> Family Education Loans </td> <td> - </td> <td> - </td> <td> - </td> </tr> <tr> <td> b) Federal loan programs: Federal <br/> Perkins, Federal Stafford <br/> Subsidized and Unsubsidized. <br/> Include both Federal Direct <br/> Student Loans and Federal <br/> Family Education Loans </td> <td> 704 </td> <td> 60.6% </td> <td> $ 21,728 </td> </tr> <tr> <td> c) Institutional loan programs </td> <td> 314 </td> <td> 27.1% </td> <td> $ 6,997 </td> </tr> <tr> <td> d) State loan programs </td> <td> 45 </td> <td> 3.9% </td> <td> $ 5,211 </td> </tr> <tr> <td> e) Private student loans made by a <br/> bank or lender </td> <td> - </td> <td> - </td> <td> - </td> </tr> </table>",168421,../data/cds-docs/2022-2023/168421.pdf,2022-2023
H,14,H14,Check off criteria used in awarding institutional aid.,"[[{0: '', 1: 'Non-Need-Based', 2: 'Need-Based'}, {0: 'Academics', 1: 'X', 2: 'X'}, {0: 'Alumni affiliation\n0B', 1: '', 2: ''}, {0: 'Art', 1: '', 2: ''}, {0: 'Athletics', 1: '', 2: ''}, {0: 'Job skills', 1: '', 2: ''}, {0: 'ROTC', 1: 'X', 2: ''}, {0: 'Leadership', 1: 'X', 2: 'X'}, {0: 'Minority status', 1: 'X', 2: 'X'}, {0: 'Music/drama', 1: '', 2: ''}, {0: 'Religious affiliation', 1: '', 2: ''}, {0: 'State/district residency', 1: '', 2: ''}]]",<table> <tr> <td> </td> <td> Non-Need-Based </td> <td> Need-Based </td> </tr> <tr> <td> Academics </td> <td> X </td> <td> X </td> </tr> <tr> <td> Alumni affiliation <br/> 0B </td> <td> </td> <td> </td> </tr> <tr> <td> Art </td> <td> </td> <td> </td> </tr> <tr> <td> Athletics </td> <td> </td> <td> </td> </tr> <tr> <td> Job skills </td> <td> </td> <td> </td> </tr> <tr> <td> ROTC </td> <td> X </td> <td> </td> </tr> <tr> <td> Leadership </td> <td> X </td> <td> X </td> </tr> <tr> <td> Minority status </td> <td> X </td> <td> X </td> </tr> <tr> <td> Music/drama </td> <td> </td> <td> </td> </tr> <tr> <td> Religious affiliation </td> <td> </td> <td> </td> </tr> <tr> <td> State/district residency </td> <td> </td> <td> </td> </tr> </table>,168421,../data/cds-docs/2022-2023/168421.pdf,2022-2023
A,0,A0,Respondent Information,"[[{0: 'Name:', 1: 'Melissa Leahy'}, {0: 'Title:', 1: 'Director of Institutional Research'}, {0: 'Mailing Address:', 1: '100 Institute Road\nWorcester, MA 01609\nUSA'}, {0: 'Phone:', 1: ''}, {0: 'Fax:', 1: ''}, {0: 'Email:', 1: 'mml@wpi.edu'}]]","<table> <tr> <td> Name: </td> <td> Melissa Leahy </td> </tr> <tr> <td> Title: </td> <td> Director of Institutional Research </td> </tr> <tr> <td> Mailing Address: </td> <td> 100 Institute Road <br/> Worcester, MA 01609 <br/> USA </td> </tr> <tr> <td> Phone: </td> <td> </td> </tr> <tr> <td> Fax: </td> <td> </td> </tr> <tr> <td> Email: </td> <td> mml@wpi.edu </td> </tr> </table>",168421,../data/cds-docs/2021-2022/168421.pdf,2021-2022
A,1,A1,Address Information,"[[{0: 'Name of College/University:', 1: 'Worcester Polytechnic Institute'}, {0: 'Address:', 1: '100 Institute Road\nWorcester, MA 01609\nUSA'}, {0: 'Main Phone:', 1: '508-831-5000'}, {0: 'Homepage:', 1: 'https://www.wpi.edu/'}, {0: 'Admissions Address:', 1: 'Admissions Office\nBartlett Center\n100 Institute Road\nWorcester, MA 01609\nUSA'}, {0: 'Admissions Phone:', 1: '508-831-5286'}, {0: 'Admissions Fax:', 1: '508-831-5875'}, {0: 'Admissions Email:', 1: 'admissions@wpi.edu'}, {0: 'Online Application:', 1: 'https://www.wpi.edu/admissions/undergraduate/apply'}]]","<table> <tr> <td> Name of College/University: </td> <td> Worcester Polytechnic Institute </td> </tr> <tr> <td> Address: </td> <td> 100 Institute Road <br/> Worcester, MA 01609 <br/> USA </td> </tr> <tr> <td> Main Phone: </td> <td> 508-831-5000 </td> </tr> <tr> <td> Homepage: </td> <td> https://www.wpi.edu/ </td> </tr> <tr> <td> Admissions Address: </td> <td> Admissions Office <br/> Bartlett Center <br/> 100 Institute Road <br/> Worcester, MA 01609 <br/> USA </td> </tr> <tr> <td> Admissions Phone: </td> <td> 508-831-5286 </td> </tr> <tr> <td> Admissions Fax: </td> <td> 508-831-5875 </td> </tr> <tr> <td> Admissions Email: </td> <td> admissions@wpi.edu </td> </tr> <tr> <td> Online Application: </td> <td> https://www.wpi.edu/admissions/undergraduate/apply </td> </tr> </table>",168421,../data/cds-docs/2021-2022/168421.pdf,2021-2022
B,1,B1,Institutional Enrollment — Men and Women: Provide numbers of students for each,"[[{0: '', 1: 'FULL-TIME', 2: 'FULL-TIME', 3: 'PART-TIME', 4: 'PART-TIME', 5: ''}, {0: '', 1: 'Men', 2: 'Women', 3: 'Men', 4: 'Women', 5: 'TOTAL'}, {0: 'Undergraduate Students', 1: '', 2: '', 3: '', 4: '', 5: ''}, {0: 'Degree-seeking, first-time freshman', 1: '803', 2: '607', 3: '0', 4: '0', 5: '1,410'}, {0: 'Other first-year, degree-seeking', 1: '59', 2: '20', 3: '0', 4: '0', 5: '79'}, {0: 'All other degree-seeking', 1: '2,142', 2: '1,379', 3: '97', 4: '27', 5: '3,645'}, {0: 'Total degree-seeking undergraduate students', 1: '3,004', 2: '2,006', 3: '97', 4: '27', 5: '5,134'}, {0: 'All other undergraduates enrolled in credit courses', 1: '20', 2: '21', 3: '31', 4: '18', 5: '90'}, {0: 'Total undergraduate students', 1: '3,024', 2: '2,027', 3: '128', 4: '45', 5: '5,224'}, {0: 'Graduate Students', 1: '', 2: '', 3: '', 4: '', 5: ''}, {0: 'Degree-seeking, first-time', 1: '253', 2: '97', 3: '142', 4: '75', 5: '567'}, {0: 'All other degree-seeking', 1: '345', 2: '171', 3: '589', 4: '258', 5: '1,363'}, {0: 'All other graduates enrolled in credit courses', 1: '0', 2: '0', 3: '52', 4: '24', 5: '76'}, {0: 'Total graduate students', 1: '598', 2: '268', 3: '783', 4: '357', 5: '2,006'}], [{0: 'Total of undergraduate students', 1: '5,224'}, {0: 'Total of graduate students', 1: '2,006'}, {0: 'Grand Total of All Students', 1: '7,230'}]]","<table> <tr> <td> </td> <td colspan=""2""> FULL-TIME </td> <td colspan=""2""> PART-TIME </td> <td> </td> </tr> <tr> <td> </td> <td> Men </td> <td> Women </td> <td> Men </td> <td> Women </td> <td> TOTAL </td> </tr> <tr> <td> Undergraduate Students </td> <td> </td> <td> </td> <td> </td> <td> </td> <td> </td> </tr> <tr> <td> Degree-seeking, first-time freshman </td> <td> 803 </td> <td> 607 </td> <td> 0 </td> <td> 0 </td> <td> 1,410 </td> </tr> <tr> <td> Other first-year, degree-seeking </td> <td> 59 </td> <td> 20 </td> <td> 0 </td> <td> 0 </td> <td> 79 </td> </tr> <tr> <td> All other degree-seeking </td> <td> 2,142 </td> <td> 1,379 </td> <td> 97 </td> <td> 27 </td> <td> 3,645 </td> </tr> <tr> <td> Total degree-seeking undergraduate students </td> <td> 3,004 </td> <td> 2,006 </td> <td> 97 </td> <td> 27 </td> <td> 5,134 </td> </tr> <tr> <td> All other undergraduates enrolled in credit courses </td> <td> 20 </td> <td> 21 </td> <td> 31 </td> <td> 18 </td> <td> 90 </td> </tr> <tr> <td> Total undergraduate students </td> <td> 3,024 </td> <td> 2,027 </td> <td> 128 </td> <td> 45 </td> <td> 5,224 </td> </tr> <tr> <td> Graduate Students </td> <td> </td> <td> </td> <td> </td> <td> </td> <td> </td> </tr> <tr> <td> Degree-seeking, first-time </td> <td> 253 </td> <td> 97 </td> <td> 142 </td> <td> 75 </td> <td> 567 </td> </tr> <tr> <td> All other degree-seeking </td> <td> 345 </td> <td> 171 </td> <td> 589 </td> <td> 258 </td> <td> 1,363 </td> </tr> <tr> <td> All other graduates enrolled in credit courses </td> <td> 0 </td> <td> 0 </td> <td> 52 </td> <td> 24 </td> <td> 76 </td> </tr> <tr> <td> Total graduate students </td> <td> 598 </td> <td> 268 </td> <td> 783 </td> <td> 357 </td> <td> 2,006 </td> </tr> </table><div class=""separator""></div><table> <tr> <td> Total of undergraduate students </td> <td> 5,224 </td> </tr> <tr> <td> Total of graduate students </td> <td> 2,006 </td> </tr> <tr> <td> Grand Total of All Students </td> <td> 7,230 </td> </tr> </table>",168421,../data/cds-docs/2021-2022/168421.pdf,2021-2022
B,2,B2,Enrollment by Racial/Ethnic Category. Provide numbers of undergraduate students,"[[{0: '', 1: 'Degree\ufffe\nseeking\nFirst-time,\nFirst-year', 2: 'Degree-seeking\nUndergraduates\n(including first\ufffe\ntime,\nfirst-year)', 3: 'Total\nUndergraduates\n(both degree\ufffe\nand non-degree\ufffe\nseeking)'}, {0: 'Nonresident aliens\n1B', 1: '76', 2: '332', 3: '338'}, {0: 'Hispanic/Latino', 1: '132', 2: '445', 3: '446'}, {0: 'Black or African American, non-Hispanic\n2B', 1: '43', 2: '143', 3: '143'}, {0: 'White, non-Hispanic\n3B', 1: '906', 2: '3,314', 3: '3,320'}, {0: 'American Indian or Alaska Native, non\ufffe\n4B\nHispanic', 1: '0', 2: '1', 3: '1'}, {0: 'Asian, non-Hispanic\n5B', 1: '185', 2: '525', 3: '538'}, {0: 'Native Hawaiian or other Pacific Islander,\n6B\nnon-Hispanic', 1: '0', 2: '3', 3: '3'}, {0: 'Two or more races, non-Hispanic\n7B', 1: '53', 2: '187', 3: '187'}, {0: 'Race and/or ethnicity unknown\n8B', 1: '15', 2: '184', 3: '248'}, {0: 'Total\n9B', 1: '1,410', 2: '5,134', 3: '5,224'}]]","<table> <tr> <td> </td> <td> Degree￾ <br/> seeking <br/> First-time, <br/> First-year </td> <td> Degree-seeking <br/> Undergraduates <br/> (including first￾ <br/> time, <br/> first-year) </td> <td> Total <br/> Undergraduates <br/> (both degree￾ <br/> and non-degree￾ <br/> seeking) </td> </tr> <tr> <td> Nonresident aliens <br/> 1B </td> <td> 76 </td> <td> 332 </td> <td> 338 </td> </tr> <tr> <td> Hispanic/Latino </td> <td> 132 </td> <td> 445 </td> <td> 446 </td> </tr> <tr> <td> Black or African American, non-Hispanic <br/> 2B </td> <td> 43 </td> <td> 143 </td> <td> 143 </td> </tr> <tr> <td> White, non-Hispanic <br/> 3B </td> <td> 906 </td> <td> 3,314 </td> <td> 3,320 </td> </tr> <tr> <td> American Indian or Alaska Native, non￾ <br/> 4B <br/> Hispanic </td> <td> 0 </td> <td> 1 </td> <td> 1 </td> </tr> <tr> <td> Asian, non-Hispanic <br/> 5B </td> <td> 185 </td> <td> 525 </td> <td> 538 </td> </tr> <tr> <td> Native Hawaiian or other Pacific Islander, <br/> 6B <br/> non-Hispanic </td> <td> 0 </td> <td> 3 </td> <td> 3 </td> </tr> <tr> <td> Two or more races, non-Hispanic <br/> 7B </td> <td> 53 </td> <td> 187 </td> <td> 187 </td> </tr> <tr> <td> Race and/or ethnicity unknown <br/> 8B </td> <td> 15 </td> <td> 184 </td> <td> 248 </td> </tr> <tr> <td> Total <br/> 9B </td> <td> 1,410 </td> <td> 5,134 </td> <td> 5,224 </td> </tr> </table>",168421,../data/cds-docs/2021-2022/168421.pdf,2021-2022
B,3,B3,"Number of degrees awarded by your institution from July 1, 2020 to June 30, 2021.","[[{0: 'Certificate/diploma', 1: ''}, {0: 'Associate degrees', 1: ''}, {0: 'Bachelor’s degrees', 1: '1,016'}, {0: 'Post-Bachelor’s certificates', 1: '96'}, {0: 'Master’s degrees', 1: '742'}, {0: 'Post-Master’s certificates', 1: ''}, {0: 'Doctoral degrees – Research/scholarship', 1: '62'}, {0: 'Doctoral degrees – Professional practice', 1: ''}, {0: 'Doctoral degrees – Other', 1: ''}, {0: 'Total\n10B', 1: '1,916'}]]","<table> <tr> <td> Certificate/diploma </td> <td> </td> </tr> <tr> <td> Associate degrees </td> <td> </td> </tr> <tr> <td> Bachelor’s degrees </td> <td> 1,016 </td> </tr> <tr> <td> Post-Bachelor’s certificates </td> <td> 96 </td> </tr> <tr> <td> Master’s degrees </td> <td> 742 </td> </tr> <tr> <td> Post-Master’s certificates </td> <td> </td> </tr> <tr> <td> Doctoral degrees – Research/scholarship </td> <td> 62 </td> </tr> <tr> <td> Doctoral degrees – Professional practice </td> <td> </td> </tr> <tr> <td> Doctoral degrees – Other </td> <td> </td> </tr> <tr> <td> Total <br/> 10B </td> <td> 1,916 </td> </tr> </table>",168421,../data/cds-docs/2021-2022/168421.pdf,2021-2022
C,1,C1,"First-time, first-year (freshman) students: Provide the number of degree-seeking,","[[{0: 'Total first-time, first-year (freshman) men who applied', 1: '7,896'}, {0: 'Total first-time, first-year (freshman) women who applied', 1: '3,196'}, {0: 'Total applied', 1: '11,092'}, {0: 'Total first-time, first-year (freshman) men who were admitted', 1: '4,225'}, {0: 'Total first-time, first-year (freshman) women who were admitted', 1: '2,454'}, {0: 'Total admitted', 1: '6,679'}, {0: 'Total full-time, first-time, first-year (freshman) men who enrolled', 1: '803'}, {0: 'Total part-time, first-time, first-year (freshman) men who enrolled', 1: '0'}, {0: 'Total full-time, first-time, first-year (freshman) women who enrolled', 1: '607'}, {0: 'Total part-time, first-time, first-year (freshman) women who enrolled', 1: '0'}, {0: 'Total enrolled', 1: '1,410'}]]","<table> <tr> <td> Total first-time, first-year (freshman) men who applied </td> <td> 7,896 </td> </tr> <tr> <td> Total first-time, first-year (freshman) women who applied </td> <td> 3,196 </td> </tr> <tr> <td> Total applied </td> <td> 11,092 </td> </tr> <tr> <td> Total first-time, first-year (freshman) men who were admitted </td> <td> 4,225 </td> </tr> <tr> <td> Total first-time, first-year (freshman) women who were admitted </td> <td> 2,454 </td> </tr> <tr> <td> Total admitted </td> <td> 6,679 </td> </tr> <tr> <td> Total full-time, first-time, first-year (freshman) men who enrolled </td> <td> 803 </td> </tr> <tr> <td> Total part-time, first-time, first-year (freshman) men who enrolled </td> <td> 0 </td> </tr> <tr> <td> Total full-time, first-time, first-year (freshman) women who enrolled </td> <td> 607 </td> </tr> <tr> <td> Total part-time, first-time, first-year (freshman) women who enrolled </td> <td> 0 </td> </tr> <tr> <td> Total enrolled </td> <td> 1,410 </td> </tr> </table>",168421,../data/cds-docs/2021-2022/168421.pdf,2021-2022
C,2,C2,Freshman wait-listed students (students who met admission requirements but,"[[{0: 'Number of qualified applicants offered a place on waiting list', 1: '2,413'}, {0: 'Number accepting a place on waiting list', 1: '978'}, {0: 'Number of wait-listed students admitted', 1: '0'}]]","<table> <tr> <td> Number of qualified applicants offered a place on waiting list </td> <td> 2,413 </td> </tr> <tr> <td> Number accepting a place on waiting list </td> <td> 978 </td> </tr> <tr> <td> Number of wait-listed students admitted </td> <td> 0 </td> </tr> </table>",168421,../data/cds-docs/2021-2022/168421.pdf,2021-2022
C,5,C5,Distribution of high school units required and/or recommended. Specify the,"[[{0: '', 1: 'Units Required', 2: 'Units Recommended'}, {0: 'Total Academic Units', 1: '10', 2: ''}, {0: 'English', 1: '4', 2: ''}, {0: 'Mathematics', 1: '4', 2: ''}, {0: 'Science', 1: '2', 2: '4'}, {0: 'Of these, units that must be lab', 1: '2', 2: ''}, {0: 'Foreign Language', 1: '', 2: '2'}, {0: 'Social Studies', 1: '', 2: '2'}, {0: 'History', 1: '', 2: '1'}, {0: 'Academic Electives', 1: '', 2: ''}, {0: 'Computer Science', 1: '', 2: '1'}, {0: 'Visual/Performing Arts', 1: '', 2: ''}, {0: 'Other', 1: '', 2: ''}]]","<table> <tr> <td> </td> <td> Units Required </td> <td> Units Recommended </td> </tr> <tr> <td> Total Academic Units </td> <td> 10 </td> <td> </td> </tr> <tr> <td> English </td> <td> 4 </td> <td> </td> </tr> <tr> <td> Mathematics </td> <td> 4 </td> <td> </td> </tr> <tr> <td> Science </td> <td> 2 </td> <td> 4 </td> </tr> <tr> <td> Of these, units that must be lab </td> <td> 2 </td> <td> </td> </tr> <tr> <td> Foreign Language </td> <td> </td> <td> 2 </td> </tr> <tr> <td> Social Studies </td> <td> </td> <td> 2 </td> </tr> <tr> <td> History </td> <td> </td> <td> 1 </td> </tr> <tr> <td> Academic Electives </td> <td> </td> <td> </td> </tr> <tr> <td> Computer Science </td> <td> </td> <td> 1 </td> </tr> <tr> <td> Visual/Performing Arts </td> <td> </td> <td> </td> </tr> <tr> <td> Other </td> <td> </td> <td> </td> </tr> </table>",168421,../data/cds-docs/2021-2022/168421.pdf,2021-2022
C,7,C7,Relative importance of each of the following academic and nonacademic factors in your,"[[{0: '', 1: 'Important Very', 2: 'Important', 3: 'Considered', 4: 'Considered Not'}, {0: 'Academic', 1: '', 2: '', 3: '', 4: ''}, {0: 'Rigor of secondary school record', 1: 'X', 2: '', 3: '', 4: ''}, {0: 'Class rank', 1: '', 2: 'X', 3: '', 4: ''}, {0: 'Academic GPA', 1: 'X', 2: '', 3: '', 4: ''}, {0: 'Standardized test scores', 1: '', 2: '', 3: '', 4: 'X'}, {0: 'Application Essay', 1: '', 2: '', 3: 'X', 4: ''}, {0: 'Recommendation', 1: '', 2: 'X', 3: '', 4: ''}, {0: 'Nonacademic', 1: '', 2: '', 3: '', 4: ''}, {0: 'Interview', 1: '', 2: '', 3: '', 4: 'X'}, {0: 'Extracurricular activities', 1: '', 2: 'X', 3: '', 4: ''}, {0: 'Talent/ability', 1: '', 2: '', 3: 'X', 4: ''}, {0: 'Character/personal qualities', 1: '', 2: 'X', 3: '', 4: ''}, {0: 'First generation', 1: '', 2: '', 3: 'X', 4: ''}, {0: 'Alumni/ae relation', 1: '', 2: '', 3: '', 4: 'X'}, {0: 'Geographical residence', 1: '', 2: '', 3: 'X', 4: ''}, {0: 'State residency', 1: '', 2: '', 3: '', 4: 'X'}, {0: 'Religious affiliation/commitment', 1: '', 2: '', 3: '', 4: 'X'}, {0: 'Racial/ethnic status', 1: '', 2: '', 3: 'X', 4: ''}, {0: 'Volunteer work', 1: '', 2: '', 3: 'X', 4: ''}, {0: 'Work experience', 1: '', 2: '', 3: 'X', 4: ''}, {0: 'Level of applicant’s interest', 1: '', 2: '', 3: 'X', 4: ''}]]",<table> <tr> <td> </td> <td> Important Very </td> <td> Important </td> <td> Considered </td> <td> Considered Not </td> </tr> <tr> <td> Academic </td> <td> </td> <td> </td> <td> </td> <td> </td> </tr> <tr> <td> Rigor of secondary school record </td> <td> X </td> <td> </td> <td> </td> <td> </td> </tr> <tr> <td> Class rank </td> <td> </td> <td> X </td> <td> </td> <td> </td> </tr> <tr> <td> Academic GPA </td> <td> X </td> <td> </td> <td> </td> <td> </td> </tr> <tr> <td> Standardized test scores </td> <td> </td> <td> </td> <td> </td> <td> X </td> </tr> <tr> <td> Application Essay </td> <td> </td> <td> </td> <td> X </td> <td> </td> </tr> <tr> <td> Recommendation </td> <td> </td> <td> X </td> <td> </td> <td> </td> </tr> <tr> <td> Nonacademic </td> <td> </td> <td> </td> <td> </td> <td> </td> </tr> <tr> <td> Interview </td> <td> </td> <td> </td> <td> </td> <td> X </td> </tr> <tr> <td> Extracurricular activities </td> <td> </td> <td> X </td> <td> </td> <td> </td> </tr> <tr> <td> Talent/ability </td> <td> </td> <td> </td> <td> X </td> <td> </td> </tr> <tr> <td> Character/personal qualities </td> <td> </td> <td> X </td> <td> </td> <td> </td> </tr> <tr> <td> First generation </td> <td> </td> <td> </td> <td> X </td> <td> </td> </tr> <tr> <td> Alumni/ae relation </td> <td> </td> <td> </td> <td> </td> <td> X </td> </tr> <tr> <td> Geographical residence </td> <td> </td> <td> </td> <td> X </td> <td> </td> </tr> <tr> <td> State residency </td> <td> </td> <td> </td> <td> </td> <td> X </td> </tr> <tr> <td> Religious affiliation/commitment </td> <td> </td> <td> </td> <td> </td> <td> X </td> </tr> <tr> <td> Racial/ethnic status </td> <td> </td> <td> </td> <td> X </td> <td> </td> </tr> <tr> <td> Volunteer work </td> <td> </td> <td> </td> <td> X </td> <td> </td> </tr> <tr> <td> Work experience </td> <td> </td> <td> </td> <td> X </td> <td> </td> </tr> <tr> <td> Level of applicant’s interest </td> <td> </td> <td> </td> <td> X </td> <td> </td> </tr> </table>,168421,../data/cds-docs/2021-2022/168421.pdf,2021-2022
C,8,C8,Entrance Exams,"[[{0: '', 1: 'ADMISSION', 2: 'ADMISSION', 3: 'ADMISSION', 4: 'ADMISSION', 5: 'ADMISSION'}, {0: '', 1: 'Require', 2: 'Recommend', 3: 'Require for\nSome', 4: 'Consider if\nSubmitted', 5: 'Not Used'}, {0: 'SAT or ACT', 1: '', 2: '', 3: '', 4: '', 5: ''}, {0: 'ACT only', 1: '', 2: '', 3: '', 4: '', 5: ''}, {0: 'SAT only', 1: '', 2: '', 3: '', 4: '', 5: ''}, {0: 'SAT and SAT\nSubject Tests or\nACT', 1: '', 2: '', 3: '', 4: '', 5: ''}, {0: 'SAT Subject\nTests', 1: '', 2: '', 3: '', 4: '', 5: ''}]]","<table> <tr> <td rowspan=""2""> </td> <td colspan=""5""> ADMISSION </td> </tr> <tr> <td> Require </td> <td> Recommend </td> <td> Require for <br/> Some </td> <td> Consider if <br/> Submitted </td> <td> Not Used </td> </tr> <tr> <td> SAT or ACT </td> <td> </td> <td> </td> <td> </td> <td> </td> <td> </td> </tr> <tr> <td> ACT only </td> <td> </td> <td> </td> <td> </td> <td> </td> <td> </td> </tr> <tr> <td> SAT only </td> <td> </td> <td> </td> <td> </td> <td> </td> <td> </td> </tr> <tr> <td> SAT and SAT <br/> Subject Tests or <br/> ACT </td> <td> </td> <td> </td> <td> </td> <td> </td> <td> </td> </tr> <tr> <td> SAT Subject <br/> Tests </td> <td> </td> <td> </td> <td> </td> <td> </td> <td> </td> </tr> </table>",168421,../data/cds-docs/2021-2022/168421.pdf,2021-2022
C,9,C9,"Percent and number of first-time, first-year (freshman) students enrolled in Fall 2021","[[{0: '', 1: '25th Percentile', 2: '75th Percentile'}, {0: 'SAT Composite', 1: '', 2: ''}, {0: 'SAT Evidence-Based Reading and Writing', 1: '', 2: ''}, {0: 'SAT Math', 1: '', 2: ''}, {0: 'ACT Composite', 1: '', 2: ''}, {0: 'ACT Math', 1: '', 2: ''}, {0: 'ACT English', 1: '', 2: ''}, {0: 'ACT Writing', 1: '', 2: ''}], [{0: '', 1: 'SAT EBRW', 2: 'SAT Math'}, {0: '700-800', 1: '', 2: ''}, {0: '600-699', 1: '', 2: ''}, {0: '500-599', 1: '', 2: ''}, {0: '400-499', 1: '', 2: ''}, {0: '300-399', 1: '', 2: ''}, {0: '200-299', 1: '', 2: ''}], [{0: '', 1: 'SAT Composite'}, {0: '1400-1600', 1: ''}, {0: '1200-1399', 1: ''}, {0: '1000-1199', 1: ''}, {0: '800-999', 1: ''}, {0: '600-799', 1: ''}, {0: '400-599', 1: ''}]]","<table> <tr> <td> </td> <td> 25th Percentile </td> <td> 75th Percentile </td> </tr> <tr> <td> SAT Composite </td> <td> </td> <td> </td> </tr> <tr> <td> SAT Evidence-Based Reading and Writing </td> <td> </td> <td> </td> </tr> <tr> <td> SAT Math </td> <td> </td> <td> </td> </tr> <tr> <td> ACT Composite </td> <td> </td> <td> </td> </tr> <tr> <td> ACT Math </td> <td> </td> <td> </td> </tr> <tr> <td> ACT English </td> <td> </td> <td> </td> </tr> <tr> <td> ACT Writing </td> <td> </td> <td> </td> </tr> </table><div class=""separator""></div><table> <tr> <td> </td> <td> SAT EBRW </td> <td> SAT Math </td> </tr> <tr> <td> 700-800 </td> <td> </td> <td> </td> </tr> <tr> <td> 600-699 </td> <td> </td> <td> </td> </tr> <tr> <td> 500-599 </td> <td> </td> <td> </td> </tr> <tr> <td> 400-499 </td> <td> </td> <td> </td> </tr> <tr> <td> 300-399 </td> <td> </td> <td> </td> </tr> <tr> <td> 200-299 </td> <td> </td> <td> </td> </tr> </table><div class=""separator""></div><table> <tr> <td> </td> <td> SAT Composite </td> </tr> <tr> <td> 1400-1600 </td> <td> </td> </tr> <tr> <td> 1200-1399 </td> <td> </td> </tr> <tr> <td> 1000-1199 </td> <td> </td> </tr> <tr> <td> 800-999 </td> <td> </td> </tr> <tr> <td> 600-799 </td> <td> </td> </tr> <tr> <td> 400-599 </td> <td> </td> </tr> </table>",168421,../data/cds-docs/2021-2022/168421.pdf,2021-2022
C,10,C10,"Percent of all degree-seeking, first-time, first-year (freshman) students who had high","[[{0: 'Percent in top tenth of high school graduating class:', 1: '59%'}, {0: 'Percent in top quarter of high school graduating class:', 1: '90%'}, {0: 'Percent in top half of high school graduating class:', 1: '99%'}, {0: 'Percent in bottom half of high school graduating class:', 1: '1%'}, {0: 'Percent in bottom quarter of high school graduating class:', 1: '0%'}, {0: 'Percent of total first-time, first-year (freshman) students who submitted high school\nclass rank:', 1: '31%'}]]","<table> <tr> <td> Percent in top tenth of high school graduating class: </td> <td> 59% </td> </tr> <tr> <td> Percent in top quarter of high school graduating class: </td> <td> 90% </td> </tr> <tr> <td> Percent in top half of high school graduating class: </td> <td> 99% </td> </tr> <tr> <td> Percent in bottom half of high school graduating class: </td> <td> 1% </td> </tr> <tr> <td> Percent in bottom quarter of high school graduating class: </td> <td> 0% </td> </tr> <tr> <td> Percent of total first-time, first-year (freshman) students who submitted high school <br/> class rank: </td> <td> 31% </td> </tr> </table>",168421,../data/cds-docs/2021-2022/168421.pdf,2021-2022
C,11,C11,"Percentage of all enrolled, degree-seeking, first-time, first-year (freshman) students","[[{0: 'Percent who had GPA of 4.0', 1: '63%'}, {0: 'Percent who had GPA between 3.75 and 3.99', 1: '18%'}, {0: 'Percent who had GPA between 3.50 and 3.74', 1: '14%'}, {0: 'Percent who had GPA between 3.25 and 3.49', 1: '3%'}, {0: 'Percent who had GPA between 3.00 and 3.24', 1: '2%'}, {0: 'Percent who had GPA between 2.50 and 2.99', 1: '0%'}, {0: 'Percent who had GPA between 2.0 and 2.49', 1: '0%'}, {0: 'Percent who had GPA between 1.0 and 1.99', 1: '0%'}, {0: 'Percent who had GPA below 1.0', 1: '0%'}]]",<table> <tr> <td> Percent who had GPA of 4.0 </td> <td> 63% </td> </tr> <tr> <td> Percent who had GPA between 3.75 and 3.99 </td> <td> 18% </td> </tr> <tr> <td> Percent who had GPA between 3.50 and 3.74 </td> <td> 14% </td> </tr> <tr> <td> Percent who had GPA between 3.25 and 3.49 </td> <td> 3% </td> </tr> <tr> <td> Percent who had GPA between 3.00 and 3.24 </td> <td> 2% </td> </tr> <tr> <td> Percent who had GPA between 2.50 and 2.99 </td> <td> 0% </td> </tr> <tr> <td> Percent who had GPA between 2.0 and 2.49 </td> <td> 0% </td> </tr> <tr> <td> Percent who had GPA between 1.0 and 1.99 </td> <td> 0% </td> </tr> <tr> <td> Percent who had GPA below 1.0 </td> <td> 0% </td> </tr> </table>,168421,../data/cds-docs/2021-2022/168421.pdf,2021-2022
D,2,D2,"Provide the number of students who applied, were admitted, and enrolled as degree-","[[{0: '', 1: 'Applicants', 2: 'Admitted Applicants', 3: 'Enrolled Applicants'}, {0: 'Men', 1: '172', 2: '111', 3: '59'}, {0: 'Women', 1: '46', 2: '34', 3: '20'}, {0: 'TOTAL', 1: '218', 2: '145', 3: '79'}]]",<table> <tr> <td> </td> <td> Applicants </td> <td> Admitted Applicants </td> <td> Enrolled Applicants </td> </tr> <tr> <td> Men </td> <td> 172 </td> <td> 111 </td> <td> 59 </td> </tr> <tr> <td> Women </td> <td> 46 </td> <td> 34 </td> <td> 20 </td> </tr> <tr> <td> TOTAL </td> <td> 218 </td> <td> 145 </td> <td> 79 </td> </tr> </table>,168421,../data/cds-docs/2021-2022/168421.pdf,2021-2022
D,5,D5,Indicate all items required of transfer students to apply for admission:,"[[{0: '', 1: 'Required All of', 2: 'Recommended\nof All', 3: 'Recommended\nof Some', 4: 'Required of\nSome', 5: 'required Not'}, {0: 'High school\ntranscript', 1: 'X', 2: '', 3: '', 4: '', 5: ''}, {0: 'College\ntranscript(s)', 1: 'X', 2: '', 3: '', 4: '', 5: ''}, {0: 'Essay or personal\nstatement', 1: 'X', 2: '', 3: '', 4: '', 5: ''}, {0: 'Interview', 1: '', 2: '', 3: '', 4: '', 5: 'X'}, {0: 'Standardized test\nscores', 1: '', 2: '', 3: '', 4: '', 5: 'X'}, {0: 'Statement of good\nstanding from prior\ninstitution(s)', 1: 'X', 2: '', 3: '', 4: '', 5: ''}]]",<table> <tr> <td> </td> <td> Required All of </td> <td> Recommended <br/> of All </td> <td> Recommended <br/> of Some </td> <td> Required of <br/> Some </td> <td> required Not </td> </tr> <tr> <td> High school <br/> transcript </td> <td> X </td> <td> </td> <td> </td> <td> </td> <td> </td> </tr> <tr> <td> College <br/> transcript(s) </td> <td> X </td> <td> </td> <td> </td> <td> </td> <td> </td> </tr> <tr> <td> Essay or personal <br/> statement </td> <td> X </td> <td> </td> <td> </td> <td> </td> <td> </td> </tr> <tr> <td> Interview </td> <td> </td> <td> </td> <td> </td> <td> </td> <td> X </td> </tr> <tr> <td> Standardized test <br/> scores </td> <td> </td> <td> </td> <td> </td> <td> </td> <td> X </td> </tr> <tr> <td> Statement of good <br/> standing from prior <br/> institution(s) </td> <td> X </td> <td> </td> <td> </td> <td> </td> <td> </td> </tr> </table>,168421,../data/cds-docs/2021-2022/168421.pdf,2021-2022
D,9,D9,"List application priority, closing, notification, and candidate reply dates for transfer","[[{0: '', 1: 'Priority Date', 2: 'Closing Date', 3: 'Notification\nDate', 4: 'Reply Date', 5: 'Rolling\nAdmission'}, {0: 'Fall', 1: '', 2: 'May 15', 3: '', 4: 'June 30', 5: 'X'}, {0: 'Winter', 1: '', 2: '', 3: '', 4: '', 5: ''}, {0: 'Spring', 1: '', 2: '', 3: '', 4: '', 5: ''}, {0: 'Summer', 1: '', 2: '', 3: '', 4: '', 5: ''}]]",<table> <tr> <td> </td> <td> Priority Date </td> <td> Closing Date </td> <td> Notification <br/> Date </td> <td> Reply Date </td> <td> Rolling <br/> Admission </td> </tr> <tr> <td> Fall </td> <td> </td> <td> May 15 </td> <td> </td> <td> June 30 </td> <td> X </td> </tr> <tr> <td> Winter </td> <td> </td> <td> </td> <td> </td> <td> </td> <td> </td> </tr> <tr> <td> Spring </td> <td> </td> <td> </td> <td> </td> <td> </td> <td> </td> </tr> <tr> <td> Summer </td> <td> </td> <td> </td> <td> </td> <td> </td> <td> </td> </tr> </table>,168421,../data/cds-docs/2021-2022/168421.pdf,2021-2022
F,1,F1,"Percentages of first-time, first-year (freshman) degree-seeking students and degree-","[[{0: '', 1: 'Full-time,\nFirst-year', 2: 'All Degree\ufffe\nSeeking'}, {0: 'Percent who are from out of state (US citizens)', 1: '53%', 2: '52%'}, {0: 'Percent of men who join fraternities', 1: '18%', 2: '22%'}, {0: 'Percent of women who join sororities', 1: '15%', 2: '28%'}, {0: 'Percent who live in college-owned, -operated, or -affiliated housing', 1: '99%', 2: '53%'}, {0: 'Percent who live off campus or commute', 1: '1%', 2: '47%'}, {0: 'Percent of students age 25 and older', 1: '0%', 2: '0.4%'}, {0: 'Average age of full-time students', 1: '18', 2: '20'}, {0: 'Average age of all students (full- and part-time)', 1: '18', 2: '20'}]]","<table> <tr> <td> </td> <td> Full-time, <br/> First-year </td> <td> All Degree￾ <br/> Seeking </td> </tr> <tr> <td> Percent who are from out of state (US citizens) </td> <td> 53% </td> <td> 52% </td> </tr> <tr> <td> Percent of men who join fraternities </td> <td> 18% </td> <td> 22% </td> </tr> <tr> <td> Percent of women who join sororities </td> <td> 15% </td> <td> 28% </td> </tr> <tr> <td> Percent who live in college-owned, -operated, or -affiliated housing </td> <td> 99% </td> <td> 53% </td> </tr> <tr> <td> Percent who live off campus or commute </td> <td> 1% </td> <td> 47% </td> </tr> <tr> <td> Percent of students age 25 and older </td> <td> 0% </td> <td> 0.4% </td> </tr> <tr> <td> Average age of full-time students </td> <td> 18 </td> <td> 20 </td> </tr> <tr> <td> Average age of all students (full- and part-time) </td> <td> 18 </td> <td> 20 </td> </tr> </table>",168421,../data/cds-docs/2021-2022/168421.pdf,2021-2022
G,1,G1,"Undergraduate full-time tuition, required fees, room and board","[[{0: '*2021-2022 figures shown', 1: 'First-Year', 2: 'Undergraduates'}, {0: 'PRIVATE INSTITUTION Tuition:', 1: '$54,640', 2: '$54,640'}, {0: 'PUBLIC INSTITUTION Tuition:', 1: '', 2: ''}, {0: 'In-district:', 1: '', 2: ''}, {0: 'In-state (out-of-district):', 1: '', 2: ''}, {0: 'Out-of-state:', 1: '', 2: ''}, {0: 'NONRESIDENT ALIEN Tuition:', 1: '', 2: ''}, {0: 'REQUIRED FEES:', 1: '$1,091', 2: '$891'}, {0: 'ROOM AND BOARD (on-campus):', 1: '$16,140', 2: '$16,140'}, {0: 'ROOM ONLY (on-campus):', 1: '$9,250', 2: '$9,250'}, {0: 'BOARD ONLY (on-campus meal plan):', 1: '$6,890', 2: '$6,890'}]]","<table> <tr> <td> *2021-2022 figures shown </td> <td> First-Year </td> <td> Undergraduates </td> </tr> <tr> <td> PRIVATE INSTITUTION Tuition: </td> <td> $54,640 </td> <td> $54,640 </td> </tr> <tr> <td> PUBLIC INSTITUTION Tuition: </td> <td> </td> <td> </td> </tr> <tr> <td> In-district: </td> <td> </td> <td> </td> </tr> <tr> <td> In-state (out-of-district): </td> <td> </td> <td> </td> </tr> <tr> <td> Out-of-state: </td> <td> </td> <td> </td> </tr> <tr> <td> NONRESIDENT ALIEN Tuition: </td> <td> </td> <td> </td> </tr> <tr> <td> REQUIRED FEES: </td> <td> $1,091 </td> <td> $891 </td> </tr> <tr> <td> ROOM AND BOARD (on-campus): </td> <td> $16,140 </td> <td> $16,140 </td> </tr> <tr> <td> ROOM ONLY (on-campus): </td> <td> $9,250 </td> <td> $9,250 </td> </tr> <tr> <td> BOARD ONLY (on-campus meal plan): </td> <td> $6,890 </td> <td> $6,890 </td> </tr> </table>",168421,../data/cds-docs/2021-2022/168421.pdf,2021-2022
G,5,G5,Provide the estimated expenses for a typical full-time undergraduate student:,"[[{0: '*2021-2022 figures\nshown', 1: 'Residents', 2: 'Commuters\n(living at home)', 3: 'Commuters\n(not living at home)'}, {0: 'Books and supplies', 1: '$1,200', 2: '$1,200', 3: '$1,200'}, {0: 'Room only', 1: '$9,250', 2: '', 3: '$9,250'}, {0: 'Board only', 1: '$6,890', 2: 'varies', 3: '$6,890'}, {0: 'Transportation', 1: 'varies', 2: '$1,500', 3: 'varies'}, {0: 'Other expenses', 1: '$1,200', 2: '$1,200', 3: '$1,200'}]]","<table> <tr> <td> *2021-2022 figures <br/> shown </td> <td> Residents </td> <td> Commuters <br/> (living at home) </td> <td> Commuters <br/> (not living at home) </td> </tr> <tr> <td> Books and supplies </td> <td> $1,200 </td> <td> $1,200 </td> <td> $1,200 </td> </tr> <tr> <td> Room only </td> <td> $9,250 </td> <td> </td> <td> $9,250 </td> </tr> <tr> <td> Board only </td> <td> $6,890 </td> <td> varies </td> <td> $6,890 </td> </tr> <tr> <td> Transportation </td> <td> varies </td> <td> $1,500 </td> <td> varies </td> </tr> <tr> <td> Other expenses </td> <td> $1,200 </td> <td> $1,200 </td> <td> $1,200 </td> </tr> </table>",168421,../data/cds-docs/2021-2022/168421.pdf,2021-2022
G,6,G6,Undergraduate per-credit-hour charges (tuition only for 2021-2022):,"[[{0: 'PRIVATE INSTITUTION Tuition:', 1: '$1,520'}, {0: 'PUBLIC INSTITUTION Tuition:', 1: ''}, {0: 'In-district:', 1: ''}, {0: 'In-state (out-of-district):', 1: ''}, {0: 'Out-of-state:', 1: ''}, {0: 'NONRESIDENT ALIEN Tuition:', 1: ''}]]","<table> <tr> <td> PRIVATE INSTITUTION Tuition: </td> <td> $1,520 </td> </tr> <tr> <td> PUBLIC INSTITUTION Tuition: </td> <td> </td> </tr> <tr> <td> In-district: </td> <td> </td> </tr> <tr> <td> In-state (out-of-district): </td> <td> </td> </tr> <tr> <td> Out-of-state: </td> <td> </td> </tr> <tr> <td> NONRESIDENT ALIEN Tuition: </td> <td> </td> </tr> </table>",168421,../data/cds-docs/2021-2022/168421.pdf,2021-2022
H,1,H1,Enter total dollar amounts awarded to enrolled full-time and less than full-time degree-,"[[{0: '', 1: 'Need-based\n(Include non-need-based\naid use to meet need)', 2: 'Non-need-based\n(Exclude non-need-based\naid use to meet need)'}, {0: 'SCHOLARSHIPS/GRANTS', 1: 'SCHOLARSHIPS/GRANTS', 2: 'SCHOLARSHIPS/GRANTS'}, {0: 'Federal', 1: '$2,723,864', 2: '$0'}, {0: 'State (i.e., all states, not only the state in which\nyour institution is located)', 1: '$887,660', 2: '$0'}, {0: 'Institutional: Endowed scholarships, annual\ngifts and tuition funded grants, awarded by the\ncollege, excluding athletic aid and tuition waivers\n(which are reported below)', 1: '$62,533,946', 2: '$41,574,985'}, {0: 'Scholarships/grants from external sources (e.g.,\nKiwanis, National Merit) not awarded by the\ncollege', 1: '$3,601,496', 2: '$5,957,226'}, {0: 'Total Scholarships/Grants', 1: '$69,746,966', 2: '$47,532,211'}, {0: 'SELF-HELP', 1: 'SELF-HELP', 2: 'SELF-HELP'}, {0: 'Student loans from all sources (excluding parent\nloans)', 1: '$22,113,501', 2: '$15,599,491'}, {0: 'Federal Work-Study', 1: '$834,767', 2: ''}, {0: 'State and other (e.g., institutional) work\ufffe\nstudy/employment (Note: Excludes Federal\nWork-Study captured above.)', 1: '$0', 2: '$0'}, {0: 'Total Self-Help', 1: '$22,948,268', 2: '$15,599,491'}, {0: 'PARENT LOANS', 1: '$0', 2: '$8,383,934'}, {0: 'TUITION WAIVERS', 1: '$0', 2: '$0'}, {0: 'ATHLETIC AWARDS', 1: '$0', 2: '$0'}]]","<table> <tr> <td> </td> <td> Need-based <br/> (Include non-need-based <br/> aid use to meet need) </td> <td> Non-need-based <br/> (Exclude non-need-based <br/> aid use to meet need) </td> </tr> <tr> <td colspan=""3""> SCHOLARSHIPS/GRANTS </td> </tr> <tr> <td> Federal </td> <td> $2,723,864 </td> <td> $0 </td> </tr> <tr> <td> State (i.e., all states, not only the state in which <br/> your institution is located) </td> <td> $887,660 </td> <td> $0 </td> </tr> <tr> <td> Institutional: Endowed scholarships, annual <br/> gifts and tuition funded grants, awarded by the <br/> college, excluding athletic aid and tuition waivers <br/> (which are reported below) </td> <td> $62,533,946 </td> <td> $41,574,985 </td> </tr> <tr> <td> Scholarships/grants from external sources (e.g., <br/> Kiwanis, National Merit) not awarded by the <br/> college </td> <td> $3,601,496 </td> <td> $5,957,226 </td> </tr> <tr> <td> Total Scholarships/Grants </td> <td> $69,746,966 </td> <td> $47,532,211 </td> </tr> <tr> <td colspan=""3""> SELF-HELP </td> </tr> <tr> <td> Student loans from all sources (excluding parent <br/> loans) </td> <td> $22,113,501 </td> <td> $15,599,491 </td> </tr> <tr> <td> Federal Work-Study </td> <td> $834,767 </td> <td> </td> </tr> <tr> <td> State and other (e.g., institutional) work￾ <br/> study/employment (Note: Excludes Federal <br/> Work-Study captured above.) </td> <td> $0 </td> <td> $0 </td> </tr> <tr> <td> Total Self-Help </td> <td> $22,948,268 </td> <td> $15,599,491 </td> </tr> <tr> <td> PARENT LOANS </td> <td> $0 </td> <td> $8,383,934 </td> </tr> <tr> <td> TUITION WAIVERS </td> <td> $0 </td> <td> $0 </td> </tr> <tr> <td> ATHLETIC AWARDS </td> <td> $0 </td> <td> $0 </td> </tr> </table>",168421,../data/cds-docs/2021-2022/168421.pdf,2021-2022
H,2,H2,Number of Enrolled Students Awarded Aid: List the number of degree-seeking,"[[{0: '', 1: 'First-time\nFull-time\nFreshmen', 2: 'Full-time\nUndergrad\n(Incl. Fresh)', 3: 'Less Than\nFull-time\nUndergrad'}, {0: 'a) Number of degree-seeking undergraduate students\n(CDS Item B1 if reporting on Fall 2021 cohort)', 1: '1294', 2: '4661', 3: '143'}, {0: 'b) Number of students in line a who applied for need\ufffe\nbased financial aid', 1: '1105', 2: '3354', 3: '20'}, {0: 'c) Number of students in line b who were determined\nto have financial need', 1: '750', 2: '2630', 3: '14'}, {0: 'd) Number of students in line c who were awarded\nany financial aid', 1: '749', 2: '2627', 3: '14'}, {0: 'e) Number of students in line d who were awarded\nany need-based scholarship or grant aid', 1: '748', 2: '2618', 3: '11'}, {0: 'f) Number of students in line d who were awarded\nany need-based self-help aid', 1: '570', 2: '1970', 3: '10'}, {0: 'g) Number of students in line d who were awarded\nany non-need-based scholarship or grant aid', 1: '218', 2: '595', 3: '2'}, {0: 'h) Number of students in line d whose need was fully\nmet (exclude PLUS loans, unsubsidized loans, and\nprivate alternative loans)', 1: '219', 2: '626', 3: '2'}, {0: 'i) On average, the percentage of need that was met\nof students who were awarded any need-based aid.\nExclude any aid that was awarded in excess of need\nas well as any resources that were awarded to\nreplace EFC (PLUS loans, unsubsidized loans, and\nprivate alternative loans)', 1: '78.7%', 2: '71.5%', 3: '55.7%'}, {0: 'j) The average financial aid package of those in line\nd. Exclude any resources that were awarded to\nreplace EFC (PLUS loans, unsubsidized loans, and\nprivate alternative loans)', 1: '$ 31,414', 2: '$ 31,170', 3: '$ 13,561'}, {0: 'k) Average need-based scholarship or grant award of\nthose in line e', 1: '$ 27,056', 2: '$ 26,581', 3: '$ 14,091'}, {0: 'l) Average need-based self-help award (excluding\nPLUS loans, unsubsidized loans, and private\nalternative loans) of those in line f', 1: '$ 5,774', 2: '$ 6,240', 3: '$ 3,484'}, {0: 'm) Average need-based loan (excluding PLUS loans,\nunsubsidized loans, and private alternative loans)\nof those in line f who were awarded a need-based\nloan', 1: '$ 5,116', 2: '$ 5,816', 3: '$ 3,484'}], [{0: '', 1: 'First-time\nFull-time\nFreshmen', 2: 'Full-time\nUndergrad\n(Incl. Fresh)', 3: 'Less Than\nFull-time\nUndergrad'}, {0: 'n) Number of students in line a who had no financial\nneed and who were awarded institutional non\ufffe\nneed-based scholarship or grant aid (exclude those\nwho were awarded athletic awards and tuition\nbenefits)', 1: '528', 2: '1980', 3: '15'}, {0: 'o) Average dollar amount of institutional non-need\ufffe\nbased scholarship and grant aid awarded to\nstudents in line n', 1: '$ 18,314', 2: '$ 18,335', 3: '$ 7,270'}, {0: 'p) Number of students in line a who were awarded an\ninstitutional non-need-based athletic scholarship or\ngrant', 1: '-', 2: '-', 3: '-'}, {0: 'q) Average dollar amount of institutional non-need\ufffe\nbased athletic scholarships and grants awarded to\nstudents in line p', 1: '-', 2: '-', 3: '-'}]]","<table> <tr> <td> </td> <td> First-time <br/> Full-time <br/> Freshmen </td> <td> Full-time <br/> Undergrad <br/> (Incl. Fresh) </td> <td> Less Than <br/> Full-time <br/> Undergrad </td> </tr> <tr> <td> a) Number of degree-seeking undergraduate students <br/> (CDS Item B1 if reporting on Fall 2021 cohort) </td> <td> 1294 </td> <td> 4661 </td> <td> 143 </td> </tr> <tr> <td> b) Number of students in line a who applied for need￾ <br/> based financial aid </td> <td> 1105 </td> <td> 3354 </td> <td> 20 </td> </tr> <tr> <td> c) Number of students in line b who were determined <br/> to have financial need </td> <td> 750 </td> <td> 2630 </td> <td> 14 </td> </tr> <tr> <td> d) Number of students in line c who were awarded <br/> any financial aid </td> <td> 749 </td> <td> 2627 </td> <td> 14 </td> </tr> <tr> <td> e) Number of students in line d who were awarded <br/> any need-based scholarship or grant aid </td> <td> 748 </td> <td> 2618 </td> <td> 11 </td> </tr> <tr> <td> f) Number of students in line d who were awarded <br/> any need-based self-help aid </td> <td> 570 </td> <td> 1970 </td> <td> 10 </td> </tr> <tr> <td> g) Number of students in line d who were awarded <br/> any non-need-based scholarship or grant aid </td> <td> 218 </td> <td> 595 </td> <td> 2 </td> </tr> <tr> <td> h) Number of students in line d whose need was fully <br/> met (exclude PLUS loans, unsubsidized loans, and <br/> private alternative loans) </td> <td> 219 </td> <td> 626 </td> <td> 2 </td> </tr> <tr> <td> i) On average, the percentage of need that was met <br/> of students who were awarded any need-based aid. <br/> Exclude any aid that was awarded in excess of need <br/> as well as any resources that were awarded to <br/> replace EFC (PLUS loans, unsubsidized loans, and <br/> private alternative loans) </td> <td> 78.7% </td> <td> 71.5% </td> <td> 55.7% </td> </tr> <tr> <td> j) The average financial aid package of those in line <br/> d. Exclude any resources that were awarded to <br/> replace EFC (PLUS loans, unsubsidized loans, and <br/> private alternative loans) </td> <td> $ 31,414 </td> <td> $ 31,170 </td> <td> $ 13,561 </td> </tr> <tr> <td> k) Average need-based scholarship or grant award of <br/> those in line e </td> <td> $ 27,056 </td> <td> $ 26,581 </td> <td> $ 14,091 </td> </tr> <tr> <td> l) Average need-based self-help award (excluding <br/> PLUS loans, unsubsidized loans, and private <br/> alternative loans) of those in line f </td> <td> $ 5,774 </td> <td> $ 6,240 </td> <td> $ 3,484 </td> </tr> <tr> <td> m) Average need-based loan (excluding PLUS loans, <br/> unsubsidized loans, and private alternative loans) <br/> of those in line f who were awarded a need-based <br/> loan </td> <td> $ 5,116 </td> <td> $ 5,816 </td> <td> $ 3,484 </td> </tr> </table><div class=""separator""></div><table> <tr> <td> </td> <td> First-time <br/> Full-time <br/> Freshmen </td> <td> Full-time <br/> Undergrad <br/> (Incl. Fresh) </td> <td> Less Than <br/> Full-time <br/> Undergrad </td> </tr> <tr> <td> n) Number of students in line a who had no financial <br/> need and who were awarded institutional non￾ <br/> need-based scholarship or grant aid (exclude those <br/> who were awarded athletic awards and tuition <br/> benefits) </td> <td> 528 </td> <td> 1980 </td> <td> 15 </td> </tr> <tr> <td> o) Average dollar amount of institutional non-need￾ <br/> based scholarship and grant aid awarded to <br/> students in line n </td> <td> $ 18,314 </td> <td> $ 18,335 </td> <td> $ 7,270 </td> </tr> <tr> <td> p) Number of students in line a who were awarded an <br/> institutional non-need-based athletic scholarship or <br/> grant </td> <td> - </td> <td> - </td> <td> - </td> </tr> <tr> <td> q) Average dollar amount of institutional non-need￾ <br/> based athletic scholarships and grants awarded to <br/> students in line p </td> <td> - </td> <td> - </td> <td> - </td> </tr> </table>",168421,../data/cds-docs/2021-2022/168421.pdf,2021-2022
H,5,H5,"Number and percent of students in class (defined in H4 above) borrowing from federal,","[[{0: 'Source/Type of Loan', 1: 'Number in the\nclass (defined in\nH4 above) who\nborrowed from\nthe types of\nloans specified\nin the first\ncolumn', 2: 'Percent of the\nclass (defined\nabove) who\nborrowed from\nthe types of\nloans specified\nin the first\ncolumn (nearest\n1%)', 3: 'Average per\ufffe\nundergraduate\ufffe\nborrower\ncumulative\nprincipal\nborrowed from\nthe types of\nloans specified\nin the first\ncolumn (nearest\n$1)'}, {0: 'a) Any loan program: Federal\nPerkins, Federal Stafford\nSubsidized and Unsubsidized,\ninstitutional, state, private loans\nthat your institution is aware of,\netc. Include both Federal Direct\nStudent Loans and Federal\nFamily Education Loans', 1: '-', 2: '-', 3: '-'}, {0: 'b) Federal loan programs: Federal\nPerkins, Federal Stafford\nSubsidized and Unsubsidized.\nInclude both Federal Direct\nStudent Loans and Federal\nFamily Education Loans', 1: '575', 2: '57.2%', 3: '$ 24,941'}, {0: 'c) Institutional loan programs', 1: '279', 2: '27.8%', 3: '$ 6,281'}, {0: 'd) State loan programs', 1: '62', 2: '6.2%', 3: '$ 5,854'}, {0: 'e) Private student loans made by a\nbank or lender', 1: '-', 2: '-', 3: '-'}]]","<table> <tr> <td> Source/Type of Loan </td> <td> Number in the <br/> class (defined in <br/> H4 above) who <br/> borrowed from <br/> the types of <br/> loans specified <br/> in the first <br/> column </td> <td> Percent of the <br/> class (defined <br/> above) who <br/> borrowed from <br/> the types of <br/> loans specified <br/> in the first <br/> column (nearest <br/> 1%) </td> <td> Average per￾ <br/> undergraduate￾ <br/> borrower <br/> cumulative <br/> principal <br/> borrowed from <br/> the types of <br/> loans specified <br/> in the first <br/> column (nearest <br/> $1) </td> </tr> <tr> <td> a) Any loan program: Federal <br/> Perkins, Federal Stafford <br/> Subsidized and Unsubsidized, <br/> institutional, state, private loans <br/> that your institution is aware of, <br/> etc. Include both Federal Direct <br/> Student Loans and Federal <br/> Family Education Loans </td> <td> - </td> <td> - </td> <td> - </td> </tr> <tr> <td> b) Federal loan programs: Federal <br/> Perkins, Federal Stafford <br/> Subsidized and Unsubsidized. <br/> Include both Federal Direct <br/> Student Loans and Federal <br/> Family Education Loans </td> <td> 575 </td> <td> 57.2% </td> <td> $ 24,941 </td> </tr> <tr> <td> c) Institutional loan programs </td> <td> 279 </td> <td> 27.8% </td> <td> $ 6,281 </td> </tr> <tr> <td> d) State loan programs </td> <td> 62 </td> <td> 6.2% </td> <td> $ 5,854 </td> </tr> <tr> <td> e) Private student loans made by a <br/> bank or lender </td> <td> - </td> <td> - </td> <td> - </td> </tr> </table>",168421,../data/cds-docs/2021-2022/168421.pdf,2021-2022
H,14,H14,Check off criteria used in awarding institutional aid.,"[[{0: '', 1: 'Non-Need-Based', 2: 'Need-Based'}, {0: 'Academics', 1: 'X', 2: 'X'}, {0: 'Alumni affiliation\n0B', 1: '', 2: ''}, {0: 'Art', 1: '', 2: ''}, {0: 'Athletics', 1: '', 2: ''}, {0: 'Job skills', 1: '', 2: ''}, {0: 'Leadership', 1: 'X', 2: 'X'}, {0: 'Minority status', 1: 'X', 2: 'X'}, {0: 'Music/drama', 1: '', 2: ''}, {0: 'Religious affiliation', 1: '', 2: ''}, {0: 'State/district residency', 1: '', 2: ''}, {0: 'ROTC', 1: 'X', 2: ''}]]",<table> <tr> <td> </td> <td> Non-Need-Based </td> <td> Need-Based </td> </tr> <tr> <td> Academics </td> <td> X </td> <td> X </td> </tr> <tr> <td> Alumni affiliation <br/> 0B </td> <td> </td> <td> </td> </tr> <tr> <td> Art </td> <td> </td> <td> </td> </tr> <tr> <td> Athletics </td> <td> </td> <td> </td> </tr> <tr> <td> Job skills </td> <td> </td> <td> </td> </tr> <tr> <td> Leadership </td> <td> X </td> <td> X </td> </tr> <tr> <td> Minority status </td> <td> X </td> <td> X </td> </tr> <tr> <td> Music/drama </td> <td> </td> <td> </td> </tr> <tr> <td> Religious affiliation </td> <td> </td> <td> </td> </tr> <tr> <td> State/district residency </td> <td> </td> <td> </td> </tr> <tr> <td> ROTC </td> <td> X </td> <td> </td> </tr> </table>,168421,../data/cds-docs/2021-2022/168421.pdf,2021-2022
