section,table_num,table_code,table_title,table_records,table_html,unitid,file,year
B,1,B1,Institutional Enrollment - Men and Women,"[[{0: '', 1: 'FULL-TIME', 2: 'FULL-TIME', 3: 'FULL-TIME', 4: 'FULL-TIME', 5: 'PART-TIME', 6: 'PART-TIME', 7: 'PART-TIME', 8: 'PART-TIME'}, {0: '', 1: 'Men', 2: 'Women', 3: 'Another\nGender', 4: 'Unknown', 5: 'Men', 6: 'Women', 7: 'Another\nGender', 8: 'Unknown'}, {0: 'Undergraduate Students', 1: 'Undergraduate Students', 2: 'Undergraduate Students', 3: 'Undergraduate Students', 4: 'Undergraduate Students', 5: 'Undergraduate Students', 6: 'Undergraduate Students', 7: 'Undergraduate Students', 8: 'Undergraduate Students'}, {0: 'Degree-seeking, first\ufffe\ntime, first-year students', 1: '', 2: '', 3: '', 4: '', 5: '', 6: '', 7: '', 8: ''}, {0: 'Other first-year, degree\ufffe\nseeking students', 1: '', 2: '', 3: '', 4: '', 5: '', 6: '', 7: '', 8: ''}, {0: 'All other degree-seeking\nundergraduate students', 1: '', 2: '', 3: '', 4: '', 5: '', 6: '', 7: '', 8: ''}, {0: 'Total degree-seeking\nundergraduate students', 1: '', 2: '', 3: '', 4: '', 5: '', 6: '', 7: '', 8: ''}, {0: 'All other undergraduates\nenrolled in credit courses', 1: '', 2: '', 3: '', 4: '', 5: '', 6: '', 7: '', 8: ''}, {0: 'Total Undergraduate Students', 1: '', 2: '', 3: '', 4: '', 5: '', 6: '', 7: '', 8: ''}, {0: 'Graduate Students', 1: 'Graduate Students', 2: 'Graduate Students', 3: 'Graduate Students', 4: 'Graduate Students', 5: 'Graduate Students', 6: 'Graduate Students', 7: 'Graduate Students', 8: 'Graduate Students'}, {0: 'Degree-seeking, first-time', 1: '', 2: '', 3: '', 4: '', 5: '', 6: '', 7: '', 8: ''}, {0: 'All other degree-seeking', 1: '', 2: '', 3: '', 4: '', 5: '', 6: '', 7: '', 8: ''}, {0: 'All other graduates enrolled in\ncredit courses', 1: '', 2: '', 3: '', 4: '', 5: '', 6: '', 7: '', 8: ''}, {0: 'Total Graduate Students', 1: '', 2: '', 3: '', 4: '', 5: '', 6: '', 7: '', 8: ''}, {0: 'Total All Students', 1: '', 2: '', 3: '', 4: '', 5: '', 6: '', 7: '', 8: ''}]]","<table> <tr> <td rowspan=""2""> </td> <td colspan=""4""> FULL-TIME </td> <td colspan=""4""> PART-TIME </td> </tr> <tr> <td> Men </td> <td> Women </td> <td> Another <br/> Gender </td> <td> Unknown </td> <td> Men </td> <td> Women </td> <td> Another <br/> Gender </td> <td> Unknown </td> </tr> <tr> <td> Undergraduate Students </td> <td colspan=""8""> Undergraduate Students </td> </tr> <tr> <td> Degree-seeking, first￾ <br/> time, first-year students </td> <td> </td> <td> </td> <td> </td> <td> </td> <td> </td> <td> </td> <td> </td> <td> </td> </tr> <tr> <td> Other first-year, degree￾ <br/> seeking students </td> <td> </td> <td> </td> <td> </td> <td> </td> <td> </td> <td> </td> <td> </td> <td> </td> </tr> <tr> <td> All other degree-seeking <br/> undergraduate students </td> <td> </td> <td> </td> <td> </td> <td> </td> <td> </td> <td> </td> <td> </td> <td> </td> </tr> <tr> <td> Total degree-seeking <br/> undergraduate students </td> <td> </td> <td> </td> <td> </td> <td> </td> <td> </td> <td> </td> <td> </td> <td> </td> </tr> <tr> <td> All other undergraduates <br/> enrolled in credit courses </td> <td> </td> <td> </td> <td> </td> <td> </td> <td> </td> <td> </td> <td> </td> <td> </td> </tr> <tr> <td> Total Undergraduate Students </td> <td> </td> <td> </td> <td> </td> <td> </td> <td> </td> <td> </td> <td> </td> <td> </td> </tr> <tr> <td> Graduate Students </td> <td colspan=""8""> Graduate Students </td> </tr> <tr> <td> Degree-seeking, first-time </td> <td> </td> <td> </td> <td> </td> <td> </td> <td> </td> <td> </td> <td> </td> <td> </td> </tr> <tr> <td> All other degree-seeking </td> <td> </td> <td> </td> <td> </td> <td> </td> <td> </td> <td> </td> <td> </td> <td> </td> </tr> <tr> <td> All other graduates enrolled in <br/> credit courses </td> <td> </td> <td> </td> <td> </td> <td> </td> <td> </td> <td> </td> <td> </td> <td> </td> </tr> <tr> <td> Total Graduate Students </td> <td> </td> <td> </td> <td> </td> <td> </td> <td> </td> <td> </td> <td> </td> <td> </td> </tr> <tr> <td> Total All Students </td> <td> </td> <td> </td> <td> </td> <td> </td> <td> </td> <td> </td> <td> </td> <td> </td> </tr> </table>",171128,../data/cds-docs/2024-2025/171128.pdf,2024-2025
B,2,B2,Enrollment by Racial/Ethnic Category,"[[{0: 'Racial/Ethnic Category', 1: 'Degree-seeking\nFirst-time year First', 2: 'Degree-seeking\nUndergraduates\n(include first-time\nfirst-year)', 3: 'Total\nUndergraduates\n(both degree- and\nnon-degree\ufffe\nseeking)'}, {0: 'Nonresidents', 1: '', 2: '', 3: ''}, {0: 'Hispanic/Latino', 1: '', 2: '', 3: ''}, {0: 'Black or African American, non-Hispanic', 1: '', 2: '', 3: ''}, {0: 'White, non-Hispanic', 1: '', 2: '', 3: ''}, {0: 'American Indian or Alaska Native, non\ufffe\nHispanic', 1: '', 2: '', 3: ''}, {0: 'Asian, non-Hispanic', 1: '', 2: '', 3: ''}, {0: 'Native Hawaiian or other Pacific Islander,\nnon-Hispanic', 1: '', 2: '', 3: ''}, {0: 'Two or more races, non-Hispanic', 1: '', 2: '', 3: ''}, {0: 'Race and/or ethnicity unknown', 1: '', 2: '', 3: ''}, {0: 'Total', 1: '', 2: '', 3: ''}]]","<table> <tr> <td> Racial/Ethnic Category </td> <td> Degree-seeking <br/> First-time year First </td> <td> Degree-seeking <br/> Undergraduates <br/> (include first-time <br/> first-year) </td> <td> Total <br/> Undergraduates <br/> (both degree- and <br/> non-degree￾ <br/> seeking) </td> </tr> <tr> <td> Nonresidents </td> <td> </td> <td> </td> <td> </td> </tr> <tr> <td> Hispanic/Latino </td> <td> </td> <td> </td> <td> </td> </tr> <tr> <td> Black or African American, non-Hispanic </td> <td> </td> <td> </td> <td> </td> </tr> <tr> <td> White, non-Hispanic </td> <td> </td> <td> </td> <td> </td> </tr> <tr> <td> American Indian or Alaska Native, non￾ <br/> Hispanic </td> <td> </td> <td> </td> <td> </td> </tr> <tr> <td> Asian, non-Hispanic </td> <td> </td> <td> </td> <td> </td> </tr> <tr> <td> Native Hawaiian or other Pacific Islander, <br/> non-Hispanic </td> <td> </td> <td> </td> <td> </td> </tr> <tr> <td> Two or more races, non-Hispanic </td> <td> </td> <td> </td> <td> </td> </tr> <tr> <td> Race and/or ethnicity unknown </td> <td> </td> <td> </td> <td> </td> </tr> <tr> <td> Total </td> <td> </td> <td> </td> <td> </td> </tr> </table>",171128,../data/cds-docs/2024-2025/171128.pdf,2024-2025
B,3,B3,Persistence,"[[{0: 'AWARD TYPE', 1: '# AWARDED'}, {0: 'Certificate/diploma:', 1: ''}, {0: 'Associate degrees:', 1: ''}, {0: 'Bachelor’s degrees:', 1: ''}, {0: 'Post-bachelor’s certificates:', 1: ''}, {0: 'Master’s degrees:', 1: ''}, {0: 'Post-master’s certificates:', 1: ''}, {0: 'Doctoral degrees –\nresearch/scholarship:', 1: ''}, {0: 'Doctoral degrees – professional\npractice:', 1: ''}, {0: 'Doctoral degrees – other:', 1: ''}]]",<table> <tr> <td> AWARD TYPE </td> <td> # AWARDED </td> </tr> <tr> <td> Certificate/diploma: </td> <td> </td> </tr> <tr> <td> Associate degrees: </td> <td> </td> </tr> <tr> <td> Bachelor’s degrees: </td> <td> </td> </tr> <tr> <td> Post-bachelor’s certificates: </td> <td> </td> </tr> <tr> <td> Master’s degrees: </td> <td> </td> </tr> <tr> <td> Post-master’s certificates: </td> <td> </td> </tr> <tr> <td> Doctoral degrees – <br/> research/scholarship: </td> <td> </td> </tr> <tr> <td> Doctoral degrees – professional <br/> practice: </td> <td> </td> </tr> <tr> <td> Doctoral degrees – other: </td> <td> </td> </tr> </table>,171128,../data/cds-docs/2024-2025/171128.pdf,2024-2025
B,4,B4,-B21: Graduation Rates,"[[{0: '', 1: '', 2: 'Recipients of a\nFederal Grant Pell', 3: 'Recipients of a\nSubsidized\nStafford Loan\nwho did not\nreceive Grant a Pell', 4: 'Students who\ndid not receive\neither a Pell\nGrant or a\nsubsidized\nStafford Loan', 5: '(sum Total of 3\ncolumns left) to the'}, {0: 'A', 1: ""Initial 2018 cohort of first-time, full-time,\nbachelor's (or equivalent) degree\ufffe\nseeking undergraduate students"", 2: '', 3: '', 4: '', 5: ''}, {0: 'B', 1: 'Of the initial 2018 cohort, how many did\nnot persist and did not graduate for the\nfollowing reasons:\n• Deceased\n• Permanently Disabled\n• Armed Forces\n• Foreign Aid Service of the Federal Government\n• Official church missions\n• Report Total Allowable Exclusions', 2: '', 3: '', 4: '', 5: ''}, {0: 'C', 1: 'Final 2018 cohort, after adjusting\nfor allowable exclusions', 2: '', 3: '', 4: '', 5: ''}, {0: 'D', 1: 'Of the initial 2018 cohort, how many\ncompleted the program in four years or\nless (by Aug. 31, 2022)', 2: '', 3: '', 4: '', 5: ''}]]","<table> <tr> <td colspan=""2""> </td> <td> Recipients of a <br/> Federal Grant Pell </td> <td> Recipients of a <br/> Subsidized <br/> Stafford Loan <br/> who did not <br/> receive Grant a Pell </td> <td> Students who <br/> did not receive <br/> either a Pell <br/> Grant or a <br/> subsidized <br/> Stafford Loan </td> <td> (sum Total of 3 <br/> columns left) to the </td> </tr> <tr> <td> A </td> <td> Initial 2018 cohort of first-time, full-time, <br/> bachelor's (or equivalent) degree￾ <br/> seeking undergraduate students </td> <td> </td> <td> </td> <td> </td> <td> </td> </tr> <tr> <td> B </td> <td> Of the initial 2018 cohort, how many did <br/> not persist and did not graduate for the <br/> following reasons: <br/> • Deceased <br/> • Permanently Disabled <br/> • Armed Forces <br/> • Foreign Aid Service of the Federal Government <br/> • Official church missions <br/> • Report Total Allowable Exclusions </td> <td> </td> <td> </td> <td> </td> <td> </td> </tr> <tr> <td> C </td> <td> Final 2018 cohort, after adjusting <br/> for allowable exclusions </td> <td> </td> <td> </td> <td> </td> <td> </td> </tr> <tr> <td> D </td> <td> Of the initial 2018 cohort, how many <br/> completed the program in four years or <br/> less (by Aug. 31, 2022) </td> <td> </td> <td> </td> <td> </td> <td> </td> </tr> </table>",171128,../data/cds-docs/2024-2025/171128.pdf,2024-2025
C,1,C1,"First-time, first-year students: Provide the number of degree-seeking, first-time, first-year students","[[{0: 'FIRST-TIME, FIRST-YEAR STUDENT APPLICANTS', 1: 'TOTAL'}, {0: 'Total first-time, first-year men who applied', 1: ''}, {0: 'Total first-time, first-year women who applied', 1: ''}, {0: 'Total first-time, first-year of another gender who applied', 1: ''}, {0: 'Total first-time, first-year of unknown gender who applied', 1: ''}], [{0: 'FIRST-TIME, FIRST-YEAR STUDENT ADMITS', 1: 'TOTAL'}, {0: 'Total first-time, first-year men who were admitted', 1: ''}, {0: 'Total first-time, first-year women who were admitted', 1: ''}, {0: 'Total first-time, first-year of another gender who were admitted', 1: ''}, {0: 'Total first-time, first-year of unknown gender who were admitted', 1: ''}], [{0: 'FIRST-TIME, FIRST-YEAR STUDENT ENROLLEES', 1: 'TOTAL'}, {0: 'Total first-time, first-year men who enrolled', 1: ''}, {0: 'Total first-time, first-year women who enrolled', 1: ''}, {0: 'Total first-time, first-year of another gender who enrolled', 1: ''}, {0: 'Total first-time, first-year of unknown gender who enrolled', 1: ''}], [{0: 'FIRST-TIME, FIRST-YEAR STUDENT ENROLLEES BY STATUS', 1: 'TOTAL'}, {0: 'Total full-time, first-time, first-year men who enrolled', 1: ''}, {0: 'Total part-time, first-time, first-year men who enrolled', 1: ''}, {0: 'Total full-time, first-time, first-year women who enrolled', 1: ''}, {0: 'Total part-time, first-time, first-year women who enrolled', 1: ''}, {0: 'Total full-time, first-time, first-year of another gender who enrolled', 1: ''}, {0: 'Total part-time, first-time, first-year of another gender who enrolled', 1: ''}, {0: 'Total full-time, first-time, first-year of unknown gender who enrolled', 1: ''}, {0: 'Total part-time, first-time, first-year of unknown gender who enrolled', 1: ''}]]","<table> <tr> <td> FIRST-TIME, FIRST-YEAR STUDENT APPLICANTS </td> <td> TOTAL </td> </tr> <tr> <td> Total first-time, first-year men who applied </td> <td> </td> </tr> <tr> <td> Total first-time, first-year women who applied </td> <td> </td> </tr> <tr> <td> Total first-time, first-year of another gender who applied </td> <td> </td> </tr> <tr> <td> Total first-time, first-year of unknown gender who applied </td> <td> </td> </tr> </table><div class=""separator""></div><table> <tr> <td> FIRST-TIME, FIRST-YEAR STUDENT ADMITS </td> <td> TOTAL </td> </tr> <tr> <td> Total first-time, first-year men who were admitted </td> <td> </td> </tr> <tr> <td> Total first-time, first-year women who were admitted </td> <td> </td> </tr> <tr> <td> Total first-time, first-year of another gender who were admitted </td> <td> </td> </tr> <tr> <td> Total first-time, first-year of unknown gender who were admitted </td> <td> </td> </tr> </table><div class=""separator""></div><table> <tr> <td> FIRST-TIME, FIRST-YEAR STUDENT ENROLLEES </td> <td> TOTAL </td> </tr> <tr> <td> Total first-time, first-year men who enrolled </td> <td> </td> </tr> <tr> <td> Total first-time, first-year women who enrolled </td> <td> </td> </tr> <tr> <td> Total first-time, first-year of another gender who enrolled </td> <td> </td> </tr> <tr> <td> Total first-time, first-year of unknown gender who enrolled </td> <td> </td> </tr> </table><div class=""separator""></div><table> <tr> <td> FIRST-TIME, FIRST-YEAR STUDENT ENROLLEES BY STATUS </td> <td> TOTAL </td> </tr> <tr> <td> Total full-time, first-time, first-year men who enrolled </td> <td> </td> </tr> <tr> <td> Total part-time, first-time, first-year men who enrolled </td> <td> </td> </tr> <tr> <td> Total full-time, first-time, first-year women who enrolled </td> <td> </td> </tr> <tr> <td> Total part-time, first-time, first-year women who enrolled </td> <td> </td> </tr> <tr> <td> Total full-time, first-time, first-year of another gender who enrolled </td> <td> </td> </tr> <tr> <td> Total part-time, first-time, first-year of another gender who enrolled </td> <td> </td> </tr> <tr> <td> Total full-time, first-time, first-year of unknown gender who enrolled </td> <td> </td> </tr> <tr> <td> Total part-time, first-time, first-year of unknown gender who enrolled </td> <td> </td> </tr> </table>",171128,../data/cds-docs/2024-2025/171128.pdf,2024-2025
C,2,C2,"First time, first-year wait-listed students","[[{0: 'WAITING LIST', 1: 'TOTAL'}, {0: 'Number of qualified applicants offered a place on waiting list:', 1: ''}, {0: 'Number accepting a place on the waiting list:', 1: ''}, {0: 'Number of wait-listed students admitted:', 1: ''}]]",<table> <tr> <td> WAITING LIST </td> <td> TOTAL </td> </tr> <tr> <td> Number of qualified applicants offered a place on waiting list: </td> <td> </td> </tr> <tr> <td> Number accepting a place on the waiting list: </td> <td> </td> </tr> <tr> <td> Number of wait-listed students admitted: </td> <td> </td> </tr> </table>,171128,../data/cds-docs/2024-2025/171128.pdf,2024-2025
C,5,C5,Distribution of high school units required and/or recommended. Specify the distribution of academic high,"[[{0: '', 1: 'Units Required', 2: 'Units Recommended'}, {0: 'Total academic units', 1: '', 2: ''}, {0: 'English', 1: '', 2: ''}, {0: 'Mathematics', 1: '', 2: ''}, {0: 'Science', 1: '', 2: ''}, {0: 'Of these, units that must be lab', 1: '', 2: ''}, {0: 'Foreign language', 1: '', 2: ''}, {0: 'Social studies', 1: '', 2: ''}, {0: 'History', 1: '', 2: ''}, {0: 'Academic electives', 1: '', 2: ''}, {0: 'Computer Science', 1: '', 2: ''}, {0: 'Visual/Performing Arts', 1: '', 2: ''}, {0: 'Other (specify)', 1: '', 2: ''}]]","<table> <tr> <td> </td> <td> Units Required </td> <td> Units Recommended </td> </tr> <tr> <td> Total academic units </td> <td> </td> <td> </td> </tr> <tr> <td> English </td> <td> </td> <td> </td> </tr> <tr> <td> Mathematics </td> <td> </td> <td> </td> </tr> <tr> <td> Science </td> <td> </td> <td> </td> </tr> <tr> <td> Of these, units that must be lab </td> <td> </td> <td> </td> </tr> <tr> <td> Foreign language </td> <td> </td> <td> </td> </tr> <tr> <td> Social studies </td> <td> </td> <td> </td> </tr> <tr> <td> History </td> <td> </td> <td> </td> </tr> <tr> <td> Academic electives </td> <td> </td> <td> </td> </tr> <tr> <td> Computer Science </td> <td> </td> <td> </td> </tr> <tr> <td> Visual/Performing Arts </td> <td> </td> <td> </td> </tr> <tr> <td> Other (specify) </td> <td> </td> <td> </td> </tr> </table>",171128,../data/cds-docs/2024-2025/171128.pdf,2024-2025
C,9,C9,"Percent and number of first-time, first-year students enrolled in Fall 2024 who submitted national","[[{0: 'Assessment', 1: '25th Percentile\nScore', 2: '50th Percentile\nScore', 3: '75th Percentile\nScore'}, {0: 'SAT Composite', 1: '', 2: '', 3: ''}, {0: 'SAT Evidence-Based\nReading and Writing', 1: '', 2: '', 3: ''}, {0: 'SAT Math', 1: '', 2: '', 3: ''}, {0: 'ACT Composite', 1: '', 2: '', 3: ''}, {0: 'ACT Math', 1: '', 2: '', 3: ''}, {0: 'ACT English', 1: '', 2: '', 3: ''}, {0: 'ACT Writing', 1: '', 2: '', 3: ''}, {0: 'ACT Science', 1: '', 2: '', 3: ''}, {0: 'ACT Reading', 1: '', 2: '', 3: ''}]]",<table> <tr> <td> Assessment </td> <td> 25th Percentile <br/> Score </td> <td> 50th Percentile <br/> Score </td> <td> 75th Percentile <br/> Score </td> </tr> <tr> <td> SAT Composite </td> <td> </td> <td> </td> <td> </td> </tr> <tr> <td> SAT Evidence-Based <br/> Reading and Writing </td> <td> </td> <td> </td> <td> </td> </tr> <tr> <td> SAT Math </td> <td> </td> <td> </td> <td> </td> </tr> <tr> <td> ACT Composite </td> <td> </td> <td> </td> <td> </td> </tr> <tr> <td> ACT Math </td> <td> </td> <td> </td> <td> </td> </tr> <tr> <td> ACT English </td> <td> </td> <td> </td> <td> </td> </tr> <tr> <td> ACT Writing </td> <td> </td> <td> </td> <td> </td> </tr> <tr> <td> ACT Science </td> <td> </td> <td> </td> <td> </td> </tr> <tr> <td> ACT Reading </td> <td> </td> <td> </td> <td> </td> </tr> </table>,171128,../data/cds-docs/2024-2025/171128.pdf,2024-2025
C,11,C11,"Percentage of all enrolled, degree-seeking, first-time, first-year students who had high school","[[{0: 'Score Range', 1: 'Percent\n(Students who\nsubmitted scores)', 2: 'Percent\n(Students who did\nnot submit scores)', 3: 'Percent\n(All enrolled\nstudents)'}, {0: 'Percent who had GPA of 4.0', 1: '', 2: '', 3: ''}, {0: 'Percent who had GPA between 3.75 and 3.99', 1: '', 2: '', 3: ''}, {0: 'Percent who had GPA between 3.50 and 3.74', 1: '', 2: '', 3: ''}, {0: 'Percent who had GPA between 3.25 and 3.49', 1: '', 2: '', 3: ''}, {0: 'Percent who had GPA between 3.00 and 3.24', 1: '', 2: '', 3: ''}, {0: 'Percent who had GPA between 2.50 and 2.99', 1: '', 2: '', 3: ''}, {0: 'Percent who had GPA between 2.0 and 2.49', 1: '', 2: '', 3: ''}, {0: 'Percent who had GPA between 1.0 and 1.99', 1: '', 2: '', 3: ''}, {0: 'Percent who had GPA below 1.0', 1: '', 2: '', 3: ''}, {0: 'Totals should = 100%', 1: '', 2: '', 3: ''}]]",<table> <tr> <td> Score Range </td> <td> Percent <br/> (Students who <br/> submitted scores) </td> <td> Percent <br/> (Students who did <br/> not submit scores) </td> <td> Percent <br/> (All enrolled <br/> students) </td> </tr> <tr> <td> Percent who had GPA of 4.0 </td> <td> </td> <td> </td> <td> </td> </tr> <tr> <td> Percent who had GPA between 3.75 and 3.99 </td> <td> </td> <td> </td> <td> </td> </tr> <tr> <td> Percent who had GPA between 3.50 and 3.74 </td> <td> </td> <td> </td> <td> </td> </tr> <tr> <td> Percent who had GPA between 3.25 and 3.49 </td> <td> </td> <td> </td> <td> </td> </tr> <tr> <td> Percent who had GPA between 3.00 and 3.24 </td> <td> </td> <td> </td> <td> </td> </tr> <tr> <td> Percent who had GPA between 2.50 and 2.99 </td> <td> </td> <td> </td> <td> </td> </tr> <tr> <td> Percent who had GPA between 2.0 and 2.49 </td> <td> </td> <td> </td> <td> </td> </tr> <tr> <td> Percent who had GPA between 1.0 and 1.99 </td> <td> </td> <td> </td> <td> </td> </tr> <tr> <td> Percent who had GPA below 1.0 </td> <td> </td> <td> </td> <td> </td> </tr> <tr> <td> Totals should = 100% </td> <td> </td> <td> </td> <td> </td> </tr> </table>,171128,../data/cds-docs/2024-2025/171128.pdf,2024-2025
C,12,C12,"Average high school GPA of all degree-seeking, first-time, first-year students who","[[{0: '', 1: '%'}, {0: 'Percent Submitting GPA', 1: ''}]]",<table> <tr> <td> </td> <td> % </td> </tr> <tr> <td> Percent Submitting GPA </td> <td> </td> </tr> </table>,171128,../data/cds-docs/2024-2025/171128.pdf,2024-2025
C,14,C14,Application closing date,"[[{0: '', 1: 'Month', 2: 'Day'}, {0: 'Application closing date (fall)', 1: '', 2: ''}, {0: 'Priority Date', 1: '', 2: ''}]]",<table> <tr> <td> </td> <td> Month </td> <td> Day </td> </tr> <tr> <td> Application closing date (fall) </td> <td> </td> <td> </td> </tr> <tr> <td> Priority Date </td> <td> </td> <td> </td> </tr> </table>,171128,../data/cds-docs/2024-2025/171128.pdf,2024-2025
D,2,D2,"Provide the number of students who applied, were admitted, and enrolled as degree-seeking transfer","[[{0: '', 1: 'Applicants', 2: 'Admitted Applicants', 3: 'Enrolled Applicants'}, {0: 'Men', 1: '', 2: '', 3: ''}, {0: 'Women', 1: '', 2: '', 3: ''}, {0: 'Another Gender', 1: '', 2: '', 3: ''}, {0: 'Unknown', 1: '', 2: '', 3: ''}, {0: 'Total', 1: '', 2: '', 3: ''}]]",<table> <tr> <td> </td> <td> Applicants </td> <td> Admitted Applicants </td> <td> Enrolled Applicants </td> </tr> <tr> <td> Men </td> <td> </td> <td> </td> <td> </td> </tr> <tr> <td> Women </td> <td> </td> <td> </td> <td> </td> </tr> <tr> <td> Another Gender </td> <td> </td> <td> </td> <td> </td> </tr> <tr> <td> Unknown </td> <td> </td> <td> </td> <td> </td> </tr> <tr> <td> Total </td> <td> </td> <td> </td> <td> </td> </tr> </table>,171128,../data/cds-docs/2024-2025/171128.pdf,2024-2025
D,5,D5,Indicate all items required of transfer students to apply for admission:,"[[{0: '', 1: 'Required of All', 2: 'Recommended\nof All', 3: 'Recommended\nof Some', 4: 'Required Some of', 5: 'Not Required'}, {0: 'High school transcript', 1: '', 2: '', 3: '', 4: '', 5: ''}, {0: 'College transcript(s)', 1: '', 2: '', 3: '', 4: '', 5: ''}, {0: 'Essay or personal statement', 1: '', 2: '', 3: '', 4: '', 5: ''}, {0: 'Interview', 1: '', 2: '', 3: '', 4: '', 5: ''}, {0: 'Standardized test scores', 1: '', 2: '', 3: '', 4: '', 5: ''}, {0: 'Statement of good standing\nfrom prior institution(s)', 1: '', 2: '', 3: '', 4: '', 5: ''}]]",<table> <tr> <td> </td> <td> Required of All </td> <td> Recommended <br/> of All </td> <td> Recommended <br/> of Some </td> <td> Required Some of </td> <td> Not Required </td> </tr> <tr> <td> High school transcript </td> <td> </td> <td> </td> <td> </td> <td> </td> <td> </td> </tr> <tr> <td> College transcript(s) </td> <td> </td> <td> </td> <td> </td> <td> </td> <td> </td> </tr> <tr> <td> Essay or personal statement </td> <td> </td> <td> </td> <td> </td> <td> </td> <td> </td> </tr> <tr> <td> Interview </td> <td> </td> <td> </td> <td> </td> <td> </td> <td> </td> </tr> <tr> <td> Standardized test scores </td> <td> </td> <td> </td> <td> </td> <td> </td> <td> </td> </tr> <tr> <td> Statement of good standing <br/> from prior institution(s) </td> <td> </td> <td> </td> <td> </td> <td> </td> <td> </td> </tr> </table>,171128,../data/cds-docs/2024-2025/171128.pdf,2024-2025
D,9,D9,"List application priority, closing, notification, and candidate reply dates for transfer students. If applications are","[[{0: '', 1: 'Priority Date\nMonth Day', 2: 'Closing Date\nMonth Day', 3: 'Notification Date\nMonth Day', 4: 'Reply Date\nMonth Day', 5: 'Rolling\nadmission'}, {0: 'Fall', 1: '', 2: '', 3: '', 4: '', 5: ''}, {0: 'Winter', 1: '', 2: '', 3: '', 4: '', 5: ''}, {0: 'Spring', 1: '', 2: '', 3: '', 4: '', 5: ''}, {0: 'Summer', 1: '', 2: '', 3: '', 4: '', 5: ''}]]",<table> <tr> <td> </td> <td> Priority Date <br/> Month Day </td> <td> Closing Date <br/> Month Day </td> <td> Notification Date <br/> Month Day </td> <td> Reply Date <br/> Month Day </td> <td> Rolling <br/> admission </td> </tr> <tr> <td> Fall </td> <td> </td> <td> </td> <td> </td> <td> </td> <td> </td> </tr> <tr> <td> Winter </td> <td> </td> <td> </td> <td> </td> <td> </td> <td> </td> </tr> <tr> <td> Spring </td> <td> </td> <td> </td> <td> </td> <td> </td> <td> </td> </tr> <tr> <td> Summer </td> <td> </td> <td> </td> <td> </td> <td> </td> <td> </td> </tr> </table>,171128,../data/cds-docs/2024-2025/171128.pdf,2024-2025
F,1,F1,"Percentages of first-time, first-year degree-seeking students and degree-seeking","[[{0: '', 1: 'First-time, first\ufffe\nyear students', 2: 'Undergraduates'}, {0: 'Percent who are from out of state (exclude international/nonresident\nfrom the numerator and denominator)', 1: '', 2: ''}, {0: 'Percent of men who join fraternities', 1: '', 2: ''}, {0: 'Percent of women who join sororities', 1: '', 2: ''}, {0: 'Percent who live in college-owned, -operated, or -affiliated housing', 1: '', 2: ''}, {0: 'Percent who live off campus or commute', 1: '', 2: ''}, {0: 'Percent of students age 25 and older', 1: '', 2: ''}, {0: 'Average age of full-time students', 1: '', 2: ''}, {0: 'Average age of all students (full- and part-time)', 1: '', 2: ''}]]","<table> <tr> <td> </td> <td> First-time, first￾ <br/> year students </td> <td> Undergraduates </td> </tr> <tr> <td> Percent who are from out of state (exclude international/nonresident <br/> from the numerator and denominator) </td> <td> </td> <td> </td> </tr> <tr> <td> Percent of men who join fraternities </td> <td> </td> <td> </td> </tr> <tr> <td> Percent of women who join sororities </td> <td> </td> <td> </td> </tr> <tr> <td> Percent who live in college-owned, -operated, or -affiliated housing </td> <td> </td> <td> </td> </tr> <tr> <td> Percent who live off campus or commute </td> <td> </td> <td> </td> </tr> <tr> <td> Percent of students age 25 and older </td> <td> </td> <td> </td> </tr> <tr> <td> Average age of full-time students </td> <td> </td> <td> </td> </tr> <tr> <td> Average age of all students (full- and part-time) </td> <td> </td> <td> </td> </tr> </table>",171128,../data/cds-docs/2024-2025/171128.pdf,2024-2025
G,1,G1,"Undergraduate full-time tuition, required fees, food and housing","[[{0: '', 1: 'FIRST-YEAR', 2: 'UNDERGRADUATES'}, {0: 'PRIVATE INSTITUTION', 1: '', 2: ''}, {0: 'Tuition:', 1: '', 2: ''}, {0: 'PUBLIC INSTITUTION', 1: '', 2: ''}, {0: 'Tuition: In-district:', 1: '', 2: ''}, {0: 'Tuition: In-state (out-of-district):', 1: '', 2: ''}, {0: 'Tuition: Out-of-state:', 1: '', 2: ''}, {0: 'Tuition: Non-resident', 1: '', 2: ''}, {0: 'FOR ALL INSTITUTIONS', 1: '', 2: ''}, {0: 'Required Fees', 1: '', 2: ''}, {0: 'Food and Housing (on-campus):', 1: '', 2: ''}, {0: 'Housing Only (on-campus):', 1: '', 2: ''}, {0: 'Food Only (on-campus meal plan):', 1: '', 2: ''}]]",<table> <tr> <td> </td> <td> FIRST-YEAR </td> <td> UNDERGRADUATES </td> </tr> <tr> <td> PRIVATE INSTITUTION </td> <td> </td> <td> </td> </tr> <tr> <td> Tuition: </td> <td> </td> <td> </td> </tr> <tr> <td> PUBLIC INSTITUTION </td> <td> </td> <td> </td> </tr> <tr> <td> Tuition: In-district: </td> <td> </td> <td> </td> </tr> <tr> <td> Tuition: In-state (out-of-district): </td> <td> </td> <td> </td> </tr> <tr> <td> Tuition: Out-of-state: </td> <td> </td> <td> </td> </tr> <tr> <td> Tuition: Non-resident </td> <td> </td> <td> </td> </tr> <tr> <td> FOR ALL INSTITUTIONS </td> <td> </td> <td> </td> </tr> <tr> <td> Required Fees </td> <td> </td> <td> </td> </tr> <tr> <td> Food and Housing (on-campus): </td> <td> </td> <td> </td> </tr> <tr> <td> Housing Only (on-campus): </td> <td> </td> <td> </td> </tr> <tr> <td> Food Only (on-campus meal plan): </td> <td> </td> <td> </td> </tr> </table>,171128,../data/cds-docs/2024-2025/171128.pdf,2024-2025
G,5,G5,Provide the estimated expenses for a typical full-time undergraduate student:,"[[{0: '', 1: 'Residents', 2: 'Commuters\n(living at home)', 3: 'Commuters\n(not home) living at'}, {0: 'Books and supplies:', 1: '', 2: '', 3: ''}, {0: 'Housing only:', 1: 'Not Applicable Not Applicable\nNot Applicable', 2: 'Not Applicable Not Applicable\nNot Applicable', 3: ''}, {0: 'Food only:', 1: 'Not Applicable Not Applicable\nNot Applicable', 2: '', 3: ''}, {0: 'Food and housing total*', 1: 'Not Applicable', 2: 'Not Applicable', 3: ''}, {0: 'Transportation:', 1: '', 2: '', 3: ''}, {0: 'Other expenses:', 1: '', 2: '', 3: ''}]]","<table> <tr> <td> </td> <td> Residents </td> <td> Commuters <br/> (living at home) </td> <td> Commuters <br/> (not home) living at </td> </tr> <tr> <td> Books and supplies: </td> <td> </td> <td> </td> <td> </td> </tr> <tr> <td> Housing only: </td> <td colspan=""2""> Not Applicable Not Applicable <br/> Not Applicable </td> <td> </td> </tr> <tr> <td> Food only: </td> <td> Not Applicable Not Applicable <br/> Not Applicable </td> <td> </td> <td> </td> </tr> <tr> <td> Food and housing total* </td> <td> Not Applicable </td> <td> Not Applicable </td> <td> </td> </tr> <tr> <td> Transportation: </td> <td> </td> <td> </td> <td> </td> </tr> <tr> <td> Other expenses: </td> <td> </td> <td> </td> <td> </td> </tr> </table>",171128,../data/cds-docs/2024-2025/171128.pdf,2024-2025
H,1,H1,Enter total dollar amounts awarded to enrolled full-time and less than full-time degree-seeking,"[[{0: '', 1: 'Need-based\n(Include non-need\ufffe\nbased aid use to\nmeet need.)', 2: 'Non-need-based\n(Exclude non-need\ufffe\nbased aid use to\nmeet need.)'}, {0: 'Scholarships/Grants', 1: '', 2: ''}, {0: 'Federal', 1: '', 2: ''}, {0: 'State all states, not only the state in which your institution\nis located', 1: '', 2: ''}, {0: 'Institutional: Endowed scholarships, annual gifts and\ntuition funded grants, awarded by the college, excluding\nathletic aid and tuition waivers (which are reported below).', 1: '', 2: ''}, {0: 'Scholarships/grants from external sources (e.g.\nKiwanis, National Merit) not awarded by the college', 1: '', 2: ''}, {0: 'Total Scholarships/Grants', 1: '', 2: ''}, {0: 'Self-Help', 1: '', 2: ''}, {0: 'Student loans from all sources (excluding parent loans)', 1: '', 2: ''}, {0: 'Federal Work-Study', 1: '', 2: 'Not Applicable'}, {0: 'State and other (e.g., institutional) work-study/employment\n(Note: Excludes Federal Work-Study captured above.)', 1: '', 2: ''}, {0: 'Total Self-Help', 1: '', 2: ''}, {0: 'Parent Loans', 1: '', 2: ''}]]","<table> <tr> <td> </td> <td> Need-based <br/> (Include non-need￾ <br/> based aid use to <br/> meet need.) </td> <td> Non-need-based <br/> (Exclude non-need￾ <br/> based aid use to <br/> meet need.) </td> </tr> <tr> <td> Scholarships/Grants </td> <td> </td> <td> </td> </tr> <tr> <td> Federal </td> <td> </td> <td> </td> </tr> <tr> <td> State all states, not only the state in which your institution <br/> is located </td> <td> </td> <td> </td> </tr> <tr> <td> Institutional: Endowed scholarships, annual gifts and <br/> tuition funded grants, awarded by the college, excluding <br/> athletic aid and tuition waivers (which are reported below). </td> <td> </td> <td> </td> </tr> <tr> <td> Scholarships/grants from external sources (e.g. <br/> Kiwanis, National Merit) not awarded by the college </td> <td> </td> <td> </td> </tr> <tr> <td> Total Scholarships/Grants </td> <td> </td> <td> </td> </tr> <tr> <td> Self-Help </td> <td> </td> <td> </td> </tr> <tr> <td> Student loans from all sources (excluding parent loans) </td> <td> </td> <td> </td> </tr> <tr> <td> Federal Work-Study </td> <td> </td> <td> Not Applicable </td> </tr> <tr> <td> State and other (e.g., institutional) work-study/employment <br/> (Note: Excludes Federal Work-Study captured above.) </td> <td> </td> <td> </td> </tr> <tr> <td> Total Self-Help </td> <td> </td> <td> </td> </tr> <tr> <td> Parent Loans </td> <td> </td> <td> </td> </tr> </table>",171128,../data/cds-docs/2024-2025/171128.pdf,2024-2025
H,2,H2,Number of Enrolled Students Awarded Aid: List the number of degree-seeking full-time and less-than-full-,"[[{0: '', 1: 'Number of Enrolled Students Awarded Aids', 2: 'Full-time\nFirst-time\nFirst-year', 3: 'Full-time\nUndergrad\n(Incl. Fresh)', 4: 'Less Full-time Than\nUndergrad'}, {0: 'A', 1: 'Number of degree-seeking undergraduate students (CDS\nItem B1 if reporting on Fall 2024 cohort)', 2: '', 3: '', 4: ''}, {0: 'B', 1: 'Number of students in line a who applied for need-based\nfinancial aid', 2: '', 3: '', 4: ''}, {0: 'C', 1: 'Number of students in line b who were determined to have\nfinancial need', 2: '', 3: '', 4: ''}, {0: 'D', 1: 'Number of students in line c who were awarded any financial aid', 2: '', 3: '', 4: ''}, {0: 'E', 1: 'Number of students in line d who were awarded any need-based\nscholarship or grant aid', 2: '', 3: '', 4: ''}, {0: 'F', 1: 'Number of students in line d who were awarded any need-based\nself-help aid', 2: '', 3: '', 4: ''}, {0: 'G', 1: 'Number of students in line d who were awarded any non-need\ufffe\nbased scholarship or grant aid', 2: '', 3: '', 4: ''}, {0: 'H', 1: 'Number of students in line d whose need was fully met (exclude\nPLUS loans, unsubsidized loans, and private alternative loans)', 2: '', 3: '', 4: ''}, {0: 'I', 1: 'On average, the percentage of need that was met of students\nwho were awarded any need-based aid. Exclude any aid that\nwas awarded in excess of need as well as any resources that\nwere awarded to replace EFC (PLUS loans, unsubsidized loans,\nand private alternative loans)', 2: '', 3: '', 4: ''}, {0: 'J', 1: 'The average financial aid package of those in line d. Exclude\nany resources that were awarded to replace EFC (PLUS loans,\nunsubsidized loans, and private alternative loans)', 2: '', 3: '', 4: ''}, {0: 'K', 1: 'Average need-based scholarship or grant award of those in line\ne', 2: '', 3: '', 4: ''}, {0: 'L', 1: 'Average need-based self-help award (excluding PLUS loans,\nunsubsidized loans, and private alternative loans) of those in line\nf', 2: '', 3: '', 4: ''}], [{0: '', 1: 'Number of Enrolled Students Awarded Non-need-based\nScholarships and Grants', 2: 'Full-time\nFirst-time\nFirst-year', 3: 'Full-time\nUndergrad\nFresh) (Incl.', 4: 'Less Full-time Than\nUndergrad'}, {0: 'N', 1: 'Number of students in line a who had no financial need and who\nwere awarded institutional non-need-based scholarship or grant\naid (exclude those who were awarded athletic awards and tuition\nbenefits)', 2: '', 3: '', 4: ''}, {0: 'O', 1: 'Average dollar amount of institutional non-need-based\nscholarship and grant aid awarded to students in line n', 2: '', 3: '', 4: ''}, {0: 'P', 1: 'Number of students in line a who were awarded an institutional\nnon-need-based athletic scholarship or grant', 2: '', 3: '', 4: ''}, {0: 'Q', 1: 'Average dollar amount of institutional non-need-based athletic\nscholarships and grants awarded to students in line p', 2: '', 3: '', 4: ''}]]","<table> <tr> <td> </td> <td> Number of Enrolled Students Awarded Aids </td> <td> Full-time <br/> First-time <br/> First-year </td> <td> Full-time <br/> Undergrad <br/> (Incl. Fresh) </td> <td> Less Full-time Than <br/> Undergrad </td> </tr> <tr> <td> A </td> <td> Number of degree-seeking undergraduate students (CDS <br/> Item B1 if reporting on Fall 2024 cohort) </td> <td> </td> <td> </td> <td> </td> </tr> <tr> <td> B </td> <td> Number of students in line a who applied for need-based <br/> financial aid </td> <td> </td> <td> </td> <td> </td> </tr> <tr> <td> C </td> <td> Number of students in line b who were determined to have <br/> financial need </td> <td> </td> <td> </td> <td> </td> </tr> <tr> <td> D </td> <td> Number of students in line c who were awarded any financial aid </td> <td> </td> <td> </td> <td> </td> </tr> <tr> <td> E </td> <td> Number of students in line d who were awarded any need-based <br/> scholarship or grant aid </td> <td> </td> <td> </td> <td> </td> </tr> <tr> <td> F </td> <td> Number of students in line d who were awarded any need-based <br/> self-help aid </td> <td> </td> <td> </td> <td> </td> </tr> <tr> <td> G </td> <td> Number of students in line d who were awarded any non-need￾ <br/> based scholarship or grant aid </td> <td> </td> <td> </td> <td> </td> </tr> <tr> <td> H </td> <td> Number of students in line d whose need was fully met (exclude <br/> PLUS loans, unsubsidized loans, and private alternative loans) </td> <td> </td> <td> </td> <td> </td> </tr> <tr> <td> I </td> <td> On average, the percentage of need that was met of students <br/> who were awarded any need-based aid. Exclude any aid that <br/> was awarded in excess of need as well as any resources that <br/> were awarded to replace EFC (PLUS loans, unsubsidized loans, <br/> and private alternative loans) </td> <td> </td> <td> </td> <td> </td> </tr> <tr> <td> J </td> <td> The average financial aid package of those in line d. Exclude <br/> any resources that were awarded to replace EFC (PLUS loans, <br/> unsubsidized loans, and private alternative loans) </td> <td> </td> <td> </td> <td> </td> </tr> <tr> <td> K </td> <td> Average need-based scholarship or grant award of those in line <br/> e </td> <td> </td> <td> </td> <td> </td> </tr> <tr> <td> L </td> <td> Average need-based self-help award (excluding PLUS loans, <br/> unsubsidized loans, and private alternative loans) of those in line <br/> f </td> <td> </td> <td> </td> <td> </td> </tr> </table><div class=""separator""></div><table> <tr> <td> </td> <td> Number of Enrolled Students Awarded Non-need-based <br/> Scholarships and Grants </td> <td> Full-time <br/> First-time <br/> First-year </td> <td> Full-time <br/> Undergrad <br/> Fresh) (Incl. </td> <td> Less Full-time Than <br/> Undergrad </td> </tr> <tr> <td> N </td> <td> Number of students in line a who had no financial need and who <br/> were awarded institutional non-need-based scholarship or grant <br/> aid (exclude those who were awarded athletic awards and tuition <br/> benefits) </td> <td> </td> <td> </td> <td> </td> </tr> <tr> <td> O </td> <td> Average dollar amount of institutional non-need-based <br/> scholarship and grant aid awarded to students in line n </td> <td> </td> <td> </td> <td> </td> </tr> <tr> <td> P </td> <td> Number of students in line a who were awarded an institutional <br/> non-need-based athletic scholarship or grant </td> <td> </td> <td> </td> <td> </td> </tr> <tr> <td> Q </td> <td> Average dollar amount of institutional non-need-based athletic <br/> scholarships and grants awarded to students in line p </td> <td> </td> <td> </td> <td> </td> </tr> </table>",171128,../data/cds-docs/2024-2025/171128.pdf,2024-2025
H,5,H5,"Number and percent of students in class (defined in H4 above) borrowing from federal, non-federal,","[[{0: '', 1: 'Source/Type of Loan', 2: 'Number in the\nclass (defined in\nH4 above) who\nborrowed from\nthe types of\nloans specified\nin the first\ncolumn', 3: 'Percent of the\nclass (defined\nabove) who\nborrowed from\nthe types of\nloans specified\nin the first\ncolumn\n(nearest 1%)', 4: 'Average per-\nundergraduate-\nborrower\ncumulative\nprincipal\nborrowed from the\ntypes of loans\nspecified in the\nfirst\ncolumn (nearest'}, {0: 'A', 1: 'Any loan program: Federal Perkins,\nFederal Stafford Subsidized and\nUnsubsidized, loans that your institutional, institution is state, aware private of, etc.\nInclude both Federal Direct Student Loans\nand Federal Family Education Loans', 2: '', 3: '', 4: ''}, {0: 'B', 1: 'Federal loan programs: Federal Perkins,\nFederal Stafford Subsidized and\nUnsubsidized. Include both Federal Direct\nStudent Loans and Federal Family\nEducation Loans', 2: '', 3: '', 4: ''}, {0: 'C', 1: 'Institutional loan programs', 2: '', 3: '', 4: ''}, {0: 'D', 1: 'State loan programs', 2: '', 3: '', 4: ''}, {0: 'E', 1: 'Private student loans made by a bank or\nlender', 2: '', 3: '', 4: ''}]]","<table> <tr> <td> </td> <td> Source/Type of Loan </td> <td> Number in the <br/> class (defined in <br/> H4 above) who <br/> borrowed from <br/> the types of <br/> loans specified <br/> in the first <br/> column </td> <td> Percent of the <br/> class (defined <br/> above) who <br/> borrowed from <br/> the types of <br/> loans specified <br/> in the first <br/> column <br/> (nearest 1%) </td> <td> Average per- <br/> undergraduate- <br/> borrower <br/> cumulative <br/> principal <br/> borrowed from the <br/> types of loans <br/> specified in the <br/> first <br/> column (nearest </td> </tr> <tr> <td> A </td> <td> Any loan program: Federal Perkins, <br/> Federal Stafford Subsidized and <br/> Unsubsidized, loans that your institutional, institution is state, aware private of, etc. <br/> Include both Federal Direct Student Loans <br/> and Federal Family Education Loans </td> <td> </td> <td> </td> <td> </td> </tr> <tr> <td> B </td> <td> Federal loan programs: Federal Perkins, <br/> Federal Stafford Subsidized and <br/> Unsubsidized. Include both Federal Direct <br/> Student Loans and Federal Family <br/> Education Loans </td> <td> </td> <td> </td> <td> </td> </tr> <tr> <td> C </td> <td> Institutional loan programs </td> <td> </td> <td> </td> <td> </td> </tr> <tr> <td> D </td> <td> State loan programs </td> <td> </td> <td> </td> <td> </td> </tr> <tr> <td> E </td> <td> Private student loans made by a bank or <br/> lender </td> <td> </td> <td> </td> <td> </td> </tr> </table>",171128,../data/cds-docs/2024-2025/171128.pdf,2024-2025
H,14,H14,Check off criteria used in awarding institutional aid. Check all that apply.,"[[{0: '', 1: 'Non-Need Based', 2: 'Need-Based'}, {0: 'Academics', 1: '☐', 2: '☐'}, {0: 'Alumni affiliation', 1: '☐', 2: '☐'}, {0: 'Art', 1: '☐', 2: '☐'}, {0: 'Athletics', 1: '☐', 2: '☐'}, {0: 'Job skills', 1: '☐', 2: '☐'}, {0: 'ROTC', 1: '☐', 2: 'Not Applicable'}, {0: 'Leadership', 1: '☐', 2: '☐'}, {0: 'Music/drama', 1: '☐', 2: '☐'}, {0: 'Religious affiliation', 1: '☐', 2: '☐'}, {0: 'State/district residency', 1: '☐', 2: '☐'}]]",<table> <tr> <td> </td> <td> Non-Need Based </td> <td> Need-Based </td> </tr> <tr> <td> Academics </td> <td> ☐ </td> <td> ☐ </td> </tr> <tr> <td> Alumni affiliation </td> <td> ☐ </td> <td> ☐ </td> </tr> <tr> <td> Art </td> <td> ☐ </td> <td> ☐ </td> </tr> <tr> <td> Athletics </td> <td> ☐ </td> <td> ☐ </td> </tr> <tr> <td> Job skills </td> <td> ☐ </td> <td> ☐ </td> </tr> <tr> <td> ROTC </td> <td> ☐ </td> <td> Not Applicable </td> </tr> <tr> <td> Leadership </td> <td> ☐ </td> <td> ☐ </td> </tr> <tr> <td> Music/drama </td> <td> ☐ </td> <td> ☐ </td> </tr> <tr> <td> Religious affiliation </td> <td> ☐ </td> <td> ☐ </td> </tr> <tr> <td> State/district residency </td> <td> ☐ </td> <td> ☐ </td> </tr> </table>,171128,../data/cds-docs/2024-2025/171128.pdf,2024-2025
A,0,A0,Respondent Information (Not for Publication),"[[{0: 'Richard Elenich', 1: 'Richard Elenich'}, {0: 'Executive Director', 1: 'Executive Director'}, {0: 'Office of Institutional Research', 1: 'Office of Institutional Research'}, {0: '1400 Townsend Drive', 1: '1400 Townsend Drive'}, {0: 'Houghton, MI 49931', 1: 'Houghton, MI 49931'}, {0: '(906)', 1: '487-2763'}, {0: '(906)', 1: '487-3328'}, {0: 'rjelenich@mtu.edu', 1: 'rjelenich@mtu.edu'}]]","<table> <tr> <td colspan=""2""> Richard Elenich </td> </tr> <tr> <td colspan=""2""> Executive Director </td> </tr> <tr> <td colspan=""2""> Office of Institutional Research </td> </tr> <tr> <td colspan=""2""> 1400 Townsend Drive </td> </tr> <tr> <td colspan=""2""> Houghton, MI 49931 </td> </tr> <tr> <td> (906) </td> <td> 487-2763 </td> </tr> <tr> <td> (906) </td> <td> 487-3328 </td> </tr> <tr> <td colspan=""2""> rjelenich@mtu.edu </td> </tr> </table>",171128,../data/cds-docs/2023-2024/171128.pdf,2023-2024
B,1,B1,Institutional Enrollment - Men and Women,"[[{0: 'Undergraduate Students: Full-Time', 1: 'Men', 2: 'Women', 3: 'Another Gender'}, {0: 'Degree-seeking, first-time freshmen', 1: '1,029', 2: '430', 3: ''}, {0: 'Other first-year, degree-seeking', 1: '175', 2: '49', 3: ''}, {0: 'All other degree-seeking', 1: '2,753', 2: '1,185', 3: ''}, {0: 'Total degree-seeking', 1: '3,957', 2: '1,664', 3: ''}, {0: 'All other undergraduates enrolled in credit', 1: '1', 2: '1', 3: ''}, {0: 'Total undergraduate Full-Time Students', 1: '3,958', 2: '1,665', 3: ''}], [{0: 'Undergraduate Students: Part-Time', 1: 'Men', 2: 'Women', 3: 'Another Gender'}, {0: 'Degree-seeking, first-time freshmen', 1: '3', 2: '1', 3: ''}, {0: 'Other first-year, degree-seeking', 1: '7', 2: '1', 3: ''}, {0: 'All other degree-seeking', 1: '147', 2: '57', 3: ''}, {0: 'Total degree-seeking', 1: '157', 2: '59', 3: ''}, {0: 'All other undergraduates enrolled in credit', 1: '35', 2: '29', 3: ''}, {0: 'Total undergraduate Part-Time Students', 1: '192', 2: '88', 3: ''}], [{0: 'Undergraduate Students: All', 1: 'Men', 2: 'Women', 3: 'Another Gender'}, {0: 'Total undergraduate Students', 1: '4,150', 2: '1,753', 3: ''}], [{0: 'Graduate Students: All', 1: 'Men', 2: 'Women', 3: 'Another Gender'}, {0: 'Total Graduate Students', 1: '966', 2: '455', 3: ''}], [{0: 'All Students: Total', 1: 'Men', 2: 'Women', 3: 'Another Gender'}, {0: 'Total all students', 1: '5,116', 2: '2,208', 3: ''}]]","<table> <tr> <td> Undergraduate Students: Full-Time </td> <td> Men </td> <td> Women </td> <td> Another Gender </td> </tr> <tr> <td> Degree-seeking, first-time freshmen </td> <td> 1,029 </td> <td> 430 </td> <td> </td> </tr> <tr> <td> Other first-year, degree-seeking </td> <td> 175 </td> <td> 49 </td> <td> </td> </tr> <tr> <td> All other degree-seeking </td> <td> 2,753 </td> <td> 1,185 </td> <td> </td> </tr> <tr> <td> Total degree-seeking </td> <td> 3,957 </td> <td> 1,664 </td> <td> </td> </tr> <tr> <td> All other undergraduates enrolled in credit </td> <td> 1 </td> <td> 1 </td> <td> </td> </tr> <tr> <td> Total undergraduate Full-Time Students </td> <td> 3,958 </td> <td> 1,665 </td> <td> </td> </tr> </table><div class=""separator""></div><table> <tr> <td> Undergraduate Students: Part-Time </td> <td> Men </td> <td> Women </td> <td> Another Gender </td> </tr> <tr> <td> Degree-seeking, first-time freshmen </td> <td> 3 </td> <td> 1 </td> <td> </td> </tr> <tr> <td> Other first-year, degree-seeking </td> <td> 7 </td> <td> 1 </td> <td> </td> </tr> <tr> <td> All other degree-seeking </td> <td> 147 </td> <td> 57 </td> <td> </td> </tr> <tr> <td> Total degree-seeking </td> <td> 157 </td> <td> 59 </td> <td> </td> </tr> <tr> <td> All other undergraduates enrolled in credit </td> <td> 35 </td> <td> 29 </td> <td> </td> </tr> <tr> <td> Total undergraduate Part-Time Students </td> <td> 192 </td> <td> 88 </td> <td> </td> </tr> </table><div class=""separator""></div><table> <tr> <td> Undergraduate Students: All </td> <td> Men </td> <td> Women </td> <td> Another Gender </td> </tr> <tr> <td> Total undergraduate Students </td> <td> 4,150 </td> <td> 1,753 </td> <td> </td> </tr> </table><div class=""separator""></div><table> <tr> <td> Graduate Students: All </td> <td> Men </td> <td> Women </td> <td> Another Gender </td> </tr> <tr> <td> Total Graduate Students </td> <td> 966 </td> <td> 455 </td> <td> </td> </tr> </table><div class=""separator""></div><table> <tr> <td> All Students: Total </td> <td> Men </td> <td> Women </td> <td> Another Gender </td> </tr> <tr> <td> Total all students </td> <td> 5,116 </td> <td> 2,208 </td> <td> </td> </tr> </table>",171128,../data/cds-docs/2023-2024/171128.pdf,2023-2024
B,2,B2,Enrollment by Racial/Ethnic Category.,"[[{0: '', 1: 'Degree-Seeking\nFirst-Time\nFirst Year', 2: 'Degree-Seeking\nUndergraduates\n(include first-time first\ufffe\nyear)', 3: 'Total\nUndergraduates (both\ndegree & non-degree\ufffe\nseeking)'}, {0: 'Nonresidents', 1: '13', 2: '53', 3: '54'}, {0: 'Hispanic/Latino', 1: '75', 2: '182', 3: '185'}, {0: 'Black or African American, non-Hispanic', 1: '15', 2: '51', 3: '53'}, {0: 'White, non-Hispanic', 1: '1,186', 2: '4,883', 3: '4,933'}, {0: 'American Indian or Alaska Native, non-Hispanic', 1: '7', 2: '28', 3: '29'}, {0: 'Asian, non-Hispanic', 1: '29', 2: '118', 3: '123'}, {0: 'Native Hawaiian or other Pacific Islander, non-Hispanic', 1: '3', 2: '4', 3: '4'}, {0: 'Two or more races, non-Hispanic', 1: '45', 2: '205', 3: '206'}, {0: 'Race and/or ethnicity unknown', 1: '90', 2: '313', 3: '316'}, {0: 'TOTAL', 1: '1,463', 2: '5,837', 3: '5,903'}]]","<table> <tr> <td> </td> <td> Degree-Seeking <br/> First-Time <br/> First Year </td> <td> Degree-Seeking <br/> Undergraduates <br/> (include first-time first￾ <br/> year) </td> <td> Total <br/> Undergraduates (both <br/> degree &amp; non-degree￾ <br/> seeking) </td> </tr> <tr> <td> Nonresidents </td> <td> 13 </td> <td> 53 </td> <td> 54 </td> </tr> <tr> <td> Hispanic/Latino </td> <td> 75 </td> <td> 182 </td> <td> 185 </td> </tr> <tr> <td> Black or African American, non-Hispanic </td> <td> 15 </td> <td> 51 </td> <td> 53 </td> </tr> <tr> <td> White, non-Hispanic </td> <td> 1,186 </td> <td> 4,883 </td> <td> 4,933 </td> </tr> <tr> <td> American Indian or Alaska Native, non-Hispanic </td> <td> 7 </td> <td> 28 </td> <td> 29 </td> </tr> <tr> <td> Asian, non-Hispanic </td> <td> 29 </td> <td> 118 </td> <td> 123 </td> </tr> <tr> <td> Native Hawaiian or other Pacific Islander, non-Hispanic </td> <td> 3 </td> <td> 4 </td> <td> 4 </td> </tr> <tr> <td> Two or more races, non-Hispanic </td> <td> 45 </td> <td> 205 </td> <td> 206 </td> </tr> <tr> <td> Race and/or ethnicity unknown </td> <td> 90 </td> <td> 313 </td> <td> 316 </td> </tr> <tr> <td> TOTAL </td> <td> 1,463 </td> <td> 5,837 </td> <td> 5,903 </td> </tr> </table>",171128,../data/cds-docs/2023-2024/171128.pdf,2023-2024
C,1,C1,"First-time, first-year students: Provide the number of degree-seeking, first-time, first-year students who","[[{0: 'First-Time, First-Year Student Applicants', 1: 'Total'}, {0: 'Total first-time, first-year men who applied', 1: '13,044'}, {0: 'Total first-time, first-year women who applied', 1: '7,521'}, {0: 'Total first-time, first-year another gender who applied', 1: ''}], [{0: 'First-Time, First-Year Student Admits', 1: 'Total'}, {0: 'Total first-time, first-year men who were admitted', 1: '6,659'}, {0: 'Total first-time, first-year women who were admitted', 1: '4,276'}, {0: 'Total first-time, first-year another gender who were admitted', 1: ''}], [{0: 'First-Time, First-Year Student Enrollees by Status', 1: 'Total'}, {0: 'Total full-time, first-time, first-year men who enrolled', 1: '1,029'}, {0: 'Total part-time, first-time, first-year men who enrolled', 1: '3'}, {0: 'Total full-time, first-time, first-year women who enrolled', 1: '430'}, {0: 'Total part-time, first-time, first-year women who enrolled', 1: '1'}, {0: 'Total full-time, first-time, first-year another gender who enrolled', 1: ''}, {0: 'Total part-time, first-time, first-year another gender who enrolled', 1: ''}], [{0: 'First-Time, First-Year Student\nApplicants', 1: 'Total first-time,\nfirst-year who\napplied', 2: 'Total first-time,\nfirst-year who\nwere admitted', 3: 'Total first-time,\nfirst-year who\nenrolled'}, {0: 'In-State', 1: '6,392', 2: '5,261', 3: '1,058'}, {0: 'Out-of-State', 1: '4,939', 2: '3,834', 3: '392'}, {0: 'International', 1: '9,234', 2: '1,840', 3: '13'}, {0: 'Unknown', 1: '', 2: '', 3: ''}, {0: 'Total', 1: '20,565', 2: '10,935', 3: '1,463'}]]","<table> <tr> <td> First-Time, First-Year Student Applicants </td> <td> Total </td> </tr> <tr> <td> Total first-time, first-year men who applied </td> <td> 13,044 </td> </tr> <tr> <td> Total first-time, first-year women who applied </td> <td> 7,521 </td> </tr> <tr> <td> Total first-time, first-year another gender who applied </td> <td> </td> </tr> </table><div class=""separator""></div><table> <tr> <td> First-Time, First-Year Student Admits </td> <td> Total </td> </tr> <tr> <td> Total first-time, first-year men who were admitted </td> <td> 6,659 </td> </tr> <tr> <td> Total first-time, first-year women who were admitted </td> <td> 4,276 </td> </tr> <tr> <td> Total first-time, first-year another gender who were admitted </td> <td> </td> </tr> </table><div class=""separator""></div><table> <tr> <td> First-Time, First-Year Student Enrollees by Status </td> <td> Total </td> </tr> <tr> <td> Total full-time, first-time, first-year men who enrolled </td> <td> 1,029 </td> </tr> <tr> <td> Total part-time, first-time, first-year men who enrolled </td> <td> 3 </td> </tr> <tr> <td> Total full-time, first-time, first-year women who enrolled </td> <td> 430 </td> </tr> <tr> <td> Total part-time, first-time, first-year women who enrolled </td> <td> 1 </td> </tr> <tr> <td> Total full-time, first-time, first-year another gender who enrolled </td> <td> </td> </tr> <tr> <td> Total part-time, first-time, first-year another gender who enrolled </td> <td> </td> </tr> </table><div class=""separator""></div><table> <tr> <td> First-Time, First-Year Student <br/> Applicants </td> <td> Total first-time, <br/> first-year who <br/> applied </td> <td> Total first-time, <br/> first-year who <br/> were admitted </td> <td> Total first-time, <br/> first-year who <br/> enrolled </td> </tr> <tr> <td> In-State </td> <td> 6,392 </td> <td> 5,261 </td> <td> 1,058 </td> </tr> <tr> <td> Out-of-State </td> <td> 4,939 </td> <td> 3,834 </td> <td> 392 </td> </tr> <tr> <td> International </td> <td> 9,234 </td> <td> 1,840 </td> <td> 13 </td> </tr> <tr> <td> Unknown </td> <td> </td> <td> </td> <td> </td> </tr> <tr> <td> Total </td> <td> 20,565 </td> <td> 10,935 </td> <td> 1,463 </td> </tr> </table>",171128,../data/cds-docs/2023-2024/171128.pdf,2023-2024
C,2,C2,"First-time, first-year wait-listed students","[[{0: 'WAITING LIST', 1: 'TOTAL'}, {0: 'Number of qualified applicants offered a place on waiting list:', 1: ''}, {0: 'Number accepting a place on the waiting list:', 1: ''}, {0: 'Number of wait-listed students admitted:', 1: ''}]]",<table> <tr> <td> WAITING LIST </td> <td> TOTAL </td> </tr> <tr> <td> Number of qualified applicants offered a place on waiting list: </td> <td> </td> </tr> <tr> <td> Number accepting a place on the waiting list: </td> <td> </td> </tr> <tr> <td> Number of wait-listed students admitted: </td> <td> </td> </tr> </table>,171128,../data/cds-docs/2023-2024/171128.pdf,2023-2024
C,5,C5,Distribution of high school units required and/or recommended. Specify the distribution of academic,"[[{0: 'Distribution of high school units', 1: 'Required', 2: 'Recommended'}, {0: 'Total academic units', 1: '8', 2: '19'}, {0: 'English', 1: '3', 2: '4'}, {0: 'Mathematics', 1: '3', 2: '4'}, {0: 'Science', 1: '2', 2: '3'}, {0: 'Of these, units that must be', 1: '', 2: ''}, {0: 'Foreign language', 1: '', 2: '2'}, {0: 'Social studies', 1: '', 2: '3'}, {0: 'History', 1: '', 2: ''}, {0: 'Academic electives', 1: '', 2: '2'}, {0: 'Computer Science', 1: '', 2: '1'}, {0: 'Visual/Performing Arts', 1: '', 2: ''}, {0: 'Other (specify)', 1: '', 2: ''}]]","<table> <tr> <td> Distribution of high school units </td> <td> Required </td> <td> Recommended </td> </tr> <tr> <td> Total academic units </td> <td> 8 </td> <td> 19 </td> </tr> <tr> <td> English </td> <td> 3 </td> <td> 4 </td> </tr> <tr> <td> Mathematics </td> <td> 3 </td> <td> 4 </td> </tr> <tr> <td> Science </td> <td> 2 </td> <td> 3 </td> </tr> <tr> <td> Of these, units that must be </td> <td> </td> <td> </td> </tr> <tr> <td> Foreign language </td> <td> </td> <td> 2 </td> </tr> <tr> <td> Social studies </td> <td> </td> <td> 3 </td> </tr> <tr> <td> History </td> <td> </td> <td> </td> </tr> <tr> <td> Academic electives </td> <td> </td> <td> 2 </td> </tr> <tr> <td> Computer Science </td> <td> </td> <td> 1 </td> </tr> <tr> <td> Visual/Performing Arts </td> <td> </td> <td> </td> </tr> <tr> <td> Other (specify) </td> <td> </td> <td> </td> </tr> </table>",171128,../data/cds-docs/2023-2024/171128.pdf,2023-2024
C,7,C7,"Relative importance of each of the following academic and nonacademic factors in your first-time,","[[{0: 'Academic', 1: 'Very Important', 2: 'Important', 3: 'Considered', 4: 'Not Considered'}, {0: 'Rigor of secondary school record', 1: '', 2: 'X', 3: '', 4: ''}, {0: 'Class rank', 1: '', 2: '', 3: '', 4: 'X'}, {0: 'Academic GPA', 1: 'X', 2: '', 3: '', 4: ''}, {0: 'Standardized test scores', 1: '', 2: 'X', 3: '', 4: ''}, {0: 'Application Essay', 1: '', 2: '', 3: 'X', 4: ''}, {0: 'Recommendation(s)', 1: '', 2: '', 3: 'X', 4: ''}, {0: 'Nonacademic', 1: 'Very Important', 2: 'Important', 3: 'Considered', 4: 'Not Considered'}, {0: 'Interview', 1: '', 2: '', 3: '', 4: 'X'}, {0: 'Extracurricular activities', 1: '', 2: '', 3: 'X', 4: ''}, {0: 'Talent/ability', 1: '', 2: '', 3: 'X', 4: ''}, {0: 'Character/personal qualities', 1: '', 2: '', 3: 'X', 4: ''}, {0: 'First generation', 1: '', 2: '', 3: '', 4: 'X'}, {0: 'Alumni/ae relation', 1: '', 2: '', 3: '', 4: 'X'}, {0: 'Geographical residence', 1: '', 2: '', 3: '', 4: 'X'}, {0: 'State residency', 1: '', 2: '', 3: '', 4: 'X'}, {0: 'Religious affiliation/commitment', 1: '', 2: '', 3: '', 4: 'X'}, {0: 'Volunteer work', 1: '', 2: '', 3: '', 4: 'X'}, {0: 'Work experience', 1: '', 2: '', 3: '', 4: 'X'}, {0: 'Level of applicant’s interest', 1: '', 2: '', 3: '', 4: 'X'}]]",<table> <tr> <td> Academic </td> <td> Very Important </td> <td> Important </td> <td> Considered </td> <td> Not Considered </td> </tr> <tr> <td> Rigor of secondary school record </td> <td> </td> <td> X </td> <td> </td> <td> </td> </tr> <tr> <td> Class rank </td> <td> </td> <td> </td> <td> </td> <td> X </td> </tr> <tr> <td> Academic GPA </td> <td> X </td> <td> </td> <td> </td> <td> </td> </tr> <tr> <td> Standardized test scores </td> <td> </td> <td> X </td> <td> </td> <td> </td> </tr> <tr> <td> Application Essay </td> <td> </td> <td> </td> <td> X </td> <td> </td> </tr> <tr> <td> Recommendation(s) </td> <td> </td> <td> </td> <td> X </td> <td> </td> </tr> <tr> <td> Nonacademic </td> <td> Very Important </td> <td> Important </td> <td> Considered </td> <td> Not Considered </td> </tr> <tr> <td> Interview </td> <td> </td> <td> </td> <td> </td> <td> X </td> </tr> <tr> <td> Extracurricular activities </td> <td> </td> <td> </td> <td> X </td> <td> </td> </tr> <tr> <td> Talent/ability </td> <td> </td> <td> </td> <td> X </td> <td> </td> </tr> <tr> <td> Character/personal qualities </td> <td> </td> <td> </td> <td> X </td> <td> </td> </tr> <tr> <td> First generation </td> <td> </td> <td> </td> <td> </td> <td> X </td> </tr> <tr> <td> Alumni/ae relation </td> <td> </td> <td> </td> <td> </td> <td> X </td> </tr> <tr> <td> Geographical residence </td> <td> </td> <td> </td> <td> </td> <td> X </td> </tr> <tr> <td> State residency </td> <td> </td> <td> </td> <td> </td> <td> X </td> </tr> <tr> <td> Religious affiliation/commitment </td> <td> </td> <td> </td> <td> </td> <td> X </td> </tr> <tr> <td> Volunteer work </td> <td> </td> <td> </td> <td> </td> <td> X </td> </tr> <tr> <td> Work experience </td> <td> </td> <td> </td> <td> </td> <td> X </td> </tr> <tr> <td> Level of applicant’s interest </td> <td> </td> <td> </td> <td> </td> <td> X </td> </tr> </table>,171128,../data/cds-docs/2023-2024/171128.pdf,2023-2024
C,8,C8,: SAT and ACT Policies,"[[{0: 'Yes', 1: 'No'}, {0: 'X', 1: ''}], [{0: 'Admission', 1: 'Required to be\nconsidered for\nadmission', 2: 'Required some for', 3: 'Recommended', 4: 'Not required for\nadmission, but\nconsidered if\nsubmitted', 5: 'considered Not\nfor admission,\nsubmitted even if'}, {0: 'SAT or ACT', 1: '', 2: '', 3: 'X', 4: '', 5: ''}, {0: 'ACT Only', 1: '', 2: '', 3: '', 4: '', 5: ''}, {0: 'SAT Only', 1: '', 2: '', 3: '', 4: '', 5: ''}]]","<table> <tr> <td> Yes </td> <td> No </td> </tr> <tr> <td> X </td> <td> </td> </tr> </table><div class=""separator""></div><table> <tr> <td> Admission </td> <td> Required to be <br/> considered for <br/> admission </td> <td> Required some for </td> <td> Recommended </td> <td> Not required for <br/> admission, but <br/> considered if <br/> submitted </td> <td> considered Not <br/> for admission, <br/> submitted even if </td> </tr> <tr> <td> SAT or ACT </td> <td> </td> <td> </td> <td> X </td> <td> </td> <td> </td> </tr> <tr> <td> ACT Only </td> <td> </td> <td> </td> <td> </td> <td> </td> <td> </td> </tr> <tr> <td> SAT Only </td> <td> </td> <td> </td> <td> </td> <td> </td> <td> </td> </tr> </table>",171128,../data/cds-docs/2023-2024/171128.pdf,2023-2024
C,9,C9,"Percent and number of first-time, first-year students enrolled in Fall 2023 who submitted national","[[{0: '68%', 1: '1,001'}, {0: '21%', 1: '303'}], [{0: 'Assessment', 1: '25th Percentile', 2: '50th Percentile', 3: '75th Percentile'}, {0: 'SAT Composite', 1: '1,120', 2: '1,220', 3: '1,330'}, {0: 'SAT Evidence-Based Reading and', 1: '560', 2: '610', 3: '660'}, {0: 'SAT Math', 1: '560', 2: '610', 3: '670'}, {0: 'ACT Composite', 1: '25', 2: '28', 3: '31'}, {0: 'ACT Math', 1: '25', 2: '28', 3: '31'}, {0: 'ACT English', 1: '23', 2: '27', 3: '31'}, {0: 'ACT Writing', 1: '', 2: '', 3: ''}, {0: 'ACT Science', 1: '25', 2: '28', 3: '32'}, {0: 'ACT Reading', 1: '25', 2: '30', 3: '33'}], [{0: 'Score Range', 1: 'SAT Evidence\ufffe\nBased Reading\nand Writing', 2: 'SAT Math'}, {0: '700-800', 1: '14.9%', 2: '17.7%'}, {0: '600-699', 1: '43.3%', 2: '39.0%'}, {0: '500-599', 1: '34.0%', 2: '37.0%'}, {0: '400-499', 1: '7.1%', 2: '5.7%'}, {0: '300-399', 1: '0.7%', 2: '0.6%'}, {0: '200-299', 1: '0.0%', 2: '0.0%'}, {0: 'Totals should = 100%', 1: '100.0%', 2: '100.0%'}], [{0: 'Score Range', 1: 'SAT Composite'}, {0: '1400-1600', 1: '13.3%'}, {0: '1200-1399', 1: '43.5%'}, {0: '1000-1199', 1: '36.8%'}, {0: '800-999', 1: '6.1%'}, {0: '600-799', 1: '0.3%'}, {0: '400-599', 1: '0.0%'}, {0: 'Totals should = 100%', 1: '100.0%'}]]","<table> <tr> <td> 68% </td> <td> 1,001 </td> </tr> <tr> <td> 21% </td> <td> 303 </td> </tr> </table><div class=""separator""></div><table> <tr> <td> Assessment </td> <td> 25th Percentile </td> <td> 50th Percentile </td> <td> 75th Percentile </td> </tr> <tr> <td> SAT Composite </td> <td> 1,120 </td> <td> 1,220 </td> <td> 1,330 </td> </tr> <tr> <td> SAT Evidence-Based Reading and </td> <td> 560 </td> <td> 610 </td> <td> 660 </td> </tr> <tr> <td> SAT Math </td> <td> 560 </td> <td> 610 </td> <td> 670 </td> </tr> <tr> <td> ACT Composite </td> <td> 25 </td> <td> 28 </td> <td> 31 </td> </tr> <tr> <td> ACT Math </td> <td> 25 </td> <td> 28 </td> <td> 31 </td> </tr> <tr> <td> ACT English </td> <td> 23 </td> <td> 27 </td> <td> 31 </td> </tr> <tr> <td> ACT Writing </td> <td> </td> <td> </td> <td> </td> </tr> <tr> <td> ACT Science </td> <td> 25 </td> <td> 28 </td> <td> 32 </td> </tr> <tr> <td> ACT Reading </td> <td> 25 </td> <td> 30 </td> <td> 33 </td> </tr> </table><div class=""separator""></div><table> <tr> <td> Score Range </td> <td> SAT Evidence￾ <br/> Based Reading <br/> and Writing </td> <td> SAT Math </td> </tr> <tr> <td> 700-800 </td> <td> 14.9% </td> <td> 17.7% </td> </tr> <tr> <td> 600-699 </td> <td> 43.3% </td> <td> 39.0% </td> </tr> <tr> <td> 500-599 </td> <td> 34.0% </td> <td> 37.0% </td> </tr> <tr> <td> 400-499 </td> <td> 7.1% </td> <td> 5.7% </td> </tr> <tr> <td> 300-399 </td> <td> 0.7% </td> <td> 0.6% </td> </tr> <tr> <td> 200-299 </td> <td> 0.0% </td> <td> 0.0% </td> </tr> <tr> <td> Totals should = 100% </td> <td> 100.0% </td> <td> 100.0% </td> </tr> </table><div class=""separator""></div><table> <tr> <td> Score Range </td> <td> SAT Composite </td> </tr> <tr> <td> 1400-1600 </td> <td> 13.3% </td> </tr> <tr> <td> 1200-1399 </td> <td> 43.5% </td> </tr> <tr> <td> 1000-1199 </td> <td> 36.8% </td> </tr> <tr> <td> 800-999 </td> <td> 6.1% </td> </tr> <tr> <td> 600-799 </td> <td> 0.3% </td> </tr> <tr> <td> 400-599 </td> <td> 0.0% </td> </tr> <tr> <td> Totals should = 100% </td> <td> 100.0% </td> </tr> </table>",171128,../data/cds-docs/2023-2024/171128.pdf,2023-2024
C,10,C10,"Percent of all degree-seeking, first-time, first-year students who had high school class rank within","[[{0: 'Assessment', 1: 'Percent'}, {0: 'Percent in top tenth of high school graduating class', 1: '30.4%'}, {0: 'Percent in top quarter of high school graduating class', 1: '60.7%'}, {0: 'Percent in top half of high school graduating class', 1: '92.0%'}, {0: 'Percent in bottom half of high school graduating class', 1: '8.0%'}, {0: 'Percent in bottom quarter of high school graduating class', 1: '0.8%'}, {0: 'Percent of total first-time, first-year (freshmen) students who submitted\nhigh school class rank:', 1: '59.7%'}]]","<table> <tr> <td> Assessment </td> <td> Percent </td> </tr> <tr> <td> Percent in top tenth of high school graduating class </td> <td> 30.4% </td> </tr> <tr> <td> Percent in top quarter of high school graduating class </td> <td> 60.7% </td> </tr> <tr> <td> Percent in top half of high school graduating class </td> <td> 92.0% </td> </tr> <tr> <td> Percent in bottom half of high school graduating class </td> <td> 8.0% </td> </tr> <tr> <td> Percent in bottom quarter of high school graduating class </td> <td> 0.8% </td> </tr> <tr> <td> Percent of total first-time, first-year (freshmen) students who submitted <br/> high school class rank: </td> <td> 59.7% </td> </tr> </table>",171128,../data/cds-docs/2023-2024/171128.pdf,2023-2024
C,11,C11,"Percentage of all enrolled, degree-seeking, first-time, first-year students who had high school grade-","[[{0: 'Score Range', 1: 'Percent\n(Students who\nsubmitted\nscores)', 2: 'Percent\n(Students who\ndid not submit\nscores)', 3: 'Percent (All\nenrolled\nstudents)'}, {0: 'Percent who had GPA of 4.0', 1: '33.6%', 2: '35.0%', 3: '33.8%'}, {0: 'Percent who had GPA between 3.75 and 3.99', 1: '32.1%', 2: '22.3%', 3: '30.8%'}, {0: 'Percent who had GPA between 3.50 and 3.74', 1: '17.4%', 2: '19.8%', 3: '17.7%'}, {0: 'Percent who had GPA between 3.25 and 3.49', 1: '10.0%', 2: '14.7%', 3: '10.7%'}, {0: 'Percent who had GPA between 3.00 and 3.24', 1: '5.6%', 2: '8.1%', 3: '6.0%'}, {0: 'Percent who had GPA between 2.50 and 2.99', 1: '1.3%', 2: '0.0%', 3: '1.2%'}, {0: 'Percent who had GPA between 2.0 and 2.49', 1: '0.0%', 2: '0.0%', 3: '0.0%'}, {0: 'Percent who had GPA between 1.0 and 1.99', 1: '0.0%', 2: '0.0%', 3: '0.0%'}, {0: 'Percent who had GPA below 1.0', 1: '0.0%', 2: '0.0%', 3: '0.0%'}, {0: 'Totals should = 100%', 1: '100.0%', 2: '100.0%', 3: '100.0%'}]]",<table> <tr> <td> Score Range </td> <td> Percent <br/> (Students who <br/> submitted <br/> scores) </td> <td> Percent <br/> (Students who <br/> did not submit <br/> scores) </td> <td> Percent (All <br/> enrolled <br/> students) </td> </tr> <tr> <td> Percent who had GPA of 4.0 </td> <td> 33.6% </td> <td> 35.0% </td> <td> 33.8% </td> </tr> <tr> <td> Percent who had GPA between 3.75 and 3.99 </td> <td> 32.1% </td> <td> 22.3% </td> <td> 30.8% </td> </tr> <tr> <td> Percent who had GPA between 3.50 and 3.74 </td> <td> 17.4% </td> <td> 19.8% </td> <td> 17.7% </td> </tr> <tr> <td> Percent who had GPA between 3.25 and 3.49 </td> <td> 10.0% </td> <td> 14.7% </td> <td> 10.7% </td> </tr> <tr> <td> Percent who had GPA between 3.00 and 3.24 </td> <td> 5.6% </td> <td> 8.1% </td> <td> 6.0% </td> </tr> <tr> <td> Percent who had GPA between 2.50 and 2.99 </td> <td> 1.3% </td> <td> 0.0% </td> <td> 1.2% </td> </tr> <tr> <td> Percent who had GPA between 2.0 and 2.49 </td> <td> 0.0% </td> <td> 0.0% </td> <td> 0.0% </td> </tr> <tr> <td> Percent who had GPA between 1.0 and 1.99 </td> <td> 0.0% </td> <td> 0.0% </td> <td> 0.0% </td> </tr> <tr> <td> Percent who had GPA below 1.0 </td> <td> 0.0% </td> <td> 0.0% </td> <td> 0.0% </td> </tr> <tr> <td> Totals should = 100% </td> <td> 100.0% </td> <td> 100.0% </td> <td> 100.0% </td> </tr> </table>,171128,../data/cds-docs/2023-2024/171128.pdf,2023-2024
C,14,C14,Application closing date,"[[{0: '', 1: 'Date'}, {0: 'Application closing date (fall)', 1: ''}, {0: 'Priority Date', 1: '1/15'}]]",<table> <tr> <td> </td> <td> Date </td> </tr> <tr> <td> Application closing date (fall) </td> <td> </td> </tr> <tr> <td> Priority Date </td> <td> 1/15 </td> </tr> </table>,171128,../data/cds-docs/2023-2024/171128.pdf,2023-2024
D,2,D2,"Provide the number of students who applied, were admitted, and enrolled as degree-seeking transfer students","[[{0: 'Transfer Admission', 1: 'Applicants', 2: 'Admitted', 3: 'Enrolled'}, {0: 'Men', 1: '1,459', 2: '309', 3: '121'}, {0: 'Women', 1: '620', 2: '161', 3: '52'}, {0: 'Another Gender', 1: '', 2: '', 3: ''}, {0: 'Total', 1: '2,079', 2: '470', 3: '173'}]]","<table> <tr> <td> Transfer Admission </td> <td> Applicants </td> <td> Admitted </td> <td> Enrolled </td> </tr> <tr> <td> Men </td> <td> 1,459 </td> <td> 309 </td> <td> 121 </td> </tr> <tr> <td> Women </td> <td> 620 </td> <td> 161 </td> <td> 52 </td> </tr> <tr> <td> Another Gender </td> <td> </td> <td> </td> <td> </td> </tr> <tr> <td> Total </td> <td> 2,079 </td> <td> 470 </td> <td> 173 </td> </tr> </table>",171128,../data/cds-docs/2023-2024/171128.pdf,2023-2024
D,9,D9,Rolling,"[[{0: 'Term', 1: 'Priority Date', 2: 'Closing Date', 3: 'Notification Date', 4: 'Reply Date', 5: 'Rolling\nAdmission'}, {0: 'Fall', 1: '', 2: '', 3: '', 4: '', 5: 'X'}, {0: 'Winter', 1: '', 2: '', 3: '', 4: '', 5: ''}, {0: 'Spring', 1: '', 2: '', 3: '', 4: '', 5: 'X'}, {0: 'Summer', 1: '', 2: '', 3: '', 4: '', 5: 'X'}]]",<table> <tr> <td> Term </td> <td> Priority Date </td> <td> Closing Date </td> <td> Notification Date </td> <td> Reply Date </td> <td> Rolling <br/> Admission </td> </tr> <tr> <td> Fall </td> <td> </td> <td> </td> <td> </td> <td> </td> <td> X </td> </tr> <tr> <td> Winter </td> <td> </td> <td> </td> <td> </td> <td> </td> <td> </td> </tr> <tr> <td> Spring </td> <td> </td> <td> </td> <td> </td> <td> </td> <td> X </td> </tr> <tr> <td> Summer </td> <td> </td> <td> </td> <td> </td> <td> </td> <td> X </td> </tr> </table>,171128,../data/cds-docs/2023-2024/171128.pdf,2023-2024
D,18,D18,Does your institution accept the following military/veteran transfer credits:,"[[{0: '', 1: 'X'}, {0: 'X', 1: ''}, {0: '', 1: 'X'}]]",<table> <tr> <td> </td> <td> X </td> </tr> <tr> <td> X </td> <td> </td> </tr> <tr> <td> </td> <td> X </td> </tr> </table>,171128,../data/cds-docs/2023-2024/171128.pdf,2023-2024
F,1,F1,"Percentages of first-time, first-year (freshman) degree-seeking students and","[[{0: '', 1: 'First-time, first\ufffe\nyear students', 2: 'Undergraduates'}, {0: 'Percent who are from out of state (exclude\ninternational/nonresidents from the\nnumerator and denominator)', 1: '27.0%', 2: '23.0%'}, {0: 'Percent of men who join fraternities', 1: '10.2%', 2: '9.6%'}, {0: 'Percent of women who join sororities', 1: '10.7%', 2: '10.5%'}, {0: 'Percent who live in college-owned, -\noperated, or -affiliated housing', 1: '95.3%', 2: '45.2%'}, {0: 'Percent who live off campus or commute', 1: '4.7%', 2: '54.8%'}, {0: 'Percent of students age 25 and older', 1: '0.0%', 2: '2.6%'}, {0: 'Average age of full-time students', 1: '18', 2: '20'}, {0: 'Average age of all students (full- and part\ufffe\ntime)', 1: '18', 2: '20'}]]","<table> <tr> <td> </td> <td> First-time, first￾ <br/> year students </td> <td> Undergraduates </td> </tr> <tr> <td> Percent who are from out of state (exclude <br/> international/nonresidents from the <br/> numerator and denominator) </td> <td> 27.0% </td> <td> 23.0% </td> </tr> <tr> <td> Percent of men who join fraternities </td> <td> 10.2% </td> <td> 9.6% </td> </tr> <tr> <td> Percent of women who join sororities </td> <td> 10.7% </td> <td> 10.5% </td> </tr> <tr> <td> Percent who live in college-owned, - <br/> operated, or -affiliated housing </td> <td> 95.3% </td> <td> 45.2% </td> </tr> <tr> <td> Percent who live off campus or commute </td> <td> 4.7% </td> <td> 54.8% </td> </tr> <tr> <td> Percent of students age 25 and older </td> <td> 0.0% </td> <td> 2.6% </td> </tr> <tr> <td> Average age of full-time students </td> <td> 18 </td> <td> 20 </td> </tr> <tr> <td> Average age of all students (full- and part￾ <br/> time) </td> <td> 18 </td> <td> 20 </td> </tr> </table>",171128,../data/cds-docs/2023-2024/171128.pdf,2023-2024
F,3,F3,ROTC (program offered in cooperation with Reserve Officers' Training Corps),"[[{0: 'Programs', 1: 'Marine Option\n(for Naval ROTC)', 2: 'On Campus', 3: 'At Cooperating\nInstitution', 4: 'Name of\nCooperating\nInstitution'}, {0: 'Army ROTC is offered:', 1: '', 2: 'X', 3: '', 4: ''}, {0: 'Naval ROTC is offered:', 1: '', 2: '', 3: '', 4: ''}, {0: 'Air Force ROTC is offered:', 1: '', 2: 'X', 3: '', 4: ''}]]",<table> <tr> <td> Programs </td> <td> Marine Option <br/> (for Naval ROTC) </td> <td> On Campus </td> <td> At Cooperating <br/> Institution </td> <td> Name of <br/> Cooperating <br/> Institution </td> </tr> <tr> <td> Army ROTC is offered: </td> <td> </td> <td> X </td> <td> </td> <td> </td> </tr> <tr> <td> Naval ROTC is offered: </td> <td> </td> <td> </td> <td> </td> <td> </td> </tr> <tr> <td> Air Force ROTC is offered: </td> <td> </td> <td> X </td> <td> </td> <td> </td> </tr> </table>,171128,../data/cds-docs/2023-2024/171128.pdf,2023-2024
G,1,G1,PRIVATE INSTITUTIONS First-Year Undergraduates,"[[{0: 'PRIVATE INSTITUTIONS', 1: 'First-Year', 2: 'Undergraduates'}, {0: 'Tuition:', 1: '', 2: ''}], [{0: 'PUBLIC INSTITUTIONS', 1: 'First-Year', 2: 'Undergraduates'}, {0: 'Tuition: In-district', 1: '$18,797', 2: '$18,797'}, {0: 'Tuition: In-state (out-of-district):', 1: '$18,797', 2: '$18,797'}, {0: 'Tuition: Out-of-state:', 1: '$42,662', 2: '$42,662'}, {0: 'Tuition: Non-resident', 1: '$42,662', 2: '$42,662'}, {0: 'FOR ALL INSTITUTIONS', 1: 'First-Year', 2: 'Undergraduates'}, {0: 'Required Fees:', 1: '$326', 2: '$326'}, {0: 'Food and housing (on-campus):', 1: '$13,050', 2: '$13,050'}, {0: 'Housing Only (on-campus):', 1: '$7,284', 2: '$7,284'}, {0: 'Food Only (on-campus meal plan):', 1: '$5,766', 2: '$5,766'}]]","<table> <tr> <td> PRIVATE INSTITUTIONS </td> <td> First-Year </td> <td> Undergraduates </td> </tr> <tr> <td> Tuition: </td> <td> </td> <td> </td> </tr> </table><div class=""separator""></div><table> <tr> <td> PUBLIC INSTITUTIONS </td> <td> First-Year </td> <td> Undergraduates </td> </tr> <tr> <td> Tuition: In-district </td> <td> $18,797 </td> <td> $18,797 </td> </tr> <tr> <td> Tuition: In-state (out-of-district): </td> <td> $18,797 </td> <td> $18,797 </td> </tr> <tr> <td> Tuition: Out-of-state: </td> <td> $42,662 </td> <td> $42,662 </td> </tr> <tr> <td> Tuition: Non-resident </td> <td> $42,662 </td> <td> $42,662 </td> </tr> <tr> <td> FOR ALL INSTITUTIONS </td> <td> First-Year </td> <td> Undergraduates </td> </tr> <tr> <td> Required Fees: </td> <td> $326 </td> <td> $326 </td> </tr> <tr> <td> Food and housing (on-campus): </td> <td> $13,050 </td> <td> $13,050 </td> </tr> <tr> <td> Housing Only (on-campus): </td> <td> $7,284 </td> <td> $7,284 </td> </tr> <tr> <td> Food Only (on-campus meal plan): </td> <td> $5,766 </td> <td> $5,766 </td> </tr> </table>",171128,../data/cds-docs/2023-2024/171128.pdf,2023-2024
G,5,G5,Provide the estimated expenses for a typical full-time undergraduate student:,"[[{0: '', 1: 'Residents', 2: 'Commuters', 3: 'Commuters'}, {0: 'Books and supplies:', 1: '$1,200', 2: '$1,200', 3: '$1,200'}, {0: 'Housing only:', 1: 'Not Applicable', 2: 'Not Applicable', 3: '$7,284'}, {0: 'Food only:', 1: 'Not Applicable', 2: '$5,766', 3: '$5,766'}, {0: 'Food and housing total*', 1: 'Not Applicable', 2: 'Not Applicable', 3: ''}, {0: 'Transportation:', 1: '$1,474', 2: '$1,474', 3: '$1,474'}, {0: 'Other expenses:', 1: '$1,311', 2: '$1,311', 3: '$1,311'}]]","<table> <tr> <td> </td> <td> Residents </td> <td> Commuters </td> <td> Commuters </td> </tr> <tr> <td> Books and supplies: </td> <td> $1,200 </td> <td> $1,200 </td> <td> $1,200 </td> </tr> <tr> <td> Housing only: </td> <td> Not Applicable </td> <td> Not Applicable </td> <td> $7,284 </td> </tr> <tr> <td> Food only: </td> <td> Not Applicable </td> <td> $5,766 </td> <td> $5,766 </td> </tr> <tr> <td> Food and housing total* </td> <td> Not Applicable </td> <td> Not Applicable </td> <td> </td> </tr> <tr> <td> Transportation: </td> <td> $1,474 </td> <td> $1,474 </td> <td> $1,474 </td> </tr> <tr> <td> Other expenses: </td> <td> $1,311 </td> <td> $1,311 </td> <td> $1,311 </td> </tr> </table>",171128,../data/cds-docs/2023-2024/171128.pdf,2023-2024
G,6,G6,Undergraduate per-credit-hour charges (tuition only):,"[[{0: 'PRIVATE INSTITUTIONS:', 1: ''}, {0: 'PUBLIC INSTITUTIONS:', 1: ''}, {0: 'In-district:', 1: '$709.00'}, {0: 'In-state (out-of-district):', 1: '$709.00'}, {0: 'Out-of-state:', 1: '$1,580.00'}, {0: 'NONRESIDENTS:', 1: '$1,580.00'}]]","<table> <tr> <td> PRIVATE INSTITUTIONS: </td> <td> </td> </tr> <tr> <td> PUBLIC INSTITUTIONS: </td> <td> </td> </tr> <tr> <td> In-district: </td> <td> $709.00 </td> </tr> <tr> <td> In-state (out-of-district): </td> <td> $709.00 </td> </tr> <tr> <td> Out-of-state: </td> <td> $1,580.00 </td> </tr> <tr> <td> NONRESIDENTS: </td> <td> $1,580.00 </td> </tr> </table>",171128,../data/cds-docs/2023-2024/171128.pdf,2023-2024
H,2,H2,", A, and H6 below:","[[{0: 'Aid Awarded', 1: 'Need-based\n(Include non\ufffe\nneed-based aid\nuse need.) to meet', 2: 'Non-need\ufffe\nbased\n(Exclude non\ufffe\nneed-based aid\nuse need.) to meet'}, {0: 'Scholarships/Grants', 1: '', 2: ''}, {0: 'Federal', 1: '$6,226,022', 2: '$3,921'}, {0: 'State all states, not only the state in which your institution is located', 1: '$6,748,648', 2: '$130,102'}, {0: 'Institutional: Endowed scholarships, annual gifts and tuition funded\ngrants, awarded by the college, excluding athletic aid and tuition\nwaivers (which are reported below).', 1: '$43,003,892', 2: '$18,565,438'}, {0: 'Scholarships/grants from external sources (e.g. Kiwanis, National\nMerit) not awarded by the college', 1: '$1,637,337', 2: '$1,143,826'}, {0: 'Total Scholarships/Grants', 1: '$57,615,899', 2: '$19,843,287'}, {0: 'Self-Help', 1: '', 2: ''}, {0: 'Student loans from all sources (excluding parent loans)', 1: '$25,614,017', 2: '$9,794,890'}, {0: 'Federal Work-Study', 1: '$387,867', 2: ''}, {0: 'State and other (e.g., institutional) work-study/employment (Note:\nExcludes Federal Work-Study captured above.)', 1: 'N/A', 2: 'N/A'}, {0: 'Total Self-Help', 1: '$26,001,884', 2: '$9,794,890'}, {0: 'Parent Loans', 1: '$5,654,854', 2: '$1,946,019'}], [{0: '', 1: 'Number of Enrolled Students Awarded Aid', 2: 'First-time Full\ufffe\ntime Freshmen', 3: 'Full-time\nUndergrad\n(Incl. Fresh)', 4: 'Less Full-time Than\nUndergrad'}, {0: 'A', 1: 'Number of degree-seeking undergraduate students\n(CDS Item B1 if reporting on Fall 2023 cohort)', 2: '1,459', 3: '5,621', 4: '216'}, {0: 'B', 1: 'Number of students in line a who applied for need\ufffe\nbased financial aid', 2: '1,383', 3: '4,539', 4: '127'}, {0: 'C', 1: 'Number of students in line b who were determined to\nhave financial need', 2: '913', 3: '3,322', 4: '85'}, {0: 'D', 1: 'Number of students in line c who were awarded any\nfinancial aid', 2: '912', 3: '3,318', 4: '80'}, {0: 'E', 1: 'Number of students in line d who were awarded any\nneed-based scholarship or grant aid', 2: '638', 3: '2,376', 4: '50'}, {0: 'F', 1: 'Number of students in line d who were awarded any\nneed-based self-help aid', 2: '472', 3: '2,281', 4: '61'}, {0: 'G', 1: 'Number of students in line d who were awarded any\nnon-need-based scholarship or grant aid', 2: '901', 3: '3,027', 4: '50'}, {0: 'H', 1: 'Number of students in line d whose need was fully met\n(exclude PLUS loans, unsubsidized loans, and private\nalternative loans)', 2: '447', 3: '1,010', 4: '11'}, {0: 'I', 1: 'On average, the percentage of need that was met of\nstudents who were awarded any need-based aid.\nExclude any aid that was awarded in excess of need as\nwell as any resources that were awarded to replace\nEFC (PLUS loans, unsubsidized loans, and private\nalternative loans)', 2: '91.1%', 3: '79.6%', 4: '52.0%'}, {0: 'J', 1: 'The average financial aid package of those in line d.\nExclude any resources that were awarded to replace\nEFC (PLUS loans, unsubsidized loans, and private\nalternative loans)', 2: '$ 24,684', 3: '$ 20,963', 4: '$ 9,835'}, {0: 'K', 1: 'Average need-based scholarship and grant award of\nthose in line e', 2: '$ 8,754', 3: '$ 9,063', 4: '$ 5,075'}, {0: 'L', 1: 'Average need-based self-help award (excluding PLUS\nloans, unsubsidized loans, and private alternative\nloans) of those in line f', 2: '$ 3,079', 3: '$ 4,361', 4: '$ 4,210'}], [{0: '', 1: 'Number of Enrolled Students Awarded Non-need\ufffe\nbased Scholarships and Grants', 2: 'First-time\nFull-time\nFreshmen', 3: 'Full-time\nUndergrad\n(Incl. Fresh.)', 4: 'Less Full-time Than\nUndergrad'}, {0: 'N', 1: 'Number of students in line a who had no financial need\nand who were awarded institutional non-need-based\nscholarship or grant aid (exclude those who were\nawarded athletic awards and tuition benefits)', 2: '531', 3: '1,923', 4: '47'}, {0: 'O', 1: 'Average dollar amount of institutional non-need-based\nscholarship and grant aid awarded to students in line n', 2: '$ 10,778', 3: '$ 9,161', 4: '$ 4,014'}, {0: 'P', 1: 'Number of students in line a who were awarded an\ninstitutional non-need-based athletic scholarship or\ngrant', 2: '76', 3: '314', 4: '5'}, {0: 'Q', 1: 'Average dollar amount of institutional non-need-based\nathletic scholarships and grants awarded to students in\nline p', 2: '$ 14,349', 3: '$ 12,672', 4: '$ 12,823'}]]","<table> <tr> <td> Aid Awarded </td> <td> Need-based <br/> (Include non￾ <br/> need-based aid <br/> use need.) to meet </td> <td> Non-need￾ <br/> based <br/> (Exclude non￾ <br/> need-based aid <br/> use need.) to meet </td> </tr> <tr> <td> Scholarships/Grants </td> <td> </td> <td> </td> </tr> <tr> <td> Federal </td> <td> $6,226,022 </td> <td> $3,921 </td> </tr> <tr> <td> State all states, not only the state in which your institution is located </td> <td> $6,748,648 </td> <td> $130,102 </td> </tr> <tr> <td> Institutional: Endowed scholarships, annual gifts and tuition funded <br/> grants, awarded by the college, excluding athletic aid and tuition <br/> waivers (which are reported below). </td> <td> $43,003,892 </td> <td> $18,565,438 </td> </tr> <tr> <td> Scholarships/grants from external sources (e.g. Kiwanis, National <br/> Merit) not awarded by the college </td> <td> $1,637,337 </td> <td> $1,143,826 </td> </tr> <tr> <td> Total Scholarships/Grants </td> <td> $57,615,899 </td> <td> $19,843,287 </td> </tr> <tr> <td> Self-Help </td> <td> </td> <td> </td> </tr> <tr> <td> Student loans from all sources (excluding parent loans) </td> <td> $25,614,017 </td> <td> $9,794,890 </td> </tr> <tr> <td> Federal Work-Study </td> <td> $387,867 </td> <td> </td> </tr> <tr> <td> State and other (e.g., institutional) work-study/employment (Note: <br/> Excludes Federal Work-Study captured above.) </td> <td> N/A </td> <td> N/A </td> </tr> <tr> <td> Total Self-Help </td> <td> $26,001,884 </td> <td> $9,794,890 </td> </tr> <tr> <td> Parent Loans </td> <td> $5,654,854 </td> <td> $1,946,019 </td> </tr> </table><div class=""separator""></div><table> <tr> <td> </td> <td> Number of Enrolled Students Awarded Aid </td> <td> First-time Full￾ <br/> time Freshmen </td> <td> Full-time <br/> Undergrad <br/> (Incl. Fresh) </td> <td> Less Full-time Than <br/> Undergrad </td> </tr> <tr> <td> A </td> <td> Number of degree-seeking undergraduate students <br/> (CDS Item B1 if reporting on Fall 2023 cohort) </td> <td> 1,459 </td> <td> 5,621 </td> <td> 216 </td> </tr> <tr> <td> B </td> <td> Number of students in line a who applied for need￾ <br/> based financial aid </td> <td> 1,383 </td> <td> 4,539 </td> <td> 127 </td> </tr> <tr> <td> C </td> <td> Number of students in line b who were determined to <br/> have financial need </td> <td> 913 </td> <td> 3,322 </td> <td> 85 </td> </tr> <tr> <td> D </td> <td> Number of students in line c who were awarded any <br/> financial aid </td> <td> 912 </td> <td> 3,318 </td> <td> 80 </td> </tr> <tr> <td> E </td> <td> Number of students in line d who were awarded any <br/> need-based scholarship or grant aid </td> <td> 638 </td> <td> 2,376 </td> <td> 50 </td> </tr> <tr> <td> F </td> <td> Number of students in line d who were awarded any <br/> need-based self-help aid </td> <td> 472 </td> <td> 2,281 </td> <td> 61 </td> </tr> <tr> <td> G </td> <td> Number of students in line d who were awarded any <br/> non-need-based scholarship or grant aid </td> <td> 901 </td> <td> 3,027 </td> <td> 50 </td> </tr> <tr> <td> H </td> <td> Number of students in line d whose need was fully met <br/> (exclude PLUS loans, unsubsidized loans, and private <br/> alternative loans) </td> <td> 447 </td> <td> 1,010 </td> <td> 11 </td> </tr> <tr> <td> I </td> <td> On average, the percentage of need that was met of <br/> students who were awarded any need-based aid. <br/> Exclude any aid that was awarded in excess of need as <br/> well as any resources that were awarded to replace <br/> EFC (PLUS loans, unsubsidized loans, and private <br/> alternative loans) </td> <td> 91.1% </td> <td> 79.6% </td> <td> 52.0% </td> </tr> <tr> <td> J </td> <td> The average financial aid package of those in line d. <br/> Exclude any resources that were awarded to replace <br/> EFC (PLUS loans, unsubsidized loans, and private <br/> alternative loans) </td> <td> $ 24,684 </td> <td> $ 20,963 </td> <td> $ 9,835 </td> </tr> <tr> <td> K </td> <td> Average need-based scholarship and grant award of <br/> those in line e </td> <td> $ 8,754 </td> <td> $ 9,063 </td> <td> $ 5,075 </td> </tr> <tr> <td> L </td> <td> Average need-based self-help award (excluding PLUS <br/> loans, unsubsidized loans, and private alternative <br/> loans) of those in line f </td> <td> $ 3,079 </td> <td> $ 4,361 </td> <td> $ 4,210 </td> </tr> </table><div class=""separator""></div><table> <tr> <td> </td> <td> Number of Enrolled Students Awarded Non-need￾ <br/> based Scholarships and Grants </td> <td> First-time <br/> Full-time <br/> Freshmen </td> <td> Full-time <br/> Undergrad <br/> (Incl. Fresh.) </td> <td> Less Full-time Than <br/> Undergrad </td> </tr> <tr> <td> N </td> <td> Number of students in line a who had no financial need <br/> and who were awarded institutional non-need-based <br/> scholarship or grant aid (exclude those who were <br/> awarded athletic awards and tuition benefits) </td> <td> 531 </td> <td> 1,923 </td> <td> 47 </td> </tr> <tr> <td> O </td> <td> Average dollar amount of institutional non-need-based <br/> scholarship and grant aid awarded to students in line n </td> <td> $ 10,778 </td> <td> $ 9,161 </td> <td> $ 4,014 </td> </tr> <tr> <td> P </td> <td> Number of students in line a who were awarded an <br/> institutional non-need-based athletic scholarship or <br/> grant </td> <td> 76 </td> <td> 314 </td> <td> 5 </td> </tr> <tr> <td> Q </td> <td> Average dollar amount of institutional non-need-based <br/> athletic scholarships and grants awarded to students in <br/> line p </td> <td> $ 14,349 </td> <td> $ 12,672 </td> <td> $ 12,823 </td> </tr> </table>",171128,../data/cds-docs/2023-2024/171128.pdf,2023-2024
H,5,H5,"Number and percent of students in class (defined in H4 above) borrowing from federal, non-federal,","[[{0: 'Source/Type of Loan', 1: 'Source/Type of Loan', 2: 'Number in the\nclass (defined\nin H4 above)\nwho borrowed\nfrom the types\nof loans\nspecified in the\nfirst column', 3: 'Percent of the\nclass (defined\nabove) who\nborrowed from\nthe types of\nloans specified\nin column the first\n(nearest 1%)', 4: 'Average per\ufffe\nundergraduate\ufffe\nborrower\ncumulative\nprincipal\nborrowed from\nthe types of\nloans specified\nin column the first\n(nearest $1)'}, {0: 'A', 1: 'Any loan program: Federal Perkins, Federal Stafford\nSubsidized and Unsubsidized, institutional, state,\nprivate loans that your institution is aware of, etc.\nInclude both Federal Direct Student Loans and Federal\nFamily Education Loans.', 2: '581', 3: '60.2%', 4: '$35,798'}, {0: 'B', 1: 'Federal loan programs: Federal Perkins, Federal\nStafford Subsidized and Unsubsidized. Include both\nFederal Direct Student Loans and Federal Family\nEducation Loans.', 2: '562', 3: '58.2%', 4: '$22,020'}, {0: 'C', 1: 'Institutional loan programs.', 2: '15', 3: '1.6%', 4: '$6,012'}, {0: 'D', 1: 'State loan programs.', 2: '0', 3: 'N/A', 4: 'N/A'}, {0: 'E', 1: 'Private student loans made by a bank or lender.', 2: '198', 3: '20.5%', 4: '$42,087'}]]","<table> <tr> <td colspan=""2""> Source/Type of Loan </td> <td> Number in the <br/> class (defined <br/> in H4 above) <br/> who borrowed <br/> from the types <br/> of loans <br/> specified in the <br/> first column </td> <td> Percent of the <br/> class (defined <br/> above) who <br/> borrowed from <br/> the types of <br/> loans specified <br/> in column the first <br/> (nearest 1%) </td> <td> Average per￾ <br/> undergraduate￾ <br/> borrower <br/> cumulative <br/> principal <br/> borrowed from <br/> the types of <br/> loans specified <br/> in column the first <br/> (nearest $1) </td> </tr> <tr> <td> A </td> <td> Any loan program: Federal Perkins, Federal Stafford <br/> Subsidized and Unsubsidized, institutional, state, <br/> private loans that your institution is aware of, etc. <br/> Include both Federal Direct Student Loans and Federal <br/> Family Education Loans. </td> <td> 581 </td> <td> 60.2% </td> <td> $35,798 </td> </tr> <tr> <td> B </td> <td> Federal loan programs: Federal Perkins, Federal <br/> Stafford Subsidized and Unsubsidized. Include both <br/> Federal Direct Student Loans and Federal Family <br/> Education Loans. </td> <td> 562 </td> <td> 58.2% </td> <td> $22,020 </td> </tr> <tr> <td> C </td> <td> Institutional loan programs. </td> <td> 15 </td> <td> 1.6% </td> <td> $6,012 </td> </tr> <tr> <td> D </td> <td> State loan programs. </td> <td> 0 </td> <td> N/A </td> <td> N/A </td> </tr> <tr> <td> E </td> <td> Private student loans made by a bank or lender. </td> <td> 198 </td> <td> 20.5% </td> <td> $42,087 </td> </tr> </table>",171128,../data/cds-docs/2023-2024/171128.pdf,2023-2024
H,11,H11,Indicate reply dates:,"[[{0: 'Students must reply by (date):', 1: '5/1'}, {0: 'or within _______ weeks of notification.', 1: ''}]]",<table> <tr> <td> Students must reply by (date): </td> <td> 5/1 </td> </tr> <tr> <td> or within _______ weeks of notification. </td> <td> </td> </tr> </table>,171128,../data/cds-docs/2023-2024/171128.pdf,2023-2024
H,14,H14,Check off criteria used in awarding institutional aid. Check all that apply.,"[[{0: '', 1: 'Non-Need Based', 2: 'Need-Based'}, {0: 'Academics', 1: 'X', 2: 'X'}, {0: 'Alumni affiliation', 1: 'X', 2: ''}, {0: 'Art', 1: 'X', 2: ''}, {0: 'Athletics', 1: 'X', 2: ''}, {0: 'Job skills', 1: 'X', 2: ''}, {0: 'ROTC', 1: 'X', 2: ''}, {0: 'Leadership', 1: 'X', 2: ''}, {0: 'Minority status', 1: '', 2: ''}, {0: 'Music/drama', 1: 'X', 2: ''}, {0: 'Religious affiliation', 1: '', 2: ''}, {0: 'State/district residency', 1: 'X', 2: 'X'}]]",<table> <tr> <td> </td> <td> Non-Need Based </td> <td> Need-Based </td> </tr> <tr> <td> Academics </td> <td> X </td> <td> X </td> </tr> <tr> <td> Alumni affiliation </td> <td> X </td> <td> </td> </tr> <tr> <td> Art </td> <td> X </td> <td> </td> </tr> <tr> <td> Athletics </td> <td> X </td> <td> </td> </tr> <tr> <td> Job skills </td> <td> X </td> <td> </td> </tr> <tr> <td> ROTC </td> <td> X </td> <td> </td> </tr> <tr> <td> Leadership </td> <td> X </td> <td> </td> </tr> <tr> <td> Minority status </td> <td> </td> <td> </td> </tr> <tr> <td> Music/drama </td> <td> X </td> <td> </td> </tr> <tr> <td> Religious affiliation </td> <td> </td> <td> </td> </tr> <tr> <td> State/district residency </td> <td> X </td> <td> X </td> </tr> </table>,171128,../data/cds-docs/2023-2024/171128.pdf,2023-2024
J,1,J1,"Degrees conferred between July 1, 2022 and June 30, 2023","[[{0: 'Category', 1: 'Diploma/Certificates', 2: 'Associate', 3: 'Bachelor’s', 4: 'CIP 2020 Categories\nto Include'}, {0: 'Agriculture', 1: '', 2: '', 3: '', 4: '01'}, {0: 'Natural resources and conservation', 1: '', 2: '', 3: '4.98%', 4: '03'}, {0: 'Architecture', 1: '', 2: '', 3: '', 4: '04'}, {0: 'Area, ethnic, and gender studies', 1: '', 2: '', 3: '', 4: '05'}, {0: 'Communication/journalism', 1: '', 2: '', 3: '0.79%', 4: '09'}, {0: 'Communication technologies', 1: '', 2: '', 3: '0.35%', 4: '10'}, {0: 'Computer and information sciences', 1: '', 2: '', 3: '8.04%', 4: '11'}, {0: 'Personal and culinary services', 1: '', 2: '', 3: '', 4: '12'}, {0: 'Education', 1: '14.29%', 2: '', 3: '', 4: '13'}, {0: 'Engineering', 1: '85.71%', 2: '', 3: '60.35%', 4: '14'}, {0: 'Engineering technologies', 1: '', 2: '', 3: '3.49%', 4: '15'}, {0: 'Foreign languages, lit\neratures, and linguistics', 1: '', 2: '', 3: '', 4: '16'}, {0: 'Family and consumer sciences', 1: '', 2: '', 3: '', 4: '19'}, {0: 'Law/legal studies', 1: '', 2: '', 3: '', 4: '22'}, {0: 'English', 1: '', 2: '', 3: '0.35%', 4: '23'}, {0: 'Liberal arts/general studies', 1: '', 2: '100.00%', 3: '', 4: '24'}, {0: 'Library science', 1: '', 2: '', 3: '', 4: '25'}, {0: 'Biological/life sciences', 1: '', 2: '', 3: '2.62%', 4: '26'}, {0: 'Mathematics and statistics', 1: '', 2: '', 3: '2.01%', 4: '27'}, {0: 'Military science and military technologies', 1: '', 2: '', 3: '', 4: '28 & 29'}, {0: 'Interdisciplinary studies', 1: '', 2: '', 3: '2.45%', 4: '30'}, {0: 'Parks and recreation', 1: '', 2: '', 3: '1.75%', 4: '31'}, {0: 'Philosophy and religious studies', 1: '', 2: '', 3: '', 4: '38'}, {0: 'Theology and religious vocations', 1: '', 2: '', 3: '', 4: '39'}, {0: 'Physical sciences', 1: '', 2: '', 3: '2.10%', 4: '40'}, {0: 'Science technologies', 1: '', 2: '', 3: '', 4: '41'}, {0: 'Psychology', 1: '', 2: '', 3: '1.14%', 4: '42'}, {0: 'Homeland Security, law enforcement, firefighting,', 1: '', 2: '', 3: '', 4: '43'}, {0: 'Public administration and social services', 1: '', 2: '', 3: '', 4: '44'}, {0: 'Social sciences', 1: '', 2: '', 3: '0.79%', 4: '45'}, {0: 'Construction trades', 1: '', 2: '', 3: '', 4: '46'}, {0: 'Mechanic and repair technologies', 1: '', 2: '', 3: '', 4: '47'}, {0: 'Precision production', 1: '', 2: '', 3: '', 4: '48'}, {0: 'Transportation and materials moving', 1: '', 2: '', 3: '', 4: '49'}, {0: 'Visual and performing arts', 1: '', 2: '', 3: '0.70%', 4: '50'}, {0: 'Health professions and related programs', 1: '', 2: '', 3: '1.39%', 4: '51'}, {0: 'Business/marketing', 1: '', 2: '', 3: '6.55%', 4: '52'}, {0: 'History', 1: '', 2: '', 3: '0.18%', 4: '54'}, {0: 'Other', 1: '', 2: '', 3: '', 4: ''}, {0: 'TOTAL (should = 100%)', 1: '100.00%', 2: '100.00%', 3: '100.00%', 4: ''}]]","<table> <tr> <td> Category </td> <td> Diploma/Certificates </td> <td> Associate </td> <td> Bachelor’s </td> <td> CIP 2020 Categories <br/> to Include </td> </tr> <tr> <td> Agriculture </td> <td> </td> <td> </td> <td> </td> <td> 01 </td> </tr> <tr> <td> Natural resources and conservation </td> <td> </td> <td> </td> <td> 4.98% </td> <td> 03 </td> </tr> <tr> <td> Architecture </td> <td> </td> <td> </td> <td> </td> <td> 04 </td> </tr> <tr> <td> Area, ethnic, and gender studies </td> <td> </td> <td> </td> <td> </td> <td> 05 </td> </tr> <tr> <td> Communication/journalism </td> <td> </td> <td> </td> <td> 0.79% </td> <td> 09 </td> </tr> <tr> <td> Communication technologies </td> <td> </td> <td> </td> <td> 0.35% </td> <td> 10 </td> </tr> <tr> <td> Computer and information sciences </td> <td> </td> <td> </td> <td> 8.04% </td> <td> 11 </td> </tr> <tr> <td> Personal and culinary services </td> <td> </td> <td> </td> <td> </td> <td> 12 </td> </tr> <tr> <td> Education </td> <td> 14.29% </td> <td> </td> <td> </td> <td> 13 </td> </tr> <tr> <td> Engineering </td> <td> 85.71% </td> <td> </td> <td> 60.35% </td> <td> 14 </td> </tr> <tr> <td> Engineering technologies </td> <td> </td> <td> </td> <td> 3.49% </td> <td> 15 </td> </tr> <tr> <td> Foreign languages, lit <br/> eratures, and linguistics </td> <td> </td> <td> </td> <td> </td> <td> 16 </td> </tr> <tr> <td> Family and consumer sciences </td> <td> </td> <td> </td> <td> </td> <td> 19 </td> </tr> <tr> <td> Law/legal studies </td> <td> </td> <td> </td> <td> </td> <td> 22 </td> </tr> <tr> <td> English </td> <td> </td> <td> </td> <td> 0.35% </td> <td> 23 </td> </tr> <tr> <td> Liberal arts/general studies </td> <td> </td> <td> 100.00% </td> <td> </td> <td> 24 </td> </tr> <tr> <td> Library science </td> <td> </td> <td> </td> <td> </td> <td> 25 </td> </tr> <tr> <td> Biological/life sciences </td> <td> </td> <td> </td> <td> 2.62% </td> <td> 26 </td> </tr> <tr> <td> Mathematics and statistics </td> <td> </td> <td> </td> <td> 2.01% </td> <td> 27 </td> </tr> <tr> <td> Military science and military technologies </td> <td> </td> <td> </td> <td> </td> <td> 28 &amp; 29 </td> </tr> <tr> <td> Interdisciplinary studies </td> <td> </td> <td> </td> <td> 2.45% </td> <td> 30 </td> </tr> <tr> <td> Parks and recreation </td> <td> </td> <td> </td> <td> 1.75% </td> <td> 31 </td> </tr> <tr> <td> Philosophy and religious studies </td> <td> </td> <td> </td> <td> </td> <td> 38 </td> </tr> <tr> <td> Theology and religious vocations </td> <td> </td> <td> </td> <td> </td> <td> 39 </td> </tr> <tr> <td> Physical sciences </td> <td> </td> <td> </td> <td> 2.10% </td> <td> 40 </td> </tr> <tr> <td> Science technologies </td> <td> </td> <td> </td> <td> </td> <td> 41 </td> </tr> <tr> <td> Psychology </td> <td> </td> <td> </td> <td> 1.14% </td> <td> 42 </td> </tr> <tr> <td> Homeland Security, law enforcement, firefighting, </td> <td> </td> <td> </td> <td> </td> <td> 43 </td> </tr> <tr> <td> Public administration and social services </td> <td> </td> <td> </td> <td> </td> <td> 44 </td> </tr> <tr> <td> Social sciences </td> <td> </td> <td> </td> <td> 0.79% </td> <td> 45 </td> </tr> <tr> <td> Construction trades </td> <td> </td> <td> </td> <td> </td> <td> 46 </td> </tr> <tr> <td> Mechanic and repair technologies </td> <td> </td> <td> </td> <td> </td> <td> 47 </td> </tr> <tr> <td> Precision production </td> <td> </td> <td> </td> <td> </td> <td> 48 </td> </tr> <tr> <td> Transportation and materials moving </td> <td> </td> <td> </td> <td> </td> <td> 49 </td> </tr> <tr> <td> Visual and performing arts </td> <td> </td> <td> </td> <td> 0.70% </td> <td> 50 </td> </tr> <tr> <td> Health professions and related programs </td> <td> </td> <td> </td> <td> 1.39% </td> <td> 51 </td> </tr> <tr> <td> Business/marketing </td> <td> </td> <td> </td> <td> 6.55% </td> <td> 52 </td> </tr> <tr> <td> History </td> <td> </td> <td> </td> <td> 0.18% </td> <td> 54 </td> </tr> <tr> <td> Other </td> <td> </td> <td> </td> <td> </td> <td> </td> </tr> <tr> <td> TOTAL (should = 100%) </td> <td> 100.00% </td> <td> 100.00% </td> <td> 100.00% </td> <td> </td> </tr> </table>",171128,../data/cds-docs/2023-2024/171128.pdf,2023-2024
A,0,A0,Respondent Information (Not for Publication),"[[{0: 'Richard Elenich', 1: 'Richard Elenich'}, {0: 'Executive Director', 1: 'Executive Director'}, {0: 'Office of Institutional Research', 1: 'Office of Institutional Research'}, {0: '1400 Townsend Drive', 1: '1400 Townsend Drive'}, {0: 'Houghton, MI 49931', 1: 'Houghton, MI 49931'}, {0: '(906)', 1: '487-2763'}, {0: '(906)', 1: '487-3328'}, {0: 'rjelenich@mtu.edu', 1: 'rjelenich@mtu.edu'}]]","<table> <tr> <td colspan=""2""> Richard Elenich </td> </tr> <tr> <td colspan=""2""> Executive Director </td> </tr> <tr> <td colspan=""2""> Office of Institutional Research </td> </tr> <tr> <td colspan=""2""> 1400 Townsend Drive </td> </tr> <tr> <td colspan=""2""> Houghton, MI 49931 </td> </tr> <tr> <td> (906) </td> <td> 487-2763 </td> </tr> <tr> <td> (906) </td> <td> 487-3328 </td> </tr> <tr> <td colspan=""2""> rjelenich@mtu.edu </td> </tr> </table>",171128,../data/cds-docs/2022-2023/171128.pdf,2022-2023
A,1,A1,Address Information,"[[{0: 'Michigan Technological University', 1: 'Michigan Technological University'}, {0: '1400 Townsend Drive', 1: '1400 Townsend Drive'}, {0: 'Houghton, MI 49931', 1: 'Houghton, MI 49931'}, {0: '(906) 487-1885', 1: '(906) 487-1885'}, {0: 'http://www.mtu.edu', 1: 'http://www.mtu.edu'}, {0: '(906) 487-2335', 1: '(906) 487-2335'}, {0: '1-888-MTU-1885', 1: '1-888-MTU-1885'}, {0: '1400 Townsend Drive', 1: '1400 Townsend Drive'}, {0: 'Houghton, MI 49931', 1: 'Houghton, MI 49931'}, {0: '(906)', 1: '487-2125'}, {0: 'mtu4u@mtu.edu', 1: 'mtu4u@mtu.edu'}]]","<table> <tr> <td colspan=""2""> Michigan Technological University </td> </tr> <tr> <td colspan=""2""> 1400 Townsend Drive </td> </tr> <tr> <td colspan=""2""> Houghton, MI 49931 </td> </tr> <tr> <td colspan=""2""> (906) 487-1885 </td> </tr> <tr> <td colspan=""2""> http://www.mtu.edu </td> </tr> <tr> <td colspan=""2""> (906) 487-2335 </td> </tr> <tr> <td colspan=""2""> 1-888-MTU-1885 </td> </tr> <tr> <td colspan=""2""> 1400 Townsend Drive </td> </tr> <tr> <td colspan=""2""> Houghton, MI 49931 </td> </tr> <tr> <td> (906) </td> <td> 487-2125 </td> </tr> <tr> <td colspan=""2""> mtu4u@mtu.edu </td> </tr> </table>",171128,../data/cds-docs/2022-2023/171128.pdf,2022-2023
B,12,B12,"Initial cohort, total of first-time, full-time degree/certificate-seeking students:","[[{0: '', 1: '2019 Cohort', 2: '2018 Cohort'}, {0: 'Initial cohort, total of first-time, full-time degree/certificate-seeking students:', 1: '', 2: ''}, {0: 'Of the initial cohort, how many did not persist and did not graduate for the following reasons:\n• • Death Permanently Disability\n• Service in the armed forces,\n• Foreign aid service of the federal government\n• Official church missions\n• Report total allowable exclusions', 1: '', 2: ''}, {0: 'Final cohort, after adjusting for allowable exclusions:', 1: '0', 2: '0'}, {0: 'Completers of programs of less than two years duration (total):', 1: '', 2: ''}, {0: 'Completers of programs of less than two years within 150 percent of normal time:', 1: '', 2: ''}, {0: 'Completers of programs of at least two but less than four years (total):', 1: '', 2: ''}, {0: 'Completers of programs of at least two but less than four-years within 150 percent of normal time:', 1: '', 2: ''}, {0: 'Total transfers-out (within three years) to other institutions:', 1: '', 2: ''}, {0: 'Total transfers to two-year institutions:', 1: '', 2: ''}, {0: 'Total transfers to four-year institutions:', 1: '', 2: ''}]]","<table> <tr> <td> </td> <td> 2019 Cohort </td> <td> 2018 Cohort </td> </tr> <tr> <td> Initial cohort, total of first-time, full-time degree/certificate-seeking students: </td> <td> </td> <td> </td> </tr> <tr> <td> Of the initial cohort, how many did not persist and did not graduate for the following reasons: <br/> • • Death Permanently Disability <br/> • Service in the armed forces, <br/> • Foreign aid service of the federal government <br/> • Official church missions <br/> • Report total allowable exclusions </td> <td> </td> <td> </td> </tr> <tr> <td> Final cohort, after adjusting for allowable exclusions: </td> <td> 0 </td> <td> 0 </td> </tr> <tr> <td> Completers of programs of less than two years duration (total): </td> <td> </td> <td> </td> </tr> <tr> <td> Completers of programs of less than two years within 150 percent of normal time: </td> <td> </td> <td> </td> </tr> <tr> <td> Completers of programs of at least two but less than four years (total): </td> <td> </td> <td> </td> </tr> <tr> <td> Completers of programs of at least two but less than four-years within 150 percent of normal time: </td> <td> </td> <td> </td> </tr> <tr> <td> Total transfers-out (within three years) to other institutions: </td> <td> </td> <td> </td> </tr> <tr> <td> Total transfers to two-year institutions: </td> <td> </td> <td> </td> </tr> <tr> <td> Total transfers to four-year institutions: </td> <td> </td> <td> </td> </tr> </table>",171128,../data/cds-docs/2022-2023/171128.pdf,2022-2023
C,1,C1,"First-time, first-year students: Provide the number of degree-seeking, first-time, first-year students who","[[{0: 'Total first-time, first-year men who applied', 1: '5,102'}, {0: 'Total first-time, first-year women who applied', 1: '3,467'}], [{0: 'Total first-time, first-year men who were admitted', 1: '4,429'}, {0: 'Total first-time, first-year women who were admitted', 1: '2,965'}], [{0: 'Total full-time, first-time, first-year men who enrolled', 1: '971'}, {0: 'Total part-time, first-time, first-year men who enrolled', 1: '6'}], [{0: 'Total full-time, first-time, first-year women who enrolled', 1: '410'}, {0: 'Total part-time, first-time, first-year women who enrolled', 1: '1'}]]","<table> <tr> <td> Total first-time, first-year men who applied </td> <td> 5,102 </td> </tr> <tr> <td> Total first-time, first-year women who applied </td> <td> 3,467 </td> </tr> </table><div class=""separator""></div><table> <tr> <td> Total first-time, first-year men who were admitted </td> <td> 4,429 </td> </tr> <tr> <td> Total first-time, first-year women who were admitted </td> <td> 2,965 </td> </tr> </table><div class=""separator""></div><table> <tr> <td> Total full-time, first-time, first-year men who enrolled </td> <td> 971 </td> </tr> <tr> <td> Total part-time, first-time, first-year men who enrolled </td> <td> 6 </td> </tr> </table><div class=""separator""></div><table> <tr> <td> Total full-time, first-time, first-year women who enrolled </td> <td> 410 </td> </tr> <tr> <td> Total part-time, first-time, first-year women who enrolled </td> <td> 1 </td> </tr> </table>",171128,../data/cds-docs/2022-2023/171128.pdf,2022-2023
C,2,C2,"First-time, first-year wait-listed students","[[{0: 'WAITING LIST', 1: 'TOTAL'}, {0: 'Number of qualified applicants offered a place on waiting list:', 1: ''}, {0: 'Number accepting a place on the waiting list:', 1: ''}, {0: 'Number of wait-listed students admitted:', 1: ''}]]",<table> <tr> <td> WAITING LIST </td> <td> TOTAL </td> </tr> <tr> <td> Number of qualified applicants offered a place on waiting list: </td> <td> </td> </tr> <tr> <td> Number accepting a place on the waiting list: </td> <td> </td> </tr> <tr> <td> Number of wait-listed students admitted: </td> <td> </td> </tr> </table>,171128,../data/cds-docs/2022-2023/171128.pdf,2022-2023
C,5,C5,Distribution of high school units required and/or recommended. Specify the distribution of academic,"[[{0: '', 1: 'Required', 2: 'Recommended'}, {0: 'Total academic units', 1: '8', 2: '19'}, {0: 'English', 1: '3', 2: '4'}, {0: 'Mathematics', 1: '3', 2: '4'}, {0: 'Science', 1: '2', 2: '3'}, {0: 'Of these, units that must be\nlab', 1: '', 2: ''}, {0: 'Foreign language', 1: '', 2: '2'}, {0: 'Social studies', 1: '', 2: '3'}, {0: 'History', 1: '', 2: ''}, {0: 'Academic electives', 1: '', 2: '2'}, {0: 'Computer Science', 1: '', 2: '1'}, {0: 'Visual/Performing Arts', 1: '', 2: ''}, {0: 'Other (specify)', 1: '', 2: ''}]]","<table> <tr> <td> </td> <td> Required </td> <td> Recommended </td> </tr> <tr> <td> Total academic units </td> <td> 8 </td> <td> 19 </td> </tr> <tr> <td> English </td> <td> 3 </td> <td> 4 </td> </tr> <tr> <td> Mathematics </td> <td> 3 </td> <td> 4 </td> </tr> <tr> <td> Science </td> <td> 2 </td> <td> 3 </td> </tr> <tr> <td> Of these, units that must be <br/> lab </td> <td> </td> <td> </td> </tr> <tr> <td> Foreign language </td> <td> </td> <td> 2 </td> </tr> <tr> <td> Social studies </td> <td> </td> <td> 3 </td> </tr> <tr> <td> History </td> <td> </td> <td> </td> </tr> <tr> <td> Academic electives </td> <td> </td> <td> 2 </td> </tr> <tr> <td> Computer Science </td> <td> </td> <td> 1 </td> </tr> <tr> <td> Visual/Performing Arts </td> <td> </td> <td> </td> </tr> <tr> <td> Other (specify) </td> <td> </td> <td> </td> </tr> </table>",171128,../data/cds-docs/2022-2023/171128.pdf,2022-2023
C,7,C7,"Relative importance of each of the following academic and nonacademic factors in your first-time,","[[{0: 'Very Important Important Considered Not Considered', 1: 'Very Important Important Considered Not Considered', 2: 'Very Important Important Considered Not Considered', 3: 'Very Important Important Considered Not Considered', 4: 'Very Important Important Considered Not Considered'}, {0: 'Academic', 1: 'Academic', 2: 'Academic', 3: 'Academic', 4: 'Academic'}, {0: 'Rigor of secondary school record', 1: '', 2: 'X', 3: '', 4: ''}, {0: 'Class rank', 1: '', 2: '', 3: '', 4: 'X'}, {0: 'Academic GPA', 1: 'X', 2: '', 3: '', 4: ''}, {0: 'Standardized test scores', 1: '', 2: 'X', 3: '', 4: ''}, {0: 'Application Essay', 1: '', 2: '', 3: 'X', 4: ''}, {0: 'Recommendation(s)', 1: '', 2: '', 3: 'X', 4: ''}, {0: 'Nonacademic', 1: 'Nonacademic', 2: 'Nonacademic', 3: 'Nonacademic', 4: 'Nonacademic'}, {0: 'Interview', 1: '', 2: '', 3: '', 4: 'X'}, {0: 'Extracurricular activities', 1: '', 2: '', 3: 'X', 4: ''}, {0: 'Talent/ability', 1: '', 2: '', 3: 'X', 4: ''}, {0: 'Character/personal qualities', 1: '', 2: '', 3: 'X', 4: ''}, {0: 'First generation', 1: '', 2: '', 3: '', 4: 'X'}, {0: 'Alumni/ae relation', 1: '', 2: '', 3: '', 4: 'X'}, {0: 'Geographical residence', 1: '', 2: '', 3: '', 4: 'X'}, {0: 'State residency', 1: '', 2: '', 3: '', 4: 'X'}, {0: 'Religious affiliation/commitment', 1: '', 2: '', 3: '', 4: 'X'}, {0: 'Racial/ethnic status', 1: '', 2: '', 3: '', 4: 'X'}, {0: 'Volunteer work', 1: '', 2: '', 3: '', 4: 'X'}, {0: 'Work experience', 1: '', 2: '', 3: '', 4: 'X'}, {0: 'Level of applicant’s interest', 1: '', 2: '', 3: '', 4: 'X'}]]","<table> <tr> <td colspan=""5""> Very Important Important Considered Not Considered </td> </tr> <tr> <td colspan=""5""> Academic </td> </tr> <tr> <td> Rigor of secondary school record </td> <td> </td> <td> X </td> <td> </td> <td> </td> </tr> <tr> <td> Class rank </td> <td> </td> <td> </td> <td> </td> <td> X </td> </tr> <tr> <td> Academic GPA </td> <td> X </td> <td> </td> <td> </td> <td> </td> </tr> <tr> <td> Standardized test scores </td> <td> </td> <td> X </td> <td> </td> <td> </td> </tr> <tr> <td> Application Essay </td> <td> </td> <td> </td> <td> X </td> <td> </td> </tr> <tr> <td> Recommendation(s) </td> <td> </td> <td> </td> <td> X </td> <td> </td> </tr> <tr> <td colspan=""5""> Nonacademic </td> </tr> <tr> <td> Interview </td> <td> </td> <td> </td> <td> </td> <td> X </td> </tr> <tr> <td> Extracurricular activities </td> <td> </td> <td> </td> <td> X </td> <td> </td> </tr> <tr> <td> Talent/ability </td> <td> </td> <td> </td> <td> X </td> <td> </td> </tr> <tr> <td> Character/personal qualities </td> <td> </td> <td> </td> <td> X </td> <td> </td> </tr> <tr> <td> First generation </td> <td> </td> <td> </td> <td> </td> <td> X </td> </tr> <tr> <td> Alumni/ae relation </td> <td> </td> <td> </td> <td> </td> <td> X </td> </tr> <tr> <td> Geographical residence </td> <td> </td> <td> </td> <td> </td> <td> X </td> </tr> <tr> <td> State residency </td> <td> </td> <td> </td> <td> </td> <td> X </td> </tr> <tr> <td> Religious affiliation/commitment </td> <td> </td> <td> </td> <td> </td> <td> X </td> </tr> <tr> <td> Racial/ethnic status </td> <td> </td> <td> </td> <td> </td> <td> X </td> </tr> <tr> <td> Volunteer work </td> <td> </td> <td> </td> <td> </td> <td> X </td> </tr> <tr> <td> Work experience </td> <td> </td> <td> </td> <td> </td> <td> X </td> </tr> <tr> <td> Level of applicant’s interest </td> <td> </td> <td> </td> <td> </td> <td> X </td> </tr> </table>",171128,../data/cds-docs/2022-2023/171128.pdf,2022-2023
C,8,C8,: SAT and ACT Policies,"[[{0: 'Yes', 1: 'No'}, {0: 'X', 1: ''}], [{0: '', 1: 'ADMISSION', 2: 'ADMISSION', 3: 'ADMISSION', 4: 'ADMISSION', 5: 'ADMISSION'}, {0: '', 1: 'Require', 2: 'Recommend', 3: 'Require for Some', 4: 'Consider if\nSubmitted', 5: 'Not\nConsidered'}, {0: 'SAT or ACT', 1: '', 2: 'X', 3: '', 4: '', 5: ''}, {0: 'ACT Only', 1: '', 2: '', 3: '', 4: '', 5: ''}, {0: 'SAT Only', 1: '', 2: '', 3: '', 4: '', 5: ''}]]","<table> <tr> <td> Yes </td> <td> No </td> </tr> <tr> <td> X </td> <td> </td> </tr> </table><div class=""separator""></div><table> <tr> <td rowspan=""2""> </td> <td colspan=""5""> ADMISSION </td> </tr> <tr> <td> Require </td> <td> Recommend </td> <td> Require for Some </td> <td> Consider if <br/> Submitted </td> <td> Not <br/> Considered </td> </tr> <tr> <td> SAT or ACT </td> <td> </td> <td> X </td> <td> </td> <td> </td> <td> </td> </tr> <tr> <td> ACT Only </td> <td> </td> <td> </td> <td> </td> <td> </td> <td> </td> </tr> <tr> <td> SAT Only </td> <td> </td> <td> </td> <td> </td> <td> </td> <td> </td> </tr> </table>",171128,../data/cds-docs/2022-2023/171128.pdf,2022-2023
C,9,C9,"Percent and number of first-time, first-year students enrolled in Fall 2022 who submitted national","[[{0: '71%', 1: '986'}, {0: '25%', 1: '341'}], [{0: 'Assessment', 1: '25th Percentile', 2: '50th Percentile', 3: '75th Percentile'}, {0: 'SAT Composite', 1: '1,140', 2: '1,230', 3: '1,330'}, {0: 'SAT Evidence-Based Reading and\nWriting', 1: '560', 2: '610', 3: '670'}, {0: 'SAT Math', 1: '570', 2: '620', 3: '680'}, {0: 'ACT Composite', 1: '24', 2: '27', 3: '30'}, {0: 'ACT Math', 1: '25', 2: '27', 3: '30'}, {0: 'ACT English', 1: '22', 2: '26', 3: '30'}, {0: 'ACT Writing', 1: '', 2: '', 3: ''}, {0: 'ACT Science', 1: '24', 2: '27', 3: '31'}, {0: 'ACT Reading', 1: '24', 2: '29', 3: '33'}], [{0: 'Score Range', 1: 'SAT Evidence\ufffe\nBased Reading\nand Writing', 2: 'SAT Math'}, {0: '700-800', 1: '12.98%', 2: '17.39%'}, {0: '600-699', 1: '47.67%', 2: '46.93%'}, {0: '500-599', 1: '32.66%', 2: '32.06%'}, {0: '400-499', 1: '6.69%', 2: '3.32%'}, {0: '300-399', 1: '', 2: '0.30%'}, {0: '200-299', 1: '', 2: ''}, {0: 'Totals should = 100%', 1: '100.00%', 2: '100.00%'}], [{0: 'Score Range', 1: 'SAT Composite'}, {0: '1400-1600', 1: '12.58%'}, {0: '1200-1399', 1: '49.29%'}, {0: '1000-1199', 1: '32.55%'}, {0: '800-999', 1: '5.48%'}, {0: '600-799', 1: '0.10%'}, {0: '400-599', 1: ''}, {0: 'Totals should = 100%', 1: '100.00%'}], [{0: 'Score Range', 1: 'ACT Composite', 2: 'ACT English', 3: 'ACT Math', 4: 'ACT Reading', 5: 'ACT Science'}, {0: '30-36', 1: '32.84%', 2: '29.33%', 3: '28.45%', 4: '46.39%', 5: '37.25%'}, {0: '24-29', 1: '47.80%', 2: '38.71%', 3: '58.65%', 4: '31.02%', 5: '46.04%'}, {0: '18-23', 1: '17.30%', 2: '26.98%', 3: '9.09%', 4: '21.99%', 5: '15.25%'}, {0: '12-17', 1: '1.76%', 2: '4.11%', 3: '3.81%', 4: '', 5: '1.17%'}, {0: '6-11', 1: '0.30%', 2: '0.87%', 3: '', 4: '0.60%', 5: '0.29%'}, {0: 'Below 6', 1: '', 2: '', 3: '', 4: '', 5: ''}, {0: 'Totals should = 100%', 1: '100.00%', 2: '100.00%', 3: '100.00%', 4: '100.00%', 5: '100.00%'}]]","<table> <tr> <td> 71% </td> <td> 986 </td> </tr> <tr> <td> 25% </td> <td> 341 </td> </tr> </table><div class=""separator""></div><table> <tr> <td> Assessment </td> <td> 25th Percentile </td> <td> 50th Percentile </td> <td> 75th Percentile </td> </tr> <tr> <td> SAT Composite </td> <td> 1,140 </td> <td> 1,230 </td> <td> 1,330 </td> </tr> <tr> <td> SAT Evidence-Based Reading and <br/> Writing </td> <td> 560 </td> <td> 610 </td> <td> 670 </td> </tr> <tr> <td> SAT Math </td> <td> 570 </td> <td> 620 </td> <td> 680 </td> </tr> <tr> <td> ACT Composite </td> <td> 24 </td> <td> 27 </td> <td> 30 </td> </tr> <tr> <td> ACT Math </td> <td> 25 </td> <td> 27 </td> <td> 30 </td> </tr> <tr> <td> ACT English </td> <td> 22 </td> <td> 26 </td> <td> 30 </td> </tr> <tr> <td> ACT Writing </td> <td> </td> <td> </td> <td> </td> </tr> <tr> <td> ACT Science </td> <td> 24 </td> <td> 27 </td> <td> 31 </td> </tr> <tr> <td> ACT Reading </td> <td> 24 </td> <td> 29 </td> <td> 33 </td> </tr> </table><div class=""separator""></div><table> <tr> <td> Score Range </td> <td> SAT Evidence￾ <br/> Based Reading <br/> and Writing </td> <td> SAT Math </td> </tr> <tr> <td> 700-800 </td> <td> 12.98% </td> <td> 17.39% </td> </tr> <tr> <td> 600-699 </td> <td> 47.67% </td> <td> 46.93% </td> </tr> <tr> <td> 500-599 </td> <td> 32.66% </td> <td> 32.06% </td> </tr> <tr> <td> 400-499 </td> <td> 6.69% </td> <td> 3.32% </td> </tr> <tr> <td> 300-399 </td> <td> </td> <td> 0.30% </td> </tr> <tr> <td> 200-299 </td> <td> </td> <td> </td> </tr> <tr> <td> Totals should = 100% </td> <td> 100.00% </td> <td> 100.00% </td> </tr> </table><div class=""separator""></div><table> <tr> <td> Score Range </td> <td> SAT Composite </td> </tr> <tr> <td> 1400-1600 </td> <td> 12.58% </td> </tr> <tr> <td> 1200-1399 </td> <td> 49.29% </td> </tr> <tr> <td> 1000-1199 </td> <td> 32.55% </td> </tr> <tr> <td> 800-999 </td> <td> 5.48% </td> </tr> <tr> <td> 600-799 </td> <td> 0.10% </td> </tr> <tr> <td> 400-599 </td> <td> </td> </tr> <tr> <td> Totals should = 100% </td> <td> 100.00% </td> </tr> </table><div class=""separator""></div><table> <tr> <td> Score Range </td> <td> ACT Composite </td> <td> ACT English </td> <td> ACT Math </td> <td> ACT Reading </td> <td> ACT Science </td> </tr> <tr> <td> 30-36 </td> <td> 32.84% </td> <td> 29.33% </td> <td> 28.45% </td> <td> 46.39% </td> <td> 37.25% </td> </tr> <tr> <td> 24-29 </td> <td> 47.80% </td> <td> 38.71% </td> <td> 58.65% </td> <td> 31.02% </td> <td> 46.04% </td> </tr> <tr> <td> 18-23 </td> <td> 17.30% </td> <td> 26.98% </td> <td> 9.09% </td> <td> 21.99% </td> <td> 15.25% </td> </tr> <tr> <td> 12-17 </td> <td> 1.76% </td> <td> 4.11% </td> <td> 3.81% </td> <td> </td> <td> 1.17% </td> </tr> <tr> <td> 6-11 </td> <td> 0.30% </td> <td> 0.87% </td> <td> </td> <td> 0.60% </td> <td> 0.29% </td> </tr> <tr> <td> Below 6 </td> <td> </td> <td> </td> <td> </td> <td> </td> <td> </td> </tr> <tr> <td> Totals should = 100% </td> <td> 100.00% </td> <td> 100.00% </td> <td> 100.00% </td> <td> 100.00% </td> <td> 100.00% </td> </tr> </table>",171128,../data/cds-docs/2022-2023/171128.pdf,2022-2023
C,10,C10,"Percent of all degree-seeking, first-time, first-year students who had high school class rank within","[[{0: 'Assessment', 1: 'Percent'}, {0: 'Percent in top tenth of high school graduating class', 1: '31.15%'}, {0: 'Percent in top quarter of high school graduating class', 1: '60.97%'}, {0: 'Percent in top half of high school graduating class', 1: '89.45%'}, {0: 'Percent in bottom half of high school graduating class', 1: '10.55%'}, {0: 'Percent in bottom quarter of high school graduating class', 1: '0.61%'}, {0: 'Percent of total first-time, first-year students who submitted high school\nclass rank:', 1: '59.44%'}]]","<table> <tr> <td> Assessment </td> <td> Percent </td> </tr> <tr> <td> Percent in top tenth of high school graduating class </td> <td> 31.15% </td> </tr> <tr> <td> Percent in top quarter of high school graduating class </td> <td> 60.97% </td> </tr> <tr> <td> Percent in top half of high school graduating class </td> <td> 89.45% </td> </tr> <tr> <td> Percent in bottom half of high school graduating class </td> <td> 10.55% </td> </tr> <tr> <td> Percent in bottom quarter of high school graduating class </td> <td> 0.61% </td> </tr> <tr> <td> Percent of total first-time, first-year students who submitted high school <br/> class rank: </td> <td> 59.44% </td> </tr> </table>",171128,../data/cds-docs/2022-2023/171128.pdf,2022-2023
C,11,C11,"Percentage of all enrolled, degree-seeking, first-time, first-year students who had high school grade-","[[{0: 'Score Range', 1: 'Percent'}, {0: 'Percent who had GPA of 4.0', 1: '31.84%'}, {0: 'Percent who had GPA between 3.75 and 3.99', 1: '31.91%'}, {0: 'Percent who had GPA between 3.50 and 3.74', 1: '18.74%'}, {0: 'Percent who had GPA between 3.25 and 3.49', 1: '9.55%'}, {0: 'Percent who had GPA between 3.00 and 3.24', 1: '5.64%'}, {0: 'Percent who had GPA between 2.50 and 2.99', 1: '2.32%'}, {0: 'Percent who had GPA between 2.0 and 2.49', 1: ''}, {0: 'Percent who had GPA between 1.0 and 1.99', 1: ''}, {0: 'Percent who had GPA below 1.0', 1: ''}, {0: 'Totals should = 100%', 1: '100.00%'}]]",<table> <tr> <td> Score Range </td> <td> Percent </td> </tr> <tr> <td> Percent who had GPA of 4.0 </td> <td> 31.84% </td> </tr> <tr> <td> Percent who had GPA between 3.75 and 3.99 </td> <td> 31.91% </td> </tr> <tr> <td> Percent who had GPA between 3.50 and 3.74 </td> <td> 18.74% </td> </tr> <tr> <td> Percent who had GPA between 3.25 and 3.49 </td> <td> 9.55% </td> </tr> <tr> <td> Percent who had GPA between 3.00 and 3.24 </td> <td> 5.64% </td> </tr> <tr> <td> Percent who had GPA between 2.50 and 2.99 </td> <td> 2.32% </td> </tr> <tr> <td> Percent who had GPA between 2.0 and 2.49 </td> <td> </td> </tr> <tr> <td> Percent who had GPA between 1.0 and 1.99 </td> <td> </td> </tr> <tr> <td> Percent who had GPA below 1.0 </td> <td> </td> </tr> <tr> <td> Totals should = 100% </td> <td> 100.00% </td> </tr> </table>,171128,../data/cds-docs/2022-2023/171128.pdf,2022-2023
C,14,C14,Application closing date,"[[{0: '', 1: 'Date'}, {0: 'Application closing date (fall)', 1: ''}, {0: 'Priority Date', 1: '15-Jan'}]]",<table> <tr> <td> </td> <td> Date </td> </tr> <tr> <td> Application closing date (fall) </td> <td> </td> </tr> <tr> <td> Priority Date </td> <td> 15-Jan </td> </tr> </table>,171128,../data/cds-docs/2022-2023/171128.pdf,2022-2023
D,2,D2,"Provide the number of students who applied, were admitted, and enrolled as degree-seeking transfer","[[{0: '', 1: 'Applicants', 2: 'Admitted', 3: 'Enrolled'}, {0: 'Men', 1: '347', 2: '213', 3: '101'}, {0: 'Women', 1: '215', 2: '119', 3: '43'}, {0: 'Another Gender', 1: '', 2: '', 3: ''}, {0: 'Total', 1: '562', 2: '332', 3: '144'}]]",<table> <tr> <td> </td> <td> Applicants </td> <td> Admitted </td> <td> Enrolled </td> </tr> <tr> <td> Men </td> <td> 347 </td> <td> 213 </td> <td> 101 </td> </tr> <tr> <td> Women </td> <td> 215 </td> <td> 119 </td> <td> 43 </td> </tr> <tr> <td> Another Gender </td> <td> </td> <td> </td> <td> </td> </tr> <tr> <td> Total </td> <td> 562 </td> <td> 332 </td> <td> 144 </td> </tr> </table>,171128,../data/cds-docs/2022-2023/171128.pdf,2022-2023
D,9,D9,Rolling,"[[{0: '', 1: 'Priority Date', 2: 'Closing Date', 3: 'Notification Date', 4: 'Reply Date', 5: 'Rolling\nAdmission'}, {0: 'Fall', 1: '', 2: '', 3: '', 4: '', 5: 'X'}, {0: 'Winter', 1: '', 2: '', 3: '', 4: '', 5: ''}, {0: 'Spring', 1: '', 2: '', 3: '', 4: '', 5: 'X'}, {0: 'Summer', 1: '', 2: '', 3: '', 4: '', 5: 'X'}]]",<table> <tr> <td> </td> <td> Priority Date </td> <td> Closing Date </td> <td> Notification Date </td> <td> Reply Date </td> <td> Rolling <br/> Admission </td> </tr> <tr> <td> Fall </td> <td> </td> <td> </td> <td> </td> <td> </td> <td> X </td> </tr> <tr> <td> Winter </td> <td> </td> <td> </td> <td> </td> <td> </td> <td> </td> </tr> <tr> <td> Spring </td> <td> </td> <td> </td> <td> </td> <td> </td> <td> X </td> </tr> <tr> <td> Summer </td> <td> </td> <td> </td> <td> </td> <td> </td> <td> X </td> </tr> </table>,171128,../data/cds-docs/2022-2023/171128.pdf,2022-2023
D,18,D18,Does your institution accept the following military/veteran transfer credits:,"[[{0: '', 1: 'X'}, {0: 'X', 1: ''}, {0: '', 1: 'X'}]]",<table> <tr> <td> </td> <td> X </td> </tr> <tr> <td> X </td> <td> </td> </tr> <tr> <td> </td> <td> X </td> </tr> </table>,171128,../data/cds-docs/2022-2023/171128.pdf,2022-2023
F,1,F1,"Percentages of first-time, first-year degree-seeking students and degree-seeking","[[{0: '', 1: 'First-time, year students first-', 2: 'Undergraduates'}, {0: 'Percent who are from out of state (exclude\ninternational/nonresidents from the numerator and\ndenominator)', 1: '24.0%', 2: '22.0%'}, {0: 'Percent of men who join fraternities', 1: '6.6%', 2: '9.5%'}, {0: 'Percent of women who join sororities', 1: '7.1%', 2: '10.0%'}, {0: 'Percent who live in college-owned, -operated, or -\naffiliated housing', 1: '94.7%', 2: '47.7%'}, {0: 'Percent who live off campus or commute', 1: '5.3%', 2: '52.3%'}, {0: 'Percent of students age 25 and older', 1: '0.2%', 2: '2.4%'}, {0: 'Average age of full-time students', 1: '18', 2: '20'}, {0: 'Average age of all students (full- and part-time)', 1: '18', 2: '20'}]]","<table> <tr> <td> </td> <td> First-time, year students first- </td> <td> Undergraduates </td> </tr> <tr> <td> Percent who are from out of state (exclude <br/> international/nonresidents from the numerator and <br/> denominator) </td> <td> 24.0% </td> <td> 22.0% </td> </tr> <tr> <td> Percent of men who join fraternities </td> <td> 6.6% </td> <td> 9.5% </td> </tr> <tr> <td> Percent of women who join sororities </td> <td> 7.1% </td> <td> 10.0% </td> </tr> <tr> <td> Percent who live in college-owned, -operated, or - <br/> affiliated housing </td> <td> 94.7% </td> <td> 47.7% </td> </tr> <tr> <td> Percent who live off campus or commute </td> <td> 5.3% </td> <td> 52.3% </td> </tr> <tr> <td> Percent of students age 25 and older </td> <td> 0.2% </td> <td> 2.4% </td> </tr> <tr> <td> Average age of full-time students </td> <td> 18 </td> <td> 20 </td> </tr> <tr> <td> Average age of all students (full- and part-time) </td> <td> 18 </td> <td> 20 </td> </tr> </table>",171128,../data/cds-docs/2022-2023/171128.pdf,2022-2023
F,3,F3,ROTC (program offered in cooperation with Reserve Officers' Training Corps),"[[{0: '', 1: '(for Marine Naval Option ROTC)', 2: 'On Campus', 3: 'At Cooperating Institution', 4: 'Name of\nCooperating Institution'}, {0: 'Army ROTC is offered:', 1: '', 2: 'X', 3: '', 4: ''}, {0: 'Naval ROTC is offered:', 1: '', 2: '', 3: '', 4: ''}, {0: 'Air Force ROTC is offered:', 1: '', 2: 'X', 3: '', 4: ''}]]",<table> <tr> <td> </td> <td> (for Marine Naval Option ROTC) </td> <td> On Campus </td> <td> At Cooperating Institution </td> <td> Name of <br/> Cooperating Institution </td> </tr> <tr> <td> Army ROTC is offered: </td> <td> </td> <td> X </td> <td> </td> <td> </td> </tr> <tr> <td> Naval ROTC is offered: </td> <td> </td> <td> </td> <td> </td> <td> </td> </tr> <tr> <td> Air Force ROTC is offered: </td> <td> </td> <td> X </td> <td> </td> <td> </td> </tr> </table>,171128,../data/cds-docs/2022-2023/171128.pdf,2022-2023
G,1,G1,First-Year Undergraduates,"[[{0: '', 1: 'First-Year', 2: 'Undergraduates'}, {0: 'PRIVATE INSTITUTIONS', 1: '', 2: ''}, {0: 'Tuition:', 1: '', 2: ''}, {0: 'PUBLIC INSTITUTIONS', 1: '', 2: ''}, {0: 'Tuition: In-district', 1: '$18,074', 2: '$18,074'}, {0: 'Tuition: In-state (out-of-district):', 1: '$18,074', 2: '$18,074'}, {0: 'Tuition: Out-of-state:', 1: '$41,022', 2: '$41,022'}, {0: 'Tuition: Non-resident', 1: '$41,022', 2: '$41,022'}, {0: 'FOR ALL INSTITUTIONS', 1: 'FOR ALL INSTITUTIONS', 2: 'FOR ALL INSTITUTIONS'}, {0: 'Required Fees', 1: '$318', 2: '$318'}, {0: 'Room and Board (on-campus):', 1: '$12,774', 2: '$12,774'}, {0: 'Room Only (on-campus):', 1: '$7,225', 2: '$7,225'}, {0: 'Board Only (on-campus meal plan):', 1: '$5,549', 2: '$5,549'}]]","<table> <tr> <td> </td> <td> First-Year </td> <td> Undergraduates </td> </tr> <tr> <td> PRIVATE INSTITUTIONS </td> <td> </td> <td> </td> </tr> <tr> <td> Tuition: </td> <td> </td> <td> </td> </tr> <tr> <td> PUBLIC INSTITUTIONS </td> <td> </td> <td> </td> </tr> <tr> <td> Tuition: In-district </td> <td> $18,074 </td> <td> $18,074 </td> </tr> <tr> <td> Tuition: In-state (out-of-district): </td> <td> $18,074 </td> <td> $18,074 </td> </tr> <tr> <td> Tuition: Out-of-state: </td> <td> $41,022 </td> <td> $41,022 </td> </tr> <tr> <td> Tuition: Non-resident </td> <td> $41,022 </td> <td> $41,022 </td> </tr> <tr> <td colspan=""3""> FOR ALL INSTITUTIONS </td> </tr> <tr> <td> Required Fees </td> <td> $318 </td> <td> $318 </td> </tr> <tr> <td> Room and Board (on-campus): </td> <td> $12,774 </td> <td> $12,774 </td> </tr> <tr> <td> Room Only (on-campus): </td> <td> $7,225 </td> <td> $7,225 </td> </tr> <tr> <td> Board Only (on-campus meal plan): </td> <td> $5,549 </td> <td> $5,549 </td> </tr> </table>",171128,../data/cds-docs/2022-2023/171128.pdf,2022-2023
G,5,G5,Provide the estimated expenses for a typical full-time undergraduate student:,"[[{0: '', 1: 'Residents', 2: 'Commuters', 3: 'Commuters'}, {0: 'Books and supplies:', 1: '$1,200', 2: '$1,200', 3: '$1,200'}, {0: 'Room only:', 1: '', 2: '', 3: '$7,225'}, {0: 'Board only:', 1: '', 2: '$5,549', 3: '$5,549'}, {0: 'Room and board total*', 1: '', 2: '', 3: ''}, {0: 'Transportation:', 1: '$1,100', 2: '$1,100', 3: '$1,100'}, {0: 'Other expenses:', 1: '$1,292', 2: '$1,292', 3: '$1,292'}]]","<table> <tr> <td> </td> <td> Residents </td> <td> Commuters </td> <td> Commuters </td> </tr> <tr> <td> Books and supplies: </td> <td> $1,200 </td> <td> $1,200 </td> <td> $1,200 </td> </tr> <tr> <td> Room only: </td> <td> </td> <td> </td> <td> $7,225 </td> </tr> <tr> <td> Board only: </td> <td> </td> <td> $5,549 </td> <td> $5,549 </td> </tr> <tr> <td> Room and board total* </td> <td> </td> <td> </td> <td> </td> </tr> <tr> <td> Transportation: </td> <td> $1,100 </td> <td> $1,100 </td> <td> $1,100 </td> </tr> <tr> <td> Other expenses: </td> <td> $1,292 </td> <td> $1,292 </td> <td> $1,292 </td> </tr> </table>",171128,../data/cds-docs/2022-2023/171128.pdf,2022-2023
G,6,G6,Undergraduate per-credit-hour charges (tuition only):,"[[{0: 'PRIVATE INSTITUTIONS:', 1: ''}, {0: 'PUBLIC INSTITUTIONS:', 1: ''}, {0: 'In-district:', 1: '$682.00'}, {0: 'In-state (out-of-district):', 1: '$682.00'}, {0: 'Out-of-state:', 1: '$1,519.00'}, {0: 'NONRESIDENTS:', 1: '$1,519.00'}]]","<table> <tr> <td> PRIVATE INSTITUTIONS: </td> <td> </td> </tr> <tr> <td> PUBLIC INSTITUTIONS: </td> <td> </td> </tr> <tr> <td> In-district: </td> <td> $682.00 </td> </tr> <tr> <td> In-state (out-of-district): </td> <td> $682.00 </td> </tr> <tr> <td> Out-of-state: </td> <td> $1,519.00 </td> </tr> <tr> <td> NONRESIDENTS: </td> <td> $1,519.00 </td> </tr> </table>",171128,../data/cds-docs/2022-2023/171128.pdf,2022-2023
H,2,H2,", A, and H6 below:","[[{0: '', 1: 'Need-based', 2: 'Non-need\ufffe'}, {0: 'Scholarships/Grants', 1: '', 2: ''}, {0: 'Federal', 1: '$5,212,070', 2: '$6,745'}, {0: 'State all states, not only the state in which your institution is located', 1: '$3,336,986', 2: '$65,491'}, {0: 'Institutional: Endowed scholarships, annual gifts and tuition funded\ngrants, awarded by the college, excluding athletic aid and tuition\nwaivers (which are reported below).', 1: '$38,460,513', 2: '$16,120,454'}, {0: 'Scholarships/grants from external sources (e.g. Kiwanis, National\nMerit) not awarded by the college', 1: '$1,999,264', 2: '$1,606,952'}, {0: 'Total Scholarships/Grants', 1: '$49,008,833', 2: '$17,799,642'}, {0: 'Self-Help', 1: '', 2: ''}, {0: 'Student loans from all sources (excluding parent loans)', 1: '$24,566,350', 2: '$10,127,280'}, {0: 'Federal Work-Study', 1: '$413,841', 2: ''}, {0: 'State and other (e.g., institutional) work-study/employment (Note:\nExcludes Federal Work-Study captured above.)', 1: 'N/A', 2: 'N/A'}, {0: 'Total Self-Help', 1: '$24,980,191', 2: '$10,127,280'}, {0: 'Parent Loans', 1: '$4,835,436', 2: '$1,445,312'}, {0: 'Tuition Waivers\nNote: Reporting is optional. Report tuition waivers in this row if you\nchoose to report them. Do not report tuition waivers elsewhere.', 1: 'N/A', 2: 'N/A'}, {0: 'Athletic Awards', 1: '$1,058,957', 2: '$2,925,252'}], [{0: '', 1: '', 2: 'Full-time\nFirst-time\nFirst-year', 3: 'Full-time\nUndergrad\n(Incl. Fresh)', 4: 'Less Than\nFull-time\nUndergrad'}, {0: 'A', 1: 'Number of degree-seeking undergraduate students\n(CDS Item B1 if reporting on Fall 2022 cohort)', 2: '1,381', 3: '5,413', 4: '230'}, {0: 'B', 1: 'Number of students in line a who applied for need-\nbased financial aid', 2: '1,297', 3: '4,256', 4: '132'}, {0: 'C', 1: 'Number of students in line b who were determined to\nhave financial need', 2: '830', 3: '3,062', 4: '96'}, {0: 'D', 1: 'Number of students in line c who were awarded any\nfinancial aid', 2: '829', 3: '3,054', 4: '91'}, {0: 'E', 1: 'Number of students in line d who were awarded any\nneed-based scholarship or grant aid', 2: '669', 3: '2,325', 4: '63'}, {0: 'F', 1: 'Number of students in line d who were awarded any\nneed-based self-help aid', 2: '539', 3: '2,237', 4: '68'}, {0: 'G', 1: 'Number of students in line d who were awarded any\nnon-need-based scholarship or grant aid', 2: '813', 3: '2,773', 4: '63'}, {0: 'H', 1: 'Number of students in line d whose need was fully met\n(exclude PLUS loans, unsubsidized loans, and private\nalternative loans)', 2: '365', 3: '910', 4: '12'}, {0: 'I', 1: 'On average, the percentage of need that was met of\nstudents who were awarded any need-based aid.\nExclude any aid that was awarded in excess of need\nas well as any resources that were awarded to replace\nEFC (PLUS loans, unsubsidized loans, and private\nalternative loans)', 2: '89.6%', 3: '78.8%', 4: '58.8%'}, {0: 'J', 1: 'The average financial aid package of those in line d.\nExclude EFC (PLUS any loans, resources unsubsidized that were loans, awarded and to private replace\nalternative loans)', 2: '$ 22,550', 3: '$ 19,504', 4: '$ 10,470'}, {0: 'K', 1: 'Average need-based scholarship and grant award of\nthose in line e', 2: '$ 9,382', 3: '$ 8,808', 4: '$ 4,883'}, {0: 'L', 1: 'Average need-based self-help award (excluding PLUS\nloans, unsubsidized loans, and private alternative\nloans) of those in line f', 2: '$ 3,102', 3: '$ 4,303', 4: '$ 4,451'}, {0: 'M', 1: 'Average need-based loan (excluding PLUS loans,\nunsubsidized loans, and private alternative loans) of\nthose in line f who were awarded a need-based loan', 2: '$ 2,988', 3: '$ 4,123', 4: '$ 4,296'}], [{0: '', 1: '', 2: 'Full-time\nFirst-time\nFirst-year', 3: 'Full-time\nUndergrad\n(Incl. Fresh.)', 4: 'Less Than\nFull-time\nUndergrad'}, {0: 'N', 1: 'Number of students in line a who had no financial\nneed and who were awarded institutional non-need\ufffe\nbased scholarship or grant aid (exclude those who\nwere awarded athletic awards and tuition benefits)', 2: '513', 3: '1,912', 4: '43'}, {0: 'O', 1: 'Average dollar amount of institutional non-need-based\nscholarship and grant aid awarded to students in line n', 2: '$ 9,058', 3: '$ 8,014', 4: '$ 4,058'}, {0: 'P', 1: 'Number of students in line a who were awarded an\ninstitutional non-need-based athletic scholarship or\ngrant', 2: '58', 3: '293', 4: '10'}, {0: 'Q', 1: 'Average dollar amount of institutional non-need-based\nathletic scholarships and grants awarded to students\nin line p', 2: '$ 13,911', 3: '$ 13,327', 4: '$ 9,134'}]]","<table> <tr> <td> </td> <td> Need-based </td> <td> Non-need￾ </td> </tr> <tr> <td> Scholarships/Grants </td> <td> </td> <td> </td> </tr> <tr> <td> Federal </td> <td> $5,212,070 </td> <td> $6,745 </td> </tr> <tr> <td> State all states, not only the state in which your institution is located </td> <td> $3,336,986 </td> <td> $65,491 </td> </tr> <tr> <td> Institutional: Endowed scholarships, annual gifts and tuition funded <br/> grants, awarded by the college, excluding athletic aid and tuition <br/> waivers (which are reported below). </td> <td> $38,460,513 </td> <td> $16,120,454 </td> </tr> <tr> <td> Scholarships/grants from external sources (e.g. Kiwanis, National <br/> Merit) not awarded by the college </td> <td> $1,999,264 </td> <td> $1,606,952 </td> </tr> <tr> <td> Total Scholarships/Grants </td> <td> $49,008,833 </td> <td> $17,799,642 </td> </tr> <tr> <td> Self-Help </td> <td> </td> <td> </td> </tr> <tr> <td> Student loans from all sources (excluding parent loans) </td> <td> $24,566,350 </td> <td> $10,127,280 </td> </tr> <tr> <td> Federal Work-Study </td> <td> $413,841 </td> <td> </td> </tr> <tr> <td> State and other (e.g., institutional) work-study/employment (Note: <br/> Excludes Federal Work-Study captured above.) </td> <td> N/A </td> <td> N/A </td> </tr> <tr> <td> Total Self-Help </td> <td> $24,980,191 </td> <td> $10,127,280 </td> </tr> <tr> <td> Parent Loans </td> <td> $4,835,436 </td> <td> $1,445,312 </td> </tr> <tr> <td> Tuition Waivers <br/> Note: Reporting is optional. Report tuition waivers in this row if you <br/> choose to report them. Do not report tuition waivers elsewhere. </td> <td> N/A </td> <td> N/A </td> </tr> <tr> <td> Athletic Awards </td> <td> $1,058,957 </td> <td> $2,925,252 </td> </tr> </table><div class=""separator""></div><table> <tr> <td> </td> <td> </td> <td> Full-time <br/> First-time <br/> First-year </td> <td> Full-time <br/> Undergrad <br/> (Incl. Fresh) </td> <td> Less Than <br/> Full-time <br/> Undergrad </td> </tr> <tr> <td> A </td> <td> Number of degree-seeking undergraduate students <br/> (CDS Item B1 if reporting on Fall 2022 cohort) </td> <td> 1,381 </td> <td> 5,413 </td> <td> 230 </td> </tr> <tr> <td> B </td> <td> Number of students in line a who applied for need- <br/> based financial aid </td> <td> 1,297 </td> <td> 4,256 </td> <td> 132 </td> </tr> <tr> <td> C </td> <td> Number of students in line b who were determined to <br/> have financial need </td> <td> 830 </td> <td> 3,062 </td> <td> 96 </td> </tr> <tr> <td> D </td> <td> Number of students in line c who were awarded any <br/> financial aid </td> <td> 829 </td> <td> 3,054 </td> <td> 91 </td> </tr> <tr> <td> E </td> <td> Number of students in line d who were awarded any <br/> need-based scholarship or grant aid </td> <td> 669 </td> <td> 2,325 </td> <td> 63 </td> </tr> <tr> <td> F </td> <td> Number of students in line d who were awarded any <br/> need-based self-help aid </td> <td> 539 </td> <td> 2,237 </td> <td> 68 </td> </tr> <tr> <td> G </td> <td> Number of students in line d who were awarded any <br/> non-need-based scholarship or grant aid </td> <td> 813 </td> <td> 2,773 </td> <td> 63 </td> </tr> <tr> <td> H </td> <td> Number of students in line d whose need was fully met <br/> (exclude PLUS loans, unsubsidized loans, and private <br/> alternative loans) </td> <td> 365 </td> <td> 910 </td> <td> 12 </td> </tr> <tr> <td> I </td> <td> On average, the percentage of need that was met of <br/> students who were awarded any need-based aid. <br/> Exclude any aid that was awarded in excess of need <br/> as well as any resources that were awarded to replace <br/> EFC (PLUS loans, unsubsidized loans, and private <br/> alternative loans) </td> <td> 89.6% </td> <td> 78.8% </td> <td> 58.8% </td> </tr> <tr> <td> J </td> <td> The average financial aid package of those in line d. <br/> Exclude EFC (PLUS any loans, resources unsubsidized that were loans, awarded and to private replace <br/> alternative loans) </td> <td> $ 22,550 </td> <td> $ 19,504 </td> <td> $ 10,470 </td> </tr> <tr> <td> K </td> <td> Average need-based scholarship and grant award of <br/> those in line e </td> <td> $ 9,382 </td> <td> $ 8,808 </td> <td> $ 4,883 </td> </tr> <tr> <td> L </td> <td> Average need-based self-help award (excluding PLUS <br/> loans, unsubsidized loans, and private alternative <br/> loans) of those in line f </td> <td> $ 3,102 </td> <td> $ 4,303 </td> <td> $ 4,451 </td> </tr> <tr> <td> M </td> <td> Average need-based loan (excluding PLUS loans, <br/> unsubsidized loans, and private alternative loans) of <br/> those in line f who were awarded a need-based loan </td> <td> $ 2,988 </td> <td> $ 4,123 </td> <td> $ 4,296 </td> </tr> </table><div class=""separator""></div><table> <tr> <td> </td> <td> </td> <td> Full-time <br/> First-time <br/> First-year </td> <td> Full-time <br/> Undergrad <br/> (Incl. Fresh.) </td> <td> Less Than <br/> Full-time <br/> Undergrad </td> </tr> <tr> <td> N </td> <td> Number of students in line a who had no financial <br/> need and who were awarded institutional non-need￾ <br/> based scholarship or grant aid (exclude those who <br/> were awarded athletic awards and tuition benefits) </td> <td> 513 </td> <td> 1,912 </td> <td> 43 </td> </tr> <tr> <td> O </td> <td> Average dollar amount of institutional non-need-based <br/> scholarship and grant aid awarded to students in line n </td> <td> $ 9,058 </td> <td> $ 8,014 </td> <td> $ 4,058 </td> </tr> <tr> <td> P </td> <td> Number of students in line a who were awarded an <br/> institutional non-need-based athletic scholarship or <br/> grant </td> <td> 58 </td> <td> 293 </td> <td> 10 </td> </tr> <tr> <td> Q </td> <td> Average dollar amount of institutional non-need-based <br/> athletic scholarships and grants awarded to students <br/> in line p </td> <td> $ 13,911 </td> <td> $ 13,327 </td> <td> $ 9,134 </td> </tr> </table>",171128,../data/cds-docs/2022-2023/171128.pdf,2022-2023
H,5,H5,"Number and percent of students in class (defined in H4 above) borrowing from federal, non-federal,","[[{0: 'Source/Type of Loan', 1: 'Source/Type of Loan', 2: 'who Number class in H4 borrowed (defined above) in the\nfrom the types\nspecified of loans in the\nfirst column', 3: 'borrowed Percent class above) (defined of who from the\nthe types of\nloans specified\nin column the first\n(nearest 1%)', 4: 'Average per\ufffe\nundergraduate- cumulative borrower principal\nborrowed from\nthe types of\nloans in the specified first\ncolumn\n(nearest $1)'}, {0: 'A', 1: 'Any loan program: Federal Perkins, Federal Stafford\nSubsidized and Unsubsidized, institutional, state,\nprivate loans that your institution is aware of, etc.\nInclude both Federal Direct Student Loans and\nFederal Family Education Loans.', 2: '638', 3: '65.8%', 4: '$36,513'}, {0: 'B', 1: 'Federal loan programs: Federal Perkins, Federal\nStafford Subsidized and Unsubsidized. Include both\nFederal Direct Student Loans and Federal Family\nEducation Loans.', 2: '626', 3: '64.5%', 4: '$21,796'}, {0: 'C', 1: 'Institutional loan programs.', 2: '10', 3: '1.0%', 4: '$5,444'}, {0: 'D', 1: 'State loan programs.', 2: '0', 3: 'N/A', 4: 'N/A'}, {0: 'E', 1: 'Private student loans made by a bank or lender.', 2: '212', 3: '21.9%', 4: '$45,265'}]]","<table> <tr> <td colspan=""2""> Source/Type of Loan </td> <td> who Number class in H4 borrowed (defined above) in the <br/> from the types <br/> specified of loans in the <br/> first column </td> <td> borrowed Percent class above) (defined of who from the <br/> the types of <br/> loans specified <br/> in column the first <br/> (nearest 1%) </td> <td> Average per￾ <br/> undergraduate- cumulative borrower principal <br/> borrowed from <br/> the types of <br/> loans in the specified first <br/> column <br/> (nearest $1) </td> </tr> <tr> <td> A </td> <td> Any loan program: Federal Perkins, Federal Stafford <br/> Subsidized and Unsubsidized, institutional, state, <br/> private loans that your institution is aware of, etc. <br/> Include both Federal Direct Student Loans and <br/> Federal Family Education Loans. </td> <td> 638 </td> <td> 65.8% </td> <td> $36,513 </td> </tr> <tr> <td> B </td> <td> Federal loan programs: Federal Perkins, Federal <br/> Stafford Subsidized and Unsubsidized. Include both <br/> Federal Direct Student Loans and Federal Family <br/> Education Loans. </td> <td> 626 </td> <td> 64.5% </td> <td> $21,796 </td> </tr> <tr> <td> C </td> <td> Institutional loan programs. </td> <td> 10 </td> <td> 1.0% </td> <td> $5,444 </td> </tr> <tr> <td> D </td> <td> State loan programs. </td> <td> 0 </td> <td> N/A </td> <td> N/A </td> </tr> <tr> <td> E </td> <td> Private student loans made by a bank or lender. </td> <td> 212 </td> <td> 21.9% </td> <td> $45,265 </td> </tr> </table>",171128,../data/cds-docs/2022-2023/171128.pdf,2022-2023
H,11,H11,Indicate reply dates:,"[[{0: 'Students must reply by (date):', 1: '1-May'}, {0: 'or within _______ weeks of notification.', 1: ''}]]",<table> <tr> <td> Students must reply by (date): </td> <td> 1-May </td> </tr> <tr> <td> or within _______ weeks of notification. </td> <td> </td> </tr> </table>,171128,../data/cds-docs/2022-2023/171128.pdf,2022-2023
H,14,H14,Check off criteria used in awarding institutional aid. Check all that apply.,"[[{0: '', 1: 'Non-Need Based', 2: 'Need-Based'}, {0: 'Academics', 1: 'X', 2: 'X'}, {0: 'Alumni affiliation', 1: 'X', 2: ''}, {0: 'Art', 1: 'X', 2: ''}, {0: 'Athletics', 1: 'X', 2: ''}, {0: 'Job skills', 1: 'X', 2: ''}, {0: 'ROTC', 1: 'X', 2: ''}, {0: 'Leadership', 1: 'X', 2: ''}, {0: 'Minority status', 1: '', 2: ''}, {0: 'Music/drama', 1: 'X', 2: ''}, {0: 'Religious affiliation', 1: '', 2: ''}, {0: 'State/district residency', 1: 'X', 2: 'X'}]]",<table> <tr> <td> </td> <td> Non-Need Based </td> <td> Need-Based </td> </tr> <tr> <td> Academics </td> <td> X </td> <td> X </td> </tr> <tr> <td> Alumni affiliation </td> <td> X </td> <td> </td> </tr> <tr> <td> Art </td> <td> X </td> <td> </td> </tr> <tr> <td> Athletics </td> <td> X </td> <td> </td> </tr> <tr> <td> Job skills </td> <td> X </td> <td> </td> </tr> <tr> <td> ROTC </td> <td> X </td> <td> </td> </tr> <tr> <td> Leadership </td> <td> X </td> <td> </td> </tr> <tr> <td> Minority status </td> <td> </td> <td> </td> </tr> <tr> <td> Music/drama </td> <td> X </td> <td> </td> </tr> <tr> <td> Religious affiliation </td> <td> </td> <td> </td> </tr> <tr> <td> State/district residency </td> <td> X </td> <td> X </td> </tr> </table>,171128,../data/cds-docs/2022-2023/171128.pdf,2022-2023
J,1,J1,"Degrees conferred between July 1, 2021 and June 30, 2022","[[{0: 'Category', 1: 'Category', 2: 'Category', 3: 'Diploma/Certificates', 4: 'Associate', 5: 'Bachelor’s', 6: 'CIP 2020 to Include Categories'}, {0: 'Agriculture', 1: 'Agriculture', 2: 'Agriculture', 3: '', 4: '', 5: '', 6: '01'}, {0: 'Natural resources and conservation', 1: 'Natural resources and conservation', 2: 'Natural resources and conservation', 3: '', 4: '', 5: '4.09%', 6: '03'}, {0: 'Architecture', 1: 'Architecture', 2: 'Architecture', 3: '', 4: '', 5: '', 6: '04'}, {0: 'Area, ethnic, and gender studies', 1: 'Area, ethnic, and gender studies', 2: 'Area, ethnic, and gender studies', 3: '', 4: '', 5: '', 6: '05'}, {0: 'Communication/journalism', 1: 'Communication/journalism', 2: 'Communication/journalism', 3: '', 4: '', 5: '1.00%', 6: '09'}, {0: 'Communication technologies', 1: 'Communication technologies', 2: 'Communication technologies', 3: '', 4: '', 5: '', 6: '10'}, {0: 'Computer and information sciences', 1: 'Computer and information sciences', 2: 'Computer and information sciences', 3: '', 4: '', 5: '8.93%', 6: '11'}, {0: 'Personal and culinary services', 1: 'Personal and culinary services', 2: 'Personal and culinary services', 3: '', 4: '', 5: '', 6: '12'}, {0: 'Education', 1: 'Education', 2: 'Education', 3: '33.33%', 4: '', 5: '', 6: '13'}, {0: '', 1: 'Engineering', 2: 'Engineering', 3: '66.67%', 4: '', 5: '63.11%', 6: '14'}, {0: '', 1: 'Engineering technologies', 2: 'Engineering technologies', 3: '', 4: '', 5: '5.51%', 6: '15'}, {0: 'Foreign languages, literatures, and linguistics', 1: 'Foreign languages, literatures, and linguistics', 2: 'Foreign languages, literatures, and linguistics', 3: '', 4: '', 5: '', 6: '16'}, {0: 'Family and consumer sciences', 1: 'Family and consumer sciences', 2: 'Family and consumer sciences', 3: '', 4: '', 5: '', 6: '19'}, {0: 'Law/legal studies', 1: 'Law/legal studies', 2: 'Law/legal studies', 3: '', 4: '', 5: '', 6: '22'}, {0: 'English', 1: 'English', 2: 'English', 3: '', 4: '', 5: '0.33%', 6: '23'}, {0: 'Liberal arts/general studies', 1: 'Liberal arts/general studies', 2: 'Liberal arts/general studies', 3: '', 4: '100.00%', 5: '', 6: '24'}, {0: 'Library science', 1: 'Library science', 2: 'Library science', 3: '', 4: '', 5: '', 6: '25'}, {0: '', 1: '', 2: 'sciences', 3: '', 4: '', 5: '2.34%', 6: '26'}, {0: 'Mathematics and statistics', 1: 'Mathematics and statistics', 2: 'Mathematics and statistics', 3: '', 4: '', 5: '2.59%', 6: '27'}, {0: 'Military science and military technologies', 1: 'Military science and military technologies', 2: 'Military science and military technologies', 3: '', 4: '', 5: '', 6: '28 & 29'}, {0: 'Interdisciplinary studies', 1: 'Interdisciplinary studies', 2: 'Interdisciplinary studies', 3: '', 4: '', 5: '0.75%', 6: '30'}, {0: 'Parks and recreation', 1: 'Parks and recreation', 2: 'Parks and recreation', 3: '', 4: '', 5: '1.75%', 6: '31'}, {0: 'Philosophy and religious studies', 1: 'Philosophy and religious studies', 2: 'Philosophy and religious studies', 3: '', 4: '', 5: '', 6: '38'}, {0: 'Theology and religious vocations', 1: 'Theology and religious vocations', 2: 'Theology and religious vocations', 3: '', 4: '', 5: '', 6: '39'}, {0: 'Physical sciences', 1: 'Physical sciences', 2: 'Physical sciences', 3: '', 4: '', 5: '2.34%', 6: '40'}, {0: 'Science technologies', 1: 'Science technologies', 2: 'Science technologies', 3: '', 4: '', 5: '', 6: '41'}, {0: 'Psychology', 1: 'Psychology', 2: 'Psychology', 3: '', 4: '', 5: '0.33%', 6: '42'}, {0: 'Homeland Security, law enforcement, firefighting,', 1: 'Homeland Security, law enforcement, firefighting,', 2: 'Homeland Security, law enforcement, firefighting,', 3: '', 4: '', 5: '', 6: '43'}, {0: 'Public administration and social services', 1: 'Public administration and social services', 2: 'Public administration and social services', 3: '', 4: '', 5: '', 6: '44'}, {0: 'Social sciences', 1: 'Social sciences', 2: 'Social sciences', 3: '', 4: '', 5: '0.42%', 6: '45'}, {0: 'Construction trades', 1: 'Construction trades', 2: 'Construction trades', 3: '', 4: '', 5: '', 6: '46'}, {0: 'Mechanic and repair technologies', 1: 'Mechanic and repair technologies', 2: 'Mechanic and repair technologies', 3: '', 4: '', 5: '', 6: '47'}, {0: 'Precision production', 1: 'Precision production', 2: 'Precision production', 3: '', 4: '', 5: '', 6: '48'}, {0: 'Transportation and materials moving', 1: 'Transportation and materials moving', 2: 'Transportation and materials moving', 3: '', 4: '', 5: '', 6: '49'}, {0: 'Visual and performing arts', 1: 'Visual and performing arts', 2: 'Visual and performing arts', 3: '', 4: '', 5: '0.42%', 6: '50'}, {0: 'Health professions and related programs', 1: 'Health professions and related programs', 2: 'Health professions and related programs', 3: '', 4: '', 5: '1.25%', 6: '51'}, {0: 'Business/marketing', 1: 'Business/marketing', 2: 'Business/marketing', 3: '', 4: '', 5: '4.84%', 6: '52'}, {0: 'History', 1: 'History', 2: 'History', 3: '', 4: '', 5: '', 6: '54'}, {0: 'Other', 1: 'Other', 2: 'Other', 3: '', 4: '', 5: '', 6: ''}, {0: 'TOTAL (should = 100%)', 1: 'TOTAL (should = 100%)', 2: 'TOTAL (should = 100%)', 3: '100.00%', 4: '100.00%', 5: '100.00%', 6: ''}]]","<table> <tr> <td colspan=""3""> Category </td> <td> Diploma/Certificates </td> <td> Associate </td> <td> Bachelor’s </td> <td> CIP 2020 to Include Categories </td> </tr> <tr> <td colspan=""3""> Agriculture </td> <td> </td> <td> </td> <td> </td> <td> 01 </td> </tr> <tr> <td colspan=""3""> Natural resources and conservation </td> <td> </td> <td> </td> <td> 4.09% </td> <td> 03 </td> </tr> <tr> <td colspan=""3""> Architecture </td> <td> </td> <td> </td> <td> </td> <td> 04 </td> </tr> <tr> <td colspan=""3""> Area, ethnic, and gender studies </td> <td> </td> <td> </td> <td> </td> <td> 05 </td> </tr> <tr> <td colspan=""3""> Communication/journalism </td> <td> </td> <td> </td> <td> 1.00% </td> <td> 09 </td> </tr> <tr> <td colspan=""3""> Communication technologies </td> <td> </td> <td> </td> <td> </td> <td> 10 </td> </tr> <tr> <td colspan=""3""> Computer and information sciences </td> <td> </td> <td> </td> <td> 8.93% </td> <td> 11 </td> </tr> <tr> <td colspan=""3""> Personal and culinary services </td> <td> </td> <td> </td> <td> </td> <td> 12 </td> </tr> <tr> <td colspan=""3""> Education </td> <td> 33.33% </td> <td> </td> <td> </td> <td> 13 </td> </tr> <tr> <td> </td> <td colspan=""2""> Engineering </td> <td> 66.67% </td> <td> </td> <td> 63.11% </td> <td> 14 </td> </tr> <tr> <td> </td> <td colspan=""2""> Engineering technologies </td> <td> </td> <td> </td> <td> 5.51% </td> <td> 15 </td> </tr> <tr> <td colspan=""3""> Foreign languages, literatures, and linguistics </td> <td> </td> <td> </td> <td> </td> <td> 16 </td> </tr> <tr> <td colspan=""3""> Family and consumer sciences </td> <td> </td> <td> </td> <td> </td> <td> 19 </td> </tr> <tr> <td colspan=""3""> Law/legal studies </td> <td> </td> <td> </td> <td> </td> <td> 22 </td> </tr> <tr> <td colspan=""3""> English </td> <td> </td> <td> </td> <td> 0.33% </td> <td> 23 </td> </tr> <tr> <td colspan=""3""> Liberal arts/general studies </td> <td> </td> <td> 100.00% </td> <td> </td> <td> 24 </td> </tr> <tr> <td colspan=""3""> Library science </td> <td> </td> <td> </td> <td> </td> <td> 25 </td> </tr> <tr> <td colspan=""2""> </td> <td> sciences </td> <td> </td> <td> </td> <td> 2.34% </td> <td> 26 </td> </tr> <tr> <td colspan=""3""> Mathematics and statistics </td> <td> </td> <td> </td> <td> 2.59% </td> <td> 27 </td> </tr> <tr> <td colspan=""3""> Military science and military technologies </td> <td> </td> <td> </td> <td> </td> <td> 28 &amp; 29 </td> </tr> <tr> <td colspan=""3""> Interdisciplinary studies </td> <td> </td> <td> </td> <td> 0.75% </td> <td> 30 </td> </tr> <tr> <td colspan=""3""> Parks and recreation </td> <td> </td> <td> </td> <td> 1.75% </td> <td> 31 </td> </tr> <tr> <td colspan=""3""> Philosophy and religious studies </td> <td> </td> <td> </td> <td> </td> <td> 38 </td> </tr> <tr> <td colspan=""3""> Theology and religious vocations </td> <td> </td> <td> </td> <td> </td> <td> 39 </td> </tr> <tr> <td colspan=""3""> Physical sciences </td> <td> </td> <td> </td> <td> 2.34% </td> <td> 40 </td> </tr> <tr> <td colspan=""3""> Science technologies </td> <td> </td> <td> </td> <td> </td> <td> 41 </td> </tr> <tr> <td colspan=""3""> Psychology </td> <td> </td> <td> </td> <td> 0.33% </td> <td> 42 </td> </tr> <tr> <td colspan=""3""> Homeland Security, law enforcement, firefighting, </td> <td> </td> <td> </td> <td> </td> <td> 43 </td> </tr> <tr> <td colspan=""3""> Public administration and social services </td> <td> </td> <td> </td> <td> </td> <td> 44 </td> </tr> <tr> <td colspan=""3""> Social sciences </td> <td> </td> <td> </td> <td> 0.42% </td> <td> 45 </td> </tr> <tr> <td colspan=""3""> Construction trades </td> <td> </td> <td> </td> <td> </td> <td> 46 </td> </tr> <tr> <td colspan=""3""> Mechanic and repair technologies </td> <td> </td> <td> </td> <td> </td> <td> 47 </td> </tr> <tr> <td colspan=""3""> Precision production </td> <td> </td> <td> </td> <td> </td> <td> 48 </td> </tr> <tr> <td colspan=""3""> Transportation and materials moving </td> <td> </td> <td> </td> <td> </td> <td> 49 </td> </tr> <tr> <td colspan=""3""> Visual and performing arts </td> <td> </td> <td> </td> <td> 0.42% </td> <td> 50 </td> </tr> <tr> <td colspan=""3""> Health professions and related programs </td> <td> </td> <td> </td> <td> 1.25% </td> <td> 51 </td> </tr> <tr> <td colspan=""3""> Business/marketing </td> <td> </td> <td> </td> <td> 4.84% </td> <td> 52 </td> </tr> <tr> <td colspan=""3""> History </td> <td> </td> <td> </td> <td> </td> <td> 54 </td> </tr> <tr> <td colspan=""3""> Other </td> <td> </td> <td> </td> <td> </td> <td> </td> </tr> <tr> <td colspan=""3""> TOTAL (should = 100%) </td> <td> 100.00% </td> <td> 100.00% </td> <td> 100.00% </td> <td> </td> </tr> </table>",171128,../data/cds-docs/2022-2023/171128.pdf,2022-2023
A,0,A0,Respondent Information (Not for Publication),"[[{0: 'Richard Elenich', 1: 'Richard Elenich'}, {0: 'Executive Director', 1: 'Executive Director'}, {0: 'Office of Institutional Research', 1: 'Office of Institutional Research'}, {0: '1400 Townsend Drive', 1: '1400 Townsend Drive'}, {0: 'Houghton, MI 49931', 1: 'Houghton, MI 49931'}, {0: '(906)', 1: '487-2763'}, {0: '(906)', 1: '487-3328'}, {0: 'rjelenich@mtu.edu', 1: 'rjelenich@mtu.edu'}]]","<table> <tr> <td colspan=""2""> Richard Elenich </td> </tr> <tr> <td colspan=""2""> Executive Director </td> </tr> <tr> <td colspan=""2""> Office of Institutional Research </td> </tr> <tr> <td colspan=""2""> 1400 Townsend Drive </td> </tr> <tr> <td colspan=""2""> Houghton, MI 49931 </td> </tr> <tr> <td> (906) </td> <td> 487-2763 </td> </tr> <tr> <td> (906) </td> <td> 487-3328 </td> </tr> <tr> <td colspan=""2""> rjelenich@mtu.edu </td> </tr> </table>",171128,../data/cds-docs/2021-2022/171128.pdf,2021-2022
A,1,A1,Address Information,"[[{0: 'Michigan Technological University', 1: 'Michigan Technological University'}, {0: '1400 Townsend Drive', 1: '1400 Townsend Drive'}, {0: 'Houghton, MI 49931', 1: 'Houghton, MI 49931'}, {0: '(906) 487-1885', 1: '(906) 487-1885'}, {0: 'http://www.mtu.edu', 1: 'http://www.mtu.edu'}, {0: '(906) 487-2335', 1: '(906) 487-2335'}, {0: '1-888-MTU-1885', 1: '1-888-MTU-1885'}, {0: '1400 Townsend Drive', 1: '1400 Townsend Drive'}, {0: 'Houghton, MI 49931', 1: 'Houghton, MI 49931'}, {0: '(906)', 1: '487-2125'}, {0: 'mtu4u@mtu.edu', 1: 'mtu4u@mtu.edu'}]]","<table> <tr> <td colspan=""2""> Michigan Technological University </td> </tr> <tr> <td colspan=""2""> 1400 Townsend Drive </td> </tr> <tr> <td colspan=""2""> Houghton, MI 49931 </td> </tr> <tr> <td colspan=""2""> (906) 487-1885 </td> </tr> <tr> <td colspan=""2""> http://www.mtu.edu </td> </tr> <tr> <td colspan=""2""> (906) 487-2335 </td> </tr> <tr> <td colspan=""2""> 1-888-MTU-1885 </td> </tr> <tr> <td colspan=""2""> 1400 Townsend Drive </td> </tr> <tr> <td colspan=""2""> Houghton, MI 49931 </td> </tr> <tr> <td> (906) </td> <td> 487-2125 </td> </tr> <tr> <td colspan=""2""> mtu4u@mtu.edu </td> </tr> </table>",171128,../data/cds-docs/2021-2022/171128.pdf,2021-2022
B,1,B1,Institutional Enrollment - Men and Women,"[[{0: '', 1: 'FULL-TIME', 2: 'FULL-TIME', 3: 'PART-TIME', 4: 'PART-TIME'}, {0: '', 1: 'Men\nWomen', 2: 'Men\nWomen', 3: 'Men\nWomen', 4: 'Men\nWomen'}, {0: 'Undergraduates', 1: 'Undergraduates', 2: 'Undergraduates', 3: 'Undergraduates', 4: 'Undergraduates'}, {0: 'Degree-seeking, first-time\nfreshmen', 1: '1,061', 2: '414', 3: '4', 4: '0'}, {0: 'Other first-year, degree-seeking', 1: '168', 2: '54', 3: '8', 4: '3'}, {0: 'All other degree-seeking', 1: '2,649', 2: '1,125', 3: '160', 4: '56'}, {0: 'Total degree-seeking', 1: '3,878', 2: '1,593', 3: '172', 4: '59'}, {0: 'All other undergraduates\nenrolled in credit courses', 1: '0', 2: '0', 3: '37', 4: '39'}, {0: 'Total undergraduates', 1: '3,878', 2: '1,593', 3: '209', 4: '98'}, {0: 'Graduate', 1: 'Graduate', 2: 'Graduate', 3: 'Graduate', 4: 'Graduate'}, {0: 'Degree-seeking, first-time', 1: '267', 2: '91', 3: '48', 4: '17'}, {0: 'All other degree-seeking', 1: '320', 2: '172', 3: '215', 4: '89'}, {0: 'All other graduates enrolled in\ncredit courses', 1: '0', 2: '0', 3: '9', 4: '3'}, {0: 'Total graduate', 1: '587', 2: '263', 3: '272', 4: '109'}, {0: 'Total all students', 1: '4,465', 2: '1,856', 3: '481', 4: '207'}]]","<table> <tr> <td rowspan=""2""> </td> <td colspan=""2""> FULL-TIME </td> <td colspan=""2""> PART-TIME </td> </tr> <tr> <td colspan=""2""> Men <br/> Women </td> <td colspan=""2""> Men <br/> Women </td> </tr> <tr> <td colspan=""5""> Undergraduates </td> </tr> <tr> <td> Degree-seeking, first-time <br/> freshmen </td> <td> 1,061 </td> <td> 414 </td> <td> 4 </td> <td> 0 </td> </tr> <tr> <td> Other first-year, degree-seeking </td> <td> 168 </td> <td> 54 </td> <td> 8 </td> <td> 3 </td> </tr> <tr> <td> All other degree-seeking </td> <td> 2,649 </td> <td> 1,125 </td> <td> 160 </td> <td> 56 </td> </tr> <tr> <td> Total degree-seeking </td> <td> 3,878 </td> <td> 1,593 </td> <td> 172 </td> <td> 59 </td> </tr> <tr> <td> All other undergraduates <br/> enrolled in credit courses </td> <td> 0 </td> <td> 0 </td> <td> 37 </td> <td> 39 </td> </tr> <tr> <td> Total undergraduates </td> <td> 3,878 </td> <td> 1,593 </td> <td> 209 </td> <td> 98 </td> </tr> <tr> <td colspan=""5""> Graduate </td> </tr> <tr> <td> Degree-seeking, first-time </td> <td> 267 </td> <td> 91 </td> <td> 48 </td> <td> 17 </td> </tr> <tr> <td> All other degree-seeking </td> <td> 320 </td> <td> 172 </td> <td> 215 </td> <td> 89 </td> </tr> <tr> <td> All other graduates enrolled in <br/> credit courses </td> <td> 0 </td> <td> 0 </td> <td> 9 </td> <td> 3 </td> </tr> <tr> <td> Total graduate </td> <td> 587 </td> <td> 263 </td> <td> 272 </td> <td> 109 </td> </tr> <tr> <td> Total all students </td> <td> 4,465 </td> <td> 1,856 </td> <td> 481 </td> <td> 207 </td> </tr> </table>",171128,../data/cds-docs/2021-2022/171128.pdf,2021-2022
B,2,B2,Enrollment by Racial/Ethnic Category.,"[[{0: '', 1: 'Degree-Seeking\nFirst-Time\nFirst Year', 2: 'Degree-Seeking\nUndergraduates\n(include first-time\nfirst-year)', 3: 'Total\nUndergraduates\n(both degree- and\nnon-degree-seeking)'}, {0: 'Nonresident aliens', 1: '6', 2: '47', 3: '53'}, {0: 'Hispanic/Latino', 1: '57', 2: '161', 3: '170'}, {0: 'Black or African American, non-Hispanic', 1: '21', 2: '62', 3: '62'}, {0: 'White, non-Hispanic', 1: '1,224', 2: '4,904', 3: '4,946'}, {0: 'American Indian or Alaska Native, non-Hispanic', 1: '5', 2: '20', 3: '21'}, {0: 'Asian, non-Hispanic', 1: '31', 2: '122', 3: '131'}, {0: 'Native Hawaiian or other Pacific Islander, non\ufffe\nHispanic', 1: '0', 2: '2', 3: '2'}, {0: 'Two or more races, non-Hispanic', 1: '49', 2: '216', 3: '216'}, {0: 'Race and/or ethnicity unknown', 1: '86', 2: '168', 3: '177'}, {0: 'TOTAL', 1: '1,479', 2: '5,702', 3: '5,778'}]]","<table> <tr> <td> </td> <td> Degree-Seeking <br/> First-Time <br/> First Year </td> <td> Degree-Seeking <br/> Undergraduates <br/> (include first-time <br/> first-year) </td> <td> Total <br/> Undergraduates <br/> (both degree- and <br/> non-degree-seeking) </td> </tr> <tr> <td> Nonresident aliens </td> <td> 6 </td> <td> 47 </td> <td> 53 </td> </tr> <tr> <td> Hispanic/Latino </td> <td> 57 </td> <td> 161 </td> <td> 170 </td> </tr> <tr> <td> Black or African American, non-Hispanic </td> <td> 21 </td> <td> 62 </td> <td> 62 </td> </tr> <tr> <td> White, non-Hispanic </td> <td> 1,224 </td> <td> 4,904 </td> <td> 4,946 </td> </tr> <tr> <td> American Indian or Alaska Native, non-Hispanic </td> <td> 5 </td> <td> 20 </td> <td> 21 </td> </tr> <tr> <td> Asian, non-Hispanic </td> <td> 31 </td> <td> 122 </td> <td> 131 </td> </tr> <tr> <td> Native Hawaiian or other Pacific Islander, non￾ <br/> Hispanic </td> <td> 0 </td> <td> 2 </td> <td> 2 </td> </tr> <tr> <td> Two or more races, non-Hispanic </td> <td> 49 </td> <td> 216 </td> <td> 216 </td> </tr> <tr> <td> Race and/or ethnicity unknown </td> <td> 86 </td> <td> 168 </td> <td> 177 </td> </tr> <tr> <td> TOTAL </td> <td> 1,479 </td> <td> 5,702 </td> <td> 5,778 </td> </tr> </table>",171128,../data/cds-docs/2021-2022/171128.pdf,2021-2022
B,4,B4,-B21: Graduation Rates,"[[{0: '', 1: 'Recipients of a\nFederal Grant Pell', 2: 'Recipients of a\nSubsidized\nStafford Loan who\ndid not receive a\nPell Grant', 3: 'Students who did\nnot receive either a\nPell Grant or a\nsubsidized\nStafford Loan', 4: 'Total\n(sum of 3 columns\nto the left)'}, {0: ""Initial 2015 cohort of first-time, full\ufffe\ntime, bachelor's (or equivalent)\ndegree-seeking undergraduate\nstudents"", 1: '335', 2: '318', 3: '623', 4: '1,276'}, {0: 'Of the initial 2015 cohort, how many\ndid not persist and did not graduate\nfor the following reasons:\n• Deceased\n• Permanently Disabled\n• Armed Forces\n• Foreign Aid Service of the Federal\nGovernment\n• Official church missions\n• Report Total Allowable Exclusions', 1: '0', 2: '0', 3: '1', 4: '1'}, {0: 'Final 2015 cohort, after adjusting for\nallowable exclusions', 1: '335', 2: '318', 3: '622', 4: '1,275'}, {0: 'Of the initial 2015 cohort, how many\ncompleted the program in four years\nor less (by Aug. 31, 2019)', 1: '102', 2: '99', 3: '230', 4: '431'}, {0: 'Of the initial 2015 cohort, how many\ncompleted the program in more than\nfour years but in five years or less\n(after Aug. 31, 2019 and by Aug. 31,\n2020)', 1: '95', 2: '90', 3: '197', 4: '382'}, {0: 'Of the initial 2015 cohort, how many\ncompleted the program in more than\nfive years but in six years or less\n(after Aug. 31, 2020 and by Aug. 31,\n2021)', 1: '16', 2: '18', 3: '34', 4: '68'}, {0: 'Total graduating within six years (sum\nof lines D, E, and F)', 1: '213', 2: '207', 3: '461', 4: '881'}]]","<table> <tr> <td> </td> <td> Recipients of a <br/> Federal Grant Pell </td> <td> Recipients of a <br/> Subsidized <br/> Stafford Loan who <br/> did not receive a <br/> Pell Grant </td> <td> Students who did <br/> not receive either a <br/> Pell Grant or a <br/> subsidized <br/> Stafford Loan </td> <td> Total <br/> (sum of 3 columns <br/> to the left) </td> </tr> <tr> <td> Initial 2015 cohort of first-time, full￾ <br/> time, bachelor's (or equivalent) <br/> degree-seeking undergraduate <br/> students </td> <td> 335 </td> <td> 318 </td> <td> 623 </td> <td> 1,276 </td> </tr> <tr> <td> Of the initial 2015 cohort, how many <br/> did not persist and did not graduate <br/> for the following reasons: <br/> • Deceased <br/> • Permanently Disabled <br/> • Armed Forces <br/> • Foreign Aid Service of the Federal <br/> Government <br/> • Official church missions <br/> • Report Total Allowable Exclusions </td> <td> 0 </td> <td> 0 </td> <td> 1 </td> <td> 1 </td> </tr> <tr> <td> Final 2015 cohort, after adjusting for <br/> allowable exclusions </td> <td> 335 </td> <td> 318 </td> <td> 622 </td> <td> 1,275 </td> </tr> <tr> <td> Of the initial 2015 cohort, how many <br/> completed the program in four years <br/> or less (by Aug. 31, 2019) </td> <td> 102 </td> <td> 99 </td> <td> 230 </td> <td> 431 </td> </tr> <tr> <td> Of the initial 2015 cohort, how many <br/> completed the program in more than <br/> four years but in five years or less <br/> (after Aug. 31, 2019 and by Aug. 31, <br/> 2020) </td> <td> 95 </td> <td> 90 </td> <td> 197 </td> <td> 382 </td> </tr> <tr> <td> Of the initial 2015 cohort, how many <br/> completed the program in more than <br/> five years but in six years or less <br/> (after Aug. 31, 2020 and by Aug. 31, <br/> 2021) </td> <td> 16 </td> <td> 18 </td> <td> 34 </td> <td> 68 </td> </tr> <tr> <td> Total graduating within six years (sum <br/> of lines D, E, and F) </td> <td> 213 </td> <td> 207 </td> <td> 461 </td> <td> 881 </td> </tr> </table>",171128,../data/cds-docs/2021-2022/171128.pdf,2021-2022
C,1,C1,"First-time, first-year (freshman) students: Provide the number of degree-seeking, first-time, first-year","[[{0: 'Total full-time, first-time, first-year (freshman) men who enrolled', 1: '1,061'}, {0: 'Total part-time, first-time, first-year (freshman) men who enrolled', 1: '4'}], [{0: 'Total full-time, first-time, first-year (freshman) women who enrolled', 1: '414'}, {0: 'Total part-time, first-time, first-year (freshman) women who enrolled', 1: '-'}], [{0: 'Total first-time, first-year (degree-seeking) who applied', 1: 'Total first-time, first-year (degree-seeking) who applied', 2: 'Total first-time, first-year (degree-seeking) who applied', 3: '8,041'}, {0: 'Total first-time, first-year (degree-seeking) who were admitted', 1: 'Total first-time, first-year (degree-seeking) who were admitted', 2: 'Total first-time, first-year (degree-seeking) who were admitted', 3: '6,895'}, {0: 'Total first-time, first-year', 1: '(degree-seeking)', 2: 'who enrolled', 3: '1,479'}]]","<table> <tr> <td> Total full-time, first-time, first-year (freshman) men who enrolled </td> <td> 1,061 </td> </tr> <tr> <td> Total part-time, first-time, first-year (freshman) men who enrolled </td> <td> 4 </td> </tr> </table><div class=""separator""></div><table> <tr> <td> Total full-time, first-time, first-year (freshman) women who enrolled </td> <td> 414 </td> </tr> <tr> <td> Total part-time, first-time, first-year (freshman) women who enrolled </td> <td> - </td> </tr> </table><div class=""separator""></div><table> <tr> <td colspan=""3""> Total first-time, first-year (degree-seeking) who applied </td> <td> 8,041 </td> </tr> <tr> <td colspan=""3""> Total first-time, first-year (degree-seeking) who were admitted </td> <td> 6,895 </td> </tr> <tr> <td> Total first-time, first-year </td> <td> (degree-seeking) </td> <td> who enrolled </td> <td> 1,479 </td> </tr> </table>",171128,../data/cds-docs/2021-2022/171128.pdf,2021-2022
C,2,C2,Freshman wait-listed students,"[[{0: 'WAITING LIST', 1: 'TOTAL'}, {0: 'Number of qualified applicants offered a place on waiting list:', 1: ''}, {0: 'Number accepting a place on the waiting list:', 1: ''}, {0: 'Number of wait-listed students admitted:', 1: ''}]]",<table> <tr> <td> WAITING LIST </td> <td> TOTAL </td> </tr> <tr> <td> Number of qualified applicants offered a place on waiting list: </td> <td> </td> </tr> <tr> <td> Number accepting a place on the waiting list: </td> <td> </td> </tr> <tr> <td> Number of wait-listed students admitted: </td> <td> </td> </tr> </table>,171128,../data/cds-docs/2021-2022/171128.pdf,2021-2022
C,5,C5,Distribution of high school units required and/or recommended. Specify the distribution of academic,"[[{0: '', 1: 'Required Units', 2: 'Units\nRecommended'}, {0: 'Total academic units', 1: '8', 2: '19'}, {0: 'English', 1: '3', 2: '4'}, {0: 'Mathematics', 1: '3', 2: '4'}]]",<table> <tr> <td> </td> <td> Required Units </td> <td> Units <br/> Recommended </td> </tr> <tr> <td> Total academic units </td> <td> 8 </td> <td> 19 </td> </tr> <tr> <td> English </td> <td> 3 </td> <td> 4 </td> </tr> <tr> <td> Mathematics </td> <td> 3 </td> <td> 4 </td> </tr> </table>,171128,../data/cds-docs/2021-2022/171128.pdf,2021-2022
C,7,C7,"Relative importance of each of the following academic and nonacademic factors in your first-time,","[[{0: '', 1: 'Very Important', 2: 'Important', 3: 'Considered', 4: 'Not Considered'}, {0: 'Academic', 1: 'Academic', 2: 'Academic', 3: 'Academic', 4: 'Academic'}, {0: 'Rigor of secondary school record', 1: '', 2: 'X', 3: '', 4: ''}, {0: 'Class rank', 1: '', 2: '', 3: '', 4: 'X'}, {0: 'Academic GPA', 1: 'X', 2: '', 3: '', 4: ''}, {0: 'Standardized test scores', 1: '', 2: 'X', 3: '', 4: ''}, {0: 'Application Essay', 1: '', 2: '', 3: 'X', 4: ''}, {0: 'Recommendation(s)', 1: '', 2: '', 3: 'X', 4: ''}, {0: 'Nonacademic', 1: 'Nonacademic', 2: 'Nonacademic', 3: 'Nonacademic', 4: 'Nonacademic'}, {0: 'Interview', 1: '', 2: '', 3: '', 4: 'X'}, {0: 'Extracurricular activities', 1: '', 2: '', 3: 'X', 4: ''}, {0: 'Talent/ability', 1: '', 2: '', 3: 'X', 4: ''}, {0: 'Character/personal qualities', 1: '', 2: '', 3: 'X', 4: ''}, {0: 'First generation', 1: '', 2: '', 3: '', 4: 'X'}, {0: 'Alumni/ae relation', 1: '', 2: '', 3: '', 4: 'X'}, {0: 'Geographical residence', 1: '', 2: '', 3: '', 4: 'X'}, {0: 'State residency', 1: '', 2: '', 3: '', 4: 'X'}, {0: 'Religious affiliation/commitment', 1: '', 2: '', 3: '', 4: 'X'}, {0: 'Racial/ethnic status', 1: '', 2: '', 3: '', 4: 'X'}, {0: 'Volunteer work', 1: '', 2: '', 3: '', 4: 'X'}, {0: 'Work experience', 1: '', 2: '', 3: '', 4: 'X'}, {0: 'Level of applicant’s interest', 1: '', 2: '', 3: '', 4: 'X'}]]","<table> <tr> <td> </td> <td> Very Important </td> <td> Important </td> <td> Considered </td> <td> Not Considered </td> </tr> <tr> <td colspan=""5""> Academic </td> </tr> <tr> <td> Rigor of secondary school record </td> <td> </td> <td> X </td> <td> </td> <td> </td> </tr> <tr> <td> Class rank </td> <td> </td> <td> </td> <td> </td> <td> X </td> </tr> <tr> <td> Academic GPA </td> <td> X </td> <td> </td> <td> </td> <td> </td> </tr> <tr> <td> Standardized test scores </td> <td> </td> <td> X </td> <td> </td> <td> </td> </tr> <tr> <td> Application Essay </td> <td> </td> <td> </td> <td> X </td> <td> </td> </tr> <tr> <td> Recommendation(s) </td> <td> </td> <td> </td> <td> X </td> <td> </td> </tr> <tr> <td colspan=""5""> Nonacademic </td> </tr> <tr> <td> Interview </td> <td> </td> <td> </td> <td> </td> <td> X </td> </tr> <tr> <td> Extracurricular activities </td> <td> </td> <td> </td> <td> X </td> <td> </td> </tr> <tr> <td> Talent/ability </td> <td> </td> <td> </td> <td> X </td> <td> </td> </tr> <tr> <td> Character/personal qualities </td> <td> </td> <td> </td> <td> X </td> <td> </td> </tr> <tr> <td> First generation </td> <td> </td> <td> </td> <td> </td> <td> X </td> </tr> <tr> <td> Alumni/ae relation </td> <td> </td> <td> </td> <td> </td> <td> X </td> </tr> <tr> <td> Geographical residence </td> <td> </td> <td> </td> <td> </td> <td> X </td> </tr> <tr> <td> State residency </td> <td> </td> <td> </td> <td> </td> <td> X </td> </tr> <tr> <td> Religious affiliation/commitment </td> <td> </td> <td> </td> <td> </td> <td> X </td> </tr> <tr> <td> Racial/ethnic status </td> <td> </td> <td> </td> <td> </td> <td> X </td> </tr> <tr> <td> Volunteer work </td> <td> </td> <td> </td> <td> </td> <td> X </td> </tr> <tr> <td> Work experience </td> <td> </td> <td> </td> <td> </td> <td> X </td> </tr> <tr> <td> Level of applicant’s interest </td> <td> </td> <td> </td> <td> </td> <td> X </td> </tr> </table>",171128,../data/cds-docs/2021-2022/171128.pdf,2021-2022
C,8,C8,"A If yes, place check marks in the appropriate boxes below to reflect your institution’s policies for use in","[[{0: '', 1: 'ADMISSION', 2: 'ADMISSION', 3: 'ADMISSION', 4: 'ADMISSION', 5: 'ADMISSION'}, {0: '', 1: 'Require', 2: 'Recommend', 3: 'Require for Some', 4: 'Consider if\nSubmitted', 5: 'Not Used'}, {0: 'SAT or ACT', 1: '', 2: 'X', 3: '', 4: '', 5: ''}, {0: 'ACT Only', 1: '', 2: '', 3: '', 4: '', 5: ''}, {0: 'SAT Only', 1: '', 2: '', 3: '', 4: '', 5: ''}, {0: 'SAT and SAT Subject Tests or', 1: '', 2: '', 3: '', 4: '', 5: 'X'}, {0: 'SAT Subject Tests', 1: '', 2: '', 3: '', 4: '', 5: 'X'}]]","<table> <tr> <td rowspan=""2""> </td> <td colspan=""5""> ADMISSION </td> </tr> <tr> <td> Require </td> <td> Recommend </td> <td> Require for Some </td> <td> Consider if <br/> Submitted </td> <td> Not Used </td> </tr> <tr> <td> SAT or ACT </td> <td> </td> <td> X </td> <td> </td> <td> </td> <td> </td> </tr> <tr> <td> ACT Only </td> <td> </td> <td> </td> <td> </td> <td> </td> <td> </td> </tr> <tr> <td> SAT Only </td> <td> </td> <td> </td> <td> </td> <td> </td> <td> </td> </tr> <tr> <td> SAT and SAT Subject Tests or </td> <td> </td> <td> </td> <td> </td> <td> </td> <td> X </td> </tr> <tr> <td> SAT Subject Tests </td> <td> </td> <td> </td> <td> </td> <td> </td> <td> X </td> </tr> </table>",171128,../data/cds-docs/2021-2022/171128.pdf,2021-2022
C,9,C9,"Percent and number of first-time, first-year (freshman) students enrolled in Fall 2021 who submitted","[[{0: '70%', 1: '1,032'}, {0: '28%', 1: '416'}]]","<table> <tr> <td> 70% </td> <td> 1,032 </td> </tr> <tr> <td> 28% </td> <td> 416 </td> </tr> </table>",171128,../data/cds-docs/2021-2022/171128.pdf,2021-2022
C,10,C10,"Percent of all degree-seeking, first-time, first-year (freshman) students who had high school class","[[{0: 'Assessment', 1: 'Percent'}, {0: 'Percent in top tenth of high school graduating class', 1: '27.16%'}, {0: 'Percent in top quarter of high school graduating class', 1: '58.47%'}, {0: 'Percent in top half of high school graduating class', 1: '89.67%'}, {0: 'Percent in bottom half of high school graduating class', 1: '10.33%'}, {0: 'Percent in bottom quarter of high school graduating class', 1: '0.90%'}, {0: 'Percent of total first-time, first-year (freshmen) students who submitted', 1: '60.24%'}]]","<table> <tr> <td> Assessment </td> <td> Percent </td> </tr> <tr> <td> Percent in top tenth of high school graduating class </td> <td> 27.16% </td> </tr> <tr> <td> Percent in top quarter of high school graduating class </td> <td> 58.47% </td> </tr> <tr> <td> Percent in top half of high school graduating class </td> <td> 89.67% </td> </tr> <tr> <td> Percent in bottom half of high school graduating class </td> <td> 10.33% </td> </tr> <tr> <td> Percent in bottom quarter of high school graduating class </td> <td> 0.90% </td> </tr> <tr> <td> Percent of total first-time, first-year (freshmen) students who submitted </td> <td> 60.24% </td> </tr> </table>",171128,../data/cds-docs/2021-2022/171128.pdf,2021-2022
C,11,C11,"Percentage of all enrolled, degree-seeking, first-time, first-year (freshman) students who had high","[[{0: 'Score Range', 1: 'Percent'}, {0: 'Percent who had GPA of 4.0', 1: '28.61%'}, {0: 'Percent who had GPA between 3.75 and 3.99', 1: '30.51%'}, {0: 'Percent who had GPA between 3.50 and 3.74', 1: '18.85%'}, {0: 'Percent who had GPA between 3.25 and 3.49', 1: '12.75%'}, {0: 'Percent who had GPA between 3.00 and 3.24', 1: '5.97%'}, {0: 'Percent who had GPA between 2.50 and 2.99', 1: '3.32%'}, {0: 'Percent who had GPA between 2.0 and 2.49', 1: '0.00%'}]]",<table> <tr> <td> Score Range </td> <td> Percent </td> </tr> <tr> <td> Percent who had GPA of 4.0 </td> <td> 28.61% </td> </tr> <tr> <td> Percent who had GPA between 3.75 and 3.99 </td> <td> 30.51% </td> </tr> <tr> <td> Percent who had GPA between 3.50 and 3.74 </td> <td> 18.85% </td> </tr> <tr> <td> Percent who had GPA between 3.25 and 3.49 </td> <td> 12.75% </td> </tr> <tr> <td> Percent who had GPA between 3.00 and 3.24 </td> <td> 5.97% </td> </tr> <tr> <td> Percent who had GPA between 2.50 and 2.99 </td> <td> 3.32% </td> </tr> <tr> <td> Percent who had GPA between 2.0 and 2.49 </td> <td> 0.00% </td> </tr> </table>,171128,../data/cds-docs/2021-2022/171128.pdf,2021-2022
C,14,C14,Application closing date,"[[{0: '', 1: 'Date'}, {0: 'Application closing date (fall)', 1: ''}, {0: 'Priority Date', 1: '15-Jan'}]]",<table> <tr> <td> </td> <td> Date </td> </tr> <tr> <td> Application closing date (fall) </td> <td> </td> </tr> <tr> <td> Priority Date </td> <td> 15-Jan </td> </tr> </table>,171128,../data/cds-docs/2021-2022/171128.pdf,2021-2022
D,2,D2,"Provide the number of students who applied, were admitted, and enrolled as degree-seeking transfer","[[{0: '', 1: 'Applicants', 2: 'Admitted\nApplicants', 3: 'Enrolled\nApplicants'}, {0: 'Men', 1: '357', 2: '222', 3: '107'}, {0: 'Women', 1: '193', 2: '117', 3: '44'}, {0: 'Total', 1: '550', 2: '339', 3: '151'}]]",<table> <tr> <td> </td> <td> Applicants </td> <td> Admitted <br/> Applicants </td> <td> Enrolled <br/> Applicants </td> </tr> <tr> <td> Men </td> <td> 357 </td> <td> 222 </td> <td> 107 </td> </tr> <tr> <td> Women </td> <td> 193 </td> <td> 117 </td> <td> 44 </td> </tr> <tr> <td> Total </td> <td> 550 </td> <td> 339 </td> <td> 151 </td> </tr> </table>,171128,../data/cds-docs/2021-2022/171128.pdf,2021-2022
D,9,D9,"List application priority, closing, notification, and candidate reply dates for transfer students. If applications","[[{0: '', 1: 'Priority Date', 2: 'Closing Date', 3: 'Notification Date', 4: 'Reply Date', 5: 'Rolling\nAdmission'}, {0: 'Fall', 1: '', 2: '', 3: '', 4: '', 5: 'X'}, {0: 'Winter', 1: '', 2: '', 3: '', 4: '', 5: ''}, {0: 'Spring', 1: '', 2: '', 3: '', 4: '', 5: 'X'}, {0: 'Summer', 1: '', 2: '', 3: '', 4: '', 5: 'X'}]]",<table> <tr> <td> </td> <td> Priority Date </td> <td> Closing Date </td> <td> Notification Date </td> <td> Reply Date </td> <td> Rolling <br/> Admission </td> </tr> <tr> <td> Fall </td> <td> </td> <td> </td> <td> </td> <td> </td> <td> X </td> </tr> <tr> <td> Winter </td> <td> </td> <td> </td> <td> </td> <td> </td> <td> </td> </tr> <tr> <td> Spring </td> <td> </td> <td> </td> <td> </td> <td> </td> <td> X </td> </tr> <tr> <td> Summer </td> <td> </td> <td> </td> <td> </td> <td> </td> <td> X </td> </tr> </table>,171128,../data/cds-docs/2021-2022/171128.pdf,2021-2022
D,18,D18,Does your institution accept the following military/veteran transfer credits:,"[[{0: '', 1: 'X'}, {0: 'X', 1: ''}, {0: '', 1: 'X'}]]",<table> <tr> <td> </td> <td> X </td> </tr> <tr> <td> X </td> <td> </td> </tr> <tr> <td> </td> <td> X </td> </tr> </table>,171128,../data/cds-docs/2021-2022/171128.pdf,2021-2022
F,1,F1,"Percentages of first-time, first-year (freshman) degree-seeking students and degree-","[[{0: '', 1: 'First-time, first\ufffe\nyear (freshman)\nstudents', 2: 'Undergraduates'}, {0: 'Percent who are from out of state (exclude\ninternational/nonresident aliens from the numerator\nand denominator)', 1: '24%', 2: '22%'}, {0: 'Percent of men who join fraternities', 1: '7%', 2: '10%'}, {0: 'Percent of women who join sororities', 1: '4%', 2: '10%'}, {0: 'Percent who live in college-owned, -operated, or -\naffiliated housing', 1: '94%', 2: '47%'}, {0: 'Percent who live off campus or commute', 1: '6%', 2: '53%'}, {0: 'Percent of students age 25 and older', 1: '0%', 2: '3%'}, {0: 'Average age of full-time students', 1: '18', 2: '20'}, {0: 'Average age of all students (full- and part-time)', 1: '18', 2: '20'}]]","<table> <tr> <td> </td> <td> First-time, first￾ <br/> year (freshman) <br/> students </td> <td> Undergraduates </td> </tr> <tr> <td> Percent who are from out of state (exclude <br/> international/nonresident aliens from the numerator <br/> and denominator) </td> <td> 24% </td> <td> 22% </td> </tr> <tr> <td> Percent of men who join fraternities </td> <td> 7% </td> <td> 10% </td> </tr> <tr> <td> Percent of women who join sororities </td> <td> 4% </td> <td> 10% </td> </tr> <tr> <td> Percent who live in college-owned, -operated, or - <br/> affiliated housing </td> <td> 94% </td> <td> 47% </td> </tr> <tr> <td> Percent who live off campus or commute </td> <td> 6% </td> <td> 53% </td> </tr> <tr> <td> Percent of students age 25 and older </td> <td> 0% </td> <td> 3% </td> </tr> <tr> <td> Average age of full-time students </td> <td> 18 </td> <td> 20 </td> </tr> <tr> <td> Average age of all students (full- and part-time) </td> <td> 18 </td> <td> 20 </td> </tr> </table>",171128,../data/cds-docs/2021-2022/171128.pdf,2021-2022
F,3,F3,ROTC (program offered in cooperation with Reserve Officers' Training Corps),"[[{0: '', 1: 'On Campus', 2: 'At Cooperating\nInstitution', 3: 'Name of Cooperating\nInstitution'}, {0: 'Army ROTC is offered:', 1: 'X', 2: '', 3: ''}, {0: 'Naval ROTC is offered:', 1: '', 2: '', 3: ''}, {0: 'Air Force ROTC is offered:', 1: 'X', 2: '', 3: ''}]]",<table> <tr> <td> </td> <td> On Campus </td> <td> At Cooperating <br/> Institution </td> <td> Name of Cooperating <br/> Institution </td> </tr> <tr> <td> Army ROTC is offered: </td> <td> X </td> <td> </td> <td> </td> </tr> <tr> <td> Naval ROTC is offered: </td> <td> </td> <td> </td> <td> </td> </tr> <tr> <td> Air Force ROTC is offered: </td> <td> X </td> <td> </td> <td> </td> </tr> </table>,171128,../data/cds-docs/2021-2022/171128.pdf,2021-2022
G,1,G1,"Undergraduate full-time tuition, required fees, room and board","[[{0: '', 1: 'First-Year', 2: 'Undergraduates'}, {0: 'PRIVATE INSTITUTIONS', 1: '', 2: ''}, {0: 'Tuition:', 1: '', 2: ''}, {0: 'PUBLIC INSTITUTIONS', 1: '', 2: ''}, {0: 'Tuition: In-district', 1: '$17,296', 2: '$17,296'}, {0: 'Tuition: In-state (out-of-district):', 1: '$17,296', 2: '$17,296'}, {0: 'Tuition: Out-of-state:', 1: '$39,256', 2: '$39,256'}, {0: 'Tuition: Non-resident alien', 1: '$39,256', 2: '$39,256'}, {0: 'FOR ALL INSTITUTIONS', 1: 'FOR ALL INSTITUTIONS', 2: 'FOR ALL INSTITUTIONS'}, {0: 'Required Fees', 1: '$318', 2: '$318'}, {0: 'Room and Board (on-campus):', 1: '$12,058', 2: '$12,058'}, {0: 'Room Only (on-campus):', 1: '$6,757', 2: '$6,757'}, {0: 'Board Only (on-campus meal plan):', 1: '$5,301', 2: '$5,301'}]]","<table> <tr> <td> </td> <td> First-Year </td> <td> Undergraduates </td> </tr> <tr> <td> PRIVATE INSTITUTIONS </td> <td> </td> <td> </td> </tr> <tr> <td> Tuition: </td> <td> </td> <td> </td> </tr> <tr> <td> PUBLIC INSTITUTIONS </td> <td> </td> <td> </td> </tr> <tr> <td> Tuition: In-district </td> <td> $17,296 </td> <td> $17,296 </td> </tr> <tr> <td> Tuition: In-state (out-of-district): </td> <td> $17,296 </td> <td> $17,296 </td> </tr> <tr> <td> Tuition: Out-of-state: </td> <td> $39,256 </td> <td> $39,256 </td> </tr> <tr> <td> Tuition: Non-resident alien </td> <td> $39,256 </td> <td> $39,256 </td> </tr> <tr> <td colspan=""3""> FOR ALL INSTITUTIONS </td> </tr> <tr> <td> Required Fees </td> <td> $318 </td> <td> $318 </td> </tr> <tr> <td> Room and Board (on-campus): </td> <td> $12,058 </td> <td> $12,058 </td> </tr> <tr> <td> Room Only (on-campus): </td> <td> $6,757 </td> <td> $6,757 </td> </tr> <tr> <td> Board Only (on-campus meal plan): </td> <td> $5,301 </td> <td> $5,301 </td> </tr> </table>",171128,../data/cds-docs/2021-2022/171128.pdf,2021-2022
G,5,G5,Provide the estimated expenses for a typical full-time undergraduate student:,"[[{0: '', 1: 'Residents', 2: 'Commuters\n(living at home)', 3: 'Commuters\n(not living at home)'}, {0: 'Books and supplies:', 1: '$1,200', 2: '$1,200', 3: '$1,200'}, {0: 'Room only:', 1: '', 2: '', 3: '$6,757'}, {0: 'Board only:', 1: '', 2: '$1,800', 3: '$5,301'}, {0: 'Room and board total*', 1: '', 2: '', 3: ''}, {0: 'Transportation:', 1: '$1,100', 2: '$1,100', 3: '$1,100'}, {0: 'Other expenses:', 1: '$1,306', 2: '$1,306', 3: '$1,306'}]]","<table> <tr> <td> </td> <td> Residents </td> <td> Commuters <br/> (living at home) </td> <td> Commuters <br/> (not living at home) </td> </tr> <tr> <td> Books and supplies: </td> <td> $1,200 </td> <td> $1,200 </td> <td> $1,200 </td> </tr> <tr> <td> Room only: </td> <td> </td> <td> </td> <td> $6,757 </td> </tr> <tr> <td> Board only: </td> <td> </td> <td> $1,800 </td> <td> $5,301 </td> </tr> <tr> <td> Room and board total* </td> <td> </td> <td> </td> <td> </td> </tr> <tr> <td> Transportation: </td> <td> $1,100 </td> <td> $1,100 </td> <td> $1,100 </td> </tr> <tr> <td> Other expenses: </td> <td> $1,306 </td> <td> $1,306 </td> <td> $1,306 </td> </tr> </table>",171128,../data/cds-docs/2021-2022/171128.pdf,2021-2022
G,6,G6,Undergraduate per-credit-hour charges (tuition only):,"[[{0: 'PRIVATE INSTITUTIONS:', 1: ''}, {0: 'PUBLIC INSTITUTIONS:', 1: ''}, {0: 'In-district:', 1: '$653.00'}, {0: 'In-state (out-of-district):', 1: '$653.00'}, {0: 'Out-of-state:', 1: '$1,454.00'}, {0: 'NONRESIDENT ALIENS:', 1: '$1,454.00'}]]","<table> <tr> <td> PRIVATE INSTITUTIONS: </td> <td> </td> </tr> <tr> <td> PUBLIC INSTITUTIONS: </td> <td> </td> </tr> <tr> <td> In-district: </td> <td> $653.00 </td> </tr> <tr> <td> In-state (out-of-district): </td> <td> $653.00 </td> </tr> <tr> <td> Out-of-state: </td> <td> $1,454.00 </td> </tr> <tr> <td> NONRESIDENT ALIENS: </td> <td> $1,454.00 </td> </tr> </table>",171128,../data/cds-docs/2021-2022/171128.pdf,2021-2022
H,2,H2,", A, and H6 below:","[[{0: '', 1: 'Need-based\n(Include non\ufffe\nneed-based aid\nuse need.) to meet', 2: 'Non-need\ufffe\nbased\n(Exclude non\ufffe\nneed-based aid\nuse need.) to meet'}, {0: 'Scholarships/Grants', 1: '', 2: ''}, {0: 'Federal', 1: '$5,198,776', 2: '$5,290'}, {0: 'State all states, not only the state in which your institution is\nlocated', 1: '$3,081,628', 2: '$101,010'}, {0: 'Institutional: Endowed scholarships, annual gifts and tuition\nfunded grants, awarded by the college, excluding athletic aid and\ntuition waivers (which are reported below).', 1: '$37,388,845', 2: '$13,397,252'}, {0: 'Scholarships/grants from external sources (e.g. Kiwanis,\nNational Merit) not awarded by the college', 1: '$1,808,468', 2: '$1,334,391'}, {0: 'Total Scholarships/Grants', 1: '$47,477,717', 2: '$14,837,943'}, {0: 'Self-Help', 1: '', 2: ''}, {0: 'Student loans from all sources (excluding parent loans)', 1: '$24,963,745', 2: '$9,147,236'}, {0: 'Federal Work-Study', 1: '$336,825', 2: ''}, {0: 'State and other (e.g., institutional) work-study/employment (Note:\nExcludes Federal Work-Study captured above.)', 1: '$0', 2: '$0'}, {0: 'Total Self-Help', 1: '$25,300,570', 2: '$9,147,236'}, {0: 'Parent Loans', 1: '$5,071,489', 2: '$1,328,000'}, {0: 'Tuition Waivers\nNote: Reporting is optional. Report tuition waivers in this row if you\nchoose to report them. Do not report tuition waivers elsewhere.', 1: '$0', 2: '$0'}, {0: 'Athletic Awards', 1: '$1,257,612', 2: '$2,721,667'}], [{0: '', 1: '', 2: 'First-time Full\ufffe\ntime Freshmen', 3: 'Full-time\nUndergrad\n(Incl. Fresh)', 4: 'Less Full-time Than\nUndergrad'}, {0: 'A', 1: 'Number of degree-seeking undergraduate students\n(CDS Item B1 if reporting on Fall 2021 cohort)', 2: '1,475', 3: '5,471', 4: '231'}, {0: 'B', 1: 'Number of students in line a who applied for need-based\nfinancial aid', 2: '1,384', 3: '4,362', 4: '115'}, {0: 'C', 1: 'Number of students in line b who were determined to\nhave financial need', 2: '924', 3: '3,258', 4: '91'}, {0: 'D', 1: 'Number of students in line c who were awarded any\nfinancial aid', 2: '924', 3: '3,247', 4: '88'}, {0: 'E', 1: 'Number of students in line d who were awarded any\nneed-based scholarship or grant aid', 2: '738', 3: '2,521', 4: '57'}, {0: 'F', 1: 'Number of students in line d who were awarded any\nneed-based self-help aid', 2: '586', 3: '2,442', 4: '55'}, {0: 'G', 1: 'Number of students in line d who were awarded any non\ufffe\nneed-based scholarship or grant aid', 2: '886', 3: '2,879', 4: '56'}], [{0: '', 1: '', 2: 'First-time\nFull-time\nFreshmen', 3: 'Full-time\nUndergrad\n(Incl. Fresh.)', 4: 'Less Full-time Than\nUndergrad'}, {0: 'N', 1: 'Number of students in line a who had no financial need\nand who were awarded institutional non-need-based\nscholarship or grant aid (exclude those who were\nawarded athletic awards and tuition benefits)', 2: '513', 3: '1,730', 4: '45'}, {0: 'O', 1: 'Average dollar amount of institutional non-need-based\nscholarship and grant aid awarded to students in line n', 2: '$ 8,277', 3: '$ 7,283', 4: '$ 4,069'}, {0: 'P', 1: 'Number of students in line a who were awarded an\ninstitutional non-need-based athletic scholarship or grant', 2: '38', 3: '300', 4: '5'}, {0: 'Q', 1: 'Average dollar amount of institutional non-need-based\nathletic scholarships and grants awarded to students in\nline p', 2: '$ 13,243', 3: '$ 13,170', 4: '$ 7,312'}]]","<table> <tr> <td> </td> <td> Need-based <br/> (Include non￾ <br/> need-based aid <br/> use need.) to meet </td> <td> Non-need￾ <br/> based <br/> (Exclude non￾ <br/> need-based aid <br/> use need.) to meet </td> </tr> <tr> <td> Scholarships/Grants </td> <td> </td> <td> </td> </tr> <tr> <td> Federal </td> <td> $5,198,776 </td> <td> $5,290 </td> </tr> <tr> <td> State all states, not only the state in which your institution is <br/> located </td> <td> $3,081,628 </td> <td> $101,010 </td> </tr> <tr> <td> Institutional: Endowed scholarships, annual gifts and tuition <br/> funded grants, awarded by the college, excluding athletic aid and <br/> tuition waivers (which are reported below). </td> <td> $37,388,845 </td> <td> $13,397,252 </td> </tr> <tr> <td> Scholarships/grants from external sources (e.g. Kiwanis, <br/> National Merit) not awarded by the college </td> <td> $1,808,468 </td> <td> $1,334,391 </td> </tr> <tr> <td> Total Scholarships/Grants </td> <td> $47,477,717 </td> <td> $14,837,943 </td> </tr> <tr> <td> Self-Help </td> <td> </td> <td> </td> </tr> <tr> <td> Student loans from all sources (excluding parent loans) </td> <td> $24,963,745 </td> <td> $9,147,236 </td> </tr> <tr> <td> Federal Work-Study </td> <td> $336,825 </td> <td> </td> </tr> <tr> <td> State and other (e.g., institutional) work-study/employment (Note: <br/> Excludes Federal Work-Study captured above.) </td> <td> $0 </td> <td> $0 </td> </tr> <tr> <td> Total Self-Help </td> <td> $25,300,570 </td> <td> $9,147,236 </td> </tr> <tr> <td> Parent Loans </td> <td> $5,071,489 </td> <td> $1,328,000 </td> </tr> <tr> <td> Tuition Waivers <br/> Note: Reporting is optional. Report tuition waivers in this row if you <br/> choose to report them. Do not report tuition waivers elsewhere. </td> <td> $0 </td> <td> $0 </td> </tr> <tr> <td> Athletic Awards </td> <td> $1,257,612 </td> <td> $2,721,667 </td> </tr> </table><div class=""separator""></div><table> <tr> <td> </td> <td> </td> <td> First-time Full￾ <br/> time Freshmen </td> <td> Full-time <br/> Undergrad <br/> (Incl. Fresh) </td> <td> Less Full-time Than <br/> Undergrad </td> </tr> <tr> <td> A </td> <td> Number of degree-seeking undergraduate students <br/> (CDS Item B1 if reporting on Fall 2021 cohort) </td> <td> 1,475 </td> <td> 5,471 </td> <td> 231 </td> </tr> <tr> <td> B </td> <td> Number of students in line a who applied for need-based <br/> financial aid </td> <td> 1,384 </td> <td> 4,362 </td> <td> 115 </td> </tr> <tr> <td> C </td> <td> Number of students in line b who were determined to <br/> have financial need </td> <td> 924 </td> <td> 3,258 </td> <td> 91 </td> </tr> <tr> <td> D </td> <td> Number of students in line c who were awarded any <br/> financial aid </td> <td> 924 </td> <td> 3,247 </td> <td> 88 </td> </tr> <tr> <td> E </td> <td> Number of students in line d who were awarded any <br/> need-based scholarship or grant aid </td> <td> 738 </td> <td> 2,521 </td> <td> 57 </td> </tr> <tr> <td> F </td> <td> Number of students in line d who were awarded any <br/> need-based self-help aid </td> <td> 586 </td> <td> 2,442 </td> <td> 55 </td> </tr> <tr> <td> G </td> <td> Number of students in line d who were awarded any non￾ <br/> need-based scholarship or grant aid </td> <td> 886 </td> <td> 2,879 </td> <td> 56 </td> </tr> </table><div class=""separator""></div><table> <tr> <td> </td> <td> </td> <td> First-time <br/> Full-time <br/> Freshmen </td> <td> Full-time <br/> Undergrad <br/> (Incl. Fresh.) </td> <td> Less Full-time Than <br/> Undergrad </td> </tr> <tr> <td> N </td> <td> Number of students in line a who had no financial need <br/> and who were awarded institutional non-need-based <br/> scholarship or grant aid (exclude those who were <br/> awarded athletic awards and tuition benefits) </td> <td> 513 </td> <td> 1,730 </td> <td> 45 </td> </tr> <tr> <td> O </td> <td> Average dollar amount of institutional non-need-based <br/> scholarship and grant aid awarded to students in line n </td> <td> $ 8,277 </td> <td> $ 7,283 </td> <td> $ 4,069 </td> </tr> <tr> <td> P </td> <td> Number of students in line a who were awarded an <br/> institutional non-need-based athletic scholarship or grant </td> <td> 38 </td> <td> 300 </td> <td> 5 </td> </tr> <tr> <td> Q </td> <td> Average dollar amount of institutional non-need-based <br/> athletic scholarships and grants awarded to students in <br/> line p </td> <td> $ 13,243 </td> <td> $ 13,170 </td> <td> $ 7,312 </td> </tr> </table>",171128,../data/cds-docs/2021-2022/171128.pdf,2021-2022
H,5,H5,"Number and percent of students in class (defined in H4 above) borrowing from federal, non-federal,","[[{0: 'Source/Type of Loan', 1: 'Source/Type of Loan', 2: 'Number in the\nclass (defined\nin H4 above)\nwho borrowed\nfrom the types\nof loans\nspecified in the\nfirst column', 3: 'Percent of the\nclass (defined\nabove) who\nborrowed from\nthe types of\nloans specified\nin column the first\n(nearest 1%)', 4: 'Average per\ufffe\nundergraduate\ufffe\nborrower\ncumulative\nprincipal\nborrowed from\nthe types of\nloans specified\nin column the first\n(nearest $1)'}, {0: 'A', 1: 'Any loan program: Federal Perkins, Federal Stafford\nSubsidized and Unsubsidized, institutional, state, private\nloans that your institution is aware of, etc. Include both\nFederal Direct Student Loans and Federal Family\nEducation Loans.', 2: '643', 3: '66%', 4: '$37,401'}, {0: 'B', 1: 'Federal loan programs: Federal Perkins, Federal\nStafford Subsidized and Unsubsidized. Include both\nFederal Direct Student Loans and Federal Family\nEducation Loans.', 2: '625', 3: '64%', 4: '$22,669'}, {0: 'C', 1: 'Institutional loan programs.', 2: '19', 3: '2%', 4: '$4,863'}, {0: 'D', 1: 'State loan programs.', 2: '0', 3: 'N/A', 4: 'N/A'}, {0: 'E', 1: 'Private student loans made by a bank or lender.', 2: '233', 3: '24%', 4: '$42,009'}]]","<table> <tr> <td colspan=""2""> Source/Type of Loan </td> <td> Number in the <br/> class (defined <br/> in H4 above) <br/> who borrowed <br/> from the types <br/> of loans <br/> specified in the <br/> first column </td> <td> Percent of the <br/> class (defined <br/> above) who <br/> borrowed from <br/> the types of <br/> loans specified <br/> in column the first <br/> (nearest 1%) </td> <td> Average per￾ <br/> undergraduate￾ <br/> borrower <br/> cumulative <br/> principal <br/> borrowed from <br/> the types of <br/> loans specified <br/> in column the first <br/> (nearest $1) </td> </tr> <tr> <td> A </td> <td> Any loan program: Federal Perkins, Federal Stafford <br/> Subsidized and Unsubsidized, institutional, state, private <br/> loans that your institution is aware of, etc. Include both <br/> Federal Direct Student Loans and Federal Family <br/> Education Loans. </td> <td> 643 </td> <td> 66% </td> <td> $37,401 </td> </tr> <tr> <td> B </td> <td> Federal loan programs: Federal Perkins, Federal <br/> Stafford Subsidized and Unsubsidized. Include both <br/> Federal Direct Student Loans and Federal Family <br/> Education Loans. </td> <td> 625 </td> <td> 64% </td> <td> $22,669 </td> </tr> <tr> <td> C </td> <td> Institutional loan programs. </td> <td> 19 </td> <td> 2% </td> <td> $4,863 </td> </tr> <tr> <td> D </td> <td> State loan programs. </td> <td> 0 </td> <td> N/A </td> <td> N/A </td> </tr> <tr> <td> E </td> <td> Private student loans made by a bank or lender. </td> <td> 233 </td> <td> 24% </td> <td> $42,009 </td> </tr> </table>",171128,../data/cds-docs/2021-2022/171128.pdf,2021-2022
H,11,H11,Indicate reply dates:,"[[{0: 'Students must reply by (date):', 1: '1-May'}, {0: 'or within _______ weeks of notification.', 1: ''}]]",<table> <tr> <td> Students must reply by (date): </td> <td> 1-May </td> </tr> <tr> <td> or within _______ weeks of notification. </td> <td> </td> </tr> </table>,171128,../data/cds-docs/2021-2022/171128.pdf,2021-2022
H,14,H14,Check off criteria used in awarding institutional aid. Check all that apply.,"[[{0: '', 1: 'Non-Need Based', 2: 'Need-Based'}, {0: 'Academics', 1: 'X', 2: 'X'}, {0: 'Alumni affiliation', 1: 'X', 2: ''}, {0: 'Art', 1: 'X', 2: ''}]]",<table> <tr> <td> </td> <td> Non-Need Based </td> <td> Need-Based </td> </tr> <tr> <td> Academics </td> <td> X </td> <td> X </td> </tr> <tr> <td> Alumni affiliation </td> <td> X </td> <td> </td> </tr> <tr> <td> Art </td> <td> X </td> <td> </td> </tr> </table>,171128,../data/cds-docs/2021-2022/171128.pdf,2021-2022
J,1,J1,"Degrees conferred between July 1, 2020 and June 30, 2021","[[{0: 'Category', 1: 'Diploma/Certificates', 2: 'Associate', 3: 'Bachelor’s', 4: 'CIP 2020 Categories\nto Include'}, {0: 'Agriculture', 1: '', 2: '', 3: '', 4: '01'}, {0: 'Natural resources and conservation', 1: '', 2: '', 3: '3.58%', 4: '03'}, {0: 'Architecture', 1: '', 2: '', 3: '', 4: '04'}, {0: 'Area, ethnic, and gender studies', 1: '', 2: '', 3: '', 4: '05'}, {0: 'Communication/journalism', 1: '', 2: '', 3: '1.25%', 4: '09'}, {0: 'Communication technologies', 1: '', 2: '', 3: '0.58%', 4: '10'}, {0: 'Computer and information sciences', 1: '', 2: '', 3: '7.57%', 4: '11'}, {0: 'Personal and culinary services', 1: '', 2: '', 3: '', 4: '12'}, {0: 'Education', 1: '', 2: '', 3: '', 4: '13'}, {0: 'Engineering', 1: '', 2: '', 3: '59.98%', 4: '14'}, {0: 'Engineering technologies', 1: '', 2: '', 3: '6.57%', 4: '15'}, {0: 'Foreign languages, literatures, and linguistics', 1: '', 2: '', 3: '', 4: '16'}, {0: 'Family and consumer sciences', 1: '', 2: '', 3: '', 4: '19'}, {0: 'Law/legal studies', 1: '', 2: '', 3: '', 4: '22'}, {0: 'English', 1: '', 2: '', 3: '0.08%', 4: '23'}, {0: 'Liberal arts/general studies', 1: '', 2: '100.00%', 3: '', 4: '24'}, {0: 'Library science', 1: '', 2: '', 3: '', 4: '25'}, {0: 'Biological/life sciences', 1: '', 2: '', 3: '3.08%', 4: '26'}, {0: 'Mathematics and statistics', 1: '', 2: '', 3: '2.25%', 4: '27'}, {0: 'Military science and military technologies', 1: '', 2: '', 3: '', 4: '28 & 29'}, {0: 'Interdisciplinary studies', 1: '100.00%', 2: '', 3: '0.83%', 4: '30'}, {0: 'Parks and recreation', 1: '', 2: '', 3: '1.41%', 4: '31'}, {0: 'Philosophy and religious studies', 1: '', 2: '', 3: '', 4: '38'}, {0: 'Theology and religious vocations', 1: '', 2: '', 3: '', 4: '39'}, {0: 'Physical sciences', 1: '', 2: '', 3: '1.91%', 4: '40'}, {0: 'Science technologies', 1: '', 2: '', 3: '', 4: '41'}, {0: 'Psychology', 1: '', 2: '', 3: '1.00%', 4: '42'}, {0: 'Homeland Security, law enforcement, firefighting,\nand protective services', 1: '', 2: '', 3: '', 4: '43'}, {0: 'Public administration and social services', 1: '', 2: '', 3: '', 4: '44'}, {0: 'Social sciences', 1: '', 2: '', 3: '0.58%', 4: '45'}, {0: 'Construction trades', 1: '', 2: '', 3: '', 4: '46'}, {0: 'Mechanic and repair technologies', 1: '', 2: '', 3: '', 4: '47'}, {0: 'Precision production', 1: '', 2: '', 3: '', 4: '48'}, {0: 'Transportation and materials moving', 1: '', 2: '', 3: '', 4: '49'}, {0: 'Visual and performing arts', 1: '', 2: '', 3: '0.42%', 4: '50'}, {0: 'Health professions and related programs', 1: '', 2: '', 3: '1.25%', 4: '51'}, {0: 'Business/marketing', 1: '', 2: '', 3: '7.49%', 4: '52'}, {0: 'History', 1: '', 2: '', 3: '0.17%', 4: '54'}, {0: 'Other', 1: '', 2: '', 3: '', 4: ''}, {0: 'TOTAL (should = 100%)', 1: '100.00%', 2: '100.00%', 3: '100.00%', 4: ''}]]","<table> <tr> <td> Category </td> <td> Diploma/Certificates </td> <td> Associate </td> <td> Bachelor’s </td> <td> CIP 2020 Categories <br/> to Include </td> </tr> <tr> <td> Agriculture </td> <td> </td> <td> </td> <td> </td> <td> 01 </td> </tr> <tr> <td> Natural resources and conservation </td> <td> </td> <td> </td> <td> 3.58% </td> <td> 03 </td> </tr> <tr> <td> Architecture </td> <td> </td> <td> </td> <td> </td> <td> 04 </td> </tr> <tr> <td> Area, ethnic, and gender studies </td> <td> </td> <td> </td> <td> </td> <td> 05 </td> </tr> <tr> <td> Communication/journalism </td> <td> </td> <td> </td> <td> 1.25% </td> <td> 09 </td> </tr> <tr> <td> Communication technologies </td> <td> </td> <td> </td> <td> 0.58% </td> <td> 10 </td> </tr> <tr> <td> Computer and information sciences </td> <td> </td> <td> </td> <td> 7.57% </td> <td> 11 </td> </tr> <tr> <td> Personal and culinary services </td> <td> </td> <td> </td> <td> </td> <td> 12 </td> </tr> <tr> <td> Education </td> <td> </td> <td> </td> <td> </td> <td> 13 </td> </tr> <tr> <td> Engineering </td> <td> </td> <td> </td> <td> 59.98% </td> <td> 14 </td> </tr> <tr> <td> Engineering technologies </td> <td> </td> <td> </td> <td> 6.57% </td> <td> 15 </td> </tr> <tr> <td> Foreign languages, literatures, and linguistics </td> <td> </td> <td> </td> <td> </td> <td> 16 </td> </tr> <tr> <td> Family and consumer sciences </td> <td> </td> <td> </td> <td> </td> <td> 19 </td> </tr> <tr> <td> Law/legal studies </td> <td> </td> <td> </td> <td> </td> <td> 22 </td> </tr> <tr> <td> English </td> <td> </td> <td> </td> <td> 0.08% </td> <td> 23 </td> </tr> <tr> <td> Liberal arts/general studies </td> <td> </td> <td> 100.00% </td> <td> </td> <td> 24 </td> </tr> <tr> <td> Library science </td> <td> </td> <td> </td> <td> </td> <td> 25 </td> </tr> <tr> <td> Biological/life sciences </td> <td> </td> <td> </td> <td> 3.08% </td> <td> 26 </td> </tr> <tr> <td> Mathematics and statistics </td> <td> </td> <td> </td> <td> 2.25% </td> <td> 27 </td> </tr> <tr> <td> Military science and military technologies </td> <td> </td> <td> </td> <td> </td> <td> 28 &amp; 29 </td> </tr> <tr> <td> Interdisciplinary studies </td> <td> 100.00% </td> <td> </td> <td> 0.83% </td> <td> 30 </td> </tr> <tr> <td> Parks and recreation </td> <td> </td> <td> </td> <td> 1.41% </td> <td> 31 </td> </tr> <tr> <td> Philosophy and religious studies </td> <td> </td> <td> </td> <td> </td> <td> 38 </td> </tr> <tr> <td> Theology and religious vocations </td> <td> </td> <td> </td> <td> </td> <td> 39 </td> </tr> <tr> <td> Physical sciences </td> <td> </td> <td> </td> <td> 1.91% </td> <td> 40 </td> </tr> <tr> <td> Science technologies </td> <td> </td> <td> </td> <td> </td> <td> 41 </td> </tr> <tr> <td> Psychology </td> <td> </td> <td> </td> <td> 1.00% </td> <td> 42 </td> </tr> <tr> <td> Homeland Security, law enforcement, firefighting, <br/> and protective services </td> <td> </td> <td> </td> <td> </td> <td> 43 </td> </tr> <tr> <td> Public administration and social services </td> <td> </td> <td> </td> <td> </td> <td> 44 </td> </tr> <tr> <td> Social sciences </td> <td> </td> <td> </td> <td> 0.58% </td> <td> 45 </td> </tr> <tr> <td> Construction trades </td> <td> </td> <td> </td> <td> </td> <td> 46 </td> </tr> <tr> <td> Mechanic and repair technologies </td> <td> </td> <td> </td> <td> </td> <td> 47 </td> </tr> <tr> <td> Precision production </td> <td> </td> <td> </td> <td> </td> <td> 48 </td> </tr> <tr> <td> Transportation and materials moving </td> <td> </td> <td> </td> <td> </td> <td> 49 </td> </tr> <tr> <td> Visual and performing arts </td> <td> </td> <td> </td> <td> 0.42% </td> <td> 50 </td> </tr> <tr> <td> Health professions and related programs </td> <td> </td> <td> </td> <td> 1.25% </td> <td> 51 </td> </tr> <tr> <td> Business/marketing </td> <td> </td> <td> </td> <td> 7.49% </td> <td> 52 </td> </tr> <tr> <td> History </td> <td> </td> <td> </td> <td> 0.17% </td> <td> 54 </td> </tr> <tr> <td> Other </td> <td> </td> <td> </td> <td> </td> <td> </td> </tr> <tr> <td> TOTAL (should = 100%) </td> <td> 100.00% </td> <td> 100.00% </td> <td> 100.00% </td> <td> </td> </tr> </table>",171128,../data/cds-docs/2021-2022/171128.pdf,2021-2022
