section,table_num,table_code,table_title,table_records,table_html,unitid,file,year
B,1,B1,Institutional Enrollment - Men and Women,"[[{0: 'Undergraduate Students: Full-Time', 1: 'Men', 2: 'Women', 3: 'Another Gender'}, {0: 'Degree-seeking, first-time freshmen', 1: '2,262', 2: '2,410', 3: '4'}, {0: 'Other first-year, degree-seeking', 1: '345', 2: '245', 3: '1'}, {0: 'All other degree-seeking', 1: '6,310', 2: '6,501', 3: '0'}, {0: 'Total degree-seeking', 1: '8,917', 2: '9,156', 3: '5'}, {0: 'All other undergraduates enrolled in credit', 1: '143', 2: '228', 3: '0'}, {0: 'Total undergraduate Full-Time Students', 1: '9,060', 2: '9,384', 3: '5'}], [{0: 'Undergraduate Students: Part-Time', 1: 'Men', 2: 'Women', 3: 'Another Gender'}, {0: 'Degree-seeking, first-time freshmen', 1: '12', 2: '11', 3: '0'}, {0: 'Other first-year, degree-seeking', 1: '19', 2: '12', 3: '0'}, {0: 'All other degree-seeking', 1: '428', 2: '327', 3: '0'}, {0: 'Total degree-seeking', 1: '459', 2: '350', 3: '0'}, {0: 'All other undergraduates enrolled in credit', 1: '41', 2: '39', 3: '0'}, {0: 'Total undergraduate Part-Time Students', 1: '500', 2: '389', 3: '0'}], [{0: 'Undergraduate Students: All', 1: 'Men', 2: 'Women', 3: 'Another Gender'}, {0: 'Total undergraduate Students', 1: '9,560', 2: '9,773', 3: '5'}], [{0: 'Graduate Students: Full-Time', 1: 'Graduate Students: Full-Time', 2: 'Graduate Students: Full-Time', 3: 'Graduate Students: Full-Time'}, {0: 'Degree-seeking, first-time', 1: '437', 2: '418', 3: '1'}, {0: 'All other degree-seeking', 1: '914', 2: '828', 3: '0'}, {0: 'All other graduates enrolled in credit', 1: '26', 2: '24', 3: '0'}, {0: 'Total graduate Full-Time Students', 1: '1377', 2: '1270', 3: '1'}], [{0: 'Graduate Students:Part-Time', 1: 'Graduate Students:Part-Time', 2: 'Graduate Students:Part-Time', 3: 'Graduate Students:Part-Time'}, {0: 'Degree-seeking, first-time', 1: '153', 2: '148', 3: '1'}, {0: 'All other degree-seeking', 1: '666', 2: '752', 3: '0'}, {0: 'All other graduates enrolled in credit', 1: '91', 2: '189', 3: '0'}, {0: 'Total graduate Part-Time Students', 1: '910', 2: '1089', 3: '1'}], [{0: 'Graduate Students: All', 1: 'Men', 2: 'Women', 3: 'Another Gender'}, {0: 'Total Graduate Students', 1: '2287', 2: '2359', 3: '2'}], [{0: 'All Students: Total', 1: 'Men', 2: 'Women', 3: 'Another Gender'}, {0: 'Total all students', 1: '10,437', 2: '10,654', 3: '6'}]]","<table> <tr> <td> Undergraduate Students: Full-Time </td> <td> Men </td> <td> Women </td> <td> Another Gender </td> </tr> <tr> <td> Degree-seeking, first-time freshmen </td> <td> 2,262 </td> <td> 2,410 </td> <td> 4 </td> </tr> <tr> <td> Other first-year, degree-seeking </td> <td> 345 </td> <td> 245 </td> <td> 1 </td> </tr> <tr> <td> All other degree-seeking </td> <td> 6,310 </td> <td> 6,501 </td> <td> 0 </td> </tr> <tr> <td> Total degree-seeking </td> <td> 8,917 </td> <td> 9,156 </td> <td> 5 </td> </tr> <tr> <td> All other undergraduates enrolled in credit </td> <td> 143 </td> <td> 228 </td> <td> 0 </td> </tr> <tr> <td> Total undergraduate Full-Time Students </td> <td> 9,060 </td> <td> 9,384 </td> <td> 5 </td> </tr> </table><div class=""separator""></div><table> <tr> <td> Undergraduate Students: Part-Time </td> <td> Men </td> <td> Women </td> <td> Another Gender </td> </tr> <tr> <td> Degree-seeking, first-time freshmen </td> <td> 12 </td> <td> 11 </td> <td> 0 </td> </tr> <tr> <td> Other first-year, degree-seeking </td> <td> 19 </td> <td> 12 </td> <td> 0 </td> </tr> <tr> <td> All other degree-seeking </td> <td> 428 </td> <td> 327 </td> <td> 0 </td> </tr> <tr> <td> Total degree-seeking </td> <td> 459 </td> <td> 350 </td> <td> 0 </td> </tr> <tr> <td> All other undergraduates enrolled in credit </td> <td> 41 </td> <td> 39 </td> <td> 0 </td> </tr> <tr> <td> Total undergraduate Part-Time Students </td> <td> 500 </td> <td> 389 </td> <td> 0 </td> </tr> </table><div class=""separator""></div><table> <tr> <td> Undergraduate Students: All </td> <td> Men </td> <td> Women </td> <td> Another Gender </td> </tr> <tr> <td> Total undergraduate Students </td> <td> 9,560 </td> <td> 9,773 </td> <td> 5 </td> </tr> </table><div class=""separator""></div><table> <tr> <td colspan=""4""> Graduate Students: Full-Time </td> </tr> <tr> <td> Degree-seeking, first-time </td> <td> 437 </td> <td> 418 </td> <td> 1 </td> </tr> <tr> <td> All other degree-seeking </td> <td> 914 </td> <td> 828 </td> <td> 0 </td> </tr> <tr> <td> All other graduates enrolled in credit </td> <td> 26 </td> <td> 24 </td> <td> 0 </td> </tr> <tr> <td> Total graduate Full-Time Students </td> <td> 1377 </td> <td> 1270 </td> <td> 1 </td> </tr> </table><div class=""separator""></div><table> <tr> <td colspan=""4""> Graduate Students:Part-Time </td> </tr> <tr> <td> Degree-seeking, first-time </td> <td> 153 </td> <td> 148 </td> <td> 1 </td> </tr> <tr> <td> All other degree-seeking </td> <td> 666 </td> <td> 752 </td> <td> 0 </td> </tr> <tr> <td> All other graduates enrolled in credit </td> <td> 91 </td> <td> 189 </td> <td> 0 </td> </tr> <tr> <td> Total graduate Part-Time Students </td> <td> 910 </td> <td> 1089 </td> <td> 1 </td> </tr> </table><div class=""separator""></div><table> <tr> <td> Graduate Students: All </td> <td> Men </td> <td> Women </td> <td> Another Gender </td> </tr> <tr> <td> Total Graduate Students </td> <td> 2287 </td> <td> 2359 </td> <td> 2 </td> </tr> </table><div class=""separator""></div><table> <tr> <td> All Students: Total </td> <td> Men </td> <td> Women </td> <td> Another Gender </td> </tr> <tr> <td> Total all students </td> <td> 10,437 </td> <td> 10,654 </td> <td> 6 </td> </tr> </table>",181464,../data/cds-docs/2023-2024/181464.pdf,2023-2024
C,1,C1,"First-time, first-year students: Provide the number of degree-seeking, first-time, first-year students who","[[{0: 'First-Time, First-Year Student Applicants', 1: 'Total'}, {0: 'Total first-time, first-year men who applied', 1: '8,107'}, {0: 'Total first-time, first-year women who applied', 1: '10,229'}, {0: 'Total first-time, first-year another gender who applied', 1: '18'}], [{0: 'First-Time, First-Year Student Admits', 1: 'Total'}, {0: 'Total first-time, first-year men who were admitted', 1: '6,243'}, {0: 'Total first-time, first-year women who were admitted', 1: '7,891'}, {0: 'Total first-time, first-year another gender who were admitted', 1: '12'}], [{0: 'First-Time, First-Year Student Enrollees by Status', 1: 'Total'}, {0: 'Total full-time, first-time, first-year men who enrolled', 1: '2,262'}, {0: 'Total part-time, first-time, first-year men who enrolled', 1: '12'}, {0: 'Total full-time, first-time, first-year women who enrolled', 1: '2,410'}, {0: 'Total part-time, first-time, first-year women who enrolled', 1: '11'}, {0: 'Total full-time, first-time, first-year another gender who enrolled', 1: '4'}, {0: 'Total part-time, first-time, first-year another gender who enrolled', 1: '0'}], [{0: 'First-Time, First-Year Student Applicants', 1: 'In-State', 2: 'Out-of-State', 3: 'International', 4: 'Unknown', 5: 'Total'}, {0: 'Total first-time, first-year who applied', 1: '10,667', 2: '6,743', 3: '944', 4: '0', 5: '18354'}, {0: 'Total first-time, first-year who were admitted', 1: '8,558', 2: '5,297', 3: '291', 4: '0', 5: '14146'}, {0: 'Total first-time, first-year who enrolled', 1: '3,524', 2: '1,103', 3: '72', 4: '0', 5: '4699'}]]","<table> <tr> <td> First-Time, First-Year Student Applicants </td> <td> Total </td> </tr> <tr> <td> Total first-time, first-year men who applied </td> <td> 8,107 </td> </tr> <tr> <td> Total first-time, first-year women who applied </td> <td> 10,229 </td> </tr> <tr> <td> Total first-time, first-year another gender who applied </td> <td> 18 </td> </tr> </table><div class=""separator""></div><table> <tr> <td> First-Time, First-Year Student Admits </td> <td> Total </td> </tr> <tr> <td> Total first-time, first-year men who were admitted </td> <td> 6,243 </td> </tr> <tr> <td> Total first-time, first-year women who were admitted </td> <td> 7,891 </td> </tr> <tr> <td> Total first-time, first-year another gender who were admitted </td> <td> 12 </td> </tr> </table><div class=""separator""></div><table> <tr> <td> First-Time, First-Year Student Enrollees by Status </td> <td> Total </td> </tr> <tr> <td> Total full-time, first-time, first-year men who enrolled </td> <td> 2,262 </td> </tr> <tr> <td> Total part-time, first-time, first-year men who enrolled </td> <td> 12 </td> </tr> <tr> <td> Total full-time, first-time, first-year women who enrolled </td> <td> 2,410 </td> </tr> <tr> <td> Total part-time, first-time, first-year women who enrolled </td> <td> 11 </td> </tr> <tr> <td> Total full-time, first-time, first-year another gender who enrolled </td> <td> 4 </td> </tr> <tr> <td> Total part-time, first-time, first-year another gender who enrolled </td> <td> 0 </td> </tr> </table><div class=""separator""></div><table> <tr> <td> First-Time, First-Year Student Applicants </td> <td> In-State </td> <td> Out-of-State </td> <td> International </td> <td> Unknown </td> <td> Total </td> </tr> <tr> <td> Total first-time, first-year who applied </td> <td> 10,667 </td> <td> 6,743 </td> <td> 944 </td> <td> 0 </td> <td> 18354 </td> </tr> <tr> <td> Total first-time, first-year who were admitted </td> <td> 8,558 </td> <td> 5,297 </td> <td> 291 </td> <td> 0 </td> <td> 14146 </td> </tr> <tr> <td> Total first-time, first-year who enrolled </td> <td> 3,524 </td> <td> 1,103 </td> <td> 72 </td> <td> 0 </td> <td> 4699 </td> </tr> </table>",181464,../data/cds-docs/2023-2024/181464.pdf,2023-2024
C,2,C2,"First-time, first-year wait-listed students","[[{0: 'WAITING LIST', 1: 'TOTAL'}, {0: 'Number of qualified applicants offered a place on waiting list:', 1: ''}, {0: 'Number accepting a place on the waiting list:', 1: ''}, {0: 'Number of wait-listed students admitted:', 1: ''}]]",<table> <tr> <td> WAITING LIST </td> <td> TOTAL </td> </tr> <tr> <td> Number of qualified applicants offered a place on waiting list: </td> <td> </td> </tr> <tr> <td> Number accepting a place on the waiting list: </td> <td> </td> </tr> <tr> <td> Number of wait-listed students admitted: </td> <td> </td> </tr> </table>,181464,../data/cds-docs/2023-2024/181464.pdf,2023-2024
C,5,C5,Distribution of high school units required and/or recommended. Specify the distribution of academic,"[[{0: 'Distribution of high school units', 1: 'Required', 2: 'Recommended'}, {0: 'Total academic units', 1: '16', 2: ''}, {0: 'English', 1: '4', 2: ''}, {0: 'Mathematics', 1: '4', 2: ''}, {0: 'Science', 1: '3', 2: ''}, {0: 'Of these, units that must be', 1: '1', 2: ''}, {0: 'Foreign language', 1: '2', 2: ''}, {0: 'Social studies', 1: '1', 2: ''}, {0: 'History', 1: '2', 2: ''}, {0: 'Academic electives', 1: '', 2: ''}, {0: 'Computer Science', 1: '', 2: ''}, {0: 'Visual/Performing Arts', 1: '', 2: ''}, {0: 'Other (specify)', 1: '', 2: ''}]]","<table> <tr> <td> Distribution of high school units </td> <td> Required </td> <td> Recommended </td> </tr> <tr> <td> Total academic units </td> <td> 16 </td> <td> </td> </tr> <tr> <td> English </td> <td> 4 </td> <td> </td> </tr> <tr> <td> Mathematics </td> <td> 4 </td> <td> </td> </tr> <tr> <td> Science </td> <td> 3 </td> <td> </td> </tr> <tr> <td> Of these, units that must be </td> <td> 1 </td> <td> </td> </tr> <tr> <td> Foreign language </td> <td> 2 </td> <td> </td> </tr> <tr> <td> Social studies </td> <td> 1 </td> <td> </td> </tr> <tr> <td> History </td> <td> 2 </td> <td> </td> </tr> <tr> <td> Academic electives </td> <td> </td> <td> </td> </tr> <tr> <td> Computer Science </td> <td> </td> <td> </td> </tr> <tr> <td> Visual/Performing Arts </td> <td> </td> <td> </td> </tr> <tr> <td> Other (specify) </td> <td> </td> <td> </td> </tr> </table>",181464,../data/cds-docs/2023-2024/181464.pdf,2023-2024
C,7,C7,"Relative importance of each of the following academic and nonacademic factors in your first-time,","[[{0: 'Academic', 1: 'Very Important', 2: 'Important', 3: 'Considered', 4: 'Not Considered'}, {0: 'Rigor of secondary school record', 1: '', 2: 'X', 3: '', 4: ''}, {0: 'Class rank', 1: '', 2: 'X', 3: '', 4: ''}, {0: 'Academic GPA', 1: '', 2: 'X', 3: '', 4: ''}, {0: 'Standardized test scores', 1: '', 2: 'X', 3: '', 4: ''}, {0: 'Application Essay', 1: '', 2: '', 3: '', 4: 'X'}, {0: 'Recommendation(s)', 1: '', 2: '', 3: '', 4: 'X'}, {0: 'Nonacademic', 1: 'Very Important', 2: 'Important', 3: 'Considered', 4: 'Not Considered'}, {0: 'Interview', 1: '', 2: '', 3: '', 4: 'X'}, {0: 'Extracurricular activities', 1: '', 2: '', 3: '', 4: 'X'}, {0: 'Talent/ability', 1: '', 2: '', 3: '', 4: 'X'}, {0: 'Character/personal qualities', 1: '', 2: '', 3: '', 4: 'X'}, {0: 'First generation', 1: '', 2: '', 3: '', 4: 'X'}, {0: 'Alumni/ae relation', 1: '', 2: '', 3: '', 4: 'X'}, {0: 'Geographical residence', 1: '', 2: '', 3: '', 4: 'X'}, {0: 'State residency', 1: '', 2: '', 3: '', 4: 'X'}, {0: 'Religious affiliation/commitment', 1: '', 2: '', 3: '', 4: 'X'}, {0: 'Volunteer work', 1: '', 2: '', 3: '', 4: 'X'}, {0: 'Work experience', 1: '', 2: '', 3: '', 4: 'X'}, {0: 'Level of applicant’s interest', 1: '', 2: '', 3: '', 4: 'X'}]]",<table> <tr> <td> Academic </td> <td> Very Important </td> <td> Important </td> <td> Considered </td> <td> Not Considered </td> </tr> <tr> <td> Rigor of secondary school record </td> <td> </td> <td> X </td> <td> </td> <td> </td> </tr> <tr> <td> Class rank </td> <td> </td> <td> X </td> <td> </td> <td> </td> </tr> <tr> <td> Academic GPA </td> <td> </td> <td> X </td> <td> </td> <td> </td> </tr> <tr> <td> Standardized test scores </td> <td> </td> <td> X </td> <td> </td> <td> </td> </tr> <tr> <td> Application Essay </td> <td> </td> <td> </td> <td> </td> <td> X </td> </tr> <tr> <td> Recommendation(s) </td> <td> </td> <td> </td> <td> </td> <td> X </td> </tr> <tr> <td> Nonacademic </td> <td> Very Important </td> <td> Important </td> <td> Considered </td> <td> Not Considered </td> </tr> <tr> <td> Interview </td> <td> </td> <td> </td> <td> </td> <td> X </td> </tr> <tr> <td> Extracurricular activities </td> <td> </td> <td> </td> <td> </td> <td> X </td> </tr> <tr> <td> Talent/ability </td> <td> </td> <td> </td> <td> </td> <td> X </td> </tr> <tr> <td> Character/personal qualities </td> <td> </td> <td> </td> <td> </td> <td> X </td> </tr> <tr> <td> First generation </td> <td> </td> <td> </td> <td> </td> <td> X </td> </tr> <tr> <td> Alumni/ae relation </td> <td> </td> <td> </td> <td> </td> <td> X </td> </tr> <tr> <td> Geographical residence </td> <td> </td> <td> </td> <td> </td> <td> X </td> </tr> <tr> <td> State residency </td> <td> </td> <td> </td> <td> </td> <td> X </td> </tr> <tr> <td> Religious affiliation/commitment </td> <td> </td> <td> </td> <td> </td> <td> X </td> </tr> <tr> <td> Volunteer work </td> <td> </td> <td> </td> <td> </td> <td> X </td> </tr> <tr> <td> Work experience </td> <td> </td> <td> </td> <td> </td> <td> X </td> </tr> <tr> <td> Level of applicant’s interest </td> <td> </td> <td> </td> <td> </td> <td> X </td> </tr> </table>,181464,../data/cds-docs/2023-2024/181464.pdf,2023-2024
C,8,C8,: SAT and ACT Policies,"[[{0: 'Yes', 1: 'No'}, {0: 'X', 1: ''}], [{0: 'Admission', 1: 'Required to be\nconsidered for\nadmission', 2: 'Required some for', 3: 'Recommended', 4: 'Not required for\nadmission, but\nconsidered if\nsubmitted', 5: 'Not considered\nfor admission,\neven if submitted'}, {0: 'SAT or ACT', 1: '', 2: '', 3: '', 4: 'X', 5: ''}, {0: 'ACT Only', 1: '', 2: '', 3: '', 4: 'X', 5: ''}, {0: 'SAT Only', 1: '', 2: '', 3: '', 4: 'X', 5: ''}]]","<table> <tr> <td> Yes </td> <td> No </td> </tr> <tr> <td> X </td> <td> </td> </tr> </table><div class=""separator""></div><table> <tr> <td> Admission </td> <td> Required to be <br/> considered for <br/> admission </td> <td> Required some for </td> <td> Recommended </td> <td> Not required for <br/> admission, but <br/> considered if <br/> submitted </td> <td> Not considered <br/> for admission, <br/> even if submitted </td> </tr> <tr> <td> SAT or ACT </td> <td> </td> <td> </td> <td> </td> <td> X </td> <td> </td> </tr> <tr> <td> ACT Only </td> <td> </td> <td> </td> <td> </td> <td> X </td> <td> </td> </tr> <tr> <td> SAT Only </td> <td> </td> <td> </td> <td> </td> <td> X </td> <td> </td> </tr> </table>",181464,../data/cds-docs/2023-2024/181464.pdf,2023-2024
C,9,C9,"Percent and number of first-time, first-year students enrolled in Fall 2023 who submitted national","[[{0: '8%', 1: '378'}, {0: '83%', 1: '3898'}]]",<table> <tr> <td> 8% </td> <td> 378 </td> </tr> <tr> <td> 83% </td> <td> 3898 </td> </tr> </table>,181464,../data/cds-docs/2023-2024/181464.pdf,2023-2024
C,10,C10,"Percent of all degree-seeking, first-time, first-year students who had high school class rank within","[[{0: 'Assessment', 1: 'Percent'}, {0: 'Percent in top tenth of high school graduating class', 1: '30%'}, {0: 'Percent in top quarter of high school graduating class', 1: '58%'}, {0: 'Percent in top half of high school graduating class', 1: '86%'}, {0: 'Percent in bottom half of high school graduating class', 1: '14%'}, {0: 'Percent in bottom quarter of high school graduating class', 1: '2%'}, {0: 'Percent of total first-time, first-year (freshmen) students who submitted\n28%\nhigh school class rank:', 1: 'Percent of total first-time, first-year (freshmen) students who submitted\n28%\nhigh school class rank:'}]]","<table> <tr> <td> Assessment </td> <td> Percent </td> </tr> <tr> <td> Percent in top tenth of high school graduating class </td> <td> 30% </td> </tr> <tr> <td> Percent in top quarter of high school graduating class </td> <td> 58% </td> </tr> <tr> <td> Percent in top half of high school graduating class </td> <td> 86% </td> </tr> <tr> <td> Percent in bottom half of high school graduating class </td> <td> 14% </td> </tr> <tr> <td> Percent in bottom quarter of high school graduating class </td> <td> 2% </td> </tr> <tr> <td colspan=""2""> Percent of total first-time, first-year (freshmen) students who submitted <br/> 28% <br/> high school class rank: </td> </tr> </table>",181464,../data/cds-docs/2023-2024/181464.pdf,2023-2024
C,11,C11,"Percentage of all enrolled, degree-seeking, first-time, first-year students who had high school","[[{0: 'Score Range', 1: 'Percent\n(Students who\nsubmitted\nscores)', 2: 'Percent\n(Students who\ndid not submit\nscores)', 3: 'Percent (All\nenrolled\nstudents)'}, {0: 'Percent who had GPA of 4.0', 1: '19%', 2: '4%', 3: '17%'}, {0: 'Percent who had GPA between 3.75 and 3.99', 1: '34%', 2: '22%', 3: '33%'}, {0: 'Percent who had GPA between 3.50 and 3.74', 1: '19%', 2: '24%', 3: '20%'}, {0: 'Percent who had GPA between 3.25 and 3.49', 1: '13%', 2: '20%', 3: '13%'}, {0: 'Percent who had GPA between 3.00 and 3.24', 1: '9%', 2: '18%', 3: '10%'}, {0: 'Percent who had GPA between 2.50 and 2.99', 1: '5%', 2: '9%', 3: '5%'}, {0: 'Percent who had GPA between 2.0 and 2.49', 1: '1%', 2: '3%', 3: '2%'}, {0: 'Percent who had GPA between 1.0 and 1.99', 1: '', 2: '', 3: ''}]]",<table> <tr> <td> Score Range </td> <td> Percent <br/> (Students who <br/> submitted <br/> scores) </td> <td> Percent <br/> (Students who <br/> did not submit <br/> scores) </td> <td> Percent (All <br/> enrolled <br/> students) </td> </tr> <tr> <td> Percent who had GPA of 4.0 </td> <td> 19% </td> <td> 4% </td> <td> 17% </td> </tr> <tr> <td> Percent who had GPA between 3.75 and 3.99 </td> <td> 34% </td> <td> 22% </td> <td> 33% </td> </tr> <tr> <td> Percent who had GPA between 3.50 and 3.74 </td> <td> 19% </td> <td> 24% </td> <td> 20% </td> </tr> <tr> <td> Percent who had GPA between 3.25 and 3.49 </td> <td> 13% </td> <td> 20% </td> <td> 13% </td> </tr> <tr> <td> Percent who had GPA between 3.00 and 3.24 </td> <td> 9% </td> <td> 18% </td> <td> 10% </td> </tr> <tr> <td> Percent who had GPA between 2.50 and 2.99 </td> <td> 5% </td> <td> 9% </td> <td> 5% </td> </tr> <tr> <td> Percent who had GPA between 2.0 and 2.49 </td> <td> 1% </td> <td> 3% </td> <td> 2% </td> </tr> <tr> <td> Percent who had GPA between 1.0 and 1.99 </td> <td> </td> <td> </td> <td> </td> </tr> </table>,181464,../data/cds-docs/2023-2024/181464.pdf,2023-2024
C,14,C14,Application closing date,"[[{0: '', 1: 'Date'}, {0: 'Application closing date (fall)', 1: '1-May'}, {0: 'Priority Date', 1: '1-Nov'}]]",<table> <tr> <td> </td> <td> Date </td> </tr> <tr> <td> Application closing date (fall) </td> <td> 1-May </td> </tr> <tr> <td> Priority Date </td> <td> 1-Nov </td> </tr> </table>,181464,../data/cds-docs/2023-2024/181464.pdf,2023-2024
D,2,D2,"Provide the number of students who applied, were admitted, and enrolled as degree-seeking transfer","[[{0: 'Transfer Admission', 1: 'Applicants', 2: 'Admitted', 3: 'Enrolled'}, {0: 'Men', 1: '1,045', 2: '554', 3: '383'}, {0: 'Women', 1: '1,009', 2: '504', 3: '345'}, {0: 'Another Gender', 1: '4', 2: '1', 3: '1'}, {0: 'Total', 1: '2,058', 2: '1,059', 3: '729'}]]","<table> <tr> <td> Transfer Admission </td> <td> Applicants </td> <td> Admitted </td> <td> Enrolled </td> </tr> <tr> <td> Men </td> <td> 1,045 </td> <td> 554 </td> <td> 383 </td> </tr> <tr> <td> Women </td> <td> 1,009 </td> <td> 504 </td> <td> 345 </td> </tr> <tr> <td> Another Gender </td> <td> 4 </td> <td> 1 </td> <td> 1 </td> </tr> <tr> <td> Total </td> <td> 2,058 </td> <td> 1,059 </td> <td> 729 </td> </tr> </table>",181464,../data/cds-docs/2023-2024/181464.pdf,2023-2024
D,9,D9,"List application priority, closing, notification, and candidate reply dates for transfer students. If applications","[[{0: 'Term', 1: 'Priority Date', 2: 'Closing Date', 3: 'Notification Date', 4: 'Reply Date', 5: 'Rolling\nAdmission'}, {0: 'Fall', 1: '3/1', 2: '5/1', 3: '', 4: '', 5: 'X'}, {0: 'Winter', 1: '', 2: '', 3: '', 4: '', 5: ''}, {0: 'Spring', 1: '10/1', 2: '12/1', 3: '', 4: '', 5: 'X'}, {0: 'Summer', 1: '3/1', 2: '5/1', 3: '', 4: '', 5: 'X'}]]",<table> <tr> <td> Term </td> <td> Priority Date </td> <td> Closing Date </td> <td> Notification Date </td> <td> Reply Date </td> <td> Rolling <br/> Admission </td> </tr> <tr> <td> Fall </td> <td> 3/1 </td> <td> 5/1 </td> <td> </td> <td> </td> <td> X </td> </tr> <tr> <td> Winter </td> <td> </td> <td> </td> <td> </td> <td> </td> <td> </td> </tr> <tr> <td> Spring </td> <td> 10/1 </td> <td> 12/1 </td> <td> </td> <td> </td> <td> X </td> </tr> <tr> <td> Summer </td> <td> 3/1 </td> <td> 5/1 </td> <td> </td> <td> </td> <td> X </td> </tr> </table>,181464,../data/cds-docs/2023-2024/181464.pdf,2023-2024
F,1,F1,"Percentages of first-time, first-year (freshman) degree-seeking students and degree-seeking undergraduates enrolled in Fall","[[{0: '', 1: 'First-time, first\ufffe\nyear students', 2: 'Undergraduates'}, {0: 'Percent who are from out of state (exclude\ninternational/nonresidents from the\nnumerator and denominator)', 1: '25%', 2: '24%'}, {0: 'Percent of men who join fraternities', 1: '22%', 2: '21%'}, {0: 'Percent of women who join sororities', 1: '27%', 2: '25%'}, {0: 'Percent who live in college-owned, -\noperated, or -affiliated housing', 1: '87%', 2: '40%'}, {0: 'Percent who live off campus or commute', 1: '13%', 2: '60%'}, {0: 'Percent of students age 25 and older', 1: '0%', 2: '4%'}, {0: 'Average age of full-time students', 1: '18', 2: '21'}, {0: 'Average age of all students (full- and part\ufffe\ntime)', 1: '18', 2: '21'}]]","<table> <tr> <td> </td> <td> First-time, first￾ <br/> year students </td> <td> Undergraduates </td> </tr> <tr> <td> Percent who are from out of state (exclude <br/> international/nonresidents from the <br/> numerator and denominator) </td> <td> 25% </td> <td> 24% </td> </tr> <tr> <td> Percent of men who join fraternities </td> <td> 22% </td> <td> 21% </td> </tr> <tr> <td> Percent of women who join sororities </td> <td> 27% </td> <td> 25% </td> </tr> <tr> <td> Percent who live in college-owned, - <br/> operated, or -affiliated housing </td> <td> 87% </td> <td> 40% </td> </tr> <tr> <td> Percent who live off campus or commute </td> <td> 13% </td> <td> 60% </td> </tr> <tr> <td> Percent of students age 25 and older </td> <td> 0% </td> <td> 4% </td> </tr> <tr> <td> Average age of full-time students </td> <td> 18 </td> <td> 21 </td> </tr> <tr> <td> Average age of all students (full- and part￾ <br/> time) </td> <td> 18 </td> <td> 21 </td> </tr> </table>",181464,../data/cds-docs/2023-2024/181464.pdf,2023-2024
F,3,F3,ROTC (program offered in cooperation with Reserve Officers' Training Corps),"[[{0: 'Programs', 1: 'Marine Option\n(for Naval ROTC)', 2: 'On Campus', 3: 'At Cooperating\nInstitution', 4: 'Name of\nCooperating\nInstitution'}, {0: 'Army ROTC is offered:', 1: '', 2: 'X', 3: '', 4: ''}, {0: 'Naval ROTC is offered:', 1: 'X', 2: 'X', 3: '', 4: ''}, {0: 'Air Force ROTC is offered:', 1: '', 2: 'X', 3: '', 4: ''}]]",<table> <tr> <td> Programs </td> <td> Marine Option <br/> (for Naval ROTC) </td> <td> On Campus </td> <td> At Cooperating <br/> Institution </td> <td> Name of <br/> Cooperating <br/> Institution </td> </tr> <tr> <td> Army ROTC is offered: </td> <td> </td> <td> X </td> <td> </td> <td> </td> </tr> <tr> <td> Naval ROTC is offered: </td> <td> X </td> <td> X </td> <td> </td> <td> </td> </tr> <tr> <td> Air Force ROTC is offered: </td> <td> </td> <td> X </td> <td> </td> <td> </td> </tr> </table>,181464,../data/cds-docs/2023-2024/181464.pdf,2023-2024
G,1,G1,"Undergraduate full-time tuition, required fees, food and housing","[[{0: 'PRIVATE INSTITUTIONS', 1: 'First-Year', 2: 'Undergraduates'}, {0: 'Tuition:', 1: '', 2: ''}], [{0: 'PUBLIC INSTITUTIONS', 1: 'First-Year', 2: 'Undergraduates'}, {0: 'Tuition: In-district', 1: '$8,310', 2: '$8,310'}, {0: 'Tuition: In-state (out-of-district):', 1: '$8,310', 2: '$8,310'}, {0: 'Tuition: Out-of-state:', 1: '$26,640', 2: '$26,640'}, {0: 'Tuition: Non-resident', 1: '$26,640', 2: '$26,640'}, {0: 'FOR ALL INSTITUTIONS', 1: 'First-Year', 2: 'Undergraduates'}, {0: 'Required Fees:', 1: '$2,124', 2: '$2,124'}, {0: 'Food and housing (on-campus):', 1: '$14,120', 2: '$14,120'}, {0: 'Housing Only (on-campus):', 1: '$8,120', 2: '$8,120'}, {0: 'Food Only (on-campus meal plan):', 1: '$6,000', 2: '$6,000'}]]","<table> <tr> <td> PRIVATE INSTITUTIONS </td> <td> First-Year </td> <td> Undergraduates </td> </tr> <tr> <td> Tuition: </td> <td> </td> <td> </td> </tr> </table><div class=""separator""></div><table> <tr> <td> PUBLIC INSTITUTIONS </td> <td> First-Year </td> <td> Undergraduates </td> </tr> <tr> <td> Tuition: In-district </td> <td> $8,310 </td> <td> $8,310 </td> </tr> <tr> <td> Tuition: In-state (out-of-district): </td> <td> $8,310 </td> <td> $8,310 </td> </tr> <tr> <td> Tuition: Out-of-state: </td> <td> $26,640 </td> <td> $26,640 </td> </tr> <tr> <td> Tuition: Non-resident </td> <td> $26,640 </td> <td> $26,640 </td> </tr> <tr> <td> FOR ALL INSTITUTIONS </td> <td> First-Year </td> <td> Undergraduates </td> </tr> <tr> <td> Required Fees: </td> <td> $2,124 </td> <td> $2,124 </td> </tr> <tr> <td> Food and housing (on-campus): </td> <td> $14,120 </td> <td> $14,120 </td> </tr> <tr> <td> Housing Only (on-campus): </td> <td> $8,120 </td> <td> $8,120 </td> </tr> <tr> <td> Food Only (on-campus meal plan): </td> <td> $6,000 </td> <td> $6,000 </td> </tr> </table>",181464,../data/cds-docs/2023-2024/181464.pdf,2023-2024
G,2,G2,Number of credits per term a student can take for the stated,"[[{0: '', 1: 'X'}, {0: 'X', 1: ''}]]",<table> <tr> <td> </td> <td> X </td> </tr> <tr> <td> X </td> <td> </td> </tr> </table>,181464,../data/cds-docs/2023-2024/181464.pdf,2023-2024
G,5,G5,Provide the estimated expenses for a typical full-time undergraduate student:,"[[{0: '', 1: 'Residents', 2: 'Commuters', 3: 'Commuters'}, {0: 'Books and supplies:', 1: '$1,100', 2: '$1,100', 3: '$1,100'}, {0: 'Housing only:', 1: 'Not Applicable', 2: 'Not Applicable', 3: ''}, {0: 'Food only:', 1: 'Not Applicable', 2: '$6,826', 3: ''}, {0: 'Food and housing total*', 1: 'Not Applicable', 2: 'Not Applicable', 3: '$14,120'}, {0: 'Transportation:', 1: '', 2: '', 3: ''}, {0: 'Other expenses:', 1: '$3,056', 2: '$3,056', 3: '$3,056'}]]","<table> <tr> <td> </td> <td> Residents </td> <td> Commuters </td> <td> Commuters </td> </tr> <tr> <td> Books and supplies: </td> <td> $1,100 </td> <td> $1,100 </td> <td> $1,100 </td> </tr> <tr> <td> Housing only: </td> <td> Not Applicable </td> <td> Not Applicable </td> <td> </td> </tr> <tr> <td> Food only: </td> <td> Not Applicable </td> <td> $6,826 </td> <td> </td> </tr> <tr> <td> Food and housing total* </td> <td> Not Applicable </td> <td> Not Applicable </td> <td> $14,120 </td> </tr> <tr> <td> Transportation: </td> <td> </td> <td> </td> <td> </td> </tr> <tr> <td> Other expenses: </td> <td> $3,056 </td> <td> $3,056 </td> <td> $3,056 </td> </tr> </table>",181464,../data/cds-docs/2023-2024/181464.pdf,2023-2024
G,6,G6,Undergraduate per-credit-hour charges (tuition only):,"[[{0: 'PRIVATE INSTITUTIONS:', 1: ''}, {0: 'PUBLIC INSTITUTIONS:', 1: ''}, {0: 'In-district:', 1: '$277.00'}, {0: 'In-state (out-of-district):', 1: '$277.00'}, {0: 'Out-of-state:', 1: '$888.00'}, {0: 'NONRESIDENTS:', 1: '$888.00'}]]",<table> <tr> <td> PRIVATE INSTITUTIONS: </td> <td> </td> </tr> <tr> <td> PUBLIC INSTITUTIONS: </td> <td> </td> </tr> <tr> <td> In-district: </td> <td> $277.00 </td> </tr> <tr> <td> In-state (out-of-district): </td> <td> $277.00 </td> </tr> <tr> <td> Out-of-state: </td> <td> $888.00 </td> </tr> <tr> <td> NONRESIDENTS: </td> <td> $888.00 </td> </tr> </table>,181464,../data/cds-docs/2023-2024/181464.pdf,2023-2024
H,2,H2,", A, and H6 below:","[[{0: 'Aid Awarded', 1: 'Need-based', 2: 'Non-need\ufffe'}, {0: 'Scholarships/Grants', 1: '', 2: ''}, {0: 'Federal', 1: '$21,451,371', 2: '$626,221'}, {0: 'State all states, not only the state in which your institution is located', 1: '$5,727,880', 2: '$0'}, {0: 'Institutional: Endowed scholarships, annual gifts and tuition funded\ngrants, awarded by the college, excluding athletic aid and tuition\nwaivers (which are reported below).', 1: '$48,439,544', 2: '$55,507,254'}, {0: 'Scholarships/grants from external sources (e.g. Kiwanis, National\nMerit) not awarded by the college', 1: '$13,258,986', 2: '$4,121,476'}, {0: 'Total Scholarships/Grants', 1: '$88,877,781', 2: '$60,254,951'}, {0: 'Self-Help', 1: '', 2: ''}, {0: 'Student loans from all sources (excluding parent loans)', 1: '$26,211,614', 2: '$13,195,819'}, {0: 'Federal Work-Study', 1: '$3,383,594', 2: ''}, {0: 'State and other (e.g., institutional) work-study/employment (Note:\nExcludes Federal Work-Study captured above.)', 1: '', 2: ''}, {0: 'Total Self-Help', 1: '$29,595,208', 2: '$13,195,819'}, {0: 'Parent Loans', 1: '$13,995,777', 2: '$14,886,927'}, {0: 'Tuition Waivers\nNote: Reporting is optional. Report tuition waivers in this row if you\nchoose to report them. Do not report tuition waivers elsewhere.', 1: '', 2: ''}, {0: 'Athletic Awards', 1: '', 2: '$11,879,532'}], [{0: '', 1: 'Number of Enrolled Students Awarded Aid', 2: 'First-time Full\ufffe\ntime Freshmen', 3: 'Full-time\nUndergrad\n(Incl. Fresh)', 4: 'Less Full-time Than\nUndergrad'}, {0: 'A', 1: 'Number of degree-seeking undergraduate students\n(CDS Item B1 if reporting on Fall 2023 cohort)', 2: '4616', 3: '18170', 4: '927'}, {0: 'B', 1: 'Number of students in line a who applied for need-based\nfinancial aid', 2: '4160', 3: '12327', 4: '340'}, {0: 'C', 1: 'Number of students in line b who were determined to', 2: '2662', 3: '8534', 4: '256'}, {0: 'D', 1: 'Number of students in line c who were awarded any', 2: '2649', 3: '8446', 4: '237'}, {0: 'E', 1: 'Number of students in line d who were awarded any', 2: '2559', 3: '8043', 4: '181'}, {0: 'F', 1: 'Number of students in line d who were awarded any', 2: '1,469', 3: '4,441', 4: '111'}, {0: 'G', 1: 'Number of students in line d who were awarded any non-', 2: '391', 3: '972', 4: '3'}, {0: 'H', 1: 'Number of students in line d whose need was fully met', 2: '664', 3: '1,779', 4: '14'}, {0: 'I', 1: 'On average, the percentage of need that was met of', 2: '76%', 3: '70%', 4: '45%'}, {0: 'J', 1: 'The average financial aid package of those in line d.', 2: '$ 16,099', 3: '$ 15,228', 4: '$ 8,072'}, {0: 'K', 1: 'Average need-based scholarship and grant award of\nthose in line e', 2: '$ 10,094', 3: '$ 9,501', 4: '$ 4,673'}, {0: 'L', 1: 'Average need-based self-help award (excluding PLUS\nloans, unsubsidized loans, and private alternative loans)\nof those in line f', 2: '$ 3,850', 3: '$ 4,292', 4: '$ 3,470'}, {0: 'M', 1: 'Average need-based loan (excluding PLUS loans,', 2: '$ 3,401', 3: '$ 4,066', 4: '$ 3,446'}], [{0: '', 1: 'Number of Enrolled Students Awarded Non-need\ufffe\nbased Scholarships and Grants', 2: 'First-time\nFull-time\nFreshmen', 3: 'Full-time\nUndergrad\n(Incl. Fresh.)', 4: 'Less Full-time Than\nUndergrad'}, {0: 'N', 1: 'Number of students in line a who had no financial need\nand who were awarded institutional non-need-based\nscholarship or grant aid (exclude those who were\nawarded athletic awards and tuition benefits)', 2: '1397', 3: '3357', 4: '36'}, {0: 'O', 1: 'Average dollar amount of institutional non-need-based', 2: '$ 7,608', 3: '$ 7,123', 4: '$ 1,281'}, {0: 'P', 1: 'Number of students in line a who were awarded an', 2: '105', 3: '527', 4: ''}, {0: 'Q', 1: 'Average dollar amount of institutional non-need-based', 2: '$ 16,982', 3: '$ 22,786', 4: ''}]]","<table> <tr> <td> Aid Awarded </td> <td> Need-based </td> <td> Non-need￾ </td> </tr> <tr> <td> Scholarships/Grants </td> <td> </td> <td> </td> </tr> <tr> <td> Federal </td> <td> $21,451,371 </td> <td> $626,221 </td> </tr> <tr> <td> State all states, not only the state in which your institution is located </td> <td> $5,727,880 </td> <td> $0 </td> </tr> <tr> <td> Institutional: Endowed scholarships, annual gifts and tuition funded <br/> grants, awarded by the college, excluding athletic aid and tuition <br/> waivers (which are reported below). </td> <td> $48,439,544 </td> <td> $55,507,254 </td> </tr> <tr> <td> Scholarships/grants from external sources (e.g. Kiwanis, National <br/> Merit) not awarded by the college </td> <td> $13,258,986 </td> <td> $4,121,476 </td> </tr> <tr> <td> Total Scholarships/Grants </td> <td> $88,877,781 </td> <td> $60,254,951 </td> </tr> <tr> <td> Self-Help </td> <td> </td> <td> </td> </tr> <tr> <td> Student loans from all sources (excluding parent loans) </td> <td> $26,211,614 </td> <td> $13,195,819 </td> </tr> <tr> <td> Federal Work-Study </td> <td> $3,383,594 </td> <td> </td> </tr> <tr> <td> State and other (e.g., institutional) work-study/employment (Note: <br/> Excludes Federal Work-Study captured above.) </td> <td> </td> <td> </td> </tr> <tr> <td> Total Self-Help </td> <td> $29,595,208 </td> <td> $13,195,819 </td> </tr> <tr> <td> Parent Loans </td> <td> $13,995,777 </td> <td> $14,886,927 </td> </tr> <tr> <td> Tuition Waivers <br/> Note: Reporting is optional. Report tuition waivers in this row if you <br/> choose to report them. Do not report tuition waivers elsewhere. </td> <td> </td> <td> </td> </tr> <tr> <td> Athletic Awards </td> <td> </td> <td> $11,879,532 </td> </tr> </table><div class=""separator""></div><table> <tr> <td> </td> <td> Number of Enrolled Students Awarded Aid </td> <td> First-time Full￾ <br/> time Freshmen </td> <td> Full-time <br/> Undergrad <br/> (Incl. Fresh) </td> <td> Less Full-time Than <br/> Undergrad </td> </tr> <tr> <td> A </td> <td> Number of degree-seeking undergraduate students <br/> (CDS Item B1 if reporting on Fall 2023 cohort) </td> <td> 4616 </td> <td> 18170 </td> <td> 927 </td> </tr> <tr> <td> B </td> <td> Number of students in line a who applied for need-based <br/> financial aid </td> <td> 4160 </td> <td> 12327 </td> <td> 340 </td> </tr> <tr> <td> C </td> <td> Number of students in line b who were determined to </td> <td> 2662 </td> <td> 8534 </td> <td> 256 </td> </tr> <tr> <td> D </td> <td> Number of students in line c who were awarded any </td> <td> 2649 </td> <td> 8446 </td> <td> 237 </td> </tr> <tr> <td> E </td> <td> Number of students in line d who were awarded any </td> <td> 2559 </td> <td> 8043 </td> <td> 181 </td> </tr> <tr> <td> F </td> <td> Number of students in line d who were awarded any </td> <td> 1,469 </td> <td> 4,441 </td> <td> 111 </td> </tr> <tr> <td> G </td> <td> Number of students in line d who were awarded any non- </td> <td> 391 </td> <td> 972 </td> <td> 3 </td> </tr> <tr> <td> H </td> <td> Number of students in line d whose need was fully met </td> <td> 664 </td> <td> 1,779 </td> <td> 14 </td> </tr> <tr> <td> I </td> <td> On average, the percentage of need that was met of </td> <td> 76% </td> <td> 70% </td> <td> 45% </td> </tr> <tr> <td> J </td> <td> The average financial aid package of those in line d. </td> <td> $ 16,099 </td> <td> $ 15,228 </td> <td> $ 8,072 </td> </tr> <tr> <td> K </td> <td> Average need-based scholarship and grant award of <br/> those in line e </td> <td> $ 10,094 </td> <td> $ 9,501 </td> <td> $ 4,673 </td> </tr> <tr> <td> L </td> <td> Average need-based self-help award (excluding PLUS <br/> loans, unsubsidized loans, and private alternative loans) <br/> of those in line f </td> <td> $ 3,850 </td> <td> $ 4,292 </td> <td> $ 3,470 </td> </tr> <tr> <td> M </td> <td> Average need-based loan (excluding PLUS loans, </td> <td> $ 3,401 </td> <td> $ 4,066 </td> <td> $ 3,446 </td> </tr> </table><div class=""separator""></div><table> <tr> <td> </td> <td> Number of Enrolled Students Awarded Non-need￾ <br/> based Scholarships and Grants </td> <td> First-time <br/> Full-time <br/> Freshmen </td> <td> Full-time <br/> Undergrad <br/> (Incl. Fresh.) </td> <td> Less Full-time Than <br/> Undergrad </td> </tr> <tr> <td> N </td> <td> Number of students in line a who had no financial need <br/> and who were awarded institutional non-need-based <br/> scholarship or grant aid (exclude those who were <br/> awarded athletic awards and tuition benefits) </td> <td> 1397 </td> <td> 3357 </td> <td> 36 </td> </tr> <tr> <td> O </td> <td> Average dollar amount of institutional non-need-based </td> <td> $ 7,608 </td> <td> $ 7,123 </td> <td> $ 1,281 </td> </tr> <tr> <td> P </td> <td> Number of students in line a who were awarded an </td> <td> 105 </td> <td> 527 </td> <td> </td> </tr> <tr> <td> Q </td> <td> Average dollar amount of institutional non-need-based </td> <td> $ 16,982 </td> <td> $ 22,786 </td> <td> </td> </tr> </table>",181464,../data/cds-docs/2023-2024/181464.pdf,2023-2024
H,14,H14,Check off criteria used in awarding institutional aid. Check all that apply.,"[[{0: '', 1: 'Non-Need Based', 2: 'Need-Based'}, {0: 'Academics', 1: 'X', 2: ''}, {0: 'Alumni affiliation', 1: 'X', 2: ''}, {0: 'Art', 1: 'X', 2: ''}, {0: 'Athletics', 1: 'X', 2: ''}, {0: 'Job skills', 1: '', 2: ''}, {0: 'ROTC', 1: '', 2: ''}, {0: 'Leadership', 1: 'X', 2: ''}, {0: 'Minority status', 1: '', 2: ''}, {0: 'Music/drama', 1: 'X', 2: 'X'}, {0: 'Religious affiliation', 1: '', 2: ''}, {0: 'State/district residency', 1: 'X', 2: ''}]]",<table> <tr> <td> </td> <td> Non-Need Based </td> <td> Need-Based </td> </tr> <tr> <td> Academics </td> <td> X </td> <td> </td> </tr> <tr> <td> Alumni affiliation </td> <td> X </td> <td> </td> </tr> <tr> <td> Art </td> <td> X </td> <td> </td> </tr> <tr> <td> Athletics </td> <td> X </td> <td> </td> </tr> <tr> <td> Job skills </td> <td> </td> <td> </td> </tr> <tr> <td> ROTC </td> <td> </td> <td> </td> </tr> <tr> <td> Leadership </td> <td> X </td> <td> </td> </tr> <tr> <td> Minority status </td> <td> </td> <td> </td> </tr> <tr> <td> Music/drama </td> <td> X </td> <td> X </td> </tr> <tr> <td> Religious affiliation </td> <td> </td> <td> </td> </tr> <tr> <td> State/district residency </td> <td> X </td> <td> </td> </tr> </table>,181464,../data/cds-docs/2023-2024/181464.pdf,2023-2024
J,1,J1,"Degrees conferred between July 1, 2022 and June 30, 2023","[[{0: 'Category', 1: 'Diploma/Certificates', 2: 'Associate', 3: 'Bachelor’s', 4: 'CIP 2020 Categories\nto Include'}, {0: 'Agriculture', 1: '', 2: '', 3: '9.3', 4: '01'}, {0: 'Natural resources and conservation', 1: '', 2: '', 3: '2.2', 4: '03'}, {0: 'Architecture', 1: '', 2: '', 3: '2.6', 4: '04'}, {0: 'Area, ethnic, and gender studies', 1: '', 2: '', 3: '0.2', 4: '05'}, {0: 'Communication/journalism', 1: '', 2: '', 3: '7.1', 4: '09'}, {0: 'Communication technologies', 1: '', 2: '', 3: '', 4: '10'}, {0: 'Computer and information sciences', 1: '', 2: '', 3: '2.8', 4: '11'}, {0: 'Personal and culinary services', 1: '', 2: '', 3: '', 4: '12'}, {0: 'Education', 1: '', 2: '', 3: '6.8', 4: '13'}, {0: 'Engineering', 1: '', 2: '', 3: '10.9', 4: '14'}, {0: 'Engineering technologies', 1: '', 2: '', 3: '1', 4: '15'}, {0: 'Foreign languages, literatures, and linguistics', 1: '', 2: '', 3: '0.5', 4: '16'}, {0: 'Family and consumer sciences', 1: '', 2: '', 3: '7.6', 4: '19'}, {0: 'Law/legal studies', 1: '', 2: '', 3: '0.1', 4: '22'}, {0: 'English', 1: '', 2: '', 3: '1.2', 4: '23'}, {0: 'Liberal arts/general studies', 1: '', 2: '', 3: '0', 4: '24'}, {0: 'Library science', 1: '', 2: '', 3: '', 4: '25'}, {0: 'Biological/life sciences', 1: '', 2: '', 3: '6', 4: '26'}, {0: 'Mathematics and statistics', 1: '', 2: '', 3: '1.4', 4: '27'}, {0: 'Military science and military technologies', 1: '', 2: '', 3: '', 4: '28 & 29'}, {0: 'Interdisciplinary studies', 1: '', 2: '', 3: '0.7', 4: '30'}, {0: 'Parks and recreation', 1: '', 2: '', 3: '', 4: '31'}, {0: 'Philosophy and religious studies', 1: '', 2: '', 3: '0.2', 4: '38'}, {0: 'Theology and religious vocations', 1: '', 2: '', 3: '', 4: '39'}, {0: 'Physical sciences', 1: '', 2: '', 3: '1.2', 4: '40'}, {0: 'Science technologies', 1: '', 2: '', 3: '', 4: '41'}, {0: 'Psychology', 1: '', 2: '', 3: '5.3', 4: '42'}, {0: 'Homeland Security, law enforcement, firefighting,', 1: '', 2: '', 3: '0.9', 4: '43'}, {0: 'Public administration and social services', 1: '', 2: '', 3: '', 4: '44'}, {0: 'Social sciences', 1: '', 2: '', 3: '3.6', 4: '45'}, {0: 'Construction trades', 1: '', 2: '', 3: '', 4: '46'}, {0: 'Mechanic and repair technologies', 1: '', 2: '', 3: '', 4: '47'}, {0: 'Precision production', 1: '', 2: '', 3: '', 4: '48'}, {0: 'Transportation and materials moving', 1: '', 2: '', 3: '', 4: '49'}, {0: 'Visual and performing arts', 1: '', 2: '', 3: '3.4', 4: '50'}, {0: 'Health professions and related programs', 1: '', 2: '', 3: '1.1', 4: '51'}, {0: 'Business/marketing', 1: '', 2: '', 3: '23.3', 4: '52'}, {0: 'History', 1: '', 2: '', 3: '0.6', 4: '54'}, {0: 'Other', 1: '', 2: '', 3: '', 4: ''}, {0: 'TOTAL (should = 100%)', 1: '0.00%', 2: '0.00%', 3: '100%', 4: ''}]]","<table> <tr> <td> Category </td> <td> Diploma/Certificates </td> <td> Associate </td> <td> Bachelor’s </td> <td> CIP 2020 Categories <br/> to Include </td> </tr> <tr> <td> Agriculture </td> <td> </td> <td> </td> <td> 9.3 </td> <td> 01 </td> </tr> <tr> <td> Natural resources and conservation </td> <td> </td> <td> </td> <td> 2.2 </td> <td> 03 </td> </tr> <tr> <td> Architecture </td> <td> </td> <td> </td> <td> 2.6 </td> <td> 04 </td> </tr> <tr> <td> Area, ethnic, and gender studies </td> <td> </td> <td> </td> <td> 0.2 </td> <td> 05 </td> </tr> <tr> <td> Communication/journalism </td> <td> </td> <td> </td> <td> 7.1 </td> <td> 09 </td> </tr> <tr> <td> Communication technologies </td> <td> </td> <td> </td> <td> </td> <td> 10 </td> </tr> <tr> <td> Computer and information sciences </td> <td> </td> <td> </td> <td> 2.8 </td> <td> 11 </td> </tr> <tr> <td> Personal and culinary services </td> <td> </td> <td> </td> <td> </td> <td> 12 </td> </tr> <tr> <td> Education </td> <td> </td> <td> </td> <td> 6.8 </td> <td> 13 </td> </tr> <tr> <td> Engineering </td> <td> </td> <td> </td> <td> 10.9 </td> <td> 14 </td> </tr> <tr> <td> Engineering technologies </td> <td> </td> <td> </td> <td> 1 </td> <td> 15 </td> </tr> <tr> <td> Foreign languages, literatures, and linguistics </td> <td> </td> <td> </td> <td> 0.5 </td> <td> 16 </td> </tr> <tr> <td> Family and consumer sciences </td> <td> </td> <td> </td> <td> 7.6 </td> <td> 19 </td> </tr> <tr> <td> Law/legal studies </td> <td> </td> <td> </td> <td> 0.1 </td> <td> 22 </td> </tr> <tr> <td> English </td> <td> </td> <td> </td> <td> 1.2 </td> <td> 23 </td> </tr> <tr> <td> Liberal arts/general studies </td> <td> </td> <td> </td> <td> 0 </td> <td> 24 </td> </tr> <tr> <td> Library science </td> <td> </td> <td> </td> <td> </td> <td> 25 </td> </tr> <tr> <td> Biological/life sciences </td> <td> </td> <td> </td> <td> 6 </td> <td> 26 </td> </tr> <tr> <td> Mathematics and statistics </td> <td> </td> <td> </td> <td> 1.4 </td> <td> 27 </td> </tr> <tr> <td> Military science and military technologies </td> <td> </td> <td> </td> <td> </td> <td> 28 &amp; 29 </td> </tr> <tr> <td> Interdisciplinary studies </td> <td> </td> <td> </td> <td> 0.7 </td> <td> 30 </td> </tr> <tr> <td> Parks and recreation </td> <td> </td> <td> </td> <td> </td> <td> 31 </td> </tr> <tr> <td> Philosophy and religious studies </td> <td> </td> <td> </td> <td> 0.2 </td> <td> 38 </td> </tr> <tr> <td> Theology and religious vocations </td> <td> </td> <td> </td> <td> </td> <td> 39 </td> </tr> <tr> <td> Physical sciences </td> <td> </td> <td> </td> <td> 1.2 </td> <td> 40 </td> </tr> <tr> <td> Science technologies </td> <td> </td> <td> </td> <td> </td> <td> 41 </td> </tr> <tr> <td> Psychology </td> <td> </td> <td> </td> <td> 5.3 </td> <td> 42 </td> </tr> <tr> <td> Homeland Security, law enforcement, firefighting, </td> <td> </td> <td> </td> <td> 0.9 </td> <td> 43 </td> </tr> <tr> <td> Public administration and social services </td> <td> </td> <td> </td> <td> </td> <td> 44 </td> </tr> <tr> <td> Social sciences </td> <td> </td> <td> </td> <td> 3.6 </td> <td> 45 </td> </tr> <tr> <td> Construction trades </td> <td> </td> <td> </td> <td> </td> <td> 46 </td> </tr> <tr> <td> Mechanic and repair technologies </td> <td> </td> <td> </td> <td> </td> <td> 47 </td> </tr> <tr> <td> Precision production </td> <td> </td> <td> </td> <td> </td> <td> 48 </td> </tr> <tr> <td> Transportation and materials moving </td> <td> </td> <td> </td> <td> </td> <td> 49 </td> </tr> <tr> <td> Visual and performing arts </td> <td> </td> <td> </td> <td> 3.4 </td> <td> 50 </td> </tr> <tr> <td> Health professions and related programs </td> <td> </td> <td> </td> <td> 1.1 </td> <td> 51 </td> </tr> <tr> <td> Business/marketing </td> <td> </td> <td> </td> <td> 23.3 </td> <td> 52 </td> </tr> <tr> <td> History </td> <td> </td> <td> </td> <td> 0.6 </td> <td> 54 </td> </tr> <tr> <td> Other </td> <td> </td> <td> </td> <td> </td> <td> </td> </tr> <tr> <td> TOTAL (should = 100%) </td> <td> 0.00% </td> <td> 0.00% </td> <td> 100% </td> <td> </td> </tr> </table>",181464,../data/cds-docs/2023-2024/181464.pdf,2023-2024
B,1,B1,Institutional Enrollment - Men and Women,"[[{0: '', 1: 'FULL-TIME', 2: 'FULL-TIME', 3: 'FULL-TIME', 4: 'PART-TIME', 5: 'PART-TIME', 6: 'PART-TIME'}, {0: '', 1: 'Men\nWomen Another Gender', 2: 'Men\nWomen Another Gender', 3: 'Men\nWomen Another Gender', 4: 'Men\nWomen Another Gender', 5: 'Men\nWomen Another Gender', 6: 'Men\nWomen Another Gender'}, {0: 'Undergraduates', 1: 'Undergraduates', 2: 'Undergraduates', 3: 'Undergraduates', 4: 'Undergraduates', 5: 'Undergraduates', 6: 'Undergraduates'}, {0: 'Degree-seeking, first-time, first\ufffe\nyear', 1: '2244', 2: '2,372', 3: '0', 4: '12', 5: '12', 6: '0'}, {0: 'Other first-year, degree-seeking', 1: '366', 2: '279', 3: '0', 4: '26', 5: '11', 6: '0'}, {0: 'All other degree-seeking', 1: '6,405', 2: '6,504', 3: '0', 4: '521', 5: '345', 6: '0'}, {0: 'Total degree-seeking', 1: '9,015', 2: '9,155', 3: '0', 4: '559', 5: '368', 6: '0'}, {0: 'All other undergraduates', 1: '1', 2: '4', 3: '0', 4: '41', 5: '46', 6: '0'}, {0: 'Total undergraduates', 1: '9,016', 2: '9,159', 3: '0', 4: '600', 5: '414', 6: '0'}, {0: 'Graduate', 1: 'Graduate', 2: 'Graduate', 3: 'Graduate', 4: 'Graduate', 5: 'Graduate', 6: 'Graduate'}, {0: 'Degree-seeking, first-time', 1: '379', 2: '380', 3: '0', 4: '107', 5: '167', 6: '1'}, {0: 'All other degree-seeking', 1: '882', 2: '823', 3: '1', 4: '750', 5: '785', 6: '0'}, {0: 'All other graduates enrolled in', 1: '32', 2: '23', 3: '0', 4: '102', 5: '184', 6: '0'}, {0: 'Total graduate', 1: '1293', 2: '1226', 3: '1', 4: '959', 5: '1136', 6: '1'}, {0: 'Total all students', 1: '10,309', 2: '10,385', 3: '1', 4: '1,559', 5: '1,550', 6: '1'}]]","<table> <tr> <td rowspan=""2""> </td> <td colspan=""3""> FULL-TIME </td> <td colspan=""3""> PART-TIME </td> </tr> <tr> <td colspan=""3""> Men <br/> Women Another Gender </td> <td colspan=""3""> Men <br/> Women Another Gender </td> </tr> <tr> <td colspan=""7""> Undergraduates </td> </tr> <tr> <td> Degree-seeking, first-time, first￾ <br/> year </td> <td> 2244 </td> <td> 2,372 </td> <td> 0 </td> <td> 12 </td> <td> 12 </td> <td> 0 </td> </tr> <tr> <td> Other first-year, degree-seeking </td> <td> 366 </td> <td> 279 </td> <td> 0 </td> <td> 26 </td> <td> 11 </td> <td> 0 </td> </tr> <tr> <td> All other degree-seeking </td> <td> 6,405 </td> <td> 6,504 </td> <td> 0 </td> <td> 521 </td> <td> 345 </td> <td> 0 </td> </tr> <tr> <td> Total degree-seeking </td> <td> 9,015 </td> <td> 9,155 </td> <td> 0 </td> <td> 559 </td> <td> 368 </td> <td> 0 </td> </tr> <tr> <td> All other undergraduates </td> <td> 1 </td> <td> 4 </td> <td> 0 </td> <td> 41 </td> <td> 46 </td> <td> 0 </td> </tr> <tr> <td> Total undergraduates </td> <td> 9,016 </td> <td> 9,159 </td> <td> 0 </td> <td> 600 </td> <td> 414 </td> <td> 0 </td> </tr> <tr> <td colspan=""7""> Graduate </td> </tr> <tr> <td> Degree-seeking, first-time </td> <td> 379 </td> <td> 380 </td> <td> 0 </td> <td> 107 </td> <td> 167 </td> <td> 1 </td> </tr> <tr> <td> All other degree-seeking </td> <td> 882 </td> <td> 823 </td> <td> 1 </td> <td> 750 </td> <td> 785 </td> <td> 0 </td> </tr> <tr> <td> All other graduates enrolled in </td> <td> 32 </td> <td> 23 </td> <td> 0 </td> <td> 102 </td> <td> 184 </td> <td> 0 </td> </tr> <tr> <td> Total graduate </td> <td> 1293 </td> <td> 1226 </td> <td> 1 </td> <td> 959 </td> <td> 1136 </td> <td> 1 </td> </tr> <tr> <td> Total all students </td> <td> 10,309 </td> <td> 10,385 </td> <td> 1 </td> <td> 1,559 </td> <td> 1,550 </td> <td> 1 </td> </tr> </table>",181464,../data/cds-docs/2022-2023/181464.pdf,2022-2023
B,2,B2,Enrollment by Racial/Ethnic Category.,"[[{0: '', 1: 'Degree-Seeking\nFirst-Time\nFirst Year', 2: 'Degree-Seeking\nUndergraduates\n(include first-time\nfirst-year)', 3: 'Total\nUndergraduates (both\ndegree & non-degree\ufffe\nseeking)'}, {0: 'Nonresidents', 1: '72', 2: '706', 3: '709'}, {0: 'Hispanic/Latino', 1: '441', 2: '1,696', 3: '1,701'}, {0: 'Black or African American, non-Hispanic', 1: '145', 2: '552', 3: '552'}, {0: 'White, non-Hispanic', 1: '3,590', 2: '14,509', 3: '14,579'}, {0: 'American Indian or Alaska Native, non-Hispanic', 1: '11', 2: '37', 3: '37'}, {0: 'Asian, non-Hispanic', 1: '176', 2: '724', 3: '727'}, {0: 'Native Hawaiian or other Pacific Islander, non-Hispa', 1: '8', 2: '13', 3: '13'}, {0: 'Two or more races, non-Hispanic', 1: '164', 2: '678', 3: '684'}, {0: 'Race and/or ethnicity unknown', 1: '33', 2: '182', 3: '187'}]]","<table> <tr> <td> </td> <td> Degree-Seeking <br/> First-Time <br/> First Year </td> <td> Degree-Seeking <br/> Undergraduates <br/> (include first-time <br/> first-year) </td> <td> Total <br/> Undergraduates (both <br/> degree &amp; non-degree￾ <br/> seeking) </td> </tr> <tr> <td> Nonresidents </td> <td> 72 </td> <td> 706 </td> <td> 709 </td> </tr> <tr> <td> Hispanic/Latino </td> <td> 441 </td> <td> 1,696 </td> <td> 1,701 </td> </tr> <tr> <td> Black or African American, non-Hispanic </td> <td> 145 </td> <td> 552 </td> <td> 552 </td> </tr> <tr> <td> White, non-Hispanic </td> <td> 3,590 </td> <td> 14,509 </td> <td> 14,579 </td> </tr> <tr> <td> American Indian or Alaska Native, non-Hispanic </td> <td> 11 </td> <td> 37 </td> <td> 37 </td> </tr> <tr> <td> Asian, non-Hispanic </td> <td> 176 </td> <td> 724 </td> <td> 727 </td> </tr> <tr> <td> Native Hawaiian or other Pacific Islander, non-Hispa </td> <td> 8 </td> <td> 13 </td> <td> 13 </td> </tr> <tr> <td> Two or more races, non-Hispanic </td> <td> 164 </td> <td> 678 </td> <td> 684 </td> </tr> <tr> <td> Race and/or ethnicity unknown </td> <td> 33 </td> <td> 182 </td> <td> 187 </td> </tr> </table>",181464,../data/cds-docs/2022-2023/181464.pdf,2022-2023
B,4,B4,-B11) into four groups:,"[[{0: '', 1: 'Recipients of a\nFederal Grant Pell', 2: 'Recipients of a\nSubsidized\nStafford Loan\nwho did not\nreceive Grant a Pell', 3: 'Students who did\nnot receive either\na Pell Grant or a\nsubsidized\nStafford Loan', 4: 'Total\n(sum of 3 columns to\nthe left)'}, {0: ""Initial 2016 cohort of first-time, full\ufffe\ntime, bachelor's (or equivalent)\ndegree-seeking undergraduate\nstudents"", 1: '1085', 2: '725', 3: '2497', 4: '4307'}, {0: 'Of the initial 2016 cohort, how many\ndid not persist and did not graduate\nfor the following reasons:\n• Deceased\n• Permanently Disabled\n• Armed Forces\n• Foreign Aid Service of the Federal\nGovernment\n• Official church missions\n• Report Total Allowable Exclusions', 1: '1', 2: '2', 3: '3', 4: '6'}, {0: 'Final 2016 cohort, after adjusting for\nallowable exclusions', 1: '1084', 2: '723', 3: '2494', 4: '4301'}, {0: 'Of the initial 2015 cohort, how many\ncompleted the program in four years\nor less (by Aug. 31, 2020)', 1: '358', 2: '313', 3: '1325', 4: '1996'}]]","<table> <tr> <td> </td> <td> Recipients of a <br/> Federal Grant Pell </td> <td> Recipients of a <br/> Subsidized <br/> Stafford Loan <br/> who did not <br/> receive Grant a Pell </td> <td> Students who did <br/> not receive either <br/> a Pell Grant or a <br/> subsidized <br/> Stafford Loan </td> <td> Total <br/> (sum of 3 columns to <br/> the left) </td> </tr> <tr> <td> Initial 2016 cohort of first-time, full￾ <br/> time, bachelor's (or equivalent) <br/> degree-seeking undergraduate <br/> students </td> <td> 1085 </td> <td> 725 </td> <td> 2497 </td> <td> 4307 </td> </tr> <tr> <td> Of the initial 2016 cohort, how many <br/> did not persist and did not graduate <br/> for the following reasons: <br/> • Deceased <br/> • Permanently Disabled <br/> • Armed Forces <br/> • Foreign Aid Service of the Federal <br/> Government <br/> • Official church missions <br/> • Report Total Allowable Exclusions </td> <td> 1 </td> <td> 2 </td> <td> 3 </td> <td> 6 </td> </tr> <tr> <td> Final 2016 cohort, after adjusting for <br/> allowable exclusions </td> <td> 1084 </td> <td> 723 </td> <td> 2494 </td> <td> 4301 </td> </tr> <tr> <td> Of the initial 2015 cohort, how many <br/> completed the program in four years <br/> or less (by Aug. 31, 2020) </td> <td> 358 </td> <td> 313 </td> <td> 1325 </td> <td> 1996 </td> </tr> </table>",181464,../data/cds-docs/2022-2023/181464.pdf,2022-2023
B,12,B12,"Initial cohort, total of first-time, full-time degree/certificate-seeking students:","[[{0: '', 1: '2019 Cohort', 2: '2018 Cohort'}, {0: 'Initial cohort, total of first-time, full-time degree/certificate-seeking students:', 1: '', 2: ''}]]","<table> <tr> <td> </td> <td> 2019 Cohort </td> <td> 2018 Cohort </td> </tr> <tr> <td> Initial cohort, total of first-time, full-time degree/certificate-seeking students: </td> <td> </td> <td> </td> </tr> </table>",181464,../data/cds-docs/2022-2023/181464.pdf,2022-2023
B,13,B13,"Of the initial cohort, how many did not persist and did not graduate for the following reasons:","[[{0: 'Of the initial cohort, how many did not persist and did not graduate for the following reasons:\n• • Death Permanently Disability\n• Service in the armed forces,\n• Foreign aid service of the federal government\n• Official church missions\n• Report total allowable exclusions', 1: '', 2: ''}, {0: 'Final cohort, after adjusting for allowable exclusions:', 1: '0', 2: '0'}, {0: 'Completers of programs of less than two years duration (total):', 1: '', 2: ''}, {0: 'Completers of programs of less than two years within 150 percent of normal time:', 1: '', 2: ''}, {0: 'Completers of programs of at least two but less than four years (total):', 1: '', 2: ''}, {0: 'Completers of programs of at least two but less than four-years within 150 percent of normal time:', 1: '', 2: ''}, {0: 'Total transfers-out (within three years) to other institutions:', 1: '', 2: ''}, {0: 'Total transfers to two-year institutions:', 1: '', 2: ''}, {0: 'Total transfers to four-year institutions:', 1: '', 2: ''}]]","<table> <tr> <td> Of the initial cohort, how many did not persist and did not graduate for the following reasons: <br/> • • Death Permanently Disability <br/> • Service in the armed forces, <br/> • Foreign aid service of the federal government <br/> • Official church missions <br/> • Report total allowable exclusions </td> <td> </td> <td> </td> </tr> <tr> <td> Final cohort, after adjusting for allowable exclusions: </td> <td> 0 </td> <td> 0 </td> </tr> <tr> <td> Completers of programs of less than two years duration (total): </td> <td> </td> <td> </td> </tr> <tr> <td> Completers of programs of less than two years within 150 percent of normal time: </td> <td> </td> <td> </td> </tr> <tr> <td> Completers of programs of at least two but less than four years (total): </td> <td> </td> <td> </td> </tr> <tr> <td> Completers of programs of at least two but less than four-years within 150 percent of normal time: </td> <td> </td> <td> </td> </tr> <tr> <td> Total transfers-out (within three years) to other institutions: </td> <td> </td> <td> </td> </tr> <tr> <td> Total transfers to two-year institutions: </td> <td> </td> <td> </td> </tr> <tr> <td> Total transfers to four-year institutions: </td> <td> </td> <td> </td> </tr> </table>",181464,../data/cds-docs/2022-2023/181464.pdf,2022-2023
C,1,C1,"First-time, first-year students: Provide the number of degree-seeking, first-time, first-year students who","[[{0: 'Total first-time, first-year men who applied', 1: '8533'}, {0: 'Total first-time, first-year women who applied', 1: '10552'}], [{0: 'Total first-time, first-year men who were admitted', 1: '6585'}, {0: 'Total first-time, first-year women who were admitted', 1: '8431'}], [{0: 'Total full-time, first-time, first-year men who enrolled', 1: '2244'}, {0: 'Total part-time, first-time, first-year men who enrolled', 1: '12'}], [{0: 'Total full-time, first-time, first-year women who enrolled', 1: '2372'}, {0: 'Total part-time, first-time, first-year women who enrolled', 1: '12'}]]","<table> <tr> <td> Total first-time, first-year men who applied </td> <td> 8533 </td> </tr> <tr> <td> Total first-time, first-year women who applied </td> <td> 10552 </td> </tr> </table><div class=""separator""></div><table> <tr> <td> Total first-time, first-year men who were admitted </td> <td> 6585 </td> </tr> <tr> <td> Total first-time, first-year women who were admitted </td> <td> 8431 </td> </tr> </table><div class=""separator""></div><table> <tr> <td> Total full-time, first-time, first-year men who enrolled </td> <td> 2244 </td> </tr> <tr> <td> Total part-time, first-time, first-year men who enrolled </td> <td> 12 </td> </tr> </table><div class=""separator""></div><table> <tr> <td> Total full-time, first-time, first-year women who enrolled </td> <td> 2372 </td> </tr> <tr> <td> Total part-time, first-time, first-year women who enrolled </td> <td> 12 </td> </tr> </table>",181464,../data/cds-docs/2022-2023/181464.pdf,2022-2023
C,2,C2,"First-time, first-year wait-listed students","[[{0: 'WAITING LIST', 1: 'TOTAL'}, {0: 'Number of qualified applicants offered a place on waiting list:', 1: ''}, {0: 'Number accepting a place on the waiting list:', 1: ''}, {0: 'Number of wait-listed students admitted:', 1: ''}]]",<table> <tr> <td> WAITING LIST </td> <td> TOTAL </td> </tr> <tr> <td> Number of qualified applicants offered a place on waiting list: </td> <td> </td> </tr> <tr> <td> Number accepting a place on the waiting list: </td> <td> </td> </tr> <tr> <td> Number of wait-listed students admitted: </td> <td> </td> </tr> </table>,181464,../data/cds-docs/2022-2023/181464.pdf,2022-2023
C,5,C5,Distribution of high school units required and/or recommended. Specify the distribution of academic,"[[{0: '', 1: 'Required', 2: 'Recommended'}, {0: 'Total academic units', 1: '16', 2: ''}, {0: 'English', 1: '4', 2: ''}, {0: 'Mathematics', 1: '4', 2: ''}, {0: 'Science', 1: '3', 2: ''}]]",<table> <tr> <td> </td> <td> Required </td> <td> Recommended </td> </tr> <tr> <td> Total academic units </td> <td> 16 </td> <td> </td> </tr> <tr> <td> English </td> <td> 4 </td> <td> </td> </tr> <tr> <td> Mathematics </td> <td> 4 </td> <td> </td> </tr> <tr> <td> Science </td> <td> 3 </td> <td> </td> </tr> </table>,181464,../data/cds-docs/2022-2023/181464.pdf,2022-2023
C,8,C8,: SAT and ACT Policies,"[[{0: 'Yes', 1: 'No'}, {0: 'X', 1: ''}], [{0: '', 1: 'ADMISSION', 2: 'ADMISSION', 3: 'ADMISSION', 4: 'ADMISSION', 5: 'ADMISSION'}, {0: '', 1: 'Require', 2: 'Recommend', 3: 'Require for Some', 4: 'Consider if\nSubmitted', 5: 'Considered Not'}, {0: 'SAT or ACT', 1: '', 2: '', 3: '', 4: 'X', 5: ''}, {0: 'ACT Only', 1: '', 2: '', 3: '', 4: 'X', 5: ''}, {0: 'SAT Only', 1: '', 2: '', 3: '', 4: 'X', 5: ''}]]","<table> <tr> <td> Yes </td> <td> No </td> </tr> <tr> <td> X </td> <td> </td> </tr> </table><div class=""separator""></div><table> <tr> <td rowspan=""2""> </td> <td colspan=""5""> ADMISSION </td> </tr> <tr> <td> Require </td> <td> Recommend </td> <td> Require for Some </td> <td> Consider if <br/> Submitted </td> <td> Considered Not </td> </tr> <tr> <td> SAT or ACT </td> <td> </td> <td> </td> <td> </td> <td> X </td> <td> </td> </tr> <tr> <td> ACT Only </td> <td> </td> <td> </td> <td> </td> <td> X </td> <td> </td> </tr> <tr> <td> SAT Only </td> <td> </td> <td> </td> <td> </td> <td> X </td> <td> </td> </tr> </table>",181464,../data/cds-docs/2022-2023/181464.pdf,2022-2023
C,9,C9,"Percent and number of first-time, first-year students enrolled in Fall 2022 who submitted national","[[{0: '8%', 1: '391'}, {0: '87%', 1: '4014'}], [{0: 'Assessment', 1: '25th Percentile', 2: '50th Percentile', 3: '75th Percentile'}, {0: 'SAT Composite', 1: '1110', 2: '1210', 3: '1330'}, {0: 'SAT Evidence-Based Reading and', 1: '560', 2: '610', 3: '670'}, {0: 'SAT Math', 1: '550', 2: '600', 3: '670'}, {0: 'ACT Composite', 1: '22', 2: '24', 3: '28'}, {0: 'ACT Math', 1: '21', 2: '24', 3: '27'}, {0: 'ACT English', 1: '21', 2: '24', 3: '28'}, {0: 'ACT Writing', 1: '', 2: '', 3: ''}, {0: 'ACT Science', 1: '', 2: '', 3: ''}, {0: 'ACT Reading', 1: '', 2: '', 3: ''}], [{0: 'Score Range', 1: 'SAT Evidence-', 2: 'SAT Math'}, {0: '700-800', 1: '18%', 2: '17%'}, {0: '600-699', 1: '41%', 2: '38%'}, {0: '500-599', 1: '35%', 2: '37%'}, {0: '400-499', 1: '6%', 2: '8%'}, {0: '300-399', 1: '', 2: ''}, {0: '200-299', 1: '', 2: ''}, {0: 'Totals should = 100%', 1: '100.00%', 2: '100.00%'}]]","<table> <tr> <td> 8% </td> <td> 391 </td> </tr> <tr> <td> 87% </td> <td> 4014 </td> </tr> </table><div class=""separator""></div><table> <tr> <td> Assessment </td> <td> 25th Percentile </td> <td> 50th Percentile </td> <td> 75th Percentile </td> </tr> <tr> <td> SAT Composite </td> <td> 1110 </td> <td> 1210 </td> <td> 1330 </td> </tr> <tr> <td> SAT Evidence-Based Reading and </td> <td> 560 </td> <td> 610 </td> <td> 670 </td> </tr> <tr> <td> SAT Math </td> <td> 550 </td> <td> 600 </td> <td> 670 </td> </tr> <tr> <td> ACT Composite </td> <td> 22 </td> <td> 24 </td> <td> 28 </td> </tr> <tr> <td> ACT Math </td> <td> 21 </td> <td> 24 </td> <td> 27 </td> </tr> <tr> <td> ACT English </td> <td> 21 </td> <td> 24 </td> <td> 28 </td> </tr> <tr> <td> ACT Writing </td> <td> </td> <td> </td> <td> </td> </tr> <tr> <td> ACT Science </td> <td> </td> <td> </td> <td> </td> </tr> <tr> <td> ACT Reading </td> <td> </td> <td> </td> <td> </td> </tr> </table><div class=""separator""></div><table> <tr> <td> Score Range </td> <td> SAT Evidence- </td> <td> SAT Math </td> </tr> <tr> <td> 700-800 </td> <td> 18% </td> <td> 17% </td> </tr> <tr> <td> 600-699 </td> <td> 41% </td> <td> 38% </td> </tr> <tr> <td> 500-599 </td> <td> 35% </td> <td> 37% </td> </tr> <tr> <td> 400-499 </td> <td> 6% </td> <td> 8% </td> </tr> <tr> <td> 300-399 </td> <td> </td> <td> </td> </tr> <tr> <td> 200-299 </td> <td> </td> <td> </td> </tr> <tr> <td> Totals should = 100% </td> <td> 100.00% </td> <td> 100.00% </td> </tr> </table>",181464,../data/cds-docs/2022-2023/181464.pdf,2022-2023
C,10,C10,"Percent of all degree-seeking, first-time, first-year students who had high school class rank within","[[{0: 'Assessment', 1: 'Percent'}, {0: 'Percent in top tenth of high school graduating class', 1: '30%'}, {0: 'Percent in top quarter of high school graduating class', 1: '58%'}, {0: 'Percent in top half of high school graduating class', 1: '86%'}, {0: 'Percent in bottom half of high school graduating class', 1: '14%'}, {0: 'Percent in bottom quarter of high school graduating class', 1: '3%'}, {0: 'Percent of total first-time, first-year students who submitted high school\nclass rank:', 1: '36%'}]]","<table> <tr> <td> Assessment </td> <td> Percent </td> </tr> <tr> <td> Percent in top tenth of high school graduating class </td> <td> 30% </td> </tr> <tr> <td> Percent in top quarter of high school graduating class </td> <td> 58% </td> </tr> <tr> <td> Percent in top half of high school graduating class </td> <td> 86% </td> </tr> <tr> <td> Percent in bottom half of high school graduating class </td> <td> 14% </td> </tr> <tr> <td> Percent in bottom quarter of high school graduating class </td> <td> 3% </td> </tr> <tr> <td> Percent of total first-time, first-year students who submitted high school <br/> class rank: </td> <td> 36% </td> </tr> </table>",181464,../data/cds-docs/2022-2023/181464.pdf,2022-2023
C,11,C11,"Percentage of all enrolled, degree-seeking, first-time, first-year students who had high school grade-","[[{0: 'Score Range', 1: 'Percent'}, {0: 'Percent who had GPA of 4.0', 1: '24%'}, {0: 'Percent who had GPA between 3.75 and 3.99', 1: '32%'}, {0: 'Percent who had GPA between 3.50 and 3.74', 1: '19%'}, {0: 'Percent who had GPA between 3.25 and 3.49', 1: '12%'}, {0: 'Percent who had GPA between 3.00 and 3.24', 1: '8%'}, {0: 'Percent who had GPA between 2.50 and 2.99', 1: '4%'}, {0: 'Percent who had GPA between 2.0 and 2.49', 1: '1%'}, {0: 'Percent who had GPA between 1.0 and 1.99', 1: ''}, {0: 'Percent who had GPA below 1.0', 1: ''}, {0: 'Totals should = 100%', 1: '100.00%'}]]",<table> <tr> <td> Score Range </td> <td> Percent </td> </tr> <tr> <td> Percent who had GPA of 4.0 </td> <td> 24% </td> </tr> <tr> <td> Percent who had GPA between 3.75 and 3.99 </td> <td> 32% </td> </tr> <tr> <td> Percent who had GPA between 3.50 and 3.74 </td> <td> 19% </td> </tr> <tr> <td> Percent who had GPA between 3.25 and 3.49 </td> <td> 12% </td> </tr> <tr> <td> Percent who had GPA between 3.00 and 3.24 </td> <td> 8% </td> </tr> <tr> <td> Percent who had GPA between 2.50 and 2.99 </td> <td> 4% </td> </tr> <tr> <td> Percent who had GPA between 2.0 and 2.49 </td> <td> 1% </td> </tr> <tr> <td> Percent who had GPA between 1.0 and 1.99 </td> <td> </td> </tr> <tr> <td> Percent who had GPA below 1.0 </td> <td> </td> </tr> <tr> <td> Totals should = 100% </td> <td> 100.00% </td> </tr> </table>,181464,../data/cds-docs/2022-2023/181464.pdf,2022-2023
C,14,C14,Application closing date,"[[{0: '', 1: 'Date'}, {0: 'Application closing date (fall)', 1: '5/1'}, {0: 'Priority Date', 1: '3/1'}]]",<table> <tr> <td> </td> <td> Date </td> </tr> <tr> <td> Application closing date (fall) </td> <td> 5/1 </td> </tr> <tr> <td> Priority Date </td> <td> 3/1 </td> </tr> </table>,181464,../data/cds-docs/2022-2023/181464.pdf,2022-2023
D,2,D2,"Provide the number of students who applied, were admitted, and enrolled as degree-seeking transfer","[[{0: '', 1: 'Applicants', 2: 'Admitted', 3: 'Enrolled'}, {0: 'Men', 1: '1,037', 2: '563', 3: '397'}, {0: 'Women', 1: '1,024', 2: '495', 3: '349'}, {0: 'Another Gender', 1: '3', 2: '0', 3: '0'}, {0: 'Total', 1: '2,064', 2: '1,058', 3: '746'}]]","<table> <tr> <td> </td> <td> Applicants </td> <td> Admitted </td> <td> Enrolled </td> </tr> <tr> <td> Men </td> <td> 1,037 </td> <td> 563 </td> <td> 397 </td> </tr> <tr> <td> Women </td> <td> 1,024 </td> <td> 495 </td> <td> 349 </td> </tr> <tr> <td> Another Gender </td> <td> 3 </td> <td> 0 </td> <td> 0 </td> </tr> <tr> <td> Total </td> <td> 2,064 </td> <td> 1,058 </td> <td> 746 </td> </tr> </table>",181464,../data/cds-docs/2022-2023/181464.pdf,2022-2023
D,9,D9,Rolling,"[[{0: '', 1: 'Priority Date', 2: 'Closing Date', 3: 'Notification Date', 4: 'Reply Date', 5: 'Rolling\nAdmission'}, {0: 'Fall', 1: '3/1/2023', 2: '5/1/2023', 3: '', 4: '', 5: 'X'}, {0: 'Winter', 1: '', 2: '', 3: '', 4: '', 5: ''}, {0: 'Spring', 1: '10/1/2022', 2: '12/1/2022', 3: '', 4: '', 5: 'X'}, {0: 'Summer', 1: '3/1/2023', 2: '5/1/2023', 3: '', 4: '', 5: 'X'}]]",<table> <tr> <td> </td> <td> Priority Date </td> <td> Closing Date </td> <td> Notification Date </td> <td> Reply Date </td> <td> Rolling <br/> Admission </td> </tr> <tr> <td> Fall </td> <td> 3/1/2023 </td> <td> 5/1/2023 </td> <td> </td> <td> </td> <td> X </td> </tr> <tr> <td> Winter </td> <td> </td> <td> </td> <td> </td> <td> </td> <td> </td> </tr> <tr> <td> Spring </td> <td> 10/1/2022 </td> <td> 12/1/2022 </td> <td> </td> <td> </td> <td> X </td> </tr> <tr> <td> Summer </td> <td> 3/1/2023 </td> <td> 5/1/2023 </td> <td> </td> <td> </td> <td> X </td> </tr> </table>,181464,../data/cds-docs/2022-2023/181464.pdf,2022-2023
F,1,F1,"Percentages of first-time, first-year degree-seeking students and degree-seeking","[[{0: '', 1: 'First-time, first\ufffe\nyear students', 2: 'Undergraduate\ns'}, {0: 'Percent who are from out of state (exclude\ninternational/nonresidents from the numerator and\ndenominator)', 1: '27%', 2: '25%'}, {0: 'Percent of men who join fraternities', 1: '20%', 2: '25%'}, {0: 'Percent of women who join sororities', 1: '24%', 2: '33%'}, {0: 'Percent who live in college-owned, -operated, or -\naffiliated housing', 1: '86%', 2: '50%'}, {0: 'Percent who live off campus or commute', 1: '14%', 2: '50%'}, {0: 'Percent of students age 25 and older', 1: '0%', 2: '4%'}, {0: 'Average age of full-time students', 1: '18', 2: '21'}, {0: 'Average age of all students (full- and part-time)', 1: '18', 2: '21'}]]","<table> <tr> <td> </td> <td> First-time, first￾ <br/> year students </td> <td> Undergraduate <br/> s </td> </tr> <tr> <td> Percent who are from out of state (exclude <br/> international/nonresidents from the numerator and <br/> denominator) </td> <td> 27% </td> <td> 25% </td> </tr> <tr> <td> Percent of men who join fraternities </td> <td> 20% </td> <td> 25% </td> </tr> <tr> <td> Percent of women who join sororities </td> <td> 24% </td> <td> 33% </td> </tr> <tr> <td> Percent who live in college-owned, -operated, or - <br/> affiliated housing </td> <td> 86% </td> <td> 50% </td> </tr> <tr> <td> Percent who live off campus or commute </td> <td> 14% </td> <td> 50% </td> </tr> <tr> <td> Percent of students age 25 and older </td> <td> 0% </td> <td> 4% </td> </tr> <tr> <td> Average age of full-time students </td> <td> 18 </td> <td> 21 </td> </tr> <tr> <td> Average age of all students (full- and part-time) </td> <td> 18 </td> <td> 21 </td> </tr> </table>",181464,../data/cds-docs/2022-2023/181464.pdf,2022-2023
F,3,F3,ROTC (program offered in cooperation with Reserve Officers' Training Corps),"[[{0: '', 1: 'Marine Option\n(for Naval ROTC)', 2: 'On Campus', 3: 'At Cooperating Institution', 4: 'Name of\nCooperating\nInstitution'}, {0: 'Army ROTC is offered:', 1: '', 2: 'X', 3: '', 4: ''}, {0: 'Naval ROTC is offered:', 1: 'X', 2: 'X', 3: '', 4: ''}, {0: 'Air Force ROTC is offered:', 1: '', 2: 'X', 3: '', 4: ''}]]",<table> <tr> <td> </td> <td> Marine Option <br/> (for Naval ROTC) </td> <td> On Campus </td> <td> At Cooperating Institution </td> <td> Name of <br/> Cooperating <br/> Institution </td> </tr> <tr> <td> Army ROTC is offered: </td> <td> </td> <td> X </td> <td> </td> <td> </td> </tr> <tr> <td> Naval ROTC is offered: </td> <td> X </td> <td> X </td> <td> </td> <td> </td> </tr> <tr> <td> Air Force ROTC is offered: </td> <td> </td> <td> X </td> <td> </td> <td> </td> </tr> </table>,181464,../data/cds-docs/2022-2023/181464.pdf,2022-2023
G,1,G1,First-Year Undergraduates,"[[{0: '', 1: 'First-Year', 2: 'Undergraduates'}, {0: 'PRIVATE INSTITUTIONS', 1: '', 2: ''}, {0: 'Tuition:', 1: '', 2: ''}, {0: 'PUBLIC INSTITUTIONS', 1: '', 2: ''}, {0: 'Tuition: In-district', 1: '$8,040', 2: '$8,040'}, {0: 'Tuition: In-state (out-of-district):', 1: '$8,040', 2: '$8,040'}, {0: 'Tuition: Out-of-state:', 1: '$25,770', 2: '$25,770'}, {0: 'Tuition: Non-resident', 1: '$25,770', 2: '$25,770'}, {0: 'FOR ALL INSTITUTIONS', 1: 'FOR ALL INSTITUTIONS', 2: 'FOR ALL INSTITUTIONS'}, {0: 'Required Fees', 1: '$2,098', 2: '$2,098'}, {0: 'Room and Board (on-campus):', 1: '$13,856', 2: '$13,356'}, {0: 'Room Only (on-campus):', 1: '$8,106', 2: '$8,106'}, {0: 'Board Only (on-campus meal plan):', 1: '$5,750', 2: '$5,750'}]]","<table> <tr> <td> </td> <td> First-Year </td> <td> Undergraduates </td> </tr> <tr> <td> PRIVATE INSTITUTIONS </td> <td> </td> <td> </td> </tr> <tr> <td> Tuition: </td> <td> </td> <td> </td> </tr> <tr> <td> PUBLIC INSTITUTIONS </td> <td> </td> <td> </td> </tr> <tr> <td> Tuition: In-district </td> <td> $8,040 </td> <td> $8,040 </td> </tr> <tr> <td> Tuition: In-state (out-of-district): </td> <td> $8,040 </td> <td> $8,040 </td> </tr> <tr> <td> Tuition: Out-of-state: </td> <td> $25,770 </td> <td> $25,770 </td> </tr> <tr> <td> Tuition: Non-resident </td> <td> $25,770 </td> <td> $25,770 </td> </tr> <tr> <td colspan=""3""> FOR ALL INSTITUTIONS </td> </tr> <tr> <td> Required Fees </td> <td> $2,098 </td> <td> $2,098 </td> </tr> <tr> <td> Room and Board (on-campus): </td> <td> $13,856 </td> <td> $13,356 </td> </tr> <tr> <td> Room Only (on-campus): </td> <td> $8,106 </td> <td> $8,106 </td> </tr> <tr> <td> Board Only (on-campus meal plan): </td> <td> $5,750 </td> <td> $5,750 </td> </tr> </table>",181464,../data/cds-docs/2022-2023/181464.pdf,2022-2023
G,3,G3,"Do tuition and fees vary by year of study (e.g., sophomore,","[[{0: '', 1: 'X'}, {0: 'X', 1: ''}]]",<table> <tr> <td> </td> <td> X </td> </tr> <tr> <td> X </td> <td> </td> </tr> </table>,181464,../data/cds-docs/2022-2023/181464.pdf,2022-2023
G,5,G5,Provide the estimated expenses for a typical full-time undergraduate student:,"[[{0: '', 1: 'Residents', 2: 'Commuters', 3: 'Commuters'}, {0: 'Books and supplies:', 1: '$1,250', 2: '$1,250', 3: '$1,250'}, {0: 'Room only:', 1: '', 2: '', 3: ''}, {0: 'Board only:', 1: '', 2: '$6,736', 3: ''}, {0: 'Room and board total*', 1: '', 2: '', 3: '$13,856'}, {0: 'Transportation:', 1: '', 2: '', 3: ''}, {0: 'Other expenses:', 1: '$3,442', 2: '$3,442', 3: '$3,442'}]]","<table> <tr> <td> </td> <td> Residents </td> <td> Commuters </td> <td> Commuters </td> </tr> <tr> <td> Books and supplies: </td> <td> $1,250 </td> <td> $1,250 </td> <td> $1,250 </td> </tr> <tr> <td> Room only: </td> <td> </td> <td> </td> <td> </td> </tr> <tr> <td> Board only: </td> <td> </td> <td> $6,736 </td> <td> </td> </tr> <tr> <td> Room and board total* </td> <td> </td> <td> </td> <td> $13,856 </td> </tr> <tr> <td> Transportation: </td> <td> </td> <td> </td> <td> </td> </tr> <tr> <td> Other expenses: </td> <td> $3,442 </td> <td> $3,442 </td> <td> $3,442 </td> </tr> </table>",181464,../data/cds-docs/2022-2023/181464.pdf,2022-2023
H,2,H2,Number of Enrolled Students Awarded Aid: List the number of degree-seeking full-time and less-than-,"[[{0: 'A', 1: 'Number of degree-seeking undergraduate students\n(CDS Item B1 if reporting on Fall 2022 cohort)', 2: '4709', 3: '18435', 4: '1014'}, {0: 'B', 1: 'Number of students in line a who applied for need\ufffe\nbased financial aid', 2: '4615', 3: '17083', 4: '862'}, {0: 'C', 1: 'Number of students in line b who were determined to', 2: '2713', 3: '8485', 4: '686'}, {0: 'D', 1: 'Number of students in line c who were awarded any', 2: '2694', 3: '8415', 4: '671'}, {0: 'E', 1: 'Number of students in line d who were awarded any', 2: '2547', 3: '7537', 4: '480'}, {0: 'F', 1: 'Number of students in line d who were awarded any', 2: '1422', 3: '4371', 4: '365'}, {0: 'G', 1: 'Number of students in line d who were awarded any', 2: '372', 3: '893', 4: '13'}, {0: 'H', 1: 'Number of students in line d whose need was fully met', 2: '597', 3: '1558', 4: '43'}, {0: 'I', 1: 'On average, the percentage of need that was met of', 2: '74.0%', 3: '68.0%', 4: '59.0%'}, {0: 'J', 1: 'The average financial aid package of those in line d.', 2: '$ 16,278', 3: '$ 15,558', 4: '$ 12,616'}, {0: 'K', 1: 'those in line e', 2: '$ 9,862', 3: '$ 9,406', 4: '$ 7,501'}, {0: 'L', 1: 'Average need-based self-help award (excluding PLUS\nloans, unsubsidized loans, and private alternative loans)', 2: '$ 3,918', 3: '$ 4,238', 4: '$ 3,840'}, {0: 'L', 1: 'of those in line f', 2: '$ 3,918', 3: '$ 4,238', 4: '$ 3,840'}, {0: 'M', 1: 'Average need-based loan (excluding PLUS loans,', 2: '$ 3,430', 3: '$ 4,058', 4: '$ 3,753'}]]","<table> <tr> <td> A </td> <td> Number of degree-seeking undergraduate students <br/> (CDS Item B1 if reporting on Fall 2022 cohort) </td> <td> 4709 </td> <td> 18435 </td> <td> 1014 </td> </tr> <tr> <td> B </td> <td> Number of students in line a who applied for need￾ <br/> based financial aid </td> <td> 4615 </td> <td> 17083 </td> <td> 862 </td> </tr> <tr> <td> C </td> <td> Number of students in line b who were determined to </td> <td> 2713 </td> <td> 8485 </td> <td> 686 </td> </tr> <tr> <td> D </td> <td> Number of students in line c who were awarded any </td> <td> 2694 </td> <td> 8415 </td> <td> 671 </td> </tr> <tr> <td> E </td> <td> Number of students in line d who were awarded any </td> <td> 2547 </td> <td> 7537 </td> <td> 480 </td> </tr> <tr> <td> F </td> <td> Number of students in line d who were awarded any </td> <td> 1422 </td> <td> 4371 </td> <td> 365 </td> </tr> <tr> <td> G </td> <td> Number of students in line d who were awarded any </td> <td> 372 </td> <td> 893 </td> <td> 13 </td> </tr> <tr> <td> H </td> <td> Number of students in line d whose need was fully met </td> <td> 597 </td> <td> 1558 </td> <td> 43 </td> </tr> <tr> <td> I </td> <td> On average, the percentage of need that was met of </td> <td> 74.0% </td> <td> 68.0% </td> <td> 59.0% </td> </tr> <tr> <td> J </td> <td> The average financial aid package of those in line d. </td> <td> $ 16,278 </td> <td> $ 15,558 </td> <td> $ 12,616 </td> </tr> <tr> <td> K </td> <td> those in line e </td> <td> $ 9,862 </td> <td> $ 9,406 </td> <td> $ 7,501 </td> </tr> <tr> <td rowspan=""2""> L </td> <td> Average need-based self-help award (excluding PLUS <br/> loans, unsubsidized loans, and private alternative loans) </td> <td rowspan=""2""> $ 3,918 </td> <td rowspan=""2""> $ 4,238 </td> <td rowspan=""2""> $ 3,840 </td> </tr> <tr> <td> of those in line f </td> </tr> <tr> <td> M </td> <td> Average need-based loan (excluding PLUS loans, </td> <td> $ 3,430 </td> <td> $ 4,058 </td> <td> $ 3,753 </td> </tr> </table>",181464,../data/cds-docs/2022-2023/181464.pdf,2022-2023
H,5,H5,"Number and percent of students in class (defined in H4 above) borrowing from federal, non-federal,","[[{0: 'Source/Type of Loan', 1: 'Source/Type of Loan', 2: 'Number in the\nclass (defined\nin H4 above)\nwho borrowed\nfrom the types\nof loans\nspecified in the\nfirst column', 3: 'Percent of the\nclass (defined\nabove) who\nborrowed from\nthe types of\nloans specified\nin column the first\n(nearest 1%)', 4: 'Average per\ufffe\nundergraduate\ufffe\nborrower\ncumulative\nprincipal\nborrowed from\nthe types of\nloans specified\nin column the first\n(nearest $1)'}, {0: 'A', 1: 'Any loan program: Federal Perkins, Federal Stafford\nSubsidized and Unsubsidized, institutional, state,\nprivate loans that your institution is aware of, etc.\nInclude both Federal Direct Student Loans and Federal\nFamily Education Loans.', 2: '1,665', 3: '54.00%', 4: '$24,811'}, {0: 'B', 1: 'Federal loan programs: Federal Perkins, Federal\nStafford Subsidized and Unsubsidized. Include both\nFederal Direct Student Loans and Federal Family\nEducation Loans.', 2: '1,627', 3: '53.00%', 4: '$19,427'}, {0: 'C', 1: 'Institutional loan programs.', 2: '', 3: '', 4: ''}]]","<table> <tr> <td colspan=""2""> Source/Type of Loan </td> <td> Number in the <br/> class (defined <br/> in H4 above) <br/> who borrowed <br/> from the types <br/> of loans <br/> specified in the <br/> first column </td> <td> Percent of the <br/> class (defined <br/> above) who <br/> borrowed from <br/> the types of <br/> loans specified <br/> in column the first <br/> (nearest 1%) </td> <td> Average per￾ <br/> undergraduate￾ <br/> borrower <br/> cumulative <br/> principal <br/> borrowed from <br/> the types of <br/> loans specified <br/> in column the first <br/> (nearest $1) </td> </tr> <tr> <td> A </td> <td> Any loan program: Federal Perkins, Federal Stafford <br/> Subsidized and Unsubsidized, institutional, state, <br/> private loans that your institution is aware of, etc. <br/> Include both Federal Direct Student Loans and Federal <br/> Family Education Loans. </td> <td> 1,665 </td> <td> 54.00% </td> <td> $24,811 </td> </tr> <tr> <td> B </td> <td> Federal loan programs: Federal Perkins, Federal <br/> Stafford Subsidized and Unsubsidized. Include both <br/> Federal Direct Student Loans and Federal Family <br/> Education Loans. </td> <td> 1,627 </td> <td> 53.00% </td> <td> $19,427 </td> </tr> <tr> <td> C </td> <td> Institutional loan programs. </td> <td> </td> <td> </td> <td> </td> </tr> </table>",181464,../data/cds-docs/2022-2023/181464.pdf,2022-2023
H,14,H14,Check off criteria used in awarding institutional aid. Check all that apply.,"[[{0: '', 1: 'Non-Need Based', 2: 'Need-Based'}, {0: 'Academics', 1: 'x', 2: ''}, {0: 'Alumni affiliation', 1: 'x', 2: ''}, {0: 'Art', 1: 'x', 2: ''}, {0: 'Athletics', 1: 'x', 2: ''}, {0: 'Job skills', 1: '', 2: ''}, {0: 'ROTC', 1: '', 2: ''}, {0: 'Leadership', 1: 'x', 2: ''}, {0: 'Minority status', 1: '', 2: ''}, {0: 'Music/drama', 1: 'x', 2: 'x'}, {0: 'Religious affiliation', 1: '', 2: ''}, {0: 'State/district residency', 1: 'x', 2: ''}]]",<table> <tr> <td> </td> <td> Non-Need Based </td> <td> Need-Based </td> </tr> <tr> <td> Academics </td> <td> x </td> <td> </td> </tr> <tr> <td> Alumni affiliation </td> <td> x </td> <td> </td> </tr> <tr> <td> Art </td> <td> x </td> <td> </td> </tr> <tr> <td> Athletics </td> <td> x </td> <td> </td> </tr> <tr> <td> Job skills </td> <td> </td> <td> </td> </tr> <tr> <td> ROTC </td> <td> </td> <td> </td> </tr> <tr> <td> Leadership </td> <td> x </td> <td> </td> </tr> <tr> <td> Minority status </td> <td> </td> <td> </td> </tr> <tr> <td> Music/drama </td> <td> x </td> <td> x </td> </tr> <tr> <td> Religious affiliation </td> <td> </td> <td> </td> </tr> <tr> <td> State/district residency </td> <td> x </td> <td> </td> </tr> </table>,181464,../data/cds-docs/2022-2023/181464.pdf,2022-2023
J,1,J1,"Degrees conferred between July 1, 2021 and June 30, 2022","[[{0: 'Category', 1: 'Diploma/Certificates', 2: 'Associate', 3: 'Bachelor’s', 4: 'CIP 2020 Categories\nto Include'}, {0: 'Agriculture', 1: '', 2: '', 3: '9.37%', 4: '01'}, {0: 'Natural resources and conservation', 1: '', 2: '', 3: '2.38%', 4: '03'}, {0: 'Architecture', 1: '', 2: '', 3: '1.62%', 4: '04'}, {0: 'Area, ethnic, and gender studies', 1: '', 2: '', 3: '0.33%', 4: '05'}, {0: 'Communication/journalism', 1: '', 2: '', 3: '7.83%', 4: '09'}, {0: 'Communication technologies', 1: '', 2: '', 3: '0.00%', 4: '10'}, {0: 'Computer and information sciences', 1: '', 2: '', 3: '2.34%', 4: '11'}, {0: 'Personal and culinary services', 1: '', 2: '', 3: '0.00%', 4: '12'}, {0: 'Education', 1: '', 2: '', 3: '6.52%', 4: '13'}, {0: 'Engineering', 1: '', 2: '', 3: '10.93%', 4: '14'}, {0: 'Engineering technologies', 1: '', 2: '', 3: '1.29%', 4: '15'}, {0: 'Foreign languages, literatures, and linguistics', 1: '', 2: '', 3: '0.78%', 4: '16'}, {0: 'Family and consumer sciences', 1: '', 2: '', 3: '7.21%', 4: '19'}, {0: 'Law/legal studies', 1: '', 2: '', 3: '0.00%', 4: '22'}, {0: 'English', 1: '', 2: '', 3: '1.42%', 4: '23'}, {0: 'Liberal arts/general studies', 1: '', 2: '', 3: '0.09%', 4: '24'}, {0: 'Library science', 1: '', 2: '', 3: '0.00%', 4: '25'}, {0: 'Biological/life sciences', 1: '', 2: '', 3: '5.38%', 4: '26'}, {0: 'Mathematics and statistics', 1: '', 2: '', 3: '1.80%', 4: '27'}, {0: 'Military science and military technologies', 1: '', 2: '', 3: '0.00%', 4: '28 & 29'}, {0: 'Interdisciplinary studies', 1: '', 2: '', 3: '0.80%', 4: '30'}, {0: 'Parks and recreation', 1: '', 2: '', 3: '0.00%', 4: '31'}, {0: 'Philosophy and religious studies', 1: '', 2: '', 3: '0.24%', 4: '38'}, {0: 'Theology and religious vocations', 1: '', 2: '', 3: '0.00%', 4: '39'}, {0: 'Physical sciences', 1: '', 2: '', 3: '1.34%', 4: '40'}, {0: 'Science technologies', 1: '', 2: '', 3: '0.00%', 4: '41'}, {0: 'Psychology', 1: '', 2: '', 3: '5.27%', 4: '42'}, {0: 'Homeland Security, law enforcement, firefighting,', 1: '', 2: '', 3: '0.29%', 4: '43'}, {0: 'Public administration and social services', 1: '', 2: '', 3: '0.00%', 4: '44'}, {0: 'Social sciences', 1: '', 2: '', 3: '4.16%', 4: '45'}, {0: 'Construction trades', 1: '', 2: '', 3: '0.00%', 4: '46'}, {0: 'Mechanic and repair technologies', 1: '', 2: '', 3: '0.00%', 4: '47'}, {0: 'Precision production', 1: '', 2: '', 3: '0.00%', 4: '48'}, {0: 'Transportation and materials moving', 1: '', 2: '', 3: '0.00%', 4: '49'}, {0: 'Visual and performing arts', 1: '', 2: '', 3: '3.36%', 4: '50'}, {0: 'Health professions and related programs', 1: '', 2: '', 3: '1.40%', 4: '51'}, {0: 'Business/marketing', 1: '', 2: '', 3: '23.10%', 4: '52'}, {0: 'History', 1: '', 2: '', 3: '0.73%', 4: '54'}, {0: 'Other', 1: '', 2: '', 3: '', 4: ''}, {0: 'TOTAL (should = 100%)', 1: '0.00%', 2: '0.00%', 3: '100.00%', 4: ''}]]","<table> <tr> <td> Category </td> <td> Diploma/Certificates </td> <td> Associate </td> <td> Bachelor’s </td> <td> CIP 2020 Categories <br/> to Include </td> </tr> <tr> <td> Agriculture </td> <td> </td> <td> </td> <td> 9.37% </td> <td> 01 </td> </tr> <tr> <td> Natural resources and conservation </td> <td> </td> <td> </td> <td> 2.38% </td> <td> 03 </td> </tr> <tr> <td> Architecture </td> <td> </td> <td> </td> <td> 1.62% </td> <td> 04 </td> </tr> <tr> <td> Area, ethnic, and gender studies </td> <td> </td> <td> </td> <td> 0.33% </td> <td> 05 </td> </tr> <tr> <td> Communication/journalism </td> <td> </td> <td> </td> <td> 7.83% </td> <td> 09 </td> </tr> <tr> <td> Communication technologies </td> <td> </td> <td> </td> <td> 0.00% </td> <td> 10 </td> </tr> <tr> <td> Computer and information sciences </td> <td> </td> <td> </td> <td> 2.34% </td> <td> 11 </td> </tr> <tr> <td> Personal and culinary services </td> <td> </td> <td> </td> <td> 0.00% </td> <td> 12 </td> </tr> <tr> <td> Education </td> <td> </td> <td> </td> <td> 6.52% </td> <td> 13 </td> </tr> <tr> <td> Engineering </td> <td> </td> <td> </td> <td> 10.93% </td> <td> 14 </td> </tr> <tr> <td> Engineering technologies </td> <td> </td> <td> </td> <td> 1.29% </td> <td> 15 </td> </tr> <tr> <td> Foreign languages, literatures, and linguistics </td> <td> </td> <td> </td> <td> 0.78% </td> <td> 16 </td> </tr> <tr> <td> Family and consumer sciences </td> <td> </td> <td> </td> <td> 7.21% </td> <td> 19 </td> </tr> <tr> <td> Law/legal studies </td> <td> </td> <td> </td> <td> 0.00% </td> <td> 22 </td> </tr> <tr> <td> English </td> <td> </td> <td> </td> <td> 1.42% </td> <td> 23 </td> </tr> <tr> <td> Liberal arts/general studies </td> <td> </td> <td> </td> <td> 0.09% </td> <td> 24 </td> </tr> <tr> <td> Library science </td> <td> </td> <td> </td> <td> 0.00% </td> <td> 25 </td> </tr> <tr> <td> Biological/life sciences </td> <td> </td> <td> </td> <td> 5.38% </td> <td> 26 </td> </tr> <tr> <td> Mathematics and statistics </td> <td> </td> <td> </td> <td> 1.80% </td> <td> 27 </td> </tr> <tr> <td> Military science and military technologies </td> <td> </td> <td> </td> <td> 0.00% </td> <td> 28 &amp; 29 </td> </tr> <tr> <td> Interdisciplinary studies </td> <td> </td> <td> </td> <td> 0.80% </td> <td> 30 </td> </tr> <tr> <td> Parks and recreation </td> <td> </td> <td> </td> <td> 0.00% </td> <td> 31 </td> </tr> <tr> <td> Philosophy and religious studies </td> <td> </td> <td> </td> <td> 0.24% </td> <td> 38 </td> </tr> <tr> <td> Theology and religious vocations </td> <td> </td> <td> </td> <td> 0.00% </td> <td> 39 </td> </tr> <tr> <td> Physical sciences </td> <td> </td> <td> </td> <td> 1.34% </td> <td> 40 </td> </tr> <tr> <td> Science technologies </td> <td> </td> <td> </td> <td> 0.00% </td> <td> 41 </td> </tr> <tr> <td> Psychology </td> <td> </td> <td> </td> <td> 5.27% </td> <td> 42 </td> </tr> <tr> <td> Homeland Security, law enforcement, firefighting, </td> <td> </td> <td> </td> <td> 0.29% </td> <td> 43 </td> </tr> <tr> <td> Public administration and social services </td> <td> </td> <td> </td> <td> 0.00% </td> <td> 44 </td> </tr> <tr> <td> Social sciences </td> <td> </td> <td> </td> <td> 4.16% </td> <td> 45 </td> </tr> <tr> <td> Construction trades </td> <td> </td> <td> </td> <td> 0.00% </td> <td> 46 </td> </tr> <tr> <td> Mechanic and repair technologies </td> <td> </td> <td> </td> <td> 0.00% </td> <td> 47 </td> </tr> <tr> <td> Precision production </td> <td> </td> <td> </td> <td> 0.00% </td> <td> 48 </td> </tr> <tr> <td> Transportation and materials moving </td> <td> </td> <td> </td> <td> 0.00% </td> <td> 49 </td> </tr> <tr> <td> Visual and performing arts </td> <td> </td> <td> </td> <td> 3.36% </td> <td> 50 </td> </tr> <tr> <td> Health professions and related programs </td> <td> </td> <td> </td> <td> 1.40% </td> <td> 51 </td> </tr> <tr> <td> Business/marketing </td> <td> </td> <td> </td> <td> 23.10% </td> <td> 52 </td> </tr> <tr> <td> History </td> <td> </td> <td> </td> <td> 0.73% </td> <td> 54 </td> </tr> <tr> <td> Other </td> <td> </td> <td> </td> <td> </td> <td> </td> </tr> <tr> <td> TOTAL (should = 100%) </td> <td> 0.00% </td> <td> 0.00% </td> <td> 100.00% </td> <td> </td> </tr> </table>",181464,../data/cds-docs/2022-2023/181464.pdf,2022-2023
B,1,B1,Institutional Enrollment - Men and Women,"[[{0: '', 1: 'FULL-TIME', 2: 'FULL-TIME', 3: 'PART-TIME', 4: 'PART-TIME'}, {0: '', 1: 'Men\nWomen', 2: 'Men\nWomen', 3: 'Men\nWomen', 4: 'Men\nWomen'}, {0: 'Undergraduates', 1: 'Undergraduates', 2: 'Undergraduates', 3: 'Undergraduates', 4: 'Undergraduates'}, {0: 'Degree-seeking, first-time\nfreshmen', 1: '2205', 2: '2,504', 3: '12', 4: '15'}, {0: 'Other first-year, degree-seeking', 1: '366', 2: '272', 3: '21', 4: '21'}, {0: 'All other degree-seeking', 1: '6,667', 2: '6,421', 3: '556', 4: '389'}, {0: 'Total degree-seeking', 1: '9,238', 2: '9,197', 3: '589', 4: '425'}, {0: 'All other undergraduates\nenrolled in credit courses', 1: '', 2: '2', 3: '46', 4: '55'}, {0: 'Total undergraduates', 1: '9,238', 2: '9,199', 3: '635', 4: '480'}, {0: 'Graduate', 1: 'Graduate', 2: 'Graduate', 3: 'Graduate', 4: 'Graduate'}, {0: 'Degree-seeking, first-time', 1: '372', 2: '381', 3: '174', 4: '161'}, {0: 'All other degree-seeking', 1: '951', 2: '863', 3: '752', 4: '819'}, {0: 'All other graduates enrolled in\ncredit courses', 1: '32', 2: '19', 3: '120', 4: '235'}, {0: 'Total graduate', 1: '1355', 2: '1263', 3: '1046', 4: '1215'}, {0: 'Total all students', 1: '10,593', 2: '10,462', 3: '1,681', 4: '1,695'}]]","<table> <tr> <td rowspan=""2""> </td> <td colspan=""2""> FULL-TIME </td> <td colspan=""2""> PART-TIME </td> </tr> <tr> <td colspan=""2""> Men <br/> Women </td> <td colspan=""2""> Men <br/> Women </td> </tr> <tr> <td colspan=""5""> Undergraduates </td> </tr> <tr> <td> Degree-seeking, first-time <br/> freshmen </td> <td> 2205 </td> <td> 2,504 </td> <td> 12 </td> <td> 15 </td> </tr> <tr> <td> Other first-year, degree-seeking </td> <td> 366 </td> <td> 272 </td> <td> 21 </td> <td> 21 </td> </tr> <tr> <td> All other degree-seeking </td> <td> 6,667 </td> <td> 6,421 </td> <td> 556 </td> <td> 389 </td> </tr> <tr> <td> Total degree-seeking </td> <td> 9,238 </td> <td> 9,197 </td> <td> 589 </td> <td> 425 </td> </tr> <tr> <td> All other undergraduates <br/> enrolled in credit courses </td> <td> </td> <td> 2 </td> <td> 46 </td> <td> 55 </td> </tr> <tr> <td> Total undergraduates </td> <td> 9,238 </td> <td> 9,199 </td> <td> 635 </td> <td> 480 </td> </tr> <tr> <td colspan=""5""> Graduate </td> </tr> <tr> <td> Degree-seeking, first-time </td> <td> 372 </td> <td> 381 </td> <td> 174 </td> <td> 161 </td> </tr> <tr> <td> All other degree-seeking </td> <td> 951 </td> <td> 863 </td> <td> 752 </td> <td> 819 </td> </tr> <tr> <td> All other graduates enrolled in <br/> credit courses </td> <td> 32 </td> <td> 19 </td> <td> 120 </td> <td> 235 </td> </tr> <tr> <td> Total graduate </td> <td> 1355 </td> <td> 1263 </td> <td> 1046 </td> <td> 1215 </td> </tr> <tr> <td> Total all students </td> <td> 10,593 </td> <td> 10,462 </td> <td> 1,681 </td> <td> 1,695 </td> </tr> </table>",181464,../data/cds-docs/2021-2022/181464.pdf,2021-2022
B,2,B2,Enrollment by Racial/Ethnic Category.,"[[{0: '', 1: 'Degree-Seeking\nFirst-Time\nFirst Year', 2: 'Degree-Seeking\nUndergraduates\n(include first-time\nfirst-year)', 3: 'Total\nUndergraduates\n(both degree- and\nnon-degree\ufffe\nseeking)'}, {0: 'Nonresident aliens', 1: '84', 2: '895', 3: '896'}, {0: 'Hispanic/Latino', 1: '422', 2: '1,613', 3: '1,620'}, {0: 'Black or African American, non-Hispanic', 1: '133', 2: '539', 3: '539'}, {0: 'White, non-Hispanic', 1: '3,628', 2: '14,779', 3: '14,863'}, {0: 'American Indian or Alaska Native, non-Hispanic', 1: '22', 2: '46', 3: '46'}, {0: 'Asian, non-Hispanic', 1: '197', 2: '707', 3: '711'}, {0: 'Native Hawaiian or other Pacific Islander, non\ufffe\nHispanic', 1: '4', 2: '11', 3: '11'}, {0: 'Two or more races, non-Hispanic', 1: '198', 2: '669', 3: '674'}, {0: 'Race and/or ethnicity unknown', 1: '48', 2: '190', 3: '192'}, {0: 'TOTAL', 1: '4,736', 2: '19,449', 3: '19,552'}]]","<table> <tr> <td> </td> <td> Degree-Seeking <br/> First-Time <br/> First Year </td> <td> Degree-Seeking <br/> Undergraduates <br/> (include first-time <br/> first-year) </td> <td> Total <br/> Undergraduates <br/> (both degree- and <br/> non-degree￾ <br/> seeking) </td> </tr> <tr> <td> Nonresident aliens </td> <td> 84 </td> <td> 895 </td> <td> 896 </td> </tr> <tr> <td> Hispanic/Latino </td> <td> 422 </td> <td> 1,613 </td> <td> 1,620 </td> </tr> <tr> <td> Black or African American, non-Hispanic </td> <td> 133 </td> <td> 539 </td> <td> 539 </td> </tr> <tr> <td> White, non-Hispanic </td> <td> 3,628 </td> <td> 14,779 </td> <td> 14,863 </td> </tr> <tr> <td> American Indian or Alaska Native, non-Hispanic </td> <td> 22 </td> <td> 46 </td> <td> 46 </td> </tr> <tr> <td> Asian, non-Hispanic </td> <td> 197 </td> <td> 707 </td> <td> 711 </td> </tr> <tr> <td> Native Hawaiian or other Pacific Islander, non￾ <br/> Hispanic </td> <td> 4 </td> <td> 11 </td> <td> 11 </td> </tr> <tr> <td> Two or more races, non-Hispanic </td> <td> 198 </td> <td> 669 </td> <td> 674 </td> </tr> <tr> <td> Race and/or ethnicity unknown </td> <td> 48 </td> <td> 190 </td> <td> 192 </td> </tr> <tr> <td> TOTAL </td> <td> 4,736 </td> <td> 19,449 </td> <td> 19,552 </td> </tr> </table>",181464,../data/cds-docs/2021-2022/181464.pdf,2021-2022
B,4,B4,-B21: Graduation Rates,"[[{0: '', 1: 'Recipients of a\nFederal Grant Pell', 2: 'Recipients of a\nSubsidized\nStafford Loan\nwho did not\nreceive Grant a Pell', 3: 'Students who did\nnot receive either\na Pell Grant or a\nsubsidized\nStafford Loan', 4: 'Total\n(sum of 3 columns\nto the left)'}, {0: ""Initial 2015 cohort of first-time, full\ufffe\ntime, bachelor's (or equivalent)\ndegree-seeking undergraduate\nstudents"", 1: '1086', 2: '589', 3: '2434', 4: '4109'}, {0: 'Of the initial 2015 cohort, how many\ndid not persist and did not graduate\nfor the following reasons:\n• Deceased\n• Permanently Disabled\n• Armed Forces\n• Foreign Aid Service of the Federal\nGovernment\n• Official church missions\n• Report Total Allowable Exclusions', 1: '2', 2: '0', 3: '0', 4: '2'}, {0: 'Final 2015 cohort, after adjusting for\nallowable exclusions', 1: '1084', 2: '589', 3: '2434', 4: '4107'}, {0: 'Of the initial 2015 cohort, how many\ncompleted the program in four years\nor less (by Aug. 31, 2019)', 1: '366', 2: '263', 3: '1257', 4: '1886'}, {0: 'Of the initial 2015 cohort, how many\ncompleted the program in more than\nfour years but in five years or less\n(after Aug. 31, 2019 and by Aug. 31,\n2020)', 1: '184', 2: '95', 3: '453', 4: '732'}, {0: 'Of the initial 2015 cohort, how many\ncompleted the program in more than\nfive years but in six years or less\n(after Aug. 31, 2020 and by Aug. 31,\n2021)', 1: '35', 2: '11', 3: '62', 4: '108'}, {0: 'Total graduating within six years\n(sum of lines D, E, and F)', 1: '585', 2: '369', 3: '1772', 4: '2726'}, {0: 'Six-year graduation rate for 2015\ncohort (G divided by C)', 1: '54%', 2: '63%', 3: '73%', 4: '66%'}]]","<table> <tr> <td> </td> <td> Recipients of a <br/> Federal Grant Pell </td> <td> Recipients of a <br/> Subsidized <br/> Stafford Loan <br/> who did not <br/> receive Grant a Pell </td> <td> Students who did <br/> not receive either <br/> a Pell Grant or a <br/> subsidized <br/> Stafford Loan </td> <td> Total <br/> (sum of 3 columns <br/> to the left) </td> </tr> <tr> <td> Initial 2015 cohort of first-time, full￾ <br/> time, bachelor's (or equivalent) <br/> degree-seeking undergraduate <br/> students </td> <td> 1086 </td> <td> 589 </td> <td> 2434 </td> <td> 4109 </td> </tr> <tr> <td> Of the initial 2015 cohort, how many <br/> did not persist and did not graduate <br/> for the following reasons: <br/> • Deceased <br/> • Permanently Disabled <br/> • Armed Forces <br/> • Foreign Aid Service of the Federal <br/> Government <br/> • Official church missions <br/> • Report Total Allowable Exclusions </td> <td> 2 </td> <td> 0 </td> <td> 0 </td> <td> 2 </td> </tr> <tr> <td> Final 2015 cohort, after adjusting for <br/> allowable exclusions </td> <td> 1084 </td> <td> 589 </td> <td> 2434 </td> <td> 4107 </td> </tr> <tr> <td> Of the initial 2015 cohort, how many <br/> completed the program in four years <br/> or less (by Aug. 31, 2019) </td> <td> 366 </td> <td> 263 </td> <td> 1257 </td> <td> 1886 </td> </tr> <tr> <td> Of the initial 2015 cohort, how many <br/> completed the program in more than <br/> four years but in five years or less <br/> (after Aug. 31, 2019 and by Aug. 31, <br/> 2020) </td> <td> 184 </td> <td> 95 </td> <td> 453 </td> <td> 732 </td> </tr> <tr> <td> Of the initial 2015 cohort, how many <br/> completed the program in more than <br/> five years but in six years or less <br/> (after Aug. 31, 2020 and by Aug. 31, <br/> 2021) </td> <td> 35 </td> <td> 11 </td> <td> 62 </td> <td> 108 </td> </tr> <tr> <td> Total graduating within six years <br/> (sum of lines D, E, and F) </td> <td> 585 </td> <td> 369 </td> <td> 1772 </td> <td> 2726 </td> </tr> <tr> <td> Six-year graduation rate for 2015 <br/> cohort (G divided by C) </td> <td> 54% </td> <td> 63% </td> <td> 73% </td> <td> 66% </td> </tr> </table>",181464,../data/cds-docs/2021-2022/181464.pdf,2021-2022
B,12,B12,"Initial cohort, total of first-time, full-time degree/certificate-seeking students:","[[{0: '', 1: '2018 Cohort', 2: '2017 Cohort'}, {0: 'Initial cohort, total of first-time, full-time degree/certificate-seeking students:', 1: '', 2: ''}, {0: 'Of the initial cohort, how many did not persist and did not graduate for the\nfollowing reasons:\n• • Death Permanently Disability\n• Service in the armed forces,\n• Foreign aid service of the federal government\n• Official church missions\n• Report total allowable exclusions', 1: '', 2: ''}, {0: 'Final cohort, after adjusting for allowable exclusions:', 1: '0', 2: '0'}, {0: 'Completers of programs of less than two years duration (total):', 1: '', 2: ''}, {0: 'Completers of programs of less than two years within 150 percent of normal\ntime:', 1: '', 2: ''}, {0: 'Completers of programs of at least two but less than four years (total):', 1: '', 2: ''}, {0: 'Completers of programs of at least two but less than four-years within 150\npercent of normal time:', 1: '', 2: ''}, {0: 'Total transfers-out (within three years) to other institutions:', 1: '', 2: ''}, {0: 'Total transfers to two-year institutions:', 1: '', 2: ''}, {0: 'Total transfers to four-year institutions:', 1: '', 2: ''}]]","<table> <tr> <td> </td> <td> 2018 Cohort </td> <td> 2017 Cohort </td> </tr> <tr> <td> Initial cohort, total of first-time, full-time degree/certificate-seeking students: </td> <td> </td> <td> </td> </tr> <tr> <td> Of the initial cohort, how many did not persist and did not graduate for the <br/> following reasons: <br/> • • Death Permanently Disability <br/> • Service in the armed forces, <br/> • Foreign aid service of the federal government <br/> • Official church missions <br/> • Report total allowable exclusions </td> <td> </td> <td> </td> </tr> <tr> <td> Final cohort, after adjusting for allowable exclusions: </td> <td> 0 </td> <td> 0 </td> </tr> <tr> <td> Completers of programs of less than two years duration (total): </td> <td> </td> <td> </td> </tr> <tr> <td> Completers of programs of less than two years within 150 percent of normal <br/> time: </td> <td> </td> <td> </td> </tr> <tr> <td> Completers of programs of at least two but less than four years (total): </td> <td> </td> <td> </td> </tr> <tr> <td> Completers of programs of at least two but less than four-years within 150 <br/> percent of normal time: </td> <td> </td> <td> </td> </tr> <tr> <td> Total transfers-out (within three years) to other institutions: </td> <td> </td> <td> </td> </tr> <tr> <td> Total transfers to two-year institutions: </td> <td> </td> <td> </td> </tr> <tr> <td> Total transfers to four-year institutions: </td> <td> </td> <td> </td> </tr> </table>",181464,../data/cds-docs/2021-2022/181464.pdf,2021-2022
C,1,C1,"First-time, first-year (freshman) students: Provide the number of degree-seeking, first-time, first-year","[[{0: 'Total first-time, first-year', 1: '(freshman)', 2: 'men who applied', 3: '8053'}, {0: 'Total first-time, first-year', 1: '(freshman)', 2: 'women who applied', 3: '9722'}], [{0: 'Total first-time, first-year', 1: '(freshman)', 2: 'men who were admitted', 3: '6530'}, {0: 'Total first-time, first-year', 1: '(freshman)', 2: 'women who were admitted', 3: '7881'}], [{0: 'Total full-time, first-time, first-year (freshman) men who enrolled', 1: '2205'}, {0: 'Total part-time, first-time, first-year (freshman) men who enrolled', 1: '12'}], [{0: 'Total full-time, first-time, first-year (freshman) women who enrolled', 1: '2504'}, {0: 'Total part-time, first-time, first-year (freshman) women who enrolled', 1: '15'}], [{0: 'Total first-time, first-year (degree-seeking) who applied', 1: 'Total first-time, first-year (degree-seeking) who applied', 2: 'Total first-time, first-year (degree-seeking) who applied', 3: '17775'}, {0: 'Total first-time, first-year (degree-seeking) who were admitted', 1: 'Total first-time, first-year (degree-seeking) who were admitted', 2: 'Total first-time, first-year (degree-seeking) who were admitted', 3: '15701'}, {0: 'Total first-time, first-year', 1: '(degree-seeking)', 2: 'who enrolled', 3: '4736'}]]","<table> <tr> <td> Total first-time, first-year </td> <td> (freshman) </td> <td> men who applied </td> <td> 8053 </td> </tr> <tr> <td> Total first-time, first-year </td> <td> (freshman) </td> <td> women who applied </td> <td> 9722 </td> </tr> </table><div class=""separator""></div><table> <tr> <td> Total first-time, first-year </td> <td> (freshman) </td> <td> men who were admitted </td> <td> 6530 </td> </tr> <tr> <td> Total first-time, first-year </td> <td> (freshman) </td> <td> women who were admitted </td> <td> 7881 </td> </tr> </table><div class=""separator""></div><table> <tr> <td> Total full-time, first-time, first-year (freshman) men who enrolled </td> <td> 2205 </td> </tr> <tr> <td> Total part-time, first-time, first-year (freshman) men who enrolled </td> <td> 12 </td> </tr> </table><div class=""separator""></div><table> <tr> <td> Total full-time, first-time, first-year (freshman) women who enrolled </td> <td> 2504 </td> </tr> <tr> <td> Total part-time, first-time, first-year (freshman) women who enrolled </td> <td> 15 </td> </tr> </table><div class=""separator""></div><table> <tr> <td colspan=""3""> Total first-time, first-year (degree-seeking) who applied </td> <td> 17775 </td> </tr> <tr> <td colspan=""3""> Total first-time, first-year (degree-seeking) who were admitted </td> <td> 15701 </td> </tr> <tr> <td> Total first-time, first-year </td> <td> (degree-seeking) </td> <td> who enrolled </td> <td> 4736 </td> </tr> </table>",181464,../data/cds-docs/2021-2022/181464.pdf,2021-2022
C,2,C2,Freshman wait-listed students,"[[{0: 'WAITING LIST', 1: 'TOTAL'}, {0: 'Number of qualified applicants offered a place on waiting list:', 1: ''}, {0: 'Number accepting a place on the waiting list:', 1: ''}, {0: 'Number of wait-listed students admitted:', 1: ''}]]",<table> <tr> <td> WAITING LIST </td> <td> TOTAL </td> </tr> <tr> <td> Number of qualified applicants offered a place on waiting list: </td> <td> </td> </tr> <tr> <td> Number accepting a place on the waiting list: </td> <td> </td> </tr> <tr> <td> Number of wait-listed students admitted: </td> <td> </td> </tr> </table>,181464,../data/cds-docs/2021-2022/181464.pdf,2021-2022
C,5,C5,Distribution of high school units required and/or recommended. Specify the distribution of academic high,"[[{0: '', 1: 'Required Units', 2: 'Units\nRecommended'}, {0: 'Total academic units', 1: '16', 2: ''}, {0: 'English', 1: '4', 2: ''}, {0: 'Mathematics', 1: '4', 2: ''}, {0: 'Science', 1: '3', 2: ''}, {0: 'Of these, units that must be\nlab', 1: '1', 2: ''}, {0: 'Foreign language', 1: '2', 2: ''}, {0: 'Social studies', 1: '1', 2: ''}, {0: 'History', 1: '2', 2: ''}, {0: 'Academic electives', 1: '', 2: ''}, {0: 'Computer Science', 1: '', 2: ''}, {0: 'Visual/Performing Arts', 1: '', 2: ''}, {0: 'Other (specify)', 1: '', 2: ''}]]","<table> <tr> <td> </td> <td> Required Units </td> <td> Units <br/> Recommended </td> </tr> <tr> <td> Total academic units </td> <td> 16 </td> <td> </td> </tr> <tr> <td> English </td> <td> 4 </td> <td> </td> </tr> <tr> <td> Mathematics </td> <td> 4 </td> <td> </td> </tr> <tr> <td> Science </td> <td> 3 </td> <td> </td> </tr> <tr> <td> Of these, units that must be <br/> lab </td> <td> 1 </td> <td> </td> </tr> <tr> <td> Foreign language </td> <td> 2 </td> <td> </td> </tr> <tr> <td> Social studies </td> <td> 1 </td> <td> </td> </tr> <tr> <td> History </td> <td> 2 </td> <td> </td> </tr> <tr> <td> Academic electives </td> <td> </td> <td> </td> </tr> <tr> <td> Computer Science </td> <td> </td> <td> </td> </tr> <tr> <td> Visual/Performing Arts </td> <td> </td> <td> </td> </tr> <tr> <td> Other (specify) </td> <td> </td> <td> </td> </tr> </table>",181464,../data/cds-docs/2021-2022/181464.pdf,2021-2022
C,7,C7,"Relative importance of each of the following academic and nonacademic factors in your first-time, first-","[[{0: '', 1: 'Very Important', 2: 'Important', 3: 'Considered', 4: 'Not Considered'}, {0: 'Academic', 1: 'Academic', 2: 'Academic', 3: 'Academic', 4: 'Academic'}, {0: 'Rigor of secondary school record', 1: '', 2: 'X', 3: '', 4: ''}, {0: 'Class rank', 1: '', 2: 'X', 3: '', 4: ''}, {0: 'Academic GPA', 1: '', 2: 'X', 3: '', 4: ''}, {0: 'Standardized test scores', 1: '', 2: 'X', 3: '', 4: ''}, {0: 'Application Essay', 1: '', 2: '', 3: '', 4: 'X'}, {0: 'Recommendation(s)', 1: '', 2: '', 3: '', 4: 'X'}, {0: 'Nonacademic', 1: 'Nonacademic', 2: 'Nonacademic', 3: 'Nonacademic', 4: 'Nonacademic'}, {0: 'Interview', 1: '', 2: '', 3: '', 4: 'X'}, {0: 'Extracurricular activities', 1: '', 2: '', 3: '', 4: 'X'}, {0: 'Talent/ability', 1: '', 2: '', 3: '', 4: 'X'}, {0: 'Character/personal qualities', 1: '', 2: '', 3: '', 4: 'X'}, {0: 'First generation', 1: '', 2: '', 3: '', 4: 'X'}, {0: 'Alumni/ae relation', 1: '', 2: '', 3: '', 4: 'X'}, {0: 'Geographical residence', 1: '', 2: '', 3: '', 4: 'X'}, {0: 'State residency', 1: '', 2: '', 3: '', 4: 'X'}, {0: 'Religious affiliation/commitment', 1: '', 2: '', 3: '', 4: 'X'}, {0: 'Racial/ethnic status', 1: '', 2: '', 3: '', 4: 'X'}, {0: 'Volunteer work', 1: '', 2: '', 3: '', 4: 'X'}, {0: 'Work experience', 1: '', 2: '', 3: '', 4: 'X'}, {0: 'Level of applicant’s interest', 1: '', 2: '', 3: '', 4: 'X'}]]","<table> <tr> <td> </td> <td> Very Important </td> <td> Important </td> <td> Considered </td> <td> Not Considered </td> </tr> <tr> <td colspan=""5""> Academic </td> </tr> <tr> <td> Rigor of secondary school record </td> <td> </td> <td> X </td> <td> </td> <td> </td> </tr> <tr> <td> Class rank </td> <td> </td> <td> X </td> <td> </td> <td> </td> </tr> <tr> <td> Academic GPA </td> <td> </td> <td> X </td> <td> </td> <td> </td> </tr> <tr> <td> Standardized test scores </td> <td> </td> <td> X </td> <td> </td> <td> </td> </tr> <tr> <td> Application Essay </td> <td> </td> <td> </td> <td> </td> <td> X </td> </tr> <tr> <td> Recommendation(s) </td> <td> </td> <td> </td> <td> </td> <td> X </td> </tr> <tr> <td colspan=""5""> Nonacademic </td> </tr> <tr> <td> Interview </td> <td> </td> <td> </td> <td> </td> <td> X </td> </tr> <tr> <td> Extracurricular activities </td> <td> </td> <td> </td> <td> </td> <td> X </td> </tr> <tr> <td> Talent/ability </td> <td> </td> <td> </td> <td> </td> <td> X </td> </tr> <tr> <td> Character/personal qualities </td> <td> </td> <td> </td> <td> </td> <td> X </td> </tr> <tr> <td> First generation </td> <td> </td> <td> </td> <td> </td> <td> X </td> </tr> <tr> <td> Alumni/ae relation </td> <td> </td> <td> </td> <td> </td> <td> X </td> </tr> <tr> <td> Geographical residence </td> <td> </td> <td> </td> <td> </td> <td> X </td> </tr> <tr> <td> State residency </td> <td> </td> <td> </td> <td> </td> <td> X </td> </tr> <tr> <td> Religious affiliation/commitment </td> <td> </td> <td> </td> <td> </td> <td> X </td> </tr> <tr> <td> Racial/ethnic status </td> <td> </td> <td> </td> <td> </td> <td> X </td> </tr> <tr> <td> Volunteer work </td> <td> </td> <td> </td> <td> </td> <td> X </td> </tr> <tr> <td> Work experience </td> <td> </td> <td> </td> <td> </td> <td> X </td> </tr> <tr> <td> Level of applicant’s interest </td> <td> </td> <td> </td> <td> </td> <td> X </td> </tr> </table>",181464,../data/cds-docs/2021-2022/181464.pdf,2021-2022
C,8,C8,"A If yes, place check marks in the appropriate boxes below to reflect your institution’s policies for use in","[[{0: '', 1: 'ADMISSION', 2: 'ADMISSION', 3: 'ADMISSION', 4: 'ADMISSION', 5: 'ADMISSION'}, {0: '', 1: 'Require', 2: 'Recommend', 3: 'Require for Some', 4: 'Consider if\nSubmitted', 5: 'Used Not'}, {0: 'SAT or ACT', 1: '', 2: '', 3: '', 4: 'X', 5: ''}, {0: 'ACT Only', 1: '', 2: '', 3: '', 4: 'X', 5: ''}, {0: 'SAT Only', 1: '', 2: '', 3: '', 4: 'X', 5: ''}, {0: 'SAT and SAT Subject Tests or ACT', 1: '', 2: '', 3: '', 4: '', 5: 'X'}, {0: 'SAT Subject Tests', 1: '', 2: '', 3: '', 4: '', 5: 'X'}], [{0: 'X', 1: 'X'}, {0: 'X', 1: 'X'}]]","<table> <tr> <td rowspan=""2""> </td> <td colspan=""5""> ADMISSION </td> </tr> <tr> <td> Require </td> <td> Recommend </td> <td> Require for Some </td> <td> Consider if <br/> Submitted </td> <td> Used Not </td> </tr> <tr> <td> SAT or ACT </td> <td> </td> <td> </td> <td> </td> <td> X </td> <td> </td> </tr> <tr> <td> ACT Only </td> <td> </td> <td> </td> <td> </td> <td> X </td> <td> </td> </tr> <tr> <td> SAT Only </td> <td> </td> <td> </td> <td> </td> <td> X </td> <td> </td> </tr> <tr> <td> SAT and SAT Subject Tests or ACT </td> <td> </td> <td> </td> <td> </td> <td> </td> <td> X </td> </tr> <tr> <td> SAT Subject Tests </td> <td> </td> <td> </td> <td> </td> <td> </td> <td> X </td> </tr> </table><div class=""separator""></div><table> <tr> <td> X </td> <td> X </td> </tr> <tr> <td> X </td> <td> X </td> </tr> </table>",181464,../data/cds-docs/2021-2022/181464.pdf,2021-2022
C,9,C9,"Percent and number of first-time, first-year (freshman) students enrolled in Fall 2021 who submitted","[[{0: '8%', 1: '399'}, {0: '85%', 1: '4010'}], [{0: 'Assessment', 1: '25th Percentile', 2: '75th Percentile'}, {0: 'SAT Composite', 1: '1100', 2: '1310'}, {0: 'SAT Evidence-Based Reading and\nWriting', 1: '550', 2: '660'}, {0: 'SAT Math', 1: '540', 2: '660'}, {0: 'ACT Composite', 1: '22', 2: '28'}, {0: 'ACT Math', 1: '21', 2: '27'}, {0: 'ACT English', 1: '21', 2: '28'}, {0: 'ACT Writing', 1: '', 2: ''}], [{0: 'Score Range', 1: 'SAT Evidence\ufffe\nBased Reading\nand Writing', 2: 'SAT Math'}, {0: '700-800', 1: '13%', 2: '18%'}, {0: '600-699', 1: '44%', 2: '30%'}, {0: '500-599', 1: '33%', 2: '43%'}, {0: '400-499', 1: '10%', 2: '8%'}, {0: '300-399', 1: '', 2: '1%'}, {0: '200-299', 1: '', 2: ''}, {0: 'Totals should = 100%', 1: '100%', 2: '100%'}], [{0: 'Score Range', 1: 'SAT Composite'}, {0: '1400-1600', 1: '14%'}, {0: '1200-1399', 1: '35%'}, {0: '1000-1199', 1: '43%'}, {0: '800-999', 1: '7%'}, {0: '600-799', 1: '1%'}, {0: '400-599', 1: ''}, {0: 'Totals should = 100%', 1: '100%'}], [{0: 'Score Range', 1: 'ACT Composite', 2: 'ACT English', 3: 'ACT Math'}, {0: '30-36', 1: '21%', 2: '22%', 3: '15%'}, {0: '24-29', 1: '36%', 2: '30%', 3: '42%'}, {0: '18-23', 1: '36%', 2: '35%', 3: '28%'}, {0: '12-17', 1: '7%', 2: '12%', 3: '15%'}, {0: '6-11', 1: '', 2: '1%', 3: ''}, {0: 'Below 6', 1: '', 2: '', 3: ''}, {0: 'Totals should = 100%', 1: '100%', 2: '100%', 3: '100%'}]]","<table> <tr> <td> 8% </td> <td> 399 </td> </tr> <tr> <td> 85% </td> <td> 4010 </td> </tr> </table><div class=""separator""></div><table> <tr> <td> Assessment </td> <td> 25th Percentile </td> <td> 75th Percentile </td> </tr> <tr> <td> SAT Composite </td> <td> 1100 </td> <td> 1310 </td> </tr> <tr> <td> SAT Evidence-Based Reading and <br/> Writing </td> <td> 550 </td> <td> 660 </td> </tr> <tr> <td> SAT Math </td> <td> 540 </td> <td> 660 </td> </tr> <tr> <td> ACT Composite </td> <td> 22 </td> <td> 28 </td> </tr> <tr> <td> ACT Math </td> <td> 21 </td> <td> 27 </td> </tr> <tr> <td> ACT English </td> <td> 21 </td> <td> 28 </td> </tr> <tr> <td> ACT Writing </td> <td> </td> <td> </td> </tr> </table><div class=""separator""></div><table> <tr> <td> Score Range </td> <td> SAT Evidence￾ <br/> Based Reading <br/> and Writing </td> <td> SAT Math </td> </tr> <tr> <td> 700-800 </td> <td> 13% </td> <td> 18% </td> </tr> <tr> <td> 600-699 </td> <td> 44% </td> <td> 30% </td> </tr> <tr> <td> 500-599 </td> <td> 33% </td> <td> 43% </td> </tr> <tr> <td> 400-499 </td> <td> 10% </td> <td> 8% </td> </tr> <tr> <td> 300-399 </td> <td> </td> <td> 1% </td> </tr> <tr> <td> 200-299 </td> <td> </td> <td> </td> </tr> <tr> <td> Totals should = 100% </td> <td> 100% </td> <td> 100% </td> </tr> </table><div class=""separator""></div><table> <tr> <td> Score Range </td> <td> SAT Composite </td> </tr> <tr> <td> 1400-1600 </td> <td> 14% </td> </tr> <tr> <td> 1200-1399 </td> <td> 35% </td> </tr> <tr> <td> 1000-1199 </td> <td> 43% </td> </tr> <tr> <td> 800-999 </td> <td> 7% </td> </tr> <tr> <td> 600-799 </td> <td> 1% </td> </tr> <tr> <td> 400-599 </td> <td> </td> </tr> <tr> <td> Totals should = 100% </td> <td> 100% </td> </tr> </table><div class=""separator""></div><table> <tr> <td> Score Range </td> <td> ACT Composite </td> <td> ACT English </td> <td> ACT Math </td> </tr> <tr> <td> 30-36 </td> <td> 21% </td> <td> 22% </td> <td> 15% </td> </tr> <tr> <td> 24-29 </td> <td> 36% </td> <td> 30% </td> <td> 42% </td> </tr> <tr> <td> 18-23 </td> <td> 36% </td> <td> 35% </td> <td> 28% </td> </tr> <tr> <td> 12-17 </td> <td> 7% </td> <td> 12% </td> <td> 15% </td> </tr> <tr> <td> 6-11 </td> <td> </td> <td> 1% </td> <td> </td> </tr> <tr> <td> Below 6 </td> <td> </td> <td> </td> <td> </td> </tr> <tr> <td> Totals should = 100% </td> <td> 100% </td> <td> 100% </td> <td> 100% </td> </tr> </table>",181464,../data/cds-docs/2021-2022/181464.pdf,2021-2022
C,11,C11,"Percentage of all enrolled, degree-seeking, first-time, first-year (freshman) students who had high","[[{0: 'Score Range', 1: 'Percent'}, {0: 'Percent who had GPA of 4.0', 1: '17%'}, {0: 'Percent who had GPA between 3.75 and 3.99', 1: '35%'}, {0: 'Percent who had GPA between 3.50 and 3.74', 1: '20%'}, {0: 'Percent who had GPA between 3.25 and 3.49', 1: '12%'}, {0: 'Percent who had GPA between 3.00 and 3.24', 1: '9%'}, {0: 'Percent who had GPA between 2.50 and 2.99', 1: '6%'}, {0: 'Percent who had GPA between 2.0 and 2.49', 1: '1%'}, {0: 'Percent who had GPA between 1.0 and 1.99', 1: ''}, {0: 'Percent who had GPA below 1.0', 1: ''}, {0: 'Totals should = 100%', 1: '100%'}]]",<table> <tr> <td> Score Range </td> <td> Percent </td> </tr> <tr> <td> Percent who had GPA of 4.0 </td> <td> 17% </td> </tr> <tr> <td> Percent who had GPA between 3.75 and 3.99 </td> <td> 35% </td> </tr> <tr> <td> Percent who had GPA between 3.50 and 3.74 </td> <td> 20% </td> </tr> <tr> <td> Percent who had GPA between 3.25 and 3.49 </td> <td> 12% </td> </tr> <tr> <td> Percent who had GPA between 3.00 and 3.24 </td> <td> 9% </td> </tr> <tr> <td> Percent who had GPA between 2.50 and 2.99 </td> <td> 6% </td> </tr> <tr> <td> Percent who had GPA between 2.0 and 2.49 </td> <td> 1% </td> </tr> <tr> <td> Percent who had GPA between 1.0 and 1.99 </td> <td> </td> </tr> <tr> <td> Percent who had GPA below 1.0 </td> <td> </td> </tr> <tr> <td> Totals should = 100% </td> <td> 100% </td> </tr> </table>,181464,../data/cds-docs/2021-2022/181464.pdf,2021-2022
C,14,C14,Application closing date,"[[{0: '', 1: 'Date'}, {0: 'Application closing date (fall)', 1: '5/1'}, {0: 'Priority Date', 1: '3/1'}]]",<table> <tr> <td> </td> <td> Date </td> </tr> <tr> <td> Application closing date (fall) </td> <td> 5/1 </td> </tr> <tr> <td> Priority Date </td> <td> 3/1 </td> </tr> </table>,181464,../data/cds-docs/2021-2022/181464.pdf,2021-2022
D,2,D2,"Provide the number of students who applied, were admitted, and enrolled as degree-seeking transfer","[[{0: '', 1: 'Applicants', 2: 'Admitted\nApplicants', 3: 'Enrolled\nApplicants'}, {0: 'Men', 1: '1,269', 2: '829', 3: '366'}, {0: 'Women', 1: '1,385', 2: '846', 3: '319'}, {0: 'Total', 1: '2,654', 2: '1,675', 3: '685'}]]","<table> <tr> <td> </td> <td> Applicants </td> <td> Admitted <br/> Applicants </td> <td> Enrolled <br/> Applicants </td> </tr> <tr> <td> Men </td> <td> 1,269 </td> <td> 829 </td> <td> 366 </td> </tr> <tr> <td> Women </td> <td> 1,385 </td> <td> 846 </td> <td> 319 </td> </tr> <tr> <td> Total </td> <td> 2,654 </td> <td> 1,675 </td> <td> 685 </td> </tr> </table>",181464,../data/cds-docs/2021-2022/181464.pdf,2021-2022
D,9,D9,Rolling,"[[{0: '', 1: 'Priority Date', 2: 'Closing Date', 3: 'Notification Date', 4: 'Reply Date', 5: 'Rolling\nAdmission'}, {0: 'Fall', 1: '3/1', 2: '5/1', 3: '', 4: '', 5: 'X'}, {0: 'Winter', 1: '', 2: '', 3: '', 4: '', 5: ''}, {0: 'Spring', 1: '10/1', 2: '12/1', 3: '', 4: '', 5: 'X'}, {0: 'Summer', 1: '3/1', 2: '5/1', 3: '', 4: '', 5: 'X'}]]",<table> <tr> <td> </td> <td> Priority Date </td> <td> Closing Date </td> <td> Notification Date </td> <td> Reply Date </td> <td> Rolling <br/> Admission </td> </tr> <tr> <td> Fall </td> <td> 3/1 </td> <td> 5/1 </td> <td> </td> <td> </td> <td> X </td> </tr> <tr> <td> Winter </td> <td> </td> <td> </td> <td> </td> <td> </td> <td> </td> </tr> <tr> <td> Spring </td> <td> 10/1 </td> <td> 12/1 </td> <td> </td> <td> </td> <td> X </td> </tr> <tr> <td> Summer </td> <td> 3/1 </td> <td> 5/1 </td> <td> </td> <td> </td> <td> X </td> </tr> </table>,181464,../data/cds-docs/2021-2022/181464.pdf,2021-2022
F,1,F1,"Percentages of first-time, first-year (freshman) degree-seeking students and degree-","[[{0: '', 1: 'First-time, first\ufffe\nyear (freshman)\nstudents', 2: 'Undergraduates'}, {0: 'Percent who are from out of state (exclude\ninternational/nonresident aliens from the numerator\nand denominator)', 1: '26%', 2: '25%'}, {0: 'Percent of men who join fraternities', 1: '18%', 2: '21%'}, {0: 'Percent of women who join sororities', 1: '20%', 2: '26%'}, {0: 'Percent who live in college-owned, -operated, or -\naffiliated housing', 1: '88%', 2: '38%'}, {0: 'Percent who live off campus or commute', 1: '12%', 2: '62%'}, {0: 'Percent of students age 25 and older', 1: '0%', 2: '5%'}, {0: 'Average age of full-time students', 1: '18', 2: '21'}, {0: 'Average age of all students (full- and part-time)', 1: '18', 2: '21'}]]","<table> <tr> <td> </td> <td> First-time, first￾ <br/> year (freshman) <br/> students </td> <td> Undergraduates </td> </tr> <tr> <td> Percent who are from out of state (exclude <br/> international/nonresident aliens from the numerator <br/> and denominator) </td> <td> 26% </td> <td> 25% </td> </tr> <tr> <td> Percent of men who join fraternities </td> <td> 18% </td> <td> 21% </td> </tr> <tr> <td> Percent of women who join sororities </td> <td> 20% </td> <td> 26% </td> </tr> <tr> <td> Percent who live in college-owned, -operated, or - <br/> affiliated housing </td> <td> 88% </td> <td> 38% </td> </tr> <tr> <td> Percent who live off campus or commute </td> <td> 12% </td> <td> 62% </td> </tr> <tr> <td> Percent of students age 25 and older </td> <td> 0% </td> <td> 5% </td> </tr> <tr> <td> Average age of full-time students </td> <td> 18 </td> <td> 21 </td> </tr> <tr> <td> Average age of all students (full- and part-time) </td> <td> 18 </td> <td> 21 </td> </tr> </table>",181464,../data/cds-docs/2021-2022/181464.pdf,2021-2022
F,3,F3,ROTC (program offered in cooperation with Reserve Officers' Training Corps),"[[{0: '', 1: 'On Campus', 2: 'At Cooperating\nInstitution', 3: 'Name of Cooperating\nInstitution'}, {0: 'Army ROTC is offered:', 1: 'X', 2: '', 3: ''}, {0: 'Naval ROTC is offered:', 1: 'X', 2: '', 3: ''}, {0: 'Air Force ROTC is offered:', 1: 'X', 2: '', 3: ''}]]",<table> <tr> <td> </td> <td> On Campus </td> <td> At Cooperating <br/> Institution </td> <td> Name of Cooperating <br/> Institution </td> </tr> <tr> <td> Army ROTC is offered: </td> <td> X </td> <td> </td> <td> </td> </tr> <tr> <td> Naval ROTC is offered: </td> <td> X </td> <td> </td> <td> </td> </tr> <tr> <td> Air Force ROTC is offered: </td> <td> X </td> <td> </td> <td> </td> </tr> </table>,181464,../data/cds-docs/2021-2022/181464.pdf,2021-2022
G,1,G1,First-Year Undergraduates,"[[{0: '', 1: 'First-Year', 2: 'Undergraduates'}, {0: 'PRIVATE INSTITUTIONS', 1: '', 2: ''}, {0: 'Tuition:', 1: '', 2: ''}, {0: 'PUBLIC INSTITUTIONS', 1: '', 2: ''}, {0: 'Tuition: In-district', 1: '', 2: ''}, {0: 'Tuition: In-state (out-of-district):', 1: '', 2: ''}, {0: 'Tuition: Out-of-state:', 1: '', 2: ''}, {0: 'Tuition: Non-resident alien', 1: '', 2: ''}, {0: 'FOR ALL INSTITUTIONS', 1: 'FOR ALL INSTITUTIONS', 2: 'FOR ALL INSTITUTIONS'}, {0: 'Required Fees', 1: '', 2: ''}, {0: 'Room and Board (on-campus):', 1: '', 2: ''}, {0: 'Room Only (on-campus):', 1: '', 2: ''}, {0: 'Board Only (on-campus meal plan):', 1: '', 2: ''}]]","<table> <tr> <td> </td> <td> First-Year </td> <td> Undergraduates </td> </tr> <tr> <td> PRIVATE INSTITUTIONS </td> <td> </td> <td> </td> </tr> <tr> <td> Tuition: </td> <td> </td> <td> </td> </tr> <tr> <td> PUBLIC INSTITUTIONS </td> <td> </td> <td> </td> </tr> <tr> <td> Tuition: In-district </td> <td> </td> <td> </td> </tr> <tr> <td> Tuition: In-state (out-of-district): </td> <td> </td> <td> </td> </tr> <tr> <td> Tuition: Out-of-state: </td> <td> </td> <td> </td> </tr> <tr> <td> Tuition: Non-resident alien </td> <td> </td> <td> </td> </tr> <tr> <td colspan=""3""> FOR ALL INSTITUTIONS </td> </tr> <tr> <td> Required Fees </td> <td> </td> <td> </td> </tr> <tr> <td> Room and Board (on-campus): </td> <td> </td> <td> </td> </tr> <tr> <td> Room Only (on-campus): </td> <td> </td> <td> </td> </tr> <tr> <td> Board Only (on-campus meal plan): </td> <td> </td> <td> </td> </tr> </table>",181464,../data/cds-docs/2021-2022/181464.pdf,2021-2022
G,3,G3,"Do tuition and fees vary by year of study (e.g., sophomore,","[[{0: '', 1: 'X'}, {0: 'X', 1: ''}]]",<table> <tr> <td> </td> <td> X </td> </tr> <tr> <td> X </td> <td> </td> </tr> </table>,181464,../data/cds-docs/2021-2022/181464.pdf,2021-2022
G,5,G5,Provide the estimated expenses for a typical full-time undergraduate student:,"[[{0: '', 1: 'Residents', 2: 'Commuters\n(living at home)', 3: 'Commuters\n(not living at home)'}, {0: 'Books and supplies:', 1: '', 2: '', 3: ''}, {0: 'Room only:', 1: '', 2: '', 3: ''}, {0: 'Board only:', 1: '', 2: '', 3: ''}, {0: 'Room and board total*', 1: '', 2: '', 3: ''}, {0: 'Transportation:', 1: '', 2: '', 3: ''}, {0: 'Other expenses:', 1: '', 2: '', 3: ''}]]",<table> <tr> <td> </td> <td> Residents </td> <td> Commuters <br/> (living at home) </td> <td> Commuters <br/> (not living at home) </td> </tr> <tr> <td> Books and supplies: </td> <td> </td> <td> </td> <td> </td> </tr> <tr> <td> Room only: </td> <td> </td> <td> </td> <td> </td> </tr> <tr> <td> Board only: </td> <td> </td> <td> </td> <td> </td> </tr> <tr> <td> Room and board total* </td> <td> </td> <td> </td> <td> </td> </tr> <tr> <td> Transportation: </td> <td> </td> <td> </td> <td> </td> </tr> <tr> <td> Other expenses: </td> <td> </td> <td> </td> <td> </td> </tr> </table>,181464,../data/cds-docs/2021-2022/181464.pdf,2021-2022
H,2,H2,Number of Enrolled Students Awarded Aid: List the number of degree-seeking full-time and less-than-,"[[{0: '', 1: '', 2: 'First-time Full\ufffe\ntime Freshmen', 3: 'Full-time\nUndergrad\n(Incl. Fresh)', 4: 'Less Full-time Than\nUndergrad'}, {0: 'A', 1: 'Number of degree-seeking undergraduate students\n(CDS Item B1 if reporting on Fall 2021 cohort)', 2: '4732', 3: '18949', 4: '1180'}, {0: 'B', 1: 'Number of students in line a who applied for need\ufffe\nbased financial aid', 2: '4656', 3: '17667', 4: '1529'}, {0: 'C', 1: 'Number of students in line b who were determined to\nhave financial need', 2: '2754', 3: '8877', 4: '706'}, {0: 'D', 1: 'Number of students in line c who were awarded any\nfinancial aid', 2: '2730', 3: '8689', 4: '633'}, {0: 'E', 1: 'Number of students in line d who were awarded any\nneed-based scholarship or grant aid', 2: '2650', 3: '7846', 4: '517'}, {0: 'F', 1: 'Number of students in line d who were awarded any\nneed-based self-help aid', 2: '1435', 3: '4774', 4: '371'}, {0: 'G', 1: 'Number of students in line d who were awarded any\nnon-need-based scholarship or grant aid', 2: '341', 3: '866', 4: '18'}, {0: 'H', 1: 'Number of students in line d whose need was fully met\n(exclude PLUS loans, unsubsidized loans, and private\nalternative loans)', 2: '573', 3: '1560', 4: '38'}], [{0: '', 1: '', 2: 'First-time\nFull-time\nFreshmen', 3: 'Full-time\nUndergrad\n(Incl. Fresh.)', 4: 'Less Full-time Than\nUndergrad'}, {0: 'N', 1: 'Number of students in line a who had no financial need\nand who were awarded institutional non-need-based\nscholarship or grant aid (exclude those who were\nawarded athletic awards and tuition benefits)', 2: '1254', 3: '2524', 4: '53'}, {0: 'O', 1: 'Average dollar amount of institutional non-need-based\nscholarship and grant aid awarded to students in line n', 2: '$ 6,941', 3: '$ 7,903', 4: '$ 4,552'}, {0: 'P', 1: 'Number of students in line a who were awarded an\ninstitutional non-need-based athletic scholarship or\ngrant', 2: '107', 3: '544', 4: ''}, {0: 'Q', 1: 'Average dollar amount of institutional non-need-based\nathletic scholarships and grants awarded to students in\nline p', 2: '$ 14,554', 3: '$ 16,670', 4: ''}]]","<table> <tr> <td> </td> <td> </td> <td> First-time Full￾ <br/> time Freshmen </td> <td> Full-time <br/> Undergrad <br/> (Incl. Fresh) </td> <td> Less Full-time Than <br/> Undergrad </td> </tr> <tr> <td> A </td> <td> Number of degree-seeking undergraduate students <br/> (CDS Item B1 if reporting on Fall 2021 cohort) </td> <td> 4732 </td> <td> 18949 </td> <td> 1180 </td> </tr> <tr> <td> B </td> <td> Number of students in line a who applied for need￾ <br/> based financial aid </td> <td> 4656 </td> <td> 17667 </td> <td> 1529 </td> </tr> <tr> <td> C </td> <td> Number of students in line b who were determined to <br/> have financial need </td> <td> 2754 </td> <td> 8877 </td> <td> 706 </td> </tr> <tr> <td> D </td> <td> Number of students in line c who were awarded any <br/> financial aid </td> <td> 2730 </td> <td> 8689 </td> <td> 633 </td> </tr> <tr> <td> E </td> <td> Number of students in line d who were awarded any <br/> need-based scholarship or grant aid </td> <td> 2650 </td> <td> 7846 </td> <td> 517 </td> </tr> <tr> <td> F </td> <td> Number of students in line d who were awarded any <br/> need-based self-help aid </td> <td> 1435 </td> <td> 4774 </td> <td> 371 </td> </tr> <tr> <td> G </td> <td> Number of students in line d who were awarded any <br/> non-need-based scholarship or grant aid </td> <td> 341 </td> <td> 866 </td> <td> 18 </td> </tr> <tr> <td> H </td> <td> Number of students in line d whose need was fully met <br/> (exclude PLUS loans, unsubsidized loans, and private <br/> alternative loans) </td> <td> 573 </td> <td> 1560 </td> <td> 38 </td> </tr> </table><div class=""separator""></div><table> <tr> <td> </td> <td> </td> <td> First-time <br/> Full-time <br/> Freshmen </td> <td> Full-time <br/> Undergrad <br/> (Incl. Fresh.) </td> <td> Less Full-time Than <br/> Undergrad </td> </tr> <tr> <td> N </td> <td> Number of students in line a who had no financial need <br/> and who were awarded institutional non-need-based <br/> scholarship or grant aid (exclude those who were <br/> awarded athletic awards and tuition benefits) </td> <td> 1254 </td> <td> 2524 </td> <td> 53 </td> </tr> <tr> <td> O </td> <td> Average dollar amount of institutional non-need-based <br/> scholarship and grant aid awarded to students in line n </td> <td> $ 6,941 </td> <td> $ 7,903 </td> <td> $ 4,552 </td> </tr> <tr> <td> P </td> <td> Number of students in line a who were awarded an <br/> institutional non-need-based athletic scholarship or <br/> grant </td> <td> 107 </td> <td> 544 </td> <td> </td> </tr> <tr> <td> Q </td> <td> Average dollar amount of institutional non-need-based <br/> athletic scholarships and grants awarded to students in <br/> line p </td> <td> $ 14,554 </td> <td> $ 16,670 </td> <td> </td> </tr> </table>",181464,../data/cds-docs/2021-2022/181464.pdf,2021-2022
H,5,H5,"Number and percent of students in class (defined in H4 above) borrowing from federal, non-federal,","[[{0: 'Source/Type of Loan', 1: 'Source/Type of Loan', 2: 'Number in the\nclass (defined\nin H4 above)\nwho borrowed\nfrom the types\nof loans\nspecified in the\nfirst column', 3: 'Percent of the\nclass (defined\nabove) who\nborrowed from\nthe types of\nloans specified\nin column the first\n(nearest 1%)', 4: 'Average per\ufffe\nundergraduate\ufffe\nborrower\ncumulative\nprincipal\nborrowed from\nthe types of\nloans specified\nin column the first\n(nearest $1)'}, {0: 'A', 1: 'Any loan program: Federal Perkins, Federal Stafford\nSubsidized and Unsubsidized, institutional, state,\nprivate loans that your institution is aware of, etc.\nInclude both Federal Direct Student Loans and Federal\nFamily Education Loans.', 2: '1,744', 3: '55.00%', 4: '$24,543'}, {0: 'B', 1: 'Federal loan programs: Federal Perkins, Federal\nStafford Subsidized and Unsubsidized. Include both\nFederal Direct Student Loans and Federal Family\nEducation Loans.', 2: '1,723', 3: '54.00%', 4: '$20,545'}, {0: 'C', 1: 'Institutional loan programs.', 2: '', 3: '', 4: ''}, {0: 'D', 1: 'State loan programs.', 2: '', 3: '', 4: ''}, {0: 'E', 1: 'Private student loans made by a bank or lender.', 2: '268', 3: '8.00%', 4: '$27,620'}]]","<table> <tr> <td colspan=""2""> Source/Type of Loan </td> <td> Number in the <br/> class (defined <br/> in H4 above) <br/> who borrowed <br/> from the types <br/> of loans <br/> specified in the <br/> first column </td> <td> Percent of the <br/> class (defined <br/> above) who <br/> borrowed from <br/> the types of <br/> loans specified <br/> in column the first <br/> (nearest 1%) </td> <td> Average per￾ <br/> undergraduate￾ <br/> borrower <br/> cumulative <br/> principal <br/> borrowed from <br/> the types of <br/> loans specified <br/> in column the first <br/> (nearest $1) </td> </tr> <tr> <td> A </td> <td> Any loan program: Federal Perkins, Federal Stafford <br/> Subsidized and Unsubsidized, institutional, state, <br/> private loans that your institution is aware of, etc. <br/> Include both Federal Direct Student Loans and Federal <br/> Family Education Loans. </td> <td> 1,744 </td> <td> 55.00% </td> <td> $24,543 </td> </tr> <tr> <td> B </td> <td> Federal loan programs: Federal Perkins, Federal <br/> Stafford Subsidized and Unsubsidized. Include both <br/> Federal Direct Student Loans and Federal Family <br/> Education Loans. </td> <td> 1,723 </td> <td> 54.00% </td> <td> $20,545 </td> </tr> <tr> <td> C </td> <td> Institutional loan programs. </td> <td> </td> <td> </td> <td> </td> </tr> <tr> <td> D </td> <td> State loan programs. </td> <td> </td> <td> </td> <td> </td> </tr> <tr> <td> E </td> <td> Private student loans made by a bank or lender. </td> <td> 268 </td> <td> 8.00% </td> <td> $27,620 </td> </tr> </table>",181464,../data/cds-docs/2021-2022/181464.pdf,2021-2022
H,14,H14,Check off criteria used in awarding institutional aid. Check all that apply.,"[[{0: '', 1: 'Non-Need Based', 2: 'Need-Based'}, {0: 'Academics', 1: 'x', 2: ''}, {0: 'Alumni affiliation', 1: 'x', 2: ''}, {0: 'Art', 1: 'x', 2: ''}, {0: 'Athletics', 1: 'x', 2: ''}]]",<table> <tr> <td> </td> <td> Non-Need Based </td> <td> Need-Based </td> </tr> <tr> <td> Academics </td> <td> x </td> <td> </td> </tr> <tr> <td> Alumni affiliation </td> <td> x </td> <td> </td> </tr> <tr> <td> Art </td> <td> x </td> <td> </td> </tr> <tr> <td> Athletics </td> <td> x </td> <td> </td> </tr> </table>,181464,../data/cds-docs/2021-2022/181464.pdf,2021-2022
J,1,J1,"Degrees conferred between July 1, 2020 and June 30, 2021","[[{0: 'Category', 1: 'Diploma/Certificates', 2: 'Associate', 3: 'Bachelor’s', 4: 'CIP 2020 Categories\nto Include'}, {0: 'Agriculture', 1: '', 2: '', 3: '10%', 4: '01'}, {0: 'Natural resources and conservation', 1: '', 2: '', 3: '2%', 4: '03'}, {0: 'Architecture', 1: '', 2: '', 3: '2%', 4: '04'}, {0: 'Area, ethnic, and gender studies', 1: '', 2: '', 3: '0%', 4: '05'}, {0: 'Communication/journalism', 1: '', 2: '', 3: '8%', 4: '09'}, {0: 'Communication technologies', 1: '', 2: '', 3: '0%', 4: '10'}, {0: 'Computer and information sciences', 1: '', 2: '', 3: '3%', 4: '11'}, {0: 'Personal and culinary services', 1: '', 2: '', 3: '0%', 4: '12'}, {0: 'Education', 1: '', 2: '', 3: '6%', 4: '13'}, {0: 'Engineering', 1: '', 2: '', 3: '11%', 4: '14'}, {0: 'Engineering technologies', 1: '', 2: '', 3: '1%', 4: '15'}, {0: 'Foreign languages, literatures, and linguistics', 1: '', 2: '', 3: '1%', 4: '16'}, {0: 'Family and consumer sciences', 1: '', 2: '', 3: '7%', 4: '19'}, {0: 'Law/legal studies', 1: '', 2: '', 3: '0%', 4: '22'}, {0: 'English', 1: '', 2: '', 3: '2%', 4: '23'}, {0: 'Liberal arts/general studies', 1: '', 2: '', 3: '0%', 4: '24'}, {0: 'Library science', 1: '', 2: '', 3: '0%', 4: '25'}, {0: 'Biological/life sciences', 1: '', 2: '', 3: '6%', 4: '26'}, {0: 'Mathematics and statistics', 1: '', 2: '', 3: '2%', 4: '27'}, {0: 'Military science and military technologies', 1: '', 2: '', 3: '0%', 4: '28 & 29'}, {0: 'Interdisciplinary studies', 1: '', 2: '', 3: '1%', 4: '30'}, {0: 'Parks and recreation', 1: '', 2: '', 3: '0%', 4: '31'}, {0: 'Philosophy and religious studies', 1: '', 2: '', 3: '0%', 4: '38'}, {0: 'Theology and religious vocations', 1: '', 2: '', 3: '0%', 4: '39'}, {0: 'Physical sciences', 1: '', 2: '', 3: '1%', 4: '40'}, {0: 'Science technologies', 1: '', 2: '', 3: '0%', 4: '41'}, {0: 'Psychology', 1: '', 2: '', 3: '5%', 4: '42'}, {0: 'Homeland Security, law enforcement, firefighting,\nand protective services', 1: '', 2: '', 3: '1%', 4: '43'}, {0: 'Public administration and social services', 1: '', 2: '', 3: '0%', 4: '44'}, {0: 'Social sciences', 1: '', 2: '', 3: '4%', 4: '45'}, {0: 'Construction trades', 1: '', 2: '', 3: '0%', 4: '46'}, {0: 'Mechanic and repair technologies', 1: '', 2: '', 3: '0%', 4: '47'}, {0: 'Precision production', 1: '', 2: '', 3: '0%', 4: '48'}, {0: 'Transportation and materials moving', 1: '', 2: '', 3: '0%', 4: '49'}, {0: 'Visual and performing arts', 1: '', 2: '', 3: '3%', 4: '50'}, {0: 'Health professions and related programs', 1: '', 2: '', 3: '1%', 4: '51'}, {0: 'Business/marketing', 1: '', 2: '', 3: '22%', 4: '52'}, {0: 'History', 1: '', 2: '', 3: '1%', 4: '54'}, {0: 'Other', 1: '', 2: '', 3: '', 4: ''}, {0: 'TOTAL (should = 100%)', 1: '0.00%', 2: '0.00%', 3: '100.00%', 4: ''}]]","<table> <tr> <td> Category </td> <td> Diploma/Certificates </td> <td> Associate </td> <td> Bachelor’s </td> <td> CIP 2020 Categories <br/> to Include </td> </tr> <tr> <td> Agriculture </td> <td> </td> <td> </td> <td> 10% </td> <td> 01 </td> </tr> <tr> <td> Natural resources and conservation </td> <td> </td> <td> </td> <td> 2% </td> <td> 03 </td> </tr> <tr> <td> Architecture </td> <td> </td> <td> </td> <td> 2% </td> <td> 04 </td> </tr> <tr> <td> Area, ethnic, and gender studies </td> <td> </td> <td> </td> <td> 0% </td> <td> 05 </td> </tr> <tr> <td> Communication/journalism </td> <td> </td> <td> </td> <td> 8% </td> <td> 09 </td> </tr> <tr> <td> Communication technologies </td> <td> </td> <td> </td> <td> 0% </td> <td> 10 </td> </tr> <tr> <td> Computer and information sciences </td> <td> </td> <td> </td> <td> 3% </td> <td> 11 </td> </tr> <tr> <td> Personal and culinary services </td> <td> </td> <td> </td> <td> 0% </td> <td> 12 </td> </tr> <tr> <td> Education </td> <td> </td> <td> </td> <td> 6% </td> <td> 13 </td> </tr> <tr> <td> Engineering </td> <td> </td> <td> </td> <td> 11% </td> <td> 14 </td> </tr> <tr> <td> Engineering technologies </td> <td> </td> <td> </td> <td> 1% </td> <td> 15 </td> </tr> <tr> <td> Foreign languages, literatures, and linguistics </td> <td> </td> <td> </td> <td> 1% </td> <td> 16 </td> </tr> <tr> <td> Family and consumer sciences </td> <td> </td> <td> </td> <td> 7% </td> <td> 19 </td> </tr> <tr> <td> Law/legal studies </td> <td> </td> <td> </td> <td> 0% </td> <td> 22 </td> </tr> <tr> <td> English </td> <td> </td> <td> </td> <td> 2% </td> <td> 23 </td> </tr> <tr> <td> Liberal arts/general studies </td> <td> </td> <td> </td> <td> 0% </td> <td> 24 </td> </tr> <tr> <td> Library science </td> <td> </td> <td> </td> <td> 0% </td> <td> 25 </td> </tr> <tr> <td> Biological/life sciences </td> <td> </td> <td> </td> <td> 6% </td> <td> 26 </td> </tr> <tr> <td> Mathematics and statistics </td> <td> </td> <td> </td> <td> 2% </td> <td> 27 </td> </tr> <tr> <td> Military science and military technologies </td> <td> </td> <td> </td> <td> 0% </td> <td> 28 &amp; 29 </td> </tr> <tr> <td> Interdisciplinary studies </td> <td> </td> <td> </td> <td> 1% </td> <td> 30 </td> </tr> <tr> <td> Parks and recreation </td> <td> </td> <td> </td> <td> 0% </td> <td> 31 </td> </tr> <tr> <td> Philosophy and religious studies </td> <td> </td> <td> </td> <td> 0% </td> <td> 38 </td> </tr> <tr> <td> Theology and religious vocations </td> <td> </td> <td> </td> <td> 0% </td> <td> 39 </td> </tr> <tr> <td> Physical sciences </td> <td> </td> <td> </td> <td> 1% </td> <td> 40 </td> </tr> <tr> <td> Science technologies </td> <td> </td> <td> </td> <td> 0% </td> <td> 41 </td> </tr> <tr> <td> Psychology </td> <td> </td> <td> </td> <td> 5% </td> <td> 42 </td> </tr> <tr> <td> Homeland Security, law enforcement, firefighting, <br/> and protective services </td> <td> </td> <td> </td> <td> 1% </td> <td> 43 </td> </tr> <tr> <td> Public administration and social services </td> <td> </td> <td> </td> <td> 0% </td> <td> 44 </td> </tr> <tr> <td> Social sciences </td> <td> </td> <td> </td> <td> 4% </td> <td> 45 </td> </tr> <tr> <td> Construction trades </td> <td> </td> <td> </td> <td> 0% </td> <td> 46 </td> </tr> <tr> <td> Mechanic and repair technologies </td> <td> </td> <td> </td> <td> 0% </td> <td> 47 </td> </tr> <tr> <td> Precision production </td> <td> </td> <td> </td> <td> 0% </td> <td> 48 </td> </tr> <tr> <td> Transportation and materials moving </td> <td> </td> <td> </td> <td> 0% </td> <td> 49 </td> </tr> <tr> <td> Visual and performing arts </td> <td> </td> <td> </td> <td> 3% </td> <td> 50 </td> </tr> <tr> <td> Health professions and related programs </td> <td> </td> <td> </td> <td> 1% </td> <td> 51 </td> </tr> <tr> <td> Business/marketing </td> <td> </td> <td> </td> <td> 22% </td> <td> 52 </td> </tr> <tr> <td> History </td> <td> </td> <td> </td> <td> 1% </td> <td> 54 </td> </tr> <tr> <td> Other </td> <td> </td> <td> </td> <td> </td> <td> </td> </tr> <tr> <td> TOTAL (should = 100%) </td> <td> 0.00% </td> <td> 0.00% </td> <td> 100.00% </td> <td> </td> </tr> </table>",181464,../data/cds-docs/2021-2022/181464.pdf,2021-2022
