section,table_num,table_code,table_title,table_records,table_html,unitid,file,year
B,1,B1,Institutional Enrollment - Men and Women,"[[{0: '', 1: 'FULL-TIME', 2: 'FULL-TIME', 3: 'FULL-TIME', 4: 'PART-TIME', 5: 'PART-TIME', 6: 'PART-TIME'}, {0: '', 1: 'Men', 2: 'Women', 3: 'Another\nGender', 4: 'Men', 5: 'Women', 6: 'Another\nGender'}, {0: 'Undergraduate Students', 1: '', 2: 'Undergraduate Students', 3: 'Undergraduate Students', 4: 'Undergraduate Students', 5: 'Undergraduate Students', 6: ''}, {0: 'Degree-seeking, first\ufffe\ntime, first-year students', 1: '', 2: '', 3: '', 4: '', 5: '', 6: ''}, {0: 'Other first-year, degree-seeking\nstudents', 1: '', 2: '', 3: '', 4: '', 5: '', 6: ''}, {0: 'All other degree-seeking\nundergraduate students', 1: '', 2: '', 3: '', 4: '', 5: '', 6: ''}, {0: 'Total degree-seeking\nundergraduate students', 1: '', 2: '', 3: '', 4: '', 5: '', 6: ''}, {0: 'All other undergraduates\nenrolled in credit courses', 1: '', 2: '', 3: '', 4: '', 5: '', 6: ''}, {0: 'Undergraduate Students', 1: '', 2: '', 3: '', 4: '', 5: '', 6: ''}, {0: 'Graduate Students', 1: '', 2: 'Graduate Students', 3: 'Graduate Students', 4: 'Graduate Students', 5: 'Graduate Students', 6: ''}, {0: 'Degree-seeking, first-time', 1: '', 2: '', 3: '', 4: '', 5: '', 6: ''}, {0: 'All other degree-seeking', 1: '', 2: '', 3: '', 4: '', 5: '', 6: ''}, {0: 'All other graduates enrolled in\ncredit courses', 1: '', 2: '', 3: '', 4: '', 5: '', 6: ''}, {0: 'Total Graduate Students', 1: '', 2: '', 3: '', 4: '', 5: '', 6: ''}, {0: 'Total All Students', 1: '', 2: '', 3: '', 4: '', 5: '', 6: ''}]]","<table> <tr> <td rowspan=""2""> </td> <td colspan=""3""> FULL-TIME </td> <td colspan=""3""> PART-TIME </td> </tr> <tr> <td> Men </td> <td> Women </td> <td> Another <br/> Gender </td> <td> Men </td> <td> Women </td> <td> Another <br/> Gender </td> </tr> <tr> <td> Undergraduate Students </td> <td> </td> <td colspan=""4""> Undergraduate Students </td> <td> </td> </tr> <tr> <td> Degree-seeking, first￾ <br/> time, first-year students </td> <td> </td> <td> </td> <td> </td> <td> </td> <td> </td> <td> </td> </tr> <tr> <td> Other first-year, degree-seeking <br/> students </td> <td> </td> <td> </td> <td> </td> <td> </td> <td> </td> <td> </td> </tr> <tr> <td> All other degree-seeking <br/> undergraduate students </td> <td> </td> <td> </td> <td> </td> <td> </td> <td> </td> <td> </td> </tr> <tr> <td> Total degree-seeking <br/> undergraduate students </td> <td> </td> <td> </td> <td> </td> <td> </td> <td> </td> <td> </td> </tr> <tr> <td> All other undergraduates <br/> enrolled in credit courses </td> <td> </td> <td> </td> <td> </td> <td> </td> <td> </td> <td> </td> </tr> <tr> <td> Undergraduate Students </td> <td> </td> <td> </td> <td> </td> <td> </td> <td> </td> <td> </td> </tr> <tr> <td> Graduate Students </td> <td> </td> <td colspan=""4""> Graduate Students </td> <td> </td> </tr> <tr> <td> Degree-seeking, first-time </td> <td> </td> <td> </td> <td> </td> <td> </td> <td> </td> <td> </td> </tr> <tr> <td> All other degree-seeking </td> <td> </td> <td> </td> <td> </td> <td> </td> <td> </td> <td> </td> </tr> <tr> <td> All other graduates enrolled in <br/> credit courses </td> <td> </td> <td> </td> <td> </td> <td> </td> <td> </td> <td> </td> </tr> <tr> <td> Total Graduate Students </td> <td> </td> <td> </td> <td> </td> <td> </td> <td> </td> <td> </td> </tr> <tr> <td> Total All Students </td> <td> </td> <td> </td> <td> </td> <td> </td> <td> </td> <td> </td> </tr> </table>",190600,../data/cds-docs/2022-2023/190600.pdf,2022-2023
B,2,B2,Enrollment by Racial/Ethnic Category.,"[[{0: '', 1: 'Degree-seeking\nFirst-time year First', 2: 'Degree-seeking\nUndergraduates\n(include first-time\nfirst-year)', 3: 'Total\nUndergraduates\n(both degree- and\nnon-degree\ufffe\nseeking)'}, {0: 'Nonresidents', 1: '', 2: '', 3: ''}, {0: 'Hispanic/Latino', 1: '', 2: '', 3: ''}, {0: 'Black or African American, non-Hispanic', 1: '', 2: '', 3: ''}, {0: 'White, non-Hispanic', 1: '', 2: '', 3: ''}, {0: 'American Indian or Alaska Native, non\ufffe\nHispanic', 1: '', 2: '', 3: ''}, {0: 'Asian, non-Hispanic', 1: '', 2: '', 3: ''}, {0: 'Native Hawaiian or other Pacific Islander,\nnon-Hispanic', 1: '', 2: '', 3: ''}, {0: 'Two or more races, non-Hispanic', 1: '', 2: '', 3: ''}, {0: 'Race and/or ethnicity unknown', 1: '', 2: '', 3: ''}, {0: 'Total', 1: '', 2: '', 3: ''}]]","<table> <tr> <td> </td> <td> Degree-seeking <br/> First-time year First </td> <td> Degree-seeking <br/> Undergraduates <br/> (include first-time <br/> first-year) </td> <td> Total <br/> Undergraduates <br/> (both degree- and <br/> non-degree￾ <br/> seeking) </td> </tr> <tr> <td> Nonresidents </td> <td> </td> <td> </td> <td> </td> </tr> <tr> <td> Hispanic/Latino </td> <td> </td> <td> </td> <td> </td> </tr> <tr> <td> Black or African American, non-Hispanic </td> <td> </td> <td> </td> <td> </td> </tr> <tr> <td> White, non-Hispanic </td> <td> </td> <td> </td> <td> </td> </tr> <tr> <td> American Indian or Alaska Native, non￾ <br/> Hispanic </td> <td> </td> <td> </td> <td> </td> </tr> <tr> <td> Asian, non-Hispanic </td> <td> </td> <td> </td> <td> </td> </tr> <tr> <td> Native Hawaiian or other Pacific Islander, <br/> non-Hispanic </td> <td> </td> <td> </td> <td> </td> </tr> <tr> <td> Two or more races, non-Hispanic </td> <td> </td> <td> </td> <td> </td> </tr> <tr> <td> Race and/or ethnicity unknown </td> <td> </td> <td> </td> <td> </td> </tr> <tr> <td> Total </td> <td> </td> <td> </td> <td> </td> </tr> </table>",190600,../data/cds-docs/2022-2023/190600.pdf,2022-2023
B,3,B3,Persistence,"[[{0: 'AWARD TYPE', 1: '# AWARDED'}, {0: 'Certificate/diploma:', 1: ''}, {0: 'Associate degrees:', 1: ''}, {0: 'Bachelor’s degrees:', 1: ''}, {0: 'Post-bachelor’s certificates:', 1: ''}, {0: 'Master’s degrees:', 1: ''}, {0: 'Post-master’s certificates:', 1: ''}, {0: 'Doctoral degrees –\nresearch/scholarship:', 1: ''}, {0: 'Doctoral degrees – professional\npractice:', 1: ''}, {0: 'Doctoral degrees – other:', 1: ''}]]",<table> <tr> <td> AWARD TYPE </td> <td> # AWARDED </td> </tr> <tr> <td> Certificate/diploma: </td> <td> </td> </tr> <tr> <td> Associate degrees: </td> <td> </td> </tr> <tr> <td> Bachelor’s degrees: </td> <td> </td> </tr> <tr> <td> Post-bachelor’s certificates: </td> <td> </td> </tr> <tr> <td> Master’s degrees: </td> <td> </td> </tr> <tr> <td> Post-master’s certificates: </td> <td> </td> </tr> <tr> <td> Doctoral degrees – <br/> research/scholarship: </td> <td> </td> </tr> <tr> <td> Doctoral degrees – professional <br/> practice: </td> <td> </td> </tr> <tr> <td> Doctoral degrees – other: </td> <td> </td> </tr> </table>,190600,../data/cds-docs/2022-2023/190600.pdf,2022-2023
B,4,B4,-B21: Graduation Rates,"[[{0: '', 1: '', 2: 'Recipients of a\nFederal Grant Pell', 3: 'Recipients of a\nSubsidized\nStafford Loan\nwho did not\nreceive Grant a Pell', 4: 'Students who\ndid not receive\neither a Pell\nGrant or a\nsubsidized\nStafford Loan', 5: '(sum Total of 3\ncolumns left) to the'}, {0: 'A', 1: ""Initial 2016 cohort of first-time, full-time,\nbachelor's (or equivalent) degree\ufffe\nseeking undergraduate students"", 2: '', 3: '', 4: '', 5: ''}, {0: 'B', 1: 'Of the initial 2016 cohort, how many did\nnot persist and did not graduate for the\nfollowing reasons:\n• Deceased\n• Permanently Disabled\n• Armed Forces\n• Foreign Aid Service of the Federal Government\n• Official church missions\n• Report Total Allowable Exclusions', 2: '', 3: '', 4: '', 5: ''}, {0: 'C', 1: 'Final 2016 cohort, after adjusting\nfor allowable exclusions', 2: '', 3: '', 4: '', 5: ''}, {0: 'D', 1: 'Of the initial 2016 cohort, how many\ncompleted the program in four years or\nless (by Aug. 31, 2020)', 2: '', 3: '', 4: '', 5: ''}]]","<table> <tr> <td colspan=""2""> </td> <td> Recipients of a <br/> Federal Grant Pell </td> <td> Recipients of a <br/> Subsidized <br/> Stafford Loan <br/> who did not <br/> receive Grant a Pell </td> <td> Students who <br/> did not receive <br/> either a Pell <br/> Grant or a <br/> subsidized <br/> Stafford Loan </td> <td> (sum Total of 3 <br/> columns left) to the </td> </tr> <tr> <td> A </td> <td> Initial 2016 cohort of first-time, full-time, <br/> bachelor's (or equivalent) degree￾ <br/> seeking undergraduate students </td> <td> </td> <td> </td> <td> </td> <td> </td> </tr> <tr> <td> B </td> <td> Of the initial 2016 cohort, how many did <br/> not persist and did not graduate for the <br/> following reasons: <br/> • Deceased <br/> • Permanently Disabled <br/> • Armed Forces <br/> • Foreign Aid Service of the Federal Government <br/> • Official church missions <br/> • Report Total Allowable Exclusions </td> <td> </td> <td> </td> <td> </td> <td> </td> </tr> <tr> <td> C </td> <td> Final 2016 cohort, after adjusting <br/> for allowable exclusions </td> <td> </td> <td> </td> <td> </td> <td> </td> </tr> <tr> <td> D </td> <td> Of the initial 2016 cohort, how many <br/> completed the program in four years or <br/> less (by Aug. 31, 2020) </td> <td> </td> <td> </td> <td> </td> <td> </td> </tr> </table>",190600,../data/cds-docs/2022-2023/190600.pdf,2022-2023
C,1,C1,"First-time, first-year students: Provide the number of degree-seeking, first-time, first-year","[[{0: 'FIRST-TIME, FIRST YEAR STUDENT APPLICANTS', 1: 'TOTAL'}, {0: 'Total first-time, first-year men who applied', 1: ''}, {0: 'Total first-time, first-year women who applied', 1: ''}, {0: 'Total first-time, first-year of another gender who applied', 1: ''}, {0: 'Total first-time, first-year men who were admitted', 1: ''}, {0: 'Total first-time, first-year women who were admitted', 1: ''}, {0: 'Total first-time, first-year of another gender who were admitted', 1: ''}, {0: 'Total full-time, first-time, first-year men who enrolled', 1: ''}, {0: 'Total part-time, first-time, first-year men who enrolled', 1: ''}, {0: 'Total full-time, first-time, first-year women who enrolled', 1: ''}, {0: 'Total part-time, first-time, first-year women who enrolled', 1: ''}, {0: 'Total full-time, first-time, first-year of another gender who enrolled', 1: ''}, {0: 'Total part-time, first-time, first-year of another gender who enrolled', 1: ''}, {0: 'Total first-time, first-year (degree-seeking) who applied', 1: ''}, {0: 'Total first-time, first-year (degree-seeking) who were admitted', 1: ''}, {0: 'Total first-time, first-year (degree-seeking) enrolled', 1: ''}]]","<table> <tr> <td> FIRST-TIME, FIRST YEAR STUDENT APPLICANTS </td> <td> TOTAL </td> </tr> <tr> <td> Total first-time, first-year men who applied </td> <td> </td> </tr> <tr> <td> Total first-time, first-year women who applied </td> <td> </td> </tr> <tr> <td> Total first-time, first-year of another gender who applied </td> <td> </td> </tr> <tr> <td> Total first-time, first-year men who were admitted </td> <td> </td> </tr> <tr> <td> Total first-time, first-year women who were admitted </td> <td> </td> </tr> <tr> <td> Total first-time, first-year of another gender who were admitted </td> <td> </td> </tr> <tr> <td> Total full-time, first-time, first-year men who enrolled </td> <td> </td> </tr> <tr> <td> Total part-time, first-time, first-year men who enrolled </td> <td> </td> </tr> <tr> <td> Total full-time, first-time, first-year women who enrolled </td> <td> </td> </tr> <tr> <td> Total part-time, first-time, first-year women who enrolled </td> <td> </td> </tr> <tr> <td> Total full-time, first-time, first-year of another gender who enrolled </td> <td> </td> </tr> <tr> <td> Total part-time, first-time, first-year of another gender who enrolled </td> <td> </td> </tr> <tr> <td> Total first-time, first-year (degree-seeking) who applied </td> <td> </td> </tr> <tr> <td> Total first-time, first-year (degree-seeking) who were admitted </td> <td> </td> </tr> <tr> <td> Total first-time, first-year (degree-seeking) enrolled </td> <td> </td> </tr> </table>",190600,../data/cds-docs/2022-2023/190600.pdf,2022-2023
C,5,C5,Distribution of high school units required and/or recommended. Specify the distribution of academic high,"[[{0: '', 1: 'Units Required', 2: 'Units Recommended'}, {0: 'Total academic units', 1: '', 2: ''}, {0: 'English', 1: '', 2: ''}, {0: 'Mathematics', 1: '', 2: ''}, {0: 'Science', 1: '', 2: ''}, {0: 'Of these, units that must be lab', 1: '', 2: ''}, {0: 'Foreign language', 1: '', 2: ''}, {0: 'Social studies', 1: '', 2: ''}, {0: 'History', 1: '', 2: ''}, {0: 'Academic electives', 1: '', 2: ''}, {0: 'Computer Science', 1: '', 2: ''}, {0: 'Visual/Performing Arts', 1: '', 2: ''}, {0: 'Other (specify)', 1: '', 2: ''}]]","<table> <tr> <td> </td> <td> Units Required </td> <td> Units Recommended </td> </tr> <tr> <td> Total academic units </td> <td> </td> <td> </td> </tr> <tr> <td> English </td> <td> </td> <td> </td> </tr> <tr> <td> Mathematics </td> <td> </td> <td> </td> </tr> <tr> <td> Science </td> <td> </td> <td> </td> </tr> <tr> <td> Of these, units that must be lab </td> <td> </td> <td> </td> </tr> <tr> <td> Foreign language </td> <td> </td> <td> </td> </tr> <tr> <td> Social studies </td> <td> </td> <td> </td> </tr> <tr> <td> History </td> <td> </td> <td> </td> </tr> <tr> <td> Academic electives </td> <td> </td> <td> </td> </tr> <tr> <td> Computer Science </td> <td> </td> <td> </td> </tr> <tr> <td> Visual/Performing Arts </td> <td> </td> <td> </td> </tr> <tr> <td> Other (specify) </td> <td> </td> <td> </td> </tr> </table>",190600,../data/cds-docs/2022-2023/190600.pdf,2022-2023
C,9,C9,"Percent and number of first-time, first-year students enrolled in Fall 2022 who submitted national","[[{0: '', 1: 'Percent', 2: 'Number'}, {0: 'Submitting SAT Scores', 1: '', 2: ''}, {0: 'Submitting ACT Scores', 1: '', 2: ''}], [{0: 'Assessment', 1: '25th Percentile\nScore', 2: '50th Percentile\nScore', 3: '75th Percentile\nScore'}, {0: 'SAT Composite', 1: '', 2: '', 3: ''}, {0: 'SAT Evidence-Based\nReading and Writing', 1: '', 2: '', 3: ''}, {0: 'SAT Math', 1: '', 2: '', 3: ''}, {0: 'ACT Composite', 1: '', 2: '', 3: ''}, {0: 'ACT Math', 1: '', 2: '', 3: ''}, {0: 'ACT English', 1: '', 2: '', 3: ''}, {0: 'ACT Writing', 1: '', 2: '', 3: ''}, {0: 'ACT Science', 1: '', 2: '', 3: ''}, {0: 'ACT Reading', 1: '', 2: '', 3: ''}]]","<table> <tr> <td> </td> <td> Percent </td> <td> Number </td> </tr> <tr> <td> Submitting SAT Scores </td> <td> </td> <td> </td> </tr> <tr> <td> Submitting ACT Scores </td> <td> </td> <td> </td> </tr> </table><div class=""separator""></div><table> <tr> <td> Assessment </td> <td> 25th Percentile <br/> Score </td> <td> 50th Percentile <br/> Score </td> <td> 75th Percentile <br/> Score </td> </tr> <tr> <td> SAT Composite </td> <td> </td> <td> </td> <td> </td> </tr> <tr> <td> SAT Evidence-Based <br/> Reading and Writing </td> <td> </td> <td> </td> <td> </td> </tr> <tr> <td> SAT Math </td> <td> </td> <td> </td> <td> </td> </tr> <tr> <td> ACT Composite </td> <td> </td> <td> </td> <td> </td> </tr> <tr> <td> ACT Math </td> <td> </td> <td> </td> <td> </td> </tr> <tr> <td> ACT English </td> <td> </td> <td> </td> <td> </td> </tr> <tr> <td> ACT Writing </td> <td> </td> <td> </td> <td> </td> </tr> <tr> <td> ACT Science </td> <td> </td> <td> </td> <td> </td> </tr> <tr> <td> ACT Reading </td> <td> </td> <td> </td> <td> </td> </tr> </table>",190600,../data/cds-docs/2022-2023/190600.pdf,2022-2023
C,10,C10,"Percent of all degree-seeking, first-time, first-year students who had high school class rank within","[[{0: 'Assessment', 1: 'Percent'}, {0: 'Percent in top tenth of high school graduating class', 1: ''}, {0: 'Percent in top quarter of high school graduating class', 1: ''}, {0: 'Percent in top half of high school graduating class', 1: ''}, {0: 'Percent in bottom half of high school graduating class', 1: ''}, {0: 'Percent in bottom quarter of high school graduating class', 1: ''}, {0: 'Percent of total first-time, first-year students who submitted\nhigh school class rank:', 1: ''}]]","<table> <tr> <td> Assessment </td> <td> Percent </td> </tr> <tr> <td> Percent in top tenth of high school graduating class </td> <td> </td> </tr> <tr> <td> Percent in top quarter of high school graduating class </td> <td> </td> </tr> <tr> <td> Percent in top half of high school graduating class </td> <td> </td> </tr> <tr> <td> Percent in bottom half of high school graduating class </td> <td> </td> </tr> <tr> <td> Percent in bottom quarter of high school graduating class </td> <td> </td> </tr> <tr> <td> Percent of total first-time, first-year students who submitted <br/> high school class rank: </td> <td> </td> </tr> </table>",190600,../data/cds-docs/2022-2023/190600.pdf,2022-2023
C,11,C11,"Percentage of all enrolled, degree-seeking, first-time, first-year students who had high","[[{0: 'Score Range', 1: 'Percent'}, {0: 'Percent who had GPA of 4.0', 1: ''}, {0: 'Percent who had GPA between 3.75 and 3.99', 1: ''}, {0: 'Percent who had GPA between 3.50 and 3.74', 1: ''}, {0: 'Percent who had GPA between 3.25 and 3.49', 1: ''}, {0: 'Percent who had GPA between 3.00 and 3.24', 1: ''}, {0: 'Percent who had GPA between 2.50 and 2.99', 1: ''}, {0: 'Percent who had GPA between 2.0 and 2.49', 1: ''}, {0: 'Percent who had GPA between 1.0 and 1.99', 1: ''}, {0: 'Percent who had GPA below 1.0', 1: ''}]]",<table> <tr> <td> Score Range </td> <td> Percent </td> </tr> <tr> <td> Percent who had GPA of 4.0 </td> <td> </td> </tr> <tr> <td> Percent who had GPA between 3.75 and 3.99 </td> <td> </td> </tr> <tr> <td> Percent who had GPA between 3.50 and 3.74 </td> <td> </td> </tr> <tr> <td> Percent who had GPA between 3.25 and 3.49 </td> <td> </td> </tr> <tr> <td> Percent who had GPA between 3.00 and 3.24 </td> <td> </td> </tr> <tr> <td> Percent who had GPA between 2.50 and 2.99 </td> <td> </td> </tr> <tr> <td> Percent who had GPA between 2.0 and 2.49 </td> <td> </td> </tr> <tr> <td> Percent who had GPA between 1.0 and 1.99 </td> <td> </td> </tr> <tr> <td> Percent who had GPA below 1.0 </td> <td> </td> </tr> </table>,190600,../data/cds-docs/2022-2023/190600.pdf,2022-2023
C,12,C12,"Average high school GPA of all degree-seeking, first-time, first-year students who","[[{0: '', 1: '%'}, {0: 'Percent Submitting GPA', 1: ''}]]",<table> <tr> <td> </td> <td> % </td> </tr> <tr> <td> Percent Submitting GPA </td> <td> </td> </tr> </table>,190600,../data/cds-docs/2022-2023/190600.pdf,2022-2023
C,14,C14,Application closing date,"[[{0: '', 1: 'Month', 2: 'Day'}, {0: 'Application closing date (fall)', 1: '', 2: ''}, {0: 'Priority Date', 1: '', 2: ''}]]",<table> <tr> <td> </td> <td> Month </td> <td> Day </td> </tr> <tr> <td> Application closing date (fall) </td> <td> </td> <td> </td> </tr> <tr> <td> Priority Date </td> <td> </td> <td> </td> </tr> </table>,190600,../data/cds-docs/2022-2023/190600.pdf,2022-2023
D,2,D2,"Provide the number of students who applied, were admitted, and enrolled as degree-seeking transfer","[[{0: '', 1: 'Applicants', 2: 'Admitted Applicants', 3: 'Enrolled Applicants'}, {0: 'Men', 1: '', 2: '', 3: ''}, {0: 'Women', 1: '', 2: '', 3: ''}, {0: 'Another Gender', 1: '', 2: '', 3: ''}, {0: 'Total', 1: '', 2: '', 3: ''}]]",<table> <tr> <td> </td> <td> Applicants </td> <td> Admitted Applicants </td> <td> Enrolled Applicants </td> </tr> <tr> <td> Men </td> <td> </td> <td> </td> <td> </td> </tr> <tr> <td> Women </td> <td> </td> <td> </td> <td> </td> </tr> <tr> <td> Another Gender </td> <td> </td> <td> </td> <td> </td> </tr> <tr> <td> Total </td> <td> </td> <td> </td> <td> </td> </tr> </table>,190600,../data/cds-docs/2022-2023/190600.pdf,2022-2023
D,5,D5,Indicate all items required of transfer students to apply for admission:,"[[{0: '', 1: 'Required of All', 2: 'Recommended\nof All', 3: 'Recommended\nof Some', 4: 'Required Some of', 5: 'Not Required'}, {0: 'High school transcript', 1: '', 2: '', 3: '', 4: '', 5: ''}, {0: 'College transcript(s)', 1: '', 2: '', 3: '', 4: '', 5: ''}, {0: 'Essay or personal statement', 1: '', 2: '', 3: '', 4: '', 5: ''}, {0: 'Interview', 1: '', 2: '', 3: '', 4: '', 5: ''}, {0: 'Standardized test scores', 1: '', 2: '', 3: '', 4: '', 5: ''}, {0: 'Statement of good standing\nfrom prior institution(s)', 1: '', 2: '', 3: '', 4: '', 5: ''}]]",<table> <tr> <td> </td> <td> Required of All </td> <td> Recommended <br/> of All </td> <td> Recommended <br/> of Some </td> <td> Required Some of </td> <td> Not Required </td> </tr> <tr> <td> High school transcript </td> <td> </td> <td> </td> <td> </td> <td> </td> <td> </td> </tr> <tr> <td> College transcript(s) </td> <td> </td> <td> </td> <td> </td> <td> </td> <td> </td> </tr> <tr> <td> Essay or personal statement </td> <td> </td> <td> </td> <td> </td> <td> </td> <td> </td> </tr> <tr> <td> Interview </td> <td> </td> <td> </td> <td> </td> <td> </td> <td> </td> </tr> <tr> <td> Standardized test scores </td> <td> </td> <td> </td> <td> </td> <td> </td> <td> </td> </tr> <tr> <td> Statement of good standing <br/> from prior institution(s) </td> <td> </td> <td> </td> <td> </td> <td> </td> <td> </td> </tr> </table>,190600,../data/cds-docs/2022-2023/190600.pdf,2022-2023
D,9,D9,"List application priority, closing, notification, and candidate reply dates for transfer students. If applications are","[[{0: '', 1: 'Priority Date\nMonth Day', 2: 'Closing Date\nMonth Day', 3: 'Notification Date\nMonth Day', 4: 'Reply Date\nMonth Day', 5: 'Rolling\nadmission'}, {0: 'Fall', 1: '', 2: '', 3: '', 4: '', 5: ''}, {0: 'Winter', 1: '', 2: '', 3: '', 4: '', 5: ''}, {0: 'Spring', 1: '', 2: '', 3: '', 4: '', 5: ''}, {0: 'Summer', 1: '', 2: '', 3: '', 4: '', 5: ''}]]",<table> <tr> <td> </td> <td> Priority Date <br/> Month Day </td> <td> Closing Date <br/> Month Day </td> <td> Notification Date <br/> Month Day </td> <td> Reply Date <br/> Month Day </td> <td> Rolling <br/> admission </td> </tr> <tr> <td> Fall </td> <td> </td> <td> </td> <td> </td> <td> </td> <td> </td> </tr> <tr> <td> Winter </td> <td> </td> <td> </td> <td> </td> <td> </td> <td> </td> </tr> <tr> <td> Spring </td> <td> </td> <td> </td> <td> </td> <td> </td> <td> </td> </tr> <tr> <td> Summer </td> <td> </td> <td> </td> <td> </td> <td> </td> <td> </td> </tr> </table>,190600,../data/cds-docs/2022-2023/190600.pdf,2022-2023
F,1,F1,"Percentages of first-time, first-year degree-seeking students and degree-seeking","[[{0: '', 1: 'First-time, first\ufffe\nyear students', 2: 'Undergraduates'}, {0: 'Percent who are from out of state (exclude international/nonresident\nfrom the numerator and denominator)', 1: '', 2: ''}, {0: 'Percent of men who join fraternities', 1: '', 2: ''}, {0: 'Percent of women who join sororities', 1: '', 2: ''}, {0: 'Percent who live in college-owned, -operated, or -affiliated housing', 1: '', 2: ''}, {0: 'Percent who live off campus or commute', 1: '', 2: ''}, {0: 'Percent of students age 25 and older', 1: '', 2: ''}, {0: 'Average age of full-time students', 1: '', 2: ''}, {0: 'Average age of all students (full- and part-time)', 1: '', 2: ''}]]","<table> <tr> <td> </td> <td> First-time, first￾ <br/> year students </td> <td> Undergraduates </td> </tr> <tr> <td> Percent who are from out of state (exclude international/nonresident <br/> from the numerator and denominator) </td> <td> </td> <td> </td> </tr> <tr> <td> Percent of men who join fraternities </td> <td> </td> <td> </td> </tr> <tr> <td> Percent of women who join sororities </td> <td> </td> <td> </td> </tr> <tr> <td> Percent who live in college-owned, -operated, or -affiliated housing </td> <td> </td> <td> </td> </tr> <tr> <td> Percent who live off campus or commute </td> <td> </td> <td> </td> </tr> <tr> <td> Percent of students age 25 and older </td> <td> </td> <td> </td> </tr> <tr> <td> Average age of full-time students </td> <td> </td> <td> </td> </tr> <tr> <td> Average age of all students (full- and part-time) </td> <td> </td> <td> </td> </tr> </table>",190600,../data/cds-docs/2022-2023/190600.pdf,2022-2023
G,1,G1,"Undergraduate full-time tuition, required fees, room and board","[[{0: '', 1: 'FIRST-YEAR', 2: 'UNDERGRADUATES'}, {0: 'PRIVATE INSTITUTION', 1: '', 2: ''}, {0: 'Tuition:', 1: '', 2: ''}, {0: 'PUBLIC INSTITUTION', 1: '', 2: ''}, {0: 'Tuition: In-district:', 1: '', 2: ''}, {0: 'Tuition: In-state (out-of-district):', 1: '', 2: ''}, {0: 'Tuition: Out-of-state:', 1: '', 2: ''}, {0: 'Tuition: Non-resident', 1: '', 2: ''}, {0: 'FOR ALL INSTITUTIONS', 1: '', 2: ''}, {0: 'Required Fees', 1: '', 2: ''}, {0: 'Room and Board (on-campus):', 1: '', 2: ''}, {0: 'Room Only (on-campus):', 1: '', 2: ''}, {0: 'Board Only (on-campus meal plan):', 1: '', 2: ''}]]",<table> <tr> <td> </td> <td> FIRST-YEAR </td> <td> UNDERGRADUATES </td> </tr> <tr> <td> PRIVATE INSTITUTION </td> <td> </td> <td> </td> </tr> <tr> <td> Tuition: </td> <td> </td> <td> </td> </tr> <tr> <td> PUBLIC INSTITUTION </td> <td> </td> <td> </td> </tr> <tr> <td> Tuition: In-district: </td> <td> </td> <td> </td> </tr> <tr> <td> Tuition: In-state (out-of-district): </td> <td> </td> <td> </td> </tr> <tr> <td> Tuition: Out-of-state: </td> <td> </td> <td> </td> </tr> <tr> <td> Tuition: Non-resident </td> <td> </td> <td> </td> </tr> <tr> <td> FOR ALL INSTITUTIONS </td> <td> </td> <td> </td> </tr> <tr> <td> Required Fees </td> <td> </td> <td> </td> </tr> <tr> <td> Room and Board (on-campus): </td> <td> </td> <td> </td> </tr> <tr> <td> Room Only (on-campus): </td> <td> </td> <td> </td> </tr> <tr> <td> Board Only (on-campus meal plan): </td> <td> </td> <td> </td> </tr> </table>,190600,../data/cds-docs/2022-2023/190600.pdf,2022-2023
G,5,G5,Provide the estimated expenses for a typical full-time undergraduate student:,"[[{0: '', 1: 'Residents', 2: 'Commuters\n(living at home)', 3: 'Commuters\n(not home) living at'}, {0: 'Books and supplies:', 1: '', 2: '', 3: ''}, {0: 'Room only:', 1: '', 2: '', 3: ''}, {0: 'Board only:', 1: '', 2: '', 3: ''}, {0: 'Room and board total*', 1: '', 2: '', 3: ''}, {0: 'Transportation:', 1: '', 2: '', 3: ''}, {0: 'Other expenses:', 1: '', 2: '', 3: ''}]]","<table> <tr> <td> </td> <td> Residents </td> <td> Commuters <br/> (living at home) </td> <td> Commuters <br/> (not home) living at </td> </tr> <tr> <td> Books and supplies: </td> <td> </td> <td> </td> <td> </td> </tr> <tr> <td> Room only: </td> <td colspan=""2""> </td> <td> </td> </tr> <tr> <td> Board only: </td> <td> </td> <td> </td> <td> </td> </tr> <tr> <td> Room and board total* </td> <td> </td> <td> </td> <td> </td> </tr> <tr> <td> Transportation: </td> <td> </td> <td> </td> <td> </td> </tr> <tr> <td> Other expenses: </td> <td> </td> <td> </td> <td> </td> </tr> </table>",190600,../data/cds-docs/2022-2023/190600.pdf,2022-2023
H,1,H1,Enter total dollar amounts awarded to enrolled full-time and less than full-time degree-seeking,"[[{0: '', 1: 'Need-based\n(Include non-need\ufffe\nbased aid use to\nmeet need.)', 2: 'Non-need-based\n(Exclude non-need\ufffe\nbased aid use to\nmeet need.)'}, {0: 'Scholarships/Grants', 1: '', 2: ''}, {0: 'Federal', 1: '', 2: ''}, {0: 'State all states, not only the state in which your institution\nis located', 1: '', 2: ''}, {0: 'Institutional: Endowed scholarships, annual gifts and\ntuition funded grants, awarded by the college, excluding\nathletic aid and tuition waivers (which are reported below).', 1: '', 2: ''}, {0: 'Scholarships/grants from external sources (e.g.\nKiwanis, National Merit) not awarded by the college', 1: '', 2: ''}, {0: 'Total Scholarships/Grants', 1: '', 2: ''}, {0: 'Self-Help', 1: '', 2: ''}, {0: 'Student loans from all sources (excluding parent loans)', 1: '', 2: ''}, {0: 'Federal Work-Study', 1: '', 2: ''}, {0: 'State and other (e.g., institutional) work-study/employment\n(Note: Excludes Federal Work-Study captured above.)', 1: '', 2: ''}, {0: 'Total Self-Help', 1: '', 2: ''}, {0: 'Parent Loans', 1: '', 2: ''}]]","<table> <tr> <td> </td> <td> Need-based <br/> (Include non-need￾ <br/> based aid use to <br/> meet need.) </td> <td> Non-need-based <br/> (Exclude non-need￾ <br/> based aid use to <br/> meet need.) </td> </tr> <tr> <td> Scholarships/Grants </td> <td> </td> <td> </td> </tr> <tr> <td> Federal </td> <td> </td> <td> </td> </tr> <tr> <td> State all states, not only the state in which your institution <br/> is located </td> <td> </td> <td> </td> </tr> <tr> <td> Institutional: Endowed scholarships, annual gifts and <br/> tuition funded grants, awarded by the college, excluding <br/> athletic aid and tuition waivers (which are reported below). </td> <td> </td> <td> </td> </tr> <tr> <td> Scholarships/grants from external sources (e.g. <br/> Kiwanis, National Merit) not awarded by the college </td> <td> </td> <td> </td> </tr> <tr> <td> Total Scholarships/Grants </td> <td> </td> <td> </td> </tr> <tr> <td> Self-Help </td> <td> </td> <td> </td> </tr> <tr> <td> Student loans from all sources (excluding parent loans) </td> <td> </td> <td> </td> </tr> <tr> <td> Federal Work-Study </td> <td> </td> <td> </td> </tr> <tr> <td> State and other (e.g., institutional) work-study/employment <br/> (Note: Excludes Federal Work-Study captured above.) </td> <td> </td> <td> </td> </tr> <tr> <td> Total Self-Help </td> <td> </td> <td> </td> </tr> <tr> <td> Parent Loans </td> <td> </td> <td> </td> </tr> </table>",190600,../data/cds-docs/2022-2023/190600.pdf,2022-2023
H,2,H2,Number of Enrolled Students Awarded Aid: List the number of degree-seeking full-time and less-than-full-,"[[{0: '', 1: '', 2: 'Full-time\nFirst-time\nFirst-year', 3: 'Full-time\nUndergrad\n(Incl. Fresh)', 4: 'Less Full-time Than\nUndergrad'}, {0: 'A', 1: 'Number of degree-seeking undergraduate students (CDS Item\nB1 if reporting on Fall 2022 cohort)', 2: '', 3: '', 4: ''}, {0: 'B', 1: 'Number of students in line a who applied for need-based\nfinancial aid', 2: '', 3: '', 4: ''}, {0: 'C', 1: 'Number of students in line b who were determined to have\nfinancial need', 2: '', 3: '', 4: ''}, {0: 'D', 1: 'Number of students in line c who were awarded any financial aid', 2: '', 3: '', 4: ''}, {0: 'E', 1: 'Number of students in line d who were awarded any need-based\nscholarship or grant aid', 2: '', 3: '', 4: ''}, {0: 'F', 1: 'Number of students in line d who were awarded any need-based\nself-help aid', 2: '', 3: '', 4: ''}, {0: 'G', 1: 'Number of students in line d who were awarded any non-need\ufffe\nbased scholarship or grant aid', 2: '', 3: '', 4: ''}, {0: 'H', 1: 'Number of students in line d whose need was fully met (exclude\nPLUS loans, unsubsidized loans, and private alternative loans)', 2: '', 3: '', 4: ''}, {0: 'I', 1: 'On average, the percentage of need that was met of students\nwho were awarded any need-based aid. Exclude any aid that\nwas awarded in excess of need as well as any resources that\nwere awarded to replace EFC (PLUS loans, unsubsidized loans,\nand private alternative loans)', 2: '', 3: '', 4: ''}, {0: 'J', 1: 'The average financial aid package of those in line d. Exclude\nany resources that were awarded to replace EFC (PLUS loans,\nunsubsidized loans, and private alternative loans)', 2: '', 3: '', 4: ''}, {0: 'K', 1: 'Average need-based scholarship or grant award of those in line\ne', 2: '', 3: '', 4: ''}, {0: 'L', 1: 'Average need-based self-help award (excluding PLUS loans,\nunsubsidized loans, and private alternative loans) of those in line\nf', 2: '', 3: '', 4: ''}], [{0: '', 1: '', 2: 'Full-time\nFirst-time\nFirst-year', 3: 'Full-time\nUndergrad\nFresh) (Incl.', 4: 'Less Full-time Than\nUndergrad'}, {0: 'N', 1: 'Number of students in line a who had no financial need and who\nwere awarded institutional non-need-based scholarship or grant\naid (exclude those who were awarded athletic awards and tuition\nbenefits)', 2: '', 3: '', 4: ''}, {0: 'O', 1: 'Average dollar amount of institutional non-need-based\nscholarship and grant aid awarded to students in line n', 2: '', 3: '', 4: ''}, {0: 'P', 1: 'Number of students in line a who were awarded an institutional\nnon-need-based athletic scholarship or grant', 2: '', 3: '', 4: ''}, {0: 'Q', 1: 'Average dollar amount of institutional non-need-based athletic\nscholarships and grants awarded to students in line p', 2: '', 3: '', 4: ''}]]","<table> <tr> <td> </td> <td> </td> <td> Full-time <br/> First-time <br/> First-year </td> <td> Full-time <br/> Undergrad <br/> (Incl. Fresh) </td> <td> Less Full-time Than <br/> Undergrad </td> </tr> <tr> <td> A </td> <td> Number of degree-seeking undergraduate students (CDS Item <br/> B1 if reporting on Fall 2022 cohort) </td> <td> </td> <td> </td> <td> </td> </tr> <tr> <td> B </td> <td> Number of students in line a who applied for need-based <br/> financial aid </td> <td> </td> <td> </td> <td> </td> </tr> <tr> <td> C </td> <td> Number of students in line b who were determined to have <br/> financial need </td> <td> </td> <td> </td> <td> </td> </tr> <tr> <td> D </td> <td> Number of students in line c who were awarded any financial aid </td> <td> </td> <td> </td> <td> </td> </tr> <tr> <td> E </td> <td> Number of students in line d who were awarded any need-based <br/> scholarship or grant aid </td> <td> </td> <td> </td> <td> </td> </tr> <tr> <td> F </td> <td> Number of students in line d who were awarded any need-based <br/> self-help aid </td> <td> </td> <td> </td> <td> </td> </tr> <tr> <td> G </td> <td> Number of students in line d who were awarded any non-need￾ <br/> based scholarship or grant aid </td> <td> </td> <td> </td> <td> </td> </tr> <tr> <td> H </td> <td> Number of students in line d whose need was fully met (exclude <br/> PLUS loans, unsubsidized loans, and private alternative loans) </td> <td> </td> <td> </td> <td> </td> </tr> <tr> <td> I </td> <td> On average, the percentage of need that was met of students <br/> who were awarded any need-based aid. Exclude any aid that <br/> was awarded in excess of need as well as any resources that <br/> were awarded to replace EFC (PLUS loans, unsubsidized loans, <br/> and private alternative loans) </td> <td> </td> <td> </td> <td> </td> </tr> <tr> <td> J </td> <td> The average financial aid package of those in line d. Exclude <br/> any resources that were awarded to replace EFC (PLUS loans, <br/> unsubsidized loans, and private alternative loans) </td> <td> </td> <td> </td> <td> </td> </tr> <tr> <td> K </td> <td> Average need-based scholarship or grant award of those in line <br/> e </td> <td> </td> <td> </td> <td> </td> </tr> <tr> <td> L </td> <td> Average need-based self-help award (excluding PLUS loans, <br/> unsubsidized loans, and private alternative loans) of those in line <br/> f </td> <td> </td> <td> </td> <td> </td> </tr> </table><div class=""separator""></div><table> <tr> <td> </td> <td> </td> <td> Full-time <br/> First-time <br/> First-year </td> <td> Full-time <br/> Undergrad <br/> Fresh) (Incl. </td> <td> Less Full-time Than <br/> Undergrad </td> </tr> <tr> <td> N </td> <td> Number of students in line a who had no financial need and who <br/> were awarded institutional non-need-based scholarship or grant <br/> aid (exclude those who were awarded athletic awards and tuition <br/> benefits) </td> <td> </td> <td> </td> <td> </td> </tr> <tr> <td> O </td> <td> Average dollar amount of institutional non-need-based <br/> scholarship and grant aid awarded to students in line n </td> <td> </td> <td> </td> <td> </td> </tr> <tr> <td> P </td> <td> Number of students in line a who were awarded an institutional <br/> non-need-based athletic scholarship or grant </td> <td> </td> <td> </td> <td> </td> </tr> <tr> <td> Q </td> <td> Average dollar amount of institutional non-need-based athletic <br/> scholarships and grants awarded to students in line p </td> <td> </td> <td> </td> <td> </td> </tr> </table>",190600,../data/cds-docs/2022-2023/190600.pdf,2022-2023
H,5,H5,"Number and percent of students in class (defined in H4 above) borrowing from federal, non-federal,","[[{0: '', 1: 'Source/Type of Loan', 2: 'Number in the\nclass (defined in\nH4 above) who\nborrowed from\nthe types of\nloans specified\nin column the first', 3: 'Percent of the\nclass (defined\nabove) who\nborrowed from\nthe types of\nloans specified\nin column the first\n(nearest 1%)', 4: 'Average per\ufffe\nundergraduate\ufffe\nborrower\ncumulative\nprincipal\nborrowed from the\ntypes of loans\nspecified first in the\ncolumn (nearest'}, {0: 'A', 1: 'Any loan program: Federal Perkins,\nFederal Stafford Subsidized and\nUnsubsidized, institutional, state, private\nloans that your institution is aware of, etc.\nInclude both Federal Direct Student Loans\nand Federal Family Education Loans', 2: '', 3: '', 4: ''}, {0: 'B', 1: 'Federal loan programs: Federal Perkins,\nFederal Stafford Subsidized and\nUnsubsidized. Include both Federal Direct\nStudent Loans and Federal Family\nEducation Loans', 2: '', 3: '', 4: ''}, {0: 'C', 1: 'Institutional loan programs', 2: '', 3: '', 4: ''}, {0: 'D', 1: 'State loan programs', 2: '', 3: '', 4: ''}, {0: 'E', 1: 'Private student loans made by a bank or\nlender', 2: '', 3: '', 4: ''}]]","<table> <tr> <td> </td> <td> Source/Type of Loan </td> <td> Number in the <br/> class (defined in <br/> H4 above) who <br/> borrowed from <br/> the types of <br/> loans specified <br/> in column the first </td> <td> Percent of the <br/> class (defined <br/> above) who <br/> borrowed from <br/> the types of <br/> loans specified <br/> in column the first <br/> (nearest 1%) </td> <td> Average per￾ <br/> undergraduate￾ <br/> borrower <br/> cumulative <br/> principal <br/> borrowed from the <br/> types of loans <br/> specified first in the <br/> column (nearest </td> </tr> <tr> <td> A </td> <td> Any loan program: Federal Perkins, <br/> Federal Stafford Subsidized and <br/> Unsubsidized, institutional, state, private <br/> loans that your institution is aware of, etc. <br/> Include both Federal Direct Student Loans <br/> and Federal Family Education Loans </td> <td> </td> <td> </td> <td> </td> </tr> <tr> <td> B </td> <td> Federal loan programs: Federal Perkins, <br/> Federal Stafford Subsidized and <br/> Unsubsidized. Include both Federal Direct <br/> Student Loans and Federal Family <br/> Education Loans </td> <td> </td> <td> </td> <td> </td> </tr> <tr> <td> C </td> <td> Institutional loan programs </td> <td> </td> <td> </td> <td> </td> </tr> <tr> <td> D </td> <td> State loan programs </td> <td> </td> <td> </td> <td> </td> </tr> <tr> <td> E </td> <td> Private student loans made by a bank or <br/> lender </td> <td> </td> <td> </td> <td> </td> </tr> </table>",190600,../data/cds-docs/2022-2023/190600.pdf,2022-2023
H,14,H14,Check off criteria used in awarding institutional aid. Check all that apply.,"[[{0: '', 1: 'Non-Need Based', 2: 'Need-Based'}, {0: 'Academics', 1: '☐', 2: '☐'}, {0: 'Alumni affiliation', 1: '☐', 2: '☐'}, {0: 'Art', 1: '☐', 2: '☐'}, {0: 'Athletics', 1: '☐', 2: '☐'}, {0: 'Job skills', 1: '☐', 2: '☐'}, {0: 'ROTC', 1: '☐', 2: ''}, {0: 'Leadership', 1: '☐', 2: '☐'}, {0: 'Minority status', 1: '☐', 2: '☐'}, {0: 'Music/drama', 1: '☐', 2: '☐'}, {0: 'Religious affiliation', 1: '☐', 2: '☐'}, {0: 'State/district residency', 1: '☐', 2: '☐'}]]",<table> <tr> <td> </td> <td> Non-Need Based </td> <td> Need-Based </td> </tr> <tr> <td> Academics </td> <td> ☐ </td> <td> ☐ </td> </tr> <tr> <td> Alumni affiliation </td> <td> ☐ </td> <td> ☐ </td> </tr> <tr> <td> Art </td> <td> ☐ </td> <td> ☐ </td> </tr> <tr> <td> Athletics </td> <td> ☐ </td> <td> ☐ </td> </tr> <tr> <td> Job skills </td> <td> ☐ </td> <td> ☐ </td> </tr> <tr> <td> ROTC </td> <td> ☐ </td> <td> </td> </tr> <tr> <td> Leadership </td> <td> ☐ </td> <td> ☐ </td> </tr> <tr> <td> Minority status </td> <td> ☐ </td> <td> ☐ </td> </tr> <tr> <td> Music/drama </td> <td> ☐ </td> <td> ☐ </td> </tr> <tr> <td> Religious affiliation </td> <td> ☐ </td> <td> ☐ </td> </tr> <tr> <td> State/district residency </td> <td> ☐ </td> <td> ☐ </td> </tr> </table>,190600,../data/cds-docs/2022-2023/190600.pdf,2022-2023
A,0,A0,Respondent Information (Not for Publication),"[[{0: 'Name:', 1: 'Ricardo Anzaldua'}, {0: 'Title:', 1: 'Director'}, {0: 'Office:', 1: 'Institutional Research'}, {0: 'Mailing Address:', 1: '524 West 59 Street'}, {0: 'City/State/Zip/Country:', 1: 'New York NY 10019'}, {0: 'Phone:', 1: '212 237-8316'}, {0: 'Fax:', 1: ''}, {0: 'E-mail Address:', 1: 'ranzaldua@jjay.cuny.edu'}, {0: ""Are your responses to the CDS posted for reference on your institution's Web site? Yes"", 1: ""Are your responses to the CDS posted for reference on your institution's Web site? Yes""}, {0: 'If yes, please provide the URL of the corresponding Web page:\nhttp://johnjay.jjay.cuny.edu/files/2021_2022_CommonDataset_CDS2021_2022.pdf', 1: 'If yes, please provide the URL of the corresponding Web page:\nhttp://johnjay.jjay.cuny.edu/files/2021_2022_CommonDataset_CDS2021_2022.pdf'}]]","<table> <tr> <td> Name: </td> <td> Ricardo Anzaldua </td> </tr> <tr> <td> Title: </td> <td> Director </td> </tr> <tr> <td> Office: </td> <td> Institutional Research </td> </tr> <tr> <td> Mailing Address: </td> <td> 524 West 59 Street </td> </tr> <tr> <td> City/State/Zip/Country: </td> <td> New York NY 10019 </td> </tr> <tr> <td> Phone: </td> <td> 212 237-8316 </td> </tr> <tr> <td> Fax: </td> <td> </td> </tr> <tr> <td> E-mail Address: </td> <td> ranzaldua@jjay.cuny.edu </td> </tr> <tr> <td colspan=""2""> Are your responses to the CDS posted for reference on your institution's Web site? Yes </td> </tr> <tr> <td colspan=""2""> If yes, please provide the URL of the corresponding Web page: <br/> http://johnjay.jjay.cuny.edu/files/2021_2022_CommonDataset_CDS2021_2022.pdf </td> </tr> </table>",190600,../data/cds-docs/2021-2022/190600.pdf,2021-2022
A,1,A1,Address Information,"[[{0: 'Name of College/University:', 1: 'CUNY: John Jay College of Criminal Justice'}, {0: 'Mailing Address:', 1: '524 West 59 Street'}, {0: 'City/State/Zip/Country:', 1: 'New York NY 10019'}, {0: 'Street Address (if different):', 1: ''}, {0: 'City/State/Zip/Country:', 1: ''}, {0: 'Main Phone Number:', 1: '212 237-8000'}, {0: 'WWW Home Page Address:', 1: 'www.jjay.cuny.edu'}, {0: 'Admissions Phone Number:', 1: '212 237-8866'}, {0: 'Admissions Toll-Free Phone Number:', 1: ''}, {0: 'Admissions Office Mailing Address:', 1: '524 West 59th Street'}, {0: 'City/State/Zip/Country:', 1: 'New York NY 10019'}, {0: 'Admissions Fax Number:', 1: '212 237-8777'}, {0: 'Admissions E-mail Address:', 1: 'admissions@jjay.cuny.edu'}, {0: 'If there is a separate URL for your\nschool’s online application, please specify:\n______________', 1: 'http://www.cuny.edu/admissions.html'}]]","<table> <tr> <td> Name of College/University: </td> <td> CUNY: John Jay College of Criminal Justice </td> </tr> <tr> <td> Mailing Address: </td> <td> 524 West 59 Street </td> </tr> <tr> <td> City/State/Zip/Country: </td> <td> New York NY 10019 </td> </tr> <tr> <td> Street Address (if different): </td> <td> </td> </tr> <tr> <td> City/State/Zip/Country: </td> <td> </td> </tr> <tr> <td> Main Phone Number: </td> <td> 212 237-8000 </td> </tr> <tr> <td> WWW Home Page Address: </td> <td> www.jjay.cuny.edu </td> </tr> <tr> <td> Admissions Phone Number: </td> <td> 212 237-8866 </td> </tr> <tr> <td> Admissions Toll-Free Phone Number: </td> <td> </td> </tr> <tr> <td> Admissions Office Mailing Address: </td> <td> 524 West 59th Street </td> </tr> <tr> <td> City/State/Zip/Country: </td> <td> New York NY 10019 </td> </tr> <tr> <td> Admissions Fax Number: </td> <td> 212 237-8777 </td> </tr> <tr> <td> Admissions E-mail Address: </td> <td> admissions@jjay.cuny.edu </td> </tr> <tr> <td> If there is a separate URL for your <br/> school’s online application, please specify: <br/> ______________ </td> <td> http://www.cuny.edu/admissions.html </td> </tr> </table>",190600,../data/cds-docs/2021-2022/190600.pdf,2021-2022
A,2,A2,Source of institutional control (Check only one):,"[[{0: 'Public', 1: 'x'}, {0: 'Private (nonprofit)', 1: ''}]]",<table> <tr> <td> Public </td> <td> x </td> </tr> <tr> <td> Private (nonprofit) </td> <td> </td> </tr> </table>,190600,../data/cds-docs/2021-2022/190600.pdf,2021-2022
A,3,A3,Classify your undergraduate institution:,"[[{0: 'Coeducational college', 1: 'x'}, {0: ""Men's college"", 1: ''}, {0: ""Women's college"", 1: ''}]]",<table> <tr> <td> Coeducational college </td> <td> x </td> </tr> <tr> <td> Men's college </td> <td> </td> </tr> <tr> <td> Women's college </td> <td> </td> </tr> </table>,190600,../data/cds-docs/2021-2022/190600.pdf,2021-2022
A,4,A4,Academic year calendar:,"[[{0: 'Semester', 1: 'x'}, {0: 'Quarter', 1: ''}, {0: 'Trimester', 1: ''}, {0: '4-1-4', 1: ''}, {0: 'Continuous', 1: ''}, {0: 'Differs by program (describe):', 1: 'Differs by program (describe):'}, {0: 'Other (describe):', 1: 'Other (describe):'}]]","<table> <tr> <td> Semester </td> <td> x </td> </tr> <tr> <td> Quarter </td> <td> </td> </tr> <tr> <td> Trimester </td> <td> </td> </tr> <tr> <td> 4-1-4 </td> <td> </td> </tr> <tr> <td> Continuous </td> <td> </td> </tr> <tr> <td colspan=""2""> Differs by program (describe): </td> </tr> <tr> <td colspan=""2""> Other (describe): </td> </tr> </table>",190600,../data/cds-docs/2021-2022/190600.pdf,2021-2022
A,5,A5,Degrees offered by your institution:,"[[{0: 'Certificate', 1: 'x'}, {0: 'Diploma', 1: ''}, {0: 'Associate', 1: ''}, {0: 'Transfer Associate', 1: ''}, {0: 'Terminal Associate', 1: ''}, {0: ""Bachelor's"", 1: 'x'}, {0: ""Postbachelor's certificate"", 1: ''}, {0: ""Master's"", 1: 'x'}, {0: ""Post-master's certificate"", 1: ''}, {0: 'Doctoral degree\nresearch/scholarship', 1: ''}, {0: 'Doctoral degree –\nprofessional practice', 1: ''}, {0: 'Doctoral degree -- other', 1: ''}]]",<table> <tr> <td> Certificate </td> <td> x </td> </tr> <tr> <td> Diploma </td> <td> </td> </tr> <tr> <td> Associate </td> <td> </td> </tr> <tr> <td> Transfer Associate </td> <td> </td> </tr> <tr> <td> Terminal Associate </td> <td> </td> </tr> <tr> <td> Bachelor's </td> <td> x </td> </tr> <tr> <td> Postbachelor's certificate </td> <td> </td> </tr> <tr> <td> Master's </td> <td> x </td> </tr> <tr> <td> Post-master's certificate </td> <td> </td> </tr> <tr> <td> Doctoral degree <br/> research/scholarship </td> <td> </td> </tr> <tr> <td> Doctoral degree – <br/> professional practice </td> <td> </td> </tr> <tr> <td> Doctoral degree -- other </td> <td> </td> </tr> </table>,190600,../data/cds-docs/2021-2022/190600.pdf,2021-2022
B,1,B1,,"[[{0: '', 1: 'FULL-TIME', 2: 'FULL-TIME', 3: 'PART-TIME', 4: 'PART-TIME'}, {0: '', 1: 'Men', 2: 'Women', 3: 'Men', 4: 'Women'}, {0: 'Undergraduates', 1: '', 2: '', 3: '', 4: ''}, {0: 'Degree-seeking, first-time\nfreshmen', 1: '540', 2: '1,210', 3: '12', 4: '8'}, {0: 'Other first-year, degree-seeking', 1: '174', 2: '221', 3: '91', 4: '110'}, {0: 'All other degree-seeking', 1: '3,149', 2: '5,156', 3: '912', 4: '1,251'}, {0: 'Total degree-seeking', 1: '3,863', 2: '6,587', 3: '1,015', 4: '1,369'}, {0: 'All other undergraduates enrolled\nin credit courses', 1: '2', 2: '0', 3: '88', 4: '222'}, {0: 'Total undergraduates', 1: '3,865', 2: '6,587', 3: '1,103', 4: '1,591'}, {0: 'Graduate', 1: '', 2: '', 3: '', 4: ''}, {0: 'Degree-seeking, first-time', 1: '78', 2: '221', 3: '148', 4: '188'}, {0: 'All other degree-seeking', 1: '81', 2: '192', 3: '475', 4: '642'}, {0: 'All other graduates enrolled in\ncredit courses', 1: '0', 2: '0', 3: '23', 4: '16'}, {0: 'Total graduate', 1: '159', 2: '413', 3: '646', 4: '846'}, {0: 'Total all undergraduates\nTotal all graduate', 1: 'Total all undergraduates\nTotal all graduate', 2: 'Total all undergraduates\nTotal all graduate', 3: 'Total all undergraduates\nTotal all graduate', 4: '13,146'}, {0: 'Total all undergraduates\nTotal all graduate', 1: 'Total all undergraduates\nTotal all graduate', 2: 'Total all undergraduates\nTotal all graduate', 3: 'Total all undergraduates\nTotal all graduate', 4: '2,064'}, {0: 'GRAND TOTAL ALL STUDENTS', 1: 'GRAND TOTAL ALL STUDENTS', 2: 'GRAND TOTAL ALL STUDENTS', 3: 'GRAND TOTAL ALL STUDENTS', 4: '15,210'}]]","<table> <tr> <td> </td> <td colspan=""2""> FULL-TIME </td> <td colspan=""2""> PART-TIME </td> </tr> <tr> <td> </td> <td> Men </td> <td> Women </td> <td> Men </td> <td> Women </td> </tr> <tr> <td> Undergraduates </td> <td> </td> <td> </td> <td> </td> <td> </td> </tr> <tr> <td> Degree-seeking, first-time <br/> freshmen </td> <td> 540 </td> <td> 1,210 </td> <td> 12 </td> <td> 8 </td> </tr> <tr> <td> Other first-year, degree-seeking </td> <td> 174 </td> <td> 221 </td> <td> 91 </td> <td> 110 </td> </tr> <tr> <td> All other degree-seeking </td> <td> 3,149 </td> <td> 5,156 </td> <td> 912 </td> <td> 1,251 </td> </tr> <tr> <td> Total degree-seeking </td> <td> 3,863 </td> <td> 6,587 </td> <td> 1,015 </td> <td> 1,369 </td> </tr> <tr> <td> All other undergraduates enrolled <br/> in credit courses </td> <td> 2 </td> <td> 0 </td> <td> 88 </td> <td> 222 </td> </tr> <tr> <td> Total undergraduates </td> <td> 3,865 </td> <td> 6,587 </td> <td> 1,103 </td> <td> 1,591 </td> </tr> <tr> <td> Graduate </td> <td> </td> <td> </td> <td> </td> <td> </td> </tr> <tr> <td> Degree-seeking, first-time </td> <td> 78 </td> <td> 221 </td> <td> 148 </td> <td> 188 </td> </tr> <tr> <td> All other degree-seeking </td> <td> 81 </td> <td> 192 </td> <td> 475 </td> <td> 642 </td> </tr> <tr> <td> All other graduates enrolled in <br/> credit courses </td> <td> 0 </td> <td> 0 </td> <td> 23 </td> <td> 16 </td> </tr> <tr> <td> Total graduate </td> <td> 159 </td> <td> 413 </td> <td> 646 </td> <td> 846 </td> </tr> <tr> <td colspan=""4""> Total all undergraduates <br/> Total all graduate </td> <td> 13,146 </td> </tr> <tr> <td colspan=""4""> Total all undergraduates <br/> Total all graduate </td> <td> 2,064 </td> </tr> <tr> <td colspan=""4""> GRAND TOTAL ALL STUDENTS </td> <td> 15,210 </td> </tr> </table>",190600,../data/cds-docs/2021-2022/190600.pdf,2021-2022
B,2,B2,Enrollment by Racial/Ethnic Category. Provide numbers of undergraduate students for each of the,"[[{0: '', 1: 'Degree-Seeking\nFirst-Time\nFirst Year', 2: 'Degree-Seeking\nUndergraduates\n(include first-time\nfirst-year)', 3: 'Total\nUndergraduates\n(both degree- and\nnon-degree\ufffe\nseeking)'}, {0: 'Nonresident aliens', 1: '60', 2: '461', 3: '461'}, {0: 'Hispanic/Latino', 1: '721', 2: '5,333', 3: '5,434'}, {0: 'Black or African American, non-Hispanic/Latino', 1: '411', 2: '2,819', 3: '2,841'}, {0: 'White, non-Hispanic/Latino', 1: '347', 2: '2,498', 3: '2,633'}, {0: 'American Indian or Alaska Native, non\ufffe\nHispanic/Latino', 1: '8', 2: '58', 3: '58'}, {0: 'Asian, Native Hawaiian or other Pacific Islander,\nnon-Hispanic/Latino', 1: '223', 2: '1,665', 3: '1,719'}, {0: 'Two or more races, non-Hispanic/Latino', 1: '0', 2: '0', 3: '0'}, {0: 'Race and/or ethnicity unknown', 1: '0', 2: '0', 3: '0'}, {0: 'TOTAL', 1: '1,770', 2: '12,834', 3: '13,146'}]]","<table> <tr> <td> </td> <td> Degree-Seeking <br/> First-Time <br/> First Year </td> <td> Degree-Seeking <br/> Undergraduates <br/> (include first-time <br/> first-year) </td> <td> Total <br/> Undergraduates <br/> (both degree- and <br/> non-degree￾ <br/> seeking) </td> </tr> <tr> <td> Nonresident aliens </td> <td> 60 </td> <td> 461 </td> <td> 461 </td> </tr> <tr> <td> Hispanic/Latino </td> <td> 721 </td> <td> 5,333 </td> <td> 5,434 </td> </tr> <tr> <td> Black or African American, non-Hispanic/Latino </td> <td> 411 </td> <td> 2,819 </td> <td> 2,841 </td> </tr> <tr> <td> White, non-Hispanic/Latino </td> <td> 347 </td> <td> 2,498 </td> <td> 2,633 </td> </tr> <tr> <td> American Indian or Alaska Native, non￾ <br/> Hispanic/Latino </td> <td> 8 </td> <td> 58 </td> <td> 58 </td> </tr> <tr> <td> Asian, Native Hawaiian or other Pacific Islander, <br/> non-Hispanic/Latino </td> <td> 223 </td> <td> 1,665 </td> <td> 1,719 </td> </tr> <tr> <td> Two or more races, non-Hispanic/Latino </td> <td> 0 </td> <td> 0 </td> <td> 0 </td> </tr> <tr> <td> Race and/or ethnicity unknown </td> <td> 0 </td> <td> 0 </td> <td> 0 </td> </tr> <tr> <td> TOTAL </td> <td> 1,770 </td> <td> 12,834 </td> <td> 13,146 </td> </tr> </table>",190600,../data/cds-docs/2021-2022/190600.pdf,2021-2022
B,3,B3,"Number of degrees awarded from July 1, 2020 to June 30, 2021","[[{0: 'Certificate/diploma', 1: '302'}, {0: 'Associate degrees', 1: ''}, {0: ""Bachelor's degrees"", 1: '3354'}, {0: ""Postbachelor's certificates"", 1: ''}, {0: ""Master's degrees"", 1: '692'}, {0: ""Post-Master's certificates"", 1: ''}, {0: 'Doctoral degrees –\nresearch/scholarship', 1: ''}, {0: 'Doctoral degrees – professional\npractice', 1: ''}, {0: 'Doctoral degrees – other', 1: ''}], [{0: ""Initial 2015 cohort of first-time, full-time bachelor's (or equivalent) degree-seeking\nundergraduate students; total all students:"", 1: '1,479'}, {0: 'Of the initial 2015 cohort, how many did not persist and did not graduate for the\nfollowing reasons: death, permanent disability, service in the armed forces, foreign aid\nservice of the federal government, or official church missions; total allowable\nexclusions:', 1: '0'}, {0: 'Final 2015 cohort, after adjusting for allowable exclusions: (subtract question B5 from\nquestion B4)', 1: '1,479'}, {0: 'Of the initial 2015 cohort, how many completed the program in four years or less (by\nAugust 31, 2019):', 1: '557'}, {0: 'Of the initial 2015 cohort, how many completed the program in more than four years but\nin five years or less (after August 31, 2019 and by August 31, 2020):', 1: '196'}, {0: 'Of the initial 2015 cohort, how many completed the program in more than five years but\nin six years or less (after August 31, 2020 and by August 31, 2021):', 1: '48'}, {0: 'Total graduating within six years (sum of questions B7, B8, and B9):', 1: '801'}]]","<table> <tr> <td> Certificate/diploma </td> <td> 302 </td> </tr> <tr> <td> Associate degrees </td> <td> </td> </tr> <tr> <td> Bachelor's degrees </td> <td> 3354 </td> </tr> <tr> <td> Postbachelor's certificates </td> <td> </td> </tr> <tr> <td> Master's degrees </td> <td> 692 </td> </tr> <tr> <td> Post-Master's certificates </td> <td> </td> </tr> <tr> <td> Doctoral degrees – <br/> research/scholarship </td> <td> </td> </tr> <tr> <td> Doctoral degrees – professional <br/> practice </td> <td> </td> </tr> <tr> <td> Doctoral degrees – other </td> <td> </td> </tr> </table><div class=""separator""></div><table> <tr> <td> Initial 2015 cohort of first-time, full-time bachelor's (or equivalent) degree-seeking <br/> undergraduate students; total all students: </td> <td> 1,479 </td> </tr> <tr> <td> Of the initial 2015 cohort, how many did not persist and did not graduate for the <br/> following reasons: death, permanent disability, service in the armed forces, foreign aid <br/> service of the federal government, or official church missions; total allowable <br/> exclusions: </td> <td> 0 </td> </tr> <tr> <td> Final 2015 cohort, after adjusting for allowable exclusions: (subtract question B5 from <br/> question B4) </td> <td> 1,479 </td> </tr> <tr> <td> Of the initial 2015 cohort, how many completed the program in four years or less (by <br/> August 31, 2019): </td> <td> 557 </td> </tr> <tr> <td> Of the initial 2015 cohort, how many completed the program in more than four years but <br/> in five years or less (after August 31, 2019 and by August 31, 2020): </td> <td> 196 </td> </tr> <tr> <td> Of the initial 2015 cohort, how many completed the program in more than five years but <br/> in six years or less (after August 31, 2020 and by August 31, 2021): </td> <td> 48 </td> </tr> <tr> <td> Total graduating within six years (sum of questions B7, B8, and B9): </td> <td> 801 </td> </tr> </table>",190600,../data/cds-docs/2021-2022/190600.pdf,2021-2022
B,11,B11,Six-year graduation rate for 2015 cohort (question B10 divided by question B6):,"[[{0: ""Initial 2014 cohort of first-time, full-time bachelor's (or equivalent) degree-seeking\nundergraduate students; total all students:"", 1: '1,744'}, {0: 'Of the initial 2014 cohort, how many did not persist and did not graduate for the\nfollowing reasons: death, permanent disability, service in the armed forces, foreign aid\nservice of the federal government, or official church missions; total allowable\nexclusions:', 1: '0'}, {0: 'Final 2014 cohort, after adjusting for allowable exclusions: (subtract question B5 from\nquestion B4)', 1: '1,744'}, {0: 'Of the initial 2014 cohort, how many completed the program in four years or less (by\nAugust 31, 2018):', 1: '570'}, {0: 'Of the initial 2014 cohort, how many completed the program in more than four years but\nin five years or less (after August 31, 2018 and by August 31, 2019):', 1: '253'}, {0: 'Of the initial 2014 cohort, how many completed the program in more than five years but\nin six years or less (after August 31, 2019 and by August 31, 2020):', 1: '60'}, {0: 'Total graduating within six years (sum of questions B7, B8, and B9):', 1: '883'}, {0: 'Six-year graduation rate for 2014 cohort (question B10 divided by question B6):', 1: '51%'}]]","<table> <tr> <td> Initial 2014 cohort of first-time, full-time bachelor's (or equivalent) degree-seeking <br/> undergraduate students; total all students: </td> <td> 1,744 </td> </tr> <tr> <td> Of the initial 2014 cohort, how many did not persist and did not graduate for the <br/> following reasons: death, permanent disability, service in the armed forces, foreign aid <br/> service of the federal government, or official church missions; total allowable <br/> exclusions: </td> <td> 0 </td> </tr> <tr> <td> Final 2014 cohort, after adjusting for allowable exclusions: (subtract question B5 from <br/> question B4) </td> <td> 1,744 </td> </tr> <tr> <td> Of the initial 2014 cohort, how many completed the program in four years or less (by <br/> August 31, 2018): </td> <td> 570 </td> </tr> <tr> <td> Of the initial 2014 cohort, how many completed the program in more than four years but <br/> in five years or less (after August 31, 2018 and by August 31, 2019): </td> <td> 253 </td> </tr> <tr> <td> Of the initial 2014 cohort, how many completed the program in more than five years but <br/> in six years or less (after August 31, 2019 and by August 31, 2020): </td> <td> 60 </td> </tr> <tr> <td> Total graduating within six years (sum of questions B7, B8, and B9): </td> <td> 883 </td> </tr> <tr> <td> Six-year graduation rate for 2014 cohort (question B10 divided by question B6): </td> <td> 51% </td> </tr> </table>",190600,../data/cds-docs/2021-2022/190600.pdf,2021-2022
C,1,C1,"First-time, first-year, (freshmen) students: Provide the number of degree-seeking, first-time, first-","[[{0: 'Total first-time, first-year (freshman) men who applied', 1: '7,591'}, {0: 'Total first-time, first-year (freshman) women who applied', 1: '11,165'}], [{0: 'Total first-time, first-year (freshman) men who were admitted', 1: '2,693'}, {0: 'Total first-time, first-year (freshman) women who were admitted', 1: '5,663'}], [{0: 'Total full-time, first-time, first-year (freshman) men who enrolled', 1: '540'}, {0: 'Total part-time, first-time, first-year (freshman) men who enrolled', 1: '12'}], [{0: 'Total full-time, first-time, first-year (freshman) women who enrolled', 1: '1,210'}, {0: 'Total part-time, first-time, first-year (freshman) women who enrolled', 1: '8'}]]","<table> <tr> <td> Total first-time, first-year (freshman) men who applied </td> <td> 7,591 </td> </tr> <tr> <td> Total first-time, first-year (freshman) women who applied </td> <td> 11,165 </td> </tr> </table><div class=""separator""></div><table> <tr> <td> Total first-time, first-year (freshman) men who were admitted </td> <td> 2,693 </td> </tr> <tr> <td> Total first-time, first-year (freshman) women who were admitted </td> <td> 5,663 </td> </tr> </table><div class=""separator""></div><table> <tr> <td> Total full-time, first-time, first-year (freshman) men who enrolled </td> <td> 540 </td> </tr> <tr> <td> Total part-time, first-time, first-year (freshman) men who enrolled </td> <td> 12 </td> </tr> </table><div class=""separator""></div><table> <tr> <td> Total full-time, first-time, first-year (freshman) women who enrolled </td> <td> 1,210 </td> </tr> <tr> <td> Total part-time, first-time, first-year (freshman) women who enrolled </td> <td> 8 </td> </tr> </table>",190600,../data/cds-docs/2021-2022/190600.pdf,2021-2022
C,2,C2,Freshman wait-listed students (students who met admission requirements but whose final,"[[{0: '', 1: 'Yes', 2: 'No'}, {0: 'Do you have a policy of placing students on a waiting list?', 1: '', 2: 'X'}], [{0: 'Number of qualified applicants offered a placed on waiting list', 1: '', 2: ''}, {0: 'Number accepting a place on the waiting list', 1: '', 2: ''}, {0: 'Number of wait-listed students admitted', 1: '', 2: ''}, {0: '', 1: 'Yes', 2: 'No'}, {0: 'Is your waiting list ranked?', 1: '', 2: ''}, {0: 'If yes, do you release that information to students?', 1: '', 2: ''}, {0: 'Do you release that information to school counselors?', 1: '', 2: ''}]]","<table> <tr> <td> </td> <td> Yes </td> <td> No </td> </tr> <tr> <td> Do you have a policy of placing students on a waiting list? </td> <td> </td> <td> X </td> </tr> </table><div class=""separator""></div><table> <tr> <td> Number of qualified applicants offered a placed on waiting list </td> <td> </td> <td> </td> </tr> <tr> <td> Number accepting a place on the waiting list </td> <td> </td> <td> </td> </tr> <tr> <td> Number of wait-listed students admitted </td> <td> </td> <td> </td> </tr> <tr> <td> </td> <td> Yes </td> <td> No </td> </tr> <tr> <td> Is your waiting list ranked? </td> <td> </td> <td> </td> </tr> <tr> <td> If yes, do you release that information to students? </td> <td> </td> <td> </td> </tr> <tr> <td> Do you release that information to school counselors? </td> <td> </td> <td> </td> </tr> </table>",190600,../data/cds-docs/2021-2022/190600.pdf,2021-2022
C,3,C3,High school completion requirement,"[[{0: 'High school diploma is required and GED is\naccepted', 1: 'X'}, {0: 'High school diploma is required and GED is not\naccepted', 1: ''}, {0: 'High school diploma or equivalent is not required', 1: ''}]]",<table> <tr> <td> High school diploma is required and GED is <br/> accepted </td> <td> X </td> </tr> <tr> <td> High school diploma is required and GED is not <br/> accepted </td> <td> </td> </tr> <tr> <td> High school diploma or equivalent is not required </td> <td> </td> </tr> </table>,190600,../data/cds-docs/2021-2022/190600.pdf,2021-2022
C,5,C5,Distribution of high school units required and/or recommended. Specify the distribution of academic high,"[[{0: '', 1: 'Required Units', 2: 'Units\nRecommended'}, {0: 'Total academic units', 1: '14', 2: '19'}, {0: 'English', 1: '4', 2: '4'}, {0: 'Mathematics', 1: '3', 2: '4'}, {0: 'Science', 1: '', 2: ''}, {0: 'Of these, units that must be\nlab', 1: '2', 2: '3'}, {0: 'Foreign language', 1: '2', 2: '3'}, {0: 'Social studies', 1: '2', 2: '4'}, {0: 'History', 1: '', 2: ''}, {0: 'Academic electives', 1: '', 2: ''}, {0: 'Computer Science', 1: '', 2: ''}, {0: 'Visual/Performing Arts', 1: '1', 2: ''}, {0: 'Other (specify)', 1: '', 2: '1'}]]","<table> <tr> <td> </td> <td> Required Units </td> <td> Units <br/> Recommended </td> </tr> <tr> <td> Total academic units </td> <td> 14 </td> <td> 19 </td> </tr> <tr> <td> English </td> <td> 4 </td> <td> 4 </td> </tr> <tr> <td> Mathematics </td> <td> 3 </td> <td> 4 </td> </tr> <tr> <td> Science </td> <td> </td> <td> </td> </tr> <tr> <td> Of these, units that must be <br/> lab </td> <td> 2 </td> <td> 3 </td> </tr> <tr> <td> Foreign language </td> <td> 2 </td> <td> 3 </td> </tr> <tr> <td> Social studies </td> <td> 2 </td> <td> 4 </td> </tr> <tr> <td> History </td> <td> </td> <td> </td> </tr> <tr> <td> Academic electives </td> <td> </td> <td> </td> </tr> <tr> <td> Computer Science </td> <td> </td> <td> </td> </tr> <tr> <td> Visual/Performing Arts </td> <td> 1 </td> <td> </td> </tr> <tr> <td> Other (specify) </td> <td> </td> <td> 1 </td> </tr> </table>",190600,../data/cds-docs/2021-2022/190600.pdf,2021-2022
C,7,C7,"Relative importance of each of the following academic and nonacademic factors in first-time,","[[{0: 'Academic', 1: 'Very Important', 2: 'Important', 3: 'Considered', 4: 'Considered Not'}, {0: 'Rigor of secondary school\nrecord', 1: '', 2: '', 3: 'X', 4: ''}, {0: 'Class rank', 1: '', 2: '', 3: '', 4: 'X'}, {0: 'Academic GPA', 1: 'X', 2: '', 3: '', 4: ''}, {0: 'Standardized test scores', 1: 'X', 2: '', 3: '', 4: ''}, {0: 'Application Essay', 1: '', 2: '', 3: '', 4: 'X'}, {0: 'Recommendation(s)', 1: '', 2: '', 3: '', 4: 'X'}]]",<table> <tr> <td> Academic </td> <td> Very Important </td> <td> Important </td> <td> Considered </td> <td> Considered Not </td> </tr> <tr> <td> Rigor of secondary school <br/> record </td> <td> </td> <td> </td> <td> X </td> <td> </td> </tr> <tr> <td> Class rank </td> <td> </td> <td> </td> <td> </td> <td> X </td> </tr> <tr> <td> Academic GPA </td> <td> X </td> <td> </td> <td> </td> <td> </td> </tr> <tr> <td> Standardized test scores </td> <td> X </td> <td> </td> <td> </td> <td> </td> </tr> <tr> <td> Application Essay </td> <td> </td> <td> </td> <td> </td> <td> X </td> </tr> <tr> <td> Recommendation(s) </td> <td> </td> <td> </td> <td> </td> <td> X </td> </tr> </table>,190600,../data/cds-docs/2021-2022/190600.pdf,2021-2022
C,8,C8,Entrance exams,"[[{0: '', 1: 'Yes', 2: 'No'}, {0: 'Does your institution make use of SAT, ACT, or SAT Subject Test\nscores in admission decisions for first-time, first-year, degree-seeking\napplicants?', 1: 'X', 2: ''}], [{0: '', 1: 'ADMISSION', 2: 'ADMISSION', 3: 'ADMISSION', 4: 'ADMISSION', 5: 'ADMISSION'}, {0: '', 1: 'Require', 2: 'Recommend', 3: 'Require Some for', 4: 'Consider if\nSubmitted', 5: 'Not Used'}, {0: 'SAT or ACT', 1: 'X', 2: '', 3: '', 4: '', 5: ''}, {0: 'ACT only', 1: '', 2: '', 3: '', 4: '', 5: ''}, {0: 'SAT only', 1: '', 2: '', 3: '', 4: '', 5: ''}, {0: 'SAT and SAT Subject Tests or\nACT', 1: '', 2: '', 3: '', 4: '', 5: ''}, {0: 'SAT Subject Tests only', 1: '', 2: '', 3: '', 4: '', 5: ''}], [{0: 'SAT essay ACT essay', 1: 'SAT essay ACT essay'}, {0: 'X', 1: 'X'}, {0: 'X', 1: 'X'}, {0: 'X', 1: 'X'}], [{0: 'SAT', 1: 'X'}, {0: 'ACT', 1: 'X'}, {0: 'SAT Subject Tests', 1: ''}, {0: 'AP', 1: 'X'}, {0: 'CLEP', 1: 'X'}, {0: 'Institutional Exam', 1: 'X'}, {0: 'State Exam (specify):', 1: ''}]]","<table> <tr> <td> </td> <td> Yes </td> <td> No </td> </tr> <tr> <td> Does your institution make use of SAT, ACT, or SAT Subject Test <br/> scores in admission decisions for first-time, first-year, degree-seeking <br/> applicants? </td> <td> X </td> <td> </td> </tr> </table><div class=""separator""></div><table> <tr> <td> </td> <td colspan=""5""> ADMISSION </td> </tr> <tr> <td> </td> <td> Require </td> <td> Recommend </td> <td> Require Some for </td> <td> Consider if <br/> Submitted </td> <td> Not Used </td> </tr> <tr> <td> SAT or ACT </td> <td> X </td> <td> </td> <td> </td> <td> </td> <td> </td> </tr> <tr> <td> ACT only </td> <td> </td> <td> </td> <td> </td> <td> </td> <td> </td> </tr> <tr> <td> SAT only </td> <td> </td> <td> </td> <td> </td> <td> </td> <td> </td> </tr> <tr> <td> SAT and SAT Subject Tests or <br/> ACT </td> <td> </td> <td> </td> <td> </td> <td> </td> <td> </td> </tr> <tr> <td> SAT Subject Tests only </td> <td> </td> <td> </td> <td> </td> <td> </td> <td> </td> </tr> </table><div class=""separator""></div><table> <tr> <td colspan=""2""> SAT essay ACT essay </td> </tr> <tr> <td> X </td> <td> X </td> </tr> <tr> <td> X </td> <td> X </td> </tr> <tr> <td> X </td> <td> X </td> </tr> </table><div class=""separator""></div><table> <tr> <td> SAT </td> <td> X </td> </tr> <tr> <td> ACT </td> <td> X </td> </tr> <tr> <td> SAT Subject Tests </td> <td> </td> </tr> <tr> <td> AP </td> <td> X </td> </tr> <tr> <td> CLEP </td> <td> X </td> </tr> <tr> <td> Institutional Exam </td> <td> X </td> </tr> <tr> <td> State Exam (specify): </td> <td> </td> </tr> </table>",190600,../data/cds-docs/2021-2022/190600.pdf,2021-2022
C,9,C9,Percent submitting ACT scores Number submitting ACT scores,"[[{0: '', 1: '25th Percentile', 2: '75th Percentile'}, {0: 'SAT Critical Reading', 1: '', 2: ''}, {0: 'SAT Math', 1: '', 2: ''}, {0: 'SAT Writing', 1: '', 2: ''}, {0: 'SAT Essay', 1: '', 2: ''}, {0: 'ACT Composite', 1: '', 2: ''}, {0: 'ACT Math', 1: '', 2: ''}, {0: 'ACT English', 1: '', 2: ''}, {0: 'ACT Writing', 1: '', 2: ''}], [{0: '', 1: 'SAT Critical\nReading', 2: 'SAT Math', 3: 'SAT Writing'}, {0: '700-800', 1: '', 2: '', 3: ''}, {0: '600-699', 1: '', 2: '', 3: ''}, {0: '500-599', 1: '', 2: '', 3: ''}, {0: '400-499', 1: '', 2: '', 3: ''}, {0: '300-399', 1: '', 2: '', 3: ''}, {0: '200-299', 1: '', 2: '', 3: ''}, {0: 'Totals should = 100%', 1: '0.00%', 2: '0.00%', 3: '0.00%'}, {0: '', 1: 'ACT Composite', 2: 'ACT English', 3: 'ACT Math'}, {0: '30-36', 1: '', 2: '', 3: ''}, {0: '24-29', 1: '', 2: '', 3: ''}, {0: '18-23', 1: '', 2: '', 3: ''}]]","<table> <tr> <td> </td> <td> 25th Percentile </td> <td> 75th Percentile </td> </tr> <tr> <td> SAT Critical Reading </td> <td> </td> <td> </td> </tr> <tr> <td> SAT Math </td> <td> </td> <td> </td> </tr> <tr> <td> SAT Writing </td> <td> </td> <td> </td> </tr> <tr> <td> SAT Essay </td> <td> </td> <td> </td> </tr> <tr> <td> ACT Composite </td> <td> </td> <td> </td> </tr> <tr> <td> ACT Math </td> <td> </td> <td> </td> </tr> <tr> <td> ACT English </td> <td> </td> <td> </td> </tr> <tr> <td> ACT Writing </td> <td> </td> <td> </td> </tr> </table><div class=""separator""></div><table> <tr> <td> </td> <td> SAT Critical <br/> Reading </td> <td> SAT Math </td> <td> SAT Writing </td> </tr> <tr> <td> 700-800 </td> <td> </td> <td> </td> <td> </td> </tr> <tr> <td> 600-699 </td> <td> </td> <td> </td> <td> </td> </tr> <tr> <td> 500-599 </td> <td> </td> <td> </td> <td> </td> </tr> <tr> <td> 400-499 </td> <td> </td> <td> </td> <td> </td> </tr> <tr> <td> 300-399 </td> <td> </td> <td> </td> <td> </td> </tr> <tr> <td> 200-299 </td> <td> </td> <td> </td> <td> </td> </tr> <tr> <td> Totals should = 100% </td> <td> 0.00% </td> <td> 0.00% </td> <td> 0.00% </td> </tr> <tr> <td> </td> <td> ACT Composite </td> <td> ACT English </td> <td> ACT Math </td> </tr> <tr> <td> 30-36 </td> <td> </td> <td> </td> <td> </td> </tr> <tr> <td> 24-29 </td> <td> </td> <td> </td> <td> </td> </tr> <tr> <td> 18-23 </td> <td> </td> <td> </td> <td> </td> </tr> </table>",190600,../data/cds-docs/2021-2022/190600.pdf,2021-2022
C,11,C11,"Percentage of all enrolled, degree-seeking, first-time, first-year (freshman) students who had high school grade-","[[{0: 'Percent who had GPA of 3.75 and higher', 1: '8.96%'}, {0: 'Percent who had GPA between 3.50 and 3.74', 1: '14.41%'}, {0: 'Percent who had GPA between 3.25 and 3.49', 1: '16.73%'}, {0: 'Percent who had GPA between 3.00 and 3.24', 1: '16.98%'}, {0: 'Percent who had GPA between 2.50 and 2.99', 1: '28.82%'}, {0: 'Percent who had GPA between 2.0 and 2.49', 1: '13.60%'}, {0: 'Percent who had GPA between 1.0 and 1.99', 1: '0.50%'}, {0: 'Percent who had GPA below 1.0', 1: '0.00%'}, {0: 'Totals should = 100%', 1: '100.00%'}], [{0: 'Average high school GPA of all degree-seeking, first-time, first-year\n(freshman) students who submitted GPA:', 1: '3.24'}, {0: 'Percent of total first-time, first-year (freshman) students who\nsubmitted high school GPA:', 1: '92%'}]]","<table> <tr> <td> Percent who had GPA of 3.75 and higher </td> <td> 8.96% </td> </tr> <tr> <td> Percent who had GPA between 3.50 and 3.74 </td> <td> 14.41% </td> </tr> <tr> <td> Percent who had GPA between 3.25 and 3.49 </td> <td> 16.73% </td> </tr> <tr> <td> Percent who had GPA between 3.00 and 3.24 </td> <td> 16.98% </td> </tr> <tr> <td> Percent who had GPA between 2.50 and 2.99 </td> <td> 28.82% </td> </tr> <tr> <td> Percent who had GPA between 2.0 and 2.49 </td> <td> 13.60% </td> </tr> <tr> <td> Percent who had GPA between 1.0 and 1.99 </td> <td> 0.50% </td> </tr> <tr> <td> Percent who had GPA below 1.0 </td> <td> 0.00% </td> </tr> <tr> <td> Totals should = 100% </td> <td> 100.00% </td> </tr> </table><div class=""separator""></div><table> <tr> <td> Average high school GPA of all degree-seeking, first-time, first-year <br/> (freshman) students who submitted GPA: </td> <td> 3.24 </td> </tr> <tr> <td> Percent of total first-time, first-year (freshman) students who <br/> submitted high school GPA: </td> <td> 92% </td> </tr> </table>",190600,../data/cds-docs/2021-2022/190600.pdf,2021-2022
C,13,C13,Application Fee,"[[{0: '', 1: 'Yes', 2: 'No'}, {0: 'Does your institution have an\napplication fee?', 1: 'X', 2: ''}, {0: 'Amount of application fee:', 1: '$65.00', 2: ''}], [{0: 'Yes', 1: 'No'}, {0: '', 1: 'X'}]]","<table> <tr> <td> </td> <td> Yes </td> <td> No </td> </tr> <tr> <td> Does your institution have an <br/> application fee? </td> <td> X </td> <td> </td> </tr> <tr> <td> Amount of application fee: </td> <td> $65.00 </td> <td> </td> </tr> </table><div class=""separator""></div><table> <tr> <td> Yes </td> <td> No </td> </tr> <tr> <td> </td> <td> X </td> </tr> </table>",190600,../data/cds-docs/2021-2022/190600.pdf,2021-2022
C,14,C14,Application closing date,"[[{0: '', 1: 'Yes', 2: 'No', 3: '', 4: ''}, {0: 'Does your institution have an\napplication closing date?', 1: '', 2: 'X', 3: '', 4: ''}, {0: 'Application closing date (fall):', 1: '', 2: '', 3: '', 4: ''}, {0: 'Priority date:', 1: '', 2: '', 3: '', 4: ''}, {0: '', 1: '', 2: '', 3: 'Yes', 4: 'No'}, {0: 'Are first-time, first-year students accepted for terms other than\nthe fall?', 1: 'Are first-time, first-year students accepted for terms other than\nthe fall?', 2: 'Are first-time, first-year students accepted for terms other than\nthe fall?', 3: 'X', 4: ''}]]","<table> <tr> <td> </td> <td> Yes </td> <td> No </td> <td colspan=""2""> </td> </tr> <tr> <td> Does your institution have an <br/> application closing date? </td> <td> </td> <td> X </td> <td colspan=""2""> </td> </tr> <tr> <td> Application closing date (fall): </td> <td> </td> <td> </td> <td colspan=""2""> </td> </tr> <tr> <td> Priority date: </td> <td> </td> <td> </td> <td colspan=""2""> </td> </tr> <tr> <td colspan=""3""> </td> <td> Yes </td> <td> No </td> </tr> <tr> <td colspan=""3""> Are first-time, first-year students accepted for terms other than <br/> the fall? </td> <td> X </td> <td> </td> </tr> </table>",190600,../data/cds-docs/2021-2022/190600.pdf,2021-2022
C,18,C18,Deferred admission,"[[{0: '', 1: 'Yes', 2: 'No'}, {0: 'Does your institution allow students to postpone enrollment after\nadmission?', 1: 'X', 2: ''}, {0: 'If yes, maximum period of postponement:\n1 semester', 1: '', 2: ''}]]","<table> <tr> <td> </td> <td> Yes </td> <td> No </td> </tr> <tr> <td> Does your institution allow students to postpone enrollment after <br/> admission? </td> <td> X </td> <td> </td> </tr> <tr> <td> If yes, maximum period of postponement: <br/> 1 semester </td> <td> </td> <td> </td> </tr> </table>",190600,../data/cds-docs/2021-2022/190600.pdf,2021-2022
C,19,C19,Early admission of high school students,"[[{0: '', 1: 'Yes', 2: 'No'}, {0: 'Does your institution allow high school students to enroll as full-time,\nfirst-time, first-year (freshman) students one year or more before high\nschool graduation?', 1: '', 2: 'X'}]]","<table> <tr> <td> </td> <td> Yes </td> <td> No </td> </tr> <tr> <td> Does your institution allow high school students to enroll as full-time, <br/> first-time, first-year (freshman) students one year or more before high <br/> school graduation? </td> <td> </td> <td> X </td> </tr> </table>",190600,../data/cds-docs/2021-2022/190600.pdf,2021-2022
C,21,C21,Early Decision,"[[{0: '', 1: 'Yes', 2: 'No'}, {0: 'Does your institution offer an early decision plan (an admission plan\nthat permits students to apply and be notified of an admission\ndecision well in advance of the regular notification date and that asks\nstudents to commit to attending if accepted) for first-time, first-year\n(freshman) applicants for fall enrollment?', 1: '', 2: 'X'}]]","<table> <tr> <td> </td> <td> Yes </td> <td> No </td> </tr> <tr> <td> Does your institution offer an early decision plan (an admission plan <br/> that permits students to apply and be notified of an admission <br/> decision well in advance of the regular notification date and that asks <br/> students to commit to attending if accepted) for first-time, first-year <br/> (freshman) applicants for fall enrollment? </td> <td> </td> <td> X </td> </tr> </table>",190600,../data/cds-docs/2021-2022/190600.pdf,2021-2022
C,22,C22,Early action,"[[{0: '', 1: 'Yes', 2: 'No'}, {0: 'Do you have a nonbinding early action plan whereby students are\nnotified of an admission decision well in advance of the regular\nnotification date but do not have to commit to attending your college?', 1: '', 2: 'X'}]]",<table> <tr> <td> </td> <td> Yes </td> <td> No </td> </tr> <tr> <td> Do you have a nonbinding early action plan whereby students are <br/> notified of an admission decision well in advance of the regular <br/> notification date but do not have to commit to attending your college? </td> <td> </td> <td> X </td> </tr> </table>,190600,../data/cds-docs/2021-2022/190600.pdf,2021-2022
D,2,D2,"Provide the number of students who applied, were admitted, and enrolled as degree-seeking transfer","[[{0: '', 1: 'Applicants', 2: 'Admitted\nApplicants', 3: 'Enrolled\nApplicants'}, {0: 'Men', 1: '2,058', 2: '1,381', 3: '693'}, {0: 'Women', 1: '3,255', 2: '2,094', 3: '1,028'}, {0: 'Total', 1: '5,313', 2: '3,475', 3: '1,721'}]]","<table> <tr> <td> </td> <td> Applicants </td> <td> Admitted <br/> Applicants </td> <td> Enrolled <br/> Applicants </td> </tr> <tr> <td> Men </td> <td> 2,058 </td> <td> 1,381 </td> <td> 693 </td> </tr> <tr> <td> Women </td> <td> 3,255 </td> <td> 2,094 </td> <td> 1,028 </td> </tr> <tr> <td> Total </td> <td> 5,313 </td> <td> 3,475 </td> <td> 1,721 </td> </tr> </table>",190600,../data/cds-docs/2021-2022/190600.pdf,2021-2022
D,3,D3,Indicate terms for which transfers may enroll:,"[[{0: 'Fall', 1: 'X'}, {0: 'Winter', 1: ''}, {0: 'Spring', 1: 'X'}, {0: 'Summer', 1: ''}], [{0: '', 1: 'Yes', 2: 'No'}, {0: 'Must a transfer applicant have a minimum number of\ncredits completed or else must apply as an entering\nfreshman?', 1: '', 2: 'X'}, {0: 'If yes, what is the minimum number of credits and the unit\nof measure?', 1: '', 2: ''}]]","<table> <tr> <td> Fall </td> <td> X </td> </tr> <tr> <td> Winter </td> <td> </td> </tr> <tr> <td> Spring </td> <td> X </td> </tr> <tr> <td> Summer </td> <td> </td> </tr> </table><div class=""separator""></div><table> <tr> <td> </td> <td> Yes </td> <td> No </td> </tr> <tr> <td> Must a transfer applicant have a minimum number of <br/> credits completed or else must apply as an entering <br/> freshman? </td> <td> </td> <td> X </td> </tr> <tr> <td> If yes, what is the minimum number of credits and the unit <br/> of measure? </td> <td> </td> <td> </td> </tr> </table>",190600,../data/cds-docs/2021-2022/190600.pdf,2021-2022
D,5,D5,Indicate all items required of transfer students to apply for admission:,"[[{0: '', 1: 'Required of All', 2: 'Recommended\nof All', 3: 'Recommended\nof Some', 4: 'Required of Some', 5: 'Not Required'}, {0: 'High school transcript', 1: 'X', 2: '', 3: '', 4: '', 5: ''}, {0: 'College transcript(s)', 1: 'X', 2: '', 3: '', 4: '', 5: ''}, {0: 'Essay or personal\nstatement', 1: '', 2: '', 3: '', 4: '', 5: ''}, {0: 'Interview', 1: '', 2: '', 3: '', 4: '', 5: ''}, {0: 'Standardized test scores', 1: '', 2: '', 3: 'X', 4: '', 5: ''}, {0: 'Statement of good standing\nfrom prior institution(s)', 1: '', 2: '', 3: '', 4: '', 5: ''}]]",<table> <tr> <td> </td> <td> Required of All </td> <td> Recommended <br/> of All </td> <td> Recommended <br/> of Some </td> <td> Required of Some </td> <td> Not Required </td> </tr> <tr> <td> High school transcript </td> <td> X </td> <td> </td> <td> </td> <td> </td> <td> </td> </tr> <tr> <td> College transcript(s) </td> <td> X </td> <td> </td> <td> </td> <td> </td> <td> </td> </tr> <tr> <td> Essay or personal <br/> statement </td> <td> </td> <td> </td> <td> </td> <td> </td> <td> </td> </tr> <tr> <td> Interview </td> <td> </td> <td> </td> <td> </td> <td> </td> <td> </td> </tr> <tr> <td> Standardized test scores </td> <td> </td> <td> </td> <td> X </td> <td> </td> <td> </td> </tr> <tr> <td> Statement of good standing <br/> from prior institution(s) </td> <td> </td> <td> </td> <td> </td> <td> </td> <td> </td> </tr> </table>,190600,../data/cds-docs/2021-2022/190600.pdf,2021-2022
D,9,D9,"List application priority, closing, notification, and candidate reply dates for transfer students. If applications","[[{0: '', 1: 'Priority Date', 2: 'Closing Date', 3: 'Notification Date', 4: 'Reply Date', 5: 'Rolling\nAdmission'}, {0: 'Fall', 1: '', 2: '', 3: '', 4: '', 5: ''}, {0: 'Winter', 1: '', 2: '', 3: '', 4: '', 5: ''}, {0: 'Spring', 1: '', 2: '', 3: '', 4: '', 5: ''}, {0: 'Summer', 1: '', 2: '', 3: '', 4: '', 5: ''}], [{0: '', 1: 'Yes', 2: 'No'}, {0: 'Does an open admission policy, if reported, apply to\ntransfer students?', 1: '', 2: 'X'}]]","<table> <tr> <td> </td> <td> Priority Date </td> <td> Closing Date </td> <td> Notification Date </td> <td> Reply Date </td> <td> Rolling <br/> Admission </td> </tr> <tr> <td> Fall </td> <td> </td> <td> </td> <td> </td> <td> </td> <td> </td> </tr> <tr> <td> Winter </td> <td> </td> <td> </td> <td> </td> <td> </td> <td> </td> </tr> <tr> <td> Spring </td> <td> </td> <td> </td> <td> </td> <td> </td> <td> </td> </tr> <tr> <td> Summer </td> <td> </td> <td> </td> <td> </td> <td> </td> <td> </td> </tr> </table><div class=""separator""></div><table> <tr> <td> </td> <td> Yes </td> <td> No </td> </tr> <tr> <td> Does an open admission policy, if reported, apply to <br/> transfer students? </td> <td> </td> <td> X </td> </tr> </table>",190600,../data/cds-docs/2021-2022/190600.pdf,2021-2022
D,12,D12,Report the lowest grade earned for any course that may be,"[[{0: '', 1: 'Number', 2: 'Unit Type'}, {0: 'Maximum number of credits or courses that may be\ntransferred from a two-year institution:', 1: '68', 2: ''}]]",<table> <tr> <td> </td> <td> Number </td> <td> Unit Type </td> </tr> <tr> <td> Maximum number of credits or courses that may be <br/> transferred from a two-year institution: </td> <td> 68 </td> <td> </td> </tr> </table>,190600,../data/cds-docs/2021-2022/190600.pdf,2021-2022
D,13,D13,Maximum number of credits or courses that may be,"[[{0: '', 1: 'Number', 2: 'Unit Type'}, {0: 'Maximum number of credits or courses that may be\ntransferred from a four-year institution:', 1: '90', 2: ''}]]",<table> <tr> <td> </td> <td> Number </td> <td> Unit Type </td> </tr> <tr> <td> Maximum number of credits or courses that may be <br/> transferred from a four-year institution: </td> <td> 90 </td> <td> </td> </tr> </table>,190600,../data/cds-docs/2021-2022/190600.pdf,2021-2022
E,1,E1,Special study options: Identify those programs available at your institution. Refer to the glossary,"[[{0: 'Accelerated program', 1: ''}, {0: 'Cooperative education program', 1: 'X'}, {0: 'Cross-registration', 1: 'X'}, {0: 'Distance learning', 1: 'X'}, {0: 'Double major', 1: 'X'}, {0: 'Dual enrollment', 1: 'X'}, {0: 'English as a Second Language (ESL)', 1: 'X'}, {0: 'Exchange student program (domestic)', 1: 'X'}, {0: 'External degree program', 1: ''}, {0: 'Honors Program', 1: 'X'}, {0: 'Independent study', 1: 'X'}, {0: 'Internships', 1: 'X'}, {0: 'Liberal arts/career combination', 1: 'X'}, {0: 'Student-designed major', 1: 'X'}, {0: 'Study abroad', 1: 'X'}, {0: 'Teacher certification program', 1: ''}, {0: 'Weekend college', 1: 'X'}, {0: 'Other (specify):', 1: 'Other (specify):'}]]","<table> <tr> <td> Accelerated program </td> <td> </td> </tr> <tr> <td> Cooperative education program </td> <td> X </td> </tr> <tr> <td> Cross-registration </td> <td> X </td> </tr> <tr> <td> Distance learning </td> <td> X </td> </tr> <tr> <td> Double major </td> <td> X </td> </tr> <tr> <td> Dual enrollment </td> <td> X </td> </tr> <tr> <td> English as a Second Language (ESL) </td> <td> X </td> </tr> <tr> <td> Exchange student program (domestic) </td> <td> X </td> </tr> <tr> <td> External degree program </td> <td> </td> </tr> <tr> <td> Honors Program </td> <td> X </td> </tr> <tr> <td> Independent study </td> <td> X </td> </tr> <tr> <td> Internships </td> <td> X </td> </tr> <tr> <td> Liberal arts/career combination </td> <td> X </td> </tr> <tr> <td> Student-designed major </td> <td> X </td> </tr> <tr> <td> Study abroad </td> <td> X </td> </tr> <tr> <td> Teacher certification program </td> <td> </td> </tr> <tr> <td> Weekend college </td> <td> X </td> </tr> <tr> <td colspan=""2""> Other (specify): </td> </tr> </table>",190600,../data/cds-docs/2021-2022/190600.pdf,2021-2022
E,3,E3,Areas in which all or most students are required to complete some course,"[[{0: 'Arts/fine arts', 1: 'X'}, {0: 'Computer literacy', 1: ''}, {0: 'English (including composition)', 1: 'X'}, {0: 'Foreign languages', 1: ''}, {0: 'History', 1: 'X'}, {0: 'Humanities', 1: ''}, {0: 'Mathematics', 1: 'X'}, {0: 'Philosophy', 1: 'X'}, {0: 'Sciences (biological or physical)', 1: 'X'}, {0: 'Social science', 1: 'X'}, {0: 'Other (describe):General Education Requirements are focused on student X\nlearning outcomes.', 1: 'X'}, {0: 'Other (describe):General Education Requirements are focused on student X\nlearning outcomes.', 1: 'Other (describe):General Education Requirements are focused on student X\nlearning outcomes.'}]]","<table> <tr> <td> Arts/fine arts </td> <td> X </td> </tr> <tr> <td> Computer literacy </td> <td> </td> </tr> <tr> <td> English (including composition) </td> <td> X </td> </tr> <tr> <td> Foreign languages </td> <td> </td> </tr> <tr> <td> History </td> <td> X </td> </tr> <tr> <td> Humanities </td> <td> </td> </tr> <tr> <td> Mathematics </td> <td> X </td> </tr> <tr> <td> Philosophy </td> <td> X </td> </tr> <tr> <td> Sciences (biological or physical) </td> <td> X </td> </tr> <tr> <td> Social science </td> <td> X </td> </tr> <tr> <td rowspan=""2""> Other (describe):General Education Requirements are focused on student X <br/> learning outcomes. </td> <td> X </td> </tr> <tr> <td> Other (describe):General Education Requirements are focused on student X <br/> learning outcomes. </td> </tr> </table>",190600,../data/cds-docs/2021-2022/190600.pdf,2021-2022
F,1,F1,"Percentages of first-time, first-year (freshman) degree-seeking students and degree-seeking","[[{0: '', 1: 'First-time, first-year\n(freshman)\nstudents', 2: 'Undergraduates'}, {0: 'Percent who are from out of state (exclude\ninternational/nonresident aliens from the numerator\nand denominator)', 1: '11.0%', 2: '5.0%'}, {0: 'Percent of men who join fraternities', 1: 'N/A', 2: 'N/A'}, {0: 'Percent of women who join sororities', 1: 'N/A', 2: 'N/A'}, {0: 'Percent who live in college-owned, -operated, or -\naffiliated housing', 1: '0.6%', 2: '0.7%'}, {0: 'Percent who live off campus or commute', 1: '99.4%', 2: '99.3%'}, {0: 'Percent of students age 25 and older', 1: '<1%', 2: '20%'}, {0: 'Average age of full-time students', 1: '21', 2: '23'}, {0: 'Average age of all students (full- and part-time)', 1: '20', 2: '24'}]]","<table> <tr> <td> </td> <td> First-time, first-year <br/> (freshman) <br/> students </td> <td> Undergraduates </td> </tr> <tr> <td> Percent who are from out of state (exclude <br/> international/nonresident aliens from the numerator <br/> and denominator) </td> <td> 11.0% </td> <td> 5.0% </td> </tr> <tr> <td> Percent of men who join fraternities </td> <td> N/A </td> <td> N/A </td> </tr> <tr> <td> Percent of women who join sororities </td> <td> N/A </td> <td> N/A </td> </tr> <tr> <td> Percent who live in college-owned, -operated, or - <br/> affiliated housing </td> <td> 0.6% </td> <td> 0.7% </td> </tr> <tr> <td> Percent who live off campus or commute </td> <td> 99.4% </td> <td> 99.3% </td> </tr> <tr> <td> Percent of students age 25 and older </td> <td> &lt;1% </td> <td> 20% </td> </tr> <tr> <td> Average age of full-time students </td> <td> 21 </td> <td> 23 </td> </tr> <tr> <td> Average age of all students (full- and part-time) </td> <td> 20 </td> <td> 24 </td> </tr> </table>",190600,../data/cds-docs/2021-2022/190600.pdf,2021-2022
F,2,F2,Activities offered Identify those programs available at your institution.,"[[{0: 'Campus Ministries', 1: ''}, {0: 'Choral groups', 1: 'X'}, {0: 'Concert band', 1: ''}, {0: 'Dance', 1: 'X'}, {0: 'Drama/theater', 1: 'X'}, {0: 'International Student\nOrganization', 1: 'X'}, {0: 'Jazz band', 1: ''}, {0: 'Literary magazine', 1: ''}, {0: 'Marching band', 1: ''}, {0: 'Model UN', 1: 'X'}, {0: 'Music ensembles', 1: ''}, {0: 'Musical theater', 1: 'X'}, {0: 'Opera', 1: ''}, {0: 'Pep band', 1: ''}, {0: 'Radio station', 1: 'X'}, {0: 'Student government', 1: 'X'}, {0: 'Student newspaper', 1: 'X'}, {0: 'Student-run film society', 1: ''}, {0: 'Symphony orchestra', 1: ''}, {0: 'Television station', 1: ''}, {0: 'Yearbook', 1: 'X'}]]",<table> <tr> <td> Campus Ministries </td> <td> </td> </tr> <tr> <td> Choral groups </td> <td> X </td> </tr> <tr> <td> Concert band </td> <td> </td> </tr> <tr> <td> Dance </td> <td> X </td> </tr> <tr> <td> Drama/theater </td> <td> X </td> </tr> <tr> <td> International Student <br/> Organization </td> <td> X </td> </tr> <tr> <td> Jazz band </td> <td> </td> </tr> <tr> <td> Literary magazine </td> <td> </td> </tr> <tr> <td> Marching band </td> <td> </td> </tr> <tr> <td> Model UN </td> <td> X </td> </tr> <tr> <td> Music ensembles </td> <td> </td> </tr> <tr> <td> Musical theater </td> <td> X </td> </tr> <tr> <td> Opera </td> <td> </td> </tr> <tr> <td> Pep band </td> <td> </td> </tr> <tr> <td> Radio station </td> <td> X </td> </tr> <tr> <td> Student government </td> <td> X </td> </tr> <tr> <td> Student newspaper </td> <td> X </td> </tr> <tr> <td> Student-run film society </td> <td> </td> </tr> <tr> <td> Symphony orchestra </td> <td> </td> </tr> <tr> <td> Television station </td> <td> </td> </tr> <tr> <td> Yearbook </td> <td> X </td> </tr> </table>,190600,../data/cds-docs/2021-2022/190600.pdf,2021-2022
F,3,F3,ROTC (program offered in cooperation with Reserve Officers' Training Corps). NOT APPLICABLE,"[[{0: '', 1: 'On Campus', 2: 'At Cooperating\nInstitution', 3: 'Name of Cooperating\nInstitution'}, {0: 'Army ROTC is offered:', 1: '', 2: '', 3: ''}, {0: 'Naval ROTC is offered:', 1: '', 2: '', 3: ''}, {0: 'Air Force ROTC is offered:', 1: '', 2: '', 3: ''}]]",<table> <tr> <td> </td> <td> On Campus </td> <td> At Cooperating <br/> Institution </td> <td> Name of Cooperating <br/> Institution </td> </tr> <tr> <td> Army ROTC is offered: </td> <td> </td> <td> </td> <td> </td> </tr> <tr> <td> Naval ROTC is offered: </td> <td> </td> <td> </td> <td> </td> </tr> <tr> <td> Air Force ROTC is offered: </td> <td> </td> <td> </td> <td> </td> </tr> </table>,190600,../data/cds-docs/2021-2022/190600.pdf,2021-2022
F,4,F4,"Housing: Check all types of college-owned, -operated, or -affiliated housing available for","[[{0: 'Coed dorms', 1: 'X'}, {0: ""Men's dorms"", 1: ''}, {0: ""Women's dorms"", 1: ''}, {0: 'Apartments for married students', 1: ''}, {0: 'Apartments for single students', 1: ''}, {0: 'Special housing for disabled\nstudents', 1: ''}, {0: 'Special housing for international\nstudents', 1: ''}, {0: 'Fraternity/sorority housing', 1: ''}, {0: 'Cooperative housing', 1: ''}, {0: 'Theme housing', 1: ''}, {0: 'Wellness housing', 1: ''}, {0: 'Other housing options (specify):', 1: 'Other housing options (specify):'}]]","<table> <tr> <td> Coed dorms </td> <td> X </td> </tr> <tr> <td> Men's dorms </td> <td> </td> </tr> <tr> <td> Women's dorms </td> <td> </td> </tr> <tr> <td> Apartments for married students </td> <td> </td> </tr> <tr> <td> Apartments for single students </td> <td> </td> </tr> <tr> <td> Special housing for disabled <br/> students </td> <td> </td> </tr> <tr> <td> Special housing for international <br/> students </td> <td> </td> </tr> <tr> <td> Fraternity/sorority housing </td> <td> </td> </tr> <tr> <td> Cooperative housing </td> <td> </td> </tr> <tr> <td> Theme housing </td> <td> </td> </tr> <tr> <td> Wellness housing </td> <td> </td> </tr> <tr> <td colspan=""2""> Other housing options (specify): </td> </tr> </table>",190600,../data/cds-docs/2021-2022/190600.pdf,2021-2022
G,1,G1,"Undergraduate full-time tuition, required fees, room and board List the typical tuition, required fees,","[[{0: '', 1: 'First-Year', 2: 'Undergraduates'}, {0: 'PRIVATE INSTITUTIONS\nTuition:', 1: '', 2: ''}, {0: 'PUBLIC INSTITUTIONS\nTuition:\nIn-district', 1: '', 2: ''}, {0: 'PUBLIC INSTITUTIONS\nIn-state (out-of-district):', 1: '', 2: ''}, {0: 'PUBLIC INSTITUTIONS\nOut-of-state:', 1: '', 2: ''}, {0: 'NONRESIDENT ALIENS\nTuition:', 1: '', 2: ''}, {0: 'REQUIRED FEES:', 1: 'REQUIRED FEES:', 2: 'REQUIRED FEES:'}, {0: 'ROOM AND BOARD:\n(on-campus)', 1: '$0', 2: '$0'}, {0: 'ROOM ONLY:\n(on-campus)', 1: '$0', 2: '$0'}, {0: 'BOARD ONLY:\n(on-campus meal plan)', 1: '$0', 2: '$0'}]]","<table> <tr> <td> </td> <td> First-Year </td> <td> Undergraduates </td> </tr> <tr> <td> PRIVATE INSTITUTIONS <br/> Tuition: </td> <td> </td> <td> </td> </tr> <tr> <td> PUBLIC INSTITUTIONS <br/> Tuition: <br/> In-district </td> <td> </td> <td> </td> </tr> <tr> <td> PUBLIC INSTITUTIONS <br/> In-state (out-of-district): </td> <td> </td> <td> </td> </tr> <tr> <td> PUBLIC INSTITUTIONS <br/> Out-of-state: </td> <td> </td> <td> </td> </tr> <tr> <td> NONRESIDENT ALIENS <br/> Tuition: </td> <td> </td> <td> </td> </tr> <tr> <td colspan=""3""> REQUIRED FEES: </td> </tr> <tr> <td> ROOM AND BOARD: <br/> (on-campus) </td> <td> $0 </td> <td> $0 </td> </tr> <tr> <td> ROOM ONLY: <br/> (on-campus) </td> <td> $0 </td> <td> $0 </td> </tr> <tr> <td> BOARD ONLY: <br/> (on-campus meal plan) </td> <td> $0 </td> <td> $0 </td> </tr> </table>",190600,../data/cds-docs/2021-2022/190600.pdf,2021-2022
G,2,G2,Number of credits per term a student can take for the,"[[{0: '', 1: 'Yes', 2: 'No'}, {0: 'Do tuition and fees vary by year of study (e.g., sophomore,\njunior, senior)?', 1: '', 2: 'X'}]]","<table> <tr> <td> </td> <td> Yes </td> <td> No </td> </tr> <tr> <td> Do tuition and fees vary by year of study (e.g., sophomore, <br/> junior, senior)? </td> <td> </td> <td> X </td> </tr> </table>",190600,../data/cds-docs/2021-2022/190600.pdf,2021-2022
G,3,G3,"Do tuition and fees vary by year of study (e.g., sophomore,","[[{0: '', 1: 'Yes', 2: 'No'}, {0: 'Do tuition and fees vary by undergraduate instructional\nprogram?', 1: '', 2: 'X'}, {0: '', 1: '%', 2: ''}, {0: 'If yes, what percentage of full-time undergraduates pay\nmore than the tuition and fees reported in G1?', 1: '', 2: ''}]]","<table> <tr> <td> </td> <td> Yes </td> <td> No </td> </tr> <tr> <td> Do tuition and fees vary by undergraduate instructional <br/> program? </td> <td> </td> <td> X </td> </tr> <tr> <td> </td> <td> % </td> <td> </td> </tr> <tr> <td> If yes, what percentage of full-time undergraduates pay <br/> more than the tuition and fees reported in G1? </td> <td colspan=""2""> </td> </tr> </table>",190600,../data/cds-docs/2021-2022/190600.pdf,2021-2022
G,5,G5,Provide the estimated expenses for a typical full-time undergraduate student:,"[[{0: '', 1: 'Residents', 2: 'Commuters\n(living at home)', 3: 'Commuters\n(not living at home)'}, {0: 'Books and supplies', 1: '', 2: '$1,364', 3: '$1,364'}, {0: 'Room only', 1: '', 2: '', 3: ''}, {0: 'Board only', 1: '', 2: '', 3: ''}, {0: 'Room and board total (if your\ncollege cannot provide separate\nroom and board figures for\ncommuters not living at home):', 1: '', 2: '$4,660', 3: '$13,536'}, {0: 'Transportation', 1: '', 2: '$1,122', 3: '$1,122'}, {0: 'Other expenses (includes transportation)', 1: 'Other expenses (includes transportation)', 2: '$4,258', 3: '$9,415'}]]","<table> <tr> <td> </td> <td> Residents </td> <td> Commuters <br/> (living at home) </td> <td> Commuters <br/> (not living at home) </td> </tr> <tr> <td> Books and supplies </td> <td> </td> <td> $1,364 </td> <td> $1,364 </td> </tr> <tr> <td> Room only </td> <td> </td> <td> </td> <td> </td> </tr> <tr> <td> Board only </td> <td> </td> <td> </td> <td> </td> </tr> <tr> <td> Room and board total (if your <br/> college cannot provide separate <br/> room and board figures for <br/> commuters not living at home): </td> <td> </td> <td> $4,660 </td> <td> $13,536 </td> </tr> <tr> <td> Transportation </td> <td> </td> <td> $1,122 </td> <td> $1,122 </td> </tr> <tr> <td colspan=""2""> Other expenses (includes transportation) </td> <td> $4,258 </td> <td> $9,415 </td> </tr> </table>",190600,../data/cds-docs/2021-2022/190600.pdf,2021-2022
H,2,H2,Number of Enrolled Students Awarded Aid: List the number of degree-seeking full-time and less-than-,"[[{0: '', 1: 'First-time\nFull-time\nFreshmen', 2: 'Full-time\nUndergraduate\n(Incl. Fresh.)', 3: 'Less Full-time Than\nUndergraduate'}, {0: 'a) Number of degree-seeking undergraduate students\n(CDS Item B1 if reporting on Fall 2021 cohort)', 1: '', 2: '', 3: ''}, {0: 'b) Number of students in line a who applied for need\ufffe\nbased financial aid', 1: '', 2: '', 3: ''}, {0: 'c) Number of students in line b who were determined to\nhave financial need', 1: '', 2: '', 3: ''}, {0: 'd) Number of students in line c who were awarded any\nfinancial aid', 1: '', 2: '', 3: ''}, {0: 'e) Number of students in line d who were awarded any\nneed-based scholarship or grant aid', 1: '', 2: '', 3: ''}, {0: 'f) Number of students in line d who were awarded any\nneed-based self-help aid', 1: '', 2: '', 3: ''}, {0: 'g) Number of students in line d who were awarded any\nnon-need-based scholarship or grant aid', 1: '', 2: '', 3: ''}, {0: 'h) Number of students in line d whose need was fully met\n(exclude PLUS loans, unsubsidized loans, and private\nalternative loans)', 1: '', 2: '', 3: ''}, {0: 'i) On average, the percentage of need that was met of\nstudents who were awarded any need-based aid.\nExclude any aid that was awarded in excess of need as\nwell as any resources that were awarded to replace\nEFC (PLUS loans, unsubsidized loans, and private\nalternative loans)', 1: '', 2: '', 3: ''}, {0: 'j) The average financial aid package of those in line d.\nExclude any resources that were awarded to replace\nEFC (PLUS loans, unsubsidized loans, and private\nalternative loans)', 1: '', 2: '', 3: ''}, {0: 'k) Average need-based scholarship and grant award of\nthose in line e', 1: '', 2: '', 3: ''}, {0: 'l) Average need-based self-help award (excluding PLUS\nloans, unsubsidized loans, and private alternative\nloans) of those in line f', 1: '', 2: '', 3: ''}, {0: 'm) Average need-based loan (excluding PLUS loans,\nunsubsidized loans, and private alternative loans) of\nthose in line f who were awarded a need-based loan', 1: '', 2: '', 3: ''}], [{0: '', 1: 'First-time\nFull-time\nFreshmen', 2: 'Full-time\nUndergrad\n(Incl. Fresh.)', 3: 'Less Full-time Than\nUndergrad'}, {0: 'n) Number of students in line a who had no financial need\nand who were awarded institutional non-need-based\nscholarship or grant aid (exclude those who were\nawarded athletic awards and tuition benefits)', 1: '', 2: '0', 3: '0'}, {0: 'o) Average dollar amount of institutional non-need-based\nscholarship and grant aid awarded to students in line n', 1: '', 2: '$ 0', 3: '$ 0'}, {0: 'p) Number of students in line a who were awarded an\ninstitutional non-need-based athletic scholarship or\ngrant', 1: '', 2: '0', 3: '0'}, {0: 'q) Average dollar amount of institutional non-need-based\nathletic scholarships and grants awarded to students in\nline p', 1: '', 2: '$ 0', 3: '$ 0'}]]","<table> <tr> <td> </td> <td> First-time <br/> Full-time <br/> Freshmen </td> <td> Full-time <br/> Undergraduate <br/> (Incl. Fresh.) </td> <td> Less Full-time Than <br/> Undergraduate </td> </tr> <tr> <td> a) Number of degree-seeking undergraduate students <br/> (CDS Item B1 if reporting on Fall 2021 cohort) </td> <td> </td> <td> </td> <td> </td> </tr> <tr> <td> b) Number of students in line a who applied for need￾ <br/> based financial aid </td> <td> </td> <td> </td> <td> </td> </tr> <tr> <td> c) Number of students in line b who were determined to <br/> have financial need </td> <td> </td> <td> </td> <td> </td> </tr> <tr> <td> d) Number of students in line c who were awarded any <br/> financial aid </td> <td> </td> <td> </td> <td> </td> </tr> <tr> <td> e) Number of students in line d who were awarded any <br/> need-based scholarship or grant aid </td> <td> </td> <td> </td> <td> </td> </tr> <tr> <td> f) Number of students in line d who were awarded any <br/> need-based self-help aid </td> <td> </td> <td> </td> <td> </td> </tr> <tr> <td> g) Number of students in line d who were awarded any <br/> non-need-based scholarship or grant aid </td> <td> </td> <td> </td> <td> </td> </tr> <tr> <td> h) Number of students in line d whose need was fully met <br/> (exclude PLUS loans, unsubsidized loans, and private <br/> alternative loans) </td> <td> </td> <td> </td> <td> </td> </tr> <tr> <td> i) On average, the percentage of need that was met of <br/> students who were awarded any need-based aid. <br/> Exclude any aid that was awarded in excess of need as <br/> well as any resources that were awarded to replace <br/> EFC (PLUS loans, unsubsidized loans, and private <br/> alternative loans) </td> <td> </td> <td> </td> <td> </td> </tr> <tr> <td> j) The average financial aid package of those in line d. <br/> Exclude any resources that were awarded to replace <br/> EFC (PLUS loans, unsubsidized loans, and private <br/> alternative loans) </td> <td> </td> <td> </td> <td> </td> </tr> <tr> <td> k) Average need-based scholarship and grant award of <br/> those in line e </td> <td> </td> <td> </td> <td> </td> </tr> <tr> <td> l) Average need-based self-help award (excluding PLUS <br/> loans, unsubsidized loans, and private alternative <br/> loans) of those in line f </td> <td> </td> <td> </td> <td> </td> </tr> <tr> <td> m) Average need-based loan (excluding PLUS loans, <br/> unsubsidized loans, and private alternative loans) of <br/> those in line f who were awarded a need-based loan </td> <td> </td> <td> </td> <td> </td> </tr> </table><div class=""separator""></div><table> <tr> <td> </td> <td> First-time <br/> Full-time <br/> Freshmen </td> <td> Full-time <br/> Undergrad <br/> (Incl. Fresh.) </td> <td> Less Full-time Than <br/> Undergrad </td> </tr> <tr> <td> n) Number of students in line a who had no financial need <br/> and who were awarded institutional non-need-based <br/> scholarship or grant aid (exclude those who were <br/> awarded athletic awards and tuition benefits) </td> <td> </td> <td> 0 </td> <td> 0 </td> </tr> <tr> <td> o) Average dollar amount of institutional non-need-based <br/> scholarship and grant aid awarded to students in line n </td> <td> </td> <td> $ 0 </td> <td> $ 0 </td> </tr> <tr> <td> p) Number of students in line a who were awarded an <br/> institutional non-need-based athletic scholarship or <br/> grant </td> <td> </td> <td> 0 </td> <td> 0 </td> </tr> <tr> <td> q) Average dollar amount of institutional non-need-based <br/> athletic scholarships and grants awarded to students in <br/> line p </td> <td> </td> <td> $ 0 </td> <td> $ 0 </td> </tr> </table>",190600,../data/cds-docs/2021-2022/190600.pdf,2021-2022
H,3,H3,Which needs-analysis methodology does your institution use in awarding institutional aid?,"[[{0: 'Federal methodology (FM)', 1: 'X'}, {0: 'Institutional methodology (IM)', 1: ''}, {0: 'Both FM and IM', 1: ''}], [{0: '', 1: 'Need-based $\n(Include non-need\ufffe\nbased aid used to\nmeet need.)', 2: 'Non-need\ufffe\nbased $\n(Exclude non-need\ufffe\nbased aid used to\nmeet need.)'}, {0: 'Scholarships/Grants', 1: 'Scholarships/Grants', 2: 'Scholarships/Grants'}, {0: 'Federal', 1: '', 2: ''}, {0: 'State (i.e., all states, not only the state in which your institution is\nlocated)', 1: '', 2: ''}, {0: 'Institutional: Endowed scholarships, annual gifts and tuition funded\ngrants, awarded by the college, excluding athletic aid and tuition\nwaivers (which are reported below).', 1: '', 2: ''}, {0: 'Scholarships/grants from external sources (e.g., Kiwanis, National\nMerit) not awarded by the college', 1: '', 2: ''}, {0: 'Total Scholarships/Grants', 1: '', 2: ''}, {0: 'Self-Help', 1: 'Self-Help', 2: 'Self-Help'}, {0: 'Student loans from all sources (excluding parent loans)', 1: '', 2: ''}, {0: 'Federal Work-Study', 1: '', 2: ''}, {0: 'State and other (e.g., institutional) work-study/employment (Note:\nExcludes Federal Work-Study captured above.)', 1: '', 2: ''}, {0: 'Total Self-Help', 1: '', 2: ''}, {0: 'Other', 1: 'Other', 2: 'Other'}, {0: 'Parent Loans', 1: '', 2: ''}, {0: 'Tuition Waivers\nReporting is optional. Report tuition waivers in this row if you choose to report them. Do\nnot report tuition waivers elsewhere.', 1: '', 2: ''}, {0: 'Athletic Awards', 1: '', 2: ''}]]","<table> <tr> <td> Federal methodology (FM) </td> <td> X </td> </tr> <tr> <td> Institutional methodology (IM) </td> <td> </td> </tr> <tr> <td> Both FM and IM </td> <td> </td> </tr> </table><div class=""separator""></div><table> <tr> <td> </td> <td> Need-based $ <br/> (Include non-need￾ <br/> based aid used to <br/> meet need.) </td> <td> Non-need￾ <br/> based $ <br/> (Exclude non-need￾ <br/> based aid used to <br/> meet need.) </td> </tr> <tr> <td colspan=""3""> Scholarships/Grants </td> </tr> <tr> <td> Federal </td> <td> </td> <td> </td> </tr> <tr> <td> State (i.e., all states, not only the state in which your institution is <br/> located) </td> <td> </td> <td> </td> </tr> <tr> <td> Institutional: Endowed scholarships, annual gifts and tuition funded <br/> grants, awarded by the college, excluding athletic aid and tuition <br/> waivers (which are reported below). </td> <td> </td> <td> </td> </tr> <tr> <td> Scholarships/grants from external sources (e.g., Kiwanis, National <br/> Merit) not awarded by the college </td> <td> </td> <td> </td> </tr> <tr> <td> Total Scholarships/Grants </td> <td> </td> <td> </td> </tr> <tr> <td colspan=""3""> Self-Help </td> </tr> <tr> <td> Student loans from all sources (excluding parent loans) </td> <td> </td> <td> </td> </tr> <tr> <td> Federal Work-Study </td> <td> </td> <td> </td> </tr> <tr> <td> State and other (e.g., institutional) work-study/employment (Note: <br/> Excludes Federal Work-Study captured above.) </td> <td> </td> <td> </td> </tr> <tr> <td> Total Self-Help </td> <td> </td> <td> </td> </tr> <tr> <td colspan=""3""> Other </td> </tr> <tr> <td> Parent Loans </td> <td> </td> <td> </td> </tr> <tr> <td> Tuition Waivers <br/> Reporting is optional. Report tuition waivers in this row if you choose to report them. Do <br/> not report tuition waivers elsewhere. </td> <td> </td> <td> </td> </tr> <tr> <td> Athletic Awards </td> <td> </td> <td> </td> </tr> </table>",190600,../data/cds-docs/2021-2022/190600.pdf,2021-2022
H,5,H5,", and a.","[[{0: 'Provide the percentage of the class (defined above) who borrowed at any time through\nany loan programs (institutional, state, Federal Perkins, Federal Stafford Subsidized and\nUnsubsidized, private loans that were certified by your institution, etc.; exclude parent\nloans). Include both Federal Direct Student Loans and Federal Family Education Loans.', 1: ''}, {0: 'Provide the percentage of the class (defined above) who borrowed at any time through\nfederal loan programs--Federal Perkins, Federal Stafford Subsidized and Unsubsidized.\nInclude both Federal Direct Student Loans and Federal Family Education Loans. NOTE:\nexclude all institutional, state, private alternative loans and parent loans.', 1: ''}, {0: 'Report the average per-undergraduate-borrower cumulative principal borrowed of those\nin line H4.', 1: 'N/A'}]]","<table> <tr> <td> Provide the percentage of the class (defined above) who borrowed at any time through <br/> any loan programs (institutional, state, Federal Perkins, Federal Stafford Subsidized and <br/> Unsubsidized, private loans that were certified by your institution, etc.; exclude parent <br/> loans). Include both Federal Direct Student Loans and Federal Family Education Loans. </td> <td> </td> </tr> <tr> <td> Provide the percentage of the class (defined above) who borrowed at any time through <br/> federal loan programs--Federal Perkins, Federal Stafford Subsidized and Unsubsidized. <br/> Include both Federal Direct Student Loans and Federal Family Education Loans. NOTE: <br/> exclude all institutional, state, private alternative loans and parent loans. </td> <td> </td> </tr> <tr> <td> Report the average per-undergraduate-borrower cumulative principal borrowed of those <br/> in line H4. </td> <td> N/A </td> </tr> </table>",190600,../data/cds-docs/2021-2022/190600.pdf,2021-2022
H,6,H6,Indicate your institution’s policy regarding institutional scholarship and grant aid for undergraduate degree-,"[[{0: 'Institutional need-based scholarship or grant aid is available', 1: 'X'}, {0: 'Institutional non-need-based scholarship or grant aid is available', 1: ''}, {0: 'Institutional scholarship or grant aid is not available', 1: ''}]]",<table> <tr> <td> Institutional need-based scholarship or grant aid is available </td> <td> X </td> </tr> <tr> <td> Institutional non-need-based scholarship or grant aid is available </td> <td> </td> </tr> <tr> <td> Institutional scholarship or grant aid is not available </td> <td> </td> </tr> </table>,190600,../data/cds-docs/2021-2022/190600.pdf,2021-2022
H,7,H7,Check off all financial aid forms nonresident alien first-year financial aid applicants must submit:,"[[{0: 'Institution’s own financial aid form', 1: ''}, {0: 'CSS/Financial Aid PROFILE', 1: ''}, {0: 'International Student’s Financial Aid Application', 1: ''}, {0: 'International Student’s Certification of Finances', 1: ''}, {0: 'Other (specify): FAFSA Application & NYS Tap Application', 1: 'X'}]]",<table> <tr> <td> Institution’s own financial aid form </td> <td> </td> </tr> <tr> <td> CSS/Financial Aid PROFILE </td> <td> </td> </tr> <tr> <td> International Student’s Financial Aid Application </td> <td> </td> </tr> <tr> <td> International Student’s Certification of Finances </td> <td> </td> </tr> <tr> <td> Other (specify): FAFSA Application &amp; NYS Tap Application </td> <td> X </td> </tr> </table>,190600,../data/cds-docs/2021-2022/190600.pdf,2021-2022
H,8,H8,Check off all financial aid forms domestic first-year (freshman) financial aid applicants must submit:,"[[{0: 'FAFSA', 1: 'X'}, {0: ""Institution's own financial aid form"", 1: ''}, {0: 'CSS/Financial Aid PROFILE', 1: ''}, {0: 'State aid form', 1: 'X'}, {0: 'Noncustodial PROFILE', 1: ''}, {0: 'Business/Farm Supplement', 1: ''}, {0: 'Other (specify):', 1: ''}]]",<table> <tr> <td> FAFSA </td> <td> X </td> </tr> <tr> <td> Institution's own financial aid form </td> <td> </td> </tr> <tr> <td> CSS/Financial Aid PROFILE </td> <td> </td> </tr> <tr> <td> State aid form </td> <td> X </td> </tr> <tr> <td> Noncustodial PROFILE </td> <td> </td> </tr> <tr> <td> Business/Farm Supplement </td> <td> </td> </tr> <tr> <td> Other (specify): </td> <td> </td> </tr> </table>,190600,../data/cds-docs/2021-2022/190600.pdf,2021-2022
H,9,H9,Indicate filing dates for first-year (freshman) students:,"[[{0: 'Priority date for filing required financial aid forms:', 1: ''}, {0: 'Deadline for filing required financial aid forms:', 1: ''}, {0: 'No deadline for filing required forms (applications processed on a\nrolling basis):', 1: 'X'}]]",<table> <tr> <td> Priority date for filing required financial aid forms: </td> <td> </td> </tr> <tr> <td> Deadline for filing required financial aid forms: </td> <td> </td> </tr> <tr> <td> No deadline for filing required forms (applications processed on a <br/> rolling basis): </td> <td> X </td> </tr> </table>,190600,../data/cds-docs/2021-2022/190600.pdf,2021-2022
H,10,H10,Indicate notification dates for first-year (freshman) students (answer a or b):,"[[{0: 'Students notified on or about (date):\na)', 1: 'Students notified on or about (date):\na)', 2: 'Students notified on or about (date):\na)', 3: ''}, {0: '', 1: '', 2: 'Yes', 3: 'No'}, {0: 'b)', 1: 'Students notified on a rolling basis:', 2: 'X', 3: ''}, {0: 'b)', 1: 'If yes, starting date: 04/01', 2: '', 3: ''}]]","<table> <tr> <td colspan=""3""> Students notified on or about (date): <br/> a) </td> <td> </td> </tr> <tr> <td colspan=""2""> </td> <td> Yes </td> <td> No </td> </tr> <tr> <td rowspan=""2""> b) </td> <td> Students notified on a rolling basis: </td> <td> X </td> <td> </td> </tr> <tr> <td> If yes, starting date: 04/01 </td> <td> </td> <td> </td> </tr> </table>",190600,../data/cds-docs/2021-2022/190600.pdf,2021-2022
H,12,H12,FEDERAL DIRECT STUDENT LOAN PROGRAM (DIRECT LOAN),"[[{0: 'Direct Subsidized Stafford Loans', 1: 'X'}, {0: 'Direct Unsubsidized Stafford Loans', 1: 'X'}, {0: 'Direct PLUS Loans', 1: 'X'}], [{0: 'Federal Perkins Loans', 1: 'X'}, {0: 'Federal Nursing Loans', 1: ''}, {0: 'State Loans', 1: ''}, {0: 'College/university loans from institutional funds', 1: 'X'}, {0: 'Other (specify):', 1: 'X'}]]","<table> <tr> <td> Direct Subsidized Stafford Loans </td> <td> X </td> </tr> <tr> <td> Direct Unsubsidized Stafford Loans </td> <td> X </td> </tr> <tr> <td> Direct PLUS Loans </td> <td> X </td> </tr> </table><div class=""separator""></div><table> <tr> <td> Federal Perkins Loans </td> <td> X </td> </tr> <tr> <td> Federal Nursing Loans </td> <td> </td> </tr> <tr> <td> State Loans </td> <td> </td> </tr> <tr> <td> College/university loans from institutional funds </td> <td> X </td> </tr> <tr> <td> Other (specify): </td> <td> X </td> </tr> </table>",190600,../data/cds-docs/2021-2022/190600.pdf,2021-2022
H,13,H13,NEED-BASED:,"[[{0: 'Federal Pell', 1: 'X'}, {0: 'SEOG', 1: 'X'}, {0: 'State scholarships/grants', 1: 'X'}, {0: 'Private scholarships', 1: ''}, {0: 'College/university scholarship or grant aid from institutional funds', 1: 'X'}, {0: 'United Negro College Fund', 1: ''}, {0: 'Federal Nursing Scholarship', 1: ''}, {0: 'Other (specify):', 1: ''}]]",<table> <tr> <td> Federal Pell </td> <td> X </td> </tr> <tr> <td> SEOG </td> <td> X </td> </tr> <tr> <td> State scholarships/grants </td> <td> X </td> </tr> <tr> <td> Private scholarships </td> <td> </td> </tr> <tr> <td> College/university scholarship or grant aid from institutional funds </td> <td> X </td> </tr> <tr> <td> United Negro College Fund </td> <td> </td> </tr> <tr> <td> Federal Nursing Scholarship </td> <td> </td> </tr> <tr> <td> Other (specify): </td> <td> </td> </tr> </table>,190600,../data/cds-docs/2021-2022/190600.pdf,2021-2022
H,14,H14,Check off criteria used in awarding institutional aid. Check all that apply.,"[[{0: '', 1: 'Non-Need Based', 2: 'Need-Based'}, {0: 'Academics', 1: 'X', 2: 'X'}, {0: 'Alumni affiliation', 1: '', 2: ''}, {0: 'Art', 1: '', 2: ''}, {0: 'Athletics', 1: '', 2: ''}, {0: 'Job skills', 1: '', 2: ''}, {0: 'ROTC', 1: '', 2: ''}, {0: 'Leadership', 1: '', 2: ''}]]",<table> <tr> <td> </td> <td> Non-Need Based </td> <td> Need-Based </td> </tr> <tr> <td> Academics </td> <td> X </td> <td> X </td> </tr> <tr> <td> Alumni affiliation </td> <td> </td> <td> </td> </tr> <tr> <td> Art </td> <td> </td> <td> </td> </tr> <tr> <td> Athletics </td> <td> </td> <td> </td> </tr> <tr> <td> Job skills </td> <td> </td> <td> </td> </tr> <tr> <td> ROTC </td> <td> </td> <td> </td> </tr> <tr> <td> Leadership </td> <td> </td> <td> </td> </tr> </table>,190600,../data/cds-docs/2021-2022/190600.pdf,2021-2022
I,1,I1,,"[[{0: '', 1: 'Full-Time', 2: 'Part-Time', 3: 'Total'}, {0: 'Total number of instructional faculty\na)', 1: '398', 2: '735', 3: '1133'}, {0: 'b)\nTotal number who are members of minority groups', 1: '148', 2: '308', 3: '456'}, {0: 'Total number who are women\nc)', 1: '196', 2: '370', 3: '566'}, {0: 'Total number who are men\nd)', 1: '202', 2: '365', 3: '567'}, {0: 'Total number who are nonresident aliens (international)\ne)', 1: '', 2: '', 3: ''}, {0: 'f)\nTotal number with doctorate, or other terminal degree', 1: '305', 2: '185', 3: '490'}, {0: ""g)\nTotal number whose highest degree is a master's but not a terminal"", 1: '75', 2: '323', 3: '398'}, {0: ""Total number whose highest degree is a bachelor's\nh)"", 1: '', 2: '', 3: ''}, {0: 'Total number whose highest degree is unknown or other (Note:\ni)\nItems f, g, h, and i must sum up to item a.)', 1: '18', 2: '227', 3: '245'}, {0: 'j) Total number in stand-alone graduate/ professional programs in', 1: '', 2: '', 3: ''}]]","<table> <tr> <td> </td> <td> Full-Time </td> <td> Part-Time </td> <td> Total </td> </tr> <tr> <td> Total number of instructional faculty <br/> a) </td> <td> 398 </td> <td> 735 </td> <td> 1133 </td> </tr> <tr> <td> b) <br/> Total number who are members of minority groups </td> <td> 148 </td> <td> 308 </td> <td> 456 </td> </tr> <tr> <td> Total number who are women <br/> c) </td> <td> 196 </td> <td> 370 </td> <td> 566 </td> </tr> <tr> <td> Total number who are men <br/> d) </td> <td> 202 </td> <td> 365 </td> <td> 567 </td> </tr> <tr> <td> Total number who are nonresident aliens (international) <br/> e) </td> <td> </td> <td> </td> <td> </td> </tr> <tr> <td> f) <br/> Total number with doctorate, or other terminal degree </td> <td> 305 </td> <td> 185 </td> <td> 490 </td> </tr> <tr> <td> g) <br/> Total number whose highest degree is a master's but not a terminal </td> <td> 75 </td> <td> 323 </td> <td> 398 </td> </tr> <tr> <td> Total number whose highest degree is a bachelor's <br/> h) </td> <td> </td> <td> </td> <td> </td> </tr> <tr> <td> Total number whose highest degree is unknown or other (Note: <br/> i) <br/> Items f, g, h, and i must sum up to item a.) </td> <td> 18 </td> <td> 227 </td> <td> 245 </td> </tr> <tr> <td> j) Total number in stand-alone graduate/ professional programs in </td> <td> </td> <td> </td> <td> </td> </tr> </table>",190600,../data/cds-docs/2021-2022/190600.pdf,2021-2022
I,3,I3,Undergraduate Class Size (provide numbers),"[[{0: 'CLASS\nSECTIONS', 1: '2-9', 2: '10-19', 3: '20-29', 4: '30-39', 5: '40-49', 6: '50-99', 7: '100+', 8: 'Total'}, {0: 'CLASS\nSECTIONS', 1: '141', 2: '460', 3: '1248', 4: '509', 5: '2', 6: '10', 7: '8', 8: '2378'}], [{0: 'CLASS SUB\ufffe\nSECTIONS', 1: '2-9', 2: '10-19', 3: '20-29', 4: '30-39', 5: '40-49', 6: '50-99', 7: '100+', 8: 'Total'}, {0: 'CLASS SUB\ufffe\nSECTIONS', 1: '', 2: '', 3: '', 4: '', 5: '', 6: '', 7: '', 8: '0'}]]","<table> <tr> <td rowspan=""2""> CLASS <br/> SECTIONS </td> <td> 2-9 </td> <td> 10-19 </td> <td> 20-29 </td> <td> 30-39 </td> <td> 40-49 </td> <td> 50-99 </td> <td> 100+ </td> <td> Total </td> </tr> <tr> <td> 141 </td> <td> 460 </td> <td> 1248 </td> <td> 509 </td> <td> 2 </td> <td> 10 </td> <td> 8 </td> <td> 2378 </td> </tr> </table><div class=""separator""></div><table> <tr> <td rowspan=""2""> CLASS SUB￾ <br/> SECTIONS </td> <td> 2-9 </td> <td> 10-19 </td> <td> 20-29 </td> <td> 30-39 </td> <td> 40-49 </td> <td> 50-99 </td> <td> 100+ </td> <td> Total </td> </tr> <tr> <td> </td> <td> </td> <td> </td> <td> </td> <td> </td> <td> </td> <td> </td> <td> 0 </td> </tr> </table>",190600,../data/cds-docs/2021-2022/190600.pdf,2021-2022
J,1,J1,"For each of the following discipline areas, provide the percentage of diplomas/certificates, associate, and","[[{0: 'Category', 1: 'Diploma/\nCertificates', 2: 'Associate', 3: 'Bachelor’s', 4: 'Categories CIP 2000'}, {0: 'Agriculture', 1: '', 2: '', 3: '', 4: '1'}, {0: 'Natural resources/environmental science', 1: '', 2: '', 3: '', 4: '3'}, {0: 'Architecture', 1: '', 2: '', 3: '', 4: '4'}, {0: 'Area and ethnic studies', 1: '', 2: '', 3: '0.3', 4: '5'}, {0: 'Communication/journalism', 1: '', 2: '', 3: '', 4: '9'}, {0: 'Communication technologies', 1: '', 2: '', 3: '', 4: '10'}, {0: 'Computer and information sciences', 1: '', 2: '', 3: '6.7', 4: '11'}, {0: 'Personal and culinary services', 1: '', 2: '', 3: '', 4: '12'}, {0: 'Education', 1: '', 2: '', 3: '', 4: '13'}, {0: 'Engineering', 1: '', 2: '', 3: '', 4: '14'}, {0: 'Engineering technologies', 1: '', 2: '', 3: '', 4: '15'}, {0: 'Foreign languages and literature', 1: '', 2: '', 3: '0.1', 4: '16'}, {0: 'Family and consumer sciences', 1: '', 2: '', 3: '', 4: '19'}, {0: 'Law/legal studies', 1: '', 2: '', 3: '3.7', 4: '22'}, {0: 'English', 1: '', 2: '', 3: '1.4', 4: '23'}, {0: 'Liberal arts/general studies', 1: '', 2: '', 3: '0.7', 4: '24'}, {0: 'Library science', 1: '', 2: '', 3: '', 4: '25'}, {0: 'Biological/life sciences', 1: '', 2: '', 3: '0.7', 4: '26'}, {0: 'Mathematics and statistics', 1: '', 2: '', 3: '', 4: '27'}, {0: 'Military science and military technologies', 1: '', 2: '', 3: '', 4: '28 & 29'}, {0: 'Interdisciplinary studies', 1: '90.9', 2: '', 3: '', 4: '30'}, {0: 'Parks and recreation', 1: '', 2: '', 3: '', 4: '31'}, {0: 'Philosophy and religious studies', 1: '', 2: '', 3: '0.6', 4: '38'}, {0: 'Theology and religious vocations', 1: '', 2: '', 3: '', 4: '39'}, {0: 'Physical sciences', 1: '', 2: '', 3: '', 4: '40'}, {0: 'Science technologies', 1: '', 2: '', 3: '', 4: '41'}, {0: 'Psychology', 1: '', 2: '', 3: '15.8', 4: '42'}, {0: 'Homeland Security, law enforcement, firefighting, and\nprotective services', 1: '9.1', 2: '', 3: '56.9', 4: '43'}, {0: 'Public administration and social services', 1: '', 2: '', 3: '1.4', 4: '44'}, {0: 'Social sciences', 1: '', 2: '', 3: '11.6', 4: '45'}, {0: 'Construction trades', 1: '', 2: '', 3: '', 4: '46'}, {0: 'Mechanic and repair technologies', 1: '', 2: '', 3: '', 4: '47'}, {0: 'Precision production', 1: '', 2: '', 3: '', 4: '48'}, {0: 'Transportation and materials moving', 1: '', 2: '', 3: '', 4: '49'}, {0: 'Visual and performing arts', 1: '', 2: '', 3: '', 4: '50'}, {0: 'Health professions and related sciences', 1: '', 2: '', 3: '', 4: '51'}, {0: 'Business/marketing', 1: '', 2: '', 3: '', 4: '52'}, {0: 'History', 1: '', 2: '', 3: '0.1', 4: '54'}, {0: 'Other', 1: '', 2: '', 3: '', 4: ''}, {0: 'TOTAL (should = 100%)', 1: '100.00', 2: '0.00', 3: '100.00', 4: ''}]]","<table> <tr> <td> Category </td> <td> Diploma/ <br/> Certificates </td> <td> Associate </td> <td> Bachelor’s </td> <td> Categories CIP 2000 </td> </tr> <tr> <td> Agriculture </td> <td> </td> <td> </td> <td> </td> <td> 1 </td> </tr> <tr> <td> Natural resources/environmental science </td> <td> </td> <td> </td> <td> </td> <td> 3 </td> </tr> <tr> <td> Architecture </td> <td> </td> <td> </td> <td> </td> <td> 4 </td> </tr> <tr> <td> Area and ethnic studies </td> <td> </td> <td> </td> <td> 0.3 </td> <td> 5 </td> </tr> <tr> <td> Communication/journalism </td> <td> </td> <td> </td> <td> </td> <td> 9 </td> </tr> <tr> <td> Communication technologies </td> <td> </td> <td> </td> <td> </td> <td> 10 </td> </tr> <tr> <td> Computer and information sciences </td> <td> </td> <td> </td> <td> 6.7 </td> <td> 11 </td> </tr> <tr> <td> Personal and culinary services </td> <td> </td> <td> </td> <td> </td> <td> 12 </td> </tr> <tr> <td> Education </td> <td> </td> <td> </td> <td> </td> <td> 13 </td> </tr> <tr> <td> Engineering </td> <td> </td> <td> </td> <td> </td> <td> 14 </td> </tr> <tr> <td> Engineering technologies </td> <td> </td> <td> </td> <td> </td> <td> 15 </td> </tr> <tr> <td> Foreign languages and literature </td> <td> </td> <td> </td> <td> 0.1 </td> <td> 16 </td> </tr> <tr> <td> Family and consumer sciences </td> <td> </td> <td> </td> <td> </td> <td> 19 </td> </tr> <tr> <td> Law/legal studies </td> <td> </td> <td> </td> <td> 3.7 </td> <td> 22 </td> </tr> <tr> <td> English </td> <td> </td> <td> </td> <td> 1.4 </td> <td> 23 </td> </tr> <tr> <td> Liberal arts/general studies </td> <td> </td> <td> </td> <td> 0.7 </td> <td> 24 </td> </tr> <tr> <td> Library science </td> <td> </td> <td> </td> <td> </td> <td> 25 </td> </tr> <tr> <td> Biological/life sciences </td> <td> </td> <td> </td> <td> 0.7 </td> <td> 26 </td> </tr> <tr> <td> Mathematics and statistics </td> <td> </td> <td> </td> <td> </td> <td> 27 </td> </tr> <tr> <td> Military science and military technologies </td> <td> </td> <td> </td> <td> </td> <td> 28 &amp; 29 </td> </tr> <tr> <td> Interdisciplinary studies </td> <td> 90.9 </td> <td> </td> <td> </td> <td> 30 </td> </tr> <tr> <td> Parks and recreation </td> <td> </td> <td> </td> <td> </td> <td> 31 </td> </tr> <tr> <td> Philosophy and religious studies </td> <td> </td> <td> </td> <td> 0.6 </td> <td> 38 </td> </tr> <tr> <td> Theology and religious vocations </td> <td> </td> <td> </td> <td> </td> <td> 39 </td> </tr> <tr> <td> Physical sciences </td> <td> </td> <td> </td> <td> </td> <td> 40 </td> </tr> <tr> <td> Science technologies </td> <td> </td> <td> </td> <td> </td> <td> 41 </td> </tr> <tr> <td> Psychology </td> <td> </td> <td> </td> <td> 15.8 </td> <td> 42 </td> </tr> <tr> <td> Homeland Security, law enforcement, firefighting, and <br/> protective services </td> <td> 9.1 </td> <td> </td> <td> 56.9 </td> <td> 43 </td> </tr> <tr> <td> Public administration and social services </td> <td> </td> <td> </td> <td> 1.4 </td> <td> 44 </td> </tr> <tr> <td> Social sciences </td> <td> </td> <td> </td> <td> 11.6 </td> <td> 45 </td> </tr> <tr> <td> Construction trades </td> <td> </td> <td> </td> <td> </td> <td> 46 </td> </tr> <tr> <td> Mechanic and repair technologies </td> <td> </td> <td> </td> <td> </td> <td> 47 </td> </tr> <tr> <td> Precision production </td> <td> </td> <td> </td> <td> </td> <td> 48 </td> </tr> <tr> <td> Transportation and materials moving </td> <td> </td> <td> </td> <td> </td> <td> 49 </td> </tr> <tr> <td> Visual and performing arts </td> <td> </td> <td> </td> <td> </td> <td> 50 </td> </tr> <tr> <td> Health professions and related sciences </td> <td> </td> <td> </td> <td> </td> <td> 51 </td> </tr> <tr> <td> Business/marketing </td> <td> </td> <td> </td> <td> </td> <td> 52 </td> </tr> <tr> <td> History </td> <td> </td> <td> </td> <td> 0.1 </td> <td> 54 </td> </tr> <tr> <td> Other </td> <td> </td> <td> </td> <td> </td> <td> </td> </tr> <tr> <td> TOTAL (should = 100%) </td> <td> 100.00 </td> <td> 0.00 </td> <td> 100.00 </td> <td> </td> </tr> </table>",190600,../data/cds-docs/2021-2022/190600.pdf,2021-2022
