section,table_num,table_code,table_title,table_records,table_html,unitid,file,year
B,1,B1,Institutional Enrollment - Men and Women,"[[{0: 'Undergraduate Students: Full-Time', 1: 'Men', 2: 'Women', 3: 'Another Gender', 4: 'Unknown'}, {0: 'Degree-seeking, first-time first-year\nstudents', 1: '2335', 2: '3302', 3: '0', 4: '0'}, {0: 'Other first-year, degree-seeking', 1: '660', 2: '914', 3: '0', 4: '0'}, {0: 'All other degree-seeking', 1: '8269', 2: '12298', 3: '0', 4: '0'}, {0: 'Total degree-seeking', 1: '11,264', 2: '16,514', 3: '0', 4: '0'}, {0: 'All other undergraduates enrolled in credit\ncourses', 1: '85', 2: '149', 3: '0', 4: '0'}, {0: 'Total undergraduate Full-Time Students', 1: '11,349', 2: '16,663', 3: '0', 4: '0'}], [{0: 'Undergraduate Students: Part-Time', 1: 'Men', 2: 'Women', 3: 'Another Gender', 4: 'Unknown'}, {0: 'Degree-seeking, first-time first-year\nstudents', 1: '1', 2: '3', 3: '0', 4: '0'}, {0: 'Other first-year, degree-seeking', 1: '61', 2: '57', 3: '0', 4: '0'}, {0: 'All other degree-seeking', 1: '352', 2: '411', 3: '0', 4: '0'}, {0: 'Total degree-seeking', 1: '414', 2: '471', 3: '0', 4: '0'}, {0: 'All other undergraduates enrolled in credit\ncourses', 1: '64', 2: '99', 3: '0', 4: '0'}, {0: 'Total undergraduate Part-Time Students', 1: '478', 2: '570', 3: '0', 4: '0'}], [{0: 'Undergraduate Students: All', 1: 'Men', 2: 'Women', 3: 'Another Gender', 4: 'Unknown'}, {0: 'Total undergraduate Students', 1: '11,827', 2: '17,233', 3: '0', 4: '0'}], [{0: 'Graduate Students: Full-Time', 1: 'Graduate Students: Full-Time', 2: 'Graduate Students: Full-Time', 3: 'Graduate Students: Full-Time', 4: 'Graduate Students: Full-Time'}, {0: 'Degree-seeking, first-time', 1: '3887', 2: '5075', 3: '0', 4: '0'}, {0: 'All other degree-seeking', 1: '5569', 2: '7358', 3: '0', 4: '0'}, {0: 'All other graduates enrolled in credit\ncourses', 1: '9', 2: '14', 3: '0', 4: '0'}, {0: 'Total graduate Full-Time Students', 1: '9465', 2: '12447', 3: '0', 4: '0'}], [{0: 'Graduate Students: Part-Time', 1: 'Graduate Students: Part-Time', 2: 'Graduate Students: Part-Time', 3: 'Graduate Students: Part-Time', 4: 'Graduate Students: Part-Time'}, {0: 'Degree-seeking, first-time', 1: '551', 2: '831', 3: '0', 4: '0'}, {0: 'All other degree-seeking', 1: '1890', 2: '2478', 3: '0', 4: '0'}, {0: 'All other graduates enrolled in credit\ncourses', 1: '43', 2: '63', 3: '0', 4: '0'}, {0: 'Total graduate Part-Time Students', 1: '2484', 2: '3372', 3: '0', 4: '0'}], [{0: 'Graduate Students: All', 1: 'Men', 2: 'Women', 3: 'Another Gender', 4: 'Unknown'}, {0: 'Total Graduate Students', 1: '11949', 2: '15819', 3: '0', 4: '0'}], [{0: 'All Students: Total', 1: 'Men', 2: 'Women', 3: 'Another Gender', 4: 'Unknown'}, {0: 'Total all students', 1: '23,776', 2: '33,052', 3: '0', 4: '0'}]]","<table> <tr> <td> Undergraduate Students: Full-Time </td> <td> Men </td> <td> Women </td> <td> Another Gender </td> <td> Unknown </td> </tr> <tr> <td> Degree-seeking, first-time first-year <br/> students </td> <td> 2335 </td> <td> 3302 </td> <td> 0 </td> <td> 0 </td> </tr> <tr> <td> Other first-year, degree-seeking </td> <td> 660 </td> <td> 914 </td> <td> 0 </td> <td> 0 </td> </tr> <tr> <td> All other degree-seeking </td> <td> 8269 </td> <td> 12298 </td> <td> 0 </td> <td> 0 </td> </tr> <tr> <td> Total degree-seeking </td> <td> 11,264 </td> <td> 16,514 </td> <td> 0 </td> <td> 0 </td> </tr> <tr> <td> All other undergraduates enrolled in credit <br/> courses </td> <td> 85 </td> <td> 149 </td> <td> 0 </td> <td> 0 </td> </tr> <tr> <td> Total undergraduate Full-Time Students </td> <td> 11,349 </td> <td> 16,663 </td> <td> 0 </td> <td> 0 </td> </tr> </table><div class=""separator""></div><table> <tr> <td> Undergraduate Students: Part-Time </td> <td> Men </td> <td> Women </td> <td> Another Gender </td> <td> Unknown </td> </tr> <tr> <td> Degree-seeking, first-time first-year <br/> students </td> <td> 1 </td> <td> 3 </td> <td> 0 </td> <td> 0 </td> </tr> <tr> <td> Other first-year, degree-seeking </td> <td> 61 </td> <td> 57 </td> <td> 0 </td> <td> 0 </td> </tr> <tr> <td> All other degree-seeking </td> <td> 352 </td> <td> 411 </td> <td> 0 </td> <td> 0 </td> </tr> <tr> <td> Total degree-seeking </td> <td> 414 </td> <td> 471 </td> <td> 0 </td> <td> 0 </td> </tr> <tr> <td> All other undergraduates enrolled in credit <br/> courses </td> <td> 64 </td> <td> 99 </td> <td> 0 </td> <td> 0 </td> </tr> <tr> <td> Total undergraduate Part-Time Students </td> <td> 478 </td> <td> 570 </td> <td> 0 </td> <td> 0 </td> </tr> </table><div class=""separator""></div><table> <tr> <td> Undergraduate Students: All </td> <td> Men </td> <td> Women </td> <td> Another Gender </td> <td> Unknown </td> </tr> <tr> <td> Total undergraduate Students </td> <td> 11,827 </td> <td> 17,233 </td> <td> 0 </td> <td> 0 </td> </tr> </table><div class=""separator""></div><table> <tr> <td colspan=""5""> Graduate Students: Full-Time </td> </tr> <tr> <td> Degree-seeking, first-time </td> <td> 3887 </td> <td> 5075 </td> <td> 0 </td> <td> 0 </td> </tr> <tr> <td> All other degree-seeking </td> <td> 5569 </td> <td> 7358 </td> <td> 0 </td> <td> 0 </td> </tr> <tr> <td> All other graduates enrolled in credit <br/> courses </td> <td> 9 </td> <td> 14 </td> <td> 0 </td> <td> 0 </td> </tr> <tr> <td> Total graduate Full-Time Students </td> <td> 9465 </td> <td> 12447 </td> <td> 0 </td> <td> 0 </td> </tr> </table><div class=""separator""></div><table> <tr> <td colspan=""5""> Graduate Students: Part-Time </td> </tr> <tr> <td> Degree-seeking, first-time </td> <td> 551 </td> <td> 831 </td> <td> 0 </td> <td> 0 </td> </tr> <tr> <td> All other degree-seeking </td> <td> 1890 </td> <td> 2478 </td> <td> 0 </td> <td> 0 </td> </tr> <tr> <td> All other graduates enrolled in credit <br/> courses </td> <td> 43 </td> <td> 63 </td> <td> 0 </td> <td> 0 </td> </tr> <tr> <td> Total graduate Part-Time Students </td> <td> 2484 </td> <td> 3372 </td> <td> 0 </td> <td> 0 </td> </tr> </table><div class=""separator""></div><table> <tr> <td> Graduate Students: All </td> <td> Men </td> <td> Women </td> <td> Another Gender </td> <td> Unknown </td> </tr> <tr> <td> Total Graduate Students </td> <td> 11949 </td> <td> 15819 </td> <td> 0 </td> <td> 0 </td> </tr> </table><div class=""separator""></div><table> <tr> <td> All Students: Total </td> <td> Men </td> <td> Women </td> <td> Another Gender </td> <td> Unknown </td> </tr> <tr> <td> Total all students </td> <td> 23,776 </td> <td> 33,052 </td> <td> 0 </td> <td> 0 </td> </tr> </table>",193900,../data/cds-docs/2024-2025/193900.pdf,2024-2025
C,1,C1,"First-time, first-year students: Provide the number of degree-seeking, first-time, first-year students who applied,","[[{0: 'First-Time, First-Year Student Applicants', 1: 'First-Time, First-Year Student Applicants', 2: 'First-Time, First-Year Student Applicants', 3: 'Total'}, {0: 'Total first-time, first-year men who applied', 1: 'Total first-time, first-year men who applied', 2: 'Total first-time, first-year men who applied', 3: '45100'}, {0: 'Total first-time, first-year', 1: 'women who applied', 2: 'women who applied', 3: '65707'}, {0: 'Total first-time, first-year', 1: 'another gender who applied', 2: 'another gender who applied', 3: '0'}, {0: 'Total first-time, first-year', 1: 'unknown gender who', 2: 'applied', 3: '0'}], [{0: 'First-Time, First-Year Student Admits', 1: 'First-Time, First-Year Student Admits', 2: 'Total'}, {0: 'Total first-time, first-year men who were admitted', 1: 'Total first-time, first-year men who were admitted', 2: '4097'}, {0: 'Total first-time, first-year women who were admitted', 1: 'Total first-time, first-year women who were admitted', 2: '6135'}, {0: 'Total first-time, first-year', 1: 'another gender who were admitted', 2: '0'}, {0: 'Total first-time, first-year', 1: 'unknown gender who were admitted', 2: '0'}], [{0: 'First-Time, First-Year Student Enrollees by Status', 1: 'First-Time, First-Year Student Enrollees by Status', 2: 'Total'}, {0: 'Total full-time, first-time, first-year men who enrolled', 1: 'Total full-time, first-time, first-year men who enrolled', 2: '2335'}, {0: 'Total part-time, first-time, first-year men who enrolled', 1: 'Total part-time, first-time, first-year men who enrolled', 2: '18'}, {0: 'Total full-time, first-time, first-year women who enrolled', 1: 'Total full-time, first-time, first-year women who enrolled', 2: '3310'}, {0: 'Total part-time, first-time, first-year women who enrolled', 1: 'Total part-time, first-time, first-year women who enrolled', 2: '3'}, {0: 'Total full-time, first-time, first-year another gender who enrolled', 1: 'Total full-time, first-time, first-year another gender who enrolled', 2: '0'}, {0: 'Total part-time, first-time, first-year another gender who enrolled', 1: 'Total part-time, first-time, first-year another gender who enrolled', 2: '0'}, {0: 'Total full-time, first-time, first-year unknown', 1: 'gender who enrolled', 2: '0'}, {0: 'Total part-time, first-time, first-year unknown', 1: 'gender who enrolled', 2: '0'}], [{0: 'First-Time, First-Year Student Applicants', 1: 'First-Time, First-Year Student Applicants', 2: 'Total', 3: 'In-State', 4: 'Out-of-State', 5: 'International', 6: 'Unknown'}, {0: 'Total first-time, first-year who applied', 1: 'Total first-time, first-year who applied', 2: '110807', 3: '', 4: '', 5: '', 6: ''}, {0: 'Total first-time, first-year', 1: 'who were admitted', 2: '10232', 3: '', 4: '', 5: '', 6: ''}, {0: 'Total first-time, first-year', 1: 'who enrolled', 2: '5666', 3: '', 4: '', 5: '', 6: ''}]]","<table> <tr> <td colspan=""3""> First-Time, First-Year Student Applicants </td> <td> Total </td> </tr> <tr> <td colspan=""3""> Total first-time, first-year men who applied </td> <td> 45100 </td> </tr> <tr> <td> Total first-time, first-year </td> <td colspan=""2""> women who applied </td> <td> 65707 </td> </tr> <tr> <td> Total first-time, first-year </td> <td colspan=""2""> another gender who applied </td> <td> 0 </td> </tr> <tr> <td> Total first-time, first-year </td> <td> unknown gender who </td> <td> applied </td> <td> 0 </td> </tr> </table><div class=""separator""></div><table> <tr> <td colspan=""2""> First-Time, First-Year Student Admits </td> <td> Total </td> </tr> <tr> <td colspan=""2""> Total first-time, first-year men who were admitted </td> <td> 4097 </td> </tr> <tr> <td colspan=""2""> Total first-time, first-year women who were admitted </td> <td> 6135 </td> </tr> <tr> <td> Total first-time, first-year </td> <td> another gender who were admitted </td> <td> 0 </td> </tr> <tr> <td> Total first-time, first-year </td> <td> unknown gender who were admitted </td> <td> 0 </td> </tr> </table><div class=""separator""></div><table> <tr> <td colspan=""2""> First-Time, First-Year Student Enrollees by Status </td> <td> Total </td> </tr> <tr> <td colspan=""2""> Total full-time, first-time, first-year men who enrolled </td> <td> 2335 </td> </tr> <tr> <td colspan=""2""> Total part-time, first-time, first-year men who enrolled </td> <td> 18 </td> </tr> <tr> <td colspan=""2""> Total full-time, first-time, first-year women who enrolled </td> <td> 3310 </td> </tr> <tr> <td colspan=""2""> Total part-time, first-time, first-year women who enrolled </td> <td> 3 </td> </tr> <tr> <td colspan=""2""> Total full-time, first-time, first-year another gender who enrolled </td> <td> 0 </td> </tr> <tr> <td colspan=""2""> Total part-time, first-time, first-year another gender who enrolled </td> <td> 0 </td> </tr> <tr> <td> Total full-time, first-time, first-year unknown </td> <td> gender who enrolled </td> <td> 0 </td> </tr> <tr> <td> Total part-time, first-time, first-year unknown </td> <td> gender who enrolled </td> <td> 0 </td> </tr> </table><div class=""separator""></div><table> <tr> <td colspan=""2""> First-Time, First-Year Student Applicants </td> <td> Total </td> <td> In-State </td> <td> Out-of-State </td> <td> International </td> <td> Unknown </td> </tr> <tr> <td colspan=""2""> Total first-time, first-year who applied </td> <td> 110807 </td> <td> </td> <td> </td> <td> </td> <td> </td> </tr> <tr> <td> Total first-time, first-year </td> <td> who were admitted </td> <td> 10232 </td> <td> </td> <td> </td> <td> </td> <td> </td> </tr> <tr> <td> Total first-time, first-year </td> <td> who enrolled </td> <td> 5666 </td> <td> </td> <td> </td> <td> </td> <td> </td> </tr> </table>",193900,../data/cds-docs/2024-2025/193900.pdf,2024-2025
C,2,C2,"First-time, first-year wait-listed students","[[{0: 'WAITING LIST', 1: 'WAITING LIST', 2: 'WAITING LIST', 3: 'TOTAL'}, {0: 'Number of qualified applicants offered a place on waiting list:', 1: 'Number of qualified applicants offered a place on waiting list:', 2: 'Number of qualified applicants offered a place on waiting list:', 3: ''}, {0: 'Number accepting a', 1: 'place on the waiting', 2: 'list:', 3: ''}, {0: 'Number of wait-listed students admitted:', 1: 'Number of wait-listed students admitted:', 2: 'Number of wait-listed students admitted:', 3: ''}]]","<table> <tr> <td colspan=""3""> WAITING LIST </td> <td> TOTAL </td> </tr> <tr> <td colspan=""3""> Number of qualified applicants offered a place on waiting list: </td> <td> </td> </tr> <tr> <td> Number accepting a </td> <td> place on the waiting </td> <td> list: </td> <td> </td> </tr> <tr> <td colspan=""3""> Number of wait-listed students admitted: </td> <td> </td> </tr> </table>",193900,../data/cds-docs/2024-2025/193900.pdf,2024-2025
C,5,C5,Distribution of high school units required and/or recommended. Specify the distribution of academic high,"[[{0: 'Distribution of high school units', 1: 'Units Required', 2: 'Units\nRecommended'}, {0: 'Total academic units', 1: '16', 2: '20'}, {0: 'English', 1: '4', 2: '4'}, {0: 'Mathematics', 1: '3', 2: '4'}, {0: 'Science', 1: '3', 2: '4'}, {0: 'Of these, units that must be\nlab', 1: '3', 2: '4'}, {0: 'Foreign language', 1: '3', 2: '4'}, {0: 'Social studies', 1: '3', 2: '4'}, {0: 'History', 1: '', 2: ''}, {0: 'Academic electives', 1: '', 2: ''}, {0: 'Computer Science', 1: '', 2: ''}, {0: 'Visual/Performing Arts', 1: '', 2: ''}, {0: 'Other (specify)', 1: '', 2: ''}]]","<table> <tr> <td> Distribution of high school units </td> <td> Units Required </td> <td> Units <br/> Recommended </td> </tr> <tr> <td> Total academic units </td> <td> 16 </td> <td> 20 </td> </tr> <tr> <td> English </td> <td> 4 </td> <td> 4 </td> </tr> <tr> <td> Mathematics </td> <td> 3 </td> <td> 4 </td> </tr> <tr> <td> Science </td> <td> 3 </td> <td> 4 </td> </tr> <tr> <td> Of these, units that must be <br/> lab </td> <td> 3 </td> <td> 4 </td> </tr> <tr> <td> Foreign language </td> <td> 3 </td> <td> 4 </td> </tr> <tr> <td> Social studies </td> <td> 3 </td> <td> 4 </td> </tr> <tr> <td> History </td> <td> </td> <td> </td> </tr> <tr> <td> Academic electives </td> <td> </td> <td> </td> </tr> <tr> <td> Computer Science </td> <td> </td> <td> </td> </tr> <tr> <td> Visual/Performing Arts </td> <td> </td> <td> </td> </tr> <tr> <td> Other (specify) </td> <td> </td> <td> </td> </tr> </table>",193900,../data/cds-docs/2024-2025/193900.pdf,2024-2025
C,7,C7,"Relative importance of each of the following academic and nonacademic factors in your first-time, first-","[[{0: 'Academic', 1: 'Very Important', 2: 'Important', 3: 'Considered', 4: 'Not Considered'}, {0: 'Rigor of secondary school record', 1: 'X', 2: '', 3: '', 4: ''}, {0: 'Class rank', 1: '', 2: '', 3: '', 4: 'X'}, {0: 'Academic GPA', 1: 'X', 2: '', 3: '', 4: ''}, {0: 'Standardized test scores', 1: '', 2: 'X', 3: '', 4: ''}, {0: 'Application Essay', 1: 'X', 2: '', 3: '', 4: ''}, {0: 'Recommendation(s)', 1: 'X', 2: '', 3: '', 4: ''}, {0: 'Nonacademic', 1: 'Very Important', 2: 'Important', 3: 'Considered', 4: 'Not Considered'}, {0: 'Interview', 1: '', 2: '', 3: '', 4: 'X'}, {0: 'Extracurricular activities', 1: '', 2: '', 3: 'X', 4: ''}, {0: 'Talent/ability', 1: '', 2: '', 3: 'X', 4: ''}, {0: 'Character/personal qualities', 1: 'X', 2: '', 3: '', 4: ''}, {0: 'First generation', 1: '', 2: '', 3: 'X', 4: ''}, {0: 'Alumni/ae relation', 1: '', 2: '', 3: '', 4: 'X'}, {0: 'Geographical residence', 1: '', 2: '', 3: 'X', 4: ''}, {0: 'State residency', 1: '', 2: '', 3: '', 4: 'X'}, {0: 'Religious affiliation/commitment', 1: '', 2: '', 3: '', 4: 'X'}, {0: 'Volunteer work', 1: '', 2: '', 3: 'X', 4: ''}, {0: 'Work experience', 1: '', 2: '', 3: 'X', 4: ''}]]",<table> <tr> <td> Academic </td> <td> Very Important </td> <td> Important </td> <td> Considered </td> <td> Not Considered </td> </tr> <tr> <td> Rigor of secondary school record </td> <td> X </td> <td> </td> <td> </td> <td> </td> </tr> <tr> <td> Class rank </td> <td> </td> <td> </td> <td> </td> <td> X </td> </tr> <tr> <td> Academic GPA </td> <td> X </td> <td> </td> <td> </td> <td> </td> </tr> <tr> <td> Standardized test scores </td> <td> </td> <td> X </td> <td> </td> <td> </td> </tr> <tr> <td> Application Essay </td> <td> X </td> <td> </td> <td> </td> <td> </td> </tr> <tr> <td> Recommendation(s) </td> <td> X </td> <td> </td> <td> </td> <td> </td> </tr> <tr> <td> Nonacademic </td> <td> Very Important </td> <td> Important </td> <td> Considered </td> <td> Not Considered </td> </tr> <tr> <td> Interview </td> <td> </td> <td> </td> <td> </td> <td> X </td> </tr> <tr> <td> Extracurricular activities </td> <td> </td> <td> </td> <td> X </td> <td> </td> </tr> <tr> <td> Talent/ability </td> <td> </td> <td> </td> <td> X </td> <td> </td> </tr> <tr> <td> Character/personal qualities </td> <td> X </td> <td> </td> <td> </td> <td> </td> </tr> <tr> <td> First generation </td> <td> </td> <td> </td> <td> X </td> <td> </td> </tr> <tr> <td> Alumni/ae relation </td> <td> </td> <td> </td> <td> </td> <td> X </td> </tr> <tr> <td> Geographical residence </td> <td> </td> <td> </td> <td> X </td> <td> </td> </tr> <tr> <td> State residency </td> <td> </td> <td> </td> <td> </td> <td> X </td> </tr> <tr> <td> Religious affiliation/commitment </td> <td> </td> <td> </td> <td> </td> <td> X </td> </tr> <tr> <td> Volunteer work </td> <td> </td> <td> </td> <td> X </td> <td> </td> </tr> <tr> <td> Work experience </td> <td> </td> <td> </td> <td> X </td> <td> </td> </tr> </table>,193900,../data/cds-docs/2024-2025/193900.pdf,2024-2025
C,8,C8,: SAT and ACT Policies,"[[{0: 'Yes', 1: 'No'}, {0: 'X', 1: ''}], [{0: 'Admission', 1: 'Required to be\nconsidered for\nadmission', 2: 'Required for\nsome', 3: 'Recommended', 4: 'Not required for\nadmission, but\nconsidered if\nsubmitted', 5: 'considered Not\nfor admission,\neven if\nsubmitted'}, {0: 'SAT or ACT', 1: '', 2: '', 3: 'X', 4: '', 5: ''}, {0: 'ACT Only', 1: '', 2: '', 3: '', 4: 'X', 5: ''}, {0: 'SAT Only', 1: '', 2: '', 3: '', 4: 'X', 5: ''}]]","<table> <tr> <td> Yes </td> <td> No </td> </tr> <tr> <td> X </td> <td> </td> </tr> </table><div class=""separator""></div><table> <tr> <td> Admission </td> <td> Required to be <br/> considered for <br/> admission </td> <td> Required for <br/> some </td> <td> Recommended </td> <td> Not required for <br/> admission, but <br/> considered if <br/> submitted </td> <td> considered Not <br/> for admission, <br/> even if <br/> submitted </td> </tr> <tr> <td> SAT or ACT </td> <td> </td> <td> </td> <td> X </td> <td> </td> <td> </td> </tr> <tr> <td> ACT Only </td> <td> </td> <td> </td> <td> </td> <td> X </td> <td> </td> </tr> <tr> <td> SAT Only </td> <td> </td> <td> </td> <td> </td> <td> X </td> <td> </td> </tr> </table>",193900,../data/cds-docs/2024-2025/193900.pdf,2024-2025
C,9,C9,"Percent and number of first-time, first-year students enrolled in Fall 2024 who submitted national","[[{0: '28%', 1: '1598'}, {0: '10%', 1: '583'}], [{0: 'Assessment', 1: '25th Percentile', 2: '50th Percentile', 3: '75th Percentile'}, {0: 'SAT Composite', 1: '1480', 2: '1520', 3: '1550'}, {0: 'SAT Evidence-Based Reading and\nWriting', 1: '720', 2: '740', 3: '760'}, {0: 'SAT Math', 1: '760', 2: '780', 3: '800'}, {0: 'ACT Composite', 1: '34', 2: '34', 3: '35'}, {0: 'ACT Math', 1: '', 2: '', 3: ''}, {0: 'ACT English', 1: '', 2: '', 3: ''}, {0: 'ACT Writing', 1: '', 2: '', 3: ''}, {0: 'ACT Science', 1: '', 2: '', 3: ''}, {0: 'ACT Reading', 1: '', 2: '', 3: ''}], [{0: 'Score Range', 1: 'SAT Evidence\ufffe\nBased Reading\nand Writing', 2: 'SAT Math'}, {0: '700-800', 1: '89.00%', 2: '95.00%'}, {0: '600-699', 1: '10.00%', 2: '4.00%'}, {0: '500-599', 1: '1.00%', 2: '1.00%'}, {0: '400-499', 1: '0.00%', 2: ''}, {0: '300-399', 1: '', 2: ''}, {0: '200-299', 1: '', 2: ''}, {0: 'Totals should = 100%', 1: '100.00%', 2: '100.00%'}], [{0: 'Score Range', 1: 'SAT Composite'}, {0: '1400-1600', 1: ''}, {0: '1200-1399', 1: ''}, {0: '1000-1199', 1: ''}, {0: '800-999', 1: ''}, {0: '600-799', 1: ''}, {0: '400-599', 1: ''}, {0: 'Totals should = 100%', 1: '0.00%'}], [{0: 'Score Range', 1: 'ACT Composite', 2: 'ACT English', 3: 'ACT Math', 4: 'ACT Reading', 5: 'ACT Science'}, {0: '30-36', 1: '98.00%', 2: '', 3: '', 4: '', 5: ''}, {0: '24-29', 1: '2.00%', 2: '', 3: '', 4: '', 5: ''}, {0: '18-23', 1: '0.00%', 2: '', 3: '', 4: '', 5: ''}, {0: '12-17', 1: '', 2: '', 3: '', 4: '', 5: ''}, {0: '6-11', 1: '', 2: '', 3: '', 4: '', 5: ''}, {0: 'Below 6', 1: '', 2: '', 3: '', 4: '', 5: ''}, {0: 'Totals should = 100%', 1: '100.00%', 2: '0.00%', 3: '0.00%', 4: '0.00%', 5: '0.00%'}]]","<table> <tr> <td> 28% </td> <td> 1598 </td> </tr> <tr> <td> 10% </td> <td> 583 </td> </tr> </table><div class=""separator""></div><table> <tr> <td> Assessment </td> <td> 25th Percentile </td> <td> 50th Percentile </td> <td> 75th Percentile </td> </tr> <tr> <td> SAT Composite </td> <td> 1480 </td> <td> 1520 </td> <td> 1550 </td> </tr> <tr> <td> SAT Evidence-Based Reading and <br/> Writing </td> <td> 720 </td> <td> 740 </td> <td> 760 </td> </tr> <tr> <td> SAT Math </td> <td> 760 </td> <td> 780 </td> <td> 800 </td> </tr> <tr> <td> ACT Composite </td> <td> 34 </td> <td> 34 </td> <td> 35 </td> </tr> <tr> <td> ACT Math </td> <td> </td> <td> </td> <td> </td> </tr> <tr> <td> ACT English </td> <td> </td> <td> </td> <td> </td> </tr> <tr> <td> ACT Writing </td> <td> </td> <td> </td> <td> </td> </tr> <tr> <td> ACT Science </td> <td> </td> <td> </td> <td> </td> </tr> <tr> <td> ACT Reading </td> <td> </td> <td> </td> <td> </td> </tr> </table><div class=""separator""></div><table> <tr> <td> Score Range </td> <td> SAT Evidence￾ <br/> Based Reading <br/> and Writing </td> <td> SAT Math </td> </tr> <tr> <td> 700-800 </td> <td> 89.00% </td> <td> 95.00% </td> </tr> <tr> <td> 600-699 </td> <td> 10.00% </td> <td> 4.00% </td> </tr> <tr> <td> 500-599 </td> <td> 1.00% </td> <td> 1.00% </td> </tr> <tr> <td> 400-499 </td> <td> 0.00% </td> <td> </td> </tr> <tr> <td> 300-399 </td> <td> </td> <td> </td> </tr> <tr> <td> 200-299 </td> <td> </td> <td> </td> </tr> <tr> <td> Totals should = 100% </td> <td> 100.00% </td> <td> 100.00% </td> </tr> </table><div class=""separator""></div><table> <tr> <td> Score Range </td> <td> SAT Composite </td> </tr> <tr> <td> 1400-1600 </td> <td> </td> </tr> <tr> <td> 1200-1399 </td> <td> </td> </tr> <tr> <td> 1000-1199 </td> <td> </td> </tr> <tr> <td> 800-999 </td> <td> </td> </tr> <tr> <td> 600-799 </td> <td> </td> </tr> <tr> <td> 400-599 </td> <td> </td> </tr> <tr> <td> Totals should = 100% </td> <td> 0.00% </td> </tr> </table><div class=""separator""></div><table> <tr> <td> Score Range </td> <td> ACT Composite </td> <td> ACT English </td> <td> ACT Math </td> <td> ACT Reading </td> <td> ACT Science </td> </tr> <tr> <td> 30-36 </td> <td> 98.00% </td> <td> </td> <td> </td> <td> </td> <td> </td> </tr> <tr> <td> 24-29 </td> <td> 2.00% </td> <td> </td> <td> </td> <td> </td> <td> </td> </tr> <tr> <td> 18-23 </td> <td> 0.00% </td> <td> </td> <td> </td> <td> </td> <td> </td> </tr> <tr> <td> 12-17 </td> <td> </td> <td> </td> <td> </td> <td> </td> <td> </td> </tr> <tr> <td> 6-11 </td> <td> </td> <td> </td> <td> </td> <td> </td> <td> </td> </tr> <tr> <td> Below 6 </td> <td> </td> <td> </td> <td> </td> <td> </td> <td> </td> </tr> <tr> <td> Totals should = 100% </td> <td> 100.00% </td> <td> 0.00% </td> <td> 0.00% </td> <td> 0.00% </td> <td> 0.00% </td> </tr> </table>",193900,../data/cds-docs/2024-2025/193900.pdf,2024-2025
C,10,C10,"Percent of all degree-seeking, first-time, first-year students who had high school class rank within","[[{0: 'Assessment', 1: 'Assessment', 2: 'Percent'}, {0: 'Percent in top tenth of high school graduating class', 1: 'Percent in top tenth of high school graduating class', 2: ''}, {0: 'Percent in top', 1: 'quarter of high school graduating class', 2: ''}]]","<table> <tr> <td colspan=""2""> Assessment </td> <td> Percent </td> </tr> <tr> <td colspan=""2""> Percent in top tenth of high school graduating class </td> <td> </td> </tr> <tr> <td> Percent in top </td> <td> quarter of high school graduating class </td> <td> </td> </tr> </table>",193900,../data/cds-docs/2024-2025/193900.pdf,2024-2025
C,11,C11,"Percentage of all enrolled, degree-seeking, first-time, first-year students who had high school grade-","[[{0: 'Score Range', 1: 'Percent\n(Students who\nsubmitted scores)', 2: 'Percent\n(Students who\ndid not submit\nscores)', 3: 'Percent (All\nenrolled\nstudents)'}, {0: 'Percent who had GPA of 4.0', 1: '', 2: '', 3: '18%'}, {0: 'Percent who had GPA between 3.75 and 3.99', 1: '', 2: '', 3: '54%'}, {0: 'Percent who had GPA between 3.50 and 3.74', 1: '', 2: '', 3: '22%'}, {0: 'Percent who had GPA between 3.25 and 3.49', 1: '', 2: '', 3: '5%'}, {0: 'Percent who had GPA between 3.00 and 3.24', 1: '', 2: '', 3: '1%'}, {0: 'Percent who had GPA between 2.50 and 2.99', 1: '', 2: '', 3: '0%'}, {0: 'Percent who had GPA between 2.0 and 2.49', 1: '', 2: '', 3: '0%'}, {0: 'Percent who had GPA between 1.0 and 1.99', 1: '', 2: '', 3: '0%'}, {0: 'Percent who had GPA below 1.0', 1: '', 2: '', 3: '0%'}, {0: 'Totals should = 100%', 1: '0.00%', 2: '0.00%', 3: '100.00%'}]]",<table> <tr> <td> Score Range </td> <td> Percent <br/> (Students who <br/> submitted scores) </td> <td> Percent <br/> (Students who <br/> did not submit <br/> scores) </td> <td> Percent (All <br/> enrolled <br/> students) </td> </tr> <tr> <td> Percent who had GPA of 4.0 </td> <td> </td> <td> </td> <td> 18% </td> </tr> <tr> <td> Percent who had GPA between 3.75 and 3.99 </td> <td> </td> <td> </td> <td> 54% </td> </tr> <tr> <td> Percent who had GPA between 3.50 and 3.74 </td> <td> </td> <td> </td> <td> 22% </td> </tr> <tr> <td> Percent who had GPA between 3.25 and 3.49 </td> <td> </td> <td> </td> <td> 5% </td> </tr> <tr> <td> Percent who had GPA between 3.00 and 3.24 </td> <td> </td> <td> </td> <td> 1% </td> </tr> <tr> <td> Percent who had GPA between 2.50 and 2.99 </td> <td> </td> <td> </td> <td> 0% </td> </tr> <tr> <td> Percent who had GPA between 2.0 and 2.49 </td> <td> </td> <td> </td> <td> 0% </td> </tr> <tr> <td> Percent who had GPA between 1.0 and 1.99 </td> <td> </td> <td> </td> <td> 0% </td> </tr> <tr> <td> Percent who had GPA below 1.0 </td> <td> </td> <td> </td> <td> 0% </td> </tr> <tr> <td> Totals should = 100% </td> <td> 0.00% </td> <td> 0.00% </td> <td> 100.00% </td> </tr> </table>,193900,../data/cds-docs/2024-2025/193900.pdf,2024-2025
C,14,C14,Application closing date,"[[{0: '', 1: 'Date'}, {0: 'Application closing date (fall)', 1: '1/5'}, {0: 'Priority Date', 1: ''}]]",<table> <tr> <td> </td> <td> Date </td> </tr> <tr> <td> Application closing date (fall) </td> <td> 1/5 </td> </tr> <tr> <td> Priority Date </td> <td> </td> </tr> </table>,193900,../data/cds-docs/2024-2025/193900.pdf,2024-2025
D,2,D2,"Provide the number of students who applied, were admitted, and enrolled as degree-seeking transfer","[[{0: 'Transfer Admission', 1: 'Applicants', 2: 'Admitted\nApplicants', 3: 'Enrolled\nApplicants'}, {0: 'Men', 1: '4,566', 2: '786', 3: '631'}, {0: 'Women', 1: '5,589', 2: '1,457', 3: '358'}, {0: 'Another Gender', 1: '0', 2: '0', 3: '0'}, {0: 'Unknown', 1: '0', 2: '0', 3: '0'}, {0: 'Total', 1: '10,155', 2: '2,243', 3: '989'}]]","<table> <tr> <td> Transfer Admission </td> <td> Applicants </td> <td> Admitted <br/> Applicants </td> <td> Enrolled <br/> Applicants </td> </tr> <tr> <td> Men </td> <td> 4,566 </td> <td> 786 </td> <td> 631 </td> </tr> <tr> <td> Women </td> <td> 5,589 </td> <td> 1,457 </td> <td> 358 </td> </tr> <tr> <td> Another Gender </td> <td> 0 </td> <td> 0 </td> <td> 0 </td> </tr> <tr> <td> Unknown </td> <td> 0 </td> <td> 0 </td> <td> 0 </td> </tr> <tr> <td> Total </td> <td> 10,155 </td> <td> 2,243 </td> <td> 989 </td> </tr> </table>",193900,../data/cds-docs/2024-2025/193900.pdf,2024-2025
D,9,D9,"List application priority, closing, notification, and candidate reply dates for transfer students. If applications","[[{0: 'Term', 1: 'Priority Date', 2: 'Closing Date', 3: 'Notification Date', 4: 'Reply Date', 5: 'Rolling\nAdmission'}, {0: 'Fall', 1: '', 2: '3/15', 3: 'May-June', 4: '', 5: ''}, {0: 'Winter', 1: '', 2: '', 3: '', 4: '', 5: ''}, {0: 'Spring', 1: '', 2: '10/15', 3: 'Nov-Jan', 4: '', 5: ''}, {0: 'Summer', 1: '', 2: '3/15', 3: 'May-June', 4: '', 5: ''}]]",<table> <tr> <td> Term </td> <td> Priority Date </td> <td> Closing Date </td> <td> Notification Date </td> <td> Reply Date </td> <td> Rolling <br/> Admission </td> </tr> <tr> <td> Fall </td> <td> </td> <td> 3/15 </td> <td> May-June </td> <td> </td> <td> </td> </tr> <tr> <td> Winter </td> <td> </td> <td> </td> <td> </td> <td> </td> <td> </td> </tr> <tr> <td> Spring </td> <td> </td> <td> 10/15 </td> <td> Nov-Jan </td> <td> </td> <td> </td> </tr> <tr> <td> Summer </td> <td> </td> <td> 3/15 </td> <td> May-June </td> <td> </td> <td> </td> </tr> </table>,193900,../data/cds-docs/2024-2025/193900.pdf,2024-2025
D,18,D18,Does your institution,"[[{0: '', 1: 'X'}, {0: 'X', 1: ''}, {0: '', 1: 'X'}]]",<table> <tr> <td> </td> <td> X </td> </tr> <tr> <td> X </td> <td> </td> </tr> <tr> <td> </td> <td> X </td> </tr> </table>,193900,../data/cds-docs/2024-2025/193900.pdf,2024-2025
F,1,F1,"Percentages of first-time, first-year degree-seeking students and degree-seeking undergraduates enrolled in Fall","[[{0: '', 1: 'First-time, first\ufffe\nyear students', 2: 'Undergraduates'}, {0: 'Percent who are from out of state (exclude\ninternational/nonresidents from the\nnumerator and denominator)', 1: '69%', 2: '66%'}, {0: 'Percent of men who join fraternities', 1: '1%', 2: '2%'}, {0: 'Percent of women who join sororities', 1: '5%', 2: '5%'}, {0: 'Percent who live in college-owned, -\noperated, or -affiliated housing', 1: '82%', 2: '38%'}, {0: 'Percent who live off campus or commute', 1: '18%', 2: '62%'}, {0: 'Percent of students age 25 and older', 1: '0%', 2: '4%'}, {0: 'Average age of full-time students', 1: '18', 2: '20'}, {0: 'Average age of all students (full- and part\ufffe\ntime)', 1: '18', 2: '20'}]]","<table> <tr> <td> </td> <td> First-time, first￾ <br/> year students </td> <td> Undergraduates </td> </tr> <tr> <td> Percent who are from out of state (exclude <br/> international/nonresidents from the <br/> numerator and denominator) </td> <td> 69% </td> <td> 66% </td> </tr> <tr> <td> Percent of men who join fraternities </td> <td> 1% </td> <td> 2% </td> </tr> <tr> <td> Percent of women who join sororities </td> <td> 5% </td> <td> 5% </td> </tr> <tr> <td> Percent who live in college-owned, - <br/> operated, or -affiliated housing </td> <td> 82% </td> <td> 38% </td> </tr> <tr> <td> Percent who live off campus or commute </td> <td> 18% </td> <td> 62% </td> </tr> <tr> <td> Percent of students age 25 and older </td> <td> 0% </td> <td> 4% </td> </tr> <tr> <td> Average age of full-time students </td> <td> 18 </td> <td> 20 </td> </tr> <tr> <td> Average age of all students (full- and part￾ <br/> time) </td> <td> 18 </td> <td> 20 </td> </tr> </table>",193900,../data/cds-docs/2024-2025/193900.pdf,2024-2025
F,3,F3,ROTC (program offered in cooperation with Reserve Officers' Training Corps),"[[{0: 'Programs', 1: 'Marine Option\n(for Naval ROTC)', 2: 'On Campus', 3: 'At Cooperating\nInstitution', 4: 'Name of\nCooperating\nInstitution'}, {0: 'Army ROTC is offered:', 1: '', 2: '', 3: 'X', 4: 'Fordham\nUniversity'}, {0: 'Naval ROTC is offered:', 1: '', 2: '', 3: '', 4: ''}, {0: 'Air Force ROTC is offered:', 1: '', 2: '', 3: 'X', 4: 'Manhattan\nCollege'}]]",<table> <tr> <td> Programs </td> <td> Marine Option <br/> (for Naval ROTC) </td> <td> On Campus </td> <td> At Cooperating <br/> Institution </td> <td> Name of <br/> Cooperating <br/> Institution </td> </tr> <tr> <td> Army ROTC is offered: </td> <td> </td> <td> </td> <td> X </td> <td> Fordham <br/> University </td> </tr> <tr> <td> Naval ROTC is offered: </td> <td> </td> <td> </td> <td> </td> <td> </td> </tr> <tr> <td> Air Force ROTC is offered: </td> <td> </td> <td> </td> <td> X </td> <td> Manhattan <br/> College </td> </tr> </table>,193900,../data/cds-docs/2024-2025/193900.pdf,2024-2025
G,1,G1,"Undergraduate full-time tuition, required fees, food and housing","[[{0: 'PRIVATE INSTITUTIONS', 1: 'First-Year', 2: 'Undergraduates'}, {0: 'Tuition:', 1: '', 2: ''}], [{0: 'PUBLIC INSTITUTIONS', 1: 'First-Year', 2: 'Undergraduates'}, {0: 'Tuition: In-district', 1: '', 2: ''}, {0: 'Tuition: In-state (out-of-district):', 1: '', 2: ''}, {0: 'Tuition: Out-of-state:', 1: '', 2: ''}, {0: 'Tuition: Non-resident', 1: '', 2: ''}, {0: 'FOR ALL INSTITUTIONS', 1: 'First-Year', 2: 'Undergraduates'}, {0: 'Required Fees:', 1: '', 2: ''}, {0: 'Food and housing (on-campus):', 1: '', 2: ''}, {0: 'Housing Only (on-campus):', 1: '', 2: ''}, {0: 'Food Only (on-campus meal plan):', 1: '', 2: ''}]]","<table> <tr> <td> PRIVATE INSTITUTIONS </td> <td> First-Year </td> <td> Undergraduates </td> </tr> <tr> <td> Tuition: </td> <td> </td> <td> </td> </tr> </table><div class=""separator""></div><table> <tr> <td> PUBLIC INSTITUTIONS </td> <td> First-Year </td> <td> Undergraduates </td> </tr> <tr> <td> Tuition: In-district </td> <td> </td> <td> </td> </tr> <tr> <td> Tuition: In-state (out-of-district): </td> <td> </td> <td> </td> </tr> <tr> <td> Tuition: Out-of-state: </td> <td> </td> <td> </td> </tr> <tr> <td> Tuition: Non-resident </td> <td> </td> <td> </td> </tr> <tr> <td> FOR ALL INSTITUTIONS </td> <td> First-Year </td> <td> Undergraduates </td> </tr> <tr> <td> Required Fees: </td> <td> </td> <td> </td> </tr> <tr> <td> Food and housing (on-campus): </td> <td> </td> <td> </td> </tr> <tr> <td> Housing Only (on-campus): </td> <td> </td> <td> </td> </tr> <tr> <td> Food Only (on-campus meal plan): </td> <td> </td> <td> </td> </tr> </table>",193900,../data/cds-docs/2024-2025/193900.pdf,2024-2025
G,5,G5,Provide the estimated expenses for a typical full-time undergraduate student:,"[[{0: '', 1: 'Residents', 2: 'Commuters\n(living at home)', 3: 'Commuters\n(not living at home)'}, {0: 'Books and supplies:', 1: '', 2: '', 3: ''}, {0: 'Housing only:', 1: 'Not Applicable', 2: 'Not Applicable', 3: ''}, {0: 'Food only:', 1: 'Not Applicable', 2: '', 3: ''}, {0: 'Food and housing total*', 1: 'Not Applicable', 2: 'Not Applicable', 3: ''}, {0: 'Transportation:', 1: '', 2: '', 3: ''}, {0: 'Other expenses:', 1: '', 2: '', 3: ''}]]",<table> <tr> <td> </td> <td> Residents </td> <td> Commuters <br/> (living at home) </td> <td> Commuters <br/> (not living at home) </td> </tr> <tr> <td> Books and supplies: </td> <td> </td> <td> </td> <td> </td> </tr> <tr> <td> Housing only: </td> <td> Not Applicable </td> <td> Not Applicable </td> <td> </td> </tr> <tr> <td> Food only: </td> <td> Not Applicable </td> <td> </td> <td> </td> </tr> <tr> <td> Food and housing total* </td> <td> Not Applicable </td> <td> Not Applicable </td> <td> </td> </tr> <tr> <td> Transportation: </td> <td> </td> <td> </td> <td> </td> </tr> <tr> <td> Other expenses: </td> <td> </td> <td> </td> <td> </td> </tr> </table>,193900,../data/cds-docs/2024-2025/193900.pdf,2024-2025
J,1,J1,"Degrees conferred between July 1, 2023 and June 30, 2024","[[{0: 'Category', 1: 'Diploma/Certificates', 2: 'Associate', 3: 'Bachelor’s', 4: 'CIP 2020 Categories\nto Include'}, {0: 'Agriculture', 1: '', 2: '', 3: '', 4: '01'}, {0: 'Natural resources and conservation', 1: '', 2: '', 3: '', 4: '03'}, {0: 'Architecture', 1: '', 2: '', 3: '', 4: '04'}, {0: 'Area, ethnic, and gender studies', 1: '', 2: '', 3: '0.34%', 4: '05'}, {0: 'Communication/journalism', 1: '', 2: '', 3: '4.32%', 4: '09'}, {0: 'Communication technologies', 1: '', 2: '', 3: '0.06%', 4: '10'}, {0: 'Computer and information sciences', 1: '', 2: '1.21%', 3: '10.72%', 4: '11'}, {0: 'Personal and culinary services', 1: '', 2: '', 3: '', 4: '12'}, {0: 'Education', 1: '', 2: '', 3: '0.70%', 4: '13'}, {0: 'Engineering', 1: '', 2: '', 3: '3.83%', 4: '14'}, {0: 'Engineering technologies', 1: '', 2: '', 3: '0.75%', 4: '15'}, {0: 'Foreign languages, literatures, and linguistics', 1: '', 2: '', 3: '0.31%', 4: '16'}, {0: 'Family and consumer sciences', 1: '', 2: '', 3: '', 4: '19'}, {0: 'Law/legal studies', 1: '', 2: '', 3: '0.24%', 4: '22'}, {0: 'English', 1: '', 2: '', 3: '1.15%', 4: '23'}, {0: 'Liberal arts/general studies', 1: '', 2: '27.71%', 3: '7.46%', 4: '24'}, {0: 'Library science', 1: '', 2: '', 3: '', 4: '25'}, {0: 'Biological/life sciences', 1: '', 2: '', 3: '4.30%', 4: '26'}, {0: 'Mathematics and statistics', 1: '', 2: '', 3: '4.03%', 4: '27'}, {0: 'Military science and military technologies', 1: '', 2: '', 3: '', 4: '28 & 29'}, {0: 'Interdisciplinary studies', 1: '', 2: '', 3: '3.12%', 4: '30'}, {0: 'Parks and recreation', 1: '', 2: '', 3: '', 4: '31'}, {0: 'Philosophy and religious studies', 1: '', 2: '', 3: '0.65%', 4: '38'}, {0: 'Theology and religious vocations', 1: '', 2: '', 3: '', 4: '39'}, {0: 'Physical sciences', 1: '', 2: '', 3: '1.34%', 4: '40'}, {0: 'Science technologies', 1: '', 2: '', 3: '', 4: '41'}, {0: 'Psychology', 1: '', 2: '', 3: '5.95%', 4: '42'}, {0: 'Homeland Security, law enforcement, firefighting,\nand protective services', 1: '', 2: '', 3: '', 4: '43'}, {0: 'Public administration and social services', 1: '', 2: '', 3: '1.17%', 4: '44'}, {0: 'Social sciences', 1: '', 2: '', 3: '14.42%', 4: '45'}, {0: 'Construction trades', 1: '', 2: '', 3: '', 4: '46'}, {0: 'Mechanic and repair technologies', 1: '', 2: '', 3: '', 4: '47'}, {0: 'Precision production', 1: '', 2: '', 3: '', 4: '48'}, {0: 'Transportation and materials moving', 1: '', 2: '', 3: '', 4: '49'}, {0: 'Visual and performing arts', 1: '', 2: '', 3: '15.25%', 4: '50'}, {0: 'Health professions and related programs', 1: '', 2: '55.42%', 3: '5.77%', 4: '51'}, {0: 'Business/marketing', 1: '', 2: '15.66%', 3: '13.32%', 4: '52'}, {0: 'History', 1: '', 2: '', 3: '0.80%', 4: '54'}, {0: 'Other', 1: '', 2: '', 3: '', 4: ''}, {0: 'TOTAL (should = 100%)', 1: '0.00%', 2: '100.00%', 3: '100.00%', 4: ''}]]","<table> <tr> <td> Category </td> <td> Diploma/Certificates </td> <td> Associate </td> <td> Bachelor’s </td> <td> CIP 2020 Categories <br/> to Include </td> </tr> <tr> <td> Agriculture </td> <td> </td> <td> </td> <td> </td> <td> 01 </td> </tr> <tr> <td> Natural resources and conservation </td> <td> </td> <td> </td> <td> </td> <td> 03 </td> </tr> <tr> <td> Architecture </td> <td> </td> <td> </td> <td> </td> <td> 04 </td> </tr> <tr> <td> Area, ethnic, and gender studies </td> <td> </td> <td> </td> <td> 0.34% </td> <td> 05 </td> </tr> <tr> <td> Communication/journalism </td> <td> </td> <td> </td> <td> 4.32% </td> <td> 09 </td> </tr> <tr> <td> Communication technologies </td> <td> </td> <td> </td> <td> 0.06% </td> <td> 10 </td> </tr> <tr> <td> Computer and information sciences </td> <td> </td> <td> 1.21% </td> <td> 10.72% </td> <td> 11 </td> </tr> <tr> <td> Personal and culinary services </td> <td> </td> <td> </td> <td> </td> <td> 12 </td> </tr> <tr> <td> Education </td> <td> </td> <td> </td> <td> 0.70% </td> <td> 13 </td> </tr> <tr> <td> Engineering </td> <td> </td> <td> </td> <td> 3.83% </td> <td> 14 </td> </tr> <tr> <td> Engineering technologies </td> <td> </td> <td> </td> <td> 0.75% </td> <td> 15 </td> </tr> <tr> <td> Foreign languages, literatures, and linguistics </td> <td> </td> <td> </td> <td> 0.31% </td> <td> 16 </td> </tr> <tr> <td> Family and consumer sciences </td> <td> </td> <td> </td> <td> </td> <td> 19 </td> </tr> <tr> <td> Law/legal studies </td> <td> </td> <td> </td> <td> 0.24% </td> <td> 22 </td> </tr> <tr> <td> English </td> <td> </td> <td> </td> <td> 1.15% </td> <td> 23 </td> </tr> <tr> <td> Liberal arts/general studies </td> <td> </td> <td> 27.71% </td> <td> 7.46% </td> <td> 24 </td> </tr> <tr> <td> Library science </td> <td> </td> <td> </td> <td> </td> <td> 25 </td> </tr> <tr> <td> Biological/life sciences </td> <td> </td> <td> </td> <td> 4.30% </td> <td> 26 </td> </tr> <tr> <td> Mathematics and statistics </td> <td> </td> <td> </td> <td> 4.03% </td> <td> 27 </td> </tr> <tr> <td> Military science and military technologies </td> <td> </td> <td> </td> <td> </td> <td> 28 &amp; 29 </td> </tr> <tr> <td> Interdisciplinary studies </td> <td> </td> <td> </td> <td> 3.12% </td> <td> 30 </td> </tr> <tr> <td> Parks and recreation </td> <td> </td> <td> </td> <td> </td> <td> 31 </td> </tr> <tr> <td> Philosophy and religious studies </td> <td> </td> <td> </td> <td> 0.65% </td> <td> 38 </td> </tr> <tr> <td> Theology and religious vocations </td> <td> </td> <td> </td> <td> </td> <td> 39 </td> </tr> <tr> <td> Physical sciences </td> <td> </td> <td> </td> <td> 1.34% </td> <td> 40 </td> </tr> <tr> <td> Science technologies </td> <td> </td> <td> </td> <td> </td> <td> 41 </td> </tr> <tr> <td> Psychology </td> <td> </td> <td> </td> <td> 5.95% </td> <td> 42 </td> </tr> <tr> <td> Homeland Security, law enforcement, firefighting, <br/> and protective services </td> <td> </td> <td> </td> <td> </td> <td> 43 </td> </tr> <tr> <td> Public administration and social services </td> <td> </td> <td> </td> <td> 1.17% </td> <td> 44 </td> </tr> <tr> <td> Social sciences </td> <td> </td> <td> </td> <td> 14.42% </td> <td> 45 </td> </tr> <tr> <td> Construction trades </td> <td> </td> <td> </td> <td> </td> <td> 46 </td> </tr> <tr> <td> Mechanic and repair technologies </td> <td> </td> <td> </td> <td> </td> <td> 47 </td> </tr> <tr> <td> Precision production </td> <td> </td> <td> </td> <td> </td> <td> 48 </td> </tr> <tr> <td> Transportation and materials moving </td> <td> </td> <td> </td> <td> </td> <td> 49 </td> </tr> <tr> <td> Visual and performing arts </td> <td> </td> <td> </td> <td> 15.25% </td> <td> 50 </td> </tr> <tr> <td> Health professions and related programs </td> <td> </td> <td> 55.42% </td> <td> 5.77% </td> <td> 51 </td> </tr> <tr> <td> Business/marketing </td> <td> </td> <td> 15.66% </td> <td> 13.32% </td> <td> 52 </td> </tr> <tr> <td> History </td> <td> </td> <td> </td> <td> 0.80% </td> <td> 54 </td> </tr> <tr> <td> Other </td> <td> </td> <td> </td> <td> </td> <td> </td> </tr> <tr> <td> TOTAL (should = 100%) </td> <td> 0.00% </td> <td> 100.00% </td> <td> 100.00% </td> <td> </td> </tr> </table>",193900,../data/cds-docs/2024-2025/193900.pdf,2024-2025
B,1,B1,Institutional Enrollment,"[[{0: '', 1: 'Men', 2: 'Men', 3: 'Women', 4: 'Women', 5: 'Another Gender', 6: 'Another Gender'}, {0: '', 1: 'Enrollment Full Time', 2: 'Enrollment Part Time', 3: 'Enrollment Full Time', 4: 'Enrollment Part Time', 5: 'Enrollment Full Time', 6: 'Enrollment Part Time'}, {0: 'UNDERGRADUATE STUDENTS', 1: 'UNDERGRADUATE STUDENTS', 2: 'UNDERGRADUATE STUDENTS', 3: 'UNDERGRADUATE STUDENTS', 4: 'UNDERGRADUATE STUDENTS', 5: 'UNDERGRADUATE STUDENTS', 6: 'UNDERGRADUATE STUDENTS'}, {0: 'Degree-seeking, first-time, first-year\nstudents', 1: '2,442.0', 2: '10.0', 3: '3,356.0', 4: '6.0', 5: '4.0', 6: '0.0'}, {0: 'Other first-year, degree-seeking students', 1: '772.0', 2: '65.0', 3: '989.0', 4: '61.0', 5: '0.0', 6: '0.0'}, {0: 'All other degree-seeking undergraduate\nstudents', 1: '8,416.0', 2: '389.0', 3: '12,509.0', 4: '408.0', 5: '3.0', 6: '0.0'}, {0: 'Total degree-seeking undergraduate students', 1: '11,630.0', 2: '464.0', 3: '16,854.0', 4: '475.0', 5: '7.0', 6: '0.0'}, {0: 'All other undergraduates enrolled in credit\ncourses', 1: '74.0', 2: '54.0', 3: '127.0', 4: '75.0', 5: '0.0', 6: '0.0'}, {0: 'Total Undergraduate Students', 1: '11,704.0', 2: '518.0', 3: '16,981.0', 4: '550.0', 5: '7.0', 6: '0.0'}, {0: '', 1: '', 2: '', 3: 'degree-seeking', 4: '939.0', 5: '', 6: ''}, {0: '', 1: '', 2: '', 3: '', 4: '28,491.0', 5: '', 6: ''}, {0: '', 1: '', 2: '', 3: '', 4: '29,430.0', 5: '', 6: ''}, {0: '', 1: '', 2: '', 3: '', 4: '29,760.0', 5: '', 6: ''}], [{0: '', 1: 'Men', 2: 'Men', 3: 'Women', 4: 'Women', 5: 'Another Gender', 6: 'Another Gender'}, {0: '', 1: 'Enrollment Full Time', 2: 'Enrollment Part Time', 3: 'Enrollment Full Time', 4: 'Enrollment Part Time', 5: 'Enrollment Full Time', 6: 'Enrollment Part Time'}, {0: 'GRADUATE STUDENTS', 1: 'GRADUATE STUDENTS', 2: 'GRADUATE STUDENTS', 3: 'GRADUATE STUDENTS', 4: 'GRADUATE STUDENTS', 5: 'GRADUATE STUDENTS', 6: 'GRADUATE STUDENTS'}, {0: 'Degree-seeking, first-time', 1: '3,798.0', 2: '533.0', 3: '4,924.0', 4: '786.0', 5: '12.0', 6: '0.0'}, {0: 'All other degree-seeking', 1: '5,136.0', 2: '2,097.0', 3: '7,248.0', 4: '2,809.0', 5: '3.0', 6: '1.0'}]]","<table> <tr> <td> </td> <td colspan=""2""> Men </td> <td colspan=""2""> Women </td> <td colspan=""2""> Another Gender </td> </tr> <tr> <td> </td> <td> Enrollment Full Time </td> <td> Enrollment Part Time </td> <td> Enrollment Full Time </td> <td> Enrollment Part Time </td> <td> Enrollment Full Time </td> <td> Enrollment Part Time </td> </tr> <tr> <td colspan=""7""> UNDERGRADUATE STUDENTS </td> </tr> <tr> <td> Degree-seeking, first-time, first-year <br/> students </td> <td> 2,442.0 </td> <td> 10.0 </td> <td> 3,356.0 </td> <td> 6.0 </td> <td> 4.0 </td> <td> 0.0 </td> </tr> <tr> <td> Other first-year, degree-seeking students </td> <td> 772.0 </td> <td> 65.0 </td> <td> 989.0 </td> <td> 61.0 </td> <td> 0.0 </td> <td> 0.0 </td> </tr> <tr> <td> All other degree-seeking undergraduate <br/> students </td> <td> 8,416.0 </td> <td> 389.0 </td> <td> 12,509.0 </td> <td> 408.0 </td> <td> 3.0 </td> <td> 0.0 </td> </tr> <tr> <td> Total degree-seeking undergraduate students </td> <td> 11,630.0 </td> <td> 464.0 </td> <td> 16,854.0 </td> <td> 475.0 </td> <td> 7.0 </td> <td> 0.0 </td> </tr> <tr> <td> All other undergraduates enrolled in credit <br/> courses </td> <td> 74.0 </td> <td> 54.0 </td> <td> 127.0 </td> <td> 75.0 </td> <td> 0.0 </td> <td> 0.0 </td> </tr> <tr> <td> Total Undergraduate Students </td> <td> 11,704.0 </td> <td> 518.0 </td> <td> 16,981.0 </td> <td> 550.0 </td> <td> 7.0 </td> <td> 0.0 </td> </tr> <tr> <td colspan=""3""> </td> <td> degree-seeking </td> <td> 939.0 </td> <td> </td> <td> </td> </tr> <tr> <td colspan=""4""> </td> <td> 28,491.0 </td> <td colspan=""2""> </td> </tr> <tr> <td colspan=""4""> </td> <td> 29,430.0 </td> <td colspan=""2""> </td> </tr> <tr> <td colspan=""4""> </td> <td> 29,760.0 </td> <td colspan=""2""> </td> </tr> </table><div class=""separator""></div><table> <tr> <td> </td> <td colspan=""2""> Men </td> <td colspan=""2""> Women </td> <td colspan=""2""> Another Gender </td> </tr> <tr> <td> </td> <td> Enrollment Full Time </td> <td> Enrollment Part Time </td> <td> Enrollment Full Time </td> <td> Enrollment Part Time </td> <td> Enrollment Full Time </td> <td> Enrollment Part Time </td> </tr> <tr> <td colspan=""7""> GRADUATE STUDENTS </td> </tr> <tr> <td> Degree-seeking, first-time </td> <td> 3,798.0 </td> <td> 533.0 </td> <td> 4,924.0 </td> <td> 786.0 </td> <td> 12.0 </td> <td> 0.0 </td> </tr> <tr> <td> All other degree-seeking </td> <td> 5,136.0 </td> <td> 2,097.0 </td> <td> 7,248.0 </td> <td> 2,809.0 </td> <td> 3.0 </td> <td> 1.0 </td> </tr> </table>",193900,../data/cds-docs/2023-2024/193900.pdf,2023-2024
B,4,B4,- B21. Graduation Rates,"[[{0: '', 1: '2017 COHORT (AY - 7)', 2: '2017 COHORT (AY - 7)', 3: '2017 COHORT (AY - 7)', 4: '2017 COHORT (AY - 7)'}, {0: '2017 cohort if available. If Fall 2017 cohort data are not available,\nprovide data for the Fall 2016 cohort.', 1: 'Recipients\nof a Federal\nPell Grant', 2: 'Recipients of\na Subsidized\nStafford\nreceive Loan, did Grant not who a Pell', 3: 'Students\nwho receive did not\neither a Pell\nsubsidized Grant or a\nStafford\nLoan', 4: 'Total'}, {0: ""A. Initial 2017 cohort of first-time, full-time, bachelor's (or equivalent)\ndegree-seeking undergraduate students"", 1: '1,177.0', 2: '870.0', 3: '3,942.0', 4: '5,989.0'}, {0: 'B. Of the Initial 2017 cohort, how many did not persist and did not\ngraduate for any of the following reasons: (report total allowable\nexclusions)\n- Deceased\n- Armed Forces\n- Official church mission\n- Permanently Disabled\n- Foreign Aid Service of the Federal Government', 1: '4.0', 2: '1.0', 3: '29.0', 4: '34.0'}, {0: 'C. Final 2017 cohort, after adjusting for allowable exclusions', 1: '1,173.0', 2: '869.0', 3: '3,913.0', 4: '5,955.0'}, {0: 'D. Of the initial 2017 cohort, how many completed the program in four\nyears or less (by Aug. 31, 2021)?', 1: '871.0', 2: '671.0', 3: '2,972.0', 4: '4,514.0'}, {0: 'E. Of the initial 2017 cohort, how many completed the program in\nmore than four years but in five years or less (after Aug. 31, 2021 and\nby Aug. 31, 2022)?', 1: '121.0', 2: '76.0', 3: '426.0', 4: '623.0'}]]","<table> <tr> <td> </td> <td colspan=""4""> 2017 COHORT (AY - 7) </td> </tr> <tr> <td> 2017 cohort if available. If Fall 2017 cohort data are not available, <br/> provide data for the Fall 2016 cohort. </td> <td> Recipients <br/> of a Federal <br/> Pell Grant </td> <td> Recipients of <br/> a Subsidized <br/> Stafford <br/> receive Loan, did Grant not who a Pell </td> <td> Students <br/> who receive did not <br/> either a Pell <br/> subsidized Grant or a <br/> Stafford <br/> Loan </td> <td> Total </td> </tr> <tr> <td> A. Initial 2017 cohort of first-time, full-time, bachelor's (or equivalent) <br/> degree-seeking undergraduate students </td> <td> 1,177.0 </td> <td> 870.0 </td> <td> 3,942.0 </td> <td> 5,989.0 </td> </tr> <tr> <td> B. Of the Initial 2017 cohort, how many did not persist and did not <br/> graduate for any of the following reasons: (report total allowable <br/> exclusions) <br/> - Deceased <br/> - Armed Forces <br/> - Official church mission <br/> - Permanently Disabled <br/> - Foreign Aid Service of the Federal Government </td> <td> 4.0 </td> <td> 1.0 </td> <td> 29.0 </td> <td> 34.0 </td> </tr> <tr> <td> C. Final 2017 cohort, after adjusting for allowable exclusions </td> <td> 1,173.0 </td> <td> 869.0 </td> <td> 3,913.0 </td> <td> 5,955.0 </td> </tr> <tr> <td> D. Of the initial 2017 cohort, how many completed the program in four <br/> years or less (by Aug. 31, 2021)? </td> <td> 871.0 </td> <td> 671.0 </td> <td> 2,972.0 </td> <td> 4,514.0 </td> </tr> <tr> <td> E. Of the initial 2017 cohort, how many completed the program in <br/> more than four years but in five years or less (after Aug. 31, 2021 and <br/> by Aug. 31, 2022)? </td> <td> 121.0 </td> <td> 76.0 </td> <td> 426.0 </td> <td> 623.0 </td> </tr> </table>",193900,../data/cds-docs/2023-2024/193900.pdf,2023-2024
C,1,C1,"Applications: First-time, First-year Students","[[{0: '', 1: 'In-State', 2: 'Out-of-State', 3: 'International', 4: 'Total'}, {0: 'Total first-time, first-year (degree seeking) who applied', 1: '', 2: '', 3: '', 4: '0.0'}, {0: 'Total first-time, first-year (degree seeking) who were admitted', 1: '', 2: '', 3: '', 4: '0.0'}, {0: 'Total first-time, first-year (degree seeking) enrolled', 1: '', 2: '', 3: '', 4: '0.0'}]]","<table> <tr> <td> </td> <td> In-State </td> <td> Out-of-State </td> <td> International </td> <td> Total </td> </tr> <tr> <td> Total first-time, first-year (degree seeking) who applied </td> <td> </td> <td> </td> <td> </td> <td> 0.0 </td> </tr> <tr> <td> Total first-time, first-year (degree seeking) who were admitted </td> <td> </td> <td> </td> <td> </td> <td> 0.0 </td> </tr> <tr> <td> Total first-time, first-year (degree seeking) enrolled </td> <td> </td> <td> </td> <td> </td> <td> 0.0 </td> </tr> </table>",193900,../data/cds-docs/2023-2024/193900.pdf,2023-2024
C,5,C5,Admission Requirements: High School Units Required/Recommended,"[[{0: '', 1: 'Required Units', 2: 'Recommended Units'}, {0: 'Total Academic Units', 1: '16.0', 2: '20.0'}, {0: 'English', 1: '4.0', 2: '4.0'}, {0: 'Mathematics', 1: '3.0', 2: '4.0'}, {0: 'Science', 1: '3.0', 2: '4.0'}, {0: 'of Science Units, how many units must be lab', 1: '3.0', 2: '4.0'}, {0: 'Foreign language', 1: '3.0', 2: '4.0'}, {0: 'Social Studies', 1: '3.0', 2: '4.0'}, {0: 'History', 1: '', 2: ''}, {0: 'Computer Science', 1: '', 2: ''}, {0: 'Visual/Performing Arts', 1: '', 2: ''}, {0: 'Academic Electives', 1: '', 2: ''}]]","<table> <tr> <td> </td> <td> Required Units </td> <td> Recommended Units </td> </tr> <tr> <td> Total Academic Units </td> <td> 16.0 </td> <td> 20.0 </td> </tr> <tr> <td> English </td> <td> 4.0 </td> <td> 4.0 </td> </tr> <tr> <td> Mathematics </td> <td> 3.0 </td> <td> 4.0 </td> </tr> <tr> <td> Science </td> <td> 3.0 </td> <td> 4.0 </td> </tr> <tr> <td> of Science Units, how many units must be lab </td> <td> 3.0 </td> <td> 4.0 </td> </tr> <tr> <td> Foreign language </td> <td> 3.0 </td> <td> 4.0 </td> </tr> <tr> <td> Social Studies </td> <td> 3.0 </td> <td> 4.0 </td> </tr> <tr> <td> History </td> <td> </td> <td> </td> </tr> <tr> <td> Computer Science </td> <td> </td> <td> </td> </tr> <tr> <td> Visual/Performing Arts </td> <td> </td> <td> </td> </tr> <tr> <td> Academic Electives </td> <td> </td> <td> </td> </tr> </table>",193900,../data/cds-docs/2023-2024/193900.pdf,2023-2024
C,9,C9,"First-time, first-year profile: National standardized test scores (SAT/ACT)","[[{0: '27%', 1: '1,579'}, {0: '12%', 1: '690'}], [{0: '1480', 1: '1520', 2: '1550'}, {0: '720', 1: '750', 2: '770'}, {0: '760', 1: '780', 2: '800'}, {0: '33', 1: '34', 2: '35'}]]","<table> <tr> <td> 27% </td> <td> 1,579 </td> </tr> <tr> <td> 12% </td> <td> 690 </td> </tr> </table><div class=""separator""></div><table> <tr> <td> 1480 </td> <td> 1520 </td> <td> 1550 </td> </tr> <tr> <td> 720 </td> <td> 750 </td> <td> 770 </td> </tr> <tr> <td> 760 </td> <td> 780 </td> <td> 800 </td> </tr> <tr> <td> 33 </td> <td> 34 </td> <td> 35 </td> </tr> </table>",193900,../data/cds-docs/2023-2024/193900.pdf,2023-2024
C,11,C11,High School Grade Point Ranges,"[[{0: '', 1: '', 2: '23.1%'}, {0: '', 1: '', 2: '47.6%'}, {0: '', 1: '', 2: '22.9%'}, {0: '', 1: '', 2: '5.2%'}, {0: '', 1: '', 2: '1.0%'}, {0: '', 1: '', 2: '0.2%'}, {0: '', 1: '', 2: '0.0%'}, {0: '0.0%', 1: '0.0%', 2: '100.0%'}]]",<table> <tr> <td> </td> <td> </td> <td> 23.1% </td> </tr> <tr> <td> </td> <td> </td> <td> 47.6% </td> </tr> <tr> <td> </td> <td> </td> <td> 22.9% </td> </tr> <tr> <td> </td> <td> </td> <td> 5.2% </td> </tr> <tr> <td> </td> <td> </td> <td> 1.0% </td> </tr> <tr> <td> </td> <td> </td> <td> 0.2% </td> </tr> <tr> <td> </td> <td> </td> <td> 0.0% </td> </tr> <tr> <td> 0.0% </td> <td> 0.0% </td> <td> 100.0% </td> </tr> </table>,193900,../data/cds-docs/2023-2024/193900.pdf,2023-2024
F,1,F1,"First-time, first-year degree-seeking students and undergraduates enrolled","[[{0: 'First-time,\nFirst-year Students', 1: 'Undergraduates'}, {0: '72.0%', 1: '67.0%'}, {0: '1.0%', 1: '2.0%'}, {0: '4.0%', 1: '4.0%'}, {0: '83.0%', 1: '36.0%'}, {0: '17.0%', 1: '64.0%'}, {0: '0.0%', 1: '3.0%'}, {0: '18', 1: '20'}, {0: '18', 1: '20'}]]","<table> <tr> <td> First-time, <br/> First-year Students </td> <td> Undergraduates </td> </tr> <tr> <td> 72.0% </td> <td> 67.0% </td> </tr> <tr> <td> 1.0% </td> <td> 2.0% </td> </tr> <tr> <td> 4.0% </td> <td> 4.0% </td> </tr> <tr> <td> 83.0% </td> <td> 36.0% </td> </tr> <tr> <td> 17.0% </td> <td> 64.0% </td> </tr> <tr> <td> 0.0% </td> <td> 3.0% </td> </tr> <tr> <td> 18 </td> <td> 20 </td> </tr> <tr> <td> 18 </td> <td> 20 </td> </tr> </table>",193900,../data/cds-docs/2023-2024/193900.pdf,2023-2024
G,5,G5,Estimated Expenses for Typical Full-Time Undergraduates,"[[{0: '$1,442.00 $1,442.00', 1: '$1,442.00 $1,442.00', 2: '$1,442.00'}, {0: '$6,450.00', 1: '$6,450.00', 2: '$17,080.00'}, {0: '$6,450.00', 1: '$6,450.00', 2: '$6,450.00'}, {0: '$6,450.00', 1: '$6,450.00', 2: '$23,530.00'}, {0: '$2,342.00', 1: '$1,188.00', 2: '$2,342.00'}, {0: '$1,952.00', 1: '$1,952.00', 2: '$1,952.00'}]]","<table> <tr> <td colspan=""2""> $1,442.00 $1,442.00 </td> <td> $1,442.00 </td> </tr> <tr> <td rowspan=""3""> $6,450.00 </td> <td rowspan=""3""> $6,450.00 </td> <td> $17,080.00 </td> </tr> <tr> <td> $6,450.00 </td> </tr> <tr> <td> $23,530.00 </td> </tr> <tr> <td> $2,342.00 </td> <td> $1,188.00 </td> <td> $2,342.00 </td> </tr> <tr> <td> $1,952.00 </td> <td> $1,952.00 </td> <td> $1,952.00 </td> </tr> </table>",193900,../data/cds-docs/2023-2024/193900.pdf,2023-2024
H,2,H2,Number of Enrolled Students Awarded Aid,"[[{0: '', 1: 'Full-Time, First-Time,\nFirst-Year', 2: 'Full-Time Undergrad.\n(Include Freshman)', 3: 'Less Than Full\ufffe\nTime Undergrad.'}, {0: 'A. Number of degree-seeking undergraduate\nstudents (CDS Item B1 if reporting on Fall 2023\ncohort)', 1: '5802', 2: '28491', 3: '939'}]]","<table> <tr> <td> </td> <td> Full-Time, First-Time, <br/> First-Year </td> <td> Full-Time Undergrad. <br/> (Include Freshman) </td> <td> Less Than Full￾ <br/> Time Undergrad. </td> </tr> <tr> <td> A. Number of degree-seeking undergraduate <br/> students (CDS Item B1 if reporting on Fall 2023 <br/> cohort) </td> <td> 5802 </td> <td> 28491 </td> <td> 939 </td> </tr> </table>",193900,../data/cds-docs/2023-2024/193900.pdf,2023-2024
I,1,I1,Instructional Faculty by Category,"[[{0: '', 1: 'Full-Time', 2: 'Part-Time'}, {0: 'A. Instructional faculty in preclinical and clinical medicine, faculty who are not paid\n(e.g., those who donate their services or are in the military), or research-only\nfaculty, post-doctoral fellows, or pre-doctoral fellows', 1: 'Exclude', 2: 'Include only if they teach\none or more non-clinical\ncredit courses'}, {0: 'B. Administrative officers with titles such as dean of students, librarian, registrar,\ncoach, and the like, even though they may devote part of their time to classroom\ninstruction and may have faculty status', 1: 'Exclude', 2: 'Include only if they teach\none or more non-clinical\ncredit courses'}, {0: 'C. Other administrators/staff who teach one or more non-clinical credit courses\neven though they do not have faculty status', 1: 'Exclude', 2: 'Include'}, {0: 'D. Undergraduate or graduate students who assist in the instruction of courses,\nbut have titles such as teaching assistant, teaching fellow, and the like', 1: 'Exclude', 2: 'Exclude'}, {0: 'E. Faculty on sabbatical or leave with pay', 1: 'Include', 2: 'Exclude'}, {0: 'F. Faculty on leave without pay', 1: 'Exclude', 2: 'Exclude'}, {0: 'G. Replacement faculty for faculty on sabbatical leave or leave with pay', 1: 'Exclude', 2: 'Include'}], [{0: '', 1: 'Full-Time', 2: 'Part-Time', 3: 'Total'}, {0: 'A. Total number of instructional faculty', 1: '3111', 2: '3620', 3: '6644'}, {0: 'B. Total number who are members of minority groups', 1: '763', 2: '890', 3: '1635'}, {0: 'C. Total number who are women', 1: '1443', 2: '1763', 3: '3144'}, {0: 'D. Total number who are men', 1: '1668', 2: '1857', 3: '3500'}, {0: 'E. Total number who are international (non-residents)', 1: '341', 2: '127', 3: '460'}, {0: 'F. Total number with docorate, or other terminal degrees', 1: '2881', 2: '2668', 3: '5549'}, {0: ""G. Total number whose highest degree is a master's degree but not a terminal\nmaster's"", 1: '79', 2: '219', 3: '298'}, {0: ""H. Total number whose highest degree is a bachelor's"", 1: '37', 2: '229', 3: '266'}]]","<table> <tr> <td> </td> <td> Full-Time </td> <td> Part-Time </td> </tr> <tr> <td> A. Instructional faculty in preclinical and clinical medicine, faculty who are not paid <br/> (e.g., those who donate their services or are in the military), or research-only <br/> faculty, post-doctoral fellows, or pre-doctoral fellows </td> <td> Exclude </td> <td> Include only if they teach <br/> one or more non-clinical <br/> credit courses </td> </tr> <tr> <td> B. Administrative officers with titles such as dean of students, librarian, registrar, <br/> coach, and the like, even though they may devote part of their time to classroom <br/> instruction and may have faculty status </td> <td> Exclude </td> <td> Include only if they teach <br/> one or more non-clinical <br/> credit courses </td> </tr> <tr> <td> C. Other administrators/staff who teach one or more non-clinical credit courses <br/> even though they do not have faculty status </td> <td> Exclude </td> <td> Include </td> </tr> <tr> <td> D. Undergraduate or graduate students who assist in the instruction of courses, <br/> but have titles such as teaching assistant, teaching fellow, and the like </td> <td> Exclude </td> <td> Exclude </td> </tr> <tr> <td> E. Faculty on sabbatical or leave with pay </td> <td> Include </td> <td> Exclude </td> </tr> <tr> <td> F. Faculty on leave without pay </td> <td> Exclude </td> <td> Exclude </td> </tr> <tr> <td> G. Replacement faculty for faculty on sabbatical leave or leave with pay </td> <td> Exclude </td> <td> Include </td> </tr> </table><div class=""separator""></div><table> <tr> <td> </td> <td> Full-Time </td> <td> Part-Time </td> <td> Total </td> </tr> <tr> <td> A. Total number of instructional faculty </td> <td> 3111 </td> <td> 3620 </td> <td> 6644 </td> </tr> <tr> <td> B. Total number who are members of minority groups </td> <td> 763 </td> <td> 890 </td> <td> 1635 </td> </tr> <tr> <td> C. Total number who are women </td> <td> 1443 </td> <td> 1763 </td> <td> 3144 </td> </tr> <tr> <td> D. Total number who are men </td> <td> 1668 </td> <td> 1857 </td> <td> 3500 </td> </tr> <tr> <td> E. Total number who are international (non-residents) </td> <td> 341 </td> <td> 127 </td> <td> 460 </td> </tr> <tr> <td> F. Total number with docorate, or other terminal degrees </td> <td> 2881 </td> <td> 2668 </td> <td> 5549 </td> </tr> <tr> <td> G. Total number whose highest degree is a master's degree but not a terminal <br/> master's </td> <td> 79 </td> <td> 219 </td> <td> 298 </td> </tr> <tr> <td> H. Total number whose highest degree is a bachelor's </td> <td> 37 </td> <td> 229 </td> <td> 266 </td> </tr> </table>",193900,../data/cds-docs/2023-2024/193900.pdf,2023-2024
B,1,B1,InstitutionalEnrollment-MenandWomen-FromFall2022EnrollmentWorkbook,"[[{0: '', 1: 'FULL-TIME', 2: 'FULL-TIME', 3: 'FULL-TIME', 4: 'PART-TIME', 5: 'PART-TIME', 6: 'PART-TIME'}, {0: '', 1: 'Men\nWomen Another Gender', 2: 'Men\nWomen Another Gender', 3: 'Men\nWomen Another Gender', 4: 'Men\nWomen Another Gender', 5: 'Men\nWomen Another Gender', 6: 'Men\nWomen Another Gender'}, {0: 'Undergraduates', 1: 'Undergraduates', 2: 'Undergraduates', 3: 'Undergraduates', 4: 'Undergraduates', 5: 'Undergraduates', 6: 'Undergraduates'}, {0: 'Degree-seeking, first-time, first-year', 1: '2,410', 2: '3,754', 3: '', 4: '9', 5: '11', 6: ''}, {0: 'Other first-year, degree-seeking', 1: '602', 2: '942', 3: '', 4: '34', 5: '50', 6: ''}, {0: 'All other degree-seeking', 1: '8,484', 2: '12,014', 3: '', 4: '385', 5: '441', 6: ''}, {0: 'Total degree-seeking', 1: '11,496', 2: '16,710', 3: '0', 4: '428', 5: '502', 6: '0'}, {0: 'All other undergraduates enrolled in', 1: '53', 2: '95', 3: '', 4: '42', 5: '75', 6: ''}, {0: 'Total undergraduates', 1: '11,549', 2: '16,805', 3: '0', 4: '470', 5: '577', 6: '0'}, {0: 'Graduate', 1: 'Graduate', 2: 'Graduate', 3: 'Graduate', 4: 'Graduate', 5: 'Graduate', 6: 'Graduate'}, {0: 'Degree-seeking, first-time', 1: '3,353', 2: '5,000', 3: '', 4: '506', 5: '779', 6: ''}, {0: 'All other degree-seeking', 1: '5,902', 2: '8,018', 3: '', 4: '2,585', 5: '3,375', 6: ''}, {0: 'All other graduates enrolled in credit', 1: '19', 2: '17', 3: '', 4: '69', 5: '88', 6: ''}, {0: 'Total graduate', 1: '9,274', 2: '13,035', 3: '0', 4: '3,160', 5: '4,242', 6: '0'}, {0: 'Total all students', 1: '20,823', 2: '29,840', 3: '0', 4: '3,630', 5: '4,819', 6: '0'}]]","<table> <tr> <td rowspan=""2""> </td> <td colspan=""3""> FULL-TIME </td> <td colspan=""3""> PART-TIME </td> </tr> <tr> <td colspan=""3""> Men <br/> Women Another Gender </td> <td colspan=""3""> Men <br/> Women Another Gender </td> </tr> <tr> <td colspan=""7""> Undergraduates </td> </tr> <tr> <td> Degree-seeking, first-time, first-year </td> <td> 2,410 </td> <td> 3,754 </td> <td> </td> <td> 9 </td> <td> 11 </td> <td> </td> </tr> <tr> <td> Other first-year, degree-seeking </td> <td> 602 </td> <td> 942 </td> <td> </td> <td> 34 </td> <td> 50 </td> <td> </td> </tr> <tr> <td> All other degree-seeking </td> <td> 8,484 </td> <td> 12,014 </td> <td> </td> <td> 385 </td> <td> 441 </td> <td> </td> </tr> <tr> <td> Total degree-seeking </td> <td> 11,496 </td> <td> 16,710 </td> <td> 0 </td> <td> 428 </td> <td> 502 </td> <td> 0 </td> </tr> <tr> <td> All other undergraduates enrolled in </td> <td> 53 </td> <td> 95 </td> <td> </td> <td> 42 </td> <td> 75 </td> <td> </td> </tr> <tr> <td> Total undergraduates </td> <td> 11,549 </td> <td> 16,805 </td> <td> 0 </td> <td> 470 </td> <td> 577 </td> <td> 0 </td> </tr> <tr> <td colspan=""7""> Graduate </td> </tr> <tr> <td> Degree-seeking, first-time </td> <td> 3,353 </td> <td> 5,000 </td> <td> </td> <td> 506 </td> <td> 779 </td> <td> </td> </tr> <tr> <td> All other degree-seeking </td> <td> 5,902 </td> <td> 8,018 </td> <td> </td> <td> 2,585 </td> <td> 3,375 </td> <td> </td> </tr> <tr> <td> All other graduates enrolled in credit </td> <td> 19 </td> <td> 17 </td> <td> </td> <td> 69 </td> <td> 88 </td> <td> </td> </tr> <tr> <td> Total graduate </td> <td> 9,274 </td> <td> 13,035 </td> <td> 0 </td> <td> 3,160 </td> <td> 4,242 </td> <td> 0 </td> </tr> <tr> <td> Total all students </td> <td> 20,823 </td> <td> 29,840 </td> <td> 0 </td> <td> 3,630 </td> <td> 4,819 </td> <td> 0 </td> </tr> </table>",193900,../data/cds-docs/2022-2023/193900.pdf,2022-2023
B,2,B2,EnrollmentbyRacial/EthnicCategory.-FromFall 2022EnrollmentWorkbook,"[[{0: '', 1: 'Degree-Seeking\nFirst-Time\nFirst Year', 2: 'Degree-Seeking\nUndergraduates\n(include first-time\nfirst-year)', 3: 'Total\nUndergraduates (both\ndegree & non-degree\ufffe\nseeking)'}, {0: 'Nonresidents', 1: '1,556', 2: '5,892', 3: '7,532'}, {0: 'Hispanic/Latino', 1: '1,000', 2: '3,827', 3: '4,838'}, {0: 'Black or African American, non-Hispanic', 1: '481', 2: '1,800', 3: '2,290'}, {0: 'White, non-Hispanic', 1: '1,311', 2: '5,050', 3: '6,404'}, {0: 'American Indian or Alaska Native, non-Hispanic', 1: '11', 2: '35', 3: '46'}, {0: 'Asian, non-Hispanic', 1: '1,314', 2: '4,562', 3: '5,889'}, {0: 'Native Hawaiian or other Pacific Islander, non-Hispanic', 1: '8', 2: '23', 3: '31'}, {0: 'Two or more races, non-Hispanic', 1: '275', 2: '850', 3: '1,134'}, {0: 'Race and/or ethnicity unknown', 1: '228', 2: '913', 3: '1,237'}, {0: 'TOTAL', 1: '6,184', 2: '22,952', 3: '29,401'}]]","<table> <tr> <td> </td> <td> Degree-Seeking <br/> First-Time <br/> First Year </td> <td> Degree-Seeking <br/> Undergraduates <br/> (include first-time <br/> first-year) </td> <td> Total <br/> Undergraduates (both <br/> degree &amp; non-degree￾ <br/> seeking) </td> </tr> <tr> <td> Nonresidents </td> <td> 1,556 </td> <td> 5,892 </td> <td> 7,532 </td> </tr> <tr> <td> Hispanic/Latino </td> <td> 1,000 </td> <td> 3,827 </td> <td> 4,838 </td> </tr> <tr> <td> Black or African American, non-Hispanic </td> <td> 481 </td> <td> 1,800 </td> <td> 2,290 </td> </tr> <tr> <td> White, non-Hispanic </td> <td> 1,311 </td> <td> 5,050 </td> <td> 6,404 </td> </tr> <tr> <td> American Indian or Alaska Native, non-Hispanic </td> <td> 11 </td> <td> 35 </td> <td> 46 </td> </tr> <tr> <td> Asian, non-Hispanic </td> <td> 1,314 </td> <td> 4,562 </td> <td> 5,889 </td> </tr> <tr> <td> Native Hawaiian or other Pacific Islander, non-Hispanic </td> <td> 8 </td> <td> 23 </td> <td> 31 </td> </tr> <tr> <td> Two or more races, non-Hispanic </td> <td> 275 </td> <td> 850 </td> <td> 1,134 </td> </tr> <tr> <td> Race and/or ethnicity unknown </td> <td> 228 </td> <td> 913 </td> <td> 1,237 </td> </tr> <tr> <td> TOTAL </td> <td> 6,184 </td> <td> 22,952 </td> <td> 29,401 </td> </tr> </table>",193900,../data/cds-docs/2022-2023/193900.pdf,2022-2023
B,11,B11,)intofourgroups:,"[[{0: '', 1: 'Recipients of a\nFederal Pell\nGrant', 2: 'Recipients of a\nSubsidized\nStafford Loan\nwho did not\nreceive a Pell\nGrant', 3: 'Students who did\nnot receive either\na Pell Grant or a\nsubsidized\nStafford Loan', 4: 'Total\n(sum of 3 columns to\nthe left)'}, {0: ""Initial 2016 cohort of first-time, full-time,\nbachelor's (or equivalent) degree\ufffe\nseeking undergraduate students"", 1: '1258', 2: '934', 3: '3882', 4: '6074'}, {0: 'Of the initial 2016 cohort, how many did\nnot persist and did not graduate for the\nfollowing reasons:\n• Deceased\n• Permanently Disabled\n• Armed Forces\n• Foreign Aid Service of the Federal\nGovernment\n• Official church missions\n• Report Total Allowable Exclusions', 1: '2', 2: '0', 3: '12', 4: '14'}, {0: 'Final 2016 cohort, after adjusting for\nallowable exclusions', 1: '1256', 2: '934', 3: '3870', 4: '6060'}, {0: 'Of the initial 2016 cohort, how many\ncompleted the program in four years or\nless (by Aug. 31, 2020)', 1: '946', 2: '765', 3: '3044', 4: '4755'}, {0: 'Of the initial 2016 cohort, how many\ncompleted the program in more than four\nyears but in five years or less (after Aug.\n31, 2020 and by Aug. 31, 2021)', 1: '110', 2: '45', 3: '265', 4: '420'}, {0: 'Of the initial 2016 cohort, how many\ncompleted the program in more than five\nyears but in six years or less (after Aug.\n31, 2021 and by Aug. 31, 2022)', 1: '21', 2: '11', 3: '72', 4: '104'}]]","<table> <tr> <td> </td> <td> Recipients of a <br/> Federal Pell <br/> Grant </td> <td> Recipients of a <br/> Subsidized <br/> Stafford Loan <br/> who did not <br/> receive a Pell <br/> Grant </td> <td> Students who did <br/> not receive either <br/> a Pell Grant or a <br/> subsidized <br/> Stafford Loan </td> <td> Total <br/> (sum of 3 columns to <br/> the left) </td> </tr> <tr> <td> Initial 2016 cohort of first-time, full-time, <br/> bachelor's (or equivalent) degree￾ <br/> seeking undergraduate students </td> <td> 1258 </td> <td> 934 </td> <td> 3882 </td> <td> 6074 </td> </tr> <tr> <td> Of the initial 2016 cohort, how many did <br/> not persist and did not graduate for the <br/> following reasons: <br/> • Deceased <br/> • Permanently Disabled <br/> • Armed Forces <br/> • Foreign Aid Service of the Federal <br/> Government <br/> • Official church missions <br/> • Report Total Allowable Exclusions </td> <td> 2 </td> <td> 0 </td> <td> 12 </td> <td> 14 </td> </tr> <tr> <td> Final 2016 cohort, after adjusting for <br/> allowable exclusions </td> <td> 1256 </td> <td> 934 </td> <td> 3870 </td> <td> 6060 </td> </tr> <tr> <td> Of the initial 2016 cohort, how many <br/> completed the program in four years or <br/> less (by Aug. 31, 2020) </td> <td> 946 </td> <td> 765 </td> <td> 3044 </td> <td> 4755 </td> </tr> <tr> <td> Of the initial 2016 cohort, how many <br/> completed the program in more than four <br/> years but in five years or less (after Aug. <br/> 31, 2020 and by Aug. 31, 2021) </td> <td> 110 </td> <td> 45 </td> <td> 265 </td> <td> 420 </td> </tr> <tr> <td> Of the initial 2016 cohort, how many <br/> completed the program in more than five <br/> years but in six years or less (after Aug. <br/> 31, 2021 and by Aug. 31, 2022) </td> <td> 21 </td> <td> 11 </td> <td> 72 </td> <td> 104 </td> </tr> </table>",193900,../data/cds-docs/2022-2023/193900.pdf,2022-2023
C,1,C1,"First-time,first-yearstudents:Providethenumberofdegree-seeking,first-time,first-yearstudentswhoapplied,","[[{0: 'Total first-time, first-year men who applied', 1: 'Total first-time, first-year men who applied', 2: '38,481'}, {0: 'Total first-time, first-year', 1: 'women who applied', 2: '62,181'}], [{0: 'Total first-time, first-year men who were admitted', 1: 'Total first-time, first-year men who were admitted', 2: '4,743'}, {0: 'Total first-time, first-year', 1: 'women who were admitted', 2: '7,796'}], [{0: 'Total full-time, first-time, first-year men who enrolled', 1: '2410'}, {0: 'Total part-time, first-time, first-year men who enrolled', 1: '9'}], [{0: 'Total full-time, first-time, first-year women who enrolled', 1: '3754'}, {0: 'Total part-time, first-time, first-year women who enrolled', 1: '11'}]]","<table> <tr> <td colspan=""2""> Total first-time, first-year men who applied </td> <td> 38,481 </td> </tr> <tr> <td> Total first-time, first-year </td> <td> women who applied </td> <td> 62,181 </td> </tr> </table><div class=""separator""></div><table> <tr> <td colspan=""2""> Total first-time, first-year men who were admitted </td> <td> 4,743 </td> </tr> <tr> <td> Total first-time, first-year </td> <td> women who were admitted </td> <td> 7,796 </td> </tr> </table><div class=""separator""></div><table> <tr> <td> Total full-time, first-time, first-year men who enrolled </td> <td> 2410 </td> </tr> <tr> <td> Total part-time, first-time, first-year men who enrolled </td> <td> 9 </td> </tr> </table><div class=""separator""></div><table> <tr> <td> Total full-time, first-time, first-year women who enrolled </td> <td> 3754 </td> </tr> <tr> <td> Total part-time, first-time, first-year women who enrolled </td> <td> 11 </td> </tr> </table>",193900,../data/cds-docs/2022-2023/193900.pdf,2022-2023
C,2,C2,"First-time,first-yearwait-listedstudents","[[{0: 'WAITING LIST', 1: 'WAITING LIST', 2: 'WAITING LIST', 3: 'TOTAL'}, {0: 'Number of qualified applicants offered a place on waiting list:', 1: 'Number of qualified applicants offered a place on waiting list:', 2: 'Number of qualified applicants offered a place on waiting list:', 3: ''}, {0: 'Number accepting a', 1: 'place on the waiting', 2: 'list:', 3: ''}, {0: 'Number of wait-listed students admitted:', 1: 'Number of wait-listed students admitted:', 2: '', 3: ''}]]","<table> <tr> <td colspan=""3""> WAITING LIST </td> <td> TOTAL </td> </tr> <tr> <td colspan=""3""> Number of qualified applicants offered a place on waiting list: </td> <td> </td> </tr> <tr> <td> Number accepting a </td> <td> place on the waiting </td> <td> list: </td> <td> </td> </tr> <tr> <td colspan=""2""> Number of wait-listed students admitted: </td> <td> </td> <td> </td> </tr> </table>",193900,../data/cds-docs/2022-2023/193900.pdf,2022-2023
C,7,C7,"Relativeimportanceofeachofthefollowingacademicandnonacademicfactorsinyourfirst-time,first-year,","[[{0: 'Very Important Important Considered Not Considered', 1: 'Very Important Important Considered Not Considered', 2: 'Very Important Important Considered Not Considered', 3: 'Very Important Important Considered Not Considered', 4: 'Very Important Important Considered Not Considered', 5: 'Very Important Important Considered Not Considered'}, {0: 'Academic', 1: 'Academic', 2: 'Academic', 3: 'Academic', 4: 'Academic', 5: 'Academic'}, {0: 'Rigor of secondary school record', 1: 'Rigor of secondary school record', 2: 'x', 3: '', 4: '', 5: ''}, {0: 'Class rank', 1: 'Class rank', 2: 'x', 3: '', 4: '', 5: ''}, {0: 'Academic GPA', 1: 'Academic GPA', 2: 'x', 3: '', 4: '', 5: ''}, {0: 'Standardized test scores', 1: 'Standardized test scores', 2: 'x', 3: '', 4: '', 5: ''}, {0: 'Application Essay', 1: 'Application Essay', 2: '', 3: 'x', 4: '', 5: ''}, {0: 'Recommendation(s)', 1: 'Recommendation(s)', 2: '', 3: 'x', 4: '', 5: ''}, {0: 'Nonacademic', 1: 'Nonacademic', 2: 'Nonacademic', 3: 'Nonacademic', 4: 'Nonacademic', 5: 'Nonacademic'}, {0: 'Interview', 1: 'Interview', 2: '', 3: '', 4: 'x', 5: ''}, {0: 'Extracurricular activities', 1: 'Extracurricular activities', 2: '', 3: 'x', 4: '', 5: ''}, {0: 'Talent/ability', 1: 'Talent/ability', 2: 'x', 3: '', 4: '', 5: ''}, {0: 'Character/personal', 1: 'qualities', 2: '', 3: 'x', 4: '', 5: ''}, {0: 'First generation', 1: 'First generation', 2: '', 3: '', 4: 'x', 5: ''}, {0: 'Alumni/ae relation', 1: 'Alumni/ae relation', 2: '', 3: '', 4: 'x', 5: ''}, {0: 'Geographical residence', 1: 'Geographical residence', 2: '', 3: '', 4: 'x', 5: ''}, {0: 'State residency', 1: 'State residency', 2: '', 3: '', 4: '', 5: 'x'}, {0: 'Religious affiliation/commitment', 1: 'Religious affiliation/commitment', 2: '', 3: '', 4: '', 5: 'x'}, {0: 'Racial/ethnic status', 1: 'Racial/ethnic status', 2: '', 3: '', 4: 'x', 5: ''}, {0: 'Volunteer work', 1: 'Volunteer work', 2: '', 3: '', 4: 'x', 5: ''}, {0: 'Work experience', 1: 'Work experience', 2: '', 3: '', 4: 'x', 5: ''}, {0: 'Level of applicant’s interest', 1: 'Level of applicant’s interest', 2: '', 3: '', 4: 'x', 5: ''}]]","<table> <tr> <td colspan=""6""> Very Important Important Considered Not Considered </td> </tr> <tr> <td colspan=""6""> Academic </td> </tr> <tr> <td colspan=""2""> Rigor of secondary school record </td> <td> x </td> <td> </td> <td> </td> <td> </td> </tr> <tr> <td colspan=""2""> Class rank </td> <td> x </td> <td> </td> <td> </td> <td> </td> </tr> <tr> <td colspan=""2""> Academic GPA </td> <td> x </td> <td> </td> <td> </td> <td> </td> </tr> <tr> <td colspan=""2""> Standardized test scores </td> <td> x </td> <td> </td> <td> </td> <td> </td> </tr> <tr> <td colspan=""2""> Application Essay </td> <td> </td> <td> x </td> <td> </td> <td> </td> </tr> <tr> <td colspan=""2""> Recommendation(s) </td> <td> </td> <td> x </td> <td> </td> <td> </td> </tr> <tr> <td colspan=""6""> Nonacademic </td> </tr> <tr> <td colspan=""2""> Interview </td> <td> </td> <td> </td> <td> x </td> <td> </td> </tr> <tr> <td colspan=""2""> Extracurricular activities </td> <td> </td> <td> x </td> <td> </td> <td> </td> </tr> <tr> <td colspan=""2""> Talent/ability </td> <td> x </td> <td> </td> <td> </td> <td> </td> </tr> <tr> <td> Character/personal </td> <td> qualities </td> <td> </td> <td> x </td> <td> </td> <td> </td> </tr> <tr> <td colspan=""2""> First generation </td> <td> </td> <td> </td> <td> x </td> <td> </td> </tr> <tr> <td colspan=""2""> Alumni/ae relation </td> <td> </td> <td> </td> <td> x </td> <td> </td> </tr> <tr> <td colspan=""2""> Geographical residence </td> <td> </td> <td> </td> <td> x </td> <td> </td> </tr> <tr> <td colspan=""2""> State residency </td> <td> </td> <td> </td> <td> </td> <td> x </td> </tr> <tr> <td colspan=""2""> Religious affiliation/commitment </td> <td> </td> <td> </td> <td> </td> <td> x </td> </tr> <tr> <td colspan=""2""> Racial/ethnic status </td> <td> </td> <td> </td> <td> x </td> <td> </td> </tr> <tr> <td colspan=""2""> Volunteer work </td> <td> </td> <td> </td> <td> x </td> <td> </td> </tr> <tr> <td colspan=""2""> Work experience </td> <td> </td> <td> </td> <td> x </td> <td> </td> </tr> <tr> <td colspan=""2""> Level of applicant’s interest </td> <td> </td> <td> </td> <td> x </td> <td> </td> </tr> </table>",193900,../data/cds-docs/2022-2023/193900.pdf,2022-2023
C,8,C8,:SATandACTPolicies,"[[{0: 'Yes', 1: 'No'}, {0: 'X', 1: ''}], [{0: '', 1: 'ADMISSION', 2: 'ADMISSION', 3: 'ADMISSION', 4: 'ADMISSION', 5: 'ADMISSION'}, {0: '', 1: 'Require', 2: 'Recommend', 3: 'Require for Some', 4: 'Consider if\nSubmitted', 5: 'Not\nConsidered'}, {0: 'SAT or ACT', 1: '', 2: 'X', 3: '', 4: '', 5: ''}, {0: 'ACT Only', 1: '', 2: '', 3: '', 4: 'X', 5: ''}, {0: 'SAT Only', 1: '', 2: '', 3: '', 4: 'X', 5: ''}]]","<table> <tr> <td> Yes </td> <td> No </td> </tr> <tr> <td> X </td> <td> </td> </tr> </table><div class=""separator""></div><table> <tr> <td rowspan=""2""> </td> <td colspan=""5""> ADMISSION </td> </tr> <tr> <td> Require </td> <td> Recommend </td> <td> Require for Some </td> <td> Consider if <br/> Submitted </td> <td> Not <br/> Considered </td> </tr> <tr> <td> SAT or ACT </td> <td> </td> <td> X </td> <td> </td> <td> </td> <td> </td> </tr> <tr> <td> ACT Only </td> <td> </td> <td> </td> <td> </td> <td> X </td> <td> </td> </tr> <tr> <td> SAT Only </td> <td> </td> <td> </td> <td> </td> <td> X </td> <td> </td> </tr> </table>",193900,../data/cds-docs/2022-2023/193900.pdf,2022-2023
C,9,C9,"Percentandnumberoffirst-time,first-yearstudentsenrolledinFall2022whosubmittednational","[[{0: '26%', 1: '1,627'}, {0: '11%', 1: '688'}]]","<table> <tr> <td> 26% </td> <td> 1,627 </td> </tr> <tr> <td> 11% </td> <td> 688 </td> </tr> </table>",193900,../data/cds-docs/2022-2023/193900.pdf,2022-2023
C,10,C10,"Percentofalldegree-seeking,first-time,first-yearstudentswhohadhighschoolclassrankwithineachof","[[{0: 'Assessment', 1: 'Assessment', 2: 'Percent'}, {0: 'Percent in top tenth of high school graduating class', 1: 'Percent in top tenth of high school graduating class', 2: ''}, {0: 'Percent in top', 1: 'quarter of high school graduating class', 2: ''}, {0: 'Percent in top', 1: 'half of high school graduating class', 2: ''}, {0: 'Percent in bottom half of high school graduating class', 1: 'Percent in bottom half of high school graduating class', 2: ''}, {0: 'Percent in bottom quarter of high school graduating class', 1: 'Percent in bottom quarter of high school graduating class', 2: ''}, {0: 'Percent of total first-time, first-year students who submitted high school class\nrank:', 1: 'Percent of total first-time, first-year students who submitted high school class\nrank:', 2: ''}]]","<table> <tr> <td colspan=""2""> Assessment </td> <td> Percent </td> </tr> <tr> <td colspan=""2""> Percent in top tenth of high school graduating class </td> <td> </td> </tr> <tr> <td> Percent in top </td> <td> quarter of high school graduating class </td> <td> </td> </tr> <tr> <td> Percent in top </td> <td> half of high school graduating class </td> <td> </td> </tr> <tr> <td colspan=""2""> Percent in bottom half of high school graduating class </td> <td> </td> </tr> <tr> <td colspan=""2""> Percent in bottom quarter of high school graduating class </td> <td> </td> </tr> <tr> <td colspan=""2""> Percent of total first-time, first-year students who submitted high school class <br/> rank: </td> <td> </td> </tr> </table>",193900,../data/cds-docs/2022-2023/193900.pdf,2022-2023
C,11,C11,"Percentageofallenrolled,degree-seeking,first-time,first-yearstudentswhohadhighschoolgrade-point","[[{0: 'Score Range', 1: 'Percent'}, {0: 'Percent who had GPA of 4.0', 1: '23.20%'}, {0: 'Percent who had GPA between 3.75 and 3.99', 1: '44.40%'}, {0: 'Percent who had GPA between 3.50 and 3.74', 1: '5.30%'}, {0: 'Percent who had GPA between 3.25 and 3.49', 1: '25.50%'}, {0: 'Percent who had GPA between 3.00 and 3.24', 1: '1.20%'}, {0: 'Percent who had GPA between 2.50 and 2.99', 1: '0.40%'}, {0: 'Percent who had GPA between 2.0 and 2.49', 1: ''}, {0: 'Percent who had GPA between 1.0 and 1.99', 1: ''}, {0: 'Percent who had GPA below 1.0', 1: ''}, {0: 'Totals should = 100%', 1: '100.00%'}]]",<table> <tr> <td> Score Range </td> <td> Percent </td> </tr> <tr> <td> Percent who had GPA of 4.0 </td> <td> 23.20% </td> </tr> <tr> <td> Percent who had GPA between 3.75 and 3.99 </td> <td> 44.40% </td> </tr> <tr> <td> Percent who had GPA between 3.50 and 3.74 </td> <td> 5.30% </td> </tr> <tr> <td> Percent who had GPA between 3.25 and 3.49 </td> <td> 25.50% </td> </tr> <tr> <td> Percent who had GPA between 3.00 and 3.24 </td> <td> 1.20% </td> </tr> <tr> <td> Percent who had GPA between 2.50 and 2.99 </td> <td> 0.40% </td> </tr> <tr> <td> Percent who had GPA between 2.0 and 2.49 </td> <td> </td> </tr> <tr> <td> Percent who had GPA between 1.0 and 1.99 </td> <td> </td> </tr> <tr> <td> Percent who had GPA below 1.0 </td> <td> </td> </tr> <tr> <td> Totals should = 100% </td> <td> 100.00% </td> </tr> </table>,193900,../data/cds-docs/2022-2023/193900.pdf,2022-2023
C,14,C14,Applicationclosingdate,"[[{0: '', 1: 'Date'}, {0: 'Application closing date (fall)', 1: ''}, {0: 'Priority Date', 1: ''}]]",<table> <tr> <td> </td> <td> Date </td> </tr> <tr> <td> Application closing date (fall) </td> <td> </td> </tr> <tr> <td> Priority Date </td> <td> </td> </tr> </table>,193900,../data/cds-docs/2022-2023/193900.pdf,2022-2023
D,2,D2,"Providethenumberofstudentswhoapplied,wereadmitted,andenrolledasdegree-seekingtransfer","[[{0: '', 1: 'Applicants', 2: 'Admitted', 3: 'Enrolled'}, {0: 'Men', 1: '3,396', 2: '532', 3: '248'}, {0: 'Women', 1: '4,965', 2: '1,180', 3: '550'}, {0: 'Another Gender', 1: '', 2: '', 3: ''}, {0: 'Total', 1: '8,361', 2: '1,712', 3: '798'}]]","<table> <tr> <td> </td> <td> Applicants </td> <td> Admitted </td> <td> Enrolled </td> </tr> <tr> <td> Men </td> <td> 3,396 </td> <td> 532 </td> <td> 248 </td> </tr> <tr> <td> Women </td> <td> 4,965 </td> <td> 1,180 </td> <td> 550 </td> </tr> <tr> <td> Another Gender </td> <td> </td> <td> </td> <td> </td> </tr> <tr> <td> Total </td> <td> 8,361 </td> <td> 1,712 </td> <td> 798 </td> </tr> </table>",193900,../data/cds-docs/2022-2023/193900.pdf,2022-2023
D,5,D5,Indicateallitemsrequiredoftransferstudentstoapplyforadmission:,"[[{0: '', 1: '', 2: '', 3: 'Required of All', 4: 'Recommended\nof All', 5: 'Recommended\nof Some', 6: 'Required of Some', 7: 'Not Required'}, {0: 'High school transcript', 1: 'High school transcript', 2: '', 3: 'X', 4: '', 5: '', 6: '', 7: ''}, {0: 'College transcript(s)', 1: 'College transcript(s)', 2: '', 3: 'X', 4: '', 5: '', 6: '', 7: ''}, {0: 'Essay', 1: 'or personal', 2: 'or personal', 3: 'X', 4: '', 5: '', 6: '', 7: ''}, {0: 'Interview', 1: 'Interview', 2: 'Interview', 3: '', 4: '', 5: '', 6: '', 7: 'X'}, {0: 'Standardized test scores', 1: 'Standardized test scores', 2: 'Standardized test scores', 3: '', 4: '', 5: '', 6: 'X', 7: ''}, {0: 'Statement of good\nstanding from prior', 1: 'Statement of good\nstanding from prior', 2: 'Statement of good\nstanding from prior', 3: 'X', 4: '', 5: '', 6: '', 7: ''}]]","<table> <tr> <td colspan=""3""> </td> <td> Required of All </td> <td> Recommended <br/> of All </td> <td> Recommended <br/> of Some </td> <td> Required of Some </td> <td> Not Required </td> </tr> <tr> <td colspan=""2""> High school transcript </td> <td> </td> <td> X </td> <td> </td> <td> </td> <td> </td> <td> </td> </tr> <tr> <td colspan=""2""> College transcript(s) </td> <td> </td> <td> X </td> <td> </td> <td> </td> <td> </td> <td> </td> </tr> <tr> <td> Essay </td> <td colspan=""2""> or personal </td> <td> X </td> <td> </td> <td> </td> <td> </td> <td> </td> </tr> <tr> <td colspan=""3""> Interview </td> <td> </td> <td> </td> <td> </td> <td> </td> <td> X </td> </tr> <tr> <td colspan=""3""> Standardized test scores </td> <td> </td> <td> </td> <td> </td> <td> X </td> <td> </td> </tr> <tr> <td colspan=""3""> Statement of good <br/> standing from prior </td> <td> X </td> <td> </td> <td> </td> <td> </td> <td> </td> </tr> </table>",193900,../data/cds-docs/2022-2023/193900.pdf,2022-2023
D,9,D9,"Listapplicationpriority,closing,notification,andcandidatereplydatesfortransferstudents.If","[[{0: '', 1: 'Priority Date', 2: 'Closing Date', 3: 'Notification Date', 4: 'Reply Date', 5: 'Rolling\nAdmission'}, {0: 'Fall', 1: '', 2: '4/1', 3: 'May-June', 4: '', 5: ''}, {0: 'Winter', 1: '', 2: '', 3: '', 4: '', 5: ''}, {0: 'Spring', 1: '', 2: '11/1', 3: 'Nov-Jan', 4: '', 5: ''}, {0: 'Summer', 1: '', 2: '4/1', 3: 'May-June', 4: '', 5: ''}]]",<table> <tr> <td> </td> <td> Priority Date </td> <td> Closing Date </td> <td> Notification Date </td> <td> Reply Date </td> <td> Rolling <br/> Admission </td> </tr> <tr> <td> Fall </td> <td> </td> <td> 4/1 </td> <td> May-June </td> <td> </td> <td> </td> </tr> <tr> <td> Winter </td> <td> </td> <td> </td> <td> </td> <td> </td> <td> </td> </tr> <tr> <td> Spring </td> <td> </td> <td> 11/1 </td> <td> Nov-Jan </td> <td> </td> <td> </td> </tr> <tr> <td> Summer </td> <td> </td> <td> 4/1 </td> <td> May-June </td> <td> </td> <td> </td> </tr> </table>,193900,../data/cds-docs/2022-2023/193900.pdf,2022-2023
F,1,F1,"Percentagesoffirst-time,first-yeardegree-seekingstudentsanddegree-seeking","[[{0: '', 1: 'First-time, first\ufffe\nyear students', 2: 'Undergraduat\nes'}, {0: 'Percent who are from out of state (exclude\ninternational/nonresidents from the numerator and\ndenominator)', 1: '72%', 2: '67%'}, {0: 'Percent of men who join fraternities', 1: '0%', 2: '2%'}, {0: 'Percent of women who join sororities', 1: '3%', 2: '4%'}, {0: 'Percent who live in college-owned, -operated, or -\naffiliated housing', 1: '83%', 2: '36%'}, {0: 'Percent who live off campus or commute', 1: '17%', 2: '64%'}, {0: 'Percent of students age 25 and older', 1: '0%', 2: '3%'}, {0: 'Average age of full-time students', 1: '18', 2: '20'}, {0: 'Average age of all students (full- and part-time)', 1: '18', 2: '20'}]]","<table> <tr> <td> </td> <td> First-time, first￾ <br/> year students </td> <td> Undergraduat <br/> es </td> </tr> <tr> <td> Percent who are from out of state (exclude <br/> international/nonresidents from the numerator and <br/> denominator) </td> <td> 72% </td> <td> 67% </td> </tr> <tr> <td> Percent of men who join fraternities </td> <td> 0% </td> <td> 2% </td> </tr> <tr> <td> Percent of women who join sororities </td> <td> 3% </td> <td> 4% </td> </tr> <tr> <td> Percent who live in college-owned, -operated, or - <br/> affiliated housing </td> <td> 83% </td> <td> 36% </td> </tr> <tr> <td> Percent who live off campus or commute </td> <td> 17% </td> <td> 64% </td> </tr> <tr> <td> Percent of students age 25 and older </td> <td> 0% </td> <td> 3% </td> </tr> <tr> <td> Average age of full-time students </td> <td> 18 </td> <td> 20 </td> </tr> <tr> <td> Average age of all students (full- and part-time) </td> <td> 18 </td> <td> 20 </td> </tr> </table>",193900,../data/cds-docs/2022-2023/193900.pdf,2022-2023
F,3,F3,ROTC(programofferedincooperationwithReserveOfficers'TrainingCorps),"[[{0: '', 1: 'Marine Option\n(for Naval ROTC)', 2: 'On Campus', 3: 'At Cooperating\nInstitution', 4: 'Name of Cooperating\nInstitution'}, {0: 'Army ROTC is offered:', 1: '', 2: '', 3: 'x', 4: 'Fordham University'}, {0: 'Naval ROTC is offered:', 1: '', 2: '', 3: '', 4: ''}, {0: 'Air Force ROTC is offered:', 1: '', 2: '', 3: 'x', 4: 'Manhattan College'}]]",<table> <tr> <td> </td> <td> Marine Option <br/> (for Naval ROTC) </td> <td> On Campus </td> <td> At Cooperating <br/> Institution </td> <td> Name of Cooperating <br/> Institution </td> </tr> <tr> <td> Army ROTC is offered: </td> <td> </td> <td> </td> <td> x </td> <td> Fordham University </td> </tr> <tr> <td> Naval ROTC is offered: </td> <td> </td> <td> </td> <td> </td> <td> </td> </tr> <tr> <td> Air Force ROTC is offered: </td> <td> </td> <td> </td> <td> x </td> <td> Manhattan College </td> </tr> </table>,193900,../data/cds-docs/2022-2023/193900.pdf,2022-2023
G,1,G1,"Undergraduatefull-timetuition,requiredfees,roomandboard","[[{0: '', 1: 'First-Year', 2: 'Undergraduates'}, {0: 'PRIVATE INSTITUTIONS', 1: '', 2: ''}, {0: 'Tuition:', 1: '', 2: ''}, {0: 'PUBLIC INSTITUTIONS', 1: '', 2: ''}, {0: 'Tuition: In-district', 1: '', 2: ''}, {0: 'Tuition: In-state (out-of-district):', 1: '', 2: ''}, {0: 'Tuition: Out-of-state:', 1: '', 2: ''}, {0: 'Tuition: Non-resident', 1: '', 2: ''}, {0: 'FOR ALL INSTITUTIONS', 1: 'FOR ALL INSTITUTIONS', 2: 'FOR ALL INSTITUTIONS'}, {0: 'Required Fees', 1: '', 2: ''}, {0: 'Room and Board (on-campus):', 1: '', 2: ''}, {0: 'Room Only (on-campus):', 1: '', 2: ''}, {0: 'Board Only (on-campus meal plan):', 1: '', 2: ''}]]","<table> <tr> <td> </td> <td> First-Year </td> <td> Undergraduates </td> </tr> <tr> <td> PRIVATE INSTITUTIONS </td> <td> </td> <td> </td> </tr> <tr> <td> Tuition: </td> <td> </td> <td> </td> </tr> <tr> <td> PUBLIC INSTITUTIONS </td> <td> </td> <td> </td> </tr> <tr> <td> Tuition: In-district </td> <td> </td> <td> </td> </tr> <tr> <td> Tuition: In-state (out-of-district): </td> <td> </td> <td> </td> </tr> <tr> <td> Tuition: Out-of-state: </td> <td> </td> <td> </td> </tr> <tr> <td> Tuition: Non-resident </td> <td> </td> <td> </td> </tr> <tr> <td colspan=""3""> FOR ALL INSTITUTIONS </td> </tr> <tr> <td> Required Fees </td> <td> </td> <td> </td> </tr> <tr> <td> Room and Board (on-campus): </td> <td> </td> <td> </td> </tr> <tr> <td> Room Only (on-campus): </td> <td> </td> <td> </td> </tr> <tr> <td> Board Only (on-campus meal plan): </td> <td> </td> <td> </td> </tr> </table>",193900,../data/cds-docs/2022-2023/193900.pdf,2022-2023
H,2,H2,NumberofEnrolledStudentsAwardedAid:Listthenumberofdegree-seekingfull-timeandless-than-,"[[{0: '', 1: '', 2: 'Full-time\nFirst-time\nFirst-year', 3: 'Full-time\nUndergrad\n(Incl. Fresh)', 4: 'Less Than\nFull-time\nUndergrad'}, {0: 'A', 1: 'Number of degree-seeking undergraduate students\n(CDS Item B1 if reporting on Fall 2022 cohort)', 2: '6164', 3: '28206', 4: '930'}, {0: 'B', 1: 'Number of students in line a who applied for need\ufffe\nbased financial aid', 2: '2813', 3: '11513', 4: '296'}, {0: 'C', 1: 'Number of students in line b who were determined to\nhave financial need', 2: '1926', 3: '10556', 4: '291'}, {0: 'D', 1: 'Number of students in line c who were awarded any\nfinancial aid', 2: '1925', 3: '10229', 4: '264'}, {0: 'E', 1: 'Number of students in line d who were awarded any\nneed-based scholarship or grant aid', 2: '1922', 3: '9782', 4: '249'}, {0: 'F', 1: 'Number of students in line d who were awarded any\nneed-based self-help aid', 2: '1583', 3: '8724', 4: '209'}, {0: 'G', 1: 'Number of students in line d who were awarded any\nnon-need-based scholarship or grant aid', 2: '226', 3: '312', 4: '1'}, {0: 'H', 1: 'Number of students in line d whose need was fully met\n(exclude PLUS loans, unsubsidized loans, and private\nalternative loans)', 2: '1856', 3: '3022', 4: '14'}, {0: 'I', 1: 'On average, the percentage of need that was met of\nstudents who were awarded any need-based aid.', 2: '99.0%', 3: '65.2%', 4: '35.9%'}, {0: 'J', 1: 'The average financial aid package of those in line d.\nExclude any resources that were awarded to replace\nEFC (PLUS loans, unsubsidized loans, and private\nalternative loans)', 2: '$ 59,903', 3: '$ 48,939', 4: '$ 20,150'}, {0: 'K', 1: 'Average need-based scholarship and grant award of\nthose in line e', 2: '$ 53,790', 3: '$ 43,014', 4: '$ 14,184'}], [{0: '', 1: '', 2: 'Full-time\nFirst-time\nFirst-year', 3: 'Full-time\nUndergrad\n(Incl. Fresh.)', 4: 'Less Than\nFull-time\nUndergrad'}, {0: 'N', 1: 'Number of students in line a who had no financial need\nand who were awarded institutional non-need-based\nscholarship or grant aid (exclude those who were\nawarded athletic awards and tuition benefits)', 2: '143', 3: '1575', 4: '73'}, {0: 'O', 1: 'Average dollar amount of institutional non-need-based', 2: '$ 40,607', 3: '$ 28,536', 4: '$ 11,253'}, {0: 'P', 1: 'Number of students in line a who were awarded an\ninstitutional non-need-based athletic scholarship or\ngrant', 2: '', 3: '', 4: ''}, {0: 'Q', 1: 'Average dollar amount of institutional non-need-based\nathletic scholarships and grants awarded to students in', 2: '', 3: '', 4: ''}]]","<table> <tr> <td> </td> <td> </td> <td> Full-time <br/> First-time <br/> First-year </td> <td> Full-time <br/> Undergrad <br/> (Incl. Fresh) </td> <td> Less Than <br/> Full-time <br/> Undergrad </td> </tr> <tr> <td> A </td> <td> Number of degree-seeking undergraduate students <br/> (CDS Item B1 if reporting on Fall 2022 cohort) </td> <td> 6164 </td> <td> 28206 </td> <td> 930 </td> </tr> <tr> <td> B </td> <td> Number of students in line a who applied for need￾ <br/> based financial aid </td> <td> 2813 </td> <td> 11513 </td> <td> 296 </td> </tr> <tr> <td> C </td> <td> Number of students in line b who were determined to <br/> have financial need </td> <td> 1926 </td> <td> 10556 </td> <td> 291 </td> </tr> <tr> <td> D </td> <td> Number of students in line c who were awarded any <br/> financial aid </td> <td> 1925 </td> <td> 10229 </td> <td> 264 </td> </tr> <tr> <td> E </td> <td> Number of students in line d who were awarded any <br/> need-based scholarship or grant aid </td> <td> 1922 </td> <td> 9782 </td> <td> 249 </td> </tr> <tr> <td> F </td> <td> Number of students in line d who were awarded any <br/> need-based self-help aid </td> <td> 1583 </td> <td> 8724 </td> <td> 209 </td> </tr> <tr> <td> G </td> <td> Number of students in line d who were awarded any <br/> non-need-based scholarship or grant aid </td> <td> 226 </td> <td> 312 </td> <td> 1 </td> </tr> <tr> <td> H </td> <td> Number of students in line d whose need was fully met <br/> (exclude PLUS loans, unsubsidized loans, and private <br/> alternative loans) </td> <td> 1856 </td> <td> 3022 </td> <td> 14 </td> </tr> <tr> <td> I </td> <td> On average, the percentage of need that was met of <br/> students who were awarded any need-based aid. </td> <td> 99.0% </td> <td> 65.2% </td> <td> 35.9% </td> </tr> <tr> <td> J </td> <td> The average financial aid package of those in line d. <br/> Exclude any resources that were awarded to replace <br/> EFC (PLUS loans, unsubsidized loans, and private <br/> alternative loans) </td> <td> $ 59,903 </td> <td> $ 48,939 </td> <td> $ 20,150 </td> </tr> <tr> <td> K </td> <td> Average need-based scholarship and grant award of <br/> those in line e </td> <td> $ 53,790 </td> <td> $ 43,014 </td> <td> $ 14,184 </td> </tr> </table><div class=""separator""></div><table> <tr> <td> </td> <td> </td> <td> Full-time <br/> First-time <br/> First-year </td> <td> Full-time <br/> Undergrad <br/> (Incl. Fresh.) </td> <td> Less Than <br/> Full-time <br/> Undergrad </td> </tr> <tr> <td> N </td> <td> Number of students in line a who had no financial need <br/> and who were awarded institutional non-need-based <br/> scholarship or grant aid (exclude those who were <br/> awarded athletic awards and tuition benefits) </td> <td> 143 </td> <td> 1575 </td> <td> 73 </td> </tr> <tr> <td> O </td> <td> Average dollar amount of institutional non-need-based </td> <td> $ 40,607 </td> <td> $ 28,536 </td> <td> $ 11,253 </td> </tr> <tr> <td> P </td> <td> Number of students in line a who were awarded an <br/> institutional non-need-based athletic scholarship or <br/> grant </td> <td> </td> <td> </td> <td> </td> </tr> <tr> <td> Q </td> <td> Average dollar amount of institutional non-need-based <br/> athletic scholarships and grants awarded to students in </td> <td> </td> <td> </td> <td> </td> </tr> </table>",193900,../data/cds-docs/2022-2023/193900.pdf,2022-2023
H,14,H14,Checkoffcriteriausedinawardinginstitutionalaid.Checkallthatapply.,"[[{0: '', 1: 'Non-Need Based', 2: 'Need-Based'}, {0: 'Academics', 1: '', 2: ''}, {0: 'Alumni affiliation', 1: '', 2: ''}, {0: 'Art', 1: '', 2: ''}, {0: 'Athletics', 1: '', 2: ''}, {0: 'Job skills', 1: '', 2: ''}, {0: 'ROTC', 1: '', 2: ''}, {0: 'Leadership', 1: '', 2: ''}, {0: 'Minority status', 1: '', 2: ''}, {0: 'Music/drama', 1: '', 2: ''}, {0: 'Religious affiliation', 1: '', 2: ''}, {0: 'State/district residency', 1: '', 2: ''}]]",<table> <tr> <td> </td> <td> Non-Need Based </td> <td> Need-Based </td> </tr> <tr> <td> Academics </td> <td> </td> <td> </td> </tr> <tr> <td> Alumni affiliation </td> <td> </td> <td> </td> </tr> <tr> <td> Art </td> <td> </td> <td> </td> </tr> <tr> <td> Athletics </td> <td> </td> <td> </td> </tr> <tr> <td> Job skills </td> <td> </td> <td> </td> </tr> <tr> <td> ROTC </td> <td> </td> <td> </td> </tr> <tr> <td> Leadership </td> <td> </td> <td> </td> </tr> <tr> <td> Minority status </td> <td> </td> <td> </td> </tr> <tr> <td> Music/drama </td> <td> </td> <td> </td> </tr> <tr> <td> Religious affiliation </td> <td> </td> <td> </td> </tr> <tr> <td> State/district residency </td> <td> </td> <td> </td> </tr> </table>,193900,../data/cds-docs/2022-2023/193900.pdf,2022-2023
J,1,J1,"DegreesconferredbetweenJuly1,2021andJune30,2022","[[{0: 'Category', 1: 'Category', 2: 'Diploma/Certificates', 3: 'Associate', 4: 'Bachelor’s', 5: 'CIP 2020 Categories\nto Include'}, {0: 'Agriculture', 1: 'Agriculture', 2: '', 3: '', 4: '', 5: '01'}, {0: 'Natural resources and conservation', 1: 'Natural resources and conservation', 2: '', 3: '', 4: '', 5: '03'}, {0: 'Architecture', 1: 'Architecture', 2: '', 3: '', 4: '', 5: '04'}, {0: 'Area, ethnic, and gender studies', 1: 'Area, ethnic, and gender studies', 2: '', 3: '', 4: '0.47%', 5: '05'}, {0: 'Communication/journalism', 1: 'Communication/journalism', 2: '', 3: '', 4: '5.16%', 5: '09'}, {0: 'Communication technologies', 1: 'Communication technologies', 2: '', 3: '', 4: '0.09%', 5: '10'}, {0: 'Computer and information sciences', 1: 'Computer and information sciences', 2: '', 3: '1.11%', 4: '9.28%', 5: '11'}, {0: 'Personal and culinary services', 1: 'Personal and culinary services', 2: '', 3: '', 4: '', 5: '12'}, {0: 'Education', 1: 'Education', 2: '', 3: '', 4: '1.36%', 5: '13'}, {0: 'Engineering', 1: 'Engineering', 2: '', 3: '', 4: '3.96%', 5: '14'}, {0: 'Engineering', 1: 'technologies', 2: '', 3: '', 4: '1.01%', 5: '15'}, {0: 'Foreign languages, literatures, and linguistics', 1: 'Foreign languages, literatures, and linguistics', 2: '', 3: '', 4: '0.26%', 5: '16'}, {0: 'Family and consumer sciences', 1: 'Family and consumer sciences', 2: '', 3: '', 4: '0.10%', 5: '19'}, {0: 'Law/legal studies', 1: 'Law/legal studies', 2: '', 3: '', 4: '', 5: '22'}, {0: 'English', 1: 'English', 2: '', 3: '', 4: '1.24%', 5: '23'}, {0: 'Liberal arts/general studies', 1: 'Liberal arts/general studies', 2: '', 3: '21.11%', 4: '7.98%', 5: '24'}, {0: 'Library science', 1: 'Library science', 2: '', 3: '', 4: '', 5: '25'}, {0: 'Biological/life sciences', 1: 'Biological/life sciences', 2: '', 3: '', 4: '3.23%', 5: '26'}, {0: 'Mathematics and statistics', 1: 'Mathematics and statistics', 2: '', 3: '', 4: '3.98%', 5: '27'}, {0: 'Military science and military technologies', 1: 'Military science and military technologies', 2: '', 3: '', 4: '', 5: '28 & 29'}, {0: 'Interdisciplinary studies', 1: 'Interdisciplinary studies', 2: '', 3: '', 4: '1.49%', 5: '30'}, {0: 'Parks and recreation', 1: 'Parks and recreation', 2: '', 3: '', 4: '', 5: '31'}, {0: 'Philosophy and religious studies', 1: 'Philosophy and religious studies', 2: '', 3: '', 4: '0.80%', 5: '38'}, {0: 'Theology and religious vocations', 1: 'Theology and religious vocations', 2: '', 3: '', 4: '', 5: '39'}, {0: 'Physical sciences', 1: 'Physical sciences', 2: '', 3: '', 4: '1.26%', 5: '40'}, {0: 'Science technologies', 1: 'Science technologies', 2: '', 3: '', 4: '', 5: '41'}, {0: 'Psychology', 1: 'Psychology', 2: '', 3: '', 4: '6.49%', 5: '42'}, {0: 'Homeland Security, law enforcement, firefighting,', 1: 'Homeland Security, law enforcement, firefighting,', 2: '', 3: '', 4: '', 5: '43'}, {0: 'Public administration and social services', 1: 'Public administration and social services', 2: '', 3: '', 4: '0.51%', 5: '44'}, {0: 'Social sciences', 1: 'Social sciences', 2: '', 3: '', 4: '13.77%', 5: '45'}, {0: 'Construction trades', 1: 'Construction trades', 2: '', 3: '', 4: '', 5: '46'}, {0: 'Mechanic and repair technologies', 1: 'Mechanic and repair technologies', 2: '', 3: '', 4: '', 5: '47'}, {0: 'Precision production', 1: 'Precision production', 2: '', 3: '', 4: '', 5: '48'}, {0: 'Transportation and materials moving', 1: 'Transportation and materials moving', 2: '', 3: '', 4: '', 5: '49'}, {0: 'Visual and performing arts', 1: 'Visual and performing arts', 2: '', 3: '', 4: '16.61%', 5: '50'}, {0: 'Health professions and related programs', 1: 'Health professions and related programs', 2: '', 3: '74.44%', 4: '7.46%', 5: '51'}, {0: 'Business/marketing', 1: 'Business/marketing', 2: '', 3: '3.33%', 4: '12.47%', 5: '52'}, {0: 'History', 1: 'History', 2: '', 3: '', 4: '0.99%', 5: '54'}, {0: 'Other', 1: 'Other', 2: '', 3: '', 4: '', 5: ''}, {0: 'TOTAL (should = 100%)', 1: 'TOTAL (should = 100%)', 2: '0.00%', 3: '100.00%', 4: '100.00%', 5: ''}]]","<table> <tr> <td colspan=""2""> Category </td> <td> Diploma/Certificates </td> <td> Associate </td> <td> Bachelor’s </td> <td> CIP 2020 Categories <br/> to Include </td> </tr> <tr> <td colspan=""2""> Agriculture </td> <td> </td> <td> </td> <td> </td> <td> 01 </td> </tr> <tr> <td colspan=""2""> Natural resources and conservation </td> <td> </td> <td> </td> <td> </td> <td> 03 </td> </tr> <tr> <td colspan=""2""> Architecture </td> <td> </td> <td> </td> <td> </td> <td> 04 </td> </tr> <tr> <td colspan=""2""> Area, ethnic, and gender studies </td> <td> </td> <td> </td> <td> 0.47% </td> <td> 05 </td> </tr> <tr> <td colspan=""2""> Communication/journalism </td> <td> </td> <td> </td> <td> 5.16% </td> <td> 09 </td> </tr> <tr> <td colspan=""2""> Communication technologies </td> <td> </td> <td> </td> <td> 0.09% </td> <td> 10 </td> </tr> <tr> <td colspan=""2""> Computer and information sciences </td> <td> </td> <td> 1.11% </td> <td> 9.28% </td> <td> 11 </td> </tr> <tr> <td colspan=""2""> Personal and culinary services </td> <td> </td> <td> </td> <td> </td> <td> 12 </td> </tr> <tr> <td colspan=""2""> Education </td> <td> </td> <td> </td> <td> 1.36% </td> <td> 13 </td> </tr> <tr> <td colspan=""2""> Engineering </td> <td> </td> <td> </td> <td> 3.96% </td> <td> 14 </td> </tr> <tr> <td> Engineering </td> <td> technologies </td> <td> </td> <td> </td> <td> 1.01% </td> <td> 15 </td> </tr> <tr> <td colspan=""2""> Foreign languages, literatures, and linguistics </td> <td> </td> <td> </td> <td> 0.26% </td> <td> 16 </td> </tr> <tr> <td colspan=""2""> Family and consumer sciences </td> <td> </td> <td> </td> <td> 0.10% </td> <td> 19 </td> </tr> <tr> <td colspan=""2""> Law/legal studies </td> <td> </td> <td> </td> <td> </td> <td> 22 </td> </tr> <tr> <td colspan=""2""> English </td> <td> </td> <td> </td> <td> 1.24% </td> <td> 23 </td> </tr> <tr> <td colspan=""2""> Liberal arts/general studies </td> <td> </td> <td> 21.11% </td> <td> 7.98% </td> <td> 24 </td> </tr> <tr> <td colspan=""2""> Library science </td> <td> </td> <td> </td> <td> </td> <td> 25 </td> </tr> <tr> <td colspan=""2""> Biological/life sciences </td> <td> </td> <td> </td> <td> 3.23% </td> <td> 26 </td> </tr> <tr> <td colspan=""2""> Mathematics and statistics </td> <td> </td> <td> </td> <td> 3.98% </td> <td> 27 </td> </tr> <tr> <td colspan=""2""> Military science and military technologies </td> <td> </td> <td> </td> <td> </td> <td> 28 &amp; 29 </td> </tr> <tr> <td colspan=""2""> Interdisciplinary studies </td> <td> </td> <td> </td> <td> 1.49% </td> <td> 30 </td> </tr> <tr> <td colspan=""2""> Parks and recreation </td> <td> </td> <td> </td> <td> </td> <td> 31 </td> </tr> <tr> <td colspan=""2""> Philosophy and religious studies </td> <td> </td> <td> </td> <td> 0.80% </td> <td> 38 </td> </tr> <tr> <td colspan=""2""> Theology and religious vocations </td> <td> </td> <td> </td> <td> </td> <td> 39 </td> </tr> <tr> <td colspan=""2""> Physical sciences </td> <td> </td> <td> </td> <td> 1.26% </td> <td> 40 </td> </tr> <tr> <td colspan=""2""> Science technologies </td> <td> </td> <td> </td> <td> </td> <td> 41 </td> </tr> <tr> <td colspan=""2""> Psychology </td> <td> </td> <td> </td> <td> 6.49% </td> <td> 42 </td> </tr> <tr> <td colspan=""2""> Homeland Security, law enforcement, firefighting, </td> <td> </td> <td> </td> <td> </td> <td> 43 </td> </tr> <tr> <td colspan=""2""> Public administration and social services </td> <td> </td> <td> </td> <td> 0.51% </td> <td> 44 </td> </tr> <tr> <td colspan=""2""> Social sciences </td> <td> </td> <td> </td> <td> 13.77% </td> <td> 45 </td> </tr> <tr> <td colspan=""2""> Construction trades </td> <td> </td> <td> </td> <td> </td> <td> 46 </td> </tr> <tr> <td colspan=""2""> Mechanic and repair technologies </td> <td> </td> <td> </td> <td> </td> <td> 47 </td> </tr> <tr> <td colspan=""2""> Precision production </td> <td> </td> <td> </td> <td> </td> <td> 48 </td> </tr> <tr> <td colspan=""2""> Transportation and materials moving </td> <td> </td> <td> </td> <td> </td> <td> 49 </td> </tr> <tr> <td colspan=""2""> Visual and performing arts </td> <td> </td> <td> </td> <td> 16.61% </td> <td> 50 </td> </tr> <tr> <td colspan=""2""> Health professions and related programs </td> <td> </td> <td> 74.44% </td> <td> 7.46% </td> <td> 51 </td> </tr> <tr> <td colspan=""2""> Business/marketing </td> <td> </td> <td> 3.33% </td> <td> 12.47% </td> <td> 52 </td> </tr> <tr> <td colspan=""2""> History </td> <td> </td> <td> </td> <td> 0.99% </td> <td> 54 </td> </tr> <tr> <td colspan=""2""> Other </td> <td> </td> <td> </td> <td> </td> <td> </td> </tr> <tr> <td colspan=""2""> TOTAL (should = 100%) </td> <td> 0.00% </td> <td> 100.00% </td> <td> 100.00% </td> <td> </td> </tr> </table>",193900,../data/cds-docs/2022-2023/193900.pdf,2022-2023
