section,table_num,table_code,table_title,table_records,table_html,unitid,file,year
B,1,B1,Institutional Enrollment,"[[{0: '', 1: 'Men', 2: 'Men', 3: 'Women', 4: 'Women', 5: 'Another Gender', 6: 'Another Gender'}, {0: '', 1: 'Full Time\nEnrollment', 2: 'Part Time\nEnrollment', 3: 'Full Time\nEnrollment', 4: 'Part Time\nEnrollment', 5: 'Full Time\nEnrollment', 6: 'Part Time\nEnrollment'}, {0: 'UNDERGRADUATE STUDENTS', 1: 'UNDERGRADUATE STUDENTS', 2: 'UNDERGRADUATE STUDENTS', 3: 'UNDERGRADUATE STUDENTS', 4: 'UNDERGRADUATE STUDENTS', 5: 'UNDERGRADUATE STUDENTS', 6: 'UNDERGRADUATE STUDENTS'}, {0: 'Degree-seeking, first-time, first-year students', 1: '3,367', 2: '17', 3: '3,475', 4: '63', 5: '', 6: ''}, {0: 'Other first-year, degree-seeking students', 1: '662', 2: '183', 3: '595', 4: '223', 5: '', 6: ''}, {0: 'All other degree-seeking undergraduate students', 1: '9,391', 2: '1,005', 3: '8,902', 4: '1,736', 5: '', 6: ''}, {0: 'Total degree-seeking undergraduate students', 1: '13,420', 2: '1,205', 3: '12,972', 4: '2,022', 5: '0', 6: '0'}, {0: 'All other undergraduates enrolled in credit courses', 1: '104', 2: '841', 3: '145', 4: '1,094', 5: '', 6: ''}, {0: 'Total Undergraduate Students', 1: '13,524', 2: '2,046', 3: '13,117', 4: '3,116', 5: '0', 6: '0'}, {0: '', 1: '', 2: '', 3: 'degree\ufffe', 4: '3,227.0', 5: '', 6: ''}, {0: '', 1: '', 2: '', 3: '', 4: '26,392.0', 5: '', 6: ''}, {0: '', 1: '', 2: '', 3: '', 4: '29,619.0', 5: '', 6: ''}, {0: '', 1: '', 2: '', 3: '', 4: '31,803.0', 5: '', 6: ''}], [{0: '', 1: 'Men', 2: 'Men', 3: 'Women', 4: 'Women', 5: 'Another Gender', 6: 'Another Gender'}, {0: '', 1: 'Full Time\nEnrollment', 2: 'Part Time\nEnrollment', 3: 'Full Time\nEnrollment', 4: 'Part Time\nEnrollment', 5: 'Full Time\nEnrollment', 6: 'Part Time\nEnrollment'}, {0: 'GRADUATE STUDENTS', 1: 'GRADUATE STUDENTS', 2: 'GRADUATE STUDENTS', 3: 'GRADUATE STUDENTS', 4: 'GRADUATE STUDENTS', 5: 'GRADUATE STUDENTS', 6: 'GRADUATE STUDENTS'}, {0: 'Degree-seeking, first-time', 1: '1,166', 2: '311', 3: '1,227', 4: '781', 5: '', 6: ''}, {0: 'All other degree-seeking', 1: '1,694', 2: '1,458', 3: '2,334', 4: '3,076', 5: '', 6: ''}, {0: 'All other graduates enrolled in credit courses', 1: '4', 2: '41', 3: '7', 4: '74', 5: '', 6: ''}, {0: 'Total Graduate Students', 1: '2,864.0', 2: '1,810.0', 3: '3,568.0', 4: '3,931.0', 5: '0.0', 6: '0.0'}]]","<table> <tr> <td> </td> <td colspan=""2""> Men </td> <td colspan=""2""> Women </td> <td colspan=""2""> Another Gender </td> </tr> <tr> <td> </td> <td> Full Time <br/> Enrollment </td> <td> Part Time <br/> Enrollment </td> <td> Full Time <br/> Enrollment </td> <td> Part Time <br/> Enrollment </td> <td> Full Time <br/> Enrollment </td> <td> Part Time <br/> Enrollment </td> </tr> <tr> <td colspan=""7""> UNDERGRADUATE STUDENTS </td> </tr> <tr> <td> Degree-seeking, first-time, first-year students </td> <td> 3,367 </td> <td> 17 </td> <td> 3,475 </td> <td> 63 </td> <td> </td> <td> </td> </tr> <tr> <td> Other first-year, degree-seeking students </td> <td> 662 </td> <td> 183 </td> <td> 595 </td> <td> 223 </td> <td> </td> <td> </td> </tr> <tr> <td> All other degree-seeking undergraduate students </td> <td> 9,391 </td> <td> 1,005 </td> <td> 8,902 </td> <td> 1,736 </td> <td> </td> <td> </td> </tr> <tr> <td> Total degree-seeking undergraduate students </td> <td> 13,420 </td> <td> 1,205 </td> <td> 12,972 </td> <td> 2,022 </td> <td> 0 </td> <td> 0 </td> </tr> <tr> <td> All other undergraduates enrolled in credit courses </td> <td> 104 </td> <td> 841 </td> <td> 145 </td> <td> 1,094 </td> <td> </td> <td> </td> </tr> <tr> <td> Total Undergraduate Students </td> <td> 13,524 </td> <td> 2,046 </td> <td> 13,117 </td> <td> 3,116 </td> <td> 0 </td> <td> 0 </td> </tr> <tr> <td colspan=""3""> </td> <td> degree￾ </td> <td> 3,227.0 </td> <td> </td> <td> </td> </tr> <tr> <td colspan=""4""> </td> <td> 26,392.0 </td> <td colspan=""2""> </td> </tr> <tr> <td colspan=""4""> </td> <td> 29,619.0 </td> <td colspan=""2""> </td> </tr> <tr> <td colspan=""4""> </td> <td> 31,803.0 </td> <td colspan=""2""> </td> </tr> </table><div class=""separator""></div><table> <tr> <td> </td> <td colspan=""2""> Men </td> <td colspan=""2""> Women </td> <td colspan=""2""> Another Gender </td> </tr> <tr> <td> </td> <td> Full Time <br/> Enrollment </td> <td> Part Time <br/> Enrollment </td> <td> Full Time <br/> Enrollment </td> <td> Part Time <br/> Enrollment </td> <td> Full Time <br/> Enrollment </td> <td> Part Time <br/> Enrollment </td> </tr> <tr> <td colspan=""7""> GRADUATE STUDENTS </td> </tr> <tr> <td> Degree-seeking, first-time </td> <td> 1,166 </td> <td> 311 </td> <td> 1,227 </td> <td> 781 </td> <td> </td> <td> </td> </tr> <tr> <td> All other degree-seeking </td> <td> 1,694 </td> <td> 1,458 </td> <td> 2,334 </td> <td> 3,076 </td> <td> </td> <td> </td> </tr> <tr> <td> All other graduates enrolled in credit courses </td> <td> 4 </td> <td> 41 </td> <td> 7 </td> <td> 74 </td> <td> </td> <td> </td> </tr> <tr> <td> Total Graduate Students </td> <td> 2,864.0 </td> <td> 1,810.0 </td> <td> 3,568.0 </td> <td> 3,931.0 </td> <td> 0.0 </td> <td> 0.0 </td> </tr> </table>",201885,../data/cds-docs/2023-2024/201885.pdf,2023-2024
B,4,B4,- B21. Graduation Rates,"[[{0: '', 1: '2017 COHORT (AY - 7)', 2: '2017 COHORT (AY - 7)', 3: '2017 COHORT (AY - 7)', 4: '2017 COHORT (AY - 7)'}, {0: 'available. If Fall 2017 cohort data are not available, provide data for the Fall 2016\ncohort.', 1: 'Recipients\nof a Federal\nPell Grant', 2: 'Recipients of\na Subsidized\nStafford\nLoan, did not who\nreceive Grant a Pell', 3: 'Students\nwho did not\nreceive\neither a Pell\nGrant or a\nsubsidized\nStafford\nLoan', 4: 'Total'}, {0: ""A. Initial 2017 cohort of first-time, full-time, bachelor's (or equivalent) degree\ufffe\nseeking undergraduate students"", 1: '1,143', 2: '1,308', 3: '2,907', 4: '5,358'}, {0: 'B. Of the Initial 2017 cohort, how many did not persist and did not graduate for any\nof the following reasons: (report total allowable exclusions)\n- Deceased\n- Armed Forces\n- Official church mission\n- Permanently Disabled\n- Foreign Aid Service of the Federal Government', 1: '3', 2: '1', 3: '5', 4: '9'}, {0: 'C. Final 2017 cohort, after adjusting for allowable exclusions', 1: '1,140', 2: '1,307', 3: '2,902', 4: '5,349'}, {0: 'D. Of the initial 2017 cohort, how many completed the program in four years or less\n(by Aug. 31, 2021)?', 1: '385', 2: '492', 3: '1,250', 4: '2,127'}, {0: 'E. Of the initial 2017 cohort, how many completed the program in more than four\nyears but in five years or less (after Aug. 31, 2021 and by Aug. 31, 2022)?', 1: '256', 2: '349', 3: '893', 4: '1,498'}, {0: 'F. Of the initial 2017 cohort, how many completed the program in more than five\nyears but in six years or less (after Aug. 31, 2022 and by Aug. 31, 2023)?', 1: '48', 2: '45', 3: '116', 4: '209'}, {0: 'G. Total graduating within six years\n(Sum of D., E., and F.)', 1: '689', 2: '886', 3: '2,259', 4: '3,834'}, {0: 'H. Six-year graduation rate for 2017 cohort\n(G. divided by C.)', 1: '60%', 2: '68%', 3: '78%', 4: '72%'}], [{0: '', 1: '2016 COHORT (AY - 8)', 2: '2016 COHORT (AY - 8)', 3: '2016 COHORT (AY - 8)', 4: '2016 COHORT (AY - 8)'}, {0: 'available. If Fall 2017 cohort data are not available, provide data for the Fall 2016\ncohort.', 1: 'Recipients\nof a Federal\nPell Grant', 2: 'Recipients of\na Subsidized\nStafford\nLoan, did not who\nreceive a Pell\nGrant', 3: 'Students\nwho did not\nreceive\neither a Pell\nGrant or a\nsubsidized\nStafford\nLoan', 4: 'Total'}, {0: ""A. Initial 2016 cohort of first-time, full-time, bachelor's (or equivalent) degree\ufffe\nseeking undergraduate students"", 1: '990', 2: '1,269', 3: '2,715', 4: '4,974'}, {0: 'B. Of the Initial 2016 cohort, how many did not persist and did not graduate for any\nof the following reasons: (report total allowable exclusions)\n- Deceased - Permanently Disabled\n- Armed Forces - Foreign Aid Service of the Federal Government\n- Official church missions', 1: '2', 2: '2', 3: '3', 4: '7'}, {0: 'C. Final 2016 cohort, after adjusting for allowable exclusions', 1: '988', 2: '1,267', 3: '2,712', 4: '4,967'}]]","<table> <tr> <td> </td> <td colspan=""4""> 2017 COHORT (AY - 7) </td> </tr> <tr> <td> available. If Fall 2017 cohort data are not available, provide data for the Fall 2016 <br/> cohort. </td> <td> Recipients <br/> of a Federal <br/> Pell Grant </td> <td> Recipients of <br/> a Subsidized <br/> Stafford <br/> Loan, did not who <br/> receive Grant a Pell </td> <td> Students <br/> who did not <br/> receive <br/> either a Pell <br/> Grant or a <br/> subsidized <br/> Stafford <br/> Loan </td> <td> Total </td> </tr> <tr> <td> A. Initial 2017 cohort of first-time, full-time, bachelor's (or equivalent) degree￾ <br/> seeking undergraduate students </td> <td> 1,143 </td> <td> 1,308 </td> <td> 2,907 </td> <td> 5,358 </td> </tr> <tr> <td> B. Of the Initial 2017 cohort, how many did not persist and did not graduate for any <br/> of the following reasons: (report total allowable exclusions) <br/> - Deceased <br/> - Armed Forces <br/> - Official church mission <br/> - Permanently Disabled <br/> - Foreign Aid Service of the Federal Government </td> <td> 3 </td> <td> 1 </td> <td> 5 </td> <td> 9 </td> </tr> <tr> <td> C. Final 2017 cohort, after adjusting for allowable exclusions </td> <td> 1,140 </td> <td> 1,307 </td> <td> 2,902 </td> <td> 5,349 </td> </tr> <tr> <td> D. Of the initial 2017 cohort, how many completed the program in four years or less <br/> (by Aug. 31, 2021)? </td> <td> 385 </td> <td> 492 </td> <td> 1,250 </td> <td> 2,127 </td> </tr> <tr> <td> E. Of the initial 2017 cohort, how many completed the program in more than four <br/> years but in five years or less (after Aug. 31, 2021 and by Aug. 31, 2022)? </td> <td> 256 </td> <td> 349 </td> <td> 893 </td> <td> 1,498 </td> </tr> <tr> <td> F. Of the initial 2017 cohort, how many completed the program in more than five <br/> years but in six years or less (after Aug. 31, 2022 and by Aug. 31, 2023)? </td> <td> 48 </td> <td> 45 </td> <td> 116 </td> <td> 209 </td> </tr> <tr> <td> G. Total graduating within six years <br/> (Sum of D., E., and F.) </td> <td> 689 </td> <td> 886 </td> <td> 2,259 </td> <td> 3,834 </td> </tr> <tr> <td> H. Six-year graduation rate for 2017 cohort <br/> (G. divided by C.) </td> <td> 60% </td> <td> 68% </td> <td> 78% </td> <td> 72% </td> </tr> </table><div class=""separator""></div><table> <tr> <td> </td> <td colspan=""4""> 2016 COHORT (AY - 8) </td> </tr> <tr> <td> available. If Fall 2017 cohort data are not available, provide data for the Fall 2016 <br/> cohort. </td> <td> Recipients <br/> of a Federal <br/> Pell Grant </td> <td> Recipients of <br/> a Subsidized <br/> Stafford <br/> Loan, did not who <br/> receive a Pell <br/> Grant </td> <td> Students <br/> who did not <br/> receive <br/> either a Pell <br/> Grant or a <br/> subsidized <br/> Stafford <br/> Loan </td> <td> Total </td> </tr> <tr> <td> A. Initial 2016 cohort of first-time, full-time, bachelor's (or equivalent) degree￾ <br/> seeking undergraduate students </td> <td> 990 </td> <td> 1,269 </td> <td> 2,715 </td> <td> 4,974 </td> </tr> <tr> <td> B. Of the Initial 2016 cohort, how many did not persist and did not graduate for any <br/> of the following reasons: (report total allowable exclusions) <br/> - Deceased - Permanently Disabled <br/> - Armed Forces - Foreign Aid Service of the Federal Government <br/> - Official church missions </td> <td> 2 </td> <td> 2 </td> <td> 3 </td> <td> 7 </td> </tr> <tr> <td> C. Final 2016 cohort, after adjusting for allowable exclusions </td> <td> 988 </td> <td> 1,267 </td> <td> 2,712 </td> <td> 4,967 </td> </tr> </table>",201885,../data/cds-docs/2023-2024/201885.pdf,2023-2024
C,1,C1,"Applications: First-time, First-year Students","[[{0: '', 1: 'In-State', 2: 'Out-of-State', 3: 'International', 4: 'Total'}, {0: 'Total first-time, first-year (degree seeking) who applied', 1: '20,165', 2: '10,295', 3: '2,705', 4: '33,165'}, {0: 'Total first-time, first-year (degree seeking) who were admitted', 1: '18,310', 2: '8,632', 3: '2,135', 4: '29,077'}, {0: 'Total first-time, first-year (degree seeking) enrolled', 1: '5,280', 2: '1,379', 3: '263', 4: '6,922'}]]","<table> <tr> <td> </td> <td> In-State </td> <td> Out-of-State </td> <td> International </td> <td> Total </td> </tr> <tr> <td> Total first-time, first-year (degree seeking) who applied </td> <td> 20,165 </td> <td> 10,295 </td> <td> 2,705 </td> <td> 33,165 </td> </tr> <tr> <td> Total first-time, first-year (degree seeking) who were admitted </td> <td> 18,310 </td> <td> 8,632 </td> <td> 2,135 </td> <td> 29,077 </td> </tr> <tr> <td> Total first-time, first-year (degree seeking) enrolled </td> <td> 5,280 </td> <td> 1,379 </td> <td> 263 </td> <td> 6,922 </td> </tr> </table>",201885,../data/cds-docs/2023-2024/201885.pdf,2023-2024
C,5,C5,Admission Requirements: High School Units Required/Recommended,"[[{0: '', 1: 'Required Units', 2: 'Units\nRecommended'}, {0: 'Total Academic Units', 1: '19', 2: ''}, {0: 'English', 1: '4', 2: ''}, {0: 'Mathematics', 1: '4', 2: ''}, {0: 'Science', 1: '3', 2: ''}, {0: 'of Science Units, how many units must be lab', 1: '', 2: ''}, {0: 'Foreign language', 1: '', 2: ''}, {0: 'Social Studies', 1: '3', 2: ''}, {0: 'History', 1: '', 2: ''}, {0: 'Computer Science', 1: '', 2: ''}, {0: 'Visual/Performing Arts', 1: '', 2: ''}, {0: 'Academic Electives', 1: '5', 2: ''}]]","<table> <tr> <td> </td> <td> Required Units </td> <td> Units <br/> Recommended </td> </tr> <tr> <td> Total Academic Units </td> <td> 19 </td> <td> </td> </tr> <tr> <td> English </td> <td> 4 </td> <td> </td> </tr> <tr> <td> Mathematics </td> <td> 4 </td> <td> </td> </tr> <tr> <td> Science </td> <td> 3 </td> <td> </td> </tr> <tr> <td> of Science Units, how many units must be lab </td> <td> </td> <td> </td> </tr> <tr> <td> Foreign language </td> <td> </td> <td> </td> </tr> <tr> <td> Social Studies </td> <td> 3 </td> <td> </td> </tr> <tr> <td> History </td> <td> </td> <td> </td> </tr> <tr> <td> Computer Science </td> <td> </td> <td> </td> </tr> <tr> <td> Visual/Performing Arts </td> <td> </td> <td> </td> </tr> <tr> <td> Academic Electives </td> <td> 5 </td> <td> </td> </tr> </table>",201885,../data/cds-docs/2023-2024/201885.pdf,2023-2024
C,9,C9,"First-time, first-year profile: National standardized test scores (SAT/ACT)","[[{0: '11%', 1: '748'}, {0: '36%', 1: '2,489'}], [{0: '1160', 1: '1250', 2: '1340'}, {0: '580', 1: '620', 2: '670'}, {0: '570', 1: '630', 2: '690'}, {0: '24', 1: '27', 2: '29'}, {0: '23', 1: '26', 2: '29'}, {0: '22', 1: '25', 2: '30'}, {0: '24', 1: '28', 2: '32'}, {0: '23', 1: '26', 2: '30'}], [{0: 'SAT Evidence\ufffe\nBased Reading\nand Writing', 1: 'SAT Math'}, {0: '15%', 1: '24%'}, {0: '52%', 1: '42%'}, {0: '28%', 1: '28%'}, {0: '5%', 1: '5%'}, {0: '0%', 1: '1%'}, {0: '0%', 1: '0%'}, {0: '100%', 1: '100%'}], [{0: 'ACT English', 1: 'ACT Math', 2: 'ACT Reading', 3: 'ACT Science'}, {0: '26%', 1: '19%', 2: '42%', 3: '26%'}, {0: '40%', 1: '52%', 2: '35%', 3: '49%'}, {0: '29%', 1: '23%', 2: '20%', 3: '23%'}, {0: '5%', 1: '7%', 2: '3%', 3: '2%'}, {0: '0%', 1: '0%', 2: '0%', 3: '0%'}, {0: '0%', 1: '0%', 2: '0%', 3: '0%'}, {0: '100%', 1: '100%', 2: '100%', 3: '100%'}]]","<table> <tr> <td> 11% </td> <td> 748 </td> </tr> <tr> <td> 36% </td> <td> 2,489 </td> </tr> </table><div class=""separator""></div><table> <tr> <td> 1160 </td> <td> 1250 </td> <td> 1340 </td> </tr> <tr> <td> 580 </td> <td> 620 </td> <td> 670 </td> </tr> <tr> <td> 570 </td> <td> 630 </td> <td> 690 </td> </tr> <tr> <td> 24 </td> <td> 27 </td> <td> 29 </td> </tr> <tr> <td> 23 </td> <td> 26 </td> <td> 29 </td> </tr> <tr> <td> 22 </td> <td> 25 </td> <td> 30 </td> </tr> <tr> <td> 24 </td> <td> 28 </td> <td> 32 </td> </tr> <tr> <td> 23 </td> <td> 26 </td> <td> 30 </td> </tr> </table><div class=""separator""></div><table> <tr> <td> SAT Evidence￾ <br/> Based Reading <br/> and Writing </td> <td> SAT Math </td> </tr> <tr> <td> 15% </td> <td> 24% </td> </tr> <tr> <td> 52% </td> <td> 42% </td> </tr> <tr> <td> 28% </td> <td> 28% </td> </tr> <tr> <td> 5% </td> <td> 5% </td> </tr> <tr> <td> 0% </td> <td> 1% </td> </tr> <tr> <td> 0% </td> <td> 0% </td> </tr> <tr> <td> 100% </td> <td> 100% </td> </tr> </table><div class=""separator""></div><table> <tr> <td> ACT English </td> <td> ACT Math </td> <td> ACT Reading </td> <td> ACT Science </td> </tr> <tr> <td> 26% </td> <td> 19% </td> <td> 42% </td> <td> 26% </td> </tr> <tr> <td> 40% </td> <td> 52% </td> <td> 35% </td> <td> 49% </td> </tr> <tr> <td> 29% </td> <td> 23% </td> <td> 20% </td> <td> 23% </td> </tr> <tr> <td> 5% </td> <td> 7% </td> <td> 3% </td> <td> 2% </td> </tr> <tr> <td> 0% </td> <td> 0% </td> <td> 0% </td> <td> 0% </td> </tr> <tr> <td> 0% </td> <td> 0% </td> <td> 0% </td> <td> 0% </td> </tr> <tr> <td> 100% </td> <td> 100% </td> <td> 100% </td> <td> 100% </td> </tr> </table>",201885,../data/cds-docs/2023-2024/201885.pdf,2023-2024
F,1,F1,"First-time, first-year degree-seeking students and undergraduates enrolled","[[{0: 'First-time,\nFirst-year Students', 1: 'Undergraduates'}, {0: '20.7%', 1: '19.6%'}, {0: '80.2%', 1: '24.9%'}, {0: '19.8%', 1: '75.1%'}, {0: '0.4%', 1: '9.6%'}, {0: '18', 1: '20'}, {0: '18', 1: '21'}]]","<table> <tr> <td> First-time, <br/> First-year Students </td> <td> Undergraduates </td> </tr> <tr> <td> 20.7% </td> <td> 19.6% </td> </tr> <tr> <td> 80.2% </td> <td> 24.9% </td> </tr> <tr> <td> 19.8% </td> <td> 75.1% </td> </tr> <tr> <td> 0.4% </td> <td> 9.6% </td> </tr> <tr> <td> 18 </td> <td> 20 </td> </tr> <tr> <td> 18 </td> <td> 21 </td> </tr> </table>",201885,../data/cds-docs/2023-2024/201885.pdf,2023-2024
H,2,H2,Number of Enrolled Students Awarded Aid,"[[{0: '', 1: 'Full-Time, First-Time,\nFirst-Year', 2: 'Full-Time Undergrad.\n(Include Freshman)', 3: 'Less Than Full\ufffe\nTime Undergrad.'}, {0: 'A. Number of degree-seeking undergraduate\nstudents (CDS Item B1 if reporting on Fall 2023\ncohort)', 1: '6283', 2: '25035', 3: '3207'}, {0: 'B. Number of students in line (A) who applied for\nneed-based financial aid', 1: '5444', 2: '16802', 3: '1774'}, {0: 'C. Number of students in line (B) who were\ndetermined to have financial need', 1: '3165', 2: '10931', 3: '1470'}, {0: 'D. Number of students in line (C) who were awarded\nany financial aid', 1: '3027', 2: '10408', 3: '1371'}, {0: 'E. Number of students in line (D) who were awarded\nany need-based scholarship or grant aid', 1: '2509', 2: '8094', 3: '1009'}, {0: 'F. Number of students in line (D) who were awarded\nany need-based self-help aid', 1: '1,935', 2: '7,053', 3: '902'}, {0: 'G. Number of students in line (D) who were awarded\nany non-need-based scholarship or grant aid', 1: '269', 2: '587', 3: '21'}, {0: 'H. Number of students in line (D) who need was fully\nmet (exclude PLUS loans, unsubsidized loans, and\nprivate alternative loans)', 1: '328', 2: '856', 3: '65'}, {0: 'I. On average, the percentage of need that was met\nof students who were awarded any need-based aid.\nExclude any aid that was awarded in excess of need\nas well as any resources that were awarded to\nreplace EFC (PLUS loans, unsubsidized loans, and\nprivate alternative loans).', 1: '46.0%', 2: '43.0%', 3: '29.9%'}, {0: 'J. The average financial aid package of those in line\n(D). Exclude any resources that were awarded to\nreplace EFC (PLUS loans, unsubsidized loans, and\nprivate alternative loans).', 1: '$9,560.00', 2: '$9,316.00', 3: '$6,272.00'}, {0: 'K. Average need-based scholarship or grant award of\nthose in line (E)', 1: '$8,954.00', 2: '$8,361.00', 3: '$5,140.00'}, {0: 'L. Average need-based self-help award (excluding\nPLUS loans, unsubsidized loans, and private\nalternative loans) of those in line (F)', 1: '$3,378.00', 2: '$4,176.00', 3: '$3,824.00'}, {0: 'M. Average need-based loan (excluding PLUS loans,\nunsubsidized loans, and private alternative loans) of\nthose in line (F) who were awarded a need-based\nloan', 1: '$3,321.00', 2: '$4,075.00', 3: '$3,796.00'}], [{0: '', 1: 'Full-Time, First-Time,\nFirst-Year', 2: 'Full-Time Undergrad.\n(Include Freshman)', 3: 'Less Than Full\ufffe\nTime Undergrad.'}, {0: 'N. Number of students in line (A) who had no\nfinancial need and who were awarded institutional\nnon-need-based scholarship or grant aid (exclude\nthose who were awarded athletic awards and tuition\nbenefits)', 1: '1,755', 2: '6,030', 3: '225'}, {0: 'O. Average dollar amount of institutional non-need\ufffe\nbased scholarship and grant aid awarded to students\nin line (N)', 1: '$6,586.00', 2: '$6,115.00', 3: '$3,443.00'}, {0: 'P. Number of students in line (A) who were awarded\nan instutional non-need-based athletic scholarship or\ngrant', 1: '54', 2: '248', 3: '6'}, {0: 'Q. Average dollar amount of institutional non-need\ufffe\nbased athletic scholarships and grants awarded to\nstudents in line (P)', 1: '$14,085.00', 2: '$15,685.00', 3: '$6,724.00'}]]","<table> <tr> <td> </td> <td> Full-Time, First-Time, <br/> First-Year </td> <td> Full-Time Undergrad. <br/> (Include Freshman) </td> <td> Less Than Full￾ <br/> Time Undergrad. </td> </tr> <tr> <td> A. Number of degree-seeking undergraduate <br/> students (CDS Item B1 if reporting on Fall 2023 <br/> cohort) </td> <td> 6283 </td> <td> 25035 </td> <td> 3207 </td> </tr> <tr> <td> B. Number of students in line (A) who applied for <br/> need-based financial aid </td> <td> 5444 </td> <td> 16802 </td> <td> 1774 </td> </tr> <tr> <td> C. Number of students in line (B) who were <br/> determined to have financial need </td> <td> 3165 </td> <td> 10931 </td> <td> 1470 </td> </tr> <tr> <td> D. Number of students in line (C) who were awarded <br/> any financial aid </td> <td> 3027 </td> <td> 10408 </td> <td> 1371 </td> </tr> <tr> <td> E. Number of students in line (D) who were awarded <br/> any need-based scholarship or grant aid </td> <td> 2509 </td> <td> 8094 </td> <td> 1009 </td> </tr> <tr> <td> F. Number of students in line (D) who were awarded <br/> any need-based self-help aid </td> <td> 1,935 </td> <td> 7,053 </td> <td> 902 </td> </tr> <tr> <td> G. Number of students in line (D) who were awarded <br/> any non-need-based scholarship or grant aid </td> <td> 269 </td> <td> 587 </td> <td> 21 </td> </tr> <tr> <td> H. Number of students in line (D) who need was fully <br/> met (exclude PLUS loans, unsubsidized loans, and <br/> private alternative loans) </td> <td> 328 </td> <td> 856 </td> <td> 65 </td> </tr> <tr> <td> I. On average, the percentage of need that was met <br/> of students who were awarded any need-based aid. <br/> Exclude any aid that was awarded in excess of need <br/> as well as any resources that were awarded to <br/> replace EFC (PLUS loans, unsubsidized loans, and <br/> private alternative loans). </td> <td> 46.0% </td> <td> 43.0% </td> <td> 29.9% </td> </tr> <tr> <td> J. The average financial aid package of those in line <br/> (D). Exclude any resources that were awarded to <br/> replace EFC (PLUS loans, unsubsidized loans, and <br/> private alternative loans). </td> <td> $9,560.00 </td> <td> $9,316.00 </td> <td> $6,272.00 </td> </tr> <tr> <td> K. Average need-based scholarship or grant award of <br/> those in line (E) </td> <td> $8,954.00 </td> <td> $8,361.00 </td> <td> $5,140.00 </td> </tr> <tr> <td> L. Average need-based self-help award (excluding <br/> PLUS loans, unsubsidized loans, and private <br/> alternative loans) of those in line (F) </td> <td> $3,378.00 </td> <td> $4,176.00 </td> <td> $3,824.00 </td> </tr> <tr> <td> M. Average need-based loan (excluding PLUS loans, <br/> unsubsidized loans, and private alternative loans) of <br/> those in line (F) who were awarded a need-based <br/> loan </td> <td> $3,321.00 </td> <td> $4,075.00 </td> <td> $3,796.00 </td> </tr> </table><div class=""separator""></div><table> <tr> <td> </td> <td> Full-Time, First-Time, <br/> First-Year </td> <td> Full-Time Undergrad. <br/> (Include Freshman) </td> <td> Less Than Full￾ <br/> Time Undergrad. </td> </tr> <tr> <td> N. Number of students in line (A) who had no <br/> financial need and who were awarded institutional <br/> non-need-based scholarship or grant aid (exclude <br/> those who were awarded athletic awards and tuition <br/> benefits) </td> <td> 1,755 </td> <td> 6,030 </td> <td> 225 </td> </tr> <tr> <td> O. Average dollar amount of institutional non-need￾ <br/> based scholarship and grant aid awarded to students <br/> in line (N) </td> <td> $6,586.00 </td> <td> $6,115.00 </td> <td> $3,443.00 </td> </tr> <tr> <td> P. Number of students in line (A) who were awarded <br/> an instutional non-need-based athletic scholarship or <br/> grant </td> <td> 54 </td> <td> 248 </td> <td> 6 </td> </tr> <tr> <td> Q. Average dollar amount of institutional non-need￾ <br/> based athletic scholarships and grants awarded to <br/> students in line (P) </td> <td> $14,085.00 </td> <td> $15,685.00 </td> <td> $6,724.00 </td> </tr> </table>",201885,../data/cds-docs/2023-2024/201885.pdf,2023-2024
H,5,H5,Number/Percent Borrowers and Average Borrowed Amount,"[[{0: 'Source/Type of Loan', 1: 'Number in the class\n(defined in H4 above)\nwho borrowed from\nthe types of loans\nspecific in the first\ncolumn', 2: 'Percent of the class\n(defined above) who\nborrowed from the\ntypes of loans\nspecified in the first\ncolumn (nearest 1%)', 3: 'Average per\ufffe\nundergraduate\ufffe\nborrower\ncumulative\nprincipal\nborrowed from\nthe types of loans\nspecific in the first\ncolumn (nearest\n$1)'}, {0: 'A. Any loan program: Federal Perkins, Federal\nStafford Subsidized and Unsubsidized, institutional,\nstate, private loans that your institution is aware of,\netc. Include both Federal Direct Student Loans and\nFederal Family Education Loans.', 1: '2,607', 2: '54%', 3: '$26,486'}, {0: 'B. Federal loan programs: Federal Perkins, Federal\nStafford Subsidized and Unsubsidized. Include both\nFederal Direct Student Loans and Federal Family\nEducation Loans.', 1: '2,563', 2: '53%', 3: '$20,260'}, {0: 'C. Institutional loan program', 1: '0', 2: '0%', 3: '$0'}, {0: 'D. State loan programs', 1: '3', 2: '.06%', 3: '$3,234'}, {0: 'E. Private student loans made by a bank or lender', 1: '594', 2: '12%', 3: '$28,812'}]]","<table> <tr> <td> Source/Type of Loan </td> <td> Number in the class <br/> (defined in H4 above) <br/> who borrowed from <br/> the types of loans <br/> specific in the first <br/> column </td> <td> Percent of the class <br/> (defined above) who <br/> borrowed from the <br/> types of loans <br/> specified in the first <br/> column (nearest 1%) </td> <td> Average per￾ <br/> undergraduate￾ <br/> borrower <br/> cumulative <br/> principal <br/> borrowed from <br/> the types of loans <br/> specific in the first <br/> column (nearest <br/> $1) </td> </tr> <tr> <td> A. Any loan program: Federal Perkins, Federal <br/> Stafford Subsidized and Unsubsidized, institutional, <br/> state, private loans that your institution is aware of, <br/> etc. Include both Federal Direct Student Loans and <br/> Federal Family Education Loans. </td> <td> 2,607 </td> <td> 54% </td> <td> $26,486 </td> </tr> <tr> <td> B. Federal loan programs: Federal Perkins, Federal <br/> Stafford Subsidized and Unsubsidized. Include both <br/> Federal Direct Student Loans and Federal Family <br/> Education Loans. </td> <td> 2,563 </td> <td> 53% </td> <td> $20,260 </td> </tr> <tr> <td> C. Institutional loan program </td> <td> 0 </td> <td> 0% </td> <td> $0 </td> </tr> <tr> <td> D. State loan programs </td> <td> 3 </td> <td> .06% </td> <td> $3,234 </td> </tr> <tr> <td> E. Private student loans made by a bank or lender </td> <td> 594 </td> <td> 12% </td> <td> $28,812 </td> </tr> </table>",201885,../data/cds-docs/2023-2024/201885.pdf,2023-2024
I,1,I1,Instructional Faculty by Category,"[[{0: '', 1: 'Full-Time', 2: 'Part-Time'}, {0: 'A. Instructional faculty in preclinical and clinical medicine, faculty who are not paid\n(e.g., those who donate their services or are in the military), or research-only\nfaculty, post-doctoral fellows, or pre-doctoral fellows', 1: 'Exclude', 2: 'Include only if they teach\none or more non-clinical\ncredit courses'}, {0: 'B. Administrative officers with titles such as dean of students, librarian, registrar,\ncoach, and the like, even though they may devote part of their time to classroom\ninstruction and may have faculty status', 1: 'Exclude', 2: 'Include only if they teach\none or more non-clinical\ncredit courses'}, {0: 'C. Other administrators/staff who teach one or more non-clinical credit courses\neven though they do not have faculty status', 1: 'Exclude', 2: 'Include'}, {0: 'D. Undergraduate or graduate students who assist in the instruction of courses,\nbut have titles such as teaching assistant, teaching fellow, and the like', 1: 'Exclude', 2: 'Exclude'}, {0: 'E. Faculty on sabbatical or leave with pay', 1: 'Include', 2: 'Exclude'}, {0: 'F. Faculty on leave without pay', 1: 'Exclude', 2: 'Exclude'}, {0: 'G. Replacement faculty for faculty on sabbatical leave or leave with pay', 1: 'Exclude', 2: 'Include'}], [{0: '', 1: 'Full-Time', 2: 'Part-Time', 3: 'Total'}, {0: 'A. Total number of instructional faculty', 1: '2311', 2: '1417', 3: '3728'}, {0: 'B. Total number who are members of minority groups', 1: '581', 2: '236', 3: '817'}, {0: 'C. Total number who are women', 1: '1056', 2: '813', 3: '1869'}, {0: 'D. Total number who are men', 1: '1255', 2: '604', 3: '1859'}, {0: 'E. Total number who are international (non-residents)', 1: '87', 2: '38', 3: '125'}, {0: 'F. Total number with docorate, or other terminal degrees', 1: '1992', 2: '629', 3: '2621'}, {0: ""G. Total number whose highest degree is a master's degree but not a terminal\nmaster's"", 1: '238', 2: '565', 3: '803'}, {0: ""H. Total number whose highest degree is a bachelor's"", 1: '58', 2: '196', 3: '254'}, {0: 'I. Total number whose highest degree is unknown or other', 1: '23', 2: '27', 3: '50'}, {0: 'J. Total number in stand-alone graduate/professional programs in which faculty\nteach virtually only graduate-level students', 1: '924', 2: '203', 3: '1127'}]]","<table> <tr> <td> </td> <td> Full-Time </td> <td> Part-Time </td> </tr> <tr> <td> A. Instructional faculty in preclinical and clinical medicine, faculty who are not paid <br/> (e.g., those who donate their services or are in the military), or research-only <br/> faculty, post-doctoral fellows, or pre-doctoral fellows </td> <td> Exclude </td> <td> Include only if they teach <br/> one or more non-clinical <br/> credit courses </td> </tr> <tr> <td> B. Administrative officers with titles such as dean of students, librarian, registrar, <br/> coach, and the like, even though they may devote part of their time to classroom <br/> instruction and may have faculty status </td> <td> Exclude </td> <td> Include only if they teach <br/> one or more non-clinical <br/> credit courses </td> </tr> <tr> <td> C. Other administrators/staff who teach one or more non-clinical credit courses <br/> even though they do not have faculty status </td> <td> Exclude </td> <td> Include </td> </tr> <tr> <td> D. Undergraduate or graduate students who assist in the instruction of courses, <br/> but have titles such as teaching assistant, teaching fellow, and the like </td> <td> Exclude </td> <td> Exclude </td> </tr> <tr> <td> E. Faculty on sabbatical or leave with pay </td> <td> Include </td> <td> Exclude </td> </tr> <tr> <td> F. Faculty on leave without pay </td> <td> Exclude </td> <td> Exclude </td> </tr> <tr> <td> G. Replacement faculty for faculty on sabbatical leave or leave with pay </td> <td> Exclude </td> <td> Include </td> </tr> </table><div class=""separator""></div><table> <tr> <td> </td> <td> Full-Time </td> <td> Part-Time </td> <td> Total </td> </tr> <tr> <td> A. Total number of instructional faculty </td> <td> 2311 </td> <td> 1417 </td> <td> 3728 </td> </tr> <tr> <td> B. Total number who are members of minority groups </td> <td> 581 </td> <td> 236 </td> <td> 817 </td> </tr> <tr> <td> C. Total number who are women </td> <td> 1056 </td> <td> 813 </td> <td> 1869 </td> </tr> <tr> <td> D. Total number who are men </td> <td> 1255 </td> <td> 604 </td> <td> 1859 </td> </tr> <tr> <td> E. Total number who are international (non-residents) </td> <td> 87 </td> <td> 38 </td> <td> 125 </td> </tr> <tr> <td> F. Total number with docorate, or other terminal degrees </td> <td> 1992 </td> <td> 629 </td> <td> 2621 </td> </tr> <tr> <td> G. Total number whose highest degree is a master's degree but not a terminal <br/> master's </td> <td> 238 </td> <td> 565 </td> <td> 803 </td> </tr> <tr> <td> H. Total number whose highest degree is a bachelor's </td> <td> 58 </td> <td> 196 </td> <td> 254 </td> </tr> <tr> <td> I. Total number whose highest degree is unknown or other </td> <td> 23 </td> <td> 27 </td> <td> 50 </td> </tr> <tr> <td> J. Total number in stand-alone graduate/professional programs in which faculty <br/> teach virtually only graduate-level students </td> <td> 924 </td> <td> 203 </td> <td> 1127 </td> </tr> </table>",201885,../data/cds-docs/2023-2024/201885.pdf,2023-2024
B,1,B1,Institutional Enrollment - Men and Women,"[[{0: '', 1: 'FULL-TIME', 2: 'FULL-TIME', 3: 'FULL-TIME', 4: 'PART-TIME', 5: 'PART-TIME', 6: 'PART-TIME'}, {0: '', 1: 'Men\nWomen Another Gender', 2: 'Men\nWomen Another Gender', 3: 'Men\nWomen Another Gender', 4: 'Men\nWomen Another Gender', 5: 'Men\nWomen Another Gender', 6: 'Men\nWomen Another Gender'}, {0: 'Undergraduates', 1: 'Undergraduates', 2: 'Undergraduates', 3: 'Undergraduates', 4: 'Undergraduates', 5: 'Undergraduates', 6: 'Undergraduates'}, {0: 'Degree-seeking, first-time, first\ufffe\nyear', 1: '3144', 2: '3,139', 3: '', 4: '33', 5: '53', 6: ''}, {0: 'Other first-year, degree-seeking', 1: '574', 2: '516', 3: '', 4: '169', 5: '166', 6: '2'}, {0: 'All other degree-seeking', 1: '9,096', 2: '8,695', 3: '1', 4: '1,052', 5: '1,731', 6: '1'}, {0: 'Total degree-seeking', 1: '12,814', 2: '12,350', 3: '1', 4: '1,254', 5: '1,950', 6: '3'}, {0: 'All other undergraduates', 1: '79', 2: '118', 3: '', 4: '634', 5: '784', 6: '2'}, {0: 'Total undergraduates', 1: '12,893', 2: '12,468', 3: '1', 4: '1,888', 5: '2,734', 6: '5'}, {0: 'Graduate', 1: 'Graduate', 2: 'Graduate', 3: 'Graduate', 4: 'Graduate', 5: 'Graduate', 6: 'Graduate'}, {0: 'Degree-seeking, first-time', 1: '1198', 2: '1353', 3: '33', 4: '383', 5: '1032', 6: ''}, {0: 'All other degree-seeking', 1: '1529', 2: '2041', 3: '13', 4: '1255', 5: '2543', 6: '4'}, {0: 'All other graduates enrolled in', 1: '2', 2: '6', 3: '', 4: '39', 5: '80', 6: '1'}, {0: 'Total graduate', 1: '2729', 2: '3400', 3: '46', 4: '1677', 5: '3655', 6: '5'}, {0: 'Total all students', 1: '15,622', 2: '15,868', 3: '47', 4: '3,565', 5: '6,389', 6: '10'}]]","<table> <tr> <td rowspan=""2""> </td> <td colspan=""3""> FULL-TIME </td> <td colspan=""3""> PART-TIME </td> </tr> <tr> <td colspan=""3""> Men <br/> Women Another Gender </td> <td colspan=""3""> Men <br/> Women Another Gender </td> </tr> <tr> <td colspan=""7""> Undergraduates </td> </tr> <tr> <td> Degree-seeking, first-time, first￾ <br/> year </td> <td> 3144 </td> <td> 3,139 </td> <td> </td> <td> 33 </td> <td> 53 </td> <td> </td> </tr> <tr> <td> Other first-year, degree-seeking </td> <td> 574 </td> <td> 516 </td> <td> </td> <td> 169 </td> <td> 166 </td> <td> 2 </td> </tr> <tr> <td> All other degree-seeking </td> <td> 9,096 </td> <td> 8,695 </td> <td> 1 </td> <td> 1,052 </td> <td> 1,731 </td> <td> 1 </td> </tr> <tr> <td> Total degree-seeking </td> <td> 12,814 </td> <td> 12,350 </td> <td> 1 </td> <td> 1,254 </td> <td> 1,950 </td> <td> 3 </td> </tr> <tr> <td> All other undergraduates </td> <td> 79 </td> <td> 118 </td> <td> </td> <td> 634 </td> <td> 784 </td> <td> 2 </td> </tr> <tr> <td> Total undergraduates </td> <td> 12,893 </td> <td> 12,468 </td> <td> 1 </td> <td> 1,888 </td> <td> 2,734 </td> <td> 5 </td> </tr> <tr> <td colspan=""7""> Graduate </td> </tr> <tr> <td> Degree-seeking, first-time </td> <td> 1198 </td> <td> 1353 </td> <td> 33 </td> <td> 383 </td> <td> 1032 </td> <td> </td> </tr> <tr> <td> All other degree-seeking </td> <td> 1529 </td> <td> 2041 </td> <td> 13 </td> <td> 1255 </td> <td> 2543 </td> <td> 4 </td> </tr> <tr> <td> All other graduates enrolled in </td> <td> 2 </td> <td> 6 </td> <td> </td> <td> 39 </td> <td> 80 </td> <td> 1 </td> </tr> <tr> <td> Total graduate </td> <td> 2729 </td> <td> 3400 </td> <td> 46 </td> <td> 1677 </td> <td> 3655 </td> <td> 5 </td> </tr> <tr> <td> Total all students </td> <td> 15,622 </td> <td> 15,868 </td> <td> 47 </td> <td> 3,565 </td> <td> 6,389 </td> <td> 10 </td> </tr> </table>",201885,../data/cds-docs/2022-2023/201885.pdf,2022-2023
B,2,B2,Enrollment by Racial/Ethnic Category.,"[[{0: '', 1: 'Degree-Seeking\nFirst-Time\nFirst Year', 2: 'Degree-Seeking\nUndergraduates\n(include first-time\nfirst-year)', 3: 'Total\nUndergraduates (both\ndegree & non-degree\ufffe\nseeking)'}, {0: 'Nonresidents', 1: '298', 2: '1,379', 3: '1,430'}, {0: 'Hispanic/Latino', 1: '296', 2: '1,187', 3: '1,254'}, {0: 'Black or African American, non-Hispanic', 1: '525', 2: '2,161', 3: '2,265'}, {0: 'White, non-Hispanic', 1: '4,534', 2: '20,272', 3: '21,451'}, {0: 'American Indian or Alaska Native, non-Hispanic', 1: '13', 2: '38', 3: '41'}, {0: 'Asian, non-Hispanic', 1: '355', 2: '1,506', 3: '1,589'}, {0: 'Native Hawaiian or other Pacific Islander, non\ufffe\nHispanic', 1: '2', 2: '14', 3: '15'}, {0: 'Two or more races, non-Hispanic', 1: '302', 2: '1,233', 3: '1,312'}, {0: 'Race and/or ethnicity unknown', 1: '44', 2: '582', 3: '632'}, {0: 'TOTAL', 1: '6,369', 2: '28,372', 3: '29,989'}]]","<table> <tr> <td> </td> <td> Degree-Seeking <br/> First-Time <br/> First Year </td> <td> Degree-Seeking <br/> Undergraduates <br/> (include first-time <br/> first-year) </td> <td> Total <br/> Undergraduates (both <br/> degree &amp; non-degree￾ <br/> seeking) </td> </tr> <tr> <td> Nonresidents </td> <td> 298 </td> <td> 1,379 </td> <td> 1,430 </td> </tr> <tr> <td> Hispanic/Latino </td> <td> 296 </td> <td> 1,187 </td> <td> 1,254 </td> </tr> <tr> <td> Black or African American, non-Hispanic </td> <td> 525 </td> <td> 2,161 </td> <td> 2,265 </td> </tr> <tr> <td> White, non-Hispanic </td> <td> 4,534 </td> <td> 20,272 </td> <td> 21,451 </td> </tr> <tr> <td> American Indian or Alaska Native, non-Hispanic </td> <td> 13 </td> <td> 38 </td> <td> 41 </td> </tr> <tr> <td> Asian, non-Hispanic </td> <td> 355 </td> <td> 1,506 </td> <td> 1,589 </td> </tr> <tr> <td> Native Hawaiian or other Pacific Islander, non￾ <br/> Hispanic </td> <td> 2 </td> <td> 14 </td> <td> 15 </td> </tr> <tr> <td> Two or more races, non-Hispanic </td> <td> 302 </td> <td> 1,233 </td> <td> 1,312 </td> </tr> <tr> <td> Race and/or ethnicity unknown </td> <td> 44 </td> <td> 582 </td> <td> 632 </td> </tr> <tr> <td> TOTAL </td> <td> 6,369 </td> <td> 28,372 </td> <td> 29,989 </td> </tr> </table>",201885,../data/cds-docs/2022-2023/201885.pdf,2022-2023
B,4,B4,-B21: Graduation Rates,"[[{0: '', 1: 'Recipients of a\nFederal Grant Pell', 2: 'Recipients of a\nSubsidized\nStafford Loan\nwho did not\nreceive a Pell\nGrant', 3: 'Students who did\nnot receive either\na Pell Grant or a\nsubsidized\nStafford Loan', 4: 'Total\n(sum of 3 columns to\nthe left)'}, {0: ""Initial 2016 cohort of first-time, full\ufffe\ntime, bachelor's (or equivalent)\ndegree-seeking undergraduate\nstudents"", 1: '990', 2: '1269', 3: '2715', 4: '4974'}, {0: 'Of the initial 2016 cohort, how many\ndid not persist and did not graduate\nfor the following reasons:\n• Deceased\n• Permanently Disabled\n• Armed Forces\n• Foreign Aid Service of the Federal\nGovernment\n• Official church missions\n• Report Total Allowable Exclusions', 1: '2', 2: '2', 3: '3', 4: '7'}, {0: 'Final 2016 cohort, after adjusting for\nallowable exclusions', 1: '988', 2: '1267', 3: '2712', 4: '4967'}, {0: 'Of the initial 2015 cohort, how many\ncompleted the program in four years\nor less (by Aug. 31, 2020)', 1: '308', 2: '520', 3: '1067', 4: '1895'}, {0: 'Of the initial 2016 cohort, how many\ncompleted the program in more than\nfour years but in five years or less\n(after Aug. 31, 2020 and by Aug. 31,\n2021)', 1: '238', 2: '363', 3: '910', 4: '1511'}, {0: 'Of the initial 2016 cohort, how many\ncompleted the program in more than\nfive years but in six years or less\n(after Aug. 31, 2021 and by Aug. 31,\n2022)', 1: '38', 2: '39', 3: '96', 4: '173'}, {0: 'Total graduating within six years\n(sum of lines D, E, and F)', 1: '584', 2: '922', 3: '2073', 4: '3579'}, {0: 'Six-year graduation rate for 2016\ncohort (G divided by C)', 1: '59.1%', 2: '72.8%', 3: '76.4%', 4: '72.1%'}]]","<table> <tr> <td> </td> <td> Recipients of a <br/> Federal Grant Pell </td> <td> Recipients of a <br/> Subsidized <br/> Stafford Loan <br/> who did not <br/> receive a Pell <br/> Grant </td> <td> Students who did <br/> not receive either <br/> a Pell Grant or a <br/> subsidized <br/> Stafford Loan </td> <td> Total <br/> (sum of 3 columns to <br/> the left) </td> </tr> <tr> <td> Initial 2016 cohort of first-time, full￾ <br/> time, bachelor's (or equivalent) <br/> degree-seeking undergraduate <br/> students </td> <td> 990 </td> <td> 1269 </td> <td> 2715 </td> <td> 4974 </td> </tr> <tr> <td> Of the initial 2016 cohort, how many <br/> did not persist and did not graduate <br/> for the following reasons: <br/> • Deceased <br/> • Permanently Disabled <br/> • Armed Forces <br/> • Foreign Aid Service of the Federal <br/> Government <br/> • Official church missions <br/> • Report Total Allowable Exclusions </td> <td> 2 </td> <td> 2 </td> <td> 3 </td> <td> 7 </td> </tr> <tr> <td> Final 2016 cohort, after adjusting for <br/> allowable exclusions </td> <td> 988 </td> <td> 1267 </td> <td> 2712 </td> <td> 4967 </td> </tr> <tr> <td> Of the initial 2015 cohort, how many <br/> completed the program in four years <br/> or less (by Aug. 31, 2020) </td> <td> 308 </td> <td> 520 </td> <td> 1067 </td> <td> 1895 </td> </tr> <tr> <td> Of the initial 2016 cohort, how many <br/> completed the program in more than <br/> four years but in five years or less <br/> (after Aug. 31, 2020 and by Aug. 31, <br/> 2021) </td> <td> 238 </td> <td> 363 </td> <td> 910 </td> <td> 1511 </td> </tr> <tr> <td> Of the initial 2016 cohort, how many <br/> completed the program in more than <br/> five years but in six years or less <br/> (after Aug. 31, 2021 and by Aug. 31, <br/> 2022) </td> <td> 38 </td> <td> 39 </td> <td> 96 </td> <td> 173 </td> </tr> <tr> <td> Total graduating within six years <br/> (sum of lines D, E, and F) </td> <td> 584 </td> <td> 922 </td> <td> 2073 </td> <td> 3579 </td> </tr> <tr> <td> Six-year graduation rate for 2016 <br/> cohort (G divided by C) </td> <td> 59.1% </td> <td> 72.8% </td> <td> 76.4% </td> <td> 72.1% </td> </tr> </table>",201885,../data/cds-docs/2022-2023/201885.pdf,2022-2023
B,12,B12,"Initial cohort, total of first-time, full-time degree/certificate-seeking students:","[[{0: '', 1: '2019 Cohort', 2: '2018 Cohort'}, {0: 'Initial cohort, total of first-time, full-time degree/certificate-seeking students:', 1: '', 2: ''}, {0: 'Of the initial cohort, how many did not persist and did not graduate for the following reasons:\n• • Death Permanently Disability\n• Service in the armed forces,\n• Foreign aid service of the federal government\n• Official church missions\n• Report total allowable exclusions', 1: '', 2: ''}, {0: 'Final cohort, after adjusting for allowable exclusions:', 1: '0', 2: '0'}, {0: 'Completers of programs of less than two years duration (total):', 1: '', 2: ''}, {0: 'Completers of programs of less than two years within 150 percent of normal time:', 1: '', 2: ''}, {0: 'Completers of programs of at least two but less than four years (total):', 1: '', 2: ''}, {0: 'Completers of programs of at least two but less than four-years within 150 percent of normal\ntime:', 1: '', 2: ''}, {0: 'Total transfers-out (within three years) to other institutions:', 1: '', 2: ''}, {0: 'Total transfers to two-year institutions:', 1: '', 2: ''}, {0: 'Total transfers to four-year institutions:', 1: '', 2: ''}]]","<table> <tr> <td> </td> <td> 2019 Cohort </td> <td> 2018 Cohort </td> </tr> <tr> <td> Initial cohort, total of first-time, full-time degree/certificate-seeking students: </td> <td> </td> <td> </td> </tr> <tr> <td> Of the initial cohort, how many did not persist and did not graduate for the following reasons: <br/> • • Death Permanently Disability <br/> • Service in the armed forces, <br/> • Foreign aid service of the federal government <br/> • Official church missions <br/> • Report total allowable exclusions </td> <td> </td> <td> </td> </tr> <tr> <td> Final cohort, after adjusting for allowable exclusions: </td> <td> 0 </td> <td> 0 </td> </tr> <tr> <td> Completers of programs of less than two years duration (total): </td> <td> </td> <td> </td> </tr> <tr> <td> Completers of programs of less than two years within 150 percent of normal time: </td> <td> </td> <td> </td> </tr> <tr> <td> Completers of programs of at least two but less than four years (total): </td> <td> </td> <td> </td> </tr> <tr> <td> Completers of programs of at least two but less than four-years within 150 percent of normal <br/> time: </td> <td> </td> <td> </td> </tr> <tr> <td> Total transfers-out (within three years) to other institutions: </td> <td> </td> <td> </td> </tr> <tr> <td> Total transfers to two-year institutions: </td> <td> </td> <td> </td> </tr> <tr> <td> Total transfers to four-year institutions: </td> <td> </td> <td> </td> </tr> </table>",201885,../data/cds-docs/2022-2023/201885.pdf,2022-2023
C,1,C1,"First-time, first-year students: Provide the number of degree-seeking, first-time, first-year students who","[[{0: 'Total first-time, first-year men who applied', 1: 'Total first-time, first-year men who applied', 2: '13240'}, {0: 'Total first-time,', 1: 'women who applied', 2: '15784'}], [{0: 'Total first-time, first-year men who were admitted', 1: 'Total first-time, first-year men who were admitted', 2: '11523'}, {0: 'Total first-time,', 1: 'women who were admitted', 2: '13500'}], [{0: 'Total full-time, first-time, first-year men who enrolled', 1: '3144'}, {0: 'Total part-time, first-time, first-year men who enrolled', 1: '33'}], [{0: 'Total full-time, first-time, first-year women who enrolled', 1: '3139'}, {0: 'Total part-time, first-time, first-year women who enrolled', 1: '53'}]]","<table> <tr> <td colspan=""2""> Total first-time, first-year men who applied </td> <td> 13240 </td> </tr> <tr> <td> Total first-time, </td> <td> women who applied </td> <td> 15784 </td> </tr> </table><div class=""separator""></div><table> <tr> <td colspan=""2""> Total first-time, first-year men who were admitted </td> <td> 11523 </td> </tr> <tr> <td> Total first-time, </td> <td> women who were admitted </td> <td> 13500 </td> </tr> </table><div class=""separator""></div><table> <tr> <td> Total full-time, first-time, first-year men who enrolled </td> <td> 3144 </td> </tr> <tr> <td> Total part-time, first-time, first-year men who enrolled </td> <td> 33 </td> </tr> </table><div class=""separator""></div><table> <tr> <td> Total full-time, first-time, first-year women who enrolled </td> <td> 3139 </td> </tr> <tr> <td> Total part-time, first-time, first-year women who enrolled </td> <td> 53 </td> </tr> </table>",201885,../data/cds-docs/2022-2023/201885.pdf,2022-2023
C,2,C2,"First-time, first-year wait-listed students","[[{0: 'WAITING LIST', 1: 'WAITING LIST', 2: 'WAITING LIST', 3: 'TOTAL'}, {0: 'Number of qualified applicants offered a place on waiting list:', 1: 'Number of qualified applicants offered a place on waiting list:', 2: 'Number of qualified applicants offered a place on waiting list:', 3: ''}, {0: 'Number accepting a', 1: 'place on the waiting', 2: 'list:', 3: ''}, {0: 'Number of wait-listed students admitted:', 1: 'Number of wait-listed students admitted:', 2: 'Number of wait-listed students admitted:', 3: ''}]]","<table> <tr> <td colspan=""3""> WAITING LIST </td> <td> TOTAL </td> </tr> <tr> <td colspan=""3""> Number of qualified applicants offered a place on waiting list: </td> <td> </td> </tr> <tr> <td> Number accepting a </td> <td> place on the waiting </td> <td> list: </td> <td> </td> </tr> <tr> <td colspan=""3""> Number of wait-listed students admitted: </td> <td> </td> </tr> </table>",201885,../data/cds-docs/2022-2023/201885.pdf,2022-2023
C,5,C5,Distribution of high school units required and/or recommended. Specify the distribution of academic high,"[[{0: '', 1: 'Units', 2: 'Units'}, {0: 'Total academic units', 1: '19', 2: ''}, {0: 'English', 1: '4', 2: ''}, {0: 'Mathematics', 1: '4', 2: ''}, {0: 'Science', 1: '3', 2: ''}, {0: 'Of these, units that must be', 1: '', 2: ''}, {0: 'Foreign language', 1: '', 2: ''}, {0: 'Social studies', 1: '3', 2: ''}, {0: 'History', 1: '', 2: ''}, {0: 'Academic electives', 1: '5', 2: ''}, {0: 'Computer Science', 1: '', 2: ''}, {0: 'Visual/Performing Arts', 1: '', 2: ''}, {0: 'Other (specify)', 1: '', 2: ''}]]","<table> <tr> <td> </td> <td> Units </td> <td> Units </td> </tr> <tr> <td> Total academic units </td> <td> 19 </td> <td> </td> </tr> <tr> <td> English </td> <td> 4 </td> <td> </td> </tr> <tr> <td> Mathematics </td> <td> 4 </td> <td> </td> </tr> <tr> <td> Science </td> <td> 3 </td> <td> </td> </tr> <tr> <td> Of these, units that must be </td> <td> </td> <td> </td> </tr> <tr> <td> Foreign language </td> <td> </td> <td> </td> </tr> <tr> <td> Social studies </td> <td> 3 </td> <td> </td> </tr> <tr> <td> History </td> <td> </td> <td> </td> </tr> <tr> <td> Academic electives </td> <td> 5 </td> <td> </td> </tr> <tr> <td> Computer Science </td> <td> </td> <td> </td> </tr> <tr> <td> Visual/Performing Arts </td> <td> </td> <td> </td> </tr> <tr> <td> Other (specify) </td> <td> </td> <td> </td> </tr> </table>",201885,../data/cds-docs/2022-2023/201885.pdf,2022-2023
C,7,C7,"Relative importance of each of the following academic and nonacademic factors in your first-time,","[[{0: 'Very Important Important Considered Not Considered', 1: 'Very Important Important Considered Not Considered', 2: 'Very Important Important Considered Not Considered', 3: 'Very Important Important Considered Not Considered', 4: 'Very Important Important Considered Not Considered', 5: 'Very Important Important Considered Not Considered'}, {0: 'Academic', 1: 'Academic', 2: 'Academic', 3: 'Academic', 4: 'Academic', 5: 'Academic'}, {0: 'Rigor of secondary school record', 1: 'Rigor of secondary school record', 2: '', 3: 'x', 4: '', 5: ''}, {0: 'Class rank', 1: 'Class rank', 2: '', 3: '', 4: 'x', 5: ''}, {0: 'Academic GPA', 1: 'Academic GPA', 2: 'x', 3: '', 4: '', 5: ''}, {0: 'Standardized test scores', 1: 'Standardized test scores', 2: '', 3: '', 4: 'x', 5: ''}, {0: 'Application Essay', 1: 'Application Essay', 2: '', 3: 'x', 4: '', 5: ''}, {0: 'Recommendation(s)', 1: 'Recommendation(s)', 2: '', 3: '', 4: 'x', 5: ''}, {0: 'Nonacademic', 1: 'Nonacademic', 2: 'Nonacademic', 3: 'Nonacademic', 4: 'Nonacademic', 5: 'Nonacademic'}, {0: 'Interview', 1: 'Interview', 2: '', 3: '', 4: '', 5: 'x'}, {0: 'Extracurricular activities', 1: 'Extracurricular activities', 2: '', 3: '', 4: 'x', 5: ''}, {0: 'Talent/ability', 1: '', 2: '', 3: 'x', 4: '', 5: ''}, {0: '', 1: 'qualities', 2: '', 3: '', 4: 'x', 5: ''}, {0: 'First generation', 1: 'First generation', 2: '', 3: '', 4: 'x', 5: ''}, {0: 'Alumni/ae relation', 1: 'Alumni/ae relation', 2: '', 3: '', 4: '', 5: 'x'}, {0: 'Geographical residence', 1: 'Geographical residence', 2: '', 3: '', 4: 'x', 5: ''}, {0: 'State residency', 1: 'State residency', 2: '', 3: '', 4: 'x', 5: ''}, {0: 'Religious affiliation/commitment', 1: 'Religious affiliation/commitment', 2: '', 3: '', 4: '', 5: 'x'}, {0: 'Racial/ethnic status', 1: 'Racial/ethnic status', 2: '', 3: '', 4: 'x', 5: ''}, {0: 'Volunteer work', 1: 'Volunteer work', 2: '', 3: '', 4: 'x', 5: ''}, {0: 'Work experience', 1: 'Work experience', 2: '', 3: '', 4: 'x', 5: ''}, {0: 'Level of applicant’s interest', 1: 'Level of applicant’s interest', 2: '', 3: '', 4: '', 5: 'x'}]]","<table> <tr> <td colspan=""6""> Very Important Important Considered Not Considered </td> </tr> <tr> <td colspan=""6""> Academic </td> </tr> <tr> <td colspan=""2""> Rigor of secondary school record </td> <td> </td> <td> x </td> <td> </td> <td> </td> </tr> <tr> <td colspan=""2""> Class rank </td> <td> </td> <td> </td> <td> x </td> <td> </td> </tr> <tr> <td colspan=""2""> Academic GPA </td> <td> x </td> <td> </td> <td> </td> <td> </td> </tr> <tr> <td colspan=""2""> Standardized test scores </td> <td> </td> <td> </td> <td> x </td> <td> </td> </tr> <tr> <td colspan=""2""> Application Essay </td> <td> </td> <td> x </td> <td> </td> <td> </td> </tr> <tr> <td colspan=""2""> Recommendation(s) </td> <td> </td> <td> </td> <td> x </td> <td> </td> </tr> <tr> <td colspan=""6""> Nonacademic </td> </tr> <tr> <td colspan=""2""> Interview </td> <td> </td> <td> </td> <td> </td> <td> x </td> </tr> <tr> <td colspan=""2""> Extracurricular activities </td> <td> </td> <td> </td> <td> x </td> <td> </td> </tr> <tr> <td> Talent/ability </td> <td> </td> <td> </td> <td> x </td> <td> </td> <td> </td> </tr> <tr> <td> </td> <td> qualities </td> <td> </td> <td> </td> <td> x </td> <td> </td> </tr> <tr> <td colspan=""2""> First generation </td> <td> </td> <td> </td> <td> x </td> <td> </td> </tr> <tr> <td colspan=""2""> Alumni/ae relation </td> <td> </td> <td> </td> <td> </td> <td> x </td> </tr> <tr> <td colspan=""2""> Geographical residence </td> <td> </td> <td> </td> <td> x </td> <td> </td> </tr> <tr> <td colspan=""2""> State residency </td> <td> </td> <td> </td> <td> x </td> <td> </td> </tr> <tr> <td colspan=""2""> Religious affiliation/commitment </td> <td> </td> <td> </td> <td> </td> <td> x </td> </tr> <tr> <td colspan=""2""> Racial/ethnic status </td> <td> </td> <td> </td> <td> x </td> <td> </td> </tr> <tr> <td colspan=""2""> Volunteer work </td> <td> </td> <td> </td> <td> x </td> <td> </td> </tr> <tr> <td colspan=""2""> Work experience </td> <td> </td> <td> </td> <td> x </td> <td> </td> </tr> <tr> <td colspan=""2""> Level of applicant’s interest </td> <td> </td> <td> </td> <td> </td> <td> x </td> </tr> </table>",201885,../data/cds-docs/2022-2023/201885.pdf,2022-2023
C,8,C8,: SAT and ACT Policies,"[[{0: 'Yes', 1: 'No'}, {0: 'x', 1: ''}], [{0: '', 1: '', 2: 'ADMISSION', 3: 'ADMISSION', 4: 'ADMISSION', 5: 'ADMISSION', 6: 'ADMISSION'}, {0: '', 1: '', 2: 'Require', 3: 'Recommend', 4: 'Require for Some', 5: 'Consider if\nSubmitted', 6: 'Considered Not'}, {0: 'SAT or ACT', 1: 'SAT or ACT', 2: '', 3: '', 4: '', 5: 'x', 6: ''}, {0: 'ACT', 1: 'Only', 2: '', 3: '', 4: '', 5: '', 6: ''}, {0: 'SAT Only', 1: 'SAT Only', 2: '', 3: '', 4: '', 5: '', 6: ''}]]","<table> <tr> <td> Yes </td> <td> No </td> </tr> <tr> <td> x </td> <td> </td> </tr> </table><div class=""separator""></div><table> <tr> <td rowspan=""2""> </td> <td rowspan=""2""> </td> <td colspan=""5""> ADMISSION </td> </tr> <tr> <td> Require </td> <td> Recommend </td> <td> Require for Some </td> <td> Consider if <br/> Submitted </td> <td> Considered Not </td> </tr> <tr> <td colspan=""2""> SAT or ACT </td> <td> </td> <td> </td> <td> </td> <td> x </td> <td> </td> </tr> <tr> <td> ACT </td> <td> Only </td> <td> </td> <td> </td> <td> </td> <td> </td> <td> </td> </tr> <tr> <td colspan=""2""> SAT Only </td> <td> </td> <td> </td> <td> </td> <td> </td> <td> </td> </tr> </table>",201885,../data/cds-docs/2022-2023/201885.pdf,2022-2023
C,9,C9,"Percent and number of first-time, first-year students enrolled in Fall 2022 who submitted national","[[{0: '10%', 1: '662'}, {0: '41%', 1: '2634'}], [{0: 'Assessment', 1: '25th Percentile', 2: '50th Percentile', 3: '75th Percentile'}, {0: 'SAT Composite', 1: '1170', 2: '1260', 3: '1350'}, {0: 'SAT Evidence-Based Reading and', 1: '580', 2: '620', 3: '670'}, {0: 'SAT Math', 1: '580', 2: '640', 3: '690'}, {0: 'ACT Composite', 1: '24', 2: '26', 3: '29'}, {0: 'ACT Math', 1: '23', 2: '26', 3: '29'}, {0: 'ACT English', 1: '23', 2: '25', 3: '30'}, {0: 'ACT Writing', 1: '', 2: '', 3: ''}, {0: 'ACT Science', 1: '24', 2: '26', 3: '30'}, {0: 'ACT Reading', 1: '24', 2: '28', 3: '32'}], [{0: 'Score Range', 1: 'SAT Evidence-', 2: 'SAT Math'}, {0: '700-800', 1: '16.36%', 2: '24.47%'}, {0: '600-699', 1: '50.61%', 2: '44.26%'}, {0: '500-599', 1: '28.18%', 2: '26.59%'}, {0: '400-499', 1: '4.85%', 2: '4.38%'}, {0: '300-399', 1: '', 2: '0.30%'}, {0: '200-299', 1: '', 2: ''}, {0: 'Totals should = 100%', 1: '100.00%', 2: '100.00%'}], [{0: 'Score Range', 1: 'SAT Composite'}, {0: '1400-1600', 1: '17%'}, {0: '1200-1399', 1: '49%'}, {0: '1000-1199', 1: '30%'}, {0: '800-999', 1: '4%'}, {0: '600-799', 1: ''}, {0: '400-599', 1: ''}, {0: 'Totals should = 100%', 1: '100.00%'}], [{0: 'Score Range', 1: 'ACT Composite', 2: 'ACT English', 3: 'ACT Math', 4: 'ACT Reading', 5: 'ACT Science'}, {0: '30-36', 1: '23.96%', 2: '26.20%', 3: '21.15%', 4: '', 5: ''}, {0: '24-29', 1: '53.72%', 2: '41.88%', 3: '52.47%', 4: '', 5: ''}, {0: '18-23', 1: '20.20%', 2: '27.30%', 3: '21.22%', 4: '', 5: ''}, {0: '12-17', 1: '2.12%', 2: '4.25%', 3: '5.16%', 4: '', 5: ''}, {0: '6-11', 1: '', 2: '0.37%', 3: '', 4: '', 5: ''}, {0: 'Below 6', 1: '', 2: '', 3: '', 4: '', 5: ''}, {0: 'Totals should = 100%', 1: '100.00%', 2: '100.00%', 3: '100.00%', 4: '0.00%', 5: '0.00%'}]]","<table> <tr> <td> 10% </td> <td> 662 </td> </tr> <tr> <td> 41% </td> <td> 2634 </td> </tr> </table><div class=""separator""></div><table> <tr> <td> Assessment </td> <td> 25th Percentile </td> <td> 50th Percentile </td> <td> 75th Percentile </td> </tr> <tr> <td> SAT Composite </td> <td> 1170 </td> <td> 1260 </td> <td> 1350 </td> </tr> <tr> <td> SAT Evidence-Based Reading and </td> <td> 580 </td> <td> 620 </td> <td> 670 </td> </tr> <tr> <td> SAT Math </td> <td> 580 </td> <td> 640 </td> <td> 690 </td> </tr> <tr> <td> ACT Composite </td> <td> 24 </td> <td> 26 </td> <td> 29 </td> </tr> <tr> <td> ACT Math </td> <td> 23 </td> <td> 26 </td> <td> 29 </td> </tr> <tr> <td> ACT English </td> <td> 23 </td> <td> 25 </td> <td> 30 </td> </tr> <tr> <td> ACT Writing </td> <td> </td> <td> </td> <td> </td> </tr> <tr> <td> ACT Science </td> <td> 24 </td> <td> 26 </td> <td> 30 </td> </tr> <tr> <td> ACT Reading </td> <td> 24 </td> <td> 28 </td> <td> 32 </td> </tr> </table><div class=""separator""></div><table> <tr> <td> Score Range </td> <td> SAT Evidence- </td> <td> SAT Math </td> </tr> <tr> <td> 700-800 </td> <td> 16.36% </td> <td> 24.47% </td> </tr> <tr> <td> 600-699 </td> <td> 50.61% </td> <td> 44.26% </td> </tr> <tr> <td> 500-599 </td> <td> 28.18% </td> <td> 26.59% </td> </tr> <tr> <td> 400-499 </td> <td> 4.85% </td> <td> 4.38% </td> </tr> <tr> <td> 300-399 </td> <td> </td> <td> 0.30% </td> </tr> <tr> <td> 200-299 </td> <td> </td> <td> </td> </tr> <tr> <td> Totals should = 100% </td> <td> 100.00% </td> <td> 100.00% </td> </tr> </table><div class=""separator""></div><table> <tr> <td> Score Range </td> <td> SAT Composite </td> </tr> <tr> <td> 1400-1600 </td> <td> 17% </td> </tr> <tr> <td> 1200-1399 </td> <td> 49% </td> </tr> <tr> <td> 1000-1199 </td> <td> 30% </td> </tr> <tr> <td> 800-999 </td> <td> 4% </td> </tr> <tr> <td> 600-799 </td> <td> </td> </tr> <tr> <td> 400-599 </td> <td> </td> </tr> <tr> <td> Totals should = 100% </td> <td> 100.00% </td> </tr> </table><div class=""separator""></div><table> <tr> <td> Score Range </td> <td> ACT Composite </td> <td> ACT English </td> <td> ACT Math </td> <td> ACT Reading </td> <td> ACT Science </td> </tr> <tr> <td> 30-36 </td> <td> 23.96% </td> <td> 26.20% </td> <td> 21.15% </td> <td> </td> <td> </td> </tr> <tr> <td> 24-29 </td> <td> 53.72% </td> <td> 41.88% </td> <td> 52.47% </td> <td> </td> <td> </td> </tr> <tr> <td> 18-23 </td> <td> 20.20% </td> <td> 27.30% </td> <td> 21.22% </td> <td> </td> <td> </td> </tr> <tr> <td> 12-17 </td> <td> 2.12% </td> <td> 4.25% </td> <td> 5.16% </td> <td> </td> <td> </td> </tr> <tr> <td> 6-11 </td> <td> </td> <td> 0.37% </td> <td> </td> <td> </td> <td> </td> </tr> <tr> <td> Below 6 </td> <td> </td> <td> </td> <td> </td> <td> </td> <td> </td> </tr> <tr> <td> Totals should = 100% </td> <td> 100.00% </td> <td> 100.00% </td> <td> 100.00% </td> <td> 0.00% </td> <td> 0.00% </td> </tr> </table>",201885,../data/cds-docs/2022-2023/201885.pdf,2022-2023
C,10,C10,"Percent of all degree-seeking, first-time, first-year students who had high school class rank within","[[{0: 'Assessment', 1: 'Percent'}, {0: 'Percent in top tenth of high school graduating class', 1: '23%'}, {0: 'Percent in top quarter of high school graduating class', 1: '50%'}, {0: 'Percent in top half of high school graduating class', 1: '83%'}, {0: 'Percent in bottom half of high school graduating class', 1: '17%'}, {0: 'Percent in bottom quarter of high school graduating class', 1: '2%'}, {0: 'Percent of total first-time, first-year students who submitted high school\nclass rank:', 1: '45%'}]]","<table> <tr> <td> Assessment </td> <td> Percent </td> </tr> <tr> <td> Percent in top tenth of high school graduating class </td> <td> 23% </td> </tr> <tr> <td> Percent in top quarter of high school graduating class </td> <td> 50% </td> </tr> <tr> <td> Percent in top half of high school graduating class </td> <td> 83% </td> </tr> <tr> <td> Percent in bottom half of high school graduating class </td> <td> 17% </td> </tr> <tr> <td> Percent in bottom quarter of high school graduating class </td> <td> 2% </td> </tr> <tr> <td> Percent of total first-time, first-year students who submitted high school <br/> class rank: </td> <td> 45% </td> </tr> </table>",201885,../data/cds-docs/2022-2023/201885.pdf,2022-2023
C,11,C11,"Percentage of all enrolled, degree-seeking, first-time, first-year students who had high school grade-","[[{0: 'Score Range', 1: 'Percent'}, {0: 'Percent who had GPA of 4.0', 1: '29.59%'}, {0: 'Percent who had GPA between 3.75 and 3.99', 1: '22.33%'}, {0: 'Percent who had GPA between 3.50 and 3.74', 1: '18.68%'}, {0: 'Percent who had GPA between 3.25 and 3.49', 1: '13.43%'}, {0: 'Percent who had GPA between 3.00 and 3.24', 1: '9.20%'}, {0: 'Percent who had GPA between 2.50 and 2.99', 1: '6.32%'}, {0: 'Percent who had GPA between 2.0 and 2.49', 1: '0.41%'}, {0: 'Percent who had GPA between 1.0 and 1.99', 1: '0.05%'}, {0: 'Percent who had GPA below 1.0', 1: '0.00%'}, {0: 'Totals should = 100%', 1: '100.0%'}]]",<table> <tr> <td> Score Range </td> <td> Percent </td> </tr> <tr> <td> Percent who had GPA of 4.0 </td> <td> 29.59% </td> </tr> <tr> <td> Percent who had GPA between 3.75 and 3.99 </td> <td> 22.33% </td> </tr> <tr> <td> Percent who had GPA between 3.50 and 3.74 </td> <td> 18.68% </td> </tr> <tr> <td> Percent who had GPA between 3.25 and 3.49 </td> <td> 13.43% </td> </tr> <tr> <td> Percent who had GPA between 3.00 and 3.24 </td> <td> 9.20% </td> </tr> <tr> <td> Percent who had GPA between 2.50 and 2.99 </td> <td> 6.32% </td> </tr> <tr> <td> Percent who had GPA between 2.0 and 2.49 </td> <td> 0.41% </td> </tr> <tr> <td> Percent who had GPA between 1.0 and 1.99 </td> <td> 0.05% </td> </tr> <tr> <td> Percent who had GPA below 1.0 </td> <td> 0.00% </td> </tr> <tr> <td> Totals should = 100% </td> <td> 100.0% </td> </tr> </table>,201885,../data/cds-docs/2022-2023/201885.pdf,2022-2023
C,14,C14,Application closing date,"[[{0: '', 1: 'Date'}, {0: 'Application closing date (fall)', 1: '3/1'}, {0: 'Priority Date', 1: '12/1'}]]",<table> <tr> <td> </td> <td> Date </td> </tr> <tr> <td> Application closing date (fall) </td> <td> 3/1 </td> </tr> <tr> <td> Priority Date </td> <td> 12/1 </td> </tr> </table>,201885,../data/cds-docs/2022-2023/201885.pdf,2022-2023
D,2,D2,"Provide the number of students who applied, were admitted, and enrolled as degree-seeking transfer","[[{0: '', 1: 'Applicants', 2: 'Admitted', 3: 'Enrolled'}, {0: 'Men', 1: '1,777', 2: '974', 3: '503'}, {0: 'Women', 1: '3,043', 2: '1,559', 3: '844'}, {0: 'Another Gender', 1: '', 2: '', 3: ''}, {0: 'Total', 1: '4,820', 2: '2,533', 3: '1,347'}]]","<table> <tr> <td> </td> <td> Applicants </td> <td> Admitted </td> <td> Enrolled </td> </tr> <tr> <td> Men </td> <td> 1,777 </td> <td> 974 </td> <td> 503 </td> </tr> <tr> <td> Women </td> <td> 3,043 </td> <td> 1,559 </td> <td> 844 </td> </tr> <tr> <td> Another Gender </td> <td> </td> <td> </td> <td> </td> </tr> <tr> <td> Total </td> <td> 4,820 </td> <td> 2,533 </td> <td> 1,347 </td> </tr> </table>",201885,../data/cds-docs/2022-2023/201885.pdf,2022-2023
D,9,D9,Fall 7/1 8/1,"[[{0: '', 1: 'Priority Date', 2: 'Closing Date', 3: 'Notification Date', 4: 'Reply Date'}, {0: 'Fall', 1: '7/1', 2: '', 3: '', 4: '8/1'}, {0: 'Winter', 1: '', 2: '', 3: '', 4: ''}, {0: 'Spring', 1: '11/1', 2: '', 3: '', 4: '12/1'}, {0: 'Summer', 1: '3/1', 2: '', 3: '', 4: '4/1'}]]",<table> <tr> <td> </td> <td> Priority Date </td> <td> Closing Date </td> <td> Notification Date </td> <td> Reply Date </td> </tr> <tr> <td> Fall </td> <td> 7/1 </td> <td> </td> <td> </td> <td> 8/1 </td> </tr> <tr> <td> Winter </td> <td> </td> <td> </td> <td> </td> <td> </td> </tr> <tr> <td> Spring </td> <td> 11/1 </td> <td> </td> <td> </td> <td> 12/1 </td> </tr> <tr> <td> Summer </td> <td> 3/1 </td> <td> </td> <td> </td> <td> 4/1 </td> </tr> </table>,201885,../data/cds-docs/2022-2023/201885.pdf,2022-2023
F,1,F1,"Percentages of first-time, first-year degree-seeking students and degree-seeking","[[{0: '', 1: 'First-time, first\ufffe\nyear students', 2: 'Undergraduate\ns'}, {0: 'Percent who are from out of state (exclude\ninternational/nonresidents from the numerator and\ndenominator)', 1: '19%', 2: '19%'}, {0: 'Percent of men who join fraternities', 1: '', 2: ''}, {0: 'Percent of women who join sororities', 1: '', 2: ''}, {0: 'Percent who live in college-owned, -operated, or -\naffiliated housing', 1: '76%', 2: '25%'}, {0: 'Percent who live off campus or commute', 1: '24%', 2: '75%'}, {0: 'Percent of students age 25 and older', 1: '0%', 2: '10%'}, {0: 'Average age of full-time students', 1: '18', 2: '20'}, {0: 'Average age of all students (full- and part-time)', 1: '18', 2: '21'}]]","<table> <tr> <td> </td> <td> First-time, first￾ <br/> year students </td> <td> Undergraduate <br/> s </td> </tr> <tr> <td> Percent who are from out of state (exclude <br/> international/nonresidents from the numerator and <br/> denominator) </td> <td> 19% </td> <td> 19% </td> </tr> <tr> <td> Percent of men who join fraternities </td> <td> </td> <td> </td> </tr> <tr> <td> Percent of women who join sororities </td> <td> </td> <td> </td> </tr> <tr> <td> Percent who live in college-owned, -operated, or - <br/> affiliated housing </td> <td> 76% </td> <td> 25% </td> </tr> <tr> <td> Percent who live off campus or commute </td> <td> 24% </td> <td> 75% </td> </tr> <tr> <td> Percent of students age 25 and older </td> <td> 0% </td> <td> 10% </td> </tr> <tr> <td> Average age of full-time students </td> <td> 18 </td> <td> 20 </td> </tr> <tr> <td> Average age of all students (full- and part-time) </td> <td> 18 </td> <td> 21 </td> </tr> </table>",201885,../data/cds-docs/2022-2023/201885.pdf,2022-2023
F,3,F3,ROTC (program offered in cooperation with Reserve Officers' Training Corps),"[[{0: '', 1: 'Marine Option\n(for Naval', 2: 'On Campus', 3: 'At Cooperating Institution', 4: 'Name of\nCooperating'}, {0: 'Army ROTC is offered:', 1: '', 2: 'x', 3: '', 4: ''}, {0: 'Naval ROTC is offered:', 1: '', 2: '', 3: '', 4: ''}, {0: 'Air Force ROTC is offered:', 1: '', 2: 'x', 3: '', 4: ''}]]",<table> <tr> <td> </td> <td> Marine Option <br/> (for Naval </td> <td> On Campus </td> <td> At Cooperating Institution </td> <td> Name of <br/> Cooperating </td> </tr> <tr> <td> Army ROTC is offered: </td> <td> </td> <td> x </td> <td> </td> <td> </td> </tr> <tr> <td> Naval ROTC is offered: </td> <td> </td> <td> </td> <td> </td> <td> </td> </tr> <tr> <td> Air Force ROTC is offered: </td> <td> </td> <td> x </td> <td> </td> <td> </td> </tr> </table>,201885,../data/cds-docs/2022-2023/201885.pdf,2022-2023
G,1,G1,First-Year Undergraduates,"[[{0: '', 1: 'First-Year', 2: 'Undergraduates'}, {0: 'PRIVATE INSTITUTIONS', 1: '', 2: ''}, {0: 'Tuition:', 1: '', 2: ''}, {0: 'PUBLIC INSTITUTIONS', 1: '', 2: ''}, {0: 'Tuition: In-district', 1: '', 2: ''}, {0: 'Tuition: In-state (out-of-district):', 1: '', 2: ''}, {0: 'Tuition: Out-of-state:', 1: '', 2: ''}, {0: 'Tuition: Non-resident', 1: '', 2: ''}, {0: 'FOR ALL INSTITUTIONS', 1: 'FOR ALL INSTITUTIONS', 2: 'FOR ALL INSTITUTIONS'}, {0: 'Required Fees', 1: '', 2: ''}, {0: 'Room and Board (on-campus):', 1: '', 2: ''}, {0: 'Room Only (on-campus):', 1: '', 2: ''}, {0: 'Board Only (on-campus meal plan):', 1: '', 2: ''}]]","<table> <tr> <td> </td> <td> First-Year </td> <td> Undergraduates </td> </tr> <tr> <td> PRIVATE INSTITUTIONS </td> <td> </td> <td> </td> </tr> <tr> <td> Tuition: </td> <td> </td> <td> </td> </tr> <tr> <td> PUBLIC INSTITUTIONS </td> <td> </td> <td> </td> </tr> <tr> <td> Tuition: In-district </td> <td> </td> <td> </td> </tr> <tr> <td> Tuition: In-state (out-of-district): </td> <td> </td> <td> </td> </tr> <tr> <td> Tuition: Out-of-state: </td> <td> </td> <td> </td> </tr> <tr> <td> Tuition: Non-resident </td> <td> </td> <td> </td> </tr> <tr> <td colspan=""3""> FOR ALL INSTITUTIONS </td> </tr> <tr> <td> Required Fees </td> <td> </td> <td> </td> </tr> <tr> <td> Room and Board (on-campus): </td> <td> </td> <td> </td> </tr> <tr> <td> Room Only (on-campus): </td> <td> </td> <td> </td> </tr> <tr> <td> Board Only (on-campus meal plan): </td> <td> </td> <td> </td> </tr> </table>",201885,../data/cds-docs/2022-2023/201885.pdf,2022-2023
G,5,G5,Provide the estimated expenses for a typical full-time undergraduate student:,"[[{0: '', 1: 'Residents', 2: 'Commuters', 3: 'Commuters'}, {0: 'Books and supplies:', 1: '', 2: '', 3: ''}, {0: 'Room only:', 1: '', 2: '', 3: ''}, {0: 'Board only:', 1: '', 2: '', 3: ''}, {0: 'Room and board total*', 1: '', 2: '', 3: ''}, {0: 'Transportation:', 1: '', 2: '', 3: ''}, {0: 'Other expenses:', 1: '', 2: '', 3: ''}]]",<table> <tr> <td> </td> <td> Residents </td> <td> Commuters </td> <td> Commuters </td> </tr> <tr> <td> Books and supplies: </td> <td> </td> <td> </td> <td> </td> </tr> <tr> <td> Room only: </td> <td> </td> <td> </td> <td> </td> </tr> <tr> <td> Board only: </td> <td> </td> <td> </td> <td> </td> </tr> <tr> <td> Room and board total* </td> <td> </td> <td> </td> <td> </td> </tr> <tr> <td> Transportation: </td> <td> </td> <td> </td> <td> </td> </tr> <tr> <td> Other expenses: </td> <td> </td> <td> </td> <td> </td> </tr> </table>,201885,../data/cds-docs/2022-2023/201885.pdf,2022-2023
H,2,H2,Number of Enrolled Students Awarded Aid: List the number of degree-seeking full-time and less-than-,"[[{0: '', 1: '', 2: 'Full-time\nFirst-time\nFirst-year', 3: 'Full-time\nUndergrad\n(Incl. Fresh)', 4: 'Less Full-time Than\nUndergrad'}, {0: 'A', 1: 'Number of degree-seeking undergraduate students\n(CDS Item B1 if reporting on Fall 2022 cohort)', 2: '5347', 3: '24120', 4: '3351'}, {0: 'B', 1: 'Number of students in line a who applied for need\ufffe\nbased financial aid', 2: '4524', 3: '15996', 4: '1847'}, {0: 'C', 1: 'Number of students in line b who were determined to', 2: '2735', 3: '10680', 4: '1494'}, {0: 'D', 1: 'Number of students in line c who were awarded any', 2: '2597', 3: '10193', 4: '1415'}, {0: 'E', 1: 'Number of students in line d who were awarded any', 2: '2120', 3: '8082', 4: '1096'}, {0: 'F', 1: 'Number of students in line d who were awarded any', 2: '1746', 3: '6866', 4: '935'}, {0: 'G', 1: 'Number of students in line d who were awarded any', 2: '221', 3: '635', 4: '24'}, {0: 'H', 1: 'Number of students in line d whose need was fully met', 2: '284', 3: '943', 4: '81'}, {0: 'I', 1: 'On average, the percentage of need that was met of', 2: '49.0%', 3: '46.0%', 4: '35.0%'}, {0: 'J', 1: 'The average financial aid package of those in line d.', 2: '$ 9,853', 3: '$ 9,709', 4: '$ 7,568'}, {0: 'K', 1: 'Average need-based scholarship and grant award of\nthose in line e', 2: '$ 9,349', 3: '$ 8,693', 4: '$ 6,501'}, {0: 'L', 1: 'Average need-based self-help award (excluding PLUS\nloans, unsubsidized loans, and private alternative loans)', 2: '$ 3,322', 3: '$ 4,226', 4: '$ 3,924'}, {0: 'L', 1: 'of those in line f', 2: '$ 3,322', 3: '$ 4,226', 4: '$ 3,924'}, {0: 'M', 1: 'Average need-based loan (excluding PLUS loans,', 2: '$ 3,257', 3: '$ 4,115', 4: '$ 3,896'}], [{0: '', 1: '', 2: 'Full-time\nFirst-time\nFirst-year', 3: 'Full-time\nUndergrad\n(Incl. Fresh.)', 4: 'Less Full-time Than\nUndergrad'}, {0: 'N', 1: 'Number of students in line a who had no financial need\nand who were awarded institutional non-need-based\nscholarship or grant aid (exclude those who were\nawarded athletic awards and tuition benefits)', 2: '1267', 3: '5308', 4: '209'}, {0: 'O', 1: 'Average dollar amount of institutional non-need-based', 2: '$ 7,401', 3: '$ 6,182', 4: '$ 3,909'}, {0: 'P', 1: 'Number of students in line a who were awarded an', 2: '55', 3: '257', 4: '9'}, {0: 'Q', 1: 'Average dollar amount of institutional non-need-based', 2: '$ 15,400', 3: '$ 15,448', 4: '$ 15,693'}]]","<table> <tr> <td> </td> <td> </td> <td> Full-time <br/> First-time <br/> First-year </td> <td> Full-time <br/> Undergrad <br/> (Incl. Fresh) </td> <td> Less Full-time Than <br/> Undergrad </td> </tr> <tr> <td> A </td> <td> Number of degree-seeking undergraduate students <br/> (CDS Item B1 if reporting on Fall 2022 cohort) </td> <td> 5347 </td> <td> 24120 </td> <td> 3351 </td> </tr> <tr> <td> B </td> <td> Number of students in line a who applied for need￾ <br/> based financial aid </td> <td> 4524 </td> <td> 15996 </td> <td> 1847 </td> </tr> <tr> <td> C </td> <td> Number of students in line b who were determined to </td> <td> 2735 </td> <td> 10680 </td> <td> 1494 </td> </tr> <tr> <td> D </td> <td> Number of students in line c who were awarded any </td> <td> 2597 </td> <td> 10193 </td> <td> 1415 </td> </tr> <tr> <td> E </td> <td> Number of students in line d who were awarded any </td> <td> 2120 </td> <td> 8082 </td> <td> 1096 </td> </tr> <tr> <td> F </td> <td> Number of students in line d who were awarded any </td> <td> 1746 </td> <td> 6866 </td> <td> 935 </td> </tr> <tr> <td> G </td> <td> Number of students in line d who were awarded any </td> <td> 221 </td> <td> 635 </td> <td> 24 </td> </tr> <tr> <td> H </td> <td> Number of students in line d whose need was fully met </td> <td> 284 </td> <td> 943 </td> <td> 81 </td> </tr> <tr> <td> I </td> <td> On average, the percentage of need that was met of </td> <td> 49.0% </td> <td> 46.0% </td> <td> 35.0% </td> </tr> <tr> <td> J </td> <td> The average financial aid package of those in line d. </td> <td> $ 9,853 </td> <td> $ 9,709 </td> <td> $ 7,568 </td> </tr> <tr> <td> K </td> <td> Average need-based scholarship and grant award of <br/> those in line e </td> <td> $ 9,349 </td> <td> $ 8,693 </td> <td> $ 6,501 </td> </tr> <tr> <td rowspan=""2""> L </td> <td> Average need-based self-help award (excluding PLUS <br/> loans, unsubsidized loans, and private alternative loans) </td> <td rowspan=""2""> $ 3,322 </td> <td rowspan=""2""> $ 4,226 </td> <td rowspan=""2""> $ 3,924 </td> </tr> <tr> <td> of those in line f </td> </tr> <tr> <td> M </td> <td> Average need-based loan (excluding PLUS loans, </td> <td> $ 3,257 </td> <td> $ 4,115 </td> <td> $ 3,896 </td> </tr> </table><div class=""separator""></div><table> <tr> <td> </td> <td> </td> <td> Full-time <br/> First-time <br/> First-year </td> <td> Full-time <br/> Undergrad <br/> (Incl. Fresh.) </td> <td> Less Full-time Than <br/> Undergrad </td> </tr> <tr> <td> N </td> <td> Number of students in line a who had no financial need <br/> and who were awarded institutional non-need-based <br/> scholarship or grant aid (exclude those who were <br/> awarded athletic awards and tuition benefits) </td> <td> 1267 </td> <td> 5308 </td> <td> 209 </td> </tr> <tr> <td> O </td> <td> Average dollar amount of institutional non-need-based </td> <td> $ 7,401 </td> <td> $ 6,182 </td> <td> $ 3,909 </td> </tr> <tr> <td> P </td> <td> Number of students in line a who were awarded an </td> <td> 55 </td> <td> 257 </td> <td> 9 </td> </tr> <tr> <td> Q </td> <td> Average dollar amount of institutional non-need-based </td> <td> $ 15,400 </td> <td> $ 15,448 </td> <td> $ 15,693 </td> </tr> </table>",201885,../data/cds-docs/2022-2023/201885.pdf,2022-2023
H,5,H5,"Number and percent of students in class (defined in H4 above) borrowing from federal, non-federal,","[[{0: 'Source/Type of Loan', 1: 'Source/Type of Loan', 2: 'Number in the\nclass (defined\nin H4 above)\nwho borrowed\nfrom the types\nof loans\nspecified in the\nfirst column', 3: 'Percent of the\nclass (defined\nabove) who\nborrowed from\nthe types of\nloans specified\nin column the first\n(nearest 1%)', 4: 'Average per\ufffe\nundergraduate\ufffe\nborrower\ncumulative\nprincipal\nborrowed from\nthe types of\nloans specified\nin column the first\n(nearest $1)'}, {0: 'A', 1: 'Any loan program: Federal Perkins, Federal Stafford\nSubsidized and Unsubsidized, institutional, state,\nprivate loans that your institution is aware of, etc.\nInclude both Federal Direct Student Loans and Federal\nFamily Education Loans.', 2: '2,629', 3: '56.80%', 4: '$24,936'}, {0: 'B', 1: 'Federal loan programs: Federal Perkins, Federal\nStafford Subsidized and Unsubsidized. Include both\nFederal Direct Student Loans and Federal Family\nEducation Loans.', 2: '2,573', 3: '55.60%', 4: '$20,580'}, {0: 'C', 1: 'Institutional loan programs.', 2: '5', 3: '0.00%', 4: '$3,101'}, {0: 'D', 1: 'State loan programs.', 2: '1', 3: '0.00%', 4: '$2,301'}, {0: 'E', 1: 'Private student loans made by a bank or lender.', 2: '470', 3: '10.20%', 4: '$26,779'}]]","<table> <tr> <td colspan=""2""> Source/Type of Loan </td> <td> Number in the <br/> class (defined <br/> in H4 above) <br/> who borrowed <br/> from the types <br/> of loans <br/> specified in the <br/> first column </td> <td> Percent of the <br/> class (defined <br/> above) who <br/> borrowed from <br/> the types of <br/> loans specified <br/> in column the first <br/> (nearest 1%) </td> <td> Average per￾ <br/> undergraduate￾ <br/> borrower <br/> cumulative <br/> principal <br/> borrowed from <br/> the types of <br/> loans specified <br/> in column the first <br/> (nearest $1) </td> </tr> <tr> <td> A </td> <td> Any loan program: Federal Perkins, Federal Stafford <br/> Subsidized and Unsubsidized, institutional, state, <br/> private loans that your institution is aware of, etc. <br/> Include both Federal Direct Student Loans and Federal <br/> Family Education Loans. </td> <td> 2,629 </td> <td> 56.80% </td> <td> $24,936 </td> </tr> <tr> <td> B </td> <td> Federal loan programs: Federal Perkins, Federal <br/> Stafford Subsidized and Unsubsidized. Include both <br/> Federal Direct Student Loans and Federal Family <br/> Education Loans. </td> <td> 2,573 </td> <td> 55.60% </td> <td> $20,580 </td> </tr> <tr> <td> C </td> <td> Institutional loan programs. </td> <td> 5 </td> <td> 0.00% </td> <td> $3,101 </td> </tr> <tr> <td> D </td> <td> State loan programs. </td> <td> 1 </td> <td> 0.00% </td> <td> $2,301 </td> </tr> <tr> <td> E </td> <td> Private student loans made by a bank or lender. </td> <td> 470 </td> <td> 10.20% </td> <td> $26,779 </td> </tr> </table>",201885,../data/cds-docs/2022-2023/201885.pdf,2022-2023
H,14,H14,Check off criteria used in awarding institutional aid. Check all that apply.,"[[{0: '', 1: 'Non-Need Based', 2: 'Need-Based'}, {0: 'Academics', 1: 'X', 2: ''}, {0: 'Alumni affiliation', 1: 'X', 2: ''}, {0: 'Art', 1: 'X', 2: ''}, {0: 'Athletics', 1: 'X', 2: ''}, {0: 'Job skills', 1: '', 2: ''}, {0: 'ROTC', 1: 'X', 2: ''}, {0: 'Leadership', 1: '', 2: ''}, {0: 'Minority status', 1: 'X', 2: ''}, {0: 'Music/drama', 1: 'X', 2: ''}, {0: 'Religious affiliation', 1: '', 2: ''}, {0: 'State/district residency', 1: 'X', 2: ''}]]",<table> <tr> <td> </td> <td> Non-Need Based </td> <td> Need-Based </td> </tr> <tr> <td> Academics </td> <td> X </td> <td> </td> </tr> <tr> <td> Alumni affiliation </td> <td> X </td> <td> </td> </tr> <tr> <td> Art </td> <td> X </td> <td> </td> </tr> <tr> <td> Athletics </td> <td> X </td> <td> </td> </tr> <tr> <td> Job skills </td> <td> </td> <td> </td> </tr> <tr> <td> ROTC </td> <td> X </td> <td> </td> </tr> <tr> <td> Leadership </td> <td> </td> <td> </td> </tr> <tr> <td> Minority status </td> <td> X </td> <td> </td> </tr> <tr> <td> Music/drama </td> <td> X </td> <td> </td> </tr> <tr> <td> Religious affiliation </td> <td> </td> <td> </td> </tr> <tr> <td> State/district residency </td> <td> X </td> <td> </td> </tr> </table>,201885,../data/cds-docs/2022-2023/201885.pdf,2022-2023
J,1,J1,"Degrees conferred between July 1, 2021 and June 30, 2022","[[{0: 'Category', 1: 'Diploma/Certificates', 2: 'Associate', 3: 'Bachelor’s', 4: 'CIP 2020 Categories\nto Include'}, {0: 'Agriculture', 1: '1.36%', 2: '', 3: '0.08%', 4: '01'}, {0: 'Natural resources and conservation', 1: '', 2: '', 3: '1.03%', 4: '03'}, {0: 'Architecture', 1: '4.20%', 2: '', 3: '1.56%', 4: '04'}, {0: 'Area, ethnic, and gender studies', 1: '0.91%', 2: '', 3: '0.14%', 4: '05'}, {0: 'Communication/journalism', 1: '14.42%', 2: '', 3: '5.09%', 4: '09'}, {0: 'Communication technologies', 1: '', 2: '', 3: '', 4: '10'}, {0: 'Computer and information sciences', 1: '3.41%', 2: '', 3: '6.20%', 4: '11'}, {0: 'Personal and culinary services', 1: '', 2: '', 3: '', 4: '12'}, {0: 'Education', 1: '13.85%', 2: '95.56%', 3: '3.73%', 4: '13'}, {0: 'Engineering', 1: '0.57%', 2: '', 3: '11.84%', 4: '14'}, {0: 'Engineering technologies', 1: '', 2: '', 3: '0.33%', 4: '15'}, {0: 'Foreign languages, literatures, and linguistics', 1: '6.92%', 2: '', 3: '0.48%', 4: '16'}, {0: 'Family and consumer sciences', 1: '', 2: '', 3: '0.34%', 4: '19'}, {0: 'Law/legal studies', 1: '7.95%', 2: '', 3: '0.12%', 4: '22'}, {0: 'English', 1: '2.38%', 2: '', 3: '1.02%', 4: '23'}, {0: 'Liberal arts/general studies', 1: '2.61%', 2: '', 3: '0.28%', 4: '24'}, {0: 'Library science', 1: '', 2: '', 3: '', 4: '25'}, {0: 'Biological/life sciences', 1: '', 2: '', 3: '7.07%', 4: '26'}, {0: 'Mathematics and statistics', 1: '', 2: '', 3: '0.52%', 4: '27'}, {0: 'Military science and military technologies', 1: '', 2: '', 3: '', 4: '28 & 29'}, {0: 'Interdisciplinary studies', 1: '4.88%', 2: '', 3: '2.78%', 4: '30'}, {0: 'Parks and recreation', 1: '', 2: '', 3: '2.20%', 4: '31'}, {0: 'Philosophy and religious studies', 1: '0.11%', 2: '', 3: '0.23%', 4: '38'}, {0: 'Theology and religious vocations', 1: '', 2: '', 3: '', 4: '39'}, {0: 'Physical sciences', 1: '', 2: '', 3: '1.33%', 4: '40'}, {0: 'Science technologies', 1: '', 2: '', 3: '', 4: '41'}, {0: 'Psychology', 1: '0.68%', 2: '', 3: '4.55%', 4: '42'}, {0: 'Homeland Security, law enforcement, firefighting,', 1: '6.13%', 2: '4.44%', 3: '3.52%', 4: '43'}, {0: 'Public administration and social services', 1: '0.91%', 2: '', 3: '1.09%', 4: '44'}, {0: 'Social sciences', 1: '2.95%', 2: '', 3: '3.58%', 4: '45'}, {0: 'Construction trades', 1: '', 2: '', 3: '', 4: '46'}, {0: 'Mechanic and repair technologies', 1: '', 2: '', 3: '', 4: '47'}, {0: 'Precision production', 1: '', 2: '', 3: '', 4: '48'}, {0: 'Transportation and materials moving', 1: '', 2: '', 3: '', 4: '49'}, {0: 'Visual and performing arts', 1: '4.99%', 2: '', 3: '6.50%', 4: '50'}, {0: 'Health professions and related programs', 1: '13.62%', 2: '', 3: '13.65%', 4: '51'}, {0: 'Business/marketing', 1: '6.81%', 2: '', 3: '20.40%', 4: '52'}, {0: 'History', 1: '', 2: '', 3: '0.36%', 4: '54'}, {0: 'Other', 1: '0.34%', 2: '', 3: '', 4: ''}, {0: 'TOTAL (should = 100%)', 1: '100.00%', 2: '100.00%', 3: '100.00%', 4: ''}]]","<table> <tr> <td> Category </td> <td> Diploma/Certificates </td> <td> Associate </td> <td> Bachelor’s </td> <td> CIP 2020 Categories <br/> to Include </td> </tr> <tr> <td> Agriculture </td> <td> 1.36% </td> <td> </td> <td> 0.08% </td> <td> 01 </td> </tr> <tr> <td> Natural resources and conservation </td> <td> </td> <td> </td> <td> 1.03% </td> <td> 03 </td> </tr> <tr> <td> Architecture </td> <td> 4.20% </td> <td> </td> <td> 1.56% </td> <td> 04 </td> </tr> <tr> <td> Area, ethnic, and gender studies </td> <td> 0.91% </td> <td> </td> <td> 0.14% </td> <td> 05 </td> </tr> <tr> <td> Communication/journalism </td> <td> 14.42% </td> <td> </td> <td> 5.09% </td> <td> 09 </td> </tr> <tr> <td> Communication technologies </td> <td> </td> <td> </td> <td> </td> <td> 10 </td> </tr> <tr> <td> Computer and information sciences </td> <td> 3.41% </td> <td> </td> <td> 6.20% </td> <td> 11 </td> </tr> <tr> <td> Personal and culinary services </td> <td> </td> <td> </td> <td> </td> <td> 12 </td> </tr> <tr> <td> Education </td> <td> 13.85% </td> <td> 95.56% </td> <td> 3.73% </td> <td> 13 </td> </tr> <tr> <td> Engineering </td> <td> 0.57% </td> <td> </td> <td> 11.84% </td> <td> 14 </td> </tr> <tr> <td> Engineering technologies </td> <td> </td> <td> </td> <td> 0.33% </td> <td> 15 </td> </tr> <tr> <td> Foreign languages, literatures, and linguistics </td> <td> 6.92% </td> <td> </td> <td> 0.48% </td> <td> 16 </td> </tr> <tr> <td> Family and consumer sciences </td> <td> </td> <td> </td> <td> 0.34% </td> <td> 19 </td> </tr> <tr> <td> Law/legal studies </td> <td> 7.95% </td> <td> </td> <td> 0.12% </td> <td> 22 </td> </tr> <tr> <td> English </td> <td> 2.38% </td> <td> </td> <td> 1.02% </td> <td> 23 </td> </tr> <tr> <td> Liberal arts/general studies </td> <td> 2.61% </td> <td> </td> <td> 0.28% </td> <td> 24 </td> </tr> <tr> <td> Library science </td> <td> </td> <td> </td> <td> </td> <td> 25 </td> </tr> <tr> <td> Biological/life sciences </td> <td> </td> <td> </td> <td> 7.07% </td> <td> 26 </td> </tr> <tr> <td> Mathematics and statistics </td> <td> </td> <td> </td> <td> 0.52% </td> <td> 27 </td> </tr> <tr> <td> Military science and military technologies </td> <td> </td> <td> </td> <td> </td> <td> 28 &amp; 29 </td> </tr> <tr> <td> Interdisciplinary studies </td> <td> 4.88% </td> <td> </td> <td> 2.78% </td> <td> 30 </td> </tr> <tr> <td> Parks and recreation </td> <td> </td> <td> </td> <td> 2.20% </td> <td> 31 </td> </tr> <tr> <td> Philosophy and religious studies </td> <td> 0.11% </td> <td> </td> <td> 0.23% </td> <td> 38 </td> </tr> <tr> <td> Theology and religious vocations </td> <td> </td> <td> </td> <td> </td> <td> 39 </td> </tr> <tr> <td> Physical sciences </td> <td> </td> <td> </td> <td> 1.33% </td> <td> 40 </td> </tr> <tr> <td> Science technologies </td> <td> </td> <td> </td> <td> </td> <td> 41 </td> </tr> <tr> <td> Psychology </td> <td> 0.68% </td> <td> </td> <td> 4.55% </td> <td> 42 </td> </tr> <tr> <td> Homeland Security, law enforcement, firefighting, </td> <td> 6.13% </td> <td> 4.44% </td> <td> 3.52% </td> <td> 43 </td> </tr> <tr> <td> Public administration and social services </td> <td> 0.91% </td> <td> </td> <td> 1.09% </td> <td> 44 </td> </tr> <tr> <td> Social sciences </td> <td> 2.95% </td> <td> </td> <td> 3.58% </td> <td> 45 </td> </tr> <tr> <td> Construction trades </td> <td> </td> <td> </td> <td> </td> <td> 46 </td> </tr> <tr> <td> Mechanic and repair technologies </td> <td> </td> <td> </td> <td> </td> <td> 47 </td> </tr> <tr> <td> Precision production </td> <td> </td> <td> </td> <td> </td> <td> 48 </td> </tr> <tr> <td> Transportation and materials moving </td> <td> </td> <td> </td> <td> </td> <td> 49 </td> </tr> <tr> <td> Visual and performing arts </td> <td> 4.99% </td> <td> </td> <td> 6.50% </td> <td> 50 </td> </tr> <tr> <td> Health professions and related programs </td> <td> 13.62% </td> <td> </td> <td> 13.65% </td> <td> 51 </td> </tr> <tr> <td> Business/marketing </td> <td> 6.81% </td> <td> </td> <td> 20.40% </td> <td> 52 </td> </tr> <tr> <td> History </td> <td> </td> <td> </td> <td> 0.36% </td> <td> 54 </td> </tr> <tr> <td> Other </td> <td> 0.34% </td> <td> </td> <td> </td> <td> </td> </tr> <tr> <td> TOTAL (should = 100%) </td> <td> 100.00% </td> <td> 100.00% </td> <td> 100.00% </td> <td> </td> </tr> </table>",201885,../data/cds-docs/2022-2023/201885.pdf,2022-2023
B,1,B1,Institutional Enrollment - Men and Women,"[[{0: '', 1: 'FULL-TIME', 2: 'FULL-TIME', 3: 'PART-TIME', 4: 'PART-TIME'}, {0: '', 1: 'Men\nWomen', 2: 'Men\nWomen', 3: 'Men\nWomen', 4: 'Men\nWomen'}, {0: 'Undergraduates', 1: 'Undergraduates', 2: 'Undergraduates', 3: 'Undergraduates', 4: 'Undergraduates'}, {0: 'Degree-seeking, first-time\nfreshmen', 1: '2,679', 2: '2,668', 3: '17', 4: '36'}, {0: 'Other first-year, degree-seeking', 1: '451', 2: '362', 3: '183', 4: '165'}, {0: 'All other degree-seeking', 1: '9,294', 2: '8,760', 3: '1,050', 4: '1,900'}, {0: 'Total degree-seeking', 1: '12,424', 2: '11,790', 3: '1,250', 4: '2,101'}, {0: 'All other undergraduates\nenrolled in credit courses', 1: '70', 2: '70', 3: '559', 4: '646'}, {0: 'Total undergraduates', 1: '12,494', 2: '11,860', 3: '1,809', 4: '2,747'}, {0: 'Graduate', 1: 'Graduate', 2: 'Graduate', 3: 'Graduate', 4: 'Graduate'}, {0: 'Degree-seeking, first-time', 1: '954', 2: '1,094', 3: '297', 4: '791'}, {0: 'All other degree-seeking', 1: '1,628', 2: '2,268', 3: '1,319', 4: '2,874'}, {0: 'All other graduates enrolled in\ncredit courses', 1: '4', 2: '2', 3: '52', 4: '88'}, {0: 'Total graduate', 1: '2,586', 2: '3,364', 3: '1,668', 4: '3,753'}, {0: 'Total all students', 1: '15,080', 2: '15,224', 3: '3,477', 4: '6,500'}]]","<table> <tr> <td rowspan=""2""> </td> <td colspan=""2""> FULL-TIME </td> <td colspan=""2""> PART-TIME </td> </tr> <tr> <td colspan=""2""> Men <br/> Women </td> <td colspan=""2""> Men <br/> Women </td> </tr> <tr> <td colspan=""5""> Undergraduates </td> </tr> <tr> <td> Degree-seeking, first-time <br/> freshmen </td> <td> 2,679 </td> <td> 2,668 </td> <td> 17 </td> <td> 36 </td> </tr> <tr> <td> Other first-year, degree-seeking </td> <td> 451 </td> <td> 362 </td> <td> 183 </td> <td> 165 </td> </tr> <tr> <td> All other degree-seeking </td> <td> 9,294 </td> <td> 8,760 </td> <td> 1,050 </td> <td> 1,900 </td> </tr> <tr> <td> Total degree-seeking </td> <td> 12,424 </td> <td> 11,790 </td> <td> 1,250 </td> <td> 2,101 </td> </tr> <tr> <td> All other undergraduates <br/> enrolled in credit courses </td> <td> 70 </td> <td> 70 </td> <td> 559 </td> <td> 646 </td> </tr> <tr> <td> Total undergraduates </td> <td> 12,494 </td> <td> 11,860 </td> <td> 1,809 </td> <td> 2,747 </td> </tr> <tr> <td colspan=""5""> Graduate </td> </tr> <tr> <td> Degree-seeking, first-time </td> <td> 954 </td> <td> 1,094 </td> <td> 297 </td> <td> 791 </td> </tr> <tr> <td> All other degree-seeking </td> <td> 1,628 </td> <td> 2,268 </td> <td> 1,319 </td> <td> 2,874 </td> </tr> <tr> <td> All other graduates enrolled in <br/> credit courses </td> <td> 4 </td> <td> 2 </td> <td> 52 </td> <td> 88 </td> </tr> <tr> <td> Total graduate </td> <td> 2,586 </td> <td> 3,364 </td> <td> 1,668 </td> <td> 3,753 </td> </tr> <tr> <td> Total all students </td> <td> 15,080 </td> <td> 15,224 </td> <td> 3,477 </td> <td> 6,500 </td> </tr> </table>",201885,../data/cds-docs/2021-2022/201885.pdf,2021-2022
B,2,B2,Enrollment by Racial/Ethnic Category.,"[[{0: '', 1: 'Degree-Seeking\nFirst-Time\nFirst Year', 2: 'Degree-Seeking\nUndergraduates\n(include first-time\nfirst-year)', 3: 'Total\nUndergraduates\n(both degree- and\nnon-degree\ufffe\nseeking)'}, {0: 'Nonresident aliens', 1: '243', 2: '1,263', 3: '1,311'}, {0: 'Hispanic/Latino', 1: '245', 2: '1,055', 3: '1,111'}, {0: 'Black or African American, non-Hispanic', 1: '461', 2: '1,954', 3: '2,020'}, {0: 'White, non-Hispanic', 1: '3,825', 2: '19,839', 3: '20,833'}, {0: 'American Indian or Alaska Native, non-Hispanic', 1: '5', 2: '23', 3: '26'}, {0: 'Asian, non-Hispanic', 1: '312', 2: '1,408', 3: '1,481'}, {0: 'Native Hawaiian or other Pacific Islander, non\ufffe\nHispanic', 1: '0', 2: '9', 3: '9'}, {0: 'Two or more races, non-Hispanic', 1: '259', 2: '1,181', 3: '1,243'}, {0: 'Race and/or ethnicity unknown', 1: '50', 2: '833', 3: '876'}, {0: 'TOTAL', 1: '5,400', 2: '27,565', 3: '28,910'}]]","<table> <tr> <td> </td> <td> Degree-Seeking <br/> First-Time <br/> First Year </td> <td> Degree-Seeking <br/> Undergraduates <br/> (include first-time <br/> first-year) </td> <td> Total <br/> Undergraduates <br/> (both degree- and <br/> non-degree￾ <br/> seeking) </td> </tr> <tr> <td> Nonresident aliens </td> <td> 243 </td> <td> 1,263 </td> <td> 1,311 </td> </tr> <tr> <td> Hispanic/Latino </td> <td> 245 </td> <td> 1,055 </td> <td> 1,111 </td> </tr> <tr> <td> Black or African American, non-Hispanic </td> <td> 461 </td> <td> 1,954 </td> <td> 2,020 </td> </tr> <tr> <td> White, non-Hispanic </td> <td> 3,825 </td> <td> 19,839 </td> <td> 20,833 </td> </tr> <tr> <td> American Indian or Alaska Native, non-Hispanic </td> <td> 5 </td> <td> 23 </td> <td> 26 </td> </tr> <tr> <td> Asian, non-Hispanic </td> <td> 312 </td> <td> 1,408 </td> <td> 1,481 </td> </tr> <tr> <td> Native Hawaiian or other Pacific Islander, non￾ <br/> Hispanic </td> <td> 0 </td> <td> 9 </td> <td> 9 </td> </tr> <tr> <td> Two or more races, non-Hispanic </td> <td> 259 </td> <td> 1,181 </td> <td> 1,243 </td> </tr> <tr> <td> Race and/or ethnicity unknown </td> <td> 50 </td> <td> 833 </td> <td> 876 </td> </tr> <tr> <td> TOTAL </td> <td> 5,400 </td> <td> 27,565 </td> <td> 28,910 </td> </tr> </table>",201885,../data/cds-docs/2021-2022/201885.pdf,2021-2022
B,4,B4,-B21: Graduation Rates,"[[{0: '', 1: 'Recipients of a\nFederal Grant Pell', 2: 'Recipients of a\nSubsidized\nStafford Loan\nwho did not\nreceive Grant a Pell', 3: 'Students who did\nnot receive either\na Pell Grant or a\nsubsidized\nStafford Loan', 4: 'Total\n(sum of 3 columns\nto the left)'}, {0: ""Initial 2015 cohort of first-time, full\ufffe\ntime, bachelor's (or equivalent)\ndegree-seeking undergraduate\nstudents"", 1: '981', 2: '1,139', 3: '2,273', 4: '4,393'}, {0: 'Of the initial 2015 cohort, how many\ndid not persist and did not graduate\nfor the following reasons:\n• Deceased\n• Permanently Disabled\n• Armed Forces\n• Foreign Aid Service of the Federal\nGovernment\n• Official church missions\n• Report Total Allowable Exclusions', 1: '4', 2: '0', 3: '1', 4: '5'}, {0: 'Final 2015 cohort, after adjusting for\nallowable exclusions', 1: '977', 2: '1,139', 3: '2,272', 4: '4,388'}, {0: 'Of the initial 2015 cohort, how many\ncompleted the program in four years\nor less (by Aug. 31, 2019)', 1: '347', 2: '434', 3: '911', 4: '1,692'}, {0: 'Of the initial 2015 cohort, how many\ncompleted the program in more than\nfour years but in five years or less\n(after Aug. 31, 2019 and by Aug. 31,\n2020)', 1: '237', 2: '342', 3: '768', 4: '1,347'}, {0: 'Of the initial 2015 cohort, how many\ncompleted the program in more than\nfive years but in six years or less\n(after Aug. 31, 2020 and by Aug. 31,\n2021)', 1: '36', 2: '45', 3: '82', 4: '163'}, {0: 'Total graduating within six years\n(sum of lines D, E, and F)', 1: '620', 2: '821', 3: '1,761', 4: '3,202'}, {0: 'Six-year graduation rate for 2015\ncohort (G divided by C)', 1: '63.5%', 2: '72.1%', 3: '77.5%', 4: '73.0%'}]]","<table> <tr> <td> </td> <td> Recipients of a <br/> Federal Grant Pell </td> <td> Recipients of a <br/> Subsidized <br/> Stafford Loan <br/> who did not <br/> receive Grant a Pell </td> <td> Students who did <br/> not receive either <br/> a Pell Grant or a <br/> subsidized <br/> Stafford Loan </td> <td> Total <br/> (sum of 3 columns <br/> to the left) </td> </tr> <tr> <td> Initial 2015 cohort of first-time, full￾ <br/> time, bachelor's (or equivalent) <br/> degree-seeking undergraduate <br/> students </td> <td> 981 </td> <td> 1,139 </td> <td> 2,273 </td> <td> 4,393 </td> </tr> <tr> <td> Of the initial 2015 cohort, how many <br/> did not persist and did not graduate <br/> for the following reasons: <br/> • Deceased <br/> • Permanently Disabled <br/> • Armed Forces <br/> • Foreign Aid Service of the Federal <br/> Government <br/> • Official church missions <br/> • Report Total Allowable Exclusions </td> <td> 4 </td> <td> 0 </td> <td> 1 </td> <td> 5 </td> </tr> <tr> <td> Final 2015 cohort, after adjusting for <br/> allowable exclusions </td> <td> 977 </td> <td> 1,139 </td> <td> 2,272 </td> <td> 4,388 </td> </tr> <tr> <td> Of the initial 2015 cohort, how many <br/> completed the program in four years <br/> or less (by Aug. 31, 2019) </td> <td> 347 </td> <td> 434 </td> <td> 911 </td> <td> 1,692 </td> </tr> <tr> <td> Of the initial 2015 cohort, how many <br/> completed the program in more than <br/> four years but in five years or less <br/> (after Aug. 31, 2019 and by Aug. 31, <br/> 2020) </td> <td> 237 </td> <td> 342 </td> <td> 768 </td> <td> 1,347 </td> </tr> <tr> <td> Of the initial 2015 cohort, how many <br/> completed the program in more than <br/> five years but in six years or less <br/> (after Aug. 31, 2020 and by Aug. 31, <br/> 2021) </td> <td> 36 </td> <td> 45 </td> <td> 82 </td> <td> 163 </td> </tr> <tr> <td> Total graduating within six years <br/> (sum of lines D, E, and F) </td> <td> 620 </td> <td> 821 </td> <td> 1,761 </td> <td> 3,202 </td> </tr> <tr> <td> Six-year graduation rate for 2015 <br/> cohort (G divided by C) </td> <td> 63.5% </td> <td> 72.1% </td> <td> 77.5% </td> <td> 73.0% </td> </tr> </table>",201885,../data/cds-docs/2021-2022/201885.pdf,2021-2022
B,12,B12,"Initial cohort, total of first-time, full-time degree/certificate-seeking students:","[[{0: '', 1: '2018 Cohort', 2: '2017 Cohort'}, {0: 'Initial cohort, total of first-time, full-time degree/certificate-seeking students:', 1: '', 2: ''}, {0: 'Of the initial cohort, how many did not persist and did not graduate for the\nfollowing reasons:\n• • Death Permanently Disability\n• Service in the armed forces,\n• Foreign aid service of the federal government\n• Official church missions\n• Report total allowable exclusions', 1: '', 2: ''}, {0: 'Final cohort, after adjusting for allowable exclusions:', 1: '0', 2: '0'}, {0: 'Completers of programs of less than two years duration (total):', 1: '', 2: ''}, {0: 'Completers of programs of less than two years within 150 percent of normal\ntime:', 1: '', 2: ''}, {0: 'Completers of programs of at least two but less than four years (total):', 1: '', 2: ''}, {0: 'Completers of programs of at least two but less than four-years within 150\npercent of normal time:', 1: '', 2: ''}, {0: 'Total transfers-out (within three years) to other institutions:', 1: '', 2: ''}, {0: 'Total transfers to two-year institutions:', 1: '', 2: ''}, {0: 'Total transfers to four-year institutions:', 1: '', 2: ''}]]","<table> <tr> <td> </td> <td> 2018 Cohort </td> <td> 2017 Cohort </td> </tr> <tr> <td> Initial cohort, total of first-time, full-time degree/certificate-seeking students: </td> <td> </td> <td> </td> </tr> <tr> <td> Of the initial cohort, how many did not persist and did not graduate for the <br/> following reasons: <br/> • • Death Permanently Disability <br/> • Service in the armed forces, <br/> • Foreign aid service of the federal government <br/> • Official church missions <br/> • Report total allowable exclusions </td> <td> </td> <td> </td> </tr> <tr> <td> Final cohort, after adjusting for allowable exclusions: </td> <td> 0 </td> <td> 0 </td> </tr> <tr> <td> Completers of programs of less than two years duration (total): </td> <td> </td> <td> </td> </tr> <tr> <td> Completers of programs of less than two years within 150 percent of normal <br/> time: </td> <td> </td> <td> </td> </tr> <tr> <td> Completers of programs of at least two but less than four years (total): </td> <td> </td> <td> </td> </tr> <tr> <td> Completers of programs of at least two but less than four-years within 150 <br/> percent of normal time: </td> <td> </td> <td> </td> </tr> <tr> <td> Total transfers-out (within three years) to other institutions: </td> <td> </td> <td> </td> </tr> <tr> <td> Total transfers to two-year institutions: </td> <td> </td> <td> </td> </tr> <tr> <td> Total transfers to four-year institutions: </td> <td> </td> <td> </td> </tr> </table>",201885,../data/cds-docs/2021-2022/201885.pdf,2021-2022
C,1,C1,"First-time, first-year (freshman) students: Provide the number of degree-seeking, first-time, first-year","[[{0: 'Total first-time, first-year', 1: '(freshman)', 2: 'men who applied', 3: '11,668'}, {0: 'Total first-time, first-year', 1: '(freshman)', 2: 'women who applied', 3: '14,281'}], [{0: 'Total first-time, first-year', 1: '(freshman)', 2: 'men who were admitted', 3: '10,074'}, {0: 'Total first-time, first-year', 1: '(freshman)', 2: 'women who were admitted', 3: '11,965'}], [{0: 'Total full-time, first-time, first-year (freshman) men who enrolled', 1: '2,679'}, {0: 'Total part-time, first-time, first-year (freshman) men who enrolled', 1: '17'}], [{0: 'Total full-time, first-time, first-year (freshman) women who enrolled', 1: '2,668'}, {0: 'Total part-time, first-time, first-year (freshman) women who enrolled', 1: '36'}], [{0: 'Total first-time, first-year (degree-seeking) who applied', 1: 'Total first-time, first-year (degree-seeking) who applied', 2: 'Total first-time, first-year (degree-seeking) who applied', 3: '25,949'}, {0: 'Total first-time, first-year (degree-seeking) who were admitted', 1: 'Total first-time, first-year (degree-seeking) who were admitted', 2: 'Total first-time, first-year (degree-seeking) who were admitted', 3: '22,039'}, {0: 'Total first-time, first-year', 1: '(degree-seeking)', 2: 'who enrolled', 3: '5,400'}]]","<table> <tr> <td> Total first-time, first-year </td> <td> (freshman) </td> <td> men who applied </td> <td> 11,668 </td> </tr> <tr> <td> Total first-time, first-year </td> <td> (freshman) </td> <td> women who applied </td> <td> 14,281 </td> </tr> </table><div class=""separator""></div><table> <tr> <td> Total first-time, first-year </td> <td> (freshman) </td> <td> men who were admitted </td> <td> 10,074 </td> </tr> <tr> <td> Total first-time, first-year </td> <td> (freshman) </td> <td> women who were admitted </td> <td> 11,965 </td> </tr> </table><div class=""separator""></div><table> <tr> <td> Total full-time, first-time, first-year (freshman) men who enrolled </td> <td> 2,679 </td> </tr> <tr> <td> Total part-time, first-time, first-year (freshman) men who enrolled </td> <td> 17 </td> </tr> </table><div class=""separator""></div><table> <tr> <td> Total full-time, first-time, first-year (freshman) women who enrolled </td> <td> 2,668 </td> </tr> <tr> <td> Total part-time, first-time, first-year (freshman) women who enrolled </td> <td> 36 </td> </tr> </table><div class=""separator""></div><table> <tr> <td colspan=""3""> Total first-time, first-year (degree-seeking) who applied </td> <td> 25,949 </td> </tr> <tr> <td colspan=""3""> Total first-time, first-year (degree-seeking) who were admitted </td> <td> 22,039 </td> </tr> <tr> <td> Total first-time, first-year </td> <td> (degree-seeking) </td> <td> who enrolled </td> <td> 5,400 </td> </tr> </table>",201885,../data/cds-docs/2021-2022/201885.pdf,2021-2022
C,2,C2,Freshman wait-listed students,"[[{0: 'WAITING LIST', 1: 'TOTAL'}, {0: 'Number of qualified applicants offered a place on waiting list:', 1: ''}, {0: 'Number accepting a place on the waiting list:', 1: ''}, {0: 'Number of wait-listed students admitted:', 1: ''}]]",<table> <tr> <td> WAITING LIST </td> <td> TOTAL </td> </tr> <tr> <td> Number of qualified applicants offered a place on waiting list: </td> <td> </td> </tr> <tr> <td> Number accepting a place on the waiting list: </td> <td> </td> </tr> <tr> <td> Number of wait-listed students admitted: </td> <td> </td> </tr> </table>,201885,../data/cds-docs/2021-2022/201885.pdf,2021-2022
C,7,C7,"Relative importance of each of the following academic and nonacademic factors in your first-time,","[[{0: '', 1: 'Very Important', 2: 'Important', 3: 'Considered', 4: 'Not Considered'}, {0: 'Academic', 1: 'Academic', 2: 'Academic', 3: 'Academic', 4: 'Academic'}, {0: 'Rigor of secondary school\nrecord', 1: 'x', 2: '', 3: '', 4: ''}, {0: 'Class rank', 1: '', 2: '', 3: 'x', 4: ''}, {0: 'Academic GPA', 1: 'x', 2: '', 3: '', 4: ''}, {0: 'Standardized test scores', 1: '', 2: '', 3: 'x', 4: ''}, {0: 'Application Essay', 1: '', 2: 'x', 3: '', 4: ''}, {0: 'Recommendation(s)', 1: '', 2: '', 3: 'x', 4: ''}, {0: 'Nonacademic', 1: 'Nonacademic', 2: 'Nonacademic', 3: 'Nonacademic', 4: 'Nonacademic'}, {0: 'Interview', 1: '', 2: '', 3: '', 4: 'x'}, {0: 'Extracurricular activities', 1: '', 2: '', 3: 'x', 4: ''}, {0: 'Talent/ability', 1: '', 2: 'x', 3: '', 4: ''}, {0: 'Character/personal qualities', 1: '', 2: '', 3: 'x', 4: ''}, {0: 'First generation', 1: '', 2: '', 3: 'x', 4: ''}, {0: 'Alumni/ae relation', 1: '', 2: '', 3: '', 4: 'x'}, {0: 'Geographical residence', 1: '', 2: '', 3: 'x', 4: ''}, {0: 'State residency', 1: '', 2: '', 3: 'x', 4: ''}, {0: 'Religious affiliation/commitment', 1: '', 2: '', 3: '', 4: 'x'}, {0: 'Racial/ethnic status', 1: '', 2: '', 3: 'x', 4: ''}, {0: 'Volunteer work', 1: '', 2: '', 3: 'x', 4: ''}, {0: 'Work experience', 1: '', 2: '', 3: 'x', 4: ''}, {0: 'Level of applicant’s interest', 1: '', 2: '', 3: '', 4: 'x'}]]","<table> <tr> <td> </td> <td> Very Important </td> <td> Important </td> <td> Considered </td> <td> Not Considered </td> </tr> <tr> <td colspan=""5""> Academic </td> </tr> <tr> <td> Rigor of secondary school <br/> record </td> <td> x </td> <td> </td> <td> </td> <td> </td> </tr> <tr> <td> Class rank </td> <td> </td> <td> </td> <td> x </td> <td> </td> </tr> <tr> <td> Academic GPA </td> <td> x </td> <td> </td> <td> </td> <td> </td> </tr> <tr> <td> Standardized test scores </td> <td> </td> <td> </td> <td> x </td> <td> </td> </tr> <tr> <td> Application Essay </td> <td> </td> <td> x </td> <td> </td> <td> </td> </tr> <tr> <td> Recommendation(s) </td> <td> </td> <td> </td> <td> x </td> <td> </td> </tr> <tr> <td colspan=""5""> Nonacademic </td> </tr> <tr> <td> Interview </td> <td> </td> <td> </td> <td> </td> <td> x </td> </tr> <tr> <td> Extracurricular activities </td> <td> </td> <td> </td> <td> x </td> <td> </td> </tr> <tr> <td> Talent/ability </td> <td> </td> <td> x </td> <td> </td> <td> </td> </tr> <tr> <td> Character/personal qualities </td> <td> </td> <td> </td> <td> x </td> <td> </td> </tr> <tr> <td> First generation </td> <td> </td> <td> </td> <td> x </td> <td> </td> </tr> <tr> <td> Alumni/ae relation </td> <td> </td> <td> </td> <td> </td> <td> x </td> </tr> <tr> <td> Geographical residence </td> <td> </td> <td> </td> <td> x </td> <td> </td> </tr> <tr> <td> State residency </td> <td> </td> <td> </td> <td> x </td> <td> </td> </tr> <tr> <td> Religious affiliation/commitment </td> <td> </td> <td> </td> <td> </td> <td> x </td> </tr> <tr> <td> Racial/ethnic status </td> <td> </td> <td> </td> <td> x </td> <td> </td> </tr> <tr> <td> Volunteer work </td> <td> </td> <td> </td> <td> x </td> <td> </td> </tr> <tr> <td> Work experience </td> <td> </td> <td> </td> <td> x </td> <td> </td> </tr> <tr> <td> Level of applicant’s interest </td> <td> </td> <td> </td> <td> </td> <td> x </td> </tr> </table>",201885,../data/cds-docs/2021-2022/201885.pdf,2021-2022
C,8,C8,"A If yes, place check marks in the appropriate boxes below to reflect your institution’s policies for use in","[[{0: '', 1: 'ADMISSION', 2: 'ADMISSION', 3: 'ADMISSION', 4: 'ADMISSION', 5: 'ADMISSION'}, {0: '', 1: 'Require', 2: 'Recommend', 3: 'Require for Some', 4: 'Consider if\nSubmitted', 5: 'Used Not'}, {0: 'SAT or ACT', 1: '', 2: '', 3: '', 4: 'x', 5: ''}]]","<table> <tr> <td rowspan=""2""> </td> <td colspan=""5""> ADMISSION </td> </tr> <tr> <td> Require </td> <td> Recommend </td> <td> Require for Some </td> <td> Consider if <br/> Submitted </td> <td> Used Not </td> </tr> <tr> <td> SAT or ACT </td> <td> </td> <td> </td> <td> </td> <td> x </td> <td> </td> </tr> </table>",201885,../data/cds-docs/2021-2022/201885.pdf,2021-2022
C,9,C9,"Percent and number of first-time, first-year (freshman) students enrolled in Fall 2021 who submitted","[[{0: '10%', 1: '525'}, {0: '48%', 1: '2,573'}], [{0: 'Assessment', 1: '25th Percentile', 2: '75th Percentile'}, {0: 'SAT Composite', 1: '1160', 2: '1340'}, {0: 'SAT Evidence-Based Reading and\nWriting', 1: '570', 2: '670'}, {0: 'SAT Math', 1: '580', 2: '680'}, {0: 'ACT Composite', 1: '24', 2: '29'}, {0: 'ACT Math', 1: '24', 2: '29'}, {0: 'ACT English', 1: '22', 2: '30'}, {0: 'ACT Writing', 1: '15', 2: '23'}], [{0: 'Score Range', 1: 'SAT Evidence\ufffe\nBased Reading\nand Writing', 2: 'SAT Math'}, {0: '700-800', 1: '16.57%', 2: '21.91%'}, {0: '600-699', 1: '46.67%', 2: '44.95%'}, {0: '500-599', 1: '32.38%', 2: '29.33%'}, {0: '400-499', 1: '4.38%', 2: '3.24%'}, {0: '300-399', 1: '0.00%', 2: '0.57%'}, {0: '200-299', 1: '0.00%', 2: '0.00%'}, {0: 'Totals should = 100%', 1: '100.00%', 2: '100.00%'}], [{0: 'Score Range', 1: 'SAT Composite'}, {0: '1400-1600', 1: '16%'}, {0: '1200-1399', 1: '49%'}, {0: '1000-1199', 1: '32%'}, {0: '800-999', 1: '3%'}, {0: '600-799', 1: '0%'}, {0: '400-599', 1: '0%'}, {0: 'Totals should = 100%', 1: '100%'}], [{0: 'Score Range', 1: 'ACT Composite', 2: 'ACT English', 3: 'ACT Math'}, {0: '30-36', 1: '24.72%', 2: '27.09%', 3: '22.04%'}, {0: '24-29', 1: '52.82%', 2: '39.06%', 3: '53.75%'}]]","<table> <tr> <td> 10% </td> <td> 525 </td> </tr> <tr> <td> 48% </td> <td> 2,573 </td> </tr> </table><div class=""separator""></div><table> <tr> <td> Assessment </td> <td> 25th Percentile </td> <td> 75th Percentile </td> </tr> <tr> <td> SAT Composite </td> <td> 1160 </td> <td> 1340 </td> </tr> <tr> <td> SAT Evidence-Based Reading and <br/> Writing </td> <td> 570 </td> <td> 670 </td> </tr> <tr> <td> SAT Math </td> <td> 580 </td> <td> 680 </td> </tr> <tr> <td> ACT Composite </td> <td> 24 </td> <td> 29 </td> </tr> <tr> <td> ACT Math </td> <td> 24 </td> <td> 29 </td> </tr> <tr> <td> ACT English </td> <td> 22 </td> <td> 30 </td> </tr> <tr> <td> ACT Writing </td> <td> 15 </td> <td> 23 </td> </tr> </table><div class=""separator""></div><table> <tr> <td> Score Range </td> <td> SAT Evidence￾ <br/> Based Reading <br/> and Writing </td> <td> SAT Math </td> </tr> <tr> <td> 700-800 </td> <td> 16.57% </td> <td> 21.91% </td> </tr> <tr> <td> 600-699 </td> <td> 46.67% </td> <td> 44.95% </td> </tr> <tr> <td> 500-599 </td> <td> 32.38% </td> <td> 29.33% </td> </tr> <tr> <td> 400-499 </td> <td> 4.38% </td> <td> 3.24% </td> </tr> <tr> <td> 300-399 </td> <td> 0.00% </td> <td> 0.57% </td> </tr> <tr> <td> 200-299 </td> <td> 0.00% </td> <td> 0.00% </td> </tr> <tr> <td> Totals should = 100% </td> <td> 100.00% </td> <td> 100.00% </td> </tr> </table><div class=""separator""></div><table> <tr> <td> Score Range </td> <td> SAT Composite </td> </tr> <tr> <td> 1400-1600 </td> <td> 16% </td> </tr> <tr> <td> 1200-1399 </td> <td> 49% </td> </tr> <tr> <td> 1000-1199 </td> <td> 32% </td> </tr> <tr> <td> 800-999 </td> <td> 3% </td> </tr> <tr> <td> 600-799 </td> <td> 0% </td> </tr> <tr> <td> 400-599 </td> <td> 0% </td> </tr> <tr> <td> Totals should = 100% </td> <td> 100% </td> </tr> </table><div class=""separator""></div><table> <tr> <td> Score Range </td> <td> ACT Composite </td> <td> ACT English </td> <td> ACT Math </td> </tr> <tr> <td> 30-36 </td> <td> 24.72% </td> <td> 27.09% </td> <td> 22.04% </td> </tr> <tr> <td> 24-29 </td> <td> 52.82% </td> <td> 39.06% </td> <td> 53.75% </td> </tr> </table>",201885,../data/cds-docs/2021-2022/201885.pdf,2021-2022
C,10,C10,"Percent of all degree-seeking, first-time, first-year (freshman) students who had high school class","[[{0: 'Assessment', 1: 'Percent'}, {0: 'Percent in top tenth of high school graduating class', 1: '21%'}, {0: 'Percent in top quarter of high school graduating class', 1: '47%'}, {0: 'Percent in top half of high school graduating class', 1: '82%'}, {0: 'Percent in bottom half of high school graduating class', 1: '18%'}, {0: 'Percent in bottom quarter of high school graduating class', 1: '3%'}, {0: 'Percent of total first-time, first-year (freshmen) students who submitted', 1: '50%'}]]","<table> <tr> <td> Assessment </td> <td> Percent </td> </tr> <tr> <td> Percent in top tenth of high school graduating class </td> <td> 21% </td> </tr> <tr> <td> Percent in top quarter of high school graduating class </td> <td> 47% </td> </tr> <tr> <td> Percent in top half of high school graduating class </td> <td> 82% </td> </tr> <tr> <td> Percent in bottom half of high school graduating class </td> <td> 18% </td> </tr> <tr> <td> Percent in bottom quarter of high school graduating class </td> <td> 3% </td> </tr> <tr> <td> Percent of total first-time, first-year (freshmen) students who submitted </td> <td> 50% </td> </tr> </table>",201885,../data/cds-docs/2021-2022/201885.pdf,2021-2022
C,11,C11,"Percentage of all enrolled, degree-seeking, first-time, first-year (freshman) students who had high","[[{0: 'Score Range', 1: 'Percent'}, {0: 'Percent who had GPA of 4.0', 1: '24.66%'}, {0: 'Percent who had GPA between 3.75 and 3.99', 1: '21.15%'}, {0: 'Percent who had GPA between 3.50 and 3.74', 1: '21.26%'}, {0: 'Percent who had GPA between 3.25 and 3.49', 1: '15.73%'}, {0: 'Percent who had GPA between 3.00 and 3.24', 1: '10.50%'}, {0: 'Percent who had GPA between 2.50 and 2.99', 1: '6.15%'}, {0: 'Percent who had GPA between 2.0 and 2.49', 1: '0.53%'}, {0: 'Percent who had GPA between 1.0 and 1.99', 1: '0.02%'}, {0: 'Percent who had GPA below 1.0', 1: '0.00%'}, {0: 'Totals should = 100%', 1: '100.00%'}]]",<table> <tr> <td> Score Range </td> <td> Percent </td> </tr> <tr> <td> Percent who had GPA of 4.0 </td> <td> 24.66% </td> </tr> <tr> <td> Percent who had GPA between 3.75 and 3.99 </td> <td> 21.15% </td> </tr> <tr> <td> Percent who had GPA between 3.50 and 3.74 </td> <td> 21.26% </td> </tr> <tr> <td> Percent who had GPA between 3.25 and 3.49 </td> <td> 15.73% </td> </tr> <tr> <td> Percent who had GPA between 3.00 and 3.24 </td> <td> 10.50% </td> </tr> <tr> <td> Percent who had GPA between 2.50 and 2.99 </td> <td> 6.15% </td> </tr> <tr> <td> Percent who had GPA between 2.0 and 2.49 </td> <td> 0.53% </td> </tr> <tr> <td> Percent who had GPA between 1.0 and 1.99 </td> <td> 0.02% </td> </tr> <tr> <td> Percent who had GPA below 1.0 </td> <td> 0.00% </td> </tr> <tr> <td> Totals should = 100% </td> <td> 100.00% </td> </tr> </table>,201885,../data/cds-docs/2021-2022/201885.pdf,2021-2022
D,2,D2,"Provide the number of students who applied, were admitted, and enrolled as degree-seeking transfer","[[{0: '', 1: 'Applicants', 2: 'Admitted\nApplicants', 3: 'Enrolled\nApplicants'}, {0: 'Men', 1: '1,626', 2: '919', 3: '490'}, {0: 'Women', 1: '2,967', 2: '1,444', 3: '754'}, {0: 'Total', 1: '4,593', 2: '2,363', 3: '1,244'}]]","<table> <tr> <td> </td> <td> Applicants </td> <td> Admitted <br/> Applicants </td> <td> Enrolled <br/> Applicants </td> </tr> <tr> <td> Men </td> <td> 1,626 </td> <td> 919 </td> <td> 490 </td> </tr> <tr> <td> Women </td> <td> 2,967 </td> <td> 1,444 </td> <td> 754 </td> </tr> <tr> <td> Total </td> <td> 4,593 </td> <td> 2,363 </td> <td> 1,244 </td> </tr> </table>",201885,../data/cds-docs/2021-2022/201885.pdf,2021-2022
D,9,D9,Rolling,"[[{0: '', 1: 'Priority Date', 2: 'Closing Date', 3: 'Notification Date', 4: 'Reply Date', 5: 'Rolling\nAdmission'}, {0: 'Fall', 1: '7/1', 2: '', 3: '', 4: '8/1', 5: ''}, {0: 'Winter', 1: '', 2: '', 3: '', 4: '', 5: ''}, {0: 'Spring', 1: '11/1', 2: '', 3: '', 4: '12/1', 5: ''}, {0: 'Summer', 1: '3/1', 2: '', 3: '', 4: '4/1', 5: ''}]]",<table> <tr> <td> </td> <td> Priority Date </td> <td> Closing Date </td> <td> Notification Date </td> <td> Reply Date </td> <td> Rolling <br/> Admission </td> </tr> <tr> <td> Fall </td> <td> 7/1 </td> <td> </td> <td> </td> <td> 8/1 </td> <td> </td> </tr> <tr> <td> Winter </td> <td> </td> <td> </td> <td> </td> <td> </td> <td> </td> </tr> <tr> <td> Spring </td> <td> 11/1 </td> <td> </td> <td> </td> <td> 12/1 </td> <td> </td> </tr> <tr> <td> Summer </td> <td> 3/1 </td> <td> </td> <td> </td> <td> 4/1 </td> <td> </td> </tr> </table>,201885,../data/cds-docs/2021-2022/201885.pdf,2021-2022
F,1,F1,"Percentages of first-time, first-year (freshman) degree-seeking students and degree-","[[{0: '', 1: 'First-time, first\ufffe\nyear (freshman)\nstudents', 2: 'Undergraduates'}, {0: 'Percent who are from out of state (exclude\ninternational/nonresident aliens from the numerator\nand denominator)', 1: '18%', 2: '18%'}, {0: 'Percent of men who join fraternities', 1: '3%', 2: '4%'}, {0: 'Percent of women who join sororities', 1: '3%', 2: '4%'}, {0: 'Percent who live in college-owned, -operated, or -\naffiliated housing', 1: '76%', 2: '22%'}, {0: 'Percent who live off campus or commute', 1: '24%', 2: '78%'}, {0: 'Percent of students age 25 and older', 1: '0.1%', 2: '10%'}, {0: 'Average age of full-time students', 1: '18', 2: '20'}, {0: 'Average age of all students (full- and part-time)', 1: '18', 2: '21'}]]","<table> <tr> <td> </td> <td> First-time, first￾ <br/> year (freshman) <br/> students </td> <td> Undergraduates </td> </tr> <tr> <td> Percent who are from out of state (exclude <br/> international/nonresident aliens from the numerator <br/> and denominator) </td> <td> 18% </td> <td> 18% </td> </tr> <tr> <td> Percent of men who join fraternities </td> <td> 3% </td> <td> 4% </td> </tr> <tr> <td> Percent of women who join sororities </td> <td> 3% </td> <td> 4% </td> </tr> <tr> <td> Percent who live in college-owned, -operated, or - <br/> affiliated housing </td> <td> 76% </td> <td> 22% </td> </tr> <tr> <td> Percent who live off campus or commute </td> <td> 24% </td> <td> 78% </td> </tr> <tr> <td> Percent of students age 25 and older </td> <td> 0.1% </td> <td> 10% </td> </tr> <tr> <td> Average age of full-time students </td> <td> 18 </td> <td> 20 </td> </tr> <tr> <td> Average age of all students (full- and part-time) </td> <td> 18 </td> <td> 21 </td> </tr> </table>",201885,../data/cds-docs/2021-2022/201885.pdf,2021-2022
F,3,F3,ROTC (program offered in cooperation with Reserve Officers' Training Corps),"[[{0: '', 1: 'On Campus', 2: 'At Cooperating\nInstitution', 3: 'Name of Cooperating\nInstitution'}, {0: 'Army ROTC is offered:', 1: 'x', 2: '', 3: ''}, {0: 'Naval ROTC is offered:', 1: '', 2: '', 3: ''}, {0: 'Air Force ROTC is offered:', 1: 'x', 2: '', 3: ''}]]",<table> <tr> <td> </td> <td> On Campus </td> <td> At Cooperating <br/> Institution </td> <td> Name of Cooperating <br/> Institution </td> </tr> <tr> <td> Army ROTC is offered: </td> <td> x </td> <td> </td> <td> </td> </tr> <tr> <td> Naval ROTC is offered: </td> <td> </td> <td> </td> <td> </td> </tr> <tr> <td> Air Force ROTC is offered: </td> <td> x </td> <td> </td> <td> </td> </tr> </table>,201885,../data/cds-docs/2021-2022/201885.pdf,2021-2022
G,1,G1,First-Year Undergraduates,"[[{0: '', 1: 'First-Year', 2: 'Undergraduates'}, {0: 'PRIVATE INSTITUTIONS', 1: '', 2: ''}, {0: 'Tuition:', 1: '', 2: ''}, {0: 'PUBLIC INSTITUTIONS', 1: '', 2: ''}, {0: 'Tuition: In-district', 1: '', 2: ''}, {0: 'Tuition: In-state (out-of-district):', 1: '', 2: ''}, {0: 'Tuition: Out-of-state:', 1: '', 2: ''}, {0: 'Tuition: Non-resident alien', 1: '', 2: ''}, {0: 'FOR ALL INSTITUTIONS', 1: 'FOR ALL INSTITUTIONS', 2: 'FOR ALL INSTITUTIONS'}, {0: 'Required Fees', 1: '', 2: ''}, {0: 'Room and Board (on-campus):', 1: '', 2: ''}, {0: 'Room Only (on-campus):', 1: '', 2: ''}, {0: 'Board Only (on-campus meal plan):', 1: '', 2: ''}]]","<table> <tr> <td> </td> <td> First-Year </td> <td> Undergraduates </td> </tr> <tr> <td> PRIVATE INSTITUTIONS </td> <td> </td> <td> </td> </tr> <tr> <td> Tuition: </td> <td> </td> <td> </td> </tr> <tr> <td> PUBLIC INSTITUTIONS </td> <td> </td> <td> </td> </tr> <tr> <td> Tuition: In-district </td> <td> </td> <td> </td> </tr> <tr> <td> Tuition: In-state (out-of-district): </td> <td> </td> <td> </td> </tr> <tr> <td> Tuition: Out-of-state: </td> <td> </td> <td> </td> </tr> <tr> <td> Tuition: Non-resident alien </td> <td> </td> <td> </td> </tr> <tr> <td colspan=""3""> FOR ALL INSTITUTIONS </td> </tr> <tr> <td> Required Fees </td> <td> </td> <td> </td> </tr> <tr> <td> Room and Board (on-campus): </td> <td> </td> <td> </td> </tr> <tr> <td> Room Only (on-campus): </td> <td> </td> <td> </td> </tr> <tr> <td> Board Only (on-campus meal plan): </td> <td> </td> <td> </td> </tr> </table>",201885,../data/cds-docs/2021-2022/201885.pdf,2021-2022
G,5,G5,Provide the estimated expenses for a typical full-time undergraduate student:,"[[{0: '', 1: 'Residents', 2: 'Commuters\n(living at home)', 3: 'Commuters\n(not living at home)'}, {0: 'Books and supplies:', 1: '', 2: '', 3: ''}, {0: 'Room only:', 1: '', 2: '', 3: ''}, {0: 'Board only:', 1: '', 2: '', 3: ''}, {0: 'Room and board total*', 1: '', 2: '', 3: ''}, {0: 'Transportation:', 1: '', 2: '', 3: ''}, {0: 'Other expenses:', 1: '', 2: '', 3: ''}]]",<table> <tr> <td> </td> <td> Residents </td> <td> Commuters <br/> (living at home) </td> <td> Commuters <br/> (not living at home) </td> </tr> <tr> <td> Books and supplies: </td> <td> </td> <td> </td> <td> </td> </tr> <tr> <td> Room only: </td> <td> </td> <td> </td> <td> </td> </tr> <tr> <td> Board only: </td> <td> </td> <td> </td> <td> </td> </tr> <tr> <td> Room and board total* </td> <td> </td> <td> </td> <td> </td> </tr> <tr> <td> Transportation: </td> <td> </td> <td> </td> <td> </td> </tr> <tr> <td> Other expenses: </td> <td> </td> <td> </td> <td> </td> </tr> </table>,201885,../data/cds-docs/2021-2022/201885.pdf,2021-2022
H,2,H2,Number of Enrolled Students Awarded Aid: List the number of degree-seeking full-time and less-than-,"[[{0: '', 1: '', 2: 'First-time Full\ufffe\ntime Freshmen', 3: 'Full-time\nUndergrad\n(Incl. Fresh)', 4: 'Less Full-time Than\nUndergrad'}, {0: 'A', 1: 'Number of degree-seeking undergraduate students\n(CDS Item B1 if reporting on Fall 2021 cohort)', 2: '5169', 3: '24101', 4: '3324'}, {0: 'B', 1: 'Number of students in line a who applied for need\ufffe\nbased financial aid', 2: '4380', 3: '16171', 4: '1939'}, {0: 'C', 1: 'Number of students in line b who were determined to\nhave financial need', 2: '2575', 3: '10898', 4: '1607'}, {0: 'D', 1: 'Number of students in line c who were awarded any\nfinancial aid', 2: '2451', 3: '10247', 4: '1472'}, {0: 'E', 1: 'Number of students in line d who were awarded any\nneed-based scholarship or grant aid', 2: '2127', 3: '7877', 4: '1079'}, {0: 'F', 1: 'Number of students in line d who were awarded any\nneed-based self-help aid', 2: '1561', 3: '7016', 4: '972'}, {0: 'G', 1: 'Number of students in line d who were awarded any\nnon-need-based scholarship or grant aid', 2: '209', 3: '505', 4: '20'}, {0: 'H', 1: 'Number of students in line d whose need was fully met\n(exclude PLUS loans, unsubsidized loans, and private\nalternative loans)', 2: '287', 3: '796', 4: '51'}], [{0: '', 1: '', 2: 'First-time\nFull-time\nFreshmen', 3: 'Full-time\nUndergrad\n(Incl. Fresh.)', 4: 'Less Full-time Than\nUndergrad'}, {0: 'N', 1: 'Number of students in line a who had no financial need\nand who were awarded institutional non-need-based\nscholarship or grant aid (exclude those who were\nawarded athletic awards and tuition benefits)', 2: '1496', 3: '5559', 4: '221'}, {0: 'O', 1: 'Average dollar amount of institutional non-need-based\nscholarship and grant aid awarded to students in line n', 2: '$ 6,037', 3: '$ 6,088', 4: '$ 4,103'}, {0: 'P', 1: 'Number of students in line a who were awarded an\ninstitutional non-need-based athletic scholarship or\ngrant', 2: '48', 3: '241', 4: '5'}, {0: 'Q', 1: 'Average dollar amount of institutional non-need-based\nathletic scholarships and grants awarded to students in\nline p', 2: '$ 14,441', 3: '$ 15,885', 4: '$ 19,249'}]]","<table> <tr> <td> </td> <td> </td> <td> First-time Full￾ <br/> time Freshmen </td> <td> Full-time <br/> Undergrad <br/> (Incl. Fresh) </td> <td> Less Full-time Than <br/> Undergrad </td> </tr> <tr> <td> A </td> <td> Number of degree-seeking undergraduate students <br/> (CDS Item B1 if reporting on Fall 2021 cohort) </td> <td> 5169 </td> <td> 24101 </td> <td> 3324 </td> </tr> <tr> <td> B </td> <td> Number of students in line a who applied for need￾ <br/> based financial aid </td> <td> 4380 </td> <td> 16171 </td> <td> 1939 </td> </tr> <tr> <td> C </td> <td> Number of students in line b who were determined to <br/> have financial need </td> <td> 2575 </td> <td> 10898 </td> <td> 1607 </td> </tr> <tr> <td> D </td> <td> Number of students in line c who were awarded any <br/> financial aid </td> <td> 2451 </td> <td> 10247 </td> <td> 1472 </td> </tr> <tr> <td> E </td> <td> Number of students in line d who were awarded any <br/> need-based scholarship or grant aid </td> <td> 2127 </td> <td> 7877 </td> <td> 1079 </td> </tr> <tr> <td> F </td> <td> Number of students in line d who were awarded any <br/> need-based self-help aid </td> <td> 1561 </td> <td> 7016 </td> <td> 972 </td> </tr> <tr> <td> G </td> <td> Number of students in line d who were awarded any <br/> non-need-based scholarship or grant aid </td> <td> 209 </td> <td> 505 </td> <td> 20 </td> </tr> <tr> <td> H </td> <td> Number of students in line d whose need was fully met <br/> (exclude PLUS loans, unsubsidized loans, and private <br/> alternative loans) </td> <td> 287 </td> <td> 796 </td> <td> 51 </td> </tr> </table><div class=""separator""></div><table> <tr> <td> </td> <td> </td> <td> First-time <br/> Full-time <br/> Freshmen </td> <td> Full-time <br/> Undergrad <br/> (Incl. Fresh.) </td> <td> Less Full-time Than <br/> Undergrad </td> </tr> <tr> <td> N </td> <td> Number of students in line a who had no financial need <br/> and who were awarded institutional non-need-based <br/> scholarship or grant aid (exclude those who were <br/> awarded athletic awards and tuition benefits) </td> <td> 1496 </td> <td> 5559 </td> <td> 221 </td> </tr> <tr> <td> O </td> <td> Average dollar amount of institutional non-need-based <br/> scholarship and grant aid awarded to students in line n </td> <td> $ 6,037 </td> <td> $ 6,088 </td> <td> $ 4,103 </td> </tr> <tr> <td> P </td> <td> Number of students in line a who were awarded an <br/> institutional non-need-based athletic scholarship or <br/> grant </td> <td> 48 </td> <td> 241 </td> <td> 5 </td> </tr> <tr> <td> Q </td> <td> Average dollar amount of institutional non-need-based <br/> athletic scholarships and grants awarded to students in <br/> line p </td> <td> $ 14,441 </td> <td> $ 15,885 </td> <td> $ 19,249 </td> </tr> </table>",201885,../data/cds-docs/2021-2022/201885.pdf,2021-2022
H,5,H5,"Number and percent of students in class (defined in H4 above) borrowing from federal, non-federal,","[[{0: 'Source/Type of Loan', 1: 'Source/Type of Loan', 2: 'Number in the\nclass (defined\nin H4 above)\nwho borrowed\nfrom the types\nof loans\nspecified in the\nfirst column', 3: 'Percent of the\nclass (defined\nabove) who\nborrowed from\nthe types of\nloans specified\nin column the first\n(nearest 1%)', 4: 'Average per\ufffe\nundergraduate\ufffe\nborrower\ncumulative\nprincipal\nborrowed from\nthe types of\nloans specified\nin column the first\n(nearest $1)'}, {0: 'A', 1: 'Any loan program: Federal Perkins, Federal Stafford\nSubsidized and Unsubsidized, institutional, state,\nprivate loans that your institution is aware of, etc.\nInclude both Federal Direct Student Loans and Federal\nFamily Education Loans.', 2: '2,548', 3: '57.00%', 4: '$25,062'}, {0: 'B', 1: 'Federal loan programs: Federal Perkins, Federal\nStafford Subsidized and Unsubsidized. Include both\nFederal Direct Student Loans and Federal Family\nEducation Loans.', 2: '2,475', 3: '56.00%', 4: '$20,737'}, {0: 'C', 1: 'Institutional loan programs.', 2: '1', 3: '0.00%', 4: '$7,500'}, {0: 'D', 1: 'State loan programs.', 2: '1', 3: '0.00%', 4: '$1,500'}, {0: 'E', 1: 'Private student loans made by a bank or lender.', 2: '449', 3: '10.00%', 4: '$27,895'}]]","<table> <tr> <td colspan=""2""> Source/Type of Loan </td> <td> Number in the <br/> class (defined <br/> in H4 above) <br/> who borrowed <br/> from the types <br/> of loans <br/> specified in the <br/> first column </td> <td> Percent of the <br/> class (defined <br/> above) who <br/> borrowed from <br/> the types of <br/> loans specified <br/> in column the first <br/> (nearest 1%) </td> <td> Average per￾ <br/> undergraduate￾ <br/> borrower <br/> cumulative <br/> principal <br/> borrowed from <br/> the types of <br/> loans specified <br/> in column the first <br/> (nearest $1) </td> </tr> <tr> <td> A </td> <td> Any loan program: Federal Perkins, Federal Stafford <br/> Subsidized and Unsubsidized, institutional, state, <br/> private loans that your institution is aware of, etc. <br/> Include both Federal Direct Student Loans and Federal <br/> Family Education Loans. </td> <td> 2,548 </td> <td> 57.00% </td> <td> $25,062 </td> </tr> <tr> <td> B </td> <td> Federal loan programs: Federal Perkins, Federal <br/> Stafford Subsidized and Unsubsidized. Include both <br/> Federal Direct Student Loans and Federal Family <br/> Education Loans. </td> <td> 2,475 </td> <td> 56.00% </td> <td> $20,737 </td> </tr> <tr> <td> C </td> <td> Institutional loan programs. </td> <td> 1 </td> <td> 0.00% </td> <td> $7,500 </td> </tr> <tr> <td> D </td> <td> State loan programs. </td> <td> 1 </td> <td> 0.00% </td> <td> $1,500 </td> </tr> <tr> <td> E </td> <td> Private student loans made by a bank or lender. </td> <td> 449 </td> <td> 10.00% </td> <td> $27,895 </td> </tr> </table>",201885,../data/cds-docs/2021-2022/201885.pdf,2021-2022
H,14,H14,Check off criteria used in awarding institutional aid. Check all that apply.,"[[{0: '', 1: 'Non-Need Based', 2: 'Need-Based'}, {0: 'Academics', 1: 'x', 2: ''}, {0: 'Alumni affiliation', 1: 'x', 2: ''}, {0: 'Art', 1: 'x', 2: ''}, {0: 'Athletics', 1: 'x', 2: ''}]]",<table> <tr> <td> </td> <td> Non-Need Based </td> <td> Need-Based </td> </tr> <tr> <td> Academics </td> <td> x </td> <td> </td> </tr> <tr> <td> Alumni affiliation </td> <td> x </td> <td> </td> </tr> <tr> <td> Art </td> <td> x </td> <td> </td> </tr> <tr> <td> Athletics </td> <td> x </td> <td> </td> </tr> </table>,201885,../data/cds-docs/2021-2022/201885.pdf,2021-2022
J,1,J1,"Degrees conferred between July 1, 2020 and June 30, 2021","[[{0: 'Category', 1: 'Diploma/Certificates', 2: 'Associate', 3: 'Bachelor’s', 4: 'CIP 2020 Categories\nto Include'}, {0: 'Agriculture', 1: '0.24%', 2: '0.00%', 3: '0.08%', 4: '01'}, {0: 'Natural resources and conservation', 1: '0.00%', 2: '0.00%', 3: '0.75%', 4: '03'}, {0: 'Architecture', 1: '1.55%', 2: '0.00%', 3: '1.72%', 4: '04'}, {0: 'Area, ethnic, and gender studies', 1: '0.84%', 2: '0.00%', 3: '0.20%', 4: '05'}, {0: 'Communication/journalism', 1: '15.05%', 2: '0.00%', 3: '5.69%', 4: '09'}, {0: 'Communication technologies', 1: '0.00%', 2: '0.00%', 3: '0.00%', 4: '10'}, {0: 'Computer and information sciences', 1: '2.75%', 2: '0.00%', 3: '4.94%', 4: '11'}, {0: 'Personal and culinary services', 1: '0.00%', 2: '0.00%', 3: '0.00%', 4: '12'}, {0: 'Education', 1: '11.71%', 2: '100.00%', 3: '4.11%', 4: '13'}, {0: 'Engineering', 1: '0.00%', 2: '0.00%', 3: '13.32%', 4: '14'}, {0: 'Engineering technologies', 1: '0.00%', 2: '0.00%', 3: '0.48%', 4: '15'}, {0: 'Foreign languages, literatures, and linguistics', 1: '6.09%', 2: '0.00%', 3: '0.34%', 4: '16'}, {0: 'Family and consumer sciences', 1: '0.00%', 2: '0.00%', 3: '0.00%', 4: '19'}, {0: 'Law/legal studies', 1: '8.24%', 2: '0.00%', 3: '0.26%', 4: '22'}, {0: 'English', 1: '3.46%', 2: '0.00%', 3: '0.83%', 4: '23'}, {0: 'Liberal arts/general studies', 1: '1.67%', 2: '0.00%', 3: '0.26%', 4: '24'}, {0: 'Library science', 1: '0.00%', 2: '0.00%', 3: '0.00%', 4: '25'}, {0: 'Biological/life sciences', 1: '0.00%', 2: '0.00%', 3: '6.52%', 4: '26'}, {0: 'Mathematics and statistics', 1: '0.12%', 2: '0.00%', 3: '0.82%', 4: '27'}, {0: 'Military science and military technologies', 1: '0.00%', 2: '0.00%', 3: '0.00%', 4: '28 & 29'}, {0: 'Interdisciplinary studies', 1: '6.57%', 2: '0.00%', 3: '2.12%', 4: '30'}, {0: 'Parks and recreation', 1: '0.00%', 2: '0.00%', 3: '1.34%', 4: '31'}, {0: 'Philosophy and religious studies', 1: '0.48%', 2: '0.00%', 3: '0.15%', 4: '38'}, {0: 'Theology and religious vocations', 1: '0.00%', 2: '0.00%', 3: '0.00%', 4: '39'}, {0: 'Physical sciences', 1: '0.00%', 2: '0.00%', 3: '1.28%', 4: '40'}, {0: 'Science technologies', 1: '0.00%', 2: '0.00%', 3: '0.00%', 4: '41'}, {0: 'Psychology', 1: '0.24%', 2: '0.00%', 3: '3.92%', 4: '42'}, {0: 'Homeland Security, law enforcement, firefighting,\nand protective services', 1: '6.21%', 2: '0.00%', 3: '3.20%', 4: '43'}, {0: 'Public administration and social services', 1: '0.12%', 2: '0.00%', 3: '0.91%', 4: '44'}, {0: 'Social sciences', 1: '5.14%', 2: '0.00%', 3: '4.04%', 4: '45'}, {0: 'Construction trades', 1: '0.00%', 2: '0.00%', 3: '0.00%', 4: '46'}, {0: 'Mechanic and repair technologies', 1: '0.00%', 2: '0.00%', 3: '0.00%', 4: '47'}, {0: 'Precision production', 1: '0.00%', 2: '0.00%', 3: '0.00%', 4: '48'}, {0: 'Transportation and materials moving', 1: '0.00%', 2: '0.00%', 3: '0.00%', 4: '49'}, {0: 'Visual and performing arts', 1: '6.81%', 2: '0.00%', 3: '7.04%', 4: '50'}, {0: 'Health professions and related programs', 1: '15.65%', 2: '0.00%', 3: '14.36%', 4: '51'}, {0: 'Business/marketing', 1: '6.57%', 2: '0.00%', 3: '20.70%', 4: '52'}, {0: 'History', 1: '0.12%', 2: '0.00%', 3: '0.63%', 4: '54'}, {0: 'Other', 1: '0.36%', 2: '0.00%', 3: '0.00%', 4: ''}, {0: 'TOTAL (should = 100%)', 1: '100.00%', 2: '100.00%', 3: '100.00%', 4: ''}]]","<table> <tr> <td> Category </td> <td> Diploma/Certificates </td> <td> Associate </td> <td> Bachelor’s </td> <td> CIP 2020 Categories <br/> to Include </td> </tr> <tr> <td> Agriculture </td> <td> 0.24% </td> <td> 0.00% </td> <td> 0.08% </td> <td> 01 </td> </tr> <tr> <td> Natural resources and conservation </td> <td> 0.00% </td> <td> 0.00% </td> <td> 0.75% </td> <td> 03 </td> </tr> <tr> <td> Architecture </td> <td> 1.55% </td> <td> 0.00% </td> <td> 1.72% </td> <td> 04 </td> </tr> <tr> <td> Area, ethnic, and gender studies </td> <td> 0.84% </td> <td> 0.00% </td> <td> 0.20% </td> <td> 05 </td> </tr> <tr> <td> Communication/journalism </td> <td> 15.05% </td> <td> 0.00% </td> <td> 5.69% </td> <td> 09 </td> </tr> <tr> <td> Communication technologies </td> <td> 0.00% </td> <td> 0.00% </td> <td> 0.00% </td> <td> 10 </td> </tr> <tr> <td> Computer and information sciences </td> <td> 2.75% </td> <td> 0.00% </td> <td> 4.94% </td> <td> 11 </td> </tr> <tr> <td> Personal and culinary services </td> <td> 0.00% </td> <td> 0.00% </td> <td> 0.00% </td> <td> 12 </td> </tr> <tr> <td> Education </td> <td> 11.71% </td> <td> 100.00% </td> <td> 4.11% </td> <td> 13 </td> </tr> <tr> <td> Engineering </td> <td> 0.00% </td> <td> 0.00% </td> <td> 13.32% </td> <td> 14 </td> </tr> <tr> <td> Engineering technologies </td> <td> 0.00% </td> <td> 0.00% </td> <td> 0.48% </td> <td> 15 </td> </tr> <tr> <td> Foreign languages, literatures, and linguistics </td> <td> 6.09% </td> <td> 0.00% </td> <td> 0.34% </td> <td> 16 </td> </tr> <tr> <td> Family and consumer sciences </td> <td> 0.00% </td> <td> 0.00% </td> <td> 0.00% </td> <td> 19 </td> </tr> <tr> <td> Law/legal studies </td> <td> 8.24% </td> <td> 0.00% </td> <td> 0.26% </td> <td> 22 </td> </tr> <tr> <td> English </td> <td> 3.46% </td> <td> 0.00% </td> <td> 0.83% </td> <td> 23 </td> </tr> <tr> <td> Liberal arts/general studies </td> <td> 1.67% </td> <td> 0.00% </td> <td> 0.26% </td> <td> 24 </td> </tr> <tr> <td> Library science </td> <td> 0.00% </td> <td> 0.00% </td> <td> 0.00% </td> <td> 25 </td> </tr> <tr> <td> Biological/life sciences </td> <td> 0.00% </td> <td> 0.00% </td> <td> 6.52% </td> <td> 26 </td> </tr> <tr> <td> Mathematics and statistics </td> <td> 0.12% </td> <td> 0.00% </td> <td> 0.82% </td> <td> 27 </td> </tr> <tr> <td> Military science and military technologies </td> <td> 0.00% </td> <td> 0.00% </td> <td> 0.00% </td> <td> 28 &amp; 29 </td> </tr> <tr> <td> Interdisciplinary studies </td> <td> 6.57% </td> <td> 0.00% </td> <td> 2.12% </td> <td> 30 </td> </tr> <tr> <td> Parks and recreation </td> <td> 0.00% </td> <td> 0.00% </td> <td> 1.34% </td> <td> 31 </td> </tr> <tr> <td> Philosophy and religious studies </td> <td> 0.48% </td> <td> 0.00% </td> <td> 0.15% </td> <td> 38 </td> </tr> <tr> <td> Theology and religious vocations </td> <td> 0.00% </td> <td> 0.00% </td> <td> 0.00% </td> <td> 39 </td> </tr> <tr> <td> Physical sciences </td> <td> 0.00% </td> <td> 0.00% </td> <td> 1.28% </td> <td> 40 </td> </tr> <tr> <td> Science technologies </td> <td> 0.00% </td> <td> 0.00% </td> <td> 0.00% </td> <td> 41 </td> </tr> <tr> <td> Psychology </td> <td> 0.24% </td> <td> 0.00% </td> <td> 3.92% </td> <td> 42 </td> </tr> <tr> <td> Homeland Security, law enforcement, firefighting, <br/> and protective services </td> <td> 6.21% </td> <td> 0.00% </td> <td> 3.20% </td> <td> 43 </td> </tr> <tr> <td> Public administration and social services </td> <td> 0.12% </td> <td> 0.00% </td> <td> 0.91% </td> <td> 44 </td> </tr> <tr> <td> Social sciences </td> <td> 5.14% </td> <td> 0.00% </td> <td> 4.04% </td> <td> 45 </td> </tr> <tr> <td> Construction trades </td> <td> 0.00% </td> <td> 0.00% </td> <td> 0.00% </td> <td> 46 </td> </tr> <tr> <td> Mechanic and repair technologies </td> <td> 0.00% </td> <td> 0.00% </td> <td> 0.00% </td> <td> 47 </td> </tr> <tr> <td> Precision production </td> <td> 0.00% </td> <td> 0.00% </td> <td> 0.00% </td> <td> 48 </td> </tr> <tr> <td> Transportation and materials moving </td> <td> 0.00% </td> <td> 0.00% </td> <td> 0.00% </td> <td> 49 </td> </tr> <tr> <td> Visual and performing arts </td> <td> 6.81% </td> <td> 0.00% </td> <td> 7.04% </td> <td> 50 </td> </tr> <tr> <td> Health professions and related programs </td> <td> 15.65% </td> <td> 0.00% </td> <td> 14.36% </td> <td> 51 </td> </tr> <tr> <td> Business/marketing </td> <td> 6.57% </td> <td> 0.00% </td> <td> 20.70% </td> <td> 52 </td> </tr> <tr> <td> History </td> <td> 0.12% </td> <td> 0.00% </td> <td> 0.63% </td> <td> 54 </td> </tr> <tr> <td> Other </td> <td> 0.36% </td> <td> 0.00% </td> <td> 0.00% </td> <td> </td> </tr> <tr> <td> TOTAL (should = 100%) </td> <td> 100.00% </td> <td> 100.00% </td> <td> 100.00% </td> <td> </td> </tr> </table>",201885,../data/cds-docs/2021-2022/201885.pdf,2021-2022
