section,table_num,table_code,table_title,table_records,table_html,unitid,file,year
A,0,A0,A We invite you to indicate if there are items on the CDS for which you cannot use the requested analytic,"[[{0: 'Address Information', 1: 'Address Information'}, {0: 'Name of College/University:', 1: 'DeSales University'}, {0: 'Mailing Address:', 1: '2755 Station Avenue'}, {0: 'City/State/Zip/Country:', 1: 'Center Valley PA 18034'}, {0: 'Street Address (if different):', 1: ''}, {0: 'City/State/Zip/Country:', 1: ''}, {0: 'Main Phone Number:', 1: '(610) 282-1100'}, {0: 'WWW Home Page Address:', 1: 'www.desales.edu'}, {0: 'Admissions Phone Number:', 1: '(610) 282-1100, ext. 1277'}, {0: 'Admissions Toll-Free Phone Number:', 1: '1-877-4-DESALES, ext. 1277'}, {0: 'Admissions Office Mailing Address:', 1: '2755 Station Avenue'}, {0: 'City/State/Zip/Country:', 1: 'Center Valley PA 18034'}, {0: 'Admissions Fax Number:', 1: '(610) 282-0131'}, {0: 'Admissions E-mail Address:', 1: 'admiss@desales.edu'}, {0: 'If there is a separate URL for your school’s\nonline application, please specify:', 1: 'https://www.desales.edu/admissions-financial\ufffe\naid/undergraduate-admissions-aid/how-to-apply'}, {0: 'If you have a mailing address other than the\nabove to which applications should be sent,\nplease provide:', 1: ''}]]","<table> <tr> <td colspan=""2""> Address Information </td> </tr> <tr> <td> Name of College/University: </td> <td> DeSales University </td> </tr> <tr> <td> Mailing Address: </td> <td> 2755 Station Avenue </td> </tr> <tr> <td> City/State/Zip/Country: </td> <td> Center Valley PA 18034 </td> </tr> <tr> <td> Street Address (if different): </td> <td> </td> </tr> <tr> <td> City/State/Zip/Country: </td> <td> </td> </tr> <tr> <td> Main Phone Number: </td> <td> (610) 282-1100 </td> </tr> <tr> <td> WWW Home Page Address: </td> <td> www.desales.edu </td> </tr> <tr> <td> Admissions Phone Number: </td> <td> (610) 282-1100, ext. 1277 </td> </tr> <tr> <td> Admissions Toll-Free Phone Number: </td> <td> 1-877-4-DESALES, ext. 1277 </td> </tr> <tr> <td> Admissions Office Mailing Address: </td> <td> 2755 Station Avenue </td> </tr> <tr> <td> City/State/Zip/Country: </td> <td> Center Valley PA 18034 </td> </tr> <tr> <td> Admissions Fax Number: </td> <td> (610) 282-0131 </td> </tr> <tr> <td> Admissions E-mail Address: </td> <td> admiss@desales.edu </td> </tr> <tr> <td> If there is a separate URL for your school’s <br/> online application, please specify: </td> <td> https://www.desales.edu/admissions-financial￾ <br/> aid/undergraduate-admissions-aid/how-to-apply </td> </tr> <tr> <td> If you have a mailing address other than the <br/> above to which applications should be sent, <br/> please provide: </td> <td> </td> </tr> </table>",210739,../data/cds-docs/2022-2023/210739.pdf,2022-2023
A,1,A1,Address Information,"[[{0: 'Source of institutional control (Check only one):', 1: 'Source of institutional control (Check only one):'}, {0: '', 1: 'Public'}, {0: 'X', 1: 'Private (nonprofit)'}, {0: '', 1: 'Proprietary'}]]","<table> <tr> <td colspan=""2""> Source of institutional control (Check only one): </td> </tr> <tr> <td> </td> <td> Public </td> </tr> <tr> <td> X </td> <td> Private (nonprofit) </td> </tr> <tr> <td> </td> <td> Proprietary </td> </tr> </table>",210739,../data/cds-docs/2022-2023/210739.pdf,2022-2023
A,4,A4,Academic year calendar:,"[[{0: 'Degrees offered by your institution:', 1: 'Degrees offered by your institution:'}, {0: 'X', 1: 'Certificate'}, {0: '', 1: 'Diploma'}, {0: '', 1: 'Associate'}, {0: '', 1: 'Transfer Associate'}, {0: '', 1: 'Terminal Associate'}, {0: 'X', 1: ""Bachelor's""}, {0: 'X', 1: ""Postbachelor's certificate""}, {0: 'X', 1: ""Master's""}, {0: 'X', 1: ""Post-master's certificate""}, {0: '', 1: 'Doctoral degree research/scholarship'}, {0: 'X', 1: 'Doctoral degree - professional practice'}, {0: '', 1: 'Doctoral degree - other'}]]","<table> <tr> <td colspan=""2""> Degrees offered by your institution: </td> </tr> <tr> <td> X </td> <td> Certificate </td> </tr> <tr> <td> </td> <td> Diploma </td> </tr> <tr> <td> </td> <td> Associate </td> </tr> <tr> <td> </td> <td> Transfer Associate </td> </tr> <tr> <td> </td> <td> Terminal Associate </td> </tr> <tr> <td> X </td> <td> Bachelor's </td> </tr> <tr> <td> X </td> <td> Postbachelor's certificate </td> </tr> <tr> <td> X </td> <td> Master's </td> </tr> <tr> <td> X </td> <td> Post-master's certificate </td> </tr> <tr> <td> </td> <td> Doctoral degree research/scholarship </td> </tr> <tr> <td> X </td> <td> Doctoral degree - professional practice </td> </tr> <tr> <td> </td> <td> Doctoral degree - other </td> </tr> </table>",210739,../data/cds-docs/2022-2023/210739.pdf,2022-2023
C,1,C1,Applications,"[[{0: 'First-Time, First-Year Wait-Listed Students', 1: 'First-Time, First-Year Wait-Listed Students', 2: 'First-Time, First-Year Wait-Listed Students'}, {0: 'Students who met admission requirements but whose final admission was contingent on space availability.', 1: 'Students who met admission requirements but whose final admission was contingent on space availability.', 2: 'Students who met admission requirements but whose final admission was contingent on space availability.'}, {0: '', 1: 'Yes', 2: 'No'}, {0: 'Do you have a policy of placing students on a waiting list?', 1: '', 2: 'X'}, {0: 'If yes, please answer the questions below for Fall 2022 admissions:', 1: 'If yes, please answer the questions below for Fall 2022 admissions:', 2: 'If yes, please answer the questions below for Fall 2022 admissions:'}, {0: 'Number of qualified applicants offered a place on waiting list:', 1: 'Number of qualified applicants offered a place on waiting list:', 2: ''}, {0: 'Number accepting a place on the waiting list:', 1: 'Number accepting a place on the waiting list:', 2: ''}, {0: 'Number of waitlisted students admitted:', 1: 'Number of waitlisted students admitted:', 2: ''}, {0: '', 1: 'Yes', 2: 'No'}, {0: 'Is your waiting list ranked?', 1: '', 2: ''}, {0: 'If yes, do you release that information to students?', 1: '', 2: ''}, {0: 'Do you release that information to school counselors?', 1: '', 2: ''}]]","<table> <tr> <td colspan=""3""> First-Time, First-Year Wait-Listed Students </td> </tr> <tr> <td colspan=""3""> Students who met admission requirements but whose final admission was contingent on space availability. </td> </tr> <tr> <td> </td> <td> Yes </td> <td> No </td> </tr> <tr> <td> Do you have a policy of placing students on a waiting list? </td> <td> </td> <td> X </td> </tr> <tr> <td colspan=""3""> If yes, please answer the questions below for Fall 2022 admissions: </td> </tr> <tr> <td colspan=""2""> Number of qualified applicants offered a place on waiting list: </td> <td> </td> </tr> <tr> <td colspan=""2""> Number accepting a place on the waiting list: </td> <td> </td> </tr> <tr> <td colspan=""2""> Number of waitlisted students admitted: </td> <td> </td> </tr> <tr> <td> </td> <td> Yes </td> <td> No </td> </tr> <tr> <td> Is your waiting list ranked? </td> <td> </td> <td> </td> </tr> <tr> <td> If yes, do you release that information to students? </td> <td> </td> <td> </td> </tr> <tr> <td> Do you release that information to school counselors? </td> <td> </td> <td> </td> </tr> </table>",210739,../data/cds-docs/2022-2023/210739.pdf,2022-2023
C,3,C3,High school completion requirement,"[[{0: 'Does your institution require or recommend a general college-preparatory program for degree-seeking students?', 1: 'Does your institution require or recommend a general college-preparatory program for degree-seeking students?'}, {0: 'X', 1: 'Require'}, {0: '', 1: 'Recommend'}, {0: '', 1: 'Neither require nor recommend'}]]","<table> <tr> <td colspan=""2""> Does your institution require or recommend a general college-preparatory program for degree-seeking students? </td> </tr> <tr> <td> X </td> <td> Require </td> </tr> <tr> <td> </td> <td> Recommend </td> </tr> <tr> <td> </td> <td> Neither require nor recommend </td> </tr> </table>",210739,../data/cds-docs/2022-2023/210739.pdf,2022-2023
C,4,C4,Does your institution require or recommend a general college-preparatory program for degree-seeking students?,"[[{0: 'Distribution of high school units required and/or recommended. Specify the distribution of academic high school course units\nrequired and/or recommended of all or most degree-seeking students using Carnegie units (one unit equals one year of study\nor its equivalent). If you use a different system for calculating units, please convert.', 1: 'Distribution of high school units required and/or recommended. Specify the distribution of academic high school course units\nrequired and/or recommended of all or most degree-seeking students using Carnegie units (one unit equals one year of study\nor its equivalent). If you use a different system for calculating units, please convert.', 2: 'Distribution of high school units required and/or recommended. Specify the distribution of academic high school course units\nrequired and/or recommended of all or most degree-seeking students using Carnegie units (one unit equals one year of study\nor its equivalent). If you use a different system for calculating units, please convert.'}, {0: '', 1: 'Required Units', 2: 'Units\nRecommended'}, {0: 'Total academic units', 1: '14', 2: '18'}, {0: 'English', 1: '4', 2: '4'}, {0: 'Mathematics', 1: '3', 2: '4'}, {0: 'Science', 1: '2', 2: '3'}, {0: 'Of these, units that must be lab', 1: '2', 2: '3'}, {0: 'Foreign language', 1: '2', 2: '4'}, {0: 'Social studies', 1: '3', 2: '3'}, {0: 'History', 1: '', 2: ''}, {0: 'Academic electives', 1: '', 2: ''}, {0: 'Computer Science', 1: '', 2: ''}, {0: 'Visual/Performing Arts', 1: '', 2: ''}, {0: 'Other (specify)', 1: '', 2: ''}]]","<table> <tr> <td colspan=""3""> Distribution of high school units required and/or recommended. Specify the distribution of academic high school course units <br/> required and/or recommended of all or most degree-seeking students using Carnegie units (one unit equals one year of study <br/> or its equivalent). If you use a different system for calculating units, please convert. </td> </tr> <tr> <td> </td> <td> Required Units </td> <td> Units <br/> Recommended </td> </tr> <tr> <td> Total academic units </td> <td> 14 </td> <td> 18 </td> </tr> <tr> <td> English </td> <td> 4 </td> <td> 4 </td> </tr> <tr> <td> Mathematics </td> <td> 3 </td> <td> 4 </td> </tr> <tr> <td> Science </td> <td> 2 </td> <td> 3 </td> </tr> <tr> <td> Of these, units that must be lab </td> <td> 2 </td> <td> 3 </td> </tr> <tr> <td> Foreign language </td> <td> 2 </td> <td> 4 </td> </tr> <tr> <td> Social studies </td> <td> 3 </td> <td> 3 </td> </tr> <tr> <td> History </td> <td> </td> <td> </td> </tr> <tr> <td> Academic electives </td> <td> </td> <td> </td> </tr> <tr> <td> Computer Science </td> <td> </td> <td> </td> </tr> <tr> <td> Visual/Performing Arts </td> <td> </td> <td> </td> </tr> <tr> <td> Other (specify) </td> <td> </td> <td> </td> </tr> </table>",210739,../data/cds-docs/2022-2023/210739.pdf,2022-2023
C,6,C6,"diplomas are admitted without regard to academic record, test scores, or other qualifications? If so, check which applies:","[[{0: 'Relative importance of each of the following academic and nonacademic factors in your first-time, first-year, degree-seeking\ngeneral (not including programs with specific criteria) admissions decisions.', 1: 'Relative importance of each of the following academic and nonacademic factors in your first-time, first-year, degree-seeking\ngeneral (not including programs with specific criteria) admissions decisions.', 2: 'Relative importance of each of the following academic and nonacademic factors in your first-time, first-year, degree-seeking\ngeneral (not including programs with specific criteria) admissions decisions.', 3: 'Relative importance of each of the following academic and nonacademic factors in your first-time, first-year, degree-seeking\ngeneral (not including programs with specific criteria) admissions decisions.', 4: 'Relative importance of each of the following academic and nonacademic factors in your first-time, first-year, degree-seeking\ngeneral (not including programs with specific criteria) admissions decisions.'}, {0: 'Academic', 1: 'Important Very', 2: 'Important', 3: 'Considered', 4: 'Not Considered'}, {0: 'Rigor of secondary school record', 1: 'X', 2: '', 3: '', 4: ''}, {0: 'Class rank', 1: '', 2: 'X', 3: '', 4: ''}, {0: 'Academic GPA', 1: 'X', 2: '', 3: '', 4: ''}, {0: 'Standardized test scores', 1: '', 2: 'X', 3: '', 4: ''}, {0: 'Application Essay', 1: '', 2: 'X', 3: '', 4: ''}, {0: 'Recommendation(s)', 1: '', 2: 'X', 3: '', 4: ''}, {0: 'Nonacademic', 1: 'Important Very', 2: 'Important', 3: 'Considered', 4: 'Not Considered'}, {0: 'Interview', 1: '', 2: 'X', 3: '', 4: ''}, {0: 'Extracurricular activities', 1: '', 2: '', 3: 'X', 4: ''}, {0: 'Talent/ability', 1: '', 2: '', 3: 'X', 4: ''}, {0: 'Character/personal qualities', 1: 'X', 2: '', 3: '', 4: ''}, {0: 'First generation', 1: '', 2: '', 3: 'X', 4: ''}, {0: 'Alumni/ae relation', 1: '', 2: '', 3: '', 4: 'X'}, {0: 'Geographical residence', 1: '', 2: '', 3: '', 4: 'X'}, {0: 'State residency', 1: '', 2: '', 3: '', 4: 'X'}, {0: 'Religious affiliation/commitment', 1: '', 2: '', 3: '', 4: 'X'}]]","<table> <tr> <td colspan=""5""> Relative importance of each of the following academic and nonacademic factors in your first-time, first-year, degree-seeking <br/> general (not including programs with specific criteria) admissions decisions. </td> </tr> <tr> <td> Academic </td> <td> Important Very </td> <td> Important </td> <td> Considered </td> <td> Not Considered </td> </tr> <tr> <td> Rigor of secondary school record </td> <td> X </td> <td> </td> <td> </td> <td> </td> </tr> <tr> <td> Class rank </td> <td> </td> <td> X </td> <td> </td> <td> </td> </tr> <tr> <td> Academic GPA </td> <td> X </td> <td> </td> <td> </td> <td> </td> </tr> <tr> <td> Standardized test scores </td> <td> </td> <td> X </td> <td> </td> <td> </td> </tr> <tr> <td> Application Essay </td> <td> </td> <td> X </td> <td> </td> <td> </td> </tr> <tr> <td> Recommendation(s) </td> <td> </td> <td> X </td> <td> </td> <td> </td> </tr> <tr> <td> Nonacademic </td> <td> Important Very </td> <td> Important </td> <td> Considered </td> <td> Not Considered </td> </tr> <tr> <td> Interview </td> <td> </td> <td> X </td> <td> </td> <td> </td> </tr> <tr> <td> Extracurricular activities </td> <td> </td> <td> </td> <td> X </td> <td> </td> </tr> <tr> <td> Talent/ability </td> <td> </td> <td> </td> <td> X </td> <td> </td> </tr> <tr> <td> Character/personal qualities </td> <td> X </td> <td> </td> <td> </td> <td> </td> </tr> <tr> <td> First generation </td> <td> </td> <td> </td> <td> X </td> <td> </td> </tr> <tr> <td> Alumni/ae relation </td> <td> </td> <td> </td> <td> </td> <td> X </td> </tr> <tr> <td> Geographical residence </td> <td> </td> <td> </td> <td> </td> <td> X </td> </tr> <tr> <td> State residency </td> <td> </td> <td> </td> <td> </td> <td> X </td> </tr> <tr> <td> Religious affiliation/commitment </td> <td> </td> <td> </td> <td> </td> <td> X </td> </tr> </table>",210739,../data/cds-docs/2022-2023/210739.pdf,2022-2023
C,8,C8,C Has been removed from the CDS.,"[[{0: ""In addition, does your institution use applicants' test scores for academic advising?"", 1: 'Yes', 2: 'No'}, {0: ""In addition, does your institution use applicants' test scores for academic advising?"", 1: '', 2: 'X'}], [{0: 'Latest date by which SAT or ACT scores must be received for fall-term admission.', 1: 'August 1st'}, {0: 'Latest date by which SAT Subject Test scores must be received for fall-term admission.', 1: 'Not Required'}]]","<table> <tr> <td rowspan=""2""> In addition, does your institution use applicants' test scores for academic advising? </td> <td> Yes </td> <td> No </td> </tr> <tr> <td> </td> <td> X </td> </tr> </table><div class=""separator""></div><table> <tr> <td> Latest date by which SAT or ACT scores must be received for fall-term admission. </td> <td> August 1st </td> </tr> <tr> <td> Latest date by which SAT Subject Test scores must be received for fall-term admission. </td> <td> Not Required </td> </tr> </table>",210739,../data/cds-docs/2022-2023/210739.pdf,2022-2023
C,9,C9,"• Do not include partial test scores (e.g., mathematics scores but not critical reading for a category of","[[{0: 'Submitting SAT Scores', 1: '31%', 2: '157'}, {0: 'Submitting ACT Scores', 1: '3%', 2: '14'}], [{0: 'SAT and ACT Percentile Scores', 1: 'SAT and ACT Percentile Scores', 2: 'SAT and ACT Percentile Scores', 3: 'SAT and ACT Percentile Scores'}, {0: 'Assessment', 1: '25th Percentile', 2: '50th Percentile', 3: '75th Percentile'}, {0: 'SAT Composite', 1: '1100', 2: '1200', 3: '1270'}, {0: 'SAT Evidence-', 1: '560', 2: '610', 3: '640'}, {0: 'SAT Math', 1: '540', 2: '590', 3: '640'}, {0: 'ACT Composite 333', 1: '23', 2: '26', 3: '29'}, {0: 'ACT Math', 1: '21', 2: '24', 3: '25'}, {0: 'ACT English', 1: '24', 2: '26', 3: '31'}, {0: 'ACT Writing', 1: 'N/A', 2: 'N/A', 3: 'N/A'}, {0: 'ACT Science', 1: '22', 2: '26', 3: '31'}, {0: 'ACT Reading', 1: '23', 2: '26', 3: '33'}], [{0: 'Percent of first-time, first-year students with scores in each range:', 1: 'Percent of first-time, first-year students with scores in each range:', 2: 'Percent of first-time, first-year students with scores in each range:'}, {0: 'Score Range', 1: 'SAT Evidence\ufffe\nBased Reading\nand Writing\n(EWBR)', 2: 'SAT Math'}, {0: '700-800', 1: '9.55%', 2: '8.92%'}, {0: '600-699', 1: '48.41%', 2: '36.94%'}, {0: '500-599', 1: '35.03%', 2: '48.41%'}, {0: '400-499', 1: '7.00%', 2: '5.73%'}, {0: '300-399', 1: '0.00%', 2: '0.00%'}, {0: '200-299', 1: '0.00%', 2: '0.00%'}, {0: 'Totals should = 100%', 1: '100.0%', 2: '100.0%'}], [{0: 'Score Range', 1: 'SAT Composite'}, {0: '1400-1600', 1: '7.01%'}, {0: '1200-1399', 1: '44.59%'}, {0: '1000-1199', 1: '43.94%'}, {0: '800-999', 1: '4.46%'}, {0: '600-799', 1: '0'}, {0: '400-599', 1: '0'}, {0: 'Totals should = 100%', 1: '100.0%'}]]","<table> <tr> <td> Submitting SAT Scores </td> <td> 31% </td> <td> 157 </td> </tr> <tr> <td> Submitting ACT Scores </td> <td> 3% </td> <td> 14 </td> </tr> </table><div class=""separator""></div><table> <tr> <td colspan=""4""> SAT and ACT Percentile Scores </td> </tr> <tr> <td> Assessment </td> <td> 25th Percentile </td> <td> 50th Percentile </td> <td> 75th Percentile </td> </tr> <tr> <td> SAT Composite </td> <td> 1100 </td> <td> 1200 </td> <td> 1270 </td> </tr> <tr> <td> SAT Evidence- </td> <td> 560 </td> <td> 610 </td> <td> 640 </td> </tr> <tr> <td> SAT Math </td> <td> 540 </td> <td> 590 </td> <td> 640 </td> </tr> <tr> <td> ACT Composite 333 </td> <td> 23 </td> <td> 26 </td> <td> 29 </td> </tr> <tr> <td> ACT Math </td> <td> 21 </td> <td> 24 </td> <td> 25 </td> </tr> <tr> <td> ACT English </td> <td> 24 </td> <td> 26 </td> <td> 31 </td> </tr> <tr> <td> ACT Writing </td> <td> N/A </td> <td> N/A </td> <td> N/A </td> </tr> <tr> <td> ACT Science </td> <td> 22 </td> <td> 26 </td> <td> 31 </td> </tr> <tr> <td> ACT Reading </td> <td> 23 </td> <td> 26 </td> <td> 33 </td> </tr> </table><div class=""separator""></div><table> <tr> <td colspan=""3""> Percent of first-time, first-year students with scores in each range: </td> </tr> <tr> <td> Score Range </td> <td> SAT Evidence￾ <br/> Based Reading <br/> and Writing <br/> (EWBR) </td> <td> SAT Math </td> </tr> <tr> <td> 700-800 </td> <td> 9.55% </td> <td> 8.92% </td> </tr> <tr> <td> 600-699 </td> <td> 48.41% </td> <td> 36.94% </td> </tr> <tr> <td> 500-599 </td> <td> 35.03% </td> <td> 48.41% </td> </tr> <tr> <td> 400-499 </td> <td> 7.00% </td> <td> 5.73% </td> </tr> <tr> <td> 300-399 </td> <td> 0.00% </td> <td> 0.00% </td> </tr> <tr> <td> 200-299 </td> <td> 0.00% </td> <td> 0.00% </td> </tr> <tr> <td> Totals should = 100% </td> <td> 100.0% </td> <td> 100.0% </td> </tr> </table><div class=""separator""></div><table> <tr> <td> Score Range </td> <td> SAT Composite </td> </tr> <tr> <td> 1400-1600 </td> <td> 7.01% </td> </tr> <tr> <td> 1200-1399 </td> <td> 44.59% </td> </tr> <tr> <td> 1000-1199 </td> <td> 43.94% </td> </tr> <tr> <td> 800-999 </td> <td> 4.46% </td> </tr> <tr> <td> 600-799 </td> <td> 0 </td> </tr> <tr> <td> 400-599 </td> <td> 0 </td> </tr> <tr> <td> Totals should = 100% </td> <td> 100.0% </td> </tr> </table>",210739,../data/cds-docs/2022-2023/210739.pdf,2022-2023
C,10,C10,following ranges (report information for those students from whom you collected high school rank information).,"[[{0: 'Percentage of all enrolled, degree-seeking, first-time, first-year students who had high school grade-point averages\nwithin each of the following ranges (using 4.0 scale). Report information only for those students from whom you\ncollected high school GPA.', 1: 'Percentage of all enrolled, degree-seeking, first-time, first-year students who had high school grade-point averages\nwithin each of the following ranges (using 4.0 scale). Report information only for those students from whom you\ncollected high school GPA.'}, {0: 'Score Range', 1: 'Percent'}, {0: 'Percent who had GPA of 4.0', 1: '3.97%'}, {0: 'Percent who had GPA between 3.75 and 3.99', 1: '28.03%'}, {0: 'Percent who had GPA between 3.50 and 3.74', 1: '23.46%'}, {0: 'Percent who had GPA between 3.25 and 3.49', 1: '15.50%'}, {0: 'Percent who had GPA between 3.00 and 3.24', 1: '10.54%'}, {0: 'Percent who had GPA between 2.50 and 2.99', 1: '11.92%'}, {0: 'Percent who had GPA between 2.0 and 2.49', 1: '5.76%'}, {0: 'Percent who had GPA between 1.0 and 1.99', 1: '0.79%'}, {0: 'Percent who had GPA below 1.0', 1: '0.00%'}, {0: 'Totals should = 100%', 1: '100%'}]]","<table> <tr> <td colspan=""2""> Percentage of all enrolled, degree-seeking, first-time, first-year students who had high school grade-point averages <br/> within each of the following ranges (using 4.0 scale). Report information only for those students from whom you <br/> collected high school GPA. </td> </tr> <tr> <td> Score Range </td> <td> Percent </td> </tr> <tr> <td> Percent who had GPA of 4.0 </td> <td> 3.97% </td> </tr> <tr> <td> Percent who had GPA between 3.75 and 3.99 </td> <td> 28.03% </td> </tr> <tr> <td> Percent who had GPA between 3.50 and 3.74 </td> <td> 23.46% </td> </tr> <tr> <td> Percent who had GPA between 3.25 and 3.49 </td> <td> 15.50% </td> </tr> <tr> <td> Percent who had GPA between 3.00 and 3.24 </td> <td> 10.54% </td> </tr> <tr> <td> Percent who had GPA between 2.50 and 2.99 </td> <td> 11.92% </td> </tr> <tr> <td> Percent who had GPA between 2.0 and 2.49 </td> <td> 5.76% </td> </tr> <tr> <td> Percent who had GPA between 1.0 and 1.99 </td> <td> 0.79% </td> </tr> <tr> <td> Percent who had GPA below 1.0 </td> <td> 0.00% </td> </tr> <tr> <td> Totals should = 100% </td> <td> 100% </td> </tr> </table>",210739,../data/cds-docs/2022-2023/210739.pdf,2022-2023
C,11,C11,,"[[{0: 'Average high school GPA of all degree-seeking, first-time, first-year students who submitted GPA:', 1: '3.43'}, {0: 'Percent of total first-time, first-year students who submitted high school GPA:', 1: '100%'}]]","<table> <tr> <td> Average high school GPA of all degree-seeking, first-time, first-year students who submitted GPA: </td> <td> 3.43 </td> </tr> <tr> <td> Percent of total first-time, first-year students who submitted high school GPA: </td> <td> 100% </td> </tr> </table>",210739,../data/cds-docs/2022-2023/210739.pdf,2022-2023
C,12,C12,,"[[{0: 'Admission Policies', 1: 'Admission Policies', 2: 'Admission Policies'}, {0: 'Application Fee', 1: 'Application Fee', 2: 'Application Fee'}, {0: 'If your institution has waived its application fee for the Fall 2023 admission cycle please select no.', 1: 'If your institution has waived its application fee for the Fall 2023 admission cycle please select no.', 2: 'If your institution has waived its application fee for the Fall 2023 admission cycle please select no.'}, {0: '', 1: 'Yes', 2: 'No'}, {0: 'Does your institution have an application fee?', 1: '', 2: 'X'}, {0: 'Amount of application fee:', 1: 'Amount of application fee:', 2: ''}, {0: '', 1: 'Yes', 2: 'No'}, {0: 'Can it be waived for applicants with financial need?', 1: '', 2: ''}]]","<table> <tr> <td colspan=""3""> Admission Policies </td> </tr> <tr> <td colspan=""3""> Application Fee </td> </tr> <tr> <td colspan=""3""> If your institution has waived its application fee for the Fall 2023 admission cycle please select no. </td> </tr> <tr> <td> </td> <td> Yes </td> <td> No </td> </tr> <tr> <td> Does your institution have an application fee? </td> <td> </td> <td> X </td> </tr> <tr> <td colspan=""2""> Amount of application fee: </td> <td> </td> </tr> <tr> <td> </td> <td> Yes </td> <td> No </td> </tr> <tr> <td> Can it be waived for applicants with financial need? </td> <td> </td> <td> </td> </tr> </table>",210739,../data/cds-docs/2022-2023/210739.pdf,2022-2023
C,13,C13,Application Fee,"[[{0: 'If you have an application fee and an on-line application option, please indicate policy for students who apply on-line:', 1: 'If you have an application fee and an on-line application option, please indicate policy for students who apply on-line:', 2: 'If you have an application fee and an on-line application option, please indicate policy for students who apply on-line:', 3: 'If you have an application fee and an on-line application option, please indicate policy for students who apply on-line:'}, {0: '', 1: 'Same fee', 2: 'Same fee', 3: 'Same fee'}, {0: 'X', 1: 'Free', 2: 'Free', 3: 'Free'}, {0: '', 1: 'Reduced', 2: 'Reduced', 3: 'Reduced'}, {0: '', 1: '', 2: 'Yes', 3: 'No'}, {0: 'Can the online application fee be waived for applicants with financial need?', 1: 'Can the online application fee be waived for applicants with financial need?', 2: '', 3: ''}], [{0: 'Application closing date', 1: 'Application closing date', 2: 'Application closing date'}, {0: '', 1: 'Yes', 2: 'No'}, {0: 'Does your institution have an application closing date?', 1: 'X', 2: ''}, {0: 'Application closing date (fall):', 1: 'August 1', 2: ''}, {0: 'Priority Date:', 1: 'March 1', 2: ''}]]","<table> <tr> <td colspan=""4""> If you have an application fee and an on-line application option, please indicate policy for students who apply on-line: </td> </tr> <tr> <td> </td> <td colspan=""3""> Same fee </td> </tr> <tr> <td> X </td> <td colspan=""3""> Free </td> </tr> <tr> <td> </td> <td colspan=""3""> Reduced </td> </tr> <tr> <td colspan=""2""> </td> <td> Yes </td> <td> No </td> </tr> <tr> <td colspan=""2""> Can the online application fee be waived for applicants with financial need? </td> <td> </td> <td> </td> </tr> </table><div class=""separator""></div><table> <tr> <td colspan=""3""> Application closing date </td> </tr> <tr> <td> </td> <td> Yes </td> <td> No </td> </tr> <tr> <td> Does your institution have an application closing date? </td> <td> X </td> <td> </td> </tr> <tr> <td> Application closing date (fall): </td> <td> August 1 </td> <td> </td> </tr> <tr> <td> Priority Date: </td> <td> March 1 </td> <td> </td> </tr> </table>",210739,../data/cds-docs/2022-2023/210739.pdf,2022-2023
C,15,C15,Yes No,"[[{0: 'Notification to applicants of admission decision sent (fill in one only)', 1: 'Notification to applicants of admission decision sent (fill in one only)', 2: 'Notification to applicants of admission decision sent (fill in one only)'}, {0: 'X', 1: 'On a rolling basis beginning (date):', 2: 'October 1'}, {0: '', 1: 'By (date):', 2: ''}, {0: '', 1: 'Other (please explain):', 2: ''}]]","<table> <tr> <td colspan=""3""> Notification to applicants of admission decision sent (fill in one only) </td> </tr> <tr> <td> X </td> <td> On a rolling basis beginning (date): </td> <td> October 1 </td> </tr> <tr> <td> </td> <td> By (date): </td> <td> </td> </tr> <tr> <td> </td> <td> Other (please explain): </td> <td> </td> </tr> </table>",210739,../data/cds-docs/2022-2023/210739.pdf,2022-2023
C,16,C16,Notification to applicants of admission decision sent (fill in one only),"[[{0: 'Reply policy for admitted applicants (fill in one only)', 1: 'Reply policy for admitted applicants (fill in one only)', 2: 'Reply policy for admitted applicants (fill in one only)'}, {0: 'X', 1: 'Must reply by (date):', 2: 'May 1'}, {0: '', 1: 'No set date', 2: ''}, {0: '', 1: 'Must reply by May 1st or within ____ weeks of notified thereafter:', 2: ''}, {0: '', 1: 'Other: (please explain)', 2: ''}]]","<table> <tr> <td colspan=""3""> Reply policy for admitted applicants (fill in one only) </td> </tr> <tr> <td> X </td> <td> Must reply by (date): </td> <td> May 1 </td> </tr> <tr> <td> </td> <td> No set date </td> <td> </td> </tr> <tr> <td> </td> <td> Must reply by May 1st or within ____ weeks of notified thereafter: </td> <td> </td> </tr> <tr> <td> </td> <td> Other: (please explain) </td> <td> </td> </tr> </table>",210739,../data/cds-docs/2022-2023/210739.pdf,2022-2023
C,17,C17,Reply policy for admitted applicants (fill in one only),"[[{0: 'Deadline for housing deposit (MMDD):', 1: 'May 1'}, {0: 'Amount of housing deposit:', 1: '$400'}], [{0: 'Refundable if student does not enroll?', 1: 'Refundable if student does not enroll?'}, {0: 'X', 1: 'Yes, in full'}, {0: '', 1: 'Yes, in part'}, {0: '', 1: 'No'}], [{0: 'Deferred Admission', 1: 'Deferred Admission', 2: 'Deferred Admission'}, {0: '', 1: 'Yes', 2: 'No'}, {0: 'Does your institution allow students to postpone enrollment after admission?', 1: 'X', 2: ''}, {0: 'If yes, maximum period of postponement:', 1: '1 Year', 2: '1 Year'}]]","<table> <tr> <td> Deadline for housing deposit (MMDD): </td> <td> May 1 </td> </tr> <tr> <td> Amount of housing deposit: </td> <td> $400 </td> </tr> </table><div class=""separator""></div><table> <tr> <td colspan=""2""> Refundable if student does not enroll? </td> </tr> <tr> <td> X </td> <td> Yes, in full </td> </tr> <tr> <td> </td> <td> Yes, in part </td> </tr> <tr> <td> </td> <td> No </td> </tr> </table><div class=""separator""></div><table> <tr> <td colspan=""3""> Deferred Admission </td> </tr> <tr> <td> </td> <td> Yes </td> <td> No </td> </tr> <tr> <td> Does your institution allow students to postpone enrollment after admission? </td> <td> X </td> <td> </td> </tr> <tr> <td> If yes, maximum period of postponement: </td> <td colspan=""2""> 1 Year </td> </tr> </table>",210739,../data/cds-docs/2022-2023/210739.pdf,2022-2023
C,18,C18,Deferred Admission,"[[{0: 'Early Admission of High School Students', 1: 'Early Admission of High School Students', 2: 'Early Admission of High School Students'}, {0: '', 1: 'Yes', 2: 'No'}, {0: 'Does your institution allow high school students to enroll as full-time, first-time, first-year\nstudents one year or more before high school graduation?', 1: 'X', 2: ''}]]","<table> <tr> <td colspan=""3""> Early Admission of High School Students </td> </tr> <tr> <td> </td> <td> Yes </td> <td> No </td> </tr> <tr> <td> Does your institution allow high school students to enroll as full-time, first-time, first-year <br/> students one year or more before high school graduation? </td> <td> X </td> <td> </td> </tr> </table>",210739,../data/cds-docs/2022-2023/210739.pdf,2022-2023
C,19,C19,Early Admission of High School Students,"[[{0: 'Early Decision and Early Action Plans', 1: 'Early Decision and Early Action Plans', 2: 'Early Decision and Early Action Plans'}, {0: 'Early Decision', 1: 'Early Decision', 2: 'Early Decision'}, {0: '', 1: 'Yes', 2: 'No'}, {0: 'Does your institution offer an early decision plan (an admission plan that permits students\nto apply and be notified of an admission decision well in advance of the regular notification\ndate and that asks students to commit to attending if accepted) for first-time, first-year\napplicants for fall enrollment?', 1: '', 2: 'X'}, {0: 'If “yes,” please complete the following:', 1: 'If “yes,” please complete the following:', 2: 'If “yes,” please complete the following:'}, {0: 'First or only early decision plan closing date', 1: '', 2: ''}, {0: 'First or only early decision plan notification date', 1: '', 2: ''}, {0: 'Other early decision plan closing date', 1: '', 2: ''}, {0: 'Other early decision plan notification date', 1: '', 2: ''}]]","<table> <tr> <td colspan=""3""> Early Decision and Early Action Plans </td> </tr> <tr> <td colspan=""3""> Early Decision </td> </tr> <tr> <td> </td> <td> Yes </td> <td> No </td> </tr> <tr> <td> Does your institution offer an early decision plan (an admission plan that permits students <br/> to apply and be notified of an admission decision well in advance of the regular notification <br/> date and that asks students to commit to attending if accepted) for first-time, first-year <br/> applicants for fall enrollment? </td> <td> </td> <td> X </td> </tr> <tr> <td colspan=""3""> If “yes,” please complete the following: </td> </tr> <tr> <td> First or only early decision plan closing date </td> <td colspan=""2""> </td> </tr> <tr> <td> First or only early decision plan notification date </td> <td colspan=""2""> </td> </tr> <tr> <td> Other early decision plan closing date </td> <td colspan=""2""> </td> </tr> <tr> <td> Other early decision plan notification date </td> <td colspan=""2""> </td> </tr> </table>",210739,../data/cds-docs/2022-2023/210739.pdf,2022-2023
C,21,C21,Early Decision,"[[{0: 'Early Action', 1: 'Early Action', 2: 'Early Action'}, {0: '', 1: 'Yes', 2: 'No'}, {0: 'Do you have a nonbinding early action plan whereby students are notified of an admission\ndecision well in advance of the regular notification date but do not have to commit to\nattending your college?', 1: '', 2: 'X'}, {0: 'If “yes,” please complete the following:', 1: 'If “yes,” please complete the following:', 2: 'If “yes,” please complete the following:'}, {0: 'Early action closing date', 1: '', 2: ''}, {0: 'Early action notification date', 1: '', 2: ''}, {0: '', 1: 'Yes', 2: 'No'}, {0: 'Is your early action plan a “restrictive” plan under which you limit students from applying to\nother early plans?', 1: '', 2: 'Page 12'}]]","<table> <tr> <td colspan=""3""> Early Action </td> </tr> <tr> <td> </td> <td> Yes </td> <td> No </td> </tr> <tr> <td> Do you have a nonbinding early action plan whereby students are notified of an admission <br/> decision well in advance of the regular notification date but do not have to commit to <br/> attending your college? </td> <td> </td> <td> X </td> </tr> <tr> <td colspan=""3""> If “yes,” please complete the following: </td> </tr> <tr> <td> Early action closing date </td> <td colspan=""2""> </td> </tr> <tr> <td> Early action notification date </td> <td colspan=""2""> </td> </tr> <tr> <td> </td> <td> Yes </td> <td> No </td> </tr> <tr> <td> Is your early action plan a “restrictive” plan under which you limit students from applying to <br/> other early plans? </td> <td> </td> <td> Page 12 </td> </tr> </table>",210739,../data/cds-docs/2022-2023/210739.pdf,2022-2023
D,1,D1,"Does your institution enroll transfer students? (If no, please skip to Section E) X","[[{0: 'Provide the number of students who applied, were admitted, and enrolled as degree-seeking transfer students in Fall\n2022. If your institution collects and reports non-binary gender data, please use the ""Another Gender"" category.', 1: 'Provide the number of students who applied, were admitted, and enrolled as degree-seeking transfer students in Fall\n2022. If your institution collects and reports non-binary gender data, please use the ""Another Gender"" category.', 2: 'Provide the number of students who applied, were admitted, and enrolled as degree-seeking transfer students in Fall\n2022. If your institution collects and reports non-binary gender data, please use the ""Another Gender"" category.', 3: 'Provide the number of students who applied, were admitted, and enrolled as degree-seeking transfer students in Fall\n2022. If your institution collects and reports non-binary gender data, please use the ""Another Gender"" category.'}, {0: '', 1: 'Applicants', 2: 'Admitted\nApplicants', 3: 'Enrolled\nApplicants'}, {0: 'Men', 1: '133', 2: '48', 3: '34'}, {0: 'Women', 1: '244', 2: '90', 3: '57'}, {0: 'Another Gender', 1: '1', 2: '1', 3: '1'}, {0: 'Total', 1: '378', 2: '139', 3: '92'}]]","<table> <tr> <td colspan=""4""> Provide the number of students who applied, were admitted, and enrolled as degree-seeking transfer students in Fall <br/> 2022. If your institution collects and reports non-binary gender data, please use the ""Another Gender"" category. </td> </tr> <tr> <td> </td> <td> Applicants </td> <td> Admitted <br/> Applicants </td> <td> Enrolled <br/> Applicants </td> </tr> <tr> <td> Men </td> <td> 133 </td> <td> 48 </td> <td> 34 </td> </tr> <tr> <td> Women </td> <td> 244 </td> <td> 90 </td> <td> 57 </td> </tr> <tr> <td> Another Gender </td> <td> 1 </td> <td> 1 </td> <td> 1 </td> </tr> <tr> <td> Total </td> <td> 378 </td> <td> 139 </td> <td> 92 </td> </tr> </table>",210739,../data/cds-docs/2022-2023/210739.pdf,2022-2023
D,2,D2,Applicants Applicants,"[[{0: 'Application for Admission', 1: 'Application for Admission'}, {0: 'Indicate terms for which transfers may enroll:', 1: 'Indicate terms for which transfers may enroll:'}, {0: 'X', 1: 'Fall'}, {0: '', 1: 'Winter'}, {0: 'X', 1: 'Spring'}, {0: '', 1: 'Summer'}]]","<table> <tr> <td colspan=""2""> Application for Admission </td> </tr> <tr> <td colspan=""2""> Indicate terms for which transfers may enroll: </td> </tr> <tr> <td> X </td> <td> Fall </td> </tr> <tr> <td> </td> <td> Winter </td> </tr> <tr> <td> X </td> <td> Spring </td> </tr> <tr> <td> </td> <td> Summer </td> </tr> </table>",210739,../data/cds-docs/2022-2023/210739.pdf,2022-2023
D,3,D3,X Fall,"[[{0: 'Transfer credit', 1: 'Transfer credit', 2: 'Transfer credit'}, {0: '', 1: 'Yes', 2: 'No'}, {0: 'Must a transfer applicant have a minimum number of credits completed or else must\napply as an entering first-year student?', 1: 'X', 2: ''}, {0: 'If yes, what is the minimum number of credits and the unit of measure?', 1: '24.0 Credits', 2: '24.0 Credits'}]]","<table> <tr> <td colspan=""3""> Transfer credit </td> </tr> <tr> <td> </td> <td> Yes </td> <td> No </td> </tr> <tr> <td> Must a transfer applicant have a minimum number of credits completed or else must <br/> apply as an entering first-year student? </td> <td> X </td> <td> </td> </tr> <tr> <td> If yes, what is the minimum number of credits and the unit of measure? </td> <td colspan=""2""> 24.0 Credits </td> </tr> </table>",210739,../data/cds-docs/2022-2023/210739.pdf,2022-2023
D,9,D9,Date Admission,"[[{0: '', 1: 'Yes', 2: 'No'}, {0: 'Does an open admission policy, if reported, apply to transfer students?', 1: '', 2: 'X'}]]","<table> <tr> <td> </td> <td> Yes </td> <td> No </td> </tr> <tr> <td> Does an open admission policy, if reported, apply to transfer students? </td> <td> </td> <td> X </td> </tr> </table>",210739,../data/cds-docs/2022-2023/210739.pdf,2022-2023
D,12,D12,C-,"[[{0: '', 1: 'Number', 2: 'Unit Type'}, {0: 'Maximum number of credits or courses that may be transferred from a two-year\ninstitution:', 1: '75.0', 2: 'Credits'}]]",<table> <tr> <td> </td> <td> Number </td> <td> Unit Type </td> </tr> <tr> <td> Maximum number of credits or courses that may be transferred from a two-year <br/> institution: </td> <td> 75.0 </td> <td> Credits </td> </tr> </table>,210739,../data/cds-docs/2022-2023/210739.pdf,2022-2023
D,13,D13,75.0 Credits,"[[{0: '', 1: 'Number', 2: 'Unit Type'}, {0: 'Maximum number of credits or courses that may be transferred from a four-year\ninstitution:', 1: '75.0', 2: 'Credits'}]]",<table> <tr> <td> </td> <td> Number </td> <td> Unit Type </td> </tr> <tr> <td> Maximum number of credits or courses that may be transferred from a four-year <br/> institution: </td> <td> 75.0 </td> <td> Credits </td> </tr> </table>,210739,../data/cds-docs/2022-2023/210739.pdf,2022-2023
D,17,D17,Describe other transfer credit policies:,"[[{0: 'Military Service Transfer Credit Policies', 1: 'Military Service Transfer Credit Policies', 2: 'Military Service Transfer Credit Policies'}, {0: 'Does your institution accept the following military/veteran transfer credits?', 1: 'Does your institution accept the following military/veteran transfer credits?', 2: 'Does your institution accept the following military/veteran transfer credits?'}, {0: '', 1: 'Yes', 2: 'No'}, {0: 'American Council on Education (ACE)', 1: 'X', 2: ''}, {0: 'College Level Examination Program (CLEP)', 1: 'X', 2: ''}, {0: 'DANTES Subject Standardized Tests (DSST)', 1: 'X', 2: ''}]]","<table> <tr> <td colspan=""3""> Military Service Transfer Credit Policies </td> </tr> <tr> <td colspan=""3""> Does your institution accept the following military/veteran transfer credits? </td> </tr> <tr> <td> </td> <td> Yes </td> <td> No </td> </tr> <tr> <td> American Council on Education (ACE) </td> <td> X </td> <td> </td> </tr> <tr> <td> College Level Examination Program (CLEP) </td> <td> X </td> <td> </td> </tr> <tr> <td> DANTES Subject Standardized Tests (DSST) </td> <td> X </td> <td> </td> </tr> </table>",210739,../data/cds-docs/2022-2023/210739.pdf,2022-2023
D,18,D18,Does your institution accept the following military/veteran transfer credits?,"[[{0: '', 1: 'Number', 2: 'Unit Type'}, {0: 'Maximum number of credits or courses that may be transferred based on military\neducation evaluated by the American Council on Education (ACE):', 1: '25', 2: 'Courses'}]]",<table> <tr> <td> </td> <td> Number </td> <td> Unit Type </td> </tr> <tr> <td> Maximum number of credits or courses that may be transferred based on military <br/> education evaluated by the American Council on Education (ACE): </td> <td> 25 </td> <td> Courses </td> </tr> </table>,210739,../data/cds-docs/2022-2023/210739.pdf,2022-2023
D,19,D19,25 Courses,"[[{0: '', 1: 'Number', 2: 'Unit Type'}, {0: 'Maximum number of credits or courses that may be transferred based on Department of Defense\nsupported prior learning assessments (College Level Examination Program (CLEP) or DANTES\nSubject Standardized Tests (DSST)):', 1: '25', 2: 'Courses'}]]",<table> <tr> <td> </td> <td> Number </td> <td> Unit Type </td> </tr> <tr> <td> Maximum number of credits or courses that may be transferred based on Department of Defense <br/> supported prior learning assessments (College Level Examination Program (CLEP) or DANTES <br/> Subject Standardized Tests (DSST)): </td> <td> 25 </td> <td> Courses </td> </tr> </table>,210739,../data/cds-docs/2022-2023/210739.pdf,2022-2023
D,20,D20,supported prior learning assessments (College Level Examination Program (CLEP) or DANTES 25 Courses,"[[{0: '', 1: 'Yes', 2: 'No'}, {0: 'Are the military/veteran credit transfer policies published on your website?', 1: 'X', 2: ''}, {0: 'If yes, please provide the URL where the policy can be located: https://www.desales.edu/admissions-financial-aid/access\ufffe\nevening-online-admissions-aid/admissions-requirements-process/transfer-policy', 1: 'If yes, please provide the URL where the policy can be located: https://www.desales.edu/admissions-financial-aid/access\ufffe\nevening-online-admissions-aid/admissions-requirements-process/transfer-policy', 2: 'If yes, please provide the URL where the policy can be located: https://www.desales.edu/admissions-financial-aid/access\ufffe\nevening-online-admissions-aid/admissions-requirements-process/transfer-policy'}]]","<table> <tr> <td> </td> <td> Yes </td> <td> No </td> </tr> <tr> <td> Are the military/veteran credit transfer policies published on your website? </td> <td> X </td> <td> </td> </tr> <tr> <td colspan=""3""> If yes, please provide the URL where the policy can be located: https://www.desales.edu/admissions-financial-aid/access￾ <br/> evening-online-admissions-aid/admissions-requirements-process/transfer-policy </td> </tr> </table>",210739,../data/cds-docs/2022-2023/210739.pdf,2022-2023
E,2,E2,Has been removed from the CDS.,"[[{0: 'Areas in which all or most students are required to complete some course work prior to graduation:', 1: 'Areas in which all or most students are required to complete some course work prior to graduation:'}, {0: 'X', 1: 'Arts/fine arts'}, {0: 'X', 1: 'Computer literacy'}, {0: 'X', 1: 'English (including composition)'}, {0: 'X', 1: 'Foreign languages'}, {0: 'X', 1: 'History'}, {0: 'X', 1: 'Physical Education'}, {0: 'X', 1: 'Humanities'}, {0: '', 1: 'Intensive writing'}, {0: 'X', 1: 'Mathematics'}, {0: 'X', 1: 'Philosophy'}, {0: 'X', 1: 'Sciences (biological or physical)'}, {0: 'X', 1: 'Social science'}, {0: 'X', 1: 'Other (describe):'}, {0: 'Courses in Christian Values & Theology', 1: 'Courses in Christian Values & Theology'}]]","<table> <tr> <td colspan=""2""> Areas in which all or most students are required to complete some course work prior to graduation: </td> </tr> <tr> <td> X </td> <td> Arts/fine arts </td> </tr> <tr> <td> X </td> <td> Computer literacy </td> </tr> <tr> <td> X </td> <td> English (including composition) </td> </tr> <tr> <td> X </td> <td> Foreign languages </td> </tr> <tr> <td> X </td> <td> History </td> </tr> <tr> <td> X </td> <td> Physical Education </td> </tr> <tr> <td> X </td> <td> Humanities </td> </tr> <tr> <td> </td> <td> Intensive writing </td> </tr> <tr> <td> X </td> <td> Mathematics </td> </tr> <tr> <td> X </td> <td> Philosophy </td> </tr> <tr> <td> X </td> <td> Sciences (biological or physical) </td> </tr> <tr> <td> X </td> <td> Social science </td> </tr> <tr> <td> X </td> <td> Other (describe): </td> </tr> <tr> <td colspan=""2""> Courses in Christian Values &amp; Theology </td> </tr> </table>",210739,../data/cds-docs/2022-2023/210739.pdf,2022-2023
F,1,F1,"Percentages of first-time, first-year degree-seeking students and degree-seeking undergraduates","[[{0: 'Activities Offered', 1: 'Activities Offered'}, {0: 'Identify those programs available at your institution.', 1: 'Identify those programs available at your institution.'}, {0: 'X', 1: 'Campus Ministries'}, {0: 'X', 1: 'Choral groups'}, {0: '', 1: 'Concert band'}, {0: 'X', 1: 'Dance'}, {0: 'X', 1: 'Drama/theater'}, {0: 'X', 1: 'International Student Organization'}, {0: 'X', 1: 'Jazz band'}, {0: 'X', 1: 'Literary magazine'}, {0: '', 1: 'Marching band'}, {0: 'X', 1: 'Model UN'}, {0: 'X', 1: 'Music ensembles'}, {0: 'X', 1: 'Musical theater'}, {0: '', 1: 'Opera'}, {0: 'X', 1: 'Pep band'}, {0: 'X', 1: 'Radio station'}, {0: 'X', 1: 'Student government'}, {0: 'X', 1: 'Student newspaper'}, {0: 'X', 1: 'Student-run film society'}, {0: '', 1: 'Symphony orchestra'}, {0: 'X', 1: 'Television station'}, {0: 'X', 1: 'Yearbook'}]]","<table> <tr> <td colspan=""2""> Activities Offered </td> </tr> <tr> <td colspan=""2""> Identify those programs available at your institution. </td> </tr> <tr> <td> X </td> <td> Campus Ministries </td> </tr> <tr> <td> X </td> <td> Choral groups </td> </tr> <tr> <td> </td> <td> Concert band </td> </tr> <tr> <td> X </td> <td> Dance </td> </tr> <tr> <td> X </td> <td> Drama/theater </td> </tr> <tr> <td> X </td> <td> International Student Organization </td> </tr> <tr> <td> X </td> <td> Jazz band </td> </tr> <tr> <td> X </td> <td> Literary magazine </td> </tr> <tr> <td> </td> <td> Marching band </td> </tr> <tr> <td> X </td> <td> Model UN </td> </tr> <tr> <td> X </td> <td> Music ensembles </td> </tr> <tr> <td> X </td> <td> Musical theater </td> </tr> <tr> <td> </td> <td> Opera </td> </tr> <tr> <td> X </td> <td> Pep band </td> </tr> <tr> <td> X </td> <td> Radio station </td> </tr> <tr> <td> X </td> <td> Student government </td> </tr> <tr> <td> X </td> <td> Student newspaper </td> </tr> <tr> <td> X </td> <td> Student-run film society </td> </tr> <tr> <td> </td> <td> Symphony orchestra </td> </tr> <tr> <td> X </td> <td> Television station </td> </tr> <tr> <td> X </td> <td> Yearbook </td> </tr> </table>",210739,../data/cds-docs/2022-2023/210739.pdf,2022-2023
F,3,F3,ROTC (program offered in cooperation with Reserve Officers' Training Corps),"[[{0: 'Housing', 1: 'Housing'}, {0: 'Check all types of college-owned, -operated, or -affiliated housing available for undergraduates at your\ninstitution.', 1: 'Check all types of college-owned, -operated, or -affiliated housing available for undergraduates at your\ninstitution.'}, {0: 'X', 1: 'Coed dorms'}, {0: 'X', 1: ""Men's dorms""}, {0: 'X', 1: ""Women's dorms""}, {0: '', 1: 'Apartments for married students'}, {0: '', 1: 'Apartments for single students'}, {0: 'X', 1: 'Special housing for disabled students'}, {0: '', 1: 'Special housing for international students'}, {0: '', 1: 'Fraternity/sorority housing'}, {0: 'X', 1: 'Cooperative housing'}, {0: 'x', 1: 'Theme housing'}, {0: '', 1: 'Wellness housing'}, {0: '', 1: 'Living Learning Communities'}, {0: 'x', 1: 'Other housing options (specify):'}, {0: 'Coed dorms - separated', 1: 'Coed dorms - separated'}]]","<table> <tr> <td colspan=""2""> Housing </td> </tr> <tr> <td colspan=""2""> Check all types of college-owned, -operated, or -affiliated housing available for undergraduates at your <br/> institution. </td> </tr> <tr> <td> X </td> <td> Coed dorms </td> </tr> <tr> <td> X </td> <td> Men's dorms </td> </tr> <tr> <td> X </td> <td> Women's dorms </td> </tr> <tr> <td> </td> <td> Apartments for married students </td> </tr> <tr> <td> </td> <td> Apartments for single students </td> </tr> <tr> <td> X </td> <td> Special housing for disabled students </td> </tr> <tr> <td> </td> <td> Special housing for international students </td> </tr> <tr> <td> </td> <td> Fraternity/sorority housing </td> </tr> <tr> <td> X </td> <td> Cooperative housing </td> </tr> <tr> <td> x </td> <td> Theme housing </td> </tr> <tr> <td> </td> <td> Wellness housing </td> </tr> <tr> <td> </td> <td> Living Learning Communities </td> </tr> <tr> <td> x </td> <td> Other housing options (specify): </td> </tr> <tr> <td colspan=""2""> Coed dorms - separated </td> </tr> </table>",210739,../data/cds-docs/2022-2023/210739.pdf,2022-2023
G,0,G0,,"[[{0: 'X', 1: ""Check here if your institution's 2023-2024 academic year costs of\nattendance are not available at this time and provide an approximate\ndate (i.e., month/day) when your institution's final 2023-2024 academic\nyear costs of attendance will be available:"", 2: ""Check here if your institution's 2023-2024 academic year costs of\nattendance are not available at this time and provide an approximate\ndate (i.e., month/day) when your institution's final 2023-2024 academic\nyear costs of attendance will be available:""}, {0: ""Provide an approximate date (i.e. month/day) when your\ninstitution's final 2023-2024 academic year costs of\nattendance will be available:"", 1: ""Provide an approximate date (i.e. month/day) when your\ninstitution's final 2023-2024 academic year costs of\nattendance will be available:"", 2: 'May 2023'}]]","<table> <tr> <td> X </td> <td colspan=""2""> Check here if your institution's 2023-2024 academic year costs of <br/> attendance are not available at this time and provide an approximate <br/> date (i.e., month/day) when your institution's final 2023-2024 academic <br/> year costs of attendance will be available: </td> </tr> <tr> <td colspan=""2""> Provide an approximate date (i.e. month/day) when your <br/> institution's final 2023-2024 academic year costs of <br/> attendance will be available: </td> <td> May 2023 </td> </tr> </table>",210739,../data/cds-docs/2022-2023/210739.pdf,2022-2023
G,2,G2,Number of credits per term a student can take for the stated,"[[{0: '', 1: 'Yes', 2: 'No'}, {0: 'Do tuition and fees vary by year of study (e.g., sophomore,\njunior, senior)?', 1: '', 2: 'X'}, {0: 'Do tuition and fees vary by undergraduate instructional\nprogram?', 1: '', 2: 'X'}, {0: 'If yes, what percentage of full-time undergraduates pay more\nthan the tuition and fees reported in G1?', 1: '', 2: ''}]]","<table> <tr> <td> </td> <td> Yes </td> <td> No </td> </tr> <tr> <td> Do tuition and fees vary by year of study (e.g., sophomore, <br/> junior, senior)? </td> <td> </td> <td> X </td> </tr> <tr> <td> Do tuition and fees vary by undergraduate instructional <br/> program? </td> <td> </td> <td> X </td> </tr> <tr> <td> If yes, what percentage of full-time undergraduates pay more <br/> than the tuition and fees reported in G1? </td> <td colspan=""2""> </td> </tr> </table>",210739,../data/cds-docs/2022-2023/210739.pdf,2022-2023
G,4,G4,,"[[{0: 'Provide the estimated expenses for a typical full-time undergraduate student:', 1: 'Provide the estimated expenses for a typical full-time undergraduate student:', 2: 'Provide the estimated expenses for a typical full-time undergraduate student:', 3: 'Provide the estimated expenses for a typical full-time undergraduate student:'}, {0: '', 1: 'Residents', 2: 'Commuters', 3: 'Commuters'}, {0: 'Books and supplies:', 1: '', 2: '', 3: ''}, {0: 'Room only:', 1: '', 2: '', 3: ''}, {0: 'Board only:', 1: '', 2: '', 3: ''}, {0: 'Room and board total*', 1: '', 2: '', 3: ''}, {0: 'Transportation:', 1: '', 2: '', 3: ''}, {0: 'Other expenses:', 1: '', 2: '', 3: ''}]]","<table> <tr> <td colspan=""4""> Provide the estimated expenses for a typical full-time undergraduate student: </td> </tr> <tr> <td> </td> <td> Residents </td> <td> Commuters </td> <td> Commuters </td> </tr> <tr> <td> Books and supplies: </td> <td> </td> <td> </td> <td> </td> </tr> <tr> <td> Room only: </td> <td> </td> <td> </td> <td> </td> </tr> <tr> <td> Board only: </td> <td> </td> <td> </td> <td> </td> </tr> <tr> <td> Room and board total* </td> <td> </td> <td> </td> <td> </td> </tr> <tr> <td> Transportation: </td> <td> </td> <td> </td> <td> </td> </tr> <tr> <td> Other expenses: </td> <td> </td> <td> </td> <td> </td> </tr> </table>",210739,../data/cds-docs/2022-2023/210739.pdf,2022-2023
H,1,H1,"the same cohort reported in CDS Question B1, “total degree-seeking” undergraduates) in the following","[[{0: '', 1: '2022-2023 Estimated', 2: '2021-2022 Final'}, {0: 'Indicate the academic year for which data are reported for\nitems H1, H2, H2A, and H6 below:', 1: 'X', 2: ''}], [{0: 'Which needs-analysis methodology does your institution use in awarding institutional aid?', 1: 'Which needs-analysis methodology does your institution use in awarding institutional aid?'}, {0: 'X', 1: 'Federal methodology (FM)'}, {0: '', 1: 'Institutional methodology (IM)'}, {0: '', 1: 'Both FM and IM'}], [{0: '', 1: 'Need-based\n(Include non-need-based\naid use to meet need.)', 2: 'Non-need-based\n(Exclude non-need-based\naid use to meet need.)'}, {0: 'Scholarships/Grants', 1: 'Scholarships/Grants', 2: 'Scholarships/Grants'}, {0: 'Federal', 1: '$\n3,059,462', 2: '$42,820'}, {0: 'State (i.e., all states, not only the state in which your\ninstitution is located)', 1: '$\n2,296,881', 2: '$0'}, {0: 'Institutional: Endowed scholarships, annual gifts and\ntuition funded grants, awarded by the college, excluding\nathletic aid and tuition waivers (which are reported below).', 1: '$\n27,598,514', 2: '$\n13,403,977'}, {0: 'Scholarships/grants from external sources (e.g.\nKiwanis, National Merit) not awarded by the college', 1: '$\n227,087', 2: '$\n136,125'}, {0: 'Total Scholarships/Grants', 1: '$33,181,944', 2: '$13,582,922'}, {0: 'Self-Help', 1: 'Self-Help', 2: 'Self-Help'}, {0: 'Student loans from all sources (excluding parent loans)', 1: '$9,427,196', 2: '$8,973,360'}, {0: 'Federal Work-Study', 1: '$\n463,690', 2: ''}, {0: 'State and other (e.g., institutional) work-study/employment\n(Note: Excludes Federal Work-Study captured above.)', 1: '$49,750', 2: '$\n461,750'}, {0: 'Total Self-Help', 1: '$9,940,636', 2: '$9,435,110'}, {0: 'Parent Loans', 1: '$\n1,234,077', 2: '$\n3,715,941'}, {0: 'Tuition Waivers\nNote: Reporting is optional. Report tuition waivers in this row\nif you choose to report them. Do not report tuition waivers\nelsewhere.', 1: '$\n944,093', 2: '$\n1,608,795'}, {0: 'Athletic Awards', 1: '$0', 2: '$0'}]]","<table> <tr> <td> </td> <td> 2022-2023 Estimated </td> <td> 2021-2022 Final </td> </tr> <tr> <td> Indicate the academic year for which data are reported for <br/> items H1, H2, H2A, and H6 below: </td> <td> X </td> <td> </td> </tr> </table><div class=""separator""></div><table> <tr> <td colspan=""2""> Which needs-analysis methodology does your institution use in awarding institutional aid? </td> </tr> <tr> <td> X </td> <td> Federal methodology (FM) </td> </tr> <tr> <td> </td> <td> Institutional methodology (IM) </td> </tr> <tr> <td> </td> <td> Both FM and IM </td> </tr> </table><div class=""separator""></div><table> <tr> <td> </td> <td> Need-based <br/> (Include non-need-based <br/> aid use to meet need.) </td> <td> Non-need-based <br/> (Exclude non-need-based <br/> aid use to meet need.) </td> </tr> <tr> <td colspan=""3""> Scholarships/Grants </td> </tr> <tr> <td> Federal </td> <td> $ <br/> 3,059,462 </td> <td> $42,820 </td> </tr> <tr> <td> State (i.e., all states, not only the state in which your <br/> institution is located) </td> <td> $ <br/> 2,296,881 </td> <td> $0 </td> </tr> <tr> <td> Institutional: Endowed scholarships, annual gifts and <br/> tuition funded grants, awarded by the college, excluding <br/> athletic aid and tuition waivers (which are reported below). </td> <td> $ <br/> 27,598,514 </td> <td> $ <br/> 13,403,977 </td> </tr> <tr> <td> Scholarships/grants from external sources (e.g. <br/> Kiwanis, National Merit) not awarded by the college </td> <td> $ <br/> 227,087 </td> <td> $ <br/> 136,125 </td> </tr> <tr> <td> Total Scholarships/Grants </td> <td> $33,181,944 </td> <td> $13,582,922 </td> </tr> <tr> <td colspan=""3""> Self-Help </td> </tr> <tr> <td> Student loans from all sources (excluding parent loans) </td> <td> $9,427,196 </td> <td> $8,973,360 </td> </tr> <tr> <td> Federal Work-Study </td> <td> $ <br/> 463,690 </td> <td> </td> </tr> <tr> <td> State and other (e.g., institutional) work-study/employment <br/> (Note: Excludes Federal Work-Study captured above.) </td> <td> $49,750 </td> <td> $ <br/> 461,750 </td> </tr> <tr> <td> Total Self-Help </td> <td> $9,940,636 </td> <td> $9,435,110 </td> </tr> <tr> <td> Parent Loans </td> <td> $ <br/> 1,234,077 </td> <td> $ <br/> 3,715,941 </td> </tr> <tr> <td> Tuition Waivers <br/> Note: Reporting is optional. Report tuition waivers in this row <br/> if you choose to report them. Do not report tuition waivers <br/> elsewhere. </td> <td> $ <br/> 944,093 </td> <td> $ <br/> 1,608,795 </td> </tr> <tr> <td> Athletic Awards </td> <td> $0 </td> <td> $0 </td> </tr> </table>",210739,../data/cds-docs/2022-2023/210739.pdf,2022-2023
H,2,H2,Number of Enrolled Students Awarded Aid,"[[{0: '', 1: '', 2: 'Full-time,\nFirst-time,\nFirst-year', 3: 'Full-time Undergraduate\n(Incl. First-Year)', 4: 'Less Than\nFull-time\nUndergraduate'}, {0: 'A', 1: 'Number of degree-seeking\nundergraduate students (CDS Item B1\nif reporting on Fall 2022 cohort)', 2: '504', 3: '1912', 4: '283'}, {0: 'B', 1: 'Number of students in line a who\napplied for need-based financial aid', 2: '476', 3: '1645', 4: '185'}, {0: 'C', 1: 'Number of students in line b who were\ndetermined to have financial need', 2: '407', 3: '1414', 4: '170'}, {0: 'D', 1: 'Number of students in line c who were\nawarded any financial aid', 2: '407', 3: '1404', 4: '146'}, {0: 'E', 1: 'Number of students in line d who were\nawarded any need-based scholarship\nor grant aid', 2: '407', 3: '1381', 4: '116'}, {0: 'F', 1: 'Number of students in line d who were\nawarded any need-based self-help aid', 2: '311', 3: '1107', 4: '105'}, {0: 'G', 1: 'Number of students in line d who were\nawarded any non-need-based\nscholarship or grant aid', 2: '392', 3: '1243', 4: '10'}, {0: 'H', 1: 'Number of students in line d whose\nneed was fully met (exclude PLUS\nloans, unsubsidized loans, and private', 2: '111', 3: '373', 4: '6'}, {0: 'H', 1: 'alternative loans)', 2: '111', 3: '373', 4: '6'}, {0: 'I', 1: 'On average, the percentage of need\nthat was met of students who were\nawarded any need-based aid. Exclude\nany aid that was awarded in excess of\nneed as well as any resources that\nwere awarded to replace EFC (PLUS\nloans, unsubsidized loans, and private', 2: '75.0%', 3: '73.0%', 4: '40.0%'}, {0: 'I', 1: 'alternative loans)', 2: '75.0%', 3: '73.0%', 4: '40.0%'}, {0: 'J', 1: 'The average financial aid package of\nthose in line d. Exclude any resources\nthat were awarded to replace EFC\n(PLUS loans, unsubsidized loans, and', 2: '$ 34,172', 3: '$ 31,835', 4: '$ 8,028'}, {0: 'J', 1: 'private alternative loans)', 2: '$ 34,172', 3: '$ 31,835', 4: '$ 8,028'}, {0: 'K', 1: 'Average need-based scholarship and\ngrant award of those in line e', 2: '$ 27,475', 3: '$ 25,330', 4: '$ 6,177'}, {0: 'L', 1: 'Average need-based self-help award\n(excluding PLUS loans, unsubsidized\nloans, and private alternative loans) of\nthose in line f', 2: '$ 4,986', 3: '$ 5,692', 4: '$ 4,037'}]]","<table> <tr> <td> </td> <td> </td> <td> Full-time, <br/> First-time, <br/> First-year </td> <td> Full-time Undergraduate <br/> (Incl. First-Year) </td> <td> Less Than <br/> Full-time <br/> Undergraduate </td> </tr> <tr> <td> A </td> <td> Number of degree-seeking <br/> undergraduate students (CDS Item B1 <br/> if reporting on Fall 2022 cohort) </td> <td> 504 </td> <td> 1912 </td> <td> 283 </td> </tr> <tr> <td> B </td> <td> Number of students in line a who <br/> applied for need-based financial aid </td> <td> 476 </td> <td> 1645 </td> <td> 185 </td> </tr> <tr> <td> C </td> <td> Number of students in line b who were <br/> determined to have financial need </td> <td> 407 </td> <td> 1414 </td> <td> 170 </td> </tr> <tr> <td> D </td> <td> Number of students in line c who were <br/> awarded any financial aid </td> <td> 407 </td> <td> 1404 </td> <td> 146 </td> </tr> <tr> <td> E </td> <td> Number of students in line d who were <br/> awarded any need-based scholarship <br/> or grant aid </td> <td> 407 </td> <td> 1381 </td> <td> 116 </td> </tr> <tr> <td> F </td> <td> Number of students in line d who were <br/> awarded any need-based self-help aid </td> <td> 311 </td> <td> 1107 </td> <td> 105 </td> </tr> <tr> <td> G </td> <td> Number of students in line d who were <br/> awarded any non-need-based <br/> scholarship or grant aid </td> <td> 392 </td> <td> 1243 </td> <td> 10 </td> </tr> <tr> <td rowspan=""2""> H </td> <td> Number of students in line d whose <br/> need was fully met (exclude PLUS <br/> loans, unsubsidized loans, and private </td> <td rowspan=""2""> 111 </td> <td rowspan=""2""> 373 </td> <td rowspan=""2""> 6 </td> </tr> <tr> <td> alternative loans) </td> </tr> <tr> <td rowspan=""2""> I </td> <td> On average, the percentage of need <br/> that was met of students who were <br/> awarded any need-based aid. Exclude <br/> any aid that was awarded in excess of <br/> need as well as any resources that <br/> were awarded to replace EFC (PLUS <br/> loans, unsubsidized loans, and private </td> <td rowspan=""2""> 75.0% </td> <td rowspan=""2""> 73.0% </td> <td rowspan=""2""> 40.0% </td> </tr> <tr> <td> alternative loans) </td> </tr> <tr> <td rowspan=""2""> J </td> <td> The average financial aid package of <br/> those in line d. Exclude any resources <br/> that were awarded to replace EFC <br/> (PLUS loans, unsubsidized loans, and </td> <td rowspan=""2""> $ 34,172 </td> <td rowspan=""2""> $ 31,835 </td> <td rowspan=""2""> $ 8,028 </td> </tr> <tr> <td> private alternative loans) </td> </tr> <tr> <td> K </td> <td> Average need-based scholarship and <br/> grant award of those in line e </td> <td> $ 27,475 </td> <td> $ 25,330 </td> <td> $ 6,177 </td> </tr> <tr> <td> L </td> <td> Average need-based self-help award <br/> (excluding PLUS loans, unsubsidized <br/> loans, and private alternative loans) of <br/> those in line f </td> <td> $ 4,986 </td> <td> $ 5,692 </td> <td> $ 4,037 </td> </tr> </table>",210739,../data/cds-docs/2022-2023/210739.pdf,2022-2023
H,5,H5,,"[[{0: 'Source/Type of Loan', 1: 'Source/Type of Loan', 2: 'Number in the\nclass (defined\nin H4 above)\nwho borrowed\nfrom the types\nof loans\nspecified in the\nfirst column', 3: 'Percent of the class\n(defined above) who\nborrowed from the\ntypes of loans specified\nin the first column\n(nearest 1%)', 4: 'Average per\ufffe\nundergraduate-borrower\ncumulative principal\nborrowed from the types\nof loans specified in the\nfirst column (nearest $1)'}, {0: 'A', 1: 'Any loan program: Federal\nPerkins, Federal Stafford\nSubsidized and Unsubsidized,\ninstitutional, state, private loans\nthat your institution is aware of,\netc. Include both Federal Direct\nStudent Loans and Federal Family\nEducation Loans.', 2: '394', 3: '77.00%', 4: '$45,085'}, {0: 'B', 1: 'Federal loan programs: Federal\nPerkins, Federal Stafford\nSubsidized and Unsubsidized.\nInclude both Federal Direct\nStudent Loans and Federal Family\nEducation Loans.', 2: '385', 3: '75.00%', 4: '$24,940'}, {0: 'C', 1: 'Institutional loan programs.', 2: '0', 3: '0.00%', 4: '$0'}, {0: 'D', 1: 'State loan programs.', 2: '0', 3: '0.00%', 4: '$0'}, {0: 'E', 1: 'Private student loans made by a\nbank or lender.', 2: '162', 3: '32.00%', 4: '$50,381'}], [{0: 'Aid to Undergraduate Degree-Seeking Nonresidents', 1: 'Aid to Undergraduate Degree-Seeking Nonresidents'}, {0: 'Report numbers and dollar amounts for the same academic year checked in item H1\nIndicate your institution’s policy regarding institutional scholarship and grant aid for undergraduate degree-seeking\nnonresidents.', 1: 'Report numbers and dollar amounts for the same academic year checked in item H1\nIndicate your institution’s policy regarding institutional scholarship and grant aid for undergraduate degree-seeking\nnonresidents.'}, {0: '', 1: 'Institutional need-based scholarship or grant aid is available'}, {0: 'X', 1: 'Institutional non-need-based scholarship or grant aid is available'}, {0: '', 1: 'Institutional scholarship or grant aid is not available'}]]","<table> <tr> <td colspan=""2""> Source/Type of Loan </td> <td> Number in the <br/> class (defined <br/> in H4 above) <br/> who borrowed <br/> from the types <br/> of loans <br/> specified in the <br/> first column </td> <td> Percent of the class <br/> (defined above) who <br/> borrowed from the <br/> types of loans specified <br/> in the first column <br/> (nearest 1%) </td> <td> Average per￾ <br/> undergraduate-borrower <br/> cumulative principal <br/> borrowed from the types <br/> of loans specified in the <br/> first column (nearest $1) </td> </tr> <tr> <td> A </td> <td> Any loan program: Federal <br/> Perkins, Federal Stafford <br/> Subsidized and Unsubsidized, <br/> institutional, state, private loans <br/> that your institution is aware of, <br/> etc. Include both Federal Direct <br/> Student Loans and Federal Family <br/> Education Loans. </td> <td> 394 </td> <td> 77.00% </td> <td> $45,085 </td> </tr> <tr> <td> B </td> <td> Federal loan programs: Federal <br/> Perkins, Federal Stafford <br/> Subsidized and Unsubsidized. <br/> Include both Federal Direct <br/> Student Loans and Federal Family <br/> Education Loans. </td> <td> 385 </td> <td> 75.00% </td> <td> $24,940 </td> </tr> <tr> <td> C </td> <td> Institutional loan programs. </td> <td> 0 </td> <td> 0.00% </td> <td> $0 </td> </tr> <tr> <td> D </td> <td> State loan programs. </td> <td> 0 </td> <td> 0.00% </td> <td> $0 </td> </tr> <tr> <td> E </td> <td> Private student loans made by a <br/> bank or lender. </td> <td> 162 </td> <td> 32.00% </td> <td> $50,381 </td> </tr> </table><div class=""separator""></div><table> <tr> <td colspan=""2""> Aid to Undergraduate Degree-Seeking Nonresidents </td> </tr> <tr> <td colspan=""2""> Report numbers and dollar amounts for the same academic year checked in item H1 <br/> Indicate your institution’s policy regarding institutional scholarship and grant aid for undergraduate degree-seeking <br/> nonresidents. </td> </tr> <tr> <td> </td> <td> Institutional need-based scholarship or grant aid is available </td> </tr> <tr> <td> X </td> <td> Institutional non-need-based scholarship or grant aid is available </td> </tr> <tr> <td> </td> <td> Institutional scholarship or grant aid is not available </td> </tr> </table>",210739,../data/cds-docs/2022-2023/210739.pdf,2022-2023
H,7,H7,Check off all financial aid forms nonresident first-year financial aid applicants must submit:,"[[{0: 'Process for First-Year Students', 1: 'Process for First-Year Students'}, {0: 'Check off all financial aid forms domestic first-year financial aid applicants must submit:', 1: 'Check off all financial aid forms domestic first-year financial aid applicants must submit:'}, {0: 'X', 1: 'FAFSA'}, {0: '', 1: ""Institution's own financial aid form""}, {0: '', 1: 'CSS/Financial Aid PROFILE'}, {0: 'X', 1: 'State aid form'}, {0: '', 1: 'Noncustodial PROFILE'}, {0: '', 1: 'Business/Farm Supplement'}, {0: '', 1: 'Other (specify):'}]]","<table> <tr> <td colspan=""2""> Process for First-Year Students </td> </tr> <tr> <td colspan=""2""> Check off all financial aid forms domestic first-year financial aid applicants must submit: </td> </tr> <tr> <td> X </td> <td> FAFSA </td> </tr> <tr> <td> </td> <td> Institution's own financial aid form </td> </tr> <tr> <td> </td> <td> CSS/Financial Aid PROFILE </td> </tr> <tr> <td> X </td> <td> State aid form </td> </tr> <tr> <td> </td> <td> Noncustodial PROFILE </td> </tr> <tr> <td> </td> <td> Business/Farm Supplement </td> </tr> <tr> <td> </td> <td> Other (specify): </td> </tr> </table>",210739,../data/cds-docs/2022-2023/210739.pdf,2022-2023
H,8,H8,Check off all financial aid forms domestic first-year financial aid applicants must submit:,"[[{0: 'Indicate filing dates for first-year students:', 1: 'Indicate filing dates for first-year students:'}, {0: 'Priority date for filing required financial aid forms:', 1: 'December 1'}, {0: 'Deadline for filing required financial aid forms:', 1: ''}, {0: 'X\nNo deadline for filing required forms (applications processed on a rolling basis).', 1: 'X\nNo deadline for filing required forms (applications processed on a rolling basis).'}]]","<table> <tr> <td colspan=""2""> Indicate filing dates for first-year students: </td> </tr> <tr> <td> Priority date for filing required financial aid forms: </td> <td> December 1 </td> </tr> <tr> <td> Deadline for filing required financial aid forms: </td> <td> </td> </tr> <tr> <td colspan=""2""> X <br/> No deadline for filing required forms (applications processed on a rolling basis). </td> </tr> </table>",210739,../data/cds-docs/2022-2023/210739.pdf,2022-2023
H,9,H9,Indicate filing dates for first-year students:,"[[{0: 'Indicate notification dates for first-year students (answer a or b):', 1: 'Indicate notification dates for first-year students (answer a or b):', 2: 'Indicate notification dates for first-year students (answer a or b):'}, {0: 'a) Students notified on or about (date):', 1: 'a) Students notified on or about (date):', 2: ''}, {0: '', 1: '', 2: 'Yes\nNo'}, {0: 'b)', 1: 'Students notified on a rolling basis:', 2: 'X'}, {0: 'b)', 1: 'If yes, starting date:', 2: 'December 1'}]]","<table> <tr> <td colspan=""3""> Indicate notification dates for first-year students (answer a or b): </td> </tr> <tr> <td colspan=""2""> a) Students notified on or about (date): </td> <td> </td> </tr> <tr> <td colspan=""2""> </td> <td> Yes <br/> No </td> </tr> <tr> <td rowspan=""2""> b) </td> <td> Students notified on a rolling basis: </td> <td> X </td> </tr> <tr> <td> If yes, starting date: </td> <td> December 1 </td> </tr> </table>",210739,../data/cds-docs/2022-2023/210739.pdf,2022-2023
H,10,H10,Indicate notification dates for first-year students (answer a or b):,"[[{0: 'Indicate reply dates:', 1: 'Indicate reply dates:'}, {0: 'Students must reply by (date):', 1: 'May 1'}, {0: 'or within _______ weeks of notification.', 1: '2'}]]","<table> <tr> <td colspan=""2""> Indicate reply dates: </td> </tr> <tr> <td> Students must reply by (date): </td> <td> May 1 </td> </tr> <tr> <td> or within _______ weeks of notification. </td> <td> 2 </td> </tr> </table>",210739,../data/cds-docs/2022-2023/210739.pdf,2022-2023
H,11,H11,Indicate reply dates:,"[[{0: 'Types of Aid Available', 1: 'Types of Aid Available'}, {0: 'Please check off all types of aid available to undergraduates at your institution:', 1: 'Please check off all types of aid available to undergraduates at your institution:'}, {0: 'Loans', 1: 'Loans'}, {0: 'X', 1: 'Direct Subsidized Stafford Loans'}, {0: 'X', 1: 'Direct Unsubsidized Stafford Loans'}, {0: 'X', 1: 'Direct PLUS Loans'}, {0: 'X', 1: 'Federal Perkins Loans'}, {0: 'X', 1: 'Federal Nursing Loans'}, {0: 'X', 1: 'State Loans'}, {0: '', 1: 'College/university loans from institutional funds'}, {0: '', 1: 'Other (specify):'}]]","<table> <tr> <td colspan=""2""> Types of Aid Available </td> </tr> <tr> <td colspan=""2""> Please check off all types of aid available to undergraduates at your institution: </td> </tr> <tr> <td colspan=""2""> Loans </td> </tr> <tr> <td> X </td> <td> Direct Subsidized Stafford Loans </td> </tr> <tr> <td> X </td> <td> Direct Unsubsidized Stafford Loans </td> </tr> <tr> <td> X </td> <td> Direct PLUS Loans </td> </tr> <tr> <td> X </td> <td> Federal Perkins Loans </td> </tr> <tr> <td> X </td> <td> Federal Nursing Loans </td> </tr> <tr> <td> X </td> <td> State Loans </td> </tr> <tr> <td> </td> <td> College/university loans from institutional funds </td> </tr> <tr> <td> </td> <td> Other (specify): </td> </tr> </table>",210739,../data/cds-docs/2022-2023/210739.pdf,2022-2023
H,13,H13,Need Based Scholarships and Grants,"[[{0: 'Check off criteria used in awarding institutional aid. Check all that apply.', 1: 'Check off criteria used in awarding institutional aid. Check all that apply.', 2: 'Check off criteria used in awarding institutional aid. Check all that apply.'}, {0: '', 1: 'Non-Need Based', 2: 'Need-Based'}, {0: 'Academics', 1: 'X', 2: 'X'}, {0: 'Alumni affiliation', 1: 'X', 2: ''}, {0: 'Art', 1: 'X', 2: ''}, {0: 'Athletics', 1: '', 2: ''}, {0: 'Job skills', 1: '', 2: ''}, {0: 'ROTC', 1: 'X', 2: ''}, {0: 'Leadership', 1: 'X', 2: ''}, {0: 'Minority status', 1: 'X', 2: ''}, {0: 'Music/drama', 1: 'X', 2: ''}, {0: 'Religious affiliation', 1: 'X', 2: ''}, {0: 'State/district residency', 1: '', 2: ''}]]","<table> <tr> <td colspan=""3""> Check off criteria used in awarding institutional aid. Check all that apply. </td> </tr> <tr> <td> </td> <td> Non-Need Based </td> <td> Need-Based </td> </tr> <tr> <td> Academics </td> <td> X </td> <td> X </td> </tr> <tr> <td> Alumni affiliation </td> <td> X </td> <td> </td> </tr> <tr> <td> Art </td> <td> X </td> <td> </td> </tr> <tr> <td> Athletics </td> <td> </td> <td> </td> </tr> <tr> <td> Job skills </td> <td> </td> <td> </td> </tr> <tr> <td> ROTC </td> <td> X </td> <td> </td> </tr> <tr> <td> Leadership </td> <td> X </td> <td> </td> </tr> <tr> <td> Minority status </td> <td> X </td> <td> </td> </tr> <tr> <td> Music/drama </td> <td> X </td> <td> </td> </tr> <tr> <td> Religious affiliation </td> <td> X </td> <td> </td> </tr> <tr> <td> State/district residency </td> <td> </td> <td> </td> </tr> </table>",210739,../data/cds-docs/2022-2023/210739.pdf,2022-2023
H,15,H15,,"[[{0: '', 1: 'Yes', 2: 'No'}, {0: 'Are these policies related to the COVID-19 pandemic?', 1: '', 2: 'X'}]]",<table> <tr> <td> </td> <td> Yes </td> <td> No </td> </tr> <tr> <td> Are these policies related to the COVID-19 pandemic? </td> <td> </td> <td> X </td> </tr> </table>,210739,../data/cds-docs/2022-2023/210739.pdf,2022-2023
J,1,J1,"Degrees conferred between July 1, 2021 and June 30, 2022","[[{0: 'Category', 1: 'Category', 2: 'Diploma/Certificates', 3: 'Associate', 4: 'Bachelor’s', 5: 'CIP 2020 Categories\nto Include'}, {0: 'Agricultural/Animal/Plant/Veterinary Science &\nRelated Fields', 1: 'Agricultural/Animal/Plant/Veterinary Science &\nRelated Fields', 2: '', 3: '', 4: '', 5: '01'}, {0: 'Natural resources and conservation', 1: 'Natural resources and conservation', 2: '', 3: '', 4: '', 5: '03'}, {0: 'Architecture & Related Services', 1: 'Architecture & Related Services', 2: '', 3: '', 4: '', 5: '04'}, {0: 'Area, Ethnic, Cultural, Gender & Group Studies', 1: 'Area, Ethnic, Cultural, Gender & Group Studies', 2: '', 3: '', 4: '', 5: '05'}, {0: 'Communication, Journalism & Related Programs', 1: 'Communication, Journalism & Related Programs', 2: '', 3: '', 4: '1.86%', 5: '09'}, {0: 'Communications Technologies/Technicians &\nSupport Services', 1: 'Communications Technologies/Technicians &\nSupport Services', 2: '', 3: '', 4: '', 5: '10'}, {0: 'Computer & Information Sciences & Support\nServices', 1: 'Computer & Information Sciences & Support\nServices', 2: '10.00%', 3: '', 4: '3.05%', 5: '11'}, {0: 'Culinary, Entertainment & Personal Services', 1: 'Culinary, Entertainment & Personal Services', 2: '', 3: '', 4: '', 5: '12'}, {0: 'Education', 1: 'Education', 2: '', 3: '', 4: '3.72%', 5: '13'}, {0: 'Engineering', 1: 'Engineering', 2: '', 3: '', 4: '', 5: '14'}, {0: 'Engineering/Engineering-Related\nTechnologies/Technicians', 1: 'Engineering/Engineering-Related\nTechnologies/Technicians', 2: '', 3: '', 4: '', 5: '15'}, {0: 'Foreign Languages, Literatures, and Linguistics', 1: 'Foreign Languages, Literatures, and Linguistics', 2: '', 3: '', 4: '', 5: '16'}, {0: 'Family & Consumer Sciences/Human Sciences', 1: 'Family & Consumer Sciences/Human Sciences', 2: '', 3: '', 4: '', 5: '19'}, {0: 'Legal Professions & Studies', 1: 'Legal Professions & Studies', 2: '', 3: '', 4: '0.34%', 5: '22'}, {0: 'English Language & Literature/Letters', 1: 'English Language & Literature/Letters', 2: '', 3: '', 4: '0.51%', 5: '23'}, {0: 'Liberal Arts & Sciences, General Studies &\nHumanities', 1: 'Liberal Arts & Sciences, General Studies &\nHumanities', 2: '', 3: '', 4: '', 5: '24'}, {0: 'Library science', 1: 'Library science', 2: '', 3: '', 4: '', 5: '25'}, {0: 'Biological & Biomedical Sciences', 1: 'Biological & Biomedical Sciences', 2: '', 3: '', 4: '7.11%', 5: '26'}, {0: 'Mathematics & Statistics', 1: 'Mathematics & Statistics', 2: '', 3: '', 4: '1.18%', 5: '27'}, {0: 'Military Science, Leadership & Operational Art', 1: 'Military Science, Leadership & Operational Art', 2: '', 3: '', 4: '', 5: '28'}, {0: 'Military Technologies & Applied Sciences', 1: 'Military Technologies & Applied Sciences', 2: '', 3: '', 4: '', 5: '29'}, {0: 'Multi/Interdisciplinary Studies', 1: 'Multi/Interdisciplinary Studies', 2: '', 3: '', 4: '', 5: '30'}, {0: 'Parks, Recreation, Leisure, Fitness & Kinesiology', 1: 'Parks, Recreation, Leisure, Fitness & Kinesiology', 2: '', 3: '', 4: '5.41%', 5: '31'}, {0: 'Philosophy & Religious Studies', 1: 'Philosophy & Religious Studies', 2: '', 3: '', 4: '', 5: '38'}, {0: 'Theology', 1: '& Religious Vocations', 2: '', 3: '', 4: '0.85%', 5: '39'}, {0: 'Physical Sciences', 1: 'Physical Sciences', 2: '', 3: '', 4: '0.51%', 5: '40'}, {0: 'Science Technologies/Technicians', 1: 'Science Technologies/Technicians', 2: '', 3: '', 4: '', 5: '41'}, {0: 'Psychology', 1: 'Psychology', 2: '', 3: '', 4: '5.41%', 5: '42'}, {0: 'Homeland Security, Law Enforcement, Firefighting,\n& Protective Services', 1: 'Homeland Security, Law Enforcement, Firefighting,\n& Protective Services', 2: '', 3: '', 4: '8.46%', 5: '43'}, {0: 'Public Administration & Social Service Professions', 1: 'Public Administration & Social Service Professions', 2: '', 3: '', 4: '', 5: '44'}, {0: 'Social Sciences', 1: 'Social Sciences', 2: '', 3: '', 4: '0.85%', 5: '45'}, {0: 'Construction Trades', 1: 'Construction Trades', 2: '', 3: '', 4: '', 5: '46'}, {0: 'Mechanic and Repair Technologies/Technicians', 1: 'Mechanic and Repair Technologies/Technicians', 2: '', 3: '', 4: '', 5: '47'}, {0: 'Precision Production', 1: 'Precision Production', 2: '', 3: '', 4: '', 5: '48'}, {0: 'Transportation and Materials Moving', 1: 'Transportation and Materials Moving', 2: '', 3: '', 4: '', 5: '49'}, {0: 'Visual and Performing Arts', 1: 'Visual and Performing Arts', 2: '', 3: '', 4: '8.80%', 5: '50'}, {0: 'Health Professions and Related Programs', 1: 'Health Professions and Related Programs', 2: '', 3: '', 4: '28.09%', 5: '51'}, {0: 'Business, Management, Marketing and Related\nSupport Services', 1: 'Business, Management, Marketing and Related\nSupport Services', 2: '90.00%', 3: '', 4: '22.50%', 5: '52'}, {0: 'History', 1: 'History', 2: '', 3: '', 4: '1.35%', 5: '54'}, {0: 'Other', 1: 'Other', 2: '', 3: '', 4: '', 5: ''}, {0: 'TOTAL (should = 100%)', 1: 'TOTAL (should = 100%)', 2: '100.00%', 3: '0%', 4: '100.00%', 5: ''}]]","<table> <tr> <td colspan=""2""> Category </td> <td> Diploma/Certificates </td> <td> Associate </td> <td> Bachelor’s </td> <td> CIP 2020 Categories <br/> to Include </td> </tr> <tr> <td colspan=""2""> Agricultural/Animal/Plant/Veterinary Science &amp; <br/> Related Fields </td> <td> </td> <td> </td> <td> </td> <td> 01 </td> </tr> <tr> <td colspan=""2""> Natural resources and conservation </td> <td> </td> <td> </td> <td> </td> <td> 03 </td> </tr> <tr> <td colspan=""2""> Architecture &amp; Related Services </td> <td> </td> <td> </td> <td> </td> <td> 04 </td> </tr> <tr> <td colspan=""2""> Area, Ethnic, Cultural, Gender &amp; Group Studies </td> <td> </td> <td> </td> <td> </td> <td> 05 </td> </tr> <tr> <td colspan=""2""> Communication, Journalism &amp; Related Programs </td> <td> </td> <td> </td> <td> 1.86% </td> <td> 09 </td> </tr> <tr> <td colspan=""2""> Communications Technologies/Technicians &amp; <br/> Support Services </td> <td> </td> <td> </td> <td> </td> <td> 10 </td> </tr> <tr> <td colspan=""2""> Computer &amp; Information Sciences &amp; Support <br/> Services </td> <td> 10.00% </td> <td> </td> <td> 3.05% </td> <td> 11 </td> </tr> <tr> <td colspan=""2""> Culinary, Entertainment &amp; Personal Services </td> <td> </td> <td> </td> <td> </td> <td> 12 </td> </tr> <tr> <td colspan=""2""> Education </td> <td> </td> <td> </td> <td> 3.72% </td> <td> 13 </td> </tr> <tr> <td colspan=""2""> Engineering </td> <td> </td> <td> </td> <td> </td> <td> 14 </td> </tr> <tr> <td colspan=""2""> Engineering/Engineering-Related <br/> Technologies/Technicians </td> <td> </td> <td> </td> <td> </td> <td> 15 </td> </tr> <tr> <td colspan=""2""> Foreign Languages, Literatures, and Linguistics </td> <td> </td> <td> </td> <td> </td> <td> 16 </td> </tr> <tr> <td colspan=""2""> Family &amp; Consumer Sciences/Human Sciences </td> <td> </td> <td> </td> <td> </td> <td> 19 </td> </tr> <tr> <td colspan=""2""> Legal Professions &amp; Studies </td> <td> </td> <td> </td> <td> 0.34% </td> <td> 22 </td> </tr> <tr> <td colspan=""2""> English Language &amp; Literature/Letters </td> <td> </td> <td> </td> <td> 0.51% </td> <td> 23 </td> </tr> <tr> <td colspan=""2""> Liberal Arts &amp; Sciences, General Studies &amp; <br/> Humanities </td> <td> </td> <td> </td> <td> </td> <td> 24 </td> </tr> <tr> <td colspan=""2""> Library science </td> <td> </td> <td> </td> <td> </td> <td> 25 </td> </tr> <tr> <td colspan=""2""> Biological &amp; Biomedical Sciences </td> <td> </td> <td> </td> <td> 7.11% </td> <td> 26 </td> </tr> <tr> <td colspan=""2""> Mathematics &amp; Statistics </td> <td> </td> <td> </td> <td> 1.18% </td> <td> 27 </td> </tr> <tr> <td colspan=""2""> Military Science, Leadership &amp; Operational Art </td> <td> </td> <td> </td> <td> </td> <td> 28 </td> </tr> <tr> <td colspan=""2""> Military Technologies &amp; Applied Sciences </td> <td> </td> <td> </td> <td> </td> <td> 29 </td> </tr> <tr> <td colspan=""2""> Multi/Interdisciplinary Studies </td> <td> </td> <td> </td> <td> </td> <td> 30 </td> </tr> <tr> <td colspan=""2""> Parks, Recreation, Leisure, Fitness &amp; Kinesiology </td> <td> </td> <td> </td> <td> 5.41% </td> <td> 31 </td> </tr> <tr> <td colspan=""2""> Philosophy &amp; Religious Studies </td> <td> </td> <td> </td> <td> </td> <td> 38 </td> </tr> <tr> <td> Theology </td> <td> &amp; Religious Vocations </td> <td> </td> <td> </td> <td> 0.85% </td> <td> 39 </td> </tr> <tr> <td colspan=""2""> Physical Sciences </td> <td> </td> <td> </td> <td> 0.51% </td> <td> 40 </td> </tr> <tr> <td colspan=""2""> Science Technologies/Technicians </td> <td> </td> <td> </td> <td> </td> <td> 41 </td> </tr> <tr> <td colspan=""2""> Psychology </td> <td> </td> <td> </td> <td> 5.41% </td> <td> 42 </td> </tr> <tr> <td colspan=""2""> Homeland Security, Law Enforcement, Firefighting, <br/> &amp; Protective Services </td> <td> </td> <td> </td> <td> 8.46% </td> <td> 43 </td> </tr> <tr> <td colspan=""2""> Public Administration &amp; Social Service Professions </td> <td> </td> <td> </td> <td> </td> <td> 44 </td> </tr> <tr> <td colspan=""2""> Social Sciences </td> <td> </td> <td> </td> <td> 0.85% </td> <td> 45 </td> </tr> <tr> <td colspan=""2""> Construction Trades </td> <td> </td> <td> </td> <td> </td> <td> 46 </td> </tr> <tr> <td colspan=""2""> Mechanic and Repair Technologies/Technicians </td> <td> </td> <td> </td> <td> </td> <td> 47 </td> </tr> <tr> <td colspan=""2""> Precision Production </td> <td> </td> <td> </td> <td> </td> <td> 48 </td> </tr> <tr> <td colspan=""2""> Transportation and Materials Moving </td> <td> </td> <td> </td> <td> </td> <td> 49 </td> </tr> <tr> <td colspan=""2""> Visual and Performing Arts </td> <td> </td> <td> </td> <td> 8.80% </td> <td> 50 </td> </tr> <tr> <td colspan=""2""> Health Professions and Related Programs </td> <td> </td> <td> </td> <td> 28.09% </td> <td> 51 </td> </tr> <tr> <td colspan=""2""> Business, Management, Marketing and Related <br/> Support Services </td> <td> 90.00% </td> <td> </td> <td> 22.50% </td> <td> 52 </td> </tr> <tr> <td colspan=""2""> History </td> <td> </td> <td> </td> <td> 1.35% </td> <td> 54 </td> </tr> <tr> <td colspan=""2""> Other </td> <td> </td> <td> </td> <td> </td> <td> </td> </tr> <tr> <td colspan=""2""> TOTAL (should = 100%) </td> <td> 100.00% </td> <td> 0% </td> <td> 100.00% </td> <td> </td> </tr> </table>",210739,../data/cds-docs/2022-2023/210739.pdf,2022-2023
A,0,A0,A,"[[{0: 'Address Information', 1: 'Address Information'}, {0: 'Name of College/University:', 1: 'DeSales University'}, {0: 'Mailing Address:', 1: '2755 Station Ave.'}, {0: 'City/State/Zip/Country:', 1: 'Center Valley, PA 18034'}, {0: 'Street Address (if different):', 1: ''}, {0: 'City/State/Zip/Country:', 1: ''}, {0: 'Main Phone Number:', 1: '610-282-1100'}, {0: 'WWW Home Page Address:', 1: 'www.desales.edu'}, {0: 'Admissions Phone Number:', 1: '610-282-1100, ext. 1277'}, {0: 'Admissions Toll-Free Phone Number:', 1: '1-877-4-DESALES, ext. 1277'}, {0: 'Admissions Office Mailing Address:', 1: '2755 Station Ave.'}, {0: 'City/State/Zip/Country:', 1: 'Center Valley, PA 18034'}, {0: 'Admissions Fax Number:', 1: '610-282-0131'}, {0: 'Admissions E-mail Address:', 1: 'admiss@desales.edu'}, {0: 'If there is a separate URL for your school’s\nonline application, please specify.', 1: 'https://www.desales.edu/admissions-financial\ufffe\naid/undergraduate-admissions-aid/how-to-apply'}, {0: 'If you have a mailing address other than the\nabove to which applications should be sent,\nplease provide.', 1: ''}]]","<table> <tr> <td colspan=""2""> Address Information </td> </tr> <tr> <td> Name of College/University: </td> <td> DeSales University </td> </tr> <tr> <td> Mailing Address: </td> <td> 2755 Station Ave. </td> </tr> <tr> <td> City/State/Zip/Country: </td> <td> Center Valley, PA 18034 </td> </tr> <tr> <td> Street Address (if different): </td> <td> </td> </tr> <tr> <td> City/State/Zip/Country: </td> <td> </td> </tr> <tr> <td> Main Phone Number: </td> <td> 610-282-1100 </td> </tr> <tr> <td> WWW Home Page Address: </td> <td> www.desales.edu </td> </tr> <tr> <td> Admissions Phone Number: </td> <td> 610-282-1100, ext. 1277 </td> </tr> <tr> <td> Admissions Toll-Free Phone Number: </td> <td> 1-877-4-DESALES, ext. 1277 </td> </tr> <tr> <td> Admissions Office Mailing Address: </td> <td> 2755 Station Ave. </td> </tr> <tr> <td> City/State/Zip/Country: </td> <td> Center Valley, PA 18034 </td> </tr> <tr> <td> Admissions Fax Number: </td> <td> 610-282-0131 </td> </tr> <tr> <td> Admissions E-mail Address: </td> <td> admiss@desales.edu </td> </tr> <tr> <td> If there is a separate URL for your school’s <br/> online application, please specify. </td> <td> https://www.desales.edu/admissions-financial￾ <br/> aid/undergraduate-admissions-aid/how-to-apply </td> </tr> <tr> <td> If you have a mailing address other than the <br/> above to which applications should be sent, <br/> please provide. </td> <td> </td> </tr> </table>",210739,../data/cds-docs/2021-2022/210739.pdf,2021-2022
A,1,A1,Address Information,"[[{0: 'Source of Institutional Control (check only one)', 1: 'Source of Institutional Control (check only one)'}, {0: '', 1: 'Public'}, {0: 'X', 1: 'Private (nonprofit)'}, {0: '', 1: 'Proprietary'}]]","<table> <tr> <td colspan=""2""> Source of Institutional Control (check only one) </td> </tr> <tr> <td> </td> <td> Public </td> </tr> <tr> <td> X </td> <td> Private (nonprofit) </td> </tr> <tr> <td> </td> <td> Proprietary </td> </tr> </table>",210739,../data/cds-docs/2021-2022/210739.pdf,2021-2022
A,3,A3,Classify your Undergraduate Institution,"[[{0: 'Academic Year Calendar', 1: 'Academic Year Calendar'}, {0: 'X', 1: 'Semester'}, {0: '', 1: 'Quarter'}, {0: '', 1: 'Trimester'}, {0: '', 1: '4-1-4'}, {0: '', 1: 'Continuous'}, {0: '', 1: 'Differs by program (describe):'}, {0: 'Other (describe):', 1: 'Other (describe):'}]]","<table> <tr> <td colspan=""2""> Academic Year Calendar </td> </tr> <tr> <td> X </td> <td> Semester </td> </tr> <tr> <td> </td> <td> Quarter </td> </tr> <tr> <td> </td> <td> Trimester </td> </tr> <tr> <td> </td> <td> 4-1-4 </td> </tr> <tr> <td> </td> <td> Continuous </td> </tr> <tr> <td> </td> <td> Differs by program (describe): </td> </tr> <tr> <td colspan=""2""> Other (describe): </td> </tr> </table>",210739,../data/cds-docs/2021-2022/210739.pdf,2021-2022
A,4,A4,Academic Year Calendar,"[[{0: 'Degrees Offered by Your Institution', 1: 'Degrees Offered by Your Institution'}, {0: 'X', 1: 'Certificate'}, {0: '', 1: 'Diploma'}, {0: '', 1: 'Associate'}, {0: '', 1: 'Transfer Associate'}, {0: '', 1: 'Terminal Associate'}, {0: 'X', 1: ""Bachelor's""}, {0: 'X', 1: ""Postbachelor's certificate""}, {0: 'X', 1: ""Master's""}, {0: 'X', 1: ""Post-master's certificate""}, {0: '', 1: 'Doctoral degree research/scholarship'}, {0: 'X', 1: 'Doctoral degree – professional practice'}, {0: '', 1: 'Doctoral degree -- other'}]]","<table> <tr> <td colspan=""2""> Degrees Offered by Your Institution </td> </tr> <tr> <td> X </td> <td> Certificate </td> </tr> <tr> <td> </td> <td> Diploma </td> </tr> <tr> <td> </td> <td> Associate </td> </tr> <tr> <td> </td> <td> Transfer Associate </td> </tr> <tr> <td> </td> <td> Terminal Associate </td> </tr> <tr> <td> X </td> <td> Bachelor's </td> </tr> <tr> <td> X </td> <td> Postbachelor's certificate </td> </tr> <tr> <td> X </td> <td> Master's </td> </tr> <tr> <td> X </td> <td> Post-master's certificate </td> </tr> <tr> <td> </td> <td> Doctoral degree research/scholarship </td> </tr> <tr> <td> X </td> <td> Doctoral degree – professional practice </td> </tr> <tr> <td> </td> <td> Doctoral degree -- other </td> </tr> </table>",210739,../data/cds-docs/2021-2022/210739.pdf,2021-2022
B,1,B1,Institutional Enrollment Men and Women,"[[{0: 'Total all undergraduates', 1: '2,309'}, {0: 'Total all graduate', 1: '792'}, {0: 'GRAND TOTAL ALL STUDENTS', 1: '3,101'}], [{0: 'Enrollment by Racial/Ethnic Category.', 1: 'Enrollment by Racial/Ethnic Category.', 2: 'Enrollment by Racial/Ethnic Category.', 3: 'Enrollment by Racial/Ethnic Category.'}, {0: 'Provide numbers of undergraduate students for each of the following categories as of the institution\'s\nofficial fall reporting date or as of October 15, 2021.\n• Include international students only in the category ""Nonresident aliens.""\n• Complete the “Total Undergraduates” column only if you cannot provide data for the first two columns.\n• Report as your institution reports to IPEDS: persons who are Hispanic should be reported only on the\nHispanic line, not under any race, and persons who are non-Hispanic multi-racial should be reported\nonly under ""Two or more races.""', 1: 'Provide numbers of undergraduate students for each of the following categories as of the institution\'s\nofficial fall reporting date or as of October 15, 2021.\n• Include international students only in the category ""Nonresident aliens.""\n• Complete the “Total Undergraduates” column only if you cannot provide data for the first two columns.\n• Report as your institution reports to IPEDS: persons who are Hispanic should be reported only on the\nHispanic line, not under any race, and persons who are non-Hispanic multi-racial should be reported\nonly under ""Two or more races.""', 2: 'Provide numbers of undergraduate students for each of the following categories as of the institution\'s\nofficial fall reporting date or as of October 15, 2021.\n• Include international students only in the category ""Nonresident aliens.""\n• Complete the “Total Undergraduates” column only if you cannot provide data for the first two columns.\n• Report as your institution reports to IPEDS: persons who are Hispanic should be reported only on the\nHispanic line, not under any race, and persons who are non-Hispanic multi-racial should be reported\nonly under ""Two or more races.""', 3: 'Provide numbers of undergraduate students for each of the following categories as of the institution\'s\nofficial fall reporting date or as of October 15, 2021.\n• Include international students only in the category ""Nonresident aliens.""\n• Complete the “Total Undergraduates” column only if you cannot provide data for the first two columns.\n• Report as your institution reports to IPEDS: persons who are Hispanic should be reported only on the\nHispanic line, not under any race, and persons who are non-Hispanic multi-racial should be reported\nonly under ""Two or more races.""'}, {0: 'Race/Ethnicity', 1: 'Degree\ufffe\nSeeking\nFirst-Time\nFirst Year', 2: 'Degree\ufffe\nSeeking\nUndergraduate\n(include first\ufffe\ntime first-year)', 3: 'Total\nUndergraduate\n(both degree\ufffe\nand degree\ufffe non\ufffe\nseeking)'}, {0: 'Nonresident aliens', 1: '0', 2: '0', 3: '6'}, {0: 'Hispanic/Latino', 1: '81', 2: '282', 3: '282'}, {0: 'Black or African American, non-Hispanic', 1: '29', 2: '124', 3: '124'}, {0: 'White, non-Hispanic', 1: '363', 2: '1,620', 3: '1,620'}, {0: 'American Indian or Alaska Native, non-Hispanic', 1: '0', 2: '1', 3: '1'}, {0: 'Asian, non-Hispanic', 1: '24', 2: '91', 3: '91'}, {0: 'Native Hawaiian or Pacific Islander, non-Hispanic', 1: '0', 2: '1', 3: '1'}, {0: 'Two or more races, non-Hispanic', 1: '13', 2: '57', 3: '57'}, {0: 'Race and/or ethnicity unknown', 1: '6', 2: '89', 3: '127'}, {0: 'TOTAL', 1: '516', 2: '2,265', 3: '2,309'}]]","<table> <tr> <td> Total all undergraduates </td> <td> 2,309 </td> </tr> <tr> <td> Total all graduate </td> <td> 792 </td> </tr> <tr> <td> GRAND TOTAL ALL STUDENTS </td> <td> 3,101 </td> </tr> </table><div class=""separator""></div><table> <tr> <td colspan=""4""> Enrollment by Racial/Ethnic Category. </td> </tr> <tr> <td colspan=""4""> Provide numbers of undergraduate students for each of the following categories as of the institution's <br/> official fall reporting date or as of October 15, 2021. <br/> • Include international students only in the category ""Nonresident aliens."" <br/> • Complete the “Total Undergraduates” column only if you cannot provide data for the first two columns. <br/> • Report as your institution reports to IPEDS: persons who are Hispanic should be reported only on the <br/> Hispanic line, not under any race, and persons who are non-Hispanic multi-racial should be reported <br/> only under ""Two or more races."" </td> </tr> <tr> <td> Race/Ethnicity </td> <td> Degree￾ <br/> Seeking <br/> First-Time <br/> First Year </td> <td> Degree￾ <br/> Seeking <br/> Undergraduate <br/> (include first￾ <br/> time first-year) </td> <td> Total <br/> Undergraduate <br/> (both degree￾ <br/> and degree￾ non￾ <br/> seeking) </td> </tr> <tr> <td> Nonresident aliens </td> <td> 0 </td> <td> 0 </td> <td> 6 </td> </tr> <tr> <td> Hispanic/Latino </td> <td> 81 </td> <td> 282 </td> <td> 282 </td> </tr> <tr> <td> Black or African American, non-Hispanic </td> <td> 29 </td> <td> 124 </td> <td> 124 </td> </tr> <tr> <td> White, non-Hispanic </td> <td> 363 </td> <td> 1,620 </td> <td> 1,620 </td> </tr> <tr> <td> American Indian or Alaska Native, non-Hispanic </td> <td> 0 </td> <td> 1 </td> <td> 1 </td> </tr> <tr> <td> Asian, non-Hispanic </td> <td> 24 </td> <td> 91 </td> <td> 91 </td> </tr> <tr> <td> Native Hawaiian or Pacific Islander, non-Hispanic </td> <td> 0 </td> <td> 1 </td> <td> 1 </td> </tr> <tr> <td> Two or more races, non-Hispanic </td> <td> 13 </td> <td> 57 </td> <td> 57 </td> </tr> <tr> <td> Race and/or ethnicity unknown </td> <td> 6 </td> <td> 89 </td> <td> 127 </td> </tr> <tr> <td> TOTAL </td> <td> 516 </td> <td> 2,265 </td> <td> 2,309 </td> </tr> </table>",210739,../data/cds-docs/2021-2022/210739.pdf,2021-2022
C,1,C1,Applications,"[[{0: 'Freshman Wait-Listed Students', 1: 'Freshman Wait-Listed Students', 2: 'Freshman Wait-Listed Students'}, {0: 'Students who met admission requirements but whose final admission was contingent on space\navailability.', 1: 'Students who met admission requirements but whose final admission was contingent on space\navailability.', 2: 'Students who met admission requirements but whose final admission was contingent on space\navailability.'}, {0: '', 1: 'Yes', 2: 'No'}, {0: 'Do you have a policy of placing students on a waiting list?', 1: '', 2: 'X'}, {0: 'If yes, please answer the questions below for Fall 2021 admissions:', 1: 'If yes, please answer the questions below for Fall 2021 admissions:', 2: 'If yes, please answer the questions below for Fall 2021 admissions:'}, {0: 'Number of qualified applicants offered a place on waiting list', 1: '', 2: ''}, {0: 'Number accepting a place on the waiting list', 1: '', 2: ''}, {0: 'Number of wait-listed students admitted', 1: '', 2: ''}, {0: '', 1: 'Yes', 2: 'No'}, {0: 'Is your waiting list ranked?', 1: '', 2: ''}, {0: 'If yes, do you release that information to students?', 1: '', 2: ''}, {0: 'Do you release that information to school counselors?', 1: '', 2: ''}]]","<table> <tr> <td colspan=""3""> Freshman Wait-Listed Students </td> </tr> <tr> <td colspan=""3""> Students who met admission requirements but whose final admission was contingent on space <br/> availability. </td> </tr> <tr> <td> </td> <td> Yes </td> <td> No </td> </tr> <tr> <td> Do you have a policy of placing students on a waiting list? </td> <td> </td> <td> X </td> </tr> <tr> <td colspan=""3""> If yes, please answer the questions below for Fall 2021 admissions: </td> </tr> <tr> <td> Number of qualified applicants offered a place on waiting list </td> <td> </td> <td> </td> </tr> <tr> <td> Number accepting a place on the waiting list </td> <td> </td> <td> </td> </tr> <tr> <td> Number of wait-listed students admitted </td> <td> </td> <td> </td> </tr> <tr> <td> </td> <td> Yes </td> <td> No </td> </tr> <tr> <td> Is your waiting list ranked? </td> <td> </td> <td> </td> </tr> <tr> <td> If yes, do you release that information to students? </td> <td> </td> <td> </td> </tr> <tr> <td> Do you release that information to school counselors? </td> <td> </td> <td> </td> </tr> </table>",210739,../data/cds-docs/2021-2022/210739.pdf,2021-2022
C,2,C2,Freshman Wait-Listed Students,"[[{0: 'Admission Requirements', 1: 'Admission Requirements'}, {0: 'High school completion requirement.', 1: 'High school completion requirement.'}, {0: 'X', 1: 'High school diploma is required and GED is accepted'}, {0: '', 1: 'High school diploma is required and GED is not accepted'}, {0: '', 1: 'High school diploma or equivalent is not required'}]]","<table> <tr> <td colspan=""2""> Admission Requirements </td> </tr> <tr> <td colspan=""2""> High school completion requirement. </td> </tr> <tr> <td> X </td> <td> High school diploma is required and GED is accepted </td> </tr> <tr> <td> </td> <td> High school diploma is required and GED is not accepted </td> </tr> <tr> <td> </td> <td> High school diploma or equivalent is not required </td> </tr> </table>",210739,../data/cds-docs/2021-2022/210739.pdf,2021-2022
C,4,C4,,"[[{0: 'Specify the distribution of academic high school course units required and/or recommended of all or most\ndegree-seeking students using Carnegie units (one unit equals one year of study or its equivalent). If you\nuse a different system for calculating units, please convert.', 1: 'Specify the distribution of academic high school course units required and/or recommended of all or most\ndegree-seeking students using Carnegie units (one unit equals one year of study or its equivalent). If you\nuse a different system for calculating units, please convert.', 2: 'Specify the distribution of academic high school course units required and/or recommended of all or most\ndegree-seeking students using Carnegie units (one unit equals one year of study or its equivalent). If you\nuse a different system for calculating units, please convert.'}, {0: '', 1: 'Required Units', 2: 'Recommende Units'}, {0: 'Total academic units', 1: '14', 2: '18'}, {0: 'English', 1: '4', 2: '4'}, {0: 'Mathematics', 1: '3', 2: '4'}, {0: 'Science', 1: '2', 2: '3'}, {0: 'Of these, units that must be lab', 1: '2', 2: '3'}, {0: 'Foreign language', 1: '2', 2: '4'}, {0: 'Social studies', 1: '3', 2: '3'}, {0: 'History', 1: '', 2: ''}, {0: 'Academic electives', 1: '', 2: ''}, {0: 'Computer Science', 1: '', 2: ''}, {0: 'Visual/Performing Arts', 1: '', 2: ''}, {0: 'Other (specify)', 1: '', 2: ''}]]","<table> <tr> <td colspan=""3""> Specify the distribution of academic high school course units required and/or recommended of all or most <br/> degree-seeking students using Carnegie units (one unit equals one year of study or its equivalent). If you <br/> use a different system for calculating units, please convert. </td> </tr> <tr> <td> </td> <td> Required Units </td> <td> Recommende Units </td> </tr> <tr> <td> Total academic units </td> <td> 14 </td> <td> 18 </td> </tr> <tr> <td> English </td> <td> 4 </td> <td> 4 </td> </tr> <tr> <td> Mathematics </td> <td> 3 </td> <td> 4 </td> </tr> <tr> <td> Science </td> <td> 2 </td> <td> 3 </td> </tr> <tr> <td> Of these, units that must be lab </td> <td> 2 </td> <td> 3 </td> </tr> <tr> <td> Foreign language </td> <td> 2 </td> <td> 4 </td> </tr> <tr> <td> Social studies </td> <td> 3 </td> <td> 3 </td> </tr> <tr> <td> History </td> <td> </td> <td> </td> </tr> <tr> <td> Academic electives </td> <td> </td> <td> </td> </tr> <tr> <td> Computer Science </td> <td> </td> <td> </td> </tr> <tr> <td> Visual/Performing Arts </td> <td> </td> <td> </td> </tr> <tr> <td> Other (specify) </td> <td> </td> <td> </td> </tr> </table>",210739,../data/cds-docs/2021-2022/210739.pdf,2021-2022
C,6,C6,"with GED equivalency diplomas are admitted without regard to academic record, test scores, or other","[[{0: 'Relative importance of each of the following academic and nonacademic factors in first-time, first-year,\ndegree-seeking (freshman) admissions decisions.', 1: 'Relative importance of each of the following academic and nonacademic factors in first-time, first-year,\ndegree-seeking (freshman) admissions decisions.', 2: 'Relative importance of each of the following academic and nonacademic factors in first-time, first-year,\ndegree-seeking (freshman) admissions decisions.', 3: 'Relative importance of each of the following academic and nonacademic factors in first-time, first-year,\ndegree-seeking (freshman) admissions decisions.', 4: 'Relative importance of each of the following academic and nonacademic factors in first-time, first-year,\ndegree-seeking (freshman) admissions decisions.'}, {0: 'Academic', 1: 'Important Very', 2: 'Important', 3: 'Considered', 4: 'Considered Not'}, {0: 'Rigor of high school record', 1: 'X', 2: '', 3: '', 4: ''}, {0: 'Class rank', 1: '', 2: '', 3: 'X', 4: ''}, {0: 'Academic GPA', 1: 'X', 2: '', 3: '', 4: ''}, {0: 'Standardized test scores', 1: '', 2: '', 3: 'X', 4: ''}, {0: 'Application Essay', 1: '', 2: 'X', 3: '', 4: ''}, {0: 'Recommendation(s)', 1: '', 2: 'X', 3: '', 4: ''}]]","<table> <tr> <td colspan=""5""> Relative importance of each of the following academic and nonacademic factors in first-time, first-year, <br/> degree-seeking (freshman) admissions decisions. </td> </tr> <tr> <td> Academic </td> <td> Important Very </td> <td> Important </td> <td> Considered </td> <td> Considered Not </td> </tr> <tr> <td> Rigor of high school record </td> <td> X </td> <td> </td> <td> </td> <td> </td> </tr> <tr> <td> Class rank </td> <td> </td> <td> </td> <td> X </td> <td> </td> </tr> <tr> <td> Academic GPA </td> <td> X </td> <td> </td> <td> </td> <td> </td> </tr> <tr> <td> Standardized test scores </td> <td> </td> <td> </td> <td> X </td> <td> </td> </tr> <tr> <td> Application Essay </td> <td> </td> <td> X </td> <td> </td> <td> </td> </tr> <tr> <td> Recommendation(s) </td> <td> </td> <td> X </td> <td> </td> <td> </td> </tr> </table>",210739,../data/cds-docs/2021-2022/210739.pdf,2021-2022
C,8,C8,A Entrance Exams,"[[{0: 'If your institution will make use of the ACT in admission decisions for first-time, first-year, degree-seeking\napplicants for Fall 2022, please indicate which ONE of the following applies: (regardless of whether the\nwriting score will be used in the admissions process):', 1: 'If your institution will make use of the ACT in admission decisions for first-time, first-year, degree-seeking\napplicants for Fall 2022, please indicate which ONE of the following applies: (regardless of whether the\nwriting score will be used in the admissions process):'}, {0: '', 1: 'ACT with writing required'}, {0: '', 1: 'ACT with writing recommended'}, {0: 'X', 1: 'ACT with or without writing accepted'}], [{0: 'If your institution will make use of the SAT in admission decisions for first-time, first-year, degree-seeking\napplicants for Fall 2022, please indicate which ONE of the following applies: (regardless of whether the\nwriting score will be used in the admissions process):', 1: 'If your institution will make use of the SAT in admission decisions for first-time, first-year, degree-seeking\napplicants for Fall 2022, please indicate which ONE of the following applies: (regardless of whether the\nwriting score will be used in the admissions process):'}, {0: '', 1: 'SAT with Essay component required'}, {0: '', 1: 'SAT with Essay component recommended'}, {0: 'X', 1: 'SAT with or without Essay component accepted'}], [{0: ""In addition, does your institution use applicant's test scores for academic\nadvising?"", 1: 'Yes', 2: 'No'}, {0: ""In addition, does your institution use applicant's test scores for academic\nadvising?"", 1: '', 2: 'X'}], [{0: 'Latest date by which SAT or ACT scores must be received for fall-term\nadmission.', 1: 'August 1'}, {0: 'Latest date by which SAT Subject Test scores must be received for fall\nterm admission.', 1: 'Not Required'}]]","<table> <tr> <td colspan=""2""> If your institution will make use of the ACT in admission decisions for first-time, first-year, degree-seeking <br/> applicants for Fall 2022, please indicate which ONE of the following applies: (regardless of whether the <br/> writing score will be used in the admissions process): </td> </tr> <tr> <td> </td> <td> ACT with writing required </td> </tr> <tr> <td> </td> <td> ACT with writing recommended </td> </tr> <tr> <td> X </td> <td> ACT with or without writing accepted </td> </tr> </table><div class=""separator""></div><table> <tr> <td colspan=""2""> If your institution will make use of the SAT in admission decisions for first-time, first-year, degree-seeking <br/> applicants for Fall 2022, please indicate which ONE of the following applies: (regardless of whether the <br/> writing score will be used in the admissions process): </td> </tr> <tr> <td> </td> <td> SAT with Essay component required </td> </tr> <tr> <td> </td> <td> SAT with Essay component recommended </td> </tr> <tr> <td> X </td> <td> SAT with or without Essay component accepted </td> </tr> </table><div class=""separator""></div><table> <tr> <td rowspan=""2""> In addition, does your institution use applicant's test scores for academic <br/> advising? </td> <td> Yes </td> <td> No </td> </tr> <tr> <td> </td> <td> X </td> </tr> </table><div class=""separator""></div><table> <tr> <td> Latest date by which SAT or ACT scores must be received for fall-term <br/> admission. </td> <td> August 1 </td> </tr> <tr> <td> Latest date by which SAT Subject Test scores must be received for fall <br/> term admission. </td> <td> Not Required </td> </tr> </table>",210739,../data/cds-docs/2021-2022/210739.pdf,2021-2022
C,9,C9,"• Do not include partial test scores (e.g., mathematics scores but not critical reading for a category","[[{0: 'Submitting SAT Scores', 1: '30.6%', 2: '158'}, {0: 'Submitting ACT Scores', 1: '4.4%', 2: '23'}], [{0: 'SAT and ACT Percentile Scores', 1: 'SAT and ACT Percentile Scores', 2: 'SAT and ACT Percentile Scores'}, {0: 'Assessment', 1: '25th Percentile', 2: '75th Percentile'}, {0: 'SAT Composite', 1: '1100', 2: '1258'}, {0: 'SAT Evidence-Based Reading and Writing (EBRW)', 1: '550', 2: '640'}, {0: 'SAT Math', 1: '530', 2: '620'}, {0: 'ACT Composite', 1: '23', 2: '29'}, {0: 'ACT Math', 1: '22', 2: '31'}, {0: 'ACT English', 1: '21', 2: '27'}, {0: 'ACT Writing', 1: '--', 2: '--'}], [{0: 'Percent of first-time, first-year (freshman) students with scores in each range:', 1: 'Percent of first-time, first-year (freshman) students with scores in each range:', 2: 'Percent of first-time, first-year (freshman) students with scores in each range:'}, {0: 'Score Range', 1: 'SAT Evidence-Based\nReading and Writing\n(EBRW)', 2: 'SAT Math'}, {0: '700-800', 1: '10.8%', 2: '6.3%'}, {0: '600-699', 1: '38.6%', 2: '32.9%'}, {0: '500-599', 1: '41.1%', 2: '48.1%'}, {0: '400-499', 1: '9.5%', 2: '12.0%'}, {0: '300-399', 1: '0.0%', 2: '0.6%'}, {0: '200-299', 1: '0.0%', 2: '0.0%'}, {0: 'Totals should = 100%', 1: '100%', 2: '100%'}]]","<table> <tr> <td> Submitting SAT Scores </td> <td> 30.6% </td> <td> 158 </td> </tr> <tr> <td> Submitting ACT Scores </td> <td> 4.4% </td> <td> 23 </td> </tr> </table><div class=""separator""></div><table> <tr> <td colspan=""3""> SAT and ACT Percentile Scores </td> </tr> <tr> <td> Assessment </td> <td> 25th Percentile </td> <td> 75th Percentile </td> </tr> <tr> <td> SAT Composite </td> <td> 1100 </td> <td> 1258 </td> </tr> <tr> <td> SAT Evidence-Based Reading and Writing (EBRW) </td> <td> 550 </td> <td> 640 </td> </tr> <tr> <td> SAT Math </td> <td> 530 </td> <td> 620 </td> </tr> <tr> <td> ACT Composite </td> <td> 23 </td> <td> 29 </td> </tr> <tr> <td> ACT Math </td> <td> 22 </td> <td> 31 </td> </tr> <tr> <td> ACT English </td> <td> 21 </td> <td> 27 </td> </tr> <tr> <td> ACT Writing </td> <td> -- </td> <td> -- </td> </tr> </table><div class=""separator""></div><table> <tr> <td colspan=""3""> Percent of first-time, first-year (freshman) students with scores in each range: </td> </tr> <tr> <td> Score Range </td> <td> SAT Evidence-Based <br/> Reading and Writing <br/> (EBRW) </td> <td> SAT Math </td> </tr> <tr> <td> 700-800 </td> <td> 10.8% </td> <td> 6.3% </td> </tr> <tr> <td> 600-699 </td> <td> 38.6% </td> <td> 32.9% </td> </tr> <tr> <td> 500-599 </td> <td> 41.1% </td> <td> 48.1% </td> </tr> <tr> <td> 400-499 </td> <td> 9.5% </td> <td> 12.0% </td> </tr> <tr> <td> 300-399 </td> <td> 0.0% </td> <td> 0.6% </td> </tr> <tr> <td> 200-299 </td> <td> 0.0% </td> <td> 0.0% </td> </tr> <tr> <td> Totals should = 100% </td> <td> 100% </td> <td> 100% </td> </tr> </table>",210739,../data/cds-docs/2021-2022/210739.pdf,2021-2022
C,10,C10,rank within each of the following ranges (report information for those students from whom you,"[[{0: 'Percentage of all enrolled, degree-seeking, first-time, first-year (freshman) students who had high\nschool grade-point averages within each of the following ranges (using 4.0 scale). Report\ninformation only for those students from whom you collected high school GPA.', 1: 'Percentage of all enrolled, degree-seeking, first-time, first-year (freshman) students who had high\nschool grade-point averages within each of the following ranges (using 4.0 scale). Report\ninformation only for those students from whom you collected high school GPA.'}, {0: 'Score Range', 1: 'Percent'}, {0: 'Percent who had GPA of 3.75 and higher', 1: '34.2%'}, {0: 'Percent who had GPA between 3.50 and 3.74', 1: '17.7%'}, {0: 'Percent who had GPA between 3.25 and 3.49', 1: '14.7%'}, {0: 'Percent who had GPA between 3.00 and 3.24', 1: '12.0%'}, {0: 'Percent who had GPA between 2.50 and 2.99', 1: '14.3%'}, {0: 'Percent who had GPA between 2.0 and 2.49', 1: '5.5%'}, {0: 'Percent who had GPA between 1.0 and 1.99', 1: '1.6%'}, {0: 'Percent who had GPA below 1.0', 1: '0.0%'}, {0: 'Totals should = 100%', 1: '100%'}]]","<table> <tr> <td colspan=""2""> Percentage of all enrolled, degree-seeking, first-time, first-year (freshman) students who had high <br/> school grade-point averages within each of the following ranges (using 4.0 scale). Report <br/> information only for those students from whom you collected high school GPA. </td> </tr> <tr> <td> Score Range </td> <td> Percent </td> </tr> <tr> <td> Percent who had GPA of 3.75 and higher </td> <td> 34.2% </td> </tr> <tr> <td> Percent who had GPA between 3.50 and 3.74 </td> <td> 17.7% </td> </tr> <tr> <td> Percent who had GPA between 3.25 and 3.49 </td> <td> 14.7% </td> </tr> <tr> <td> Percent who had GPA between 3.00 and 3.24 </td> <td> 12.0% </td> </tr> <tr> <td> Percent who had GPA between 2.50 and 2.99 </td> <td> 14.3% </td> </tr> <tr> <td> Percent who had GPA between 2.0 and 2.49 </td> <td> 5.5% </td> </tr> <tr> <td> Percent who had GPA between 1.0 and 1.99 </td> <td> 1.6% </td> </tr> <tr> <td> Percent who had GPA below 1.0 </td> <td> 0.0% </td> </tr> <tr> <td> Totals should = 100% </td> <td> 100% </td> </tr> </table>",210739,../data/cds-docs/2021-2022/210739.pdf,2021-2022
C,11,C11,school grade-point averages within each of the following ranges (using 4.0 scale). Report,"[[{0: 'Average high school GPA of all degree-seeking, first-time, first-year\n(freshman) students who submitted GPA:', 1: '3.39'}, {0: 'Percent of total first-time, first-year (freshman) students who submitted\nhigh school GPA:', 1: '100.0%'}]]","<table> <tr> <td> Average high school GPA of all degree-seeking, first-time, first-year <br/> (freshman) students who submitted GPA: </td> <td> 3.39 </td> </tr> <tr> <td> Percent of total first-time, first-year (freshman) students who submitted <br/> high school GPA: </td> <td> 100.0% </td> </tr> </table>",210739,../data/cds-docs/2021-2022/210739.pdf,2021-2022
C,13,C13,Application Fee,"[[{0: 'If you have an application fee and an on-line application option, please indicate policy for students\nwho apply on-line:', 1: 'If you have an application fee and an on-line application option, please indicate policy for students\nwho apply on-line:', 2: 'If you have an application fee and an on-line application option, please indicate policy for students\nwho apply on-line:', 3: 'If you have an application fee and an on-line application option, please indicate policy for students\nwho apply on-line:'}, {0: '', 1: 'Same fee', 2: 'Same fee', 3: 'Same fee'}, {0: 'X', 1: 'Free', 2: 'Free', 3: 'Free'}, {0: '', 1: 'Reduced', 2: 'Reduced', 3: 'Reduced'}, {0: '', 1: '', 2: 'Yes', 3: 'No'}, {0: 'Can online application fee be waived for applicants with financial need?', 1: 'Can online application fee be waived for applicants with financial need?', 2: '', 3: ''}], [{0: 'Application closing date:', 1: 'Application closing date:', 2: 'Application closing date:'}, {0: '', 1: 'Yes', 2: 'No'}, {0: 'Does your institution have an application closing date?', 1: 'X', 2: ''}, {0: 'Application closing date (fall):', 1: 'August 1', 2: 'August 1'}, {0: 'Priority date:', 1: 'March 1', 2: 'March 1'}]]","<table> <tr> <td colspan=""4""> If you have an application fee and an on-line application option, please indicate policy for students <br/> who apply on-line: </td> </tr> <tr> <td> </td> <td colspan=""3""> Same fee </td> </tr> <tr> <td> X </td> <td colspan=""3""> Free </td> </tr> <tr> <td> </td> <td colspan=""3""> Reduced </td> </tr> <tr> <td colspan=""2""> </td> <td> Yes </td> <td> No </td> </tr> <tr> <td colspan=""2""> Can online application fee be waived for applicants with financial need? </td> <td> </td> <td> </td> </tr> </table><div class=""separator""></div><table> <tr> <td colspan=""3""> Application closing date: </td> </tr> <tr> <td> </td> <td> Yes </td> <td> No </td> </tr> <tr> <td> Does your institution have an application closing date? </td> <td> X </td> <td> </td> </tr> <tr> <td> Application closing date (fall): </td> <td colspan=""2""> August 1 </td> </tr> <tr> <td> Priority date: </td> <td colspan=""2""> March 1 </td> </tr> </table>",210739,../data/cds-docs/2021-2022/210739.pdf,2021-2022
C,14,C14,Application closing date:,"[[{0: 'Are first-time, first-year students accepted for terms other than fall?', 1: 'Yes', 2: 'No'}, {0: 'Are first-time, first-year students accepted for terms other than fall?', 1: 'X', 2: ''}]]","<table> <tr> <td rowspan=""2""> Are first-time, first-year students accepted for terms other than fall? </td> <td> Yes </td> <td> No </td> </tr> <tr> <td> X </td> <td> </td> </tr> </table>",210739,../data/cds-docs/2021-2022/210739.pdf,2021-2022
C,15,C15,"Are first-time, first-year students accepted for terms other than fall?","[[{0: 'Notification to applicants of admission decision sent (fill in only one)', 1: 'Notification to applicants of admission decision sent (fill in only one)', 2: 'Notification to applicants of admission decision sent (fill in only one)'}, {0: 'X', 1: 'One a rolling basis beginning (date)', 2: 'October 1'}, {0: '', 1: 'By (date):', 2: ''}, {0: '', 1: 'other (explain):', 2: ''}]]","<table> <tr> <td colspan=""3""> Notification to applicants of admission decision sent (fill in only one) </td> </tr> <tr> <td> X </td> <td> One a rolling basis beginning (date) </td> <td> October 1 </td> </tr> <tr> <td> </td> <td> By (date): </td> <td> </td> </tr> <tr> <td> </td> <td> other (explain): </td> <td> </td> </tr> </table>",210739,../data/cds-docs/2021-2022/210739.pdf,2021-2022
C,16,C16,Notification to applicants of admission decision sent (fill in only one),"[[{0: 'Reply policy for admitted applicants (fill in only one)', 1: 'Reply policy for admitted applicants (fill in only one)', 2: 'Reply policy for admitted applicants (fill in only one)'}, {0: 'X', 1: 'Must reply by (date):', 2: 'May 1'}, {0: '', 1: 'No set date', 2: ''}, {0: '', 1: 'Must reply by May 1 or within ____ weeks of notified thereafter:', 2: ''}, {0: '', 1: 'other (explain):', 2: ''}]]","<table> <tr> <td colspan=""3""> Reply policy for admitted applicants (fill in only one) </td> </tr> <tr> <td> X </td> <td> Must reply by (date): </td> <td> May 1 </td> </tr> <tr> <td> </td> <td> No set date </td> <td> </td> </tr> <tr> <td> </td> <td> Must reply by May 1 or within ____ weeks of notified thereafter: </td> <td> </td> </tr> <tr> <td> </td> <td> other (explain): </td> <td> </td> </tr> </table>",210739,../data/cds-docs/2021-2022/210739.pdf,2021-2022
C,17,C17,Reply policy for admitted applicants (fill in only one),"[[{0: 'Deadline for housing deposit:', 1: 'May 1'}, {0: 'Amount of housing deposit:', 1: '$400'}], [{0: 'Refundable if student does not enroll?', 1: 'Refundable if student does not enroll?'}, {0: 'X', 1: 'Yes, in full'}, {0: '', 1: 'Yes, in part'}, {0: '', 1: 'No'}]]","<table> <tr> <td> Deadline for housing deposit: </td> <td> May 1 </td> </tr> <tr> <td> Amount of housing deposit: </td> <td> $400 </td> </tr> </table><div class=""separator""></div><table> <tr> <td colspan=""2""> Refundable if student does not enroll? </td> </tr> <tr> <td> X </td> <td> Yes, in full </td> </tr> <tr> <td> </td> <td> Yes, in part </td> </tr> <tr> <td> </td> <td> No </td> </tr> </table>",210739,../data/cds-docs/2021-2022/210739.pdf,2021-2022
C,18,C18,Deferred Admission,"[[{0: 'Early Admission of High School Students', 1: 'Early Admission of High School Students', 2: 'Early Admission of High School Students'}, {0: '', 1: 'Yes', 2: 'No'}, {0: 'Does your institution allow high school students to enroll as full-time, first\ufffe\ntime, first-year (freshman) students one year or more before high school\ngraduation?', 1: 'X', 2: ''}]]","<table> <tr> <td colspan=""3""> Early Admission of High School Students </td> </tr> <tr> <td> </td> <td> Yes </td> <td> No </td> </tr> <tr> <td> Does your institution allow high school students to enroll as full-time, first￾ <br/> time, first-year (freshman) students one year or more before high school <br/> graduation? </td> <td> X </td> <td> </td> </tr> </table>",210739,../data/cds-docs/2021-2022/210739.pdf,2021-2022
C,19,C19,Early Admission of High School Students,"[[{0: 'Early Decision and Early Action Plans', 1: 'Early Decision and Early Action Plans', 2: 'Early Decision and Early Action Plans'}, {0: 'Early Decision', 1: 'Early Decision', 2: 'Early Decision'}, {0: '', 1: 'Yes', 2: 'No'}, {0: 'Does your institution offer an early decision plan (an admission plan that\npermits students to apply and be notified of an admission decision well in\nadvance of the regular notification date and that asks students to commit\nto attending if accepted) for first-time, first-year (freshman) applicants for\nfall enrollment?', 1: '', 2: 'X'}, {0: 'If yes, please complete the following:', 1: 'If yes, please complete the following:', 2: 'If yes, please complete the following:'}, {0: 'First or only early decision plan closing date', 1: '', 2: ''}, {0: 'First or only early decision plan notification date', 1: '', 2: ''}, {0: 'Other early decision plan closing date', 1: '', 2: ''}, {0: 'Other early decision plan notification date', 1: '', 2: ''}]]","<table> <tr> <td colspan=""3""> Early Decision and Early Action Plans </td> </tr> <tr> <td colspan=""3""> Early Decision </td> </tr> <tr> <td> </td> <td> Yes </td> <td> No </td> </tr> <tr> <td> Does your institution offer an early decision plan (an admission plan that <br/> permits students to apply and be notified of an admission decision well in <br/> advance of the regular notification date and that asks students to commit <br/> to attending if accepted) for first-time, first-year (freshman) applicants for <br/> fall enrollment? </td> <td> </td> <td> X </td> </tr> <tr> <td colspan=""3""> If yes, please complete the following: </td> </tr> <tr> <td> First or only early decision plan closing date </td> <td colspan=""2""> </td> </tr> <tr> <td> First or only early decision plan notification date </td> <td colspan=""2""> </td> </tr> <tr> <td> Other early decision plan closing date </td> <td colspan=""2""> </td> </tr> <tr> <td> Other early decision plan notification date </td> <td colspan=""2""> </td> </tr> </table>",210739,../data/cds-docs/2021-2022/210739.pdf,2021-2022
C,21,C21,Early Decision,"[[{0: 'Early Action', 1: 'Early Action', 2: 'Early Action'}, {0: '', 1: 'Yes', 2: 'No'}, {0: 'Do you have a nonbinding early action plan whereby students are notified\nof an admission decision well in advance of the regular notification date\nbut do not have to commit to attending your college?', 1: '', 2: 'X'}, {0: 'If yes, please complete the following:', 1: 'If yes, please complete the following:', 2: 'If yes, please complete the following:'}, {0: 'Early action closing date', 1: '', 2: ''}, {0: 'Early action notification date', 1: '', 2: ''}, {0: '', 1: 'Yes', 2: 'No'}, {0: 'Is your early action plan a ""restrictive"" plan under which you limit students\nfrom applying to other early plans?', 1: '', 2: ''}]]","<table> <tr> <td colspan=""3""> Early Action </td> </tr> <tr> <td> </td> <td> Yes </td> <td> No </td> </tr> <tr> <td> Do you have a nonbinding early action plan whereby students are notified <br/> of an admission decision well in advance of the regular notification date <br/> but do not have to commit to attending your college? </td> <td> </td> <td> X </td> </tr> <tr> <td colspan=""3""> If yes, please complete the following: </td> </tr> <tr> <td> Early action closing date </td> <td colspan=""2""> </td> </tr> <tr> <td> Early action notification date </td> <td colspan=""2""> </td> </tr> <tr> <td> </td> <td> Yes </td> <td> No </td> </tr> <tr> <td> Is your early action plan a ""restrictive"" plan under which you limit students <br/> from applying to other early plans? </td> <td> </td> <td> </td> </tr> </table>",210739,../data/cds-docs/2021-2022/210739.pdf,2021-2022
D,1,D1,X,"[[{0: 'Provide the number of students who applied, were admitted, and enrolled as degree-seeking transfer\nstudents in Fall 2021.', 1: 'Provide the number of students who applied, were admitted, and enrolled as degree-seeking transfer\nstudents in Fall 2021.', 2: 'Provide the number of students who applied, were admitted, and enrolled as degree-seeking transfer\nstudents in Fall 2021.', 3: 'Provide the number of students who applied, were admitted, and enrolled as degree-seeking transfer\nstudents in Fall 2021.'}, {0: '', 1: 'Applicants', 2: 'Admitted\nApplicants', 3: 'Enrolled\nApplicants'}, {0: 'Men', 1: '109', 2: '53', 3: '40'}, {0: 'Women', 1: '200', 2: '86', 3: '56'}, {0: 'Total', 1: '309', 2: '139', 3: '96'}]]","<table> <tr> <td colspan=""4""> Provide the number of students who applied, were admitted, and enrolled as degree-seeking transfer <br/> students in Fall 2021. </td> </tr> <tr> <td> </td> <td> Applicants </td> <td> Admitted <br/> Applicants </td> <td> Enrolled <br/> Applicants </td> </tr> <tr> <td> Men </td> <td> 109 </td> <td> 53 </td> <td> 40 </td> </tr> <tr> <td> Women </td> <td> 200 </td> <td> 86 </td> <td> 56 </td> </tr> <tr> <td> Total </td> <td> 309 </td> <td> 139 </td> <td> 96 </td> </tr> </table>",210739,../data/cds-docs/2021-2022/210739.pdf,2021-2022
D,2,D2,,"[[{0: 'Application for Admission', 1: 'Application for Admission'}, {0: 'Indicate terms for which transfers may enroll.', 1: 'Indicate terms for which transfers may enroll.'}, {0: 'X', 1: 'Fall'}, {0: '', 1: 'Winter'}, {0: 'X', 1: 'Spring'}, {0: '', 1: 'Summer'}]]","<table> <tr> <td colspan=""2""> Application for Admission </td> </tr> <tr> <td colspan=""2""> Indicate terms for which transfers may enroll. </td> </tr> <tr> <td> X </td> <td> Fall </td> </tr> <tr> <td> </td> <td> Winter </td> </tr> <tr> <td> X </td> <td> Spring </td> </tr> <tr> <td> </td> <td> Summer </td> </tr> </table>",210739,../data/cds-docs/2021-2022/210739.pdf,2021-2022
D,3,D3,Application for Admission,"[[{0: 'Transfer credit.', 1: 'Transfer credit.', 2: 'Transfer credit.'}, {0: '', 1: 'Yes', 2: 'No'}, {0: 'Must a transfer applicant have a minimum number of credits completed\nor else must apply as an entering freshman?', 1: 'X', 2: ''}, {0: 'If yes, what is the minimum number of credits and the unit of measure?', 1: '24.0 Credits', 2: '24.0 Credits'}]]","<table> <tr> <td colspan=""3""> Transfer credit. </td> </tr> <tr> <td> </td> <td> Yes </td> <td> No </td> </tr> <tr> <td> Must a transfer applicant have a minimum number of credits completed <br/> or else must apply as an entering freshman? </td> <td> X </td> <td> </td> </tr> <tr> <td> If yes, what is the minimum number of credits and the unit of measure? </td> <td colspan=""2""> 24.0 Credits </td> </tr> </table>",210739,../data/cds-docs/2021-2022/210739.pdf,2021-2022
D,8,D8,List any other application requirements specific to transfer applicants:,"[[{0: 'List application priority, closing, notification, and candidate reply dates for transfer students. If applications\nare reviewed on a continuous or rolling basis, place a check mark in the “Rolling admission” column.', 1: 'List application priority, closing, notification, and candidate reply dates for transfer students. If applications\nare reviewed on a continuous or rolling basis, place a check mark in the “Rolling admission” column.', 2: 'List application priority, closing, notification, and candidate reply dates for transfer students. If applications\nare reviewed on a continuous or rolling basis, place a check mark in the “Rolling admission” column.', 3: 'List application priority, closing, notification, and candidate reply dates for transfer students. If applications\nare reviewed on a continuous or rolling basis, place a check mark in the “Rolling admission” column.', 4: 'List application priority, closing, notification, and candidate reply dates for transfer students. If applications\nare reviewed on a continuous or rolling basis, place a check mark in the “Rolling admission” column.', 5: 'List application priority, closing, notification, and candidate reply dates for transfer students. If applications\nare reviewed on a continuous or rolling basis, place a check mark in the “Rolling admission” column.'}, {0: '', 1: 'Priority Date', 2: 'Closing Date', 3: 'Notification\nDate', 4: 'Reply Date', 5: 'Rolling\nAdmission'}, {0: 'Fall', 1: '', 2: 'August 1', 3: '', 4: '', 5: 'X'}, {0: 'Winter', 1: '', 2: '', 3: '', 4: '', 5: ''}, {0: 'Spring', 1: '', 2: 'December 1', 3: '', 4: '', 5: 'X'}, {0: 'Summer', 1: '', 2: '', 3: '', 4: '', 5: ''}]]","<table> <tr> <td colspan=""6""> List application priority, closing, notification, and candidate reply dates for transfer students. If applications <br/> are reviewed on a continuous or rolling basis, place a check mark in the “Rolling admission” column. </td> </tr> <tr> <td> </td> <td> Priority Date </td> <td> Closing Date </td> <td> Notification <br/> Date </td> <td> Reply Date </td> <td> Rolling <br/> Admission </td> </tr> <tr> <td> Fall </td> <td> </td> <td> August 1 </td> <td> </td> <td> </td> <td> X </td> </tr> <tr> <td> Winter </td> <td> </td> <td> </td> <td> </td> <td> </td> <td> </td> </tr> <tr> <td> Spring </td> <td> </td> <td> December 1 </td> <td> </td> <td> </td> <td> X </td> </tr> <tr> <td> Summer </td> <td> </td> <td> </td> <td> </td> <td> </td> <td> </td> </tr> </table>",210739,../data/cds-docs/2021-2022/210739.pdf,2021-2022
D,9,D9,,"[[{0: '', 1: 'Yes', 2: 'No'}, {0: 'Does an open admission policy, if reported, apply to transfer students?', 1: '', 2: 'X'}]]","<table> <tr> <td> </td> <td> Yes </td> <td> No </td> </tr> <tr> <td> Does an open admission policy, if reported, apply to transfer students? </td> <td> </td> <td> X </td> </tr> </table>",210739,../data/cds-docs/2021-2022/210739.pdf,2021-2022
D,12,D12,C-,"[[{0: '', 1: 'Number', 2: 'Unit Type'}, {0: 'Maximum number of credits or courses that may be transferred from a\ntwo-year institution.', 1: '75.0', 2: 'Credits'}]]",<table> <tr> <td> </td> <td> Number </td> <td> Unit Type </td> </tr> <tr> <td> Maximum number of credits or courses that may be transferred from a <br/> two-year institution. </td> <td> 75.0 </td> <td> Credits </td> </tr> </table>,210739,../data/cds-docs/2021-2022/210739.pdf,2021-2022
D,13,D13,75.0 Credits,"[[{0: '', 1: 'Number', 2: 'Unit Type'}, {0: 'Maximum number of credits or courses that may be transferred from a\nfour-year institution.', 1: '75.0', 2: 'Credits'}]]",<table> <tr> <td> </td> <td> Number </td> <td> Unit Type </td> </tr> <tr> <td> Maximum number of credits or courses that may be transferred from a <br/> four-year institution. </td> <td> 75.0 </td> <td> Credits </td> </tr> </table>,210739,../data/cds-docs/2021-2022/210739.pdf,2021-2022
D,18,D18,Does your institution accept the following military or veteran transfer credits?,"[[{0: '', 1: 'Number', 2: 'Unit Type'}, {0: 'Maximum number of credits or courses that may be transferred based on\nmilitary education evaluated by the American Council on Education\n(ACE):', 1: '25', 2: 'Courses'}]]",<table> <tr> <td> </td> <td> Number </td> <td> Unit Type </td> </tr> <tr> <td> Maximum number of credits or courses that may be transferred based on <br/> military education evaluated by the American Council on Education <br/> (ACE): </td> <td> 25 </td> <td> Courses </td> </tr> </table>,210739,../data/cds-docs/2021-2022/210739.pdf,2021-2022
D,19,D19,military education evaluated by the American Council on Education 25 Courses,"[[{0: '', 1: 'Number', 2: 'Unit Type'}, {0: 'Maximum number of credits or courses that may be transferred based on\nDepartment of Defense supported prior learning assessments (College\nLevel Examination Program (CLEP) or DANTES Subject Standardized\nTests (DSST)):', 1: '25', 2: 'Courses'}]]",<table> <tr> <td> </td> <td> Number </td> <td> Unit Type </td> </tr> <tr> <td> Maximum number of credits or courses that may be transferred based on <br/> Department of Defense supported prior learning assessments (College <br/> Level Examination Program (CLEP) or DANTES Subject Standardized <br/> Tests (DSST)): </td> <td> 25 </td> <td> Courses </td> </tr> </table>,210739,../data/cds-docs/2021-2022/210739.pdf,2021-2022
D,20,D20,25 Courses,"[[{0: '', 1: 'Yes', 2: 'No'}, {0: 'Are military or veteran credit transfer policies on your website?', 1: 'X', 2: ''}, {0: 'If yes, provide the URL where they can be located:\nhttps://www.desales.edu/admissions-financial-aid/access-evening-online-admissions-aid/admissions\ufffe\nrequirements-process/transfer-policy', 1: 'If yes, provide the URL where they can be located:\nhttps://www.desales.edu/admissions-financial-aid/access-evening-online-admissions-aid/admissions\ufffe\nrequirements-process/transfer-policy', 2: 'If yes, provide the URL where they can be located:\nhttps://www.desales.edu/admissions-financial-aid/access-evening-online-admissions-aid/admissions\ufffe\nrequirements-process/transfer-policy'}]]","<table> <tr> <td> </td> <td> Yes </td> <td> No </td> </tr> <tr> <td> Are military or veteran credit transfer policies on your website? </td> <td> X </td> <td> </td> </tr> <tr> <td colspan=""3""> If yes, provide the URL where they can be located: <br/> https://www.desales.edu/admissions-financial-aid/access-evening-online-admissions-aid/admissions￾ <br/> requirements-process/transfer-policy </td> </tr> </table>",210739,../data/cds-docs/2021-2022/210739.pdf,2021-2022
E,1,E1,Identify those programs available at your institution. Refer to the glossary for definition.,"[[{0: 'Areas in which all or most students are required to complete some course work prior to\ngraduation:', 1: 'Areas in which all or most students are required to complete some course work prior to\ngraduation:'}, {0: 'X', 1: 'Arts/fine arts'}, {0: 'X', 1: 'Computer literacy'}, {0: 'X', 1: 'English (including composition)'}, {0: 'X', 1: 'Foreign languages'}, {0: 'X', 1: 'History'}, {0: 'X', 1: 'Humanities'}, {0: 'X', 1: 'Mathematics'}, {0: 'X', 1: 'Philosophy'}, {0: 'X', 1: 'Sciences (biological or physical)'}, {0: 'X', 1: 'Social science'}, {0: 'X', 1: 'Other (specify):'}, {0: 'Courses in Christian Values and Theology.', 1: 'Courses in Christian Values and Theology.'}]]","<table> <tr> <td colspan=""2""> Areas in which all or most students are required to complete some course work prior to <br/> graduation: </td> </tr> <tr> <td> X </td> <td> Arts/fine arts </td> </tr> <tr> <td> X </td> <td> Computer literacy </td> </tr> <tr> <td> X </td> <td> English (including composition) </td> </tr> <tr> <td> X </td> <td> Foreign languages </td> </tr> <tr> <td> X </td> <td> History </td> </tr> <tr> <td> X </td> <td> Humanities </td> </tr> <tr> <td> X </td> <td> Mathematics </td> </tr> <tr> <td> X </td> <td> Philosophy </td> </tr> <tr> <td> X </td> <td> Sciences (biological or physical) </td> </tr> <tr> <td> X </td> <td> Social science </td> </tr> <tr> <td> X </td> <td> Other (specify): </td> </tr> <tr> <td colspan=""2""> Courses in Christian Values and Theology. </td> </tr> </table>",210739,../data/cds-docs/2021-2022/210739.pdf,2021-2022
F,1,F1,,"[[{0: 'Activities Offered', 1: 'Activities Offered'}, {0: 'Identify those programs available at your institution.', 1: 'Identify those programs available at your institution.'}, {0: 'X', 1: 'Campus Ministries'}, {0: 'X', 1: 'Choral groups'}, {0: '', 1: 'Concert band'}, {0: 'X', 1: 'Dance'}, {0: 'X', 1: 'Drama/theater'}, {0: 'X', 1: 'International Student Organization'}, {0: 'X', 1: 'Jazz band'}, {0: 'X', 1: 'Literary magazine'}, {0: '', 1: 'Marching band'}, {0: 'X', 1: 'Model UN'}, {0: 'X', 1: 'Music ensembles'}, {0: 'X', 1: 'Musical theater'}, {0: '', 1: 'Opera'}, {0: 'X', 1: 'Pep band'}, {0: 'X', 1: 'Radio station'}, {0: 'X', 1: 'Student government'}, {0: 'X', 1: 'Student newspaper'}, {0: 'X', 1: 'Student-run film society'}, {0: '', 1: 'Symphony orchestra'}, {0: 'X', 1: 'Television station'}, {0: 'X', 1: 'Yearbook'}]]","<table> <tr> <td colspan=""2""> Activities Offered </td> </tr> <tr> <td colspan=""2""> Identify those programs available at your institution. </td> </tr> <tr> <td> X </td> <td> Campus Ministries </td> </tr> <tr> <td> X </td> <td> Choral groups </td> </tr> <tr> <td> </td> <td> Concert band </td> </tr> <tr> <td> X </td> <td> Dance </td> </tr> <tr> <td> X </td> <td> Drama/theater </td> </tr> <tr> <td> X </td> <td> International Student Organization </td> </tr> <tr> <td> X </td> <td> Jazz band </td> </tr> <tr> <td> X </td> <td> Literary magazine </td> </tr> <tr> <td> </td> <td> Marching band </td> </tr> <tr> <td> X </td> <td> Model UN </td> </tr> <tr> <td> X </td> <td> Music ensembles </td> </tr> <tr> <td> X </td> <td> Musical theater </td> </tr> <tr> <td> </td> <td> Opera </td> </tr> <tr> <td> X </td> <td> Pep band </td> </tr> <tr> <td> X </td> <td> Radio station </td> </tr> <tr> <td> X </td> <td> Student government </td> </tr> <tr> <td> X </td> <td> Student newspaper </td> </tr> <tr> <td> X </td> <td> Student-run film society </td> </tr> <tr> <td> </td> <td> Symphony orchestra </td> </tr> <tr> <td> X </td> <td> Television station </td> </tr> <tr> <td> X </td> <td> Yearbook </td> </tr> </table>",210739,../data/cds-docs/2021-2022/210739.pdf,2021-2022
F,2,F2,Activities Offered,"[[{0: ""ROTC (program offered in cooperation with Reserve Officer's Training Corps)"", 1: ""ROTC (program offered in cooperation with Reserve Officer's Training Corps)"", 2: ""ROTC (program offered in cooperation with Reserve Officer's Training Corps)"", 3: ""ROTC (program offered in cooperation with Reserve Officer's Training Corps)""}, {0: '', 1: 'On Campus', 2: 'At Cooperating\nInstitution', 3: 'Name of Institution'}, {0: 'Army ROTC is offered', 1: '', 2: 'X', 3: 'Lehigh University'}, {0: 'Naval ROTC is offered', 1: '', 2: '', 3: ''}, {0: 'Air Force ROTC is offered', 1: '', 2: '', 3: ''}]]","<table> <tr> <td colspan=""4""> ROTC (program offered in cooperation with Reserve Officer's Training Corps) </td> </tr> <tr> <td> </td> <td> On Campus </td> <td> At Cooperating <br/> Institution </td> <td> Name of Institution </td> </tr> <tr> <td> Army ROTC is offered </td> <td> </td> <td> X </td> <td> Lehigh University </td> </tr> <tr> <td> Naval ROTC is offered </td> <td> </td> <td> </td> <td> </td> </tr> <tr> <td> Air Force ROTC is offered </td> <td> </td> <td> </td> <td> </td> </tr> </table>",210739,../data/cds-docs/2021-2022/210739.pdf,2021-2022
G,0,G0,Please provide the URL of your institution's net price calculator.,"[[{0: 'X', 1: ""Check here if your institution's 2022-2023 academic year costs of attendance are not available at\nthis time and provide an approximate date (i.e., month/day) when your institution's final 2022-2023\nacademic year costs of attendance will be available:"", 2: ""Check here if your institution's 2022-2023 academic year costs of attendance are not available at\nthis time and provide an approximate date (i.e., month/day) when your institution's final 2022-2023\nacademic year costs of attendance will be available:""}, {0: ""Provide an approximate date (i.e., month/day) when your institution's final 2022-\n2023 academic year costs of attendance will be available:"", 1: ""Provide an approximate date (i.e., month/day) when your institution's final 2022-\n2023 academic year costs of attendance will be available:"", 2: 'May 2022'}]]","<table> <tr> <td> X </td> <td colspan=""2""> Check here if your institution's 2022-2023 academic year costs of attendance are not available at <br/> this time and provide an approximate date (i.e., month/day) when your institution's final 2022-2023 <br/> academic year costs of attendance will be available: </td> </tr> <tr> <td colspan=""2""> Provide an approximate date (i.e., month/day) when your institution's final 2022- <br/> 2023 academic year costs of attendance will be available: </td> <td> May 2022 </td> </tr> </table>",210739,../data/cds-docs/2021-2022/210739.pdf,2021-2022
G,1,G1,,"[[{0: '', 1: 'First-Year', 2: 'Undergraduates'}, {0: 'PRIVATE INSTITUTIONS', 1: '', 2: ''}, {0: 'Tuition', 1: '', 2: ''}, {0: 'PUBLIC INSTITUTIONS', 1: '', 2: ''}, {0: 'Tuition In-district', 1: '', 2: ''}, {0: 'Tuition: In-state (out-of-district)', 1: '', 2: ''}, {0: 'Tuition:Out-of-state', 1: '', 2: ''}, {0: 'Tuition: Nonresident alien', 1: '', 2: ''}, {0: 'FOR ALL INSTITUTIONS:', 1: '', 2: ''}, {0: 'Required Fees', 1: '', 2: ''}, {0: 'Room and Board (on campus)', 1: '', 2: ''}, {0: 'Room Only (on campus)', 1: '', 2: ''}, {0: 'Board Only (on-campus meal plan)', 1: '', 2: ''}]]",<table> <tr> <td> </td> <td> First-Year </td> <td> Undergraduates </td> </tr> <tr> <td> PRIVATE INSTITUTIONS </td> <td> </td> <td> </td> </tr> <tr> <td> Tuition </td> <td> </td> <td> </td> </tr> <tr> <td> PUBLIC INSTITUTIONS </td> <td> </td> <td> </td> </tr> <tr> <td> Tuition In-district </td> <td> </td> <td> </td> </tr> <tr> <td> Tuition: In-state (out-of-district) </td> <td> </td> <td> </td> </tr> <tr> <td> Tuition:Out-of-state </td> <td> </td> <td> </td> </tr> <tr> <td> Tuition: Nonresident alien </td> <td> </td> <td> </td> </tr> <tr> <td> FOR ALL INSTITUTIONS: </td> <td> </td> <td> </td> </tr> <tr> <td> Required Fees </td> <td> </td> <td> </td> </tr> <tr> <td> Room and Board (on campus) </td> <td> </td> <td> </td> </tr> <tr> <td> Room Only (on campus) </td> <td> </td> <td> </td> </tr> <tr> <td> Board Only (on-campus meal plan) </td> <td> </td> <td> </td> </tr> </table>,210739,../data/cds-docs/2021-2022/210739.pdf,2021-2022
G,2,G2,12 18,"[[{0: '', 1: 'Yes', 2: 'No'}, {0: 'Do tuition and fees vary by year of study (e.g. sophomore, junior,\nsenior)?', 1: '', 2: 'X'}, {0: 'Do tuition and fees vary by undergraduate instructional program?', 1: '', 2: 'X'}, {0: 'If yes, what percentage of full-time undergraduates pay more than the\ntuition and fees reported in G1?', 1: '', 2: ''}]]","<table> <tr> <td> </td> <td> Yes </td> <td> No </td> </tr> <tr> <td> Do tuition and fees vary by year of study (e.g. sophomore, junior, <br/> senior)? </td> <td> </td> <td> X </td> </tr> <tr> <td> Do tuition and fees vary by undergraduate instructional program? </td> <td> </td> <td> X </td> </tr> <tr> <td> If yes, what percentage of full-time undergraduates pay more than the <br/> tuition and fees reported in G1? </td> <td colspan=""2""> </td> </tr> </table>",210739,../data/cds-docs/2021-2022/210739.pdf,2021-2022
G,4,G4,,"[[{0: 'Provide the estimated expenses for a typical full-time undergraduate student.', 1: 'Provide the estimated expenses for a typical full-time undergraduate student.', 2: 'Provide the estimated expenses for a typical full-time undergraduate student.', 3: 'Provide the estimated expenses for a typical full-time undergraduate student.'}, {0: '', 1: 'Residents', 2: 'Commuters\n(living at home)', 3: 'Commuters\n(not living at home)'}, {0: 'Books and supplies', 1: '', 2: '', 3: ''}, {0: 'Room only', 1: '', 2: '', 3: ''}, {0: 'Board only', 1: '', 2: '', 3: ''}, {0: 'Room and board total*', 1: '', 2: '', 3: ''}, {0: 'Transportation', 1: '', 2: '', 3: ''}, {0: 'Other expenses', 1: '', 2: '', 3: ''}]]","<table> <tr> <td colspan=""4""> Provide the estimated expenses for a typical full-time undergraduate student. </td> </tr> <tr> <td> </td> <td> Residents </td> <td> Commuters <br/> (living at home) </td> <td> Commuters <br/> (not living at home) </td> </tr> <tr> <td> Books and supplies </td> <td> </td> <td> </td> <td> </td> </tr> <tr> <td> Room only </td> <td> </td> <td> </td> <td> </td> </tr> <tr> <td> Board only </td> <td> </td> <td> </td> <td> </td> </tr> <tr> <td> Room and board total* </td> <td> </td> <td> </td> <td> </td> </tr> <tr> <td> Transportation </td> <td> </td> <td> </td> <td> </td> </tr> <tr> <td> Other expenses </td> <td> </td> <td> </td> <td> </td> </tr> </table>",210739,../data/cds-docs/2021-2022/210739.pdf,2021-2022
H,1,H1,Aid Awarded to Enrolled Undergraduates,"[[{0: '', 1: '2021-2022\nestimated', 2: '2020-2021\nfinal'}, {0: 'Indicate th academic year for which data are reported for items H1, H2,\nH2A, and H6 below.', 1: 'X', 2: ''}]]","<table> <tr> <td> </td> <td> 2021-2022 <br/> estimated </td> <td> 2020-2021 <br/> final </td> </tr> <tr> <td> Indicate th academic year for which data are reported for items H1, H2, <br/> H2A, and H6 below. </td> <td> X </td> <td> </td> </tr> </table>",210739,../data/cds-docs/2021-2022/210739.pdf,2021-2022
H,2,H2,"A, and H6 below.","[[{0: 'X', 1: 'Federal methodology (FM)'}, {0: '', 1: 'Institutional methodology (IM)'}, {0: '', 1: 'Both FM and IM'}], [{0: '', 1: 'Need-based $\n(Include non-need-based\naid used to\nmeet need.)', 2: 'Non-need-based $\n(Exclude non-need-based\naid used to\nmeet need.)'}, {0: 'Scholarships/Grants', 1: 'Scholarships/Grants', 2: 'Scholarships/Grants'}, {0: 'Federal', 1: '$3,218,197', 2: '$445,261'}, {0: 'State (i.e., all states, not only the state in which your\ninstitution is located)', 1: '$1,950,847', 2: '$500'}, {0: 'Institutional: Endowed scholarships, annual gifts\nand tuition funded grants, awarded by the college,\nexcluding athletic aid and tuition waivers (which are\nreported below).', 1: '$26,322,186', 2: '$12,732,653'}, {0: 'Scholarships/grants from external sources (e.g.,\nKiwanis, National Merit) not awarded by the college', 1: '$224,105', 2: '$212,886'}, {0: 'Total Scholarships/Grants', 1: '$31,715,335', 2: '$13,391,300'}, {0: 'Self-Help', 1: 'Self-Help', 2: 'Self-Help'}, {0: 'Student loans from all sources (excluding parent\nloans)', 1: '$10,370,305', 2: '$8,867,501'}, {0: 'Federal Work-Study', 1: '$441,194', 2: ''}, {0: 'State and other (e.g., institutional) work\ufffe\nstudy/employment (Note: Excludes Federal Work\ufffe\nStudy captured above.)', 1: '$56,871', 2: '$471,964'}, {0: 'Total Self-Help', 1: '$10,868,370', 2: '$9,339,465'}]]","<table> <tr> <td> X </td> <td> Federal methodology (FM) </td> </tr> <tr> <td> </td> <td> Institutional methodology (IM) </td> </tr> <tr> <td> </td> <td> Both FM and IM </td> </tr> </table><div class=""separator""></div><table> <tr> <td> </td> <td> Need-based $ <br/> (Include non-need-based <br/> aid used to <br/> meet need.) </td> <td> Non-need-based $ <br/> (Exclude non-need-based <br/> aid used to <br/> meet need.) </td> </tr> <tr> <td colspan=""3""> Scholarships/Grants </td> </tr> <tr> <td> Federal </td> <td> $3,218,197 </td> <td> $445,261 </td> </tr> <tr> <td> State (i.e., all states, not only the state in which your <br/> institution is located) </td> <td> $1,950,847 </td> <td> $500 </td> </tr> <tr> <td> Institutional: Endowed scholarships, annual gifts <br/> and tuition funded grants, awarded by the college, <br/> excluding athletic aid and tuition waivers (which are <br/> reported below). </td> <td> $26,322,186 </td> <td> $12,732,653 </td> </tr> <tr> <td> Scholarships/grants from external sources (e.g., <br/> Kiwanis, National Merit) not awarded by the college </td> <td> $224,105 </td> <td> $212,886 </td> </tr> <tr> <td> Total Scholarships/Grants </td> <td> $31,715,335 </td> <td> $13,391,300 </td> </tr> <tr> <td colspan=""3""> Self-Help </td> </tr> <tr> <td> Student loans from all sources (excluding parent <br/> loans) </td> <td> $10,370,305 </td> <td> $8,867,501 </td> </tr> <tr> <td> Federal Work-Study </td> <td> $441,194 </td> <td> </td> </tr> <tr> <td> State and other (e.g., institutional) work￾ <br/> study/employment (Note: Excludes Federal Work￾ <br/> Study captured above.) </td> <td> $56,871 </td> <td> $471,964 </td> </tr> <tr> <td> Total Self-Help </td> <td> $10,868,370 </td> <td> $9,339,465 </td> </tr> </table>",210739,../data/cds-docs/2021-2022/210739.pdf,2021-2022
H,5,H5,commercial) sources.,"[[{0: '', 1: '', 2: 'Number in the\nclass (defined\nin H4 above)\nwho borrowed\nfrom the types\nof loans\nspecified in the\nfirst column', 3: 'Percent of the\nclass (defined\nabove) who\nborrowed from\nthe types of\nloans specified\nin column the first\n(nearest 1%)', 4: 'Average per\ufffe\nundergraduate\ufffe\nborrower\ncumulative\nprincipal\nborrowed from\nthe types of\nloans specified\nin column the first\n(nearest $1)'}, {0: 'A', 1: 'Any loan program: Federal Perkins, Federal Stafford\nSubsidized and Unsubsidized, institutional, state, private\nloans that your institution is aware of, etc. Include both\nFederal Direct Student Loans and Federal Family Education\nLoans.', 2: '352', 3: '74.0%', 4: '$41,035'}, {0: 'B', 1: 'Federal loan programs: Federal Perkins, Federal Stafford\nSubsidized and Unsubsidized. Include both Federal Direct\nStudent Loans and Federal Family Education Loans.', 2: '345', 3: '72.0%', 4: '$24,592'}, {0: 'C', 1: 'Institutional loan programs.', 2: '0', 3: '0.0%', 4: '$0'}, {0: 'D', 1: 'State loan programs.', 2: '0', 3: '0.0%', 4: '$0'}, {0: 'E', 1: 'Private student loans made by a bank or lender.', 2: '137', 3: '29.0%', 4: '$43,504'}], [{0: 'Aid to Undergraduate Degree-Seeking Nonresident Aliens', 1: 'Aid to Undergraduate Degree-Seeking Nonresident Aliens'}, {0: ""Report numbers and dollar amounts for the same academic year checked in item H1.\nIndicate your institution's policy regarding institutional scholarship and grant aid for undergraduate degree\ufffe\nseeking nonresident aliens."", 1: ""Report numbers and dollar amounts for the same academic year checked in item H1.\nIndicate your institution's policy regarding institutional scholarship and grant aid for undergraduate degree\ufffe\nseeking nonresident aliens.""}, {0: '', 1: 'Institutional need-based scholarship or grant aid is available'}, {0: 'X', 1: 'Institutional non-need-based scholarship or grant aid is available'}, {0: '', 1: 'Institutional scholarship or grant aid is not available'}]]","<table> <tr> <td colspan=""2""> </td> <td> Number in the <br/> class (defined <br/> in H4 above) <br/> who borrowed <br/> from the types <br/> of loans <br/> specified in the <br/> first column </td> <td> Percent of the <br/> class (defined <br/> above) who <br/> borrowed from <br/> the types of <br/> loans specified <br/> in column the first <br/> (nearest 1%) </td> <td> Average per￾ <br/> undergraduate￾ <br/> borrower <br/> cumulative <br/> principal <br/> borrowed from <br/> the types of <br/> loans specified <br/> in column the first <br/> (nearest $1) </td> </tr> <tr> <td> A </td> <td> Any loan program: Federal Perkins, Federal Stafford <br/> Subsidized and Unsubsidized, institutional, state, private <br/> loans that your institution is aware of, etc. Include both <br/> Federal Direct Student Loans and Federal Family Education <br/> Loans. </td> <td> 352 </td> <td> 74.0% </td> <td> $41,035 </td> </tr> <tr> <td> B </td> <td> Federal loan programs: Federal Perkins, Federal Stafford <br/> Subsidized and Unsubsidized. Include both Federal Direct <br/> Student Loans and Federal Family Education Loans. </td> <td> 345 </td> <td> 72.0% </td> <td> $24,592 </td> </tr> <tr> <td> C </td> <td> Institutional loan programs. </td> <td> 0 </td> <td> 0.0% </td> <td> $0 </td> </tr> <tr> <td> D </td> <td> State loan programs. </td> <td> 0 </td> <td> 0.0% </td> <td> $0 </td> </tr> <tr> <td> E </td> <td> Private student loans made by a bank or lender. </td> <td> 137 </td> <td> 29.0% </td> <td> $43,504 </td> </tr> </table><div class=""separator""></div><table> <tr> <td colspan=""2""> Aid to Undergraduate Degree-Seeking Nonresident Aliens </td> </tr> <tr> <td colspan=""2""> Report numbers and dollar amounts for the same academic year checked in item H1. <br/> Indicate your institution's policy regarding institutional scholarship and grant aid for undergraduate degree￾ <br/> seeking nonresident aliens. </td> </tr> <tr> <td> </td> <td> Institutional need-based scholarship or grant aid is available </td> </tr> <tr> <td> X </td> <td> Institutional non-need-based scholarship or grant aid is available </td> </tr> <tr> <td> </td> <td> Institutional scholarship or grant aid is not available </td> </tr> </table>",210739,../data/cds-docs/2021-2022/210739.pdf,2021-2022
H,7,H7,Check off all financial aid forms nonresident alien first-year financial aid applicants must submit.,"[[{0: 'Process for First-Year/Freshmen Students', 1: 'Process for First-Year/Freshmen Students'}, {0: 'Check off all financial aid forms domestic first-year (freshman) financial aid applicants must submit.', 1: 'Check off all financial aid forms domestic first-year (freshman) financial aid applicants must submit.'}, {0: 'X', 1: 'FAFSA'}, {0: 'X', 1: 'Institution’s own financial aid form'}, {0: '', 1: 'CSS/Financial Aid PROFILE'}, {0: 'X', 1: 'State aid form'}, {0: '', 1: 'Noncustodial PROFILE'}, {0: '', 1: 'Business/Farm Supplement'}, {0: '', 1: 'Other (specify):'}]]","<table> <tr> <td colspan=""2""> Process for First-Year/Freshmen Students </td> </tr> <tr> <td colspan=""2""> Check off all financial aid forms domestic first-year (freshman) financial aid applicants must submit. </td> </tr> <tr> <td> X </td> <td> FAFSA </td> </tr> <tr> <td> X </td> <td> Institution’s own financial aid form </td> </tr> <tr> <td> </td> <td> CSS/Financial Aid PROFILE </td> </tr> <tr> <td> X </td> <td> State aid form </td> </tr> <tr> <td> </td> <td> Noncustodial PROFILE </td> </tr> <tr> <td> </td> <td> Business/Farm Supplement </td> </tr> <tr> <td> </td> <td> Other (specify): </td> </tr> </table>",210739,../data/cds-docs/2021-2022/210739.pdf,2021-2022
H,8,H8,Check off all financial aid forms domestic first-year (freshman) financial aid applicants must submit.,"[[{0: 'Indicate filing dates for first-year (freshman) students.', 1: 'Indicate filing dates for first-year (freshman) students.', 2: 'Indicate filing dates for first-year (freshman) students.'}, {0: 'Priority date for filing required financial aid forms.', 1: 'Priority date for filing required financial aid forms.', 2: 'December 1'}, {0: 'Deadline for filing required financial aid forms.', 1: 'Deadline for filing required financial aid forms.', 2: ''}, {0: 'X', 1: 'No deadline for filing required financial aid forms (applications processed on a rolling basis).', 2: 'No deadline for filing required financial aid forms (applications processed on a rolling basis).'}]]","<table> <tr> <td colspan=""3""> Indicate filing dates for first-year (freshman) students. </td> </tr> <tr> <td colspan=""2""> Priority date for filing required financial aid forms. </td> <td> December 1 </td> </tr> <tr> <td colspan=""2""> Deadline for filing required financial aid forms. </td> <td> </td> </tr> <tr> <td> X </td> <td colspan=""2""> No deadline for filing required financial aid forms (applications processed on a rolling basis). </td> </tr> </table>",210739,../data/cds-docs/2021-2022/210739.pdf,2021-2022
H,9,H9,Indicate filing dates for first-year (freshman) students.,"[[{0: 'Indicate notification dates for first-year (freshman) students (answer a or b).', 1: 'Indicate notification dates for first-year (freshman) students (answer a or b).', 2: 'Indicate notification dates for first-year (freshman) students (answer a or b).', 3: 'Indicate notification dates for first-year (freshman) students (answer a or b).'}, {0: 'Students notified\na)', 1: 'Students notified\na)', 2: '', 3: ''}, {0: '', 1: '', 2: 'Yes', 3: 'No'}, {0: 'b)', 1: 'Students notified on a rolling basis.', 2: 'X', 3: ''}, {0: 'b)', 1: 'If yes, starting date:', 2: 'December 1', 3: 'December 1'}]]","<table> <tr> <td colspan=""4""> Indicate notification dates for first-year (freshman) students (answer a or b). </td> </tr> <tr> <td colspan=""2""> Students notified <br/> a) </td> <td colspan=""2""> </td> </tr> <tr> <td colspan=""2""> </td> <td> Yes </td> <td> No </td> </tr> <tr> <td rowspan=""2""> b) </td> <td> Students notified on a rolling basis. </td> <td> X </td> <td> </td> </tr> <tr> <td> If yes, starting date: </td> <td colspan=""2""> December 1 </td> </tr> </table>",210739,../data/cds-docs/2021-2022/210739.pdf,2021-2022
H,10,H10,Indicate notification dates for first-year (freshman) students (answer a or b).,"[[{0: 'Indicate reply dates.', 1: 'Indicate reply dates.'}, {0: 'Students must reply by (date).', 1: 'May 1'}, {0: 'or within _____ weeks of notification', 1: '2'}]]","<table> <tr> <td colspan=""2""> Indicate reply dates. </td> </tr> <tr> <td> Students must reply by (date). </td> <td> May 1 </td> </tr> <tr> <td> or within _____ weeks of notification </td> <td> 2 </td> </tr> </table>",210739,../data/cds-docs/2021-2022/210739.pdf,2021-2022
H,11,H11,Indicate reply dates.,"[[{0: 'Types of Aid Available', 1: 'Types of Aid Available'}, {0: 'Please check off all types of aid available to undergraduates at your institution.', 1: 'Please check off all types of aid available to undergraduates at your institution.'}, {0: 'Loans', 1: 'Loans'}, {0: 'X', 1: 'Direct Subsidized Stafford Loans'}, {0: 'X', 1: 'Direct Unsubsidized Stafford Loans'}, {0: 'X', 1: 'Direct PLUS Loans'}, {0: 'X', 1: 'Federal Perkins Loans'}, {0: 'X', 1: 'Federal Nursing Loans'}, {0: 'X', 1: 'State Loans'}, {0: '', 1: 'College/university loans from institutional funds'}, {0: '', 1: 'Other (specify):'}]]","<table> <tr> <td colspan=""2""> Types of Aid Available </td> </tr> <tr> <td colspan=""2""> Please check off all types of aid available to undergraduates at your institution. </td> </tr> <tr> <td colspan=""2""> Loans </td> </tr> <tr> <td> X </td> <td> Direct Subsidized Stafford Loans </td> </tr> <tr> <td> X </td> <td> Direct Unsubsidized Stafford Loans </td> </tr> <tr> <td> X </td> <td> Direct PLUS Loans </td> </tr> <tr> <td> X </td> <td> Federal Perkins Loans </td> </tr> <tr> <td> X </td> <td> Federal Nursing Loans </td> </tr> <tr> <td> X </td> <td> State Loans </td> </tr> <tr> <td> </td> <td> College/university loans from institutional funds </td> </tr> <tr> <td> </td> <td> Other (specify): </td> </tr> </table>",210739,../data/cds-docs/2021-2022/210739.pdf,2021-2022
H,13,H13,Need Based Scholarships and Grants,"[[{0: 'Check off criteria used in awarding institutional aid. Check all that apply', 1: 'Check off criteria used in awarding institutional aid. Check all that apply', 2: 'Check off criteria used in awarding institutional aid. Check all that apply'}, {0: '', 1: 'Non-Need-Based', 2: 'Need-Based'}, {0: 'Academics', 1: 'X', 2: 'X'}, {0: 'Alumni affiliation', 1: 'X', 2: 'X'}, {0: 'Art', 1: 'X', 2: ''}, {0: 'Athletics', 1: '', 2: ''}, {0: 'Job skills', 1: '', 2: ''}, {0: 'ROTC', 1: 'X', 2: ''}, {0: 'Leadership', 1: 'X', 2: ''}, {0: 'Minority status', 1: 'X', 2: ''}, {0: 'Music or drama', 1: 'X', 2: ''}, {0: 'Religious affiliation', 1: 'X', 2: ''}, {0: 'State or district residency', 1: '', 2: ''}]]","<table> <tr> <td colspan=""3""> Check off criteria used in awarding institutional aid. Check all that apply </td> </tr> <tr> <td> </td> <td> Non-Need-Based </td> <td> Need-Based </td> </tr> <tr> <td> Academics </td> <td> X </td> <td> X </td> </tr> <tr> <td> Alumni affiliation </td> <td> X </td> <td> X </td> </tr> <tr> <td> Art </td> <td> X </td> <td> </td> </tr> <tr> <td> Athletics </td> <td> </td> <td> </td> </tr> <tr> <td> Job skills </td> <td> </td> <td> </td> </tr> <tr> <td> ROTC </td> <td> X </td> <td> </td> </tr> <tr> <td> Leadership </td> <td> X </td> <td> </td> </tr> <tr> <td> Minority status </td> <td> X </td> <td> </td> </tr> <tr> <td> Music or drama </td> <td> X </td> <td> </td> </tr> <tr> <td> Religious affiliation </td> <td> X </td> <td> </td> </tr> <tr> <td> State or district residency </td> <td> </td> <td> </td> </tr> </table>",210739,../data/cds-docs/2021-2022/210739.pdf,2021-2022
H,15,H15,"institution more affordable to incoming students such as replacing loans with grants, or waiving costs for","[[{0: '', 1: 'Yes', 2: 'No'}, {0: 'Are these policies related to the COVID-19 pandemic?', 1: '', 2: 'X'}]]",<table> <tr> <td> </td> <td> Yes </td> <td> No </td> </tr> <tr> <td> Are these policies related to the COVID-19 pandemic? </td> <td> </td> <td> X </td> </tr> </table>,210739,../data/cds-docs/2021-2022/210739.pdf,2021-2022
J,1,J1,"Degrees Conferred between July 1, 2020 and June 30, 2021.","[[{0: 'Category', 1: 'Diplomas or\nCertificates', 2: 'Associate', 3: 'Bachelor’s', 4: 'CIP 2020\nCategories to\nInclude'}, {0: 'Agricultural/Animal/Plant/Veterinary\nScience & Related Fields', 1: '', 2: '', 3: '', 4: '1'}, {0: 'Natural Resources & Conservation', 1: '', 2: '', 3: '', 4: '3'}, {0: 'Architecture & Related Services', 1: '', 2: '', 3: '', 4: '4'}, {0: 'Area, Ethnic, Cultural, Gender & Group\nStudies', 1: '', 2: '', 3: '', 4: '5'}, {0: 'Communication, Journalism & Related\nPrograms', 1: '', 2: '', 3: '2.0%', 4: '9'}, {0: 'Communications\nTechnologies/Technicians & Support\nServices', 1: '', 2: '', 3: '', 4: '10'}, {0: 'Computer & Information Sciences &\nSupport Services', 1: '12.5%', 2: '', 3: '4.0%', 4: '11'}, {0: 'Culinary, Entertainment & Personal\nServices', 1: '', 2: '', 3: '', 4: '12'}, {0: 'Education', 1: '', 2: '', 3: '2.3%', 4: '13'}, {0: 'Engineering', 1: '', 2: '', 3: '', 4: '14'}, {0: 'Engineering/Engineering-Related\nTechnologies/Technicians', 1: '', 2: '', 3: '', 4: '15'}, {0: 'Foreign Languages, Literatures, and\nLinguistics', 1: '', 2: '', 3: '', 4: '16'}, {0: 'Family & Consumer Sciences/Human\nSciences', 1: '', 2: '', 3: '', 4: '19'}, {0: 'Legal Professions & Studies', 1: '', 2: '', 3: '0.5%', 4: '22'}, {0: 'English Language & Literature/Letters', 1: '', 2: '', 3: '0.9%', 4: '23'}, {0: 'Liberal Arts & Sciences, General\nStudies & Humanities', 1: '', 2: '', 3: '0.2%', 4: '24'}, {0: 'Library Science', 1: '', 2: '', 3: '', 4: '25'}, {0: 'Biological & Biomedical Sciences', 1: '', 2: '', 3: '5.4%', 4: '26'}, {0: 'Mathematics & Statistics', 1: '', 2: '', 3: '0.2%', 4: '27'}, {0: 'Military Science, Leadership &\nOperational Art', 1: '', 2: '', 3: '', 4: '28'}, {0: 'Military Technologies & Applied\nSciences', 1: '', 2: '', 3: '', 4: '29'}, {0: 'Multi/Interdisciplinary Studies', 1: '', 2: '', 3: '', 4: '30'}, {0: 'Parks, Recreation, Leisure, Fitness &\nKinesiology', 1: '', 2: '', 3: '5.0%', 4: '31'}, {0: 'Philosophy & Religious Studies', 1: '', 2: '', 3: '', 4: '38'}, {0: 'Theology & Religious Vocations', 1: '12.5%', 2: '', 3: '0.2%', 4: '39'}, {0: 'Physical Sciences', 1: '', 2: '', 3: '0.9%', 4: '40'}]]","<table> <tr> <td> Category </td> <td> Diplomas or <br/> Certificates </td> <td> Associate </td> <td> Bachelor’s </td> <td> CIP 2020 <br/> Categories to <br/> Include </td> </tr> <tr> <td> Agricultural/Animal/Plant/Veterinary <br/> Science &amp; Related Fields </td> <td> </td> <td> </td> <td> </td> <td> 1 </td> </tr> <tr> <td> Natural Resources &amp; Conservation </td> <td> </td> <td> </td> <td> </td> <td> 3 </td> </tr> <tr> <td> Architecture &amp; Related Services </td> <td> </td> <td> </td> <td> </td> <td> 4 </td> </tr> <tr> <td> Area, Ethnic, Cultural, Gender &amp; Group <br/> Studies </td> <td> </td> <td> </td> <td> </td> <td> 5 </td> </tr> <tr> <td> Communication, Journalism &amp; Related <br/> Programs </td> <td> </td> <td> </td> <td> 2.0% </td> <td> 9 </td> </tr> <tr> <td> Communications <br/> Technologies/Technicians &amp; Support <br/> Services </td> <td> </td> <td> </td> <td> </td> <td> 10 </td> </tr> <tr> <td> Computer &amp; Information Sciences &amp; <br/> Support Services </td> <td> 12.5% </td> <td> </td> <td> 4.0% </td> <td> 11 </td> </tr> <tr> <td> Culinary, Entertainment &amp; Personal <br/> Services </td> <td> </td> <td> </td> <td> </td> <td> 12 </td> </tr> <tr> <td> Education </td> <td> </td> <td> </td> <td> 2.3% </td> <td> 13 </td> </tr> <tr> <td> Engineering </td> <td> </td> <td> </td> <td> </td> <td> 14 </td> </tr> <tr> <td> Engineering/Engineering-Related <br/> Technologies/Technicians </td> <td> </td> <td> </td> <td> </td> <td> 15 </td> </tr> <tr> <td> Foreign Languages, Literatures, and <br/> Linguistics </td> <td> </td> <td> </td> <td> </td> <td> 16 </td> </tr> <tr> <td> Family &amp; Consumer Sciences/Human <br/> Sciences </td> <td> </td> <td> </td> <td> </td> <td> 19 </td> </tr> <tr> <td> Legal Professions &amp; Studies </td> <td> </td> <td> </td> <td> 0.5% </td> <td> 22 </td> </tr> <tr> <td> English Language &amp; Literature/Letters </td> <td> </td> <td> </td> <td> 0.9% </td> <td> 23 </td> </tr> <tr> <td> Liberal Arts &amp; Sciences, General <br/> Studies &amp; Humanities </td> <td> </td> <td> </td> <td> 0.2% </td> <td> 24 </td> </tr> <tr> <td> Library Science </td> <td> </td> <td> </td> <td> </td> <td> 25 </td> </tr> <tr> <td> Biological &amp; Biomedical Sciences </td> <td> </td> <td> </td> <td> 5.4% </td> <td> 26 </td> </tr> <tr> <td> Mathematics &amp; Statistics </td> <td> </td> <td> </td> <td> 0.2% </td> <td> 27 </td> </tr> <tr> <td> Military Science, Leadership &amp; <br/> Operational Art </td> <td> </td> <td> </td> <td> </td> <td> 28 </td> </tr> <tr> <td> Military Technologies &amp; Applied <br/> Sciences </td> <td> </td> <td> </td> <td> </td> <td> 29 </td> </tr> <tr> <td> Multi/Interdisciplinary Studies </td> <td> </td> <td> </td> <td> </td> <td> 30 </td> </tr> <tr> <td> Parks, Recreation, Leisure, Fitness &amp; <br/> Kinesiology </td> <td> </td> <td> </td> <td> 5.0% </td> <td> 31 </td> </tr> <tr> <td> Philosophy &amp; Religious Studies </td> <td> </td> <td> </td> <td> </td> <td> 38 </td> </tr> <tr> <td> Theology &amp; Religious Vocations </td> <td> 12.5% </td> <td> </td> <td> 0.2% </td> <td> 39 </td> </tr> <tr> <td> Physical Sciences </td> <td> </td> <td> </td> <td> 0.9% </td> <td> 40 </td> </tr> </table>",210739,../data/cds-docs/2021-2022/210739.pdf,2021-2022
