section,table_num,table_code,table_title,table_records,table_html,unitid,file,year
B,1,B1,Institutional Enrollment - Men and Women,"[[{0: '', 1: 'FULL-TIME', 2: 'FULL-TIME', 3: 'FULL-TIME', 4: 'PART-TIME', 5: 'PART-TIME', 6: 'PART-TIME'}, {0: '', 1: 'Men', 2: 'Women', 3: 'Another\nGender', 4: 'Men', 5: 'Women', 6: 'Another\nGender'}, {0: 'Undergraduates', 1: '', 2: '', 3: '', 4: '', 5: '', 6: ''}, {0: 'Degree-seeking, first-time,\nfirst-year students', 1: '665', 2: '950', 3: '0', 4: '49', 5: '56', 6: '0'}, {0: 'Other first-year, degree-seeking\nstudents', 1: '218', 2: '347', 3: '0', 4: '41', 5: '58', 6: '0'}, {0: 'All other degree-seeking\nundergraduate students', 1: '1679', 2: '2523', 3: '0', 4: '666', 5: '929', 6: '0'}, {0: 'Total degree-seeking\nundergraduate students', 1: '2562', 2: '3820', 3: '0', 4: '756', 5: '1043', 6: '0'}, {0: 'All other undergraduates\nenrolled in credit courses', 1: '3', 2: '3', 3: '0', 4: '10', 5: '21', 6: '0'}, {0: 'Total Undergraduate Students', 1: '2565', 2: '3823', 3: '0', 4: '766', 5: '1064', 6: '0'}, {0: 'Graduate Students', 1: 'Graduate Students', 2: 'Graduate Students', 3: 'Graduate Students', 4: 'Graduate Students', 5: 'Graduate Students', 6: 'Graduate Students'}, {0: 'Degree-seeking, first-time', 1: '446', 2: '847', 3: '0', 4: '184', 5: '385', 6: '0'}, {0: 'All other degree-seeking', 1: '1226', 2: '2546', 3: '0', 4: '753', 5: '1790', 6: '0'}, {0: 'All other graduates enrolled in\ncredit courses', 1: '124', 2: '479', 3: '0', 4: '122', 5: '591', 6: '0'}, {0: 'Total Graduate Students', 1: '1796', 2: '3872', 3: '0', 4: '1059', 5: '2766', 6: '0'}, {0: 'Total All Students', 1: '4361', 2: '7694', 3: '0', 4: '1825', 5: '3830', 6: '0'}]]","<table> <tr> <td> </td> <td colspan=""3""> FULL-TIME </td> <td colspan=""3""> PART-TIME </td> </tr> <tr> <td> </td> <td> Men </td> <td> Women </td> <td> Another <br/> Gender </td> <td> Men </td> <td> Women </td> <td> Another <br/> Gender </td> </tr> <tr> <td> Undergraduates </td> <td colspan=""6""> </td> </tr> <tr> <td> Degree-seeking, first-time, <br/> first-year students </td> <td> 665 </td> <td> 950 </td> <td> 0 </td> <td> 49 </td> <td> 56 </td> <td> 0 </td> </tr> <tr> <td> Other first-year, degree-seeking <br/> students </td> <td> 218 </td> <td> 347 </td> <td> 0 </td> <td> 41 </td> <td> 58 </td> <td> 0 </td> </tr> <tr> <td> All other degree-seeking <br/> undergraduate students </td> <td> 1679 </td> <td> 2523 </td> <td> 0 </td> <td> 666 </td> <td> 929 </td> <td> 0 </td> </tr> <tr> <td> Total degree-seeking <br/> undergraduate students </td> <td> 2562 </td> <td> 3820 </td> <td> 0 </td> <td> 756 </td> <td> 1043 </td> <td> 0 </td> </tr> <tr> <td> All other undergraduates <br/> enrolled in credit courses </td> <td> 3 </td> <td> 3 </td> <td> 0 </td> <td> 10 </td> <td> 21 </td> <td> 0 </td> </tr> <tr> <td> Total Undergraduate Students </td> <td> 2565 </td> <td> 3823 </td> <td> 0 </td> <td> 766 </td> <td> 1064 </td> <td> 0 </td> </tr> <tr> <td colspan=""7""> Graduate Students </td> </tr> <tr> <td> Degree-seeking, first-time </td> <td> 446 </td> <td> 847 </td> <td> 0 </td> <td> 184 </td> <td> 385 </td> <td> 0 </td> </tr> <tr> <td> All other degree-seeking </td> <td> 1226 </td> <td> 2546 </td> <td> 0 </td> <td> 753 </td> <td> 1790 </td> <td> 0 </td> </tr> <tr> <td> All other graduates enrolled in <br/> credit courses </td> <td> 124 </td> <td> 479 </td> <td> 0 </td> <td> 122 </td> <td> 591 </td> <td> 0 </td> </tr> <tr> <td> Total Graduate Students </td> <td> 1796 </td> <td> 3872 </td> <td> 0 </td> <td> 1059 </td> <td> 2766 </td> <td> 0 </td> </tr> <tr> <td> Total All Students </td> <td> 4361 </td> <td> 7694 </td> <td> 0 </td> <td> 1825 </td> <td> 3830 </td> <td> 0 </td> </tr> </table>",226091,../data/cds-docs/2024-2025/226091.pdf,2024-2025
B,2,B2,Enrollment by Racial/Ethnic Category,"[[{0: '', 1: 'Degree\ufffe\nSeeking\nFirst-Time\nFirst Year', 2: 'Degree-Seeking\nUndergraduates\n(include first-time\nfirst-year)', 3: 'Total\nUndergraduates\n(both degree- and\nnon-degree-seeking)'}, {0: 'Nonresidents', 1: '18', 2: '72', 3: '79'}, {0: 'Hispanic/Latino', 1: '338', 2: '1926', 3: '1932'}, {0: 'Black or African American, non-Hispanic', 1: '536', 2: '2139', 3: '2142'}, {0: 'White, non-Hispanic', 1: '607', 2: '3089', 3: '3105'}, {0: 'American Indian or Alaska Native, non-Hispanic', 1: '16', 2: '33', 3: '33'}, {0: 'Asian, non-Hispanic', 1: '77', 2: '410', 3: '411'}, {0: 'Native Hawaiian or other Pacific Islander, non-Hispanic', 1: '4', 2: '10', 3: '10'}, {0: 'Two or more races, non-Hispanic', 1: '68', 2: '317', 3: '321'}, {0: 'Race and/or ethnicity unknown', 1: '56', 2: '185', 3: '185'}, {0: 'TOTAL', 1: '1720', 2: '8181', 3: '8218'}]]","<table> <tr> <td> </td> <td> Degree￾ <br/> Seeking <br/> First-Time <br/> First Year </td> <td> Degree-Seeking <br/> Undergraduates <br/> (include first-time <br/> first-year) </td> <td> Total <br/> Undergraduates <br/> (both degree- and <br/> non-degree-seeking) </td> </tr> <tr> <td> Nonresidents </td> <td> 18 </td> <td> 72 </td> <td> 79 </td> </tr> <tr> <td> Hispanic/Latino </td> <td> 338 </td> <td> 1926 </td> <td> 1932 </td> </tr> <tr> <td> Black or African American, non-Hispanic </td> <td> 536 </td> <td> 2139 </td> <td> 2142 </td> </tr> <tr> <td> White, non-Hispanic </td> <td> 607 </td> <td> 3089 </td> <td> 3105 </td> </tr> <tr> <td> American Indian or Alaska Native, non-Hispanic </td> <td> 16 </td> <td> 33 </td> <td> 33 </td> </tr> <tr> <td> Asian, non-Hispanic </td> <td> 77 </td> <td> 410 </td> <td> 411 </td> </tr> <tr> <td> Native Hawaiian or other Pacific Islander, non-Hispanic </td> <td> 4 </td> <td> 10 </td> <td> 10 </td> </tr> <tr> <td> Two or more races, non-Hispanic </td> <td> 68 </td> <td> 317 </td> <td> 321 </td> </tr> <tr> <td> Race and/or ethnicity unknown </td> <td> 56 </td> <td> 185 </td> <td> 185 </td> </tr> <tr> <td> TOTAL </td> <td> 1720 </td> <td> 8181 </td> <td> 8218 </td> </tr> </table>",226091,../data/cds-docs/2024-2025/226091.pdf,2024-2025
B,3,B3,"Number of degrees awarded from July 1, 2023 to June 30, 2024","[[{0: 'AWARD TYPE', 1: '# AWARDED'}, {0: 'Certificate/diploma:', 1: '11'}, {0: 'Associate degrees:', 1: ''}, {0: 'Bachelor’s degrees:', 1: '1821'}, {0: 'Post-bachelor’s certificates:', 1: '844'}, {0: 'Master’s degrees:', 1: '4228'}, {0: 'Post-master’s certificates:', 1: ''}, {0: 'Doctoral degrees –\nresearch/scholarship:', 1: '84'}, {0: 'Doctoral degrees – professional\npractice:', 1: '8'}, {0: 'Doctoral degrees – other:', 1: ''}]]",<table> <tr> <td> AWARD TYPE </td> <td> # AWARDED </td> </tr> <tr> <td> Certificate/diploma: </td> <td> 11 </td> </tr> <tr> <td> Associate degrees: </td> <td> </td> </tr> <tr> <td> Bachelor’s degrees: </td> <td> 1821 </td> </tr> <tr> <td> Post-bachelor’s certificates: </td> <td> 844 </td> </tr> <tr> <td> Master’s degrees: </td> <td> 4228 </td> </tr> <tr> <td> Post-master’s certificates: </td> <td> </td> </tr> <tr> <td> Doctoral degrees – <br/> research/scholarship: </td> <td> 84 </td> </tr> <tr> <td> Doctoral degrees – professional <br/> practice: </td> <td> 8 </td> </tr> <tr> <td> Doctoral degrees – other: </td> <td> </td> </tr> </table>,226091,../data/cds-docs/2024-2025/226091.pdf,2024-2025
C,1,C1,"First-time, first-year students:","[[{0: 'FIRST-TIME, FIRST-YEAR STUDENT APPLICANTS', 1: 'TOTAL'}, {0: 'Total first-time, first-year men who applied', 1: '3465'}, {0: 'Total first-time, first-year women who applied', 1: '5403'}, {0: 'Total first-time, first-year of another gender who applied', 1: ''}, {0: 'FIRST-TIME, FIRST-YEAR STUDENT ADMITS', 1: ''}, {0: 'Total first-time, first-year men who were admitted', 1: '2858'}, {0: 'Total first-time, first-year women who were admitted', 1: '4742'}, {0: 'Total first-time, first-year of another gender who were admitted', 1: ''}, {0: 'FIRST-TIME, FIRST-YEAR STUDENT ENROLLEES', 1: ''}, {0: 'Total first-time, first-year men who were enrolled', 1: '723'}, {0: 'Total first-time, first-year women who were enrolled', 1: '1015'}, {0: 'Total first-time, first-year of another gender who were enrolled', 1: ''}, {0: 'FIRST-TIME, FIRST-YEAR STUDENT ENROLLEES BY STATUS', 1: ''}, {0: 'Total full-time, first-time, first-year men who enrolled', 1: '674'}, {0: 'Total part-time, first-time, first-year men who enrolled', 1: '49'}, {0: 'Total full-time, first-time, first-year women who enrolled', 1: '964'}, {0: 'Total part-time, first-time, first-year women who enrolled', 1: '51'}, {0: 'Total full-time, first-time, first-year of another gender who enrolled', 1: ''}, {0: 'Total part-time, first-time, first-year of another gender who enrolled', 1: ''}], [{0: 'FIRST-TIME, FIRST-YEAR\nSTUDENT APPLICANTS', 1: 'IN-STATE', 2: 'OUT-OF-STATE', 3: 'INTERNATIONAL', 4: 'UNKNOWN', 5: 'TOTAL'}, {0: 'Total first-time, first-year\n(degree-seeking) who applied', 1: '8671', 2: '109', 3: '88', 4: '', 5: '8868'}, {0: 'Total first-time, first-year\n(degree-seeking) who were\nadmitted', 1: '7444', 2: '85', 3: '71', 4: '', 5: '7600'}, {0: 'Total first-time, first-year\n(degree-seeking) enrolled', 1: '1656', 2: '63', 3: '19', 4: '', 5: '1738'}]]","<table> <tr> <td> FIRST-TIME, FIRST-YEAR STUDENT APPLICANTS </td> <td> TOTAL </td> </tr> <tr> <td> Total first-time, first-year men who applied </td> <td> 3465 </td> </tr> <tr> <td> Total first-time, first-year women who applied </td> <td> 5403 </td> </tr> <tr> <td> Total first-time, first-year of another gender who applied </td> <td> </td> </tr> <tr> <td> FIRST-TIME, FIRST-YEAR STUDENT ADMITS </td> <td> </td> </tr> <tr> <td> Total first-time, first-year men who were admitted </td> <td> 2858 </td> </tr> <tr> <td> Total first-time, first-year women who were admitted </td> <td> 4742 </td> </tr> <tr> <td> Total first-time, first-year of another gender who were admitted </td> <td> </td> </tr> <tr> <td> FIRST-TIME, FIRST-YEAR STUDENT ENROLLEES </td> <td> </td> </tr> <tr> <td> Total first-time, first-year men who were enrolled </td> <td> 723 </td> </tr> <tr> <td> Total first-time, first-year women who were enrolled </td> <td> 1015 </td> </tr> <tr> <td> Total first-time, first-year of another gender who were enrolled </td> <td> </td> </tr> <tr> <td> FIRST-TIME, FIRST-YEAR STUDENT ENROLLEES BY STATUS </td> <td> </td> </tr> <tr> <td> Total full-time, first-time, first-year men who enrolled </td> <td> 674 </td> </tr> <tr> <td> Total part-time, first-time, first-year men who enrolled </td> <td> 49 </td> </tr> <tr> <td> Total full-time, first-time, first-year women who enrolled </td> <td> 964 </td> </tr> <tr> <td> Total part-time, first-time, first-year women who enrolled </td> <td> 51 </td> </tr> <tr> <td> Total full-time, first-time, first-year of another gender who enrolled </td> <td> </td> </tr> <tr> <td> Total part-time, first-time, first-year of another gender who enrolled </td> <td> </td> </tr> </table><div class=""separator""></div><table> <tr> <td> FIRST-TIME, FIRST-YEAR <br/> STUDENT APPLICANTS </td> <td> IN-STATE </td> <td> OUT-OF-STATE </td> <td> INTERNATIONAL </td> <td> UNKNOWN </td> <td> TOTAL </td> </tr> <tr> <td> Total first-time, first-year <br/> (degree-seeking) who applied </td> <td> 8671 </td> <td> 109 </td> <td> 88 </td> <td> </td> <td> 8868 </td> </tr> <tr> <td> Total first-time, first-year <br/> (degree-seeking) who were <br/> admitted </td> <td> 7444 </td> <td> 85 </td> <td> 71 </td> <td> </td> <td> 7600 </td> </tr> <tr> <td> Total first-time, first-year <br/> (degree-seeking) enrolled </td> <td> 1656 </td> <td> 63 </td> <td> 19 </td> <td> </td> <td> 1738 </td> </tr> </table>",226091,../data/cds-docs/2024-2025/226091.pdf,2024-2025
C,5,C5,Distribution of high school units required and/or recommended.,"[[{0: '', 1: 'Units\nRequired', 2: 'Units\nRecommended'}, {0: 'Total academic units', 1: '14', 2: ''}, {0: 'English', 1: '4', 2: ''}, {0: 'Mathematics', 1: '3', 2: ''}, {0: 'Science', 1: '2', 2: ''}, {0: 'Of these, units that must be lab', 1: '', 2: ''}, {0: 'Foreign language', 1: '', 2: '2'}, {0: 'Social studies', 1: '2.5', 2: ''}, {0: 'History', 1: '', 2: ''}, {0: 'Academic electives', 1: '2.5', 2: ''}, {0: 'Computer Science', 1: '', 2: ''}, {0: 'Visual/Performing Arts', 1: '', 2: ''}, {0: 'Other (specify)', 1: '', 2: ''}]]","<table> <tr> <td> </td> <td> Units <br/> Required </td> <td> Units <br/> Recommended </td> </tr> <tr> <td> Total academic units </td> <td> 14 </td> <td> </td> </tr> <tr> <td> English </td> <td> 4 </td> <td> </td> </tr> <tr> <td> Mathematics </td> <td> 3 </td> <td> </td> </tr> <tr> <td> Science </td> <td> 2 </td> <td> </td> </tr> <tr> <td> Of these, units that must be lab </td> <td> </td> <td> </td> </tr> <tr> <td> Foreign language </td> <td> </td> <td> 2 </td> </tr> <tr> <td> Social studies </td> <td> 2.5 </td> <td> </td> </tr> <tr> <td> History </td> <td> </td> <td> </td> </tr> <tr> <td> Academic electives </td> <td> 2.5 </td> <td> </td> </tr> <tr> <td> Computer Science </td> <td> </td> <td> </td> </tr> <tr> <td> Visual/Performing Arts </td> <td> </td> <td> </td> </tr> <tr> <td> Other (specify) </td> <td> </td> <td> </td> </tr> </table>",226091,../data/cds-docs/2024-2025/226091.pdf,2024-2025
C,7,C7,"Relative importance of each of the following academic and nonacademic factors in first-time, first-","[[{0: '', 1: 'Very Important', 2: 'Important', 3: 'Considered', 4: 'Not Considered'}, {0: 'Academic', 1: 'Academic', 2: 'Academic', 3: 'Academic', 4: 'Academic'}, {0: 'Rigor of secondary\nschool record', 1: 'x', 2: '', 3: '', 4: ''}, {0: 'Class rank', 1: 'x', 2: '', 3: '', 4: ''}, {0: 'Academic GPA', 1: '', 2: '', 3: '', 4: ''}, {0: 'Standardized test\nscores', 1: 'x', 2: '', 3: '', 4: ''}, {0: 'Application Essay', 1: '', 2: '', 3: '', 4: 'x'}, {0: 'Recommendation', 1: '', 2: '', 3: 'x', 4: ''}, {0: 'Nonacademic', 1: 'Nonacademic', 2: 'Nonacademic', 3: 'Nonacademic', 4: 'Nonacademic'}, {0: 'Interview', 1: '', 2: '', 3: '', 4: 'x'}, {0: 'Extracurricular activities', 1: '', 2: '', 3: 'x', 4: ''}, {0: 'Talent/ability', 1: '', 2: '', 3: 'x', 4: ''}, {0: 'Character/personal\nqualities', 1: '', 2: '', 3: '', 4: 'x'}, {0: 'First generation', 1: '', 2: '', 3: '', 4: 'x'}, {0: 'Alumni/ae relation', 1: '', 2: '', 3: '', 4: 'x'}, {0: 'Geographical residence', 1: '', 2: '', 3: '', 4: ''}, {0: 'State residency', 1: '', 2: '', 3: '', 4: 'x'}, {0: 'Religious\naffiliation/commitment', 1: '', 2: '', 3: '', 4: 'x'}, {0: 'Volunteer work', 1: '', 2: '', 3: '', 4: 'x'}, {0: 'Work experience', 1: '', 2: '', 3: '', 4: 'x'}, {0: 'Level of applicant’s\ninterest', 1: '', 2: '', 3: '', 4: 'x'}]]","<table> <tr> <td> </td> <td> Very Important </td> <td> Important </td> <td> Considered </td> <td> Not Considered </td> </tr> <tr> <td colspan=""5""> Academic </td> </tr> <tr> <td> Rigor of secondary <br/> school record </td> <td> x </td> <td> </td> <td> </td> <td> </td> </tr> <tr> <td> Class rank </td> <td> x </td> <td> </td> <td> </td> <td> </td> </tr> <tr> <td> Academic GPA </td> <td> </td> <td> </td> <td> </td> <td> </td> </tr> <tr> <td> Standardized test <br/> scores </td> <td> x </td> <td> </td> <td> </td> <td> </td> </tr> <tr> <td> Application Essay </td> <td> </td> <td> </td> <td> </td> <td> x </td> </tr> <tr> <td> Recommendation </td> <td> </td> <td> </td> <td> x </td> <td> </td> </tr> <tr> <td colspan=""5""> Nonacademic </td> </tr> <tr> <td> Interview </td> <td> </td> <td> </td> <td> </td> <td> x </td> </tr> <tr> <td> Extracurricular activities </td> <td> </td> <td> </td> <td> x </td> <td> </td> </tr> <tr> <td> Talent/ability </td> <td> </td> <td> </td> <td> x </td> <td> </td> </tr> <tr> <td> Character/personal <br/> qualities </td> <td> </td> <td> </td> <td> </td> <td> x </td> </tr> <tr> <td> First generation </td> <td> </td> <td> </td> <td> </td> <td> x </td> </tr> <tr> <td> Alumni/ae relation </td> <td> </td> <td> </td> <td> </td> <td> x </td> </tr> <tr> <td> Geographical residence </td> <td> </td> <td> </td> <td> </td> <td> </td> </tr> <tr> <td> State residency </td> <td> </td> <td> </td> <td> </td> <td> x </td> </tr> <tr> <td> Religious <br/> affiliation/commitment </td> <td> </td> <td> </td> <td> </td> <td> x </td> </tr> <tr> <td> Volunteer work </td> <td> </td> <td> </td> <td> </td> <td> x </td> </tr> <tr> <td> Work experience </td> <td> </td> <td> </td> <td> </td> <td> x </td> </tr> <tr> <td> Level of applicant’s <br/> interest </td> <td> </td> <td> </td> <td> </td> <td> x </td> </tr> </table>",226091,../data/cds-docs/2024-2025/226091.pdf,2024-2025
C,8,C8,"A Does your institution make use of SAT, ACT, or SAT Subject Test scores in admission decisions for","[[{0: '', 1: 'ADMISSION', 2: 'ADMISSION', 3: 'ADMISSION', 4: 'ADMISSION', 5: 'ADMISSION'}, {0: '', 1: 'Required to be\nconsidered for\nadmission', 2: 'Require\nfor Some', 3: 'Recommend', 4: 'Not required for\nadmission, but\nconsider if\nsubmitted', 5: 'Not considered\nfor admission,\neven if submitted'}, {0: 'SAT or ACT', 1: 'x', 2: '', 3: '', 4: '', 5: ''}, {0: 'ACT only', 1: '', 2: '', 3: '', 4: '', 5: ''}, {0: 'SAT only', 1: '', 2: '', 3: '', 4: '', 5: ''}]]","<table> <tr> <td> </td> <td colspan=""5""> ADMISSION </td> </tr> <tr> <td> </td> <td> Required to be <br/> considered for <br/> admission </td> <td> Require <br/> for Some </td> <td> Recommend </td> <td> Not required for <br/> admission, but <br/> consider if <br/> submitted </td> <td> Not considered <br/> for admission, <br/> even if submitted </td> </tr> <tr> <td> SAT or ACT </td> <td> x </td> <td> </td> <td> </td> <td> </td> <td> </td> </tr> <tr> <td> ACT only </td> <td> </td> <td> </td> <td> </td> <td> </td> <td> </td> </tr> <tr> <td> SAT only </td> <td> </td> <td> </td> <td> </td> <td> </td> <td> </td> </tr> </table>",226091,../data/cds-docs/2024-2025/226091.pdf,2024-2025
C,9,C9,"Percent and number of first-time, first-year students enrolled in Fall 2024 who submitted national","[[{0: '', 1: 'Percent', 2: 'Number'}, {0: 'Submitting SAT Scores', 1: '42', 2: '719'}, {0: 'Submitting ACT Scores', 1: '5', 2: '80'}], [{0: '', 1: '25th Percentile', 2: '50th Percentile', 3: '75th Percentile'}, {0: 'SAT Composite', 1: '930', 2: '1040', 3: '1140'}, {0: 'SAT Evidence-Based Reading and Writing', 1: '480', 2: '530', 3: '580'}, {0: 'SAT Math', 1: '450', 2: '510', 3: '560'}, {0: 'ACT Composite', 1: '18', 2: '22', 3: '25'}, {0: 'ACT Math', 1: '17', 2: '21', 3: '25'}, {0: 'ACT English', 1: '17', 2: '21', 3: '24'}, {0: 'ACT Writing', 1: '', 2: '', 3: ''}, {0: 'ACT Science', 1: '', 2: '', 3: ''}, {0: 'ACT Reading', 1: '', 2: '', 3: ''}]]","<table> <tr> <td> </td> <td> Percent </td> <td> Number </td> </tr> <tr> <td> Submitting SAT Scores </td> <td> 42 </td> <td> 719 </td> </tr> <tr> <td> Submitting ACT Scores </td> <td> 5 </td> <td> 80 </td> </tr> </table><div class=""separator""></div><table> <tr> <td> </td> <td> 25th Percentile </td> <td> 50th Percentile </td> <td> 75th Percentile </td> </tr> <tr> <td> SAT Composite </td> <td> 930 </td> <td> 1040 </td> <td> 1140 </td> </tr> <tr> <td> SAT Evidence-Based Reading and Writing </td> <td> 480 </td> <td> 530 </td> <td> 580 </td> </tr> <tr> <td> SAT Math </td> <td> 450 </td> <td> 510 </td> <td> 560 </td> </tr> <tr> <td> ACT Composite </td> <td> 18 </td> <td> 22 </td> <td> 25 </td> </tr> <tr> <td> ACT Math </td> <td> 17 </td> <td> 21 </td> <td> 25 </td> </tr> <tr> <td> ACT English </td> <td> 17 </td> <td> 21 </td> <td> 24 </td> </tr> <tr> <td> ACT Writing </td> <td> </td> <td> </td> <td> </td> </tr> <tr> <td> ACT Science </td> <td> </td> <td> </td> <td> </td> </tr> <tr> <td> ACT Reading </td> <td> </td> <td> </td> <td> </td> </tr> </table>",226091,../data/cds-docs/2024-2025/226091.pdf,2024-2025
C,10,C10,"Percent of all degree-seeking, first-time, first-year students who had high school class rank within each","[[{0: 'Assessment', 1: 'Percent', 2: ''}, {0: 'Percent in top tenth of high school graduating class', 1: '15', 2: ''}, {0: 'Percent in top quarter of high school graduating class', 1: '40', 2: ''}, {0: 'Percent in top half of high school graduating class', 1: '69', 2: ''}, {0: 'Percent in bottom half of high school graduating class', 1: '31', 2: ''}, {0: 'Percent in bottom quarter of high school graduating class', 1: '8', 2: ''}, {0: 'Percent of total first-time, first-year (freshmen) students who submitted high school class\nrank:', 1: 'Percent of total first-time, first-year (freshmen) students who submitted high school class\nrank:', 2: '87'}]]","<table> <tr> <td> Assessment </td> <td> Percent </td> <td> </td> </tr> <tr> <td> Percent in top tenth of high school graduating class </td> <td> 15 </td> <td> </td> </tr> <tr> <td> Percent in top quarter of high school graduating class </td> <td> 40 </td> <td> </td> </tr> <tr> <td> Percent in top half of high school graduating class </td> <td> 69 </td> <td> </td> </tr> <tr> <td> Percent in bottom half of high school graduating class </td> <td> 31 </td> <td> </td> </tr> <tr> <td> Percent in bottom quarter of high school graduating class </td> <td> 8 </td> <td> </td> </tr> <tr> <td colspan=""2""> Percent of total first-time, first-year (freshmen) students who submitted high school class <br/> rank: </td> <td> 87 </td> </tr> </table>",226091,../data/cds-docs/2024-2025/226091.pdf,2024-2025
C,11,C11,"Percentage of all enrolled, degree-seeking, first-time, first-year students who had high school","[[{0: 'Score Range', 1: 'Percent\n(Students who\nsubmitted\nscores)', 2: 'Percent\n(Students who\ndid not submit\nscores)', 3: 'Percent (All\nenrolled\nstudents)'}, {0: 'Percent who had GPA of 4.0', 1: '7', 2: '1', 3: '4'}, {0: 'Percent who had GPA of 3.75 and 3.99', 1: '32', 2: '17', 3: '24'}, {0: 'Percent who had GPA between 3.50 and 3.74', 1: '24', 2: '18', 3: '20'}, {0: 'Percent who had GPA between 3.25 and 3.49', 1: '15', 2: '20', 3: '17'}, {0: 'Percent who had GPA between 3.00 and 3.24', 1: '11', 2: '21', 3: '16'}, {0: 'Percent who had GPA between 2.50 and 2.99', 1: '11', 2: '22', 3: '17'}, {0: 'Percent who had GPA between 2.0 and 2.49', 1: '1', 2: '2', 3: '2'}, {0: 'Percent who had GPA between 1.0 and 1.99', 1: '0', 2: '0', 3: '0'}, {0: 'Percent who had GPA below 1.0', 1: '0', 2: '0', 3: '0'}, {0: '', 1: '100%', 2: '100%', 3: '100%'}]]",<table> <tr> <td> Score Range </td> <td> Percent <br/> (Students who <br/> submitted <br/> scores) </td> <td> Percent <br/> (Students who <br/> did not submit <br/> scores) </td> <td> Percent (All <br/> enrolled <br/> students) </td> </tr> <tr> <td> Percent who had GPA of 4.0 </td> <td> 7 </td> <td> 1 </td> <td> 4 </td> </tr> <tr> <td> Percent who had GPA of 3.75 and 3.99 </td> <td> 32 </td> <td> 17 </td> <td> 24 </td> </tr> <tr> <td> Percent who had GPA between 3.50 and 3.74 </td> <td> 24 </td> <td> 18 </td> <td> 20 </td> </tr> <tr> <td> Percent who had GPA between 3.25 and 3.49 </td> <td> 15 </td> <td> 20 </td> <td> 17 </td> </tr> <tr> <td> Percent who had GPA between 3.00 and 3.24 </td> <td> 11 </td> <td> 21 </td> <td> 16 </td> </tr> <tr> <td> Percent who had GPA between 2.50 and 2.99 </td> <td> 11 </td> <td> 22 </td> <td> 17 </td> </tr> <tr> <td> Percent who had GPA between 2.0 and 2.49 </td> <td> 1 </td> <td> 2 </td> <td> 2 </td> </tr> <tr> <td> Percent who had GPA between 1.0 and 1.99 </td> <td> 0 </td> <td> 0 </td> <td> 0 </td> </tr> <tr> <td> Percent who had GPA below 1.0 </td> <td> 0 </td> <td> 0 </td> <td> 0 </td> </tr> <tr> <td> </td> <td> 100% </td> <td> 100% </td> <td> 100% </td> </tr> </table>,226091,../data/cds-docs/2024-2025/226091.pdf,2024-2025
D,2,D2,"Provide the number of students who applied, were admitted, and enrolled as degree-seeking","[[{0: '', 1: 'Applicants', 2: 'Admitted Applicants', 3: 'Enrolled Applicants'}, {0: 'Men', 1: '657', 2: '606', 3: '274'}, {0: 'Women', 1: '1169', 2: '1028', 3: '482'}, {0: 'Another Gender', 1: '', 2: '', 3: ''}, {0: 'Total', 1: '1826', 2: '1634', 3: '756'}]]",<table> <tr> <td> </td> <td> Applicants </td> <td> Admitted Applicants </td> <td> Enrolled Applicants </td> </tr> <tr> <td> Men </td> <td> 657 </td> <td> 606 </td> <td> 274 </td> </tr> <tr> <td> Women </td> <td> 1169 </td> <td> 1028 </td> <td> 482 </td> </tr> <tr> <td> Another Gender </td> <td> </td> <td> </td> <td> </td> </tr> <tr> <td> Total </td> <td> 1826 </td> <td> 1634 </td> <td> 756 </td> </tr> </table>,226091,../data/cds-docs/2024-2025/226091.pdf,2024-2025
D,5,D5,Indicate all items required of transfer students to apply for admission:,"[[{0: '', 1: 'Required of\nAll', 2: 'Recommended\nof All', 3: 'Recommended\nof Some', 4: 'Required of\nSome', 5: 'Required Not'}, {0: 'High school transcript', 1: '', 2: '', 3: '', 4: 'x', 5: ''}, {0: 'College transcript(s)', 1: 'x', 2: '', 3: '', 4: '', 5: ''}, {0: 'Essay or personal statement', 1: '', 2: '', 3: '', 4: '', 5: 'x'}, {0: 'Interview', 1: '', 2: '', 3: '', 4: '', 5: 'x'}, {0: 'Standardized test scores', 1: '', 2: '', 3: '', 4: 'x', 5: ''}, {0: 'Statement of good standing\nfrom prior institution(s)', 1: 'x', 2: '', 3: '', 4: '', 5: ''}]]",<table> <tr> <td> </td> <td> Required of <br/> All </td> <td> Recommended <br/> of All </td> <td> Recommended <br/> of Some </td> <td> Required of <br/> Some </td> <td> Required Not </td> </tr> <tr> <td> High school transcript </td> <td> </td> <td> </td> <td> </td> <td> x </td> <td> </td> </tr> <tr> <td> College transcript(s) </td> <td> x </td> <td> </td> <td> </td> <td> </td> <td> </td> </tr> <tr> <td> Essay or personal statement </td> <td> </td> <td> </td> <td> </td> <td> </td> <td> x </td> </tr> <tr> <td> Interview </td> <td> </td> <td> </td> <td> </td> <td> </td> <td> x </td> </tr> <tr> <td> Standardized test scores </td> <td> </td> <td> </td> <td> </td> <td> x </td> <td> </td> </tr> <tr> <td> Statement of good standing <br/> from prior institution(s) </td> <td> x </td> <td> </td> <td> </td> <td> </td> <td> </td> </tr> </table>,226091,../data/cds-docs/2024-2025/226091.pdf,2024-2025
D,9,D9,"List application priority, closing, notification, and candidate reply dates for transfer students.","[[{0: '', 1: 'Priority Date', 2: 'Closing Date', 3: 'Notification\nDate', 4: 'Reply Date', 5: 'Rolling\nAdmission'}, {0: 'Fall', 1: '', 2: '', 3: '', 4: '', 5: 'x'}, {0: 'Winter', 1: '', 2: '', 3: '', 4: '', 5: ''}, {0: 'Spring', 1: '', 2: '', 3: '', 4: '', 5: 'x'}, {0: 'Summer', 1: '', 2: '', 3: '', 4: '', 5: 'x'}]]",<table> <tr> <td> </td> <td> Priority Date </td> <td> Closing Date </td> <td> Notification <br/> Date </td> <td> Reply Date </td> <td> Rolling <br/> Admission </td> </tr> <tr> <td> Fall </td> <td> </td> <td> </td> <td> </td> <td> </td> <td> x </td> </tr> <tr> <td> Winter </td> <td> </td> <td> </td> <td> </td> <td> </td> <td> </td> </tr> <tr> <td> Spring </td> <td> </td> <td> </td> <td> </td> <td> </td> <td> x </td> </tr> <tr> <td> Summer </td> <td> </td> <td> </td> <td> </td> <td> </td> <td> x </td> </tr> </table>,226091,../data/cds-docs/2024-2025/226091.pdf,2024-2025
D,12,D12,Report the lowest grade earned for any course that may be transferred for credit: 1.00,"[[{0: '', 1: 'Number', 2: 'Unit Type'}, {0: 'Maximum number of credits or courses that may be\ntransferred from a two-year institution:', 1: '66', 2: 'SCH'}, {0: '', 1: 'Number', 2: 'Unit Type'}, {0: 'Maximum number of credits or courses that may be\ntransferred from a four-year institution:', 1: '', 2: ''}]]",<table> <tr> <td> </td> <td> Number </td> <td> Unit Type </td> </tr> <tr> <td> Maximum number of credits or courses that may be <br/> transferred from a two-year institution: </td> <td> 66 </td> <td> SCH </td> </tr> <tr> <td> </td> <td> Number </td> <td> Unit Type </td> </tr> <tr> <td> Maximum number of credits or courses that may be <br/> transferred from a four-year institution: </td> <td> </td> <td> </td> </tr> </table>,226091,../data/cds-docs/2024-2025/226091.pdf,2024-2025
D,18,D18,Does your institution accept the following military/veteran transfer credits:,"[[{0: '', 1: 'Yes', 2: 'No'}, {0: 'American Council on Education (ACE)', 1: 'x', 2: ''}, {0: 'College Level Examination Program (CLEP)', 1: 'x', 2: ''}, {0: 'DANTES Subject Standardized Tests (DSST)', 1: 'x', 2: ''}], [{0: '', 1: 'Number', 2: 'Unit Type'}, {0: 'Maximum number of credits or courses that may be\ntransferred based on military education evaluated by the\nAmerican Council on Education (ACE):', 1: '', 2: ''}, {0: '', 1: 'Number', 2: 'Unit Type'}, {0: 'Maximum number of credits or courses that may be\ntransferred based on Department of Defense supported\nprior learning assessments (College Level Examination\nProgram (CLEP) or DANTES Subject Standardized Tests\n(DSST)):', 1: '', 2: ''}]]","<table> <tr> <td> </td> <td> Yes </td> <td> No </td> </tr> <tr> <td> American Council on Education (ACE) </td> <td> x </td> <td> </td> </tr> <tr> <td> College Level Examination Program (CLEP) </td> <td> x </td> <td> </td> </tr> <tr> <td> DANTES Subject Standardized Tests (DSST) </td> <td> x </td> <td> </td> </tr> </table><div class=""separator""></div><table> <tr> <td> </td> <td> Number </td> <td> Unit Type </td> </tr> <tr> <td> Maximum number of credits or courses that may be <br/> transferred based on military education evaluated by the <br/> American Council on Education (ACE): </td> <td> </td> <td> </td> </tr> <tr> <td> </td> <td> Number </td> <td> Unit Type </td> </tr> <tr> <td> Maximum number of credits or courses that may be <br/> transferred based on Department of Defense supported <br/> prior learning assessments (College Level Examination <br/> Program (CLEP) or DANTES Subject Standardized Tests <br/> (DSST)): </td> <td> </td> <td> </td> </tr> </table>",226091,../data/cds-docs/2024-2025/226091.pdf,2024-2025
F,1,F1,"Percentages of first-time, first-year degree-seeking students and degree-seeking undergraduates enrolled in Fall","[[{0: '', 1: 'First-time, first-year students', 2: 'Undergraduates'}, {0: 'Percent who are from out of state (exclude\ninternational/nonresident from the numerator and\ndenominator)', 1: '4', 2: '2'}, {0: 'Percent of men who join fraternities', 1: '', 2: ''}, {0: 'Percent of women who join sororities', 1: '', 2: ''}, {0: 'Percent who live in college-owned, -operated, or -\naffiliated housing', 1: '48', 2: '25'}, {0: 'Percent who live off campus or commute', 1: '52', 2: '75'}, {0: 'Percent of students age 25 and older', 1: '3', 2: '30'}, {0: 'Average age of full-time students', 1: '19', 2: '23'}, {0: 'Average age of all students (full- and part-time)', 1: '19', 2: '23'}]]","<table> <tr> <td> </td> <td> First-time, first-year students </td> <td> Undergraduates </td> </tr> <tr> <td> Percent who are from out of state (exclude <br/> international/nonresident from the numerator and <br/> denominator) </td> <td> 4 </td> <td> 2 </td> </tr> <tr> <td> Percent of men who join fraternities </td> <td> </td> <td> </td> </tr> <tr> <td> Percent of women who join sororities </td> <td> </td> <td> </td> </tr> <tr> <td> Percent who live in college-owned, -operated, or - <br/> affiliated housing </td> <td> 48 </td> <td> 25 </td> </tr> <tr> <td> Percent who live off campus or commute </td> <td> 52 </td> <td> 75 </td> </tr> <tr> <td> Percent of students age 25 and older </td> <td> 3 </td> <td> 30 </td> </tr> <tr> <td> Average age of full-time students </td> <td> 19 </td> <td> 23 </td> </tr> <tr> <td> Average age of all students (full- and part-time) </td> <td> 19 </td> <td> 23 </td> </tr> </table>",226091,../data/cds-docs/2024-2025/226091.pdf,2024-2025
F,2,F2,Activities offered Identify those programs available at your institution.,"[[{0: 'Campus Ministries', 1: 'x'}, {0: 'Choral groups', 1: 'x'}, {0: 'Concert band', 1: 'x'}, {0: 'Dance', 1: 'x'}, {0: 'Drama/theater', 1: 'x'}, {0: 'International Student\nOrganization', 1: 'x'}, {0: 'Jazz band', 1: 'x'}, {0: 'Literary magazine', 1: 'x'}, {0: 'Marching band', 1: 'x'}, {0: 'Model UN', 1: ''}, {0: 'Music ensembles', 1: 'x'}, {0: 'Musical theater', 1: 'x'}, {0: 'Opera', 1: 'x'}, {0: 'Pep band', 1: 'x'}, {0: 'Radio station', 1: 'x'}, {0: 'Student government', 1: 'x'}, {0: 'Student newspaper', 1: 'x'}, {0: 'Student-run film society', 1: 'x'}, {0: 'Symphony orchestra', 1: 'x'}, {0: 'Television station', 1: 'x'}, {0: 'Yearbook', 1: ''}]]",<table> <tr> <td> Campus Ministries </td> <td> x </td> </tr> <tr> <td> Choral groups </td> <td> x </td> </tr> <tr> <td> Concert band </td> <td> x </td> </tr> <tr> <td> Dance </td> <td> x </td> </tr> <tr> <td> Drama/theater </td> <td> x </td> </tr> <tr> <td> International Student <br/> Organization </td> <td> x </td> </tr> <tr> <td> Jazz band </td> <td> x </td> </tr> <tr> <td> Literary magazine </td> <td> x </td> </tr> <tr> <td> Marching band </td> <td> x </td> </tr> <tr> <td> Model UN </td> <td> </td> </tr> <tr> <td> Music ensembles </td> <td> x </td> </tr> <tr> <td> Musical theater </td> <td> x </td> </tr> <tr> <td> Opera </td> <td> x </td> </tr> <tr> <td> Pep band </td> <td> x </td> </tr> <tr> <td> Radio station </td> <td> x </td> </tr> <tr> <td> Student government </td> <td> x </td> </tr> <tr> <td> Student newspaper </td> <td> x </td> </tr> <tr> <td> Student-run film society </td> <td> x </td> </tr> <tr> <td> Symphony orchestra </td> <td> x </td> </tr> <tr> <td> Television station </td> <td> x </td> </tr> <tr> <td> Yearbook </td> <td> </td> </tr> </table>,226091,../data/cds-docs/2024-2025/226091.pdf,2024-2025
F,3,F3,ROTC (program offered in cooperation with Reserve Officers' Training Corps),"[[{0: '', 1: 'On Campus', 2: 'Marine Option', 3: 'At Cooperating\nInstitution', 4: 'Name of Cooperating\nInstitution'}, {0: 'Army ROTC is offered:', 1: '', 2: '', 3: '', 4: ''}, {0: 'Naval ROTC is offered:', 1: '', 2: '', 3: '', 4: ''}, {0: 'Air Force ROTC is offered:', 1: '', 2: '', 3: 'x', 4: 'University of\nHouston'}]]",<table> <tr> <td> </td> <td> On Campus </td> <td> Marine Option </td> <td> At Cooperating <br/> Institution </td> <td> Name of Cooperating <br/> Institution </td> </tr> <tr> <td> Army ROTC is offered: </td> <td> </td> <td> </td> <td> </td> <td> </td> </tr> <tr> <td> Naval ROTC is offered: </td> <td> </td> <td> </td> <td> </td> <td> </td> </tr> <tr> <td> Air Force ROTC is offered: </td> <td> </td> <td> </td> <td> x </td> <td> University of <br/> Houston </td> </tr> </table>,226091,../data/cds-docs/2024-2025/226091.pdf,2024-2025
F,4,F4,"Housing: Check all types of college-owned, -operated, or -affiliated housing available","[[{0: 'Coed dorms', 1: 'x'}, {0: ""Men's dorms"", 1: 'x'}, {0: ""Women's dorms"", 1: 'x'}, {0: 'Apartments for married students', 1: 'x'}, {0: 'Apartments for single students', 1: 'x'}, {0: 'Special housing for disabled students', 1: 'x'}, {0: 'Special housing for international students', 1: 'x'}, {0: 'Fraternity/sorority housing', 1: ''}, {0: 'Cooperative housing', 1: ''}, {0: 'Theme housing', 1: ''}, {0: 'Wellness housing', 1: 'x'}, {0: 'Living Learning Communities', 1: ''}, {0: 'Other housing options (specify):', 1: 'Other housing options (specify):'}]]","<table> <tr> <td> Coed dorms </td> <td> x </td> </tr> <tr> <td> Men's dorms </td> <td> x </td> </tr> <tr> <td> Women's dorms </td> <td> x </td> </tr> <tr> <td> Apartments for married students </td> <td> x </td> </tr> <tr> <td> Apartments for single students </td> <td> x </td> </tr> <tr> <td> Special housing for disabled students </td> <td> x </td> </tr> <tr> <td> Special housing for international students </td> <td> x </td> </tr> <tr> <td> Fraternity/sorority housing </td> <td> </td> </tr> <tr> <td> Cooperative housing </td> <td> </td> </tr> <tr> <td> Theme housing </td> <td> </td> </tr> <tr> <td> Wellness housing </td> <td> x </td> </tr> <tr> <td> Living Learning Communities </td> <td> </td> </tr> <tr> <td colspan=""2""> Other housing options (specify): </td> </tr> </table>",226091,../data/cds-docs/2024-2025/226091.pdf,2024-2025
G,1,G1,"Undergraduate full-time tuition, required fees, food and housing. List the typical tuition, required fees,","[[{0: '', 1: 'First-Year', 2: 'Undergraduates'}, {0: 'PRIVATE INSTITUTION', 1: '', 2: ''}, {0: 'PRIVATE INSTITUTIONS\nTuition:', 1: '', 2: ''}, {0: 'PUBLIC INSTITUTION', 1: '', 2: ''}, {0: 'Tuition: In-district', 1: '7785', 2: '7785'}, {0: 'Tuition: In-state (out-of-district):', 1: '7785', 2: '7785'}, {0: 'Tuition: Out-of-state:', 1: '20085', 2: '20085'}, {0: 'Tuition: International (Non-resident):', 1: '20085', 2: '20085'}, {0: 'FOR ALL INSITUTIONS', 1: 'FOR ALL INSITUTIONS', 2: 'FOR ALL INSITUTIONS'}, {0: 'REQUIRED FEES:', 1: '3109', 2: '3109'}, {0: 'FOOD AND HOUSING:\n(on-campus)', 1: '10464', 2: '10464'}, {0: 'HOUSING ONLY:\n(on-campus)', 1: '6558', 2: '6558'}, {0: 'FOOD ONLY:\n(on-campus meal plan)', 1: '3906', 2: '3906'}]]","<table> <tr> <td> </td> <td> First-Year </td> <td> Undergraduates </td> </tr> <tr> <td> PRIVATE INSTITUTION </td> <td> </td> <td> </td> </tr> <tr> <td> PRIVATE INSTITUTIONS <br/> Tuition: </td> <td> </td> <td> </td> </tr> <tr> <td> PUBLIC INSTITUTION </td> <td> </td> <td> </td> </tr> <tr> <td> Tuition: In-district </td> <td> 7785 </td> <td> 7785 </td> </tr> <tr> <td> Tuition: In-state (out-of-district): </td> <td> 7785 </td> <td> 7785 </td> </tr> <tr> <td> Tuition: Out-of-state: </td> <td> 20085 </td> <td> 20085 </td> </tr> <tr> <td> Tuition: International (Non-resident): </td> <td> 20085 </td> <td> 20085 </td> </tr> <tr> <td colspan=""3""> FOR ALL INSITUTIONS </td> </tr> <tr> <td> REQUIRED FEES: </td> <td> 3109 </td> <td> 3109 </td> </tr> <tr> <td> FOOD AND HOUSING: <br/> (on-campus) </td> <td> 10464 </td> <td> 10464 </td> </tr> <tr> <td> HOUSING ONLY: <br/> (on-campus) </td> <td> 6558 </td> <td> 6558 </td> </tr> <tr> <td> FOOD ONLY: <br/> (on-campus meal plan) </td> <td> 3906 </td> <td> 3906 </td> </tr> </table>",226091,../data/cds-docs/2024-2025/226091.pdf,2024-2025
G,5,G5,Provide the estimated expenses for a typical full-time undergraduate student:,"[[{0: '', 1: 'Residents', 2: 'Commuters\n(living at home)', 3: 'Commuters\n(not living at home)'}, {0: 'Books and supplies', 1: '1250', 2: '1250', 3: '1250'}, {0: 'Housing only', 1: '', 2: '', 3: ''}, {0: 'Food only', 1: '', 2: '1003', 3: '1948'}, {0: 'Food and housing total (if your\ncollege cannot provide separate food\nand housing figures for commuters\nnot living at home):', 1: '', 2: '', 3: ''}, {0: 'Transportation', 1: '3102', 2: '3102', 3: '3102'}, {0: 'Other expenses', 1: '1988', 2: '1988', 3: '1988'}]]",<table> <tr> <td> </td> <td> Residents </td> <td> Commuters <br/> (living at home) </td> <td> Commuters <br/> (not living at home) </td> </tr> <tr> <td> Books and supplies </td> <td> 1250 </td> <td> 1250 </td> <td> 1250 </td> </tr> <tr> <td> Housing only </td> <td> </td> <td> </td> <td> </td> </tr> <tr> <td> Food only </td> <td> </td> <td> 1003 </td> <td> 1948 </td> </tr> <tr> <td> Food and housing total (if your <br/> college cannot provide separate food <br/> and housing figures for commuters <br/> not living at home): </td> <td> </td> <td> </td> <td> </td> </tr> <tr> <td> Transportation </td> <td> 3102 </td> <td> 3102 </td> <td> 3102 </td> </tr> <tr> <td> Other expenses </td> <td> 1988 </td> <td> 1988 </td> <td> 1988 </td> </tr> </table>,226091,../data/cds-docs/2024-2025/226091.pdf,2024-2025
G,6,G6,Undergraduate per-credit-hour charges (tuition only),"[[{0: 'PRIVATE INSTITUTIONS:', 1: ''}, {0: 'PUBLIC INSTITUTIONS', 1: ''}, {0: 'In-district:', 1: '259'}, {0: 'In-state (out-of-district):', 1: '259'}, {0: 'Out-of-state:', 1: '669'}, {0: 'NONRESIDENTS:', 1: '669'}]]",<table> <tr> <td> PRIVATE INSTITUTIONS: </td> <td> </td> </tr> <tr> <td> PUBLIC INSTITUTIONS </td> <td> </td> </tr> <tr> <td> In-district: </td> <td> 259 </td> </tr> <tr> <td> In-state (out-of-district): </td> <td> 259 </td> </tr> <tr> <td> Out-of-state: </td> <td> 669 </td> </tr> <tr> <td> NONRESIDENTS: </td> <td> 669 </td> </tr> </table>,226091,../data/cds-docs/2024-2025/226091.pdf,2024-2025
H,1,H1,,"[[{0: '', 1: '2023-2024\nFinal', 2: '2024-2025\nEstimated'}, {0: 'Indicate the academic year for which data are reported for items H1,\nH2, H2A, and H6 below:', 1: 'X', 2: ''}], [{0: '', 1: 'Need-based\n(Include non-need-based\naid used to meet need.)', 2: 'Non-need-based\n(Exclude non-need-based aid\nused to meet need.)'}, {0: 'Scholarships/Grants', 1: 'Scholarships/Grants', 2: 'Scholarships/Grants'}, {0: 'Federal', 1: '19347546', 2: '0'}, {0: 'State (i.e., all states, not only the state in which your\ninstitution is located)', 1: '3759008', 2: '0'}, {0: 'Institutional: Endowed scholarships, annual gifts and\ntuition funded grants, awarded by the college, excluding\nathletic aid and tuition waivers (which are reported below).', 1: '11985750', 2: '6409844'}, {0: 'Scholarships/grants from external sources (e.g.,\nKiwanis, National Merit) not awarded by the college', 1: '700703', 2: '690167'}, {0: 'Total Scholarships/Grants', 1: '35793007', 2: '7100011'}, {0: 'Student loans from all sources (excluding parent loans)', 1: '20886584', 2: '3756600'}, {0: 'Federal Work-Study', 1: '330085', 2: 'Not Applicable'}, {0: 'State and other (e.g., institutional) work-study/employment\n(Note: Excludes Federal Work-Study captured above.)', 1: '84624', 2: '0'}, {0: 'Total Self-Help', 1: '21301293', 2: '3756600'}, {0: 'Parent Loans', 1: '1026067', 2: '634316'}, {0: 'Tuition Waivers\nReporting is optional. Report tuition waivers in this row if\nyou choose to report them. Do not report tuition waivers\nelsewhere.', 1: '329794', 2: '75139'}, {0: 'Athletic Awards', 1: '1758891', 2: '2302849'}]]","<table> <tr> <td> </td> <td> 2023-2024 <br/> Final </td> <td> 2024-2025 <br/> Estimated </td> </tr> <tr> <td> Indicate the academic year for which data are reported for items H1, <br/> H2, H2A, and H6 below: </td> <td> X </td> <td> </td> </tr> </table><div class=""separator""></div><table> <tr> <td> </td> <td> Need-based <br/> (Include non-need-based <br/> aid used to meet need.) </td> <td> Non-need-based <br/> (Exclude non-need-based aid <br/> used to meet need.) </td> </tr> <tr> <td colspan=""3""> Scholarships/Grants </td> </tr> <tr> <td> Federal </td> <td> 19347546 </td> <td> 0 </td> </tr> <tr> <td> State (i.e., all states, not only the state in which your <br/> institution is located) </td> <td> 3759008 </td> <td> 0 </td> </tr> <tr> <td> Institutional: Endowed scholarships, annual gifts and <br/> tuition funded grants, awarded by the college, excluding <br/> athletic aid and tuition waivers (which are reported below). </td> <td> 11985750 </td> <td> 6409844 </td> </tr> <tr> <td> Scholarships/grants from external sources (e.g., <br/> Kiwanis, National Merit) not awarded by the college </td> <td> 700703 </td> <td> 690167 </td> </tr> <tr> <td> Total Scholarships/Grants </td> <td> 35793007 </td> <td> 7100011 </td> </tr> <tr> <td> Student loans from all sources (excluding parent loans) </td> <td> 20886584 </td> <td> 3756600 </td> </tr> <tr> <td> Federal Work-Study </td> <td> 330085 </td> <td> Not Applicable </td> </tr> <tr> <td> State and other (e.g., institutional) work-study/employment <br/> (Note: Excludes Federal Work-Study captured above.) </td> <td> 84624 </td> <td> 0 </td> </tr> <tr> <td> Total Self-Help </td> <td> 21301293 </td> <td> 3756600 </td> </tr> <tr> <td> Parent Loans </td> <td> 1026067 </td> <td> 634316 </td> </tr> <tr> <td> Tuition Waivers <br/> Reporting is optional. Report tuition waivers in this row if <br/> you choose to report them. Do not report tuition waivers <br/> elsewhere. </td> <td> 329794 </td> <td> 75139 </td> </tr> <tr> <td> Athletic Awards </td> <td> 1758891 </td> <td> 2302849 </td> </tr> </table>",226091,../data/cds-docs/2024-2025/226091.pdf,2024-2025
H,2,H2,Number of Enrolled Students Awarded Aid: List the number of degree-seeking full-time and less-than-full-,"[[{0: '', 1: 'First-time\nFull-time\nFirst-year', 2: 'Full-time\nUndergraduate\n(Incl. Fresh.)', 3: 'Less Than\nFull-time\nUndergraduate'}, {0: 'a) Number of degree-seeking undergraduate students\n(CDS Item B1 if reporting on Fall 2022 cohort)', 1: '1463', 2: '6008', 3: '1941'}, {0: 'b) Number of students in line a who applied for need\ufffe\nbased financial aid', 1: '1351', 2: '4824', 3: '1221'}, {0: 'c) Number of students in line b who were determined to\nhave financial need', 1: '1067', 2: '4084', 3: '1016'}, {0: 'd) Number of students in line c who were awarded any\nfinancial aid', 1: '1057', 2: '3968', 3: '919'}, {0: 'e) Number of students in line d who were awarded any\nneed-based scholarship or grant aid', 1: '1052', 2: '3747', 3: '787'}, {0: 'f) Number of students in line d who were awarded any\nneed-based self-help aid', 1: '540', 2: '2340', 3: '535'}, {0: 'g) Number of students in line d who were awarded any\nnon-need-based scholarship or grant aid', 1: '72', 2: '185', 3: '5'}, {0: 'h) Number of students in line d whose need was fully met\n(exclude PLUS loans, unsubsidized loans, and private\nalternative loans)', 1: '63', 2: '208', 3: '14'}, {0: 'On average, the percentage of need that was met of\nstudents who were awarded any need-based aid.\nExclude any aid that was awarded in excess of need\ni)\nas well as any resources that were awarded to replace\nEFC (PLUS loans, unsubsidized loans, and private\nalternative loans)', 1: '52%', 2: '47%', 3: '30%'}, {0: 'The average financial aid package of those in line d.\nExclude any resources that were awarded to replace\nj)\nEFC (PLUS loans, unsubsidized loans, and private\nalternative loans)', 1: '12294', 2: '11015', 3: '5489'}, {0: 'k) Average need-based scholarship and grant award of\nthose in line e', 1: '10540', 2: '8951', 3: '4060'}, {0: 'l) Average need-based self-help award (excluding PLUS\nloans, unsubsidized loans, and private alternative\nloans) of those in line f', 1: '2986', 2: '3877', 3: '3379'}, {0: 'm) Average need-based loan (excluding PLUS loans,\nunsubsidized loans, and private alternative loans) of\nthose in line f who were awarded a need-based loan', 1: '2943', 2: '3824', 3: '3367'}], [{0: '', 1: 'Full-time\nFirst-time\nFirst-Year', 2: 'Full-time\nUndergrad\n(Incl. Fresh.)', 3: 'Less Than\nFull-time\nUndergrad'}, {0: 'n) Number of students in line a who had no financial need\nand who were awarded institutional non-need-based\nscholarship or grant aid (exclude those who were\nawarded athletic awards and tuition benefits)', 1: '238', 2: '778', 3: '98'}, {0: 'o) Average dollar amount of institutional non-need-based\nscholarship and grant aid awarded to students in line n', 1: '5731', 2: '7172', 3: '3300'}, {0: 'p) Number of students in line a who were awarded an\ninstitutional non-need-based athletic scholarship or\ngrant', 1: '43', 2: '169', 3: '5'}, {0: 'q) Average dollar amount of institutional non-need-based\nathletic scholarships and grants awarded to students in\nline p', 1: '12409', 2: '15868', 3: '8517'}]]","<table> <tr> <td> </td> <td> First-time <br/> Full-time <br/> First-year </td> <td> Full-time <br/> Undergraduate <br/> (Incl. Fresh.) </td> <td> Less Than <br/> Full-time <br/> Undergraduate </td> </tr> <tr> <td> a) Number of degree-seeking undergraduate students <br/> (CDS Item B1 if reporting on Fall 2022 cohort) </td> <td> 1463 </td> <td> 6008 </td> <td> 1941 </td> </tr> <tr> <td> b) Number of students in line a who applied for need￾ <br/> based financial aid </td> <td> 1351 </td> <td> 4824 </td> <td> 1221 </td> </tr> <tr> <td> c) Number of students in line b who were determined to <br/> have financial need </td> <td> 1067 </td> <td> 4084 </td> <td> 1016 </td> </tr> <tr> <td> d) Number of students in line c who were awarded any <br/> financial aid </td> <td> 1057 </td> <td> 3968 </td> <td> 919 </td> </tr> <tr> <td> e) Number of students in line d who were awarded any <br/> need-based scholarship or grant aid </td> <td> 1052 </td> <td> 3747 </td> <td> 787 </td> </tr> <tr> <td> f) Number of students in line d who were awarded any <br/> need-based self-help aid </td> <td> 540 </td> <td> 2340 </td> <td> 535 </td> </tr> <tr> <td> g) Number of students in line d who were awarded any <br/> non-need-based scholarship or grant aid </td> <td> 72 </td> <td> 185 </td> <td> 5 </td> </tr> <tr> <td> h) Number of students in line d whose need was fully met <br/> (exclude PLUS loans, unsubsidized loans, and private <br/> alternative loans) </td> <td> 63 </td> <td> 208 </td> <td> 14 </td> </tr> <tr> <td> On average, the percentage of need that was met of <br/> students who were awarded any need-based aid. <br/> Exclude any aid that was awarded in excess of need <br/> i) <br/> as well as any resources that were awarded to replace <br/> EFC (PLUS loans, unsubsidized loans, and private <br/> alternative loans) </td> <td> 52% </td> <td> 47% </td> <td> 30% </td> </tr> <tr> <td> The average financial aid package of those in line d. <br/> Exclude any resources that were awarded to replace <br/> j) <br/> EFC (PLUS loans, unsubsidized loans, and private <br/> alternative loans) </td> <td> 12294 </td> <td> 11015 </td> <td> 5489 </td> </tr> <tr> <td> k) Average need-based scholarship and grant award of <br/> those in line e </td> <td> 10540 </td> <td> 8951 </td> <td> 4060 </td> </tr> <tr> <td> l) Average need-based self-help award (excluding PLUS <br/> loans, unsubsidized loans, and private alternative <br/> loans) of those in line f </td> <td> 2986 </td> <td> 3877 </td> <td> 3379 </td> </tr> <tr> <td> m) Average need-based loan (excluding PLUS loans, <br/> unsubsidized loans, and private alternative loans) of <br/> those in line f who were awarded a need-based loan </td> <td> 2943 </td> <td> 3824 </td> <td> 3367 </td> </tr> </table><div class=""separator""></div><table> <tr> <td> </td> <td> Full-time <br/> First-time <br/> First-Year </td> <td> Full-time <br/> Undergrad <br/> (Incl. Fresh.) </td> <td> Less Than <br/> Full-time <br/> Undergrad </td> </tr> <tr> <td> n) Number of students in line a who had no financial need <br/> and who were awarded institutional non-need-based <br/> scholarship or grant aid (exclude those who were <br/> awarded athletic awards and tuition benefits) </td> <td> 238 </td> <td> 778 </td> <td> 98 </td> </tr> <tr> <td> o) Average dollar amount of institutional non-need-based <br/> scholarship and grant aid awarded to students in line n </td> <td> 5731 </td> <td> 7172 </td> <td> 3300 </td> </tr> <tr> <td> p) Number of students in line a who were awarded an <br/> institutional non-need-based athletic scholarship or <br/> grant </td> <td> 43 </td> <td> 169 </td> <td> 5 </td> </tr> <tr> <td> q) Average dollar amount of institutional non-need-based <br/> athletic scholarships and grants awarded to students in <br/> line p </td> <td> 12409 </td> <td> 15868 </td> <td> 8517 </td> </tr> </table>",226091,../data/cds-docs/2024-2025/226091.pdf,2024-2025
H,5,H5,"Number and percent of students in class (defined in H4 above) borrowing from federal, non-federal,","[[{0: 'Source/Type of Loan', 1: 'Number in the\nclass (defined\nin H4 above)\nwho borrowed\nfrom the types\nof loans\nspecified in the\nfirst column', 2: 'Percent of the\nclass (defined\nabove) who\nborrowed from\nthe types of\nloans specified\nin the first\ncolumn\n(nearest 1%)', 3: 'Average per\ufffe\nundergraduate\ufffe\nborrower cumulative\nprincipal borrowed\nfrom the types of loans\nspecified in the first\ncolumn\n(nearest $1)'}, {0: 'a) Any loan program: Federal Perkins, Federal\nStafford Subsidized and Unsubsidized,\ninstitutional, state, private loans that your\ninstitution is aware of, etc. Include both Federal\nDirect Student Loans and Federal Family\nEducation Loans.', 1: '379', 2: '55%', 3: '26605'}, {0: 'b) Federal loan programs: Federal Perkins,\nFederal Stafford Subsidized and Unsubsidized.\nInclude both Federal Direct Student Loans and\nFederal Family Education Loans.', 1: '371', 2: '54%', 3: '23707'}, {0: 'c) Institutional loan programs.', 1: '0', 2: '0', 3: '0'}, {0: 'd) State loan programs.', 1: '4', 2: '1%', 3: '43338'}, {0: 'e) Private student loans made by a bank or\nlender.', 1: '45', 2: '7%', 3: '24596'}]]","<table> <tr> <td> Source/Type of Loan </td> <td> Number in the <br/> class (defined <br/> in H4 above) <br/> who borrowed <br/> from the types <br/> of loans <br/> specified in the <br/> first column </td> <td> Percent of the <br/> class (defined <br/> above) who <br/> borrowed from <br/> the types of <br/> loans specified <br/> in the first <br/> column <br/> (nearest 1%) </td> <td> Average per￾ <br/> undergraduate￾ <br/> borrower cumulative <br/> principal borrowed <br/> from the types of loans <br/> specified in the first <br/> column <br/> (nearest $1) </td> </tr> <tr> <td> a) Any loan program: Federal Perkins, Federal <br/> Stafford Subsidized and Unsubsidized, <br/> institutional, state, private loans that your <br/> institution is aware of, etc. Include both Federal <br/> Direct Student Loans and Federal Family <br/> Education Loans. </td> <td> 379 </td> <td> 55% </td> <td> 26605 </td> </tr> <tr> <td> b) Federal loan programs: Federal Perkins, <br/> Federal Stafford Subsidized and Unsubsidized. <br/> Include both Federal Direct Student Loans and <br/> Federal Family Education Loans. </td> <td> 371 </td> <td> 54% </td> <td> 23707 </td> </tr> <tr> <td> c) Institutional loan programs. </td> <td> 0 </td> <td> 0 </td> <td> 0 </td> </tr> <tr> <td> d) State loan programs. </td> <td> 4 </td> <td> 1% </td> <td> 43338 </td> </tr> <tr> <td> e) Private student loans made by a bank or <br/> lender. </td> <td> 45 </td> <td> 7% </td> <td> 24596 </td> </tr> </table>",226091,../data/cds-docs/2024-2025/226091.pdf,2024-2025
H,6,H6,Indicate your institution’s policy regarding institutional scholarship and grant aid for undergraduate,"[[{0: 'Institutional need-based scholarship or grant aid is available', 1: 'x'}, {0: 'Institutional non-need-based scholarship or grant aid is available', 1: 'x'}, {0: 'Institutional scholarship or grant aid is not available', 1: ''}]]",<table> <tr> <td> Institutional need-based scholarship or grant aid is available </td> <td> x </td> </tr> <tr> <td> Institutional non-need-based scholarship or grant aid is available </td> <td> x </td> </tr> <tr> <td> Institutional scholarship or grant aid is not available </td> <td> </td> </tr> </table>,226091,../data/cds-docs/2024-2025/226091.pdf,2024-2025
H,7,H7,Check off all financial aid forms nonresidents first-year financial aid applicants must submit:,"[[{0: 'Institution’s own financial aid form', 1: 'x'}, {0: 'CSS Profile', 1: ''}, {0: 'Other (specify):', 1: ''}]]",<table> <tr> <td> Institution’s own financial aid form </td> <td> x </td> </tr> <tr> <td> CSS Profile </td> <td> </td> </tr> <tr> <td> Other (specify): </td> <td> </td> </tr> </table>,226091,../data/cds-docs/2024-2025/226091.pdf,2024-2025
H,8,H8,Check off all financial aid forms domestic first-year financial aid applicants must submit:,"[[{0: 'FAFSA', 1: 'x'}, {0: ""Institution's own financial aid form"", 1: 'x'}, {0: 'CSS Profile', 1: ''}, {0: 'State aid form', 1: ''}, {0: 'Noncustodial Profile', 1: ''}, {0: 'Business/Farm Supplement', 1: ''}, {0: 'Other (specify):', 1: ''}]]",<table> <tr> <td> FAFSA </td> <td> x </td> </tr> <tr> <td> Institution's own financial aid form </td> <td> x </td> </tr> <tr> <td> CSS Profile </td> <td> </td> </tr> <tr> <td> State aid form </td> <td> </td> </tr> <tr> <td> Noncustodial Profile </td> <td> </td> </tr> <tr> <td> Business/Farm Supplement </td> <td> </td> </tr> <tr> <td> Other (specify): </td> <td> </td> </tr> </table>,226091,../data/cds-docs/2024-2025/226091.pdf,2024-2025
H,9,H9,Indicate filing dates for first-year students:,"[[{0: 'Priority date for filing required financial aid forms:', 1: ''}, {0: 'Deadline for filing required financial aid forms:', 1: ''}, {0: 'No deadline for filing required forms (applications processed on a rolling\nbasis):', 1: 'x'}]]",<table> <tr> <td> Priority date for filing required financial aid forms: </td> <td> </td> </tr> <tr> <td> Deadline for filing required financial aid forms: </td> <td> </td> </tr> <tr> <td> No deadline for filing required forms (applications processed on a rolling <br/> basis): </td> <td> x </td> </tr> </table>,226091,../data/cds-docs/2024-2025/226091.pdf,2024-2025
H,10,H10,Indicate notification dates for first-year students (answer a or b):,"[[{0: 'a) Students notified on or about (date):', 1: 'a) Students notified on or about (date):', 2: 'a) Students notified on or about (date):', 3: ''}, {0: '', 1: '', 2: 'Yes', 3: 'No'}, {0: 'b)', 1: 'Students notified on a rolling basis:', 2: 'x', 3: ''}, {0: 'b)', 1: 'If yes, starting date:', 2: '', 3: ''}]]","<table> <tr> <td colspan=""3""> a) Students notified on or about (date): </td> <td> </td> </tr> <tr> <td colspan=""2""> </td> <td> Yes </td> <td> No </td> </tr> <tr> <td rowspan=""2""> b) </td> <td> Students notified on a rolling basis: </td> <td> x </td> <td> </td> </tr> <tr> <td> If yes, starting date: </td> <td> </td> <td> </td> </tr> </table>",226091,../data/cds-docs/2024-2025/226091.pdf,2024-2025
H,12,H12,Loans,"[[{0: 'Federal Direct Subsidized Loans', 1: 'x'}, {0: 'Federal Direct Unsubsidized Loans', 1: 'x'}, {0: 'Federal Direct PLUS Loans', 1: 'x'}], [{0: 'Federal Nursing Loans', 1: ''}, {0: 'State Loans', 1: 'x'}, {0: 'College/university loans from institutional funds', 1: 'x'}, {0: 'Other (specify):', 1: ''}]]","<table> <tr> <td> Federal Direct Subsidized Loans </td> <td> x </td> </tr> <tr> <td> Federal Direct Unsubsidized Loans </td> <td> x </td> </tr> <tr> <td> Federal Direct PLUS Loans </td> <td> x </td> </tr> </table><div class=""separator""></div><table> <tr> <td> Federal Nursing Loans </td> <td> </td> </tr> <tr> <td> State Loans </td> <td> x </td> </tr> <tr> <td> College/university loans from institutional funds </td> <td> x </td> </tr> <tr> <td> Other (specify): </td> <td> </td> </tr> </table>",226091,../data/cds-docs/2024-2025/226091.pdf,2024-2025
H,13,H13,Scholarships and Grants NEED-BASED:,"[[{0: 'Federal Pell', 1: 'x'}, {0: 'Federal SEOG', 1: 'x'}, {0: 'State scholarships/grants', 1: 'x'}, {0: 'Private scholarships', 1: 'x'}, {0: 'College/university scholarship or grant aid from institutional funds', 1: 'x'}, {0: 'United Negro College Fund', 1: ''}, {0: 'Federal Nursing Scholarship', 1: ''}, {0: 'Other (specify):', 1: ''}]]",<table> <tr> <td> Federal Pell </td> <td> x </td> </tr> <tr> <td> Federal SEOG </td> <td> x </td> </tr> <tr> <td> State scholarships/grants </td> <td> x </td> </tr> <tr> <td> Private scholarships </td> <td> x </td> </tr> <tr> <td> College/university scholarship or grant aid from institutional funds </td> <td> x </td> </tr> <tr> <td> United Negro College Fund </td> <td> </td> </tr> <tr> <td> Federal Nursing Scholarship </td> <td> </td> </tr> <tr> <td> Other (specify): </td> <td> </td> </tr> </table>,226091,../data/cds-docs/2024-2025/226091.pdf,2024-2025
H,14,H14,Check off criteria used in awarding institutional aid. Check all that apply.,"[[{0: '', 1: 'Non-Need\nBased', 2: 'Need-Based'}, {0: 'Academics', 1: 'x', 2: ''}, {0: 'Alumni affiliation', 1: '', 2: ''}, {0: 'Art', 1: '', 2: ''}, {0: 'Athletics', 1: 'x', 2: ''}, {0: 'Job skills', 1: '', 2: ''}, {0: 'ROTC', 1: '', 2: ''}, {0: 'Leadership', 1: '', 2: ''}, {0: 'Music/drama', 1: '', 2: ''}, {0: 'Religious affiliation', 1: '', 2: ''}, {0: 'State/district residency', 1: '', 2: ''}]]",<table> <tr> <td> </td> <td> Non-Need <br/> Based </td> <td> Need-Based </td> </tr> <tr> <td> Academics </td> <td> x </td> <td> </td> </tr> <tr> <td> Alumni affiliation </td> <td> </td> <td> </td> </tr> <tr> <td> Art </td> <td> </td> <td> </td> </tr> <tr> <td> Athletics </td> <td> x </td> <td> </td> </tr> <tr> <td> Job skills </td> <td> </td> <td> </td> </tr> <tr> <td> ROTC </td> <td> </td> <td> </td> </tr> <tr> <td> Leadership </td> <td> </td> <td> </td> </tr> <tr> <td> Music/drama </td> <td> </td> <td> </td> </tr> <tr> <td> Religious affiliation </td> <td> </td> <td> </td> </tr> <tr> <td> State/district residency </td> <td> </td> <td> </td> </tr> </table>,226091,../data/cds-docs/2024-2025/226091.pdf,2024-2025
I,1,I1,Please report the number of instructional faculty members in each category for Fall 2024. Include faculty,"[[{0: '', 1: 'Full-time', 2: 'Part-time'}, {0: '(a) instructional faculty in preclinical and clinical medicine, faculty who are not paid\n(e.g., those who donate their services or are in the military), or research-only faculty,\npost-doctoral fellows, or pre-doctoral fellows', 1: 'Exclude', 2: 'Include only if they\nteach one or more\nnon-clinical credit\ncourses'}, {0: '(b) administrative officers with titles such as dean of students, librarian, registrar,\ncoach, and the like, even though they may devote part of their time to classroom\ninstruction and may have faculty status', 1: 'Exclude', 2: 'Include if they teach\none or more non\ufffe\nclinical credit\ncourses'}, {0: '(c) other administrators/staff who teach one or more non-clinical credit courses even\nthough they do not have faculty status', 1: 'Exclude', 2: 'Include'}, {0: '(d) undergraduate or graduate students who assist in the instruction of courses, but\nhave titles such as teaching assistant, teaching fellow, and the like', 1: 'Exclude', 2: 'Exclude'}, {0: '(e) faculty on sabbatical or leave with pay', 1: 'Include', 2: 'Exclude'}, {0: '(f) faculty on leave without pay', 1: 'Exclude', 2: 'Exclude'}, {0: '(g) replacement faculty for faculty on sabbatical leave or leave with pay', 1: 'Exclude', 2: 'Include'}], [{0: '', 1: 'Full-Time', 2: 'Part-Time', 3: 'Total'}, {0: 'a) Total number of instructional faculty', 1: '466', 2: '107', 3: '573'}, {0: 'b) Total number who are members of minority groups', 1: '126', 2: '28', 3: '154'}, {0: 'c) Total number who are women', 1: '236', 2: '72', 3: '308'}, {0: 'd) Total number who are men', 1: '230', 2: '35', 3: '265'}, {0: 'e) Total number who are nonresident (international)', 1: '32', 2: '0', 3: '32'}, {0: 'f) Total number with doctorate, or other terminal degree', 1: '304', 2: '53', 3: '357'}, {0: ""g) Total number whose highest degree is a master's but not a terminal\nmaster's"", 1: '143', 2: '47', 3: '190'}, {0: ""h) Total number whose highest degree is a bachelor's"", 1: '19', 2: '7', 3: '26'}, {0: 'i) Total number whose highest degree is unknown or other\n(Note: Items f, g, h, and i must sum up to item a.)', 1: '0', 2: '0', 3: '0'}, {0: 'j) Total number in stand-alone graduate/ professional programs in which\nfaculty teach virtually only graduate-level students', 1: '0', 2: '0', 3: '0'}]]","<table> <tr> <td> </td> <td> Full-time </td> <td> Part-time </td> </tr> <tr> <td> (a) instructional faculty in preclinical and clinical medicine, faculty who are not paid <br/> (e.g., those who donate their services or are in the military), or research-only faculty, <br/> post-doctoral fellows, or pre-doctoral fellows </td> <td> Exclude </td> <td> Include only if they <br/> teach one or more <br/> non-clinical credit <br/> courses </td> </tr> <tr> <td> (b) administrative officers with titles such as dean of students, librarian, registrar, <br/> coach, and the like, even though they may devote part of their time to classroom <br/> instruction and may have faculty status </td> <td> Exclude </td> <td> Include if they teach <br/> one or more non￾ <br/> clinical credit <br/> courses </td> </tr> <tr> <td> (c) other administrators/staff who teach one or more non-clinical credit courses even <br/> though they do not have faculty status </td> <td> Exclude </td> <td> Include </td> </tr> <tr> <td> (d) undergraduate or graduate students who assist in the instruction of courses, but <br/> have titles such as teaching assistant, teaching fellow, and the like </td> <td> Exclude </td> <td> Exclude </td> </tr> <tr> <td> (e) faculty on sabbatical or leave with pay </td> <td> Include </td> <td> Exclude </td> </tr> <tr> <td> (f) faculty on leave without pay </td> <td> Exclude </td> <td> Exclude </td> </tr> <tr> <td> (g) replacement faculty for faculty on sabbatical leave or leave with pay </td> <td> Exclude </td> <td> Include </td> </tr> </table><div class=""separator""></div><table> <tr> <td> </td> <td> Full-Time </td> <td> Part-Time </td> <td> Total </td> </tr> <tr> <td> a) Total number of instructional faculty </td> <td> 466 </td> <td> 107 </td> <td> 573 </td> </tr> <tr> <td> b) Total number who are members of minority groups </td> <td> 126 </td> <td> 28 </td> <td> 154 </td> </tr> <tr> <td> c) Total number who are women </td> <td> 236 </td> <td> 72 </td> <td> 308 </td> </tr> <tr> <td> d) Total number who are men </td> <td> 230 </td> <td> 35 </td> <td> 265 </td> </tr> <tr> <td> e) Total number who are nonresident (international) </td> <td> 32 </td> <td> 0 </td> <td> 32 </td> </tr> <tr> <td> f) Total number with doctorate, or other terminal degree </td> <td> 304 </td> <td> 53 </td> <td> 357 </td> </tr> <tr> <td> g) Total number whose highest degree is a master's but not a terminal <br/> master's </td> <td> 143 </td> <td> 47 </td> <td> 190 </td> </tr> <tr> <td> h) Total number whose highest degree is a bachelor's </td> <td> 19 </td> <td> 7 </td> <td> 26 </td> </tr> <tr> <td> i) Total number whose highest degree is unknown or other <br/> (Note: Items f, g, h, and i must sum up to item a.) </td> <td> 0 </td> <td> 0 </td> <td> 0 </td> </tr> <tr> <td> j) Total number in stand-alone graduate/ professional programs in which <br/> faculty teach virtually only graduate-level students </td> <td> 0 </td> <td> 0 </td> <td> 0 </td> </tr> </table>",226091,../data/cds-docs/2024-2025/226091.pdf,2024-2025
I,3,I3,Undergraduate Class Size,"[[{0: 'CLASS\nSECTIONS', 1: '2-9', 2: '10-19', 3: '20-29', 4: '30-39', 5: '40-49', 6: '50-99', 7: '100+', 8: 'Total'}, {0: 'CLASS\nSECTIONS', 1: '141', 2: '216', 3: '229', 4: '127', 5: '99', 6: '147', 7: '31', 8: '990'}], [{0: 'CLASS\nSUB\ufffe\nSECTIONS', 1: '2-9', 2: '10-19', 3: '20-29', 4: '30-39', 5: '40-49', 6: '50-99', 7: '100+', 8: 'Total'}, {0: 'CLASS\nSUB\ufffe\nSECTIONS', 1: '38', 2: '43', 3: '92', 4: '15', 5: '8', 6: '12', 7: '0', 8: '208'}]]","<table> <tr> <td rowspan=""2""> CLASS <br/> SECTIONS </td> <td> 2-9 </td> <td> 10-19 </td> <td> 20-29 </td> <td> 30-39 </td> <td> 40-49 </td> <td> 50-99 </td> <td> 100+ </td> <td> Total </td> </tr> <tr> <td> 141 </td> <td> 216 </td> <td> 229 </td> <td> 127 </td> <td> 99 </td> <td> 147 </td> <td> 31 </td> <td> 990 </td> </tr> </table><div class=""separator""></div><table> <tr> <td rowspan=""2""> CLASS <br/> SUB￾ <br/> SECTIONS </td> <td> 2-9 </td> <td> 10-19 </td> <td> 20-29 </td> <td> 30-39 </td> <td> 40-49 </td> <td> 50-99 </td> <td> 100+ </td> <td> Total </td> </tr> <tr> <td> 38 </td> <td> 43 </td> <td> 92 </td> <td> 15 </td> <td> 8 </td> <td> 12 </td> <td> 0 </td> <td> 208 </td> </tr> </table>",226091,../data/cds-docs/2024-2025/226091.pdf,2024-2025
J,1,J1,"Degrees conferred between July 1, 2023 and June 30, 2024","[[{0: 'Category', 1: 'Diploma/\nCertificates', 2: 'Associate', 3: 'Bachelor’s', 4: 'CIP 2010 Categories to Include'}, {0: 'Agriculture', 1: '', 2: '', 3: '', 4: '1'}, {0: 'Natural resources and conservation', 1: '', 2: '', 3: '', 4: '3'}, {0: 'Architecture', 1: '', 2: '', 3: '', 4: '4'}, {0: 'Area, ethnic, and gender studies', 1: '', 2: '', 3: '', 4: '5'}, {0: 'Communication/journalism', 1: '', 2: '', 3: '3', 4: '9'}, {0: 'Communication technologies', 1: '', 2: '', 3: '', 4: '10'}, {0: 'Computer and information sciences', 1: '', 2: '', 3: '2', 4: '11'}, {0: 'Personal and culinary services', 1: '', 2: '', 3: '', 4: '12'}, {0: 'Education', 1: '', 2: '', 3: '', 4: '13'}, {0: 'Engineering', 1: '', 2: '', 3: '10', 4: '14'}, {0: 'Engineering technologies', 1: '', 2: '', 3: '3', 4: '15'}, {0: 'Foreign languages, literatures, and linguistics', 1: '', 2: '', 3: '1', 4: '16'}, {0: 'Family and consumer sciences', 1: '', 2: '', 3: '2', 4: '19'}, {0: 'Law/legal studies', 1: '', 2: '', 3: '', 4: '22'}, {0: 'English', 1: '', 2: '', 3: '1', 4: '23'}, {0: 'Liberal arts/general studies', 1: '', 2: '', 3: '1', 4: '24'}, {0: 'Library science', 1: '', 2: '', 3: '', 4: '25'}, {0: 'Biological/life sciences', 1: '', 2: '', 3: '2', 4: '26'}, {0: 'Mathematics and statistics', 1: '', 2: '', 3: '1', 4: '27'}, {0: 'Military science and military technologies', 1: '', 2: '', 3: '', 4: '28 & 29'}, {0: 'Interdisciplinary studies', 1: '', 2: '', 3: '25', 4: '30'}, {0: 'Parks and recreation', 1: '', 2: '', 3: '3', 4: '31'}, {0: 'Philosophy and religious studies', 1: '', 2: '', 3: '', 4: '38'}, {0: 'Theology and religious vocations', 1: '', 2: '', 3: '', 4: '39'}, {0: 'Physical sciences', 1: '', 2: '', 3: '1', 4: '40'}, {0: 'Science technologies', 1: '', 2: '', 3: '', 4: '41'}, {0: 'Psychology', 1: '', 2: '', 3: '2', 4: '42'}, {0: 'Homeland Security, law enforcement,\nfirefighting, and protective services', 1: '', 2: '', 3: '5', 4: '43'}, {0: 'Public administration and social services', 1: '', 2: '', 3: '2', 4: '44'}, {0: 'Social sciences', 1: '', 2: '', 3: '3', 4: '45'}, {0: 'Construction trades', 1: '', 2: '', 3: '', 4: '46'}, {0: 'Mechanic and repair technologies', 1: '', 2: '', 3: '', 4: '47'}, {0: 'Precision production', 1: '', 2: '', 3: '', 4: '48'}, {0: 'Transportation and materials moving', 1: '', 2: '', 3: '', 4: '49'}, {0: 'Visual and performing arts', 1: '', 2: '', 3: '3', 4: '50'}, {0: 'Health professions and related programs', 1: '', 2: '', 3: '12', 4: '51'}, {0: 'Business/marketing', 1: '', 2: '', 3: '17', 4: '52'}, {0: 'History', 1: '', 2: '', 3: '1', 4: '54'}, {0: 'Other', 1: '', 2: '', 3: '', 4: ''}, {0: 'TOTAL (should = 100%)', 1: '', 2: '', 3: '100%', 4: ''}]]","<table> <tr> <td> Category </td> <td> Diploma/ <br/> Certificates </td> <td> Associate </td> <td> Bachelor’s </td> <td> CIP 2010 Categories to Include </td> </tr> <tr> <td> Agriculture </td> <td> </td> <td> </td> <td> </td> <td> 1 </td> </tr> <tr> <td> Natural resources and conservation </td> <td> </td> <td> </td> <td> </td> <td> 3 </td> </tr> <tr> <td> Architecture </td> <td> </td> <td> </td> <td> </td> <td> 4 </td> </tr> <tr> <td> Area, ethnic, and gender studies </td> <td> </td> <td> </td> <td> </td> <td> 5 </td> </tr> <tr> <td> Communication/journalism </td> <td> </td> <td> </td> <td> 3 </td> <td> 9 </td> </tr> <tr> <td> Communication technologies </td> <td> </td> <td> </td> <td> </td> <td> 10 </td> </tr> <tr> <td> Computer and information sciences </td> <td> </td> <td> </td> <td> 2 </td> <td> 11 </td> </tr> <tr> <td> Personal and culinary services </td> <td> </td> <td> </td> <td> </td> <td> 12 </td> </tr> <tr> <td> Education </td> <td> </td> <td> </td> <td> </td> <td> 13 </td> </tr> <tr> <td> Engineering </td> <td> </td> <td> </td> <td> 10 </td> <td> 14 </td> </tr> <tr> <td> Engineering technologies </td> <td> </td> <td> </td> <td> 3 </td> <td> 15 </td> </tr> <tr> <td> Foreign languages, literatures, and linguistics </td> <td> </td> <td> </td> <td> 1 </td> <td> 16 </td> </tr> <tr> <td> Family and consumer sciences </td> <td> </td> <td> </td> <td> 2 </td> <td> 19 </td> </tr> <tr> <td> Law/legal studies </td> <td> </td> <td> </td> <td> </td> <td> 22 </td> </tr> <tr> <td> English </td> <td> </td> <td> </td> <td> 1 </td> <td> 23 </td> </tr> <tr> <td> Liberal arts/general studies </td> <td> </td> <td> </td> <td> 1 </td> <td> 24 </td> </tr> <tr> <td> Library science </td> <td> </td> <td> </td> <td> </td> <td> 25 </td> </tr> <tr> <td> Biological/life sciences </td> <td> </td> <td> </td> <td> 2 </td> <td> 26 </td> </tr> <tr> <td> Mathematics and statistics </td> <td> </td> <td> </td> <td> 1 </td> <td> 27 </td> </tr> <tr> <td> Military science and military technologies </td> <td> </td> <td> </td> <td> </td> <td> 28 &amp; 29 </td> </tr> <tr> <td> Interdisciplinary studies </td> <td> </td> <td> </td> <td> 25 </td> <td> 30 </td> </tr> <tr> <td> Parks and recreation </td> <td> </td> <td> </td> <td> 3 </td> <td> 31 </td> </tr> <tr> <td> Philosophy and religious studies </td> <td> </td> <td> </td> <td> </td> <td> 38 </td> </tr> <tr> <td> Theology and religious vocations </td> <td> </td> <td> </td> <td> </td> <td> 39 </td> </tr> <tr> <td> Physical sciences </td> <td> </td> <td> </td> <td> 1 </td> <td> 40 </td> </tr> <tr> <td> Science technologies </td> <td> </td> <td> </td> <td> </td> <td> 41 </td> </tr> <tr> <td> Psychology </td> <td> </td> <td> </td> <td> 2 </td> <td> 42 </td> </tr> <tr> <td> Homeland Security, law enforcement, <br/> firefighting, and protective services </td> <td> </td> <td> </td> <td> 5 </td> <td> 43 </td> </tr> <tr> <td> Public administration and social services </td> <td> </td> <td> </td> <td> 2 </td> <td> 44 </td> </tr> <tr> <td> Social sciences </td> <td> </td> <td> </td> <td> 3 </td> <td> 45 </td> </tr> <tr> <td> Construction trades </td> <td> </td> <td> </td> <td> </td> <td> 46 </td> </tr> <tr> <td> Mechanic and repair technologies </td> <td> </td> <td> </td> <td> </td> <td> 47 </td> </tr> <tr> <td> Precision production </td> <td> </td> <td> </td> <td> </td> <td> 48 </td> </tr> <tr> <td> Transportation and materials moving </td> <td> </td> <td> </td> <td> </td> <td> 49 </td> </tr> <tr> <td> Visual and performing arts </td> <td> </td> <td> </td> <td> 3 </td> <td> 50 </td> </tr> <tr> <td> Health professions and related programs </td> <td> </td> <td> </td> <td> 12 </td> <td> 51 </td> </tr> <tr> <td> Business/marketing </td> <td> </td> <td> </td> <td> 17 </td> <td> 52 </td> </tr> <tr> <td> History </td> <td> </td> <td> </td> <td> 1 </td> <td> 54 </td> </tr> <tr> <td> Other </td> <td> </td> <td> </td> <td> </td> <td> </td> </tr> <tr> <td> TOTAL (should = 100%) </td> <td> </td> <td> </td> <td> 100% </td> <td> </td> </tr> </table>",226091,../data/cds-docs/2024-2025/226091.pdf,2024-2025
B,1,B1,Institutional Enrollment - Men and Women,"[[{0: '', 1: 'FULL-TIME', 2: 'FULL-TIME', 3: 'FULL-TIME', 4: 'PART-TIME', 5: 'PART-TIME', 6: 'PART-TIME'}, {0: '', 1: 'Men', 2: 'Women', 3: 'Another\nGender', 4: 'Men', 5: 'Women', 6: 'Another\nGender'}, {0: 'Undergraduates', 1: '', 2: '', 3: '', 4: '', 5: '', 6: ''}, {0: 'Degree-seeking, first-time,\nfirst-year students', 1: '603', 2: '860', 3: '0', 4: '41', 5: '59', 6: '0'}, {0: 'Other first-year, degree-seeking\nstudents', 1: '94', 2: '145', 3: '0', 4: '34', 5: '49', 6: '0'}, {0: 'All other degree-seeking\nundergraduate students', 1: '1692', 2: '2615', 3: '0', 4: '743', 5: '1015', 6: '0'}, {0: 'Total degree-seeking\nundergraduate students', 1: '2389', 2: '3620', 3: '0', 4: '818', 5: '1123', 6: '0'}, {0: 'All other undergraduates\nenrolled in credit courses', 1: '1', 2: '2', 3: '0', 4: '15', 5: '36', 6: '0'}, {0: 'Total Undergraduate Students', 1: '2390', 2: '3622', 3: '0', 4: '833', 5: '1159', 6: '0'}, {0: 'Graduate Students', 1: 'Graduate Students', 2: 'Graduate Students', 3: 'Graduate Students', 4: 'Graduate Students', 5: 'Graduate Students', 6: 'Graduate Students'}, {0: 'Degree-seeking, first-time', 1: '807', 2: '1417', 3: '0', 4: '282', 5: '762', 6: '0'}, {0: 'All other degree-seeking', 1: '878', 2: '1807', 3: '0', 4: '573', 5: '1554', 6: '0'}, {0: 'All other graduates enrolled in\ncredit courses', 1: '99', 2: '473', 3: '0', 4: '141', 5: '685', 6: '0'}, {0: 'Total Graduate Students', 1: '1784', 2: '3697', 3: '0', 4: '996', 5: '3001', 6: '0'}, {0: 'Total All Students', 1: '4174', 2: '7319', 3: '0', 4: '1829', 5: '4160', 6: '0'}]]","<table> <tr> <td> </td> <td colspan=""3""> FULL-TIME </td> <td colspan=""3""> PART-TIME </td> </tr> <tr> <td> </td> <td> Men </td> <td> Women </td> <td> Another <br/> Gender </td> <td> Men </td> <td> Women </td> <td> Another <br/> Gender </td> </tr> <tr> <td> Undergraduates </td> <td colspan=""6""> </td> </tr> <tr> <td> Degree-seeking, first-time, <br/> first-year students </td> <td> 603 </td> <td> 860 </td> <td> 0 </td> <td> 41 </td> <td> 59 </td> <td> 0 </td> </tr> <tr> <td> Other first-year, degree-seeking <br/> students </td> <td> 94 </td> <td> 145 </td> <td> 0 </td> <td> 34 </td> <td> 49 </td> <td> 0 </td> </tr> <tr> <td> All other degree-seeking <br/> undergraduate students </td> <td> 1692 </td> <td> 2615 </td> <td> 0 </td> <td> 743 </td> <td> 1015 </td> <td> 0 </td> </tr> <tr> <td> Total degree-seeking <br/> undergraduate students </td> <td> 2389 </td> <td> 3620 </td> <td> 0 </td> <td> 818 </td> <td> 1123 </td> <td> 0 </td> </tr> <tr> <td> All other undergraduates <br/> enrolled in credit courses </td> <td> 1 </td> <td> 2 </td> <td> 0 </td> <td> 15 </td> <td> 36 </td> <td> 0 </td> </tr> <tr> <td> Total Undergraduate Students </td> <td> 2390 </td> <td> 3622 </td> <td> 0 </td> <td> 833 </td> <td> 1159 </td> <td> 0 </td> </tr> <tr> <td colspan=""7""> Graduate Students </td> </tr> <tr> <td> Degree-seeking, first-time </td> <td> 807 </td> <td> 1417 </td> <td> 0 </td> <td> 282 </td> <td> 762 </td> <td> 0 </td> </tr> <tr> <td> All other degree-seeking </td> <td> 878 </td> <td> 1807 </td> <td> 0 </td> <td> 573 </td> <td> 1554 </td> <td> 0 </td> </tr> <tr> <td> All other graduates enrolled in <br/> credit courses </td> <td> 99 </td> <td> 473 </td> <td> 0 </td> <td> 141 </td> <td> 685 </td> <td> 0 </td> </tr> <tr> <td> Total Graduate Students </td> <td> 1784 </td> <td> 3697 </td> <td> 0 </td> <td> 996 </td> <td> 3001 </td> <td> 0 </td> </tr> <tr> <td> Total All Students </td> <td> 4174 </td> <td> 7319 </td> <td> 0 </td> <td> 1829 </td> <td> 4160 </td> <td> 0 </td> </tr> </table>",226091,../data/cds-docs/2023-2024/226091.pdf,2023-2024
B,2,B2,Enrollment by Racial/Ethnic Category,"[[{0: '', 1: 'Degree\ufffe\nSeeking\nFirst-Time\nFirst Year', 2: 'Degree-Seeking\nUndergraduates\n(include first-time\nfirst-year)', 3: 'Total\nUndergraduates\n(both degree- and\nnon-degree-seeking)'}, {0: 'Nonresidents', 1: '17', 2: '65', 3: '69'}, {0: 'Hispanic/Latino', 1: '383', 2: '1868', 3: '1890'}, {0: 'Black or African American, non-Hispanic', 1: '513', 2: '2098', 3: '2101'}, {0: 'White, non-Hispanic', 1: '504', 2: '3031', 3: '3046'}, {0: 'American Indian or Alaska Native, non-Hispanic', 1: '3', 2: '20', 3: '20'}, {0: 'Asian, non-Hispanic', 1: '67', 2: '409', 3: '409'}, {0: 'Native Hawaiian or other Pacific Islander, non-Hispanic', 1: '1', 2: '6', 3: '6'}, {0: 'Two or more races, non-Hispanic', 1: '55', 2: '289', 3: '292'}, {0: 'Race and/or ethnicity unknown', 1: '20', 2: '164', 3: '171'}, {0: 'TOTAL', 1: '1563', 2: '7950', 3: '8004'}]]","<table> <tr> <td> </td> <td> Degree￾ <br/> Seeking <br/> First-Time <br/> First Year </td> <td> Degree-Seeking <br/> Undergraduates <br/> (include first-time <br/> first-year) </td> <td> Total <br/> Undergraduates <br/> (both degree- and <br/> non-degree-seeking) </td> </tr> <tr> <td> Nonresidents </td> <td> 17 </td> <td> 65 </td> <td> 69 </td> </tr> <tr> <td> Hispanic/Latino </td> <td> 383 </td> <td> 1868 </td> <td> 1890 </td> </tr> <tr> <td> Black or African American, non-Hispanic </td> <td> 513 </td> <td> 2098 </td> <td> 2101 </td> </tr> <tr> <td> White, non-Hispanic </td> <td> 504 </td> <td> 3031 </td> <td> 3046 </td> </tr> <tr> <td> American Indian or Alaska Native, non-Hispanic </td> <td> 3 </td> <td> 20 </td> <td> 20 </td> </tr> <tr> <td> Asian, non-Hispanic </td> <td> 67 </td> <td> 409 </td> <td> 409 </td> </tr> <tr> <td> Native Hawaiian or other Pacific Islander, non-Hispanic </td> <td> 1 </td> <td> 6 </td> <td> 6 </td> </tr> <tr> <td> Two or more races, non-Hispanic </td> <td> 55 </td> <td> 289 </td> <td> 292 </td> </tr> <tr> <td> Race and/or ethnicity unknown </td> <td> 20 </td> <td> 164 </td> <td> 171 </td> </tr> <tr> <td> TOTAL </td> <td> 1563 </td> <td> 7950 </td> <td> 8004 </td> </tr> </table>",226091,../data/cds-docs/2023-2024/226091.pdf,2023-2024
B,3,B3,"Number of degrees awarded from July 1, 2022 to June 30, 2023","[[{0: 'AWARD TYPE', 1: '# AWARDED'}, {0: 'Certificate/diploma:', 1: '18'}, {0: 'Associate degrees:', 1: ''}, {0: 'Bachelor’s degrees:', 1: '1538'}, {0: 'Post-bachelor’s certificates:', 1: '618'}, {0: 'Master’s degrees:', 1: '3183'}, {0: 'Post-master’s certificates:', 1: ''}, {0: 'Doctoral degrees –\nresearch/scholarship:', 1: '63'}, {0: 'Doctoral degrees – professional\npractice:', 1: '10'}, {0: 'Doctoral degrees – other:', 1: ''}]]",<table> <tr> <td> AWARD TYPE </td> <td> # AWARDED </td> </tr> <tr> <td> Certificate/diploma: </td> <td> 18 </td> </tr> <tr> <td> Associate degrees: </td> <td> </td> </tr> <tr> <td> Bachelor’s degrees: </td> <td> 1538 </td> </tr> <tr> <td> Post-bachelor’s certificates: </td> <td> 618 </td> </tr> <tr> <td> Master’s degrees: </td> <td> 3183 </td> </tr> <tr> <td> Post-master’s certificates: </td> <td> </td> </tr> <tr> <td> Doctoral degrees – <br/> research/scholarship: </td> <td> 63 </td> </tr> <tr> <td> Doctoral degrees – professional <br/> practice: </td> <td> 10 </td> </tr> <tr> <td> Doctoral degrees – other: </td> <td> </td> </tr> </table>,226091,../data/cds-docs/2023-2024/226091.pdf,2023-2024
C,1,C1,"First-time, first-year students:","[[{0: 'FIRST-TIME, FIRST-YEAR STUDENT APPLICANTS', 1: 'TOTAL'}, {0: 'Total first-time, first-year men who applied', 1: '2952'}, {0: 'Total first-time, first-year women who applied', 1: '4392'}, {0: 'Total first-time, first-year of another gender who applied', 1: ''}, {0: 'FIRST-TIME, FIRST-YEAR STUDENT ADMITS', 1: ''}, {0: 'Total first-time, first-year men who were admitted', 1: '2415'}, {0: 'Total first-time, first-year women who were admitted', 1: '3861'}, {0: 'Total first-time, first-year of another gender who were admitted', 1: ''}, {0: 'FIRST-TIME, FIRST-YEAR STUDENT ENROLLEES', 1: ''}, {0: 'Total first-time, first-year men who were enrolled', 1: '644'}, {0: 'Total first-time, first-year women who were enrolled', 1: '919'}, {0: 'Total first-time, first-year of another gender who were enrolled', 1: ''}, {0: 'FIRST-TIME, FIRST-YEAR STUDENT ENROLLEES BY STATUS', 1: ''}, {0: 'Total full-time, first-time, first-year men who enrolled', 1: '603'}, {0: 'Total part-time, first-time, first-year men who enrolled', 1: '41'}, {0: 'Total full-time, first-time, first-year women who enrolled', 1: '860'}, {0: 'Total part-time, first-time, first-year women who enrolled', 1: '59'}, {0: 'Total full-time, first-time, first-year of another gender who enrolled', 1: ''}, {0: 'Total part-time, first-time, first-year of another gender who enrolled', 1: ''}], [{0: 'FIRST-TIME, FIRST-YEAR STUDENT\nAPPLICANTS', 1: 'IN-STATE', 2: 'OUT-OF-STATE', 3: 'INTERNATIONAL', 4: 'TOTAL'}, {0: 'Total first-time, first-year (degree-seeking)\nwho applied', 1: '7185', 2: '105', 3: '54', 4: '7344'}, {0: 'Total first-time, first-year (degree-seeking)\nwho were admitted', 1: '6136', 2: '89', 3: '51', 4: '6276'}, {0: 'Total first-time, first-year (degree-seeking)\nenrolled', 1: '1510', 2: '36', 3: '17', 4: '1563'}]]","<table> <tr> <td> FIRST-TIME, FIRST-YEAR STUDENT APPLICANTS </td> <td> TOTAL </td> </tr> <tr> <td> Total first-time, first-year men who applied </td> <td> 2952 </td> </tr> <tr> <td> Total first-time, first-year women who applied </td> <td> 4392 </td> </tr> <tr> <td> Total first-time, first-year of another gender who applied </td> <td> </td> </tr> <tr> <td> FIRST-TIME, FIRST-YEAR STUDENT ADMITS </td> <td> </td> </tr> <tr> <td> Total first-time, first-year men who were admitted </td> <td> 2415 </td> </tr> <tr> <td> Total first-time, first-year women who were admitted </td> <td> 3861 </td> </tr> <tr> <td> Total first-time, first-year of another gender who were admitted </td> <td> </td> </tr> <tr> <td> FIRST-TIME, FIRST-YEAR STUDENT ENROLLEES </td> <td> </td> </tr> <tr> <td> Total first-time, first-year men who were enrolled </td> <td> 644 </td> </tr> <tr> <td> Total first-time, first-year women who were enrolled </td> <td> 919 </td> </tr> <tr> <td> Total first-time, first-year of another gender who were enrolled </td> <td> </td> </tr> <tr> <td> FIRST-TIME, FIRST-YEAR STUDENT ENROLLEES BY STATUS </td> <td> </td> </tr> <tr> <td> Total full-time, first-time, first-year men who enrolled </td> <td> 603 </td> </tr> <tr> <td> Total part-time, first-time, first-year men who enrolled </td> <td> 41 </td> </tr> <tr> <td> Total full-time, first-time, first-year women who enrolled </td> <td> 860 </td> </tr> <tr> <td> Total part-time, first-time, first-year women who enrolled </td> <td> 59 </td> </tr> <tr> <td> Total full-time, first-time, first-year of another gender who enrolled </td> <td> </td> </tr> <tr> <td> Total part-time, first-time, first-year of another gender who enrolled </td> <td> </td> </tr> </table><div class=""separator""></div><table> <tr> <td> FIRST-TIME, FIRST-YEAR STUDENT <br/> APPLICANTS </td> <td> IN-STATE </td> <td> OUT-OF-STATE </td> <td> INTERNATIONAL </td> <td> TOTAL </td> </tr> <tr> <td> Total first-time, first-year (degree-seeking) <br/> who applied </td> <td> 7185 </td> <td> 105 </td> <td> 54 </td> <td> 7344 </td> </tr> <tr> <td> Total first-time, first-year (degree-seeking) <br/> who were admitted </td> <td> 6136 </td> <td> 89 </td> <td> 51 </td> <td> 6276 </td> </tr> <tr> <td> Total first-time, first-year (degree-seeking) <br/> enrolled </td> <td> 1510 </td> <td> 36 </td> <td> 17 </td> <td> 1563 </td> </tr> </table>",226091,../data/cds-docs/2023-2024/226091.pdf,2023-2024
C,5,C5,Distribution of high school units required and/or recommended.,"[[{0: '', 1: 'Units\nRequired', 2: 'Units\nRecommended'}, {0: 'Total academic units', 1: '14', 2: ''}, {0: 'English', 1: '4', 2: ''}, {0: 'Mathematics', 1: '3', 2: ''}, {0: 'Science', 1: '2', 2: ''}, {0: 'Of these, units that must be lab', 1: '', 2: ''}, {0: 'Foreign language', 1: '', 2: '2'}, {0: 'Social studies', 1: '2.5', 2: ''}, {0: 'History', 1: '', 2: ''}, {0: 'Academic electives', 1: '2.5', 2: ''}, {0: 'Computer Science', 1: '', 2: ''}, {0: 'Visual/Performing Arts', 1: '', 2: ''}, {0: 'Other (specify)', 1: '', 2: ''}]]","<table> <tr> <td> </td> <td> Units <br/> Required </td> <td> Units <br/> Recommended </td> </tr> <tr> <td> Total academic units </td> <td> 14 </td> <td> </td> </tr> <tr> <td> English </td> <td> 4 </td> <td> </td> </tr> <tr> <td> Mathematics </td> <td> 3 </td> <td> </td> </tr> <tr> <td> Science </td> <td> 2 </td> <td> </td> </tr> <tr> <td> Of these, units that must be lab </td> <td> </td> <td> </td> </tr> <tr> <td> Foreign language </td> <td> </td> <td> 2 </td> </tr> <tr> <td> Social studies </td> <td> 2.5 </td> <td> </td> </tr> <tr> <td> History </td> <td> </td> <td> </td> </tr> <tr> <td> Academic electives </td> <td> 2.5 </td> <td> </td> </tr> <tr> <td> Computer Science </td> <td> </td> <td> </td> </tr> <tr> <td> Visual/Performing Arts </td> <td> </td> <td> </td> </tr> <tr> <td> Other (specify) </td> <td> </td> <td> </td> </tr> </table>",226091,../data/cds-docs/2023-2024/226091.pdf,2023-2024
C,7,C7,"Relative importance of each of the following academic and nonacademic factors in first-time, first-","[[{0: '', 1: 'Very Important', 2: 'Important', 3: 'Considered', 4: 'Not Considered'}, {0: 'Academic', 1: 'Academic', 2: 'Academic', 3: 'Academic', 4: 'Academic'}, {0: 'Rigor of secondary\nschool record', 1: 'x', 2: '', 3: '', 4: ''}, {0: 'Class rank', 1: 'x', 2: '', 3: '', 4: ''}, {0: 'Academic GPA', 1: '', 2: '', 3: '', 4: ''}, {0: 'Standardized test\nscores', 1: 'x', 2: '', 3: '', 4: ''}, {0: 'Application Essay', 1: '', 2: '', 3: '', 4: 'x'}, {0: 'Recommendation', 1: '', 2: '', 3: 'x', 4: ''}, {0: 'Nonacademic', 1: 'Nonacademic', 2: 'Nonacademic', 3: 'Nonacademic', 4: 'Nonacademic'}, {0: 'Interview', 1: '', 2: '', 3: '', 4: 'x'}, {0: 'Extracurricular activities', 1: '', 2: '', 3: 'x', 4: ''}, {0: 'Talent/ability', 1: '', 2: '', 3: 'x', 4: ''}, {0: 'Character/personal\nqualities', 1: '', 2: '', 3: '', 4: 'x'}, {0: 'First generation', 1: '', 2: '', 3: '', 4: 'x'}, {0: 'Alumni/ae relation', 1: '', 2: '', 3: '', 4: 'x'}, {0: 'Geographical residence', 1: '', 2: '', 3: '', 4: ''}, {0: 'State residency', 1: '', 2: '', 3: '', 4: 'x'}, {0: 'Religious\naffiliation/commitment', 1: '', 2: '', 3: '', 4: 'x'}, {0: 'Volunteer work', 1: '', 2: '', 3: '', 4: 'x'}, {0: 'Work experience', 1: '', 2: '', 3: '', 4: 'x'}, {0: 'Level of applicant’s\ninterest', 1: '', 2: '', 3: '', 4: 'x'}]]","<table> <tr> <td> </td> <td> Very Important </td> <td> Important </td> <td> Considered </td> <td> Not Considered </td> </tr> <tr> <td colspan=""5""> Academic </td> </tr> <tr> <td> Rigor of secondary <br/> school record </td> <td> x </td> <td> </td> <td> </td> <td> </td> </tr> <tr> <td> Class rank </td> <td> x </td> <td> </td> <td> </td> <td> </td> </tr> <tr> <td> Academic GPA </td> <td> </td> <td> </td> <td> </td> <td> </td> </tr> <tr> <td> Standardized test <br/> scores </td> <td> x </td> <td> </td> <td> </td> <td> </td> </tr> <tr> <td> Application Essay </td> <td> </td> <td> </td> <td> </td> <td> x </td> </tr> <tr> <td> Recommendation </td> <td> </td> <td> </td> <td> x </td> <td> </td> </tr> <tr> <td colspan=""5""> Nonacademic </td> </tr> <tr> <td> Interview </td> <td> </td> <td> </td> <td> </td> <td> x </td> </tr> <tr> <td> Extracurricular activities </td> <td> </td> <td> </td> <td> x </td> <td> </td> </tr> <tr> <td> Talent/ability </td> <td> </td> <td> </td> <td> x </td> <td> </td> </tr> <tr> <td> Character/personal <br/> qualities </td> <td> </td> <td> </td> <td> </td> <td> x </td> </tr> <tr> <td> First generation </td> <td> </td> <td> </td> <td> </td> <td> x </td> </tr> <tr> <td> Alumni/ae relation </td> <td> </td> <td> </td> <td> </td> <td> x </td> </tr> <tr> <td> Geographical residence </td> <td> </td> <td> </td> <td> </td> <td> </td> </tr> <tr> <td> State residency </td> <td> </td> <td> </td> <td> </td> <td> x </td> </tr> <tr> <td> Religious <br/> affiliation/commitment </td> <td> </td> <td> </td> <td> </td> <td> x </td> </tr> <tr> <td> Volunteer work </td> <td> </td> <td> </td> <td> </td> <td> x </td> </tr> <tr> <td> Work experience </td> <td> </td> <td> </td> <td> </td> <td> x </td> </tr> <tr> <td> Level of applicant’s <br/> interest </td> <td> </td> <td> </td> <td> </td> <td> x </td> </tr> </table>",226091,../data/cds-docs/2023-2024/226091.pdf,2023-2024
C,8,C8,"A Does your institution make use of SAT, ACT, or SAT Subject Test scores in admission decisions for","[[{0: '', 1: 'ADMISSION', 2: 'ADMISSION', 3: 'ADMISSION', 4: 'ADMISSION', 5: 'ADMISSION'}, {0: '', 1: 'Required to be\nconsidered for\nadmission', 2: 'Require\nfor Some', 3: 'Recommend', 4: 'Not required for\nadmission, but\nconsider if\nsubmitted', 5: 'Not considered\nfor admission,\neven if submitted'}, {0: 'SAT or ACT', 1: 'x', 2: '', 3: '', 4: '', 5: ''}, {0: 'ACT only', 1: '', 2: '', 3: '', 4: '', 5: ''}, {0: 'SAT only', 1: '', 2: '', 3: '', 4: '', 5: ''}]]","<table> <tr> <td> </td> <td colspan=""5""> ADMISSION </td> </tr> <tr> <td> </td> <td> Required to be <br/> considered for <br/> admission </td> <td> Require <br/> for Some </td> <td> Recommend </td> <td> Not required for <br/> admission, but <br/> consider if <br/> submitted </td> <td> Not considered <br/> for admission, <br/> even if submitted </td> </tr> <tr> <td> SAT or ACT </td> <td> x </td> <td> </td> <td> </td> <td> </td> <td> </td> </tr> <tr> <td> ACT only </td> <td> </td> <td> </td> <td> </td> <td> </td> <td> </td> </tr> <tr> <td> SAT only </td> <td> </td> <td> </td> <td> </td> <td> </td> <td> </td> </tr> </table>",226091,../data/cds-docs/2023-2024/226091.pdf,2023-2024
C,9,C9,"Percent and number of first-time, first-year students enrolled in Fall 2023 who submitted national","[[{0: '', 1: 'Percent', 2: 'Number'}, {0: 'Submitting SAT Scores', 1: '93', 2: '704'}, {0: 'Submitting ACT Scores', 1: '7', 2: '52'}], [{0: '', 1: '25th Percentile', 2: '50th Percentile', 3: '75th Percentile'}, {0: 'SAT Composite', 1: '910', 2: '1020', 3: '1120'}, {0: 'SAT Evidence-Based Reading and Writing', 1: '470', 2: '520', 3: '580'}, {0: 'SAT Math', 1: '440', 2: '510', 3: '550'}, {0: 'ACT Composite', 1: '18', 2: '22', 3: '24'}, {0: 'ACT Math', 1: '17', 2: '19', 3: '24'}, {0: 'ACT English', 1: '16', 2: '21', 3: '24'}, {0: 'ACT Writing', 1: '', 2: '', 3: ''}, {0: 'ACT Science', 1: '', 2: '', 3: ''}, {0: 'ACT Reading', 1: '', 2: '', 3: ''}]]","<table> <tr> <td> </td> <td> Percent </td> <td> Number </td> </tr> <tr> <td> Submitting SAT Scores </td> <td> 93 </td> <td> 704 </td> </tr> <tr> <td> Submitting ACT Scores </td> <td> 7 </td> <td> 52 </td> </tr> </table><div class=""separator""></div><table> <tr> <td> </td> <td> 25th Percentile </td> <td> 50th Percentile </td> <td> 75th Percentile </td> </tr> <tr> <td> SAT Composite </td> <td> 910 </td> <td> 1020 </td> <td> 1120 </td> </tr> <tr> <td> SAT Evidence-Based Reading and Writing </td> <td> 470 </td> <td> 520 </td> <td> 580 </td> </tr> <tr> <td> SAT Math </td> <td> 440 </td> <td> 510 </td> <td> 550 </td> </tr> <tr> <td> ACT Composite </td> <td> 18 </td> <td> 22 </td> <td> 24 </td> </tr> <tr> <td> ACT Math </td> <td> 17 </td> <td> 19 </td> <td> 24 </td> </tr> <tr> <td> ACT English </td> <td> 16 </td> <td> 21 </td> <td> 24 </td> </tr> <tr> <td> ACT Writing </td> <td> </td> <td> </td> <td> </td> </tr> <tr> <td> ACT Science </td> <td> </td> <td> </td> <td> </td> </tr> <tr> <td> ACT Reading </td> <td> </td> <td> </td> <td> </td> </tr> </table>",226091,../data/cds-docs/2023-2024/226091.pdf,2023-2024
C,10,C10,"Percent of all degree-seeking, first-time, first-year students who had high school class rank within each","[[{0: 'Assessment', 1: 'Percent', 2: ''}, {0: 'Percent in top tenth of high school graduating class', 1: '17', 2: ''}, {0: 'Percent in top quarter of high school graduating class', 1: '39', 2: ''}, {0: 'Percent in top half of high school graduating class', 1: '71', 2: ''}, {0: 'Percent in bottom half of high school graduating class', 1: '29', 2: ''}, {0: 'Percent in bottom quarter of high school graduating class', 1: '7', 2: ''}, {0: 'Percent of total first-time, first-year (freshmen) students who submitted high school class\nrank:', 1: 'Percent of total first-time, first-year (freshmen) students who submitted high school class\nrank:', 2: '91'}]]","<table> <tr> <td> Assessment </td> <td> Percent </td> <td> </td> </tr> <tr> <td> Percent in top tenth of high school graduating class </td> <td> 17 </td> <td> </td> </tr> <tr> <td> Percent in top quarter of high school graduating class </td> <td> 39 </td> <td> </td> </tr> <tr> <td> Percent in top half of high school graduating class </td> <td> 71 </td> <td> </td> </tr> <tr> <td> Percent in bottom half of high school graduating class </td> <td> 29 </td> <td> </td> </tr> <tr> <td> Percent in bottom quarter of high school graduating class </td> <td> 7 </td> <td> </td> </tr> <tr> <td colspan=""2""> Percent of total first-time, first-year (freshmen) students who submitted high school class <br/> rank: </td> <td> 91 </td> </tr> </table>",226091,../data/cds-docs/2023-2024/226091.pdf,2023-2024
C,11,C11,"Percentage of all enrolled, degree-seeking, first-time, first-year students who had high school","[[{0: 'Score Range', 1: 'Percent\n(Students who\nsubmitted\nscores)', 2: 'Percent\n(Students who\ndid not submit\nscores)', 3: 'Percent (All\nenrolled\nstudents)'}, {0: 'Percent who had GPA of 4.0', 1: '8', 2: '2', 3: '5'}, {0: 'Percent who had GPA of 3.75 and 3.99', 1: '31', 2: '17', 3: '24'}, {0: 'Percent who had GPA between 3.50 and 3.74', 1: '20', 2: '17', 3: '18'}, {0: 'Percent who had GPA between 3.25 and 3.49', 1: '28', 2: '38', 3: '33'}, {0: 'Percent who had GPA between 3.00 and 3.24', 1: '0', 2: '0', 3: '0'}, {0: 'Percent who had GPA between 2.50 and 2.99', 1: '12', 2: '26', 3: '19'}, {0: 'Percent who had GPA between 2.0 and 2.49', 1: '1', 2: '1', 3: '1'}, {0: 'Percent who had GPA between 1.0 and 1.99', 1: '0', 2: '0', 3: '0'}, {0: 'Percent who had GPA below 1.0', 1: '0', 2: '0', 3: '0'}, {0: '', 1: '100%', 2: '100%', 3: '100%'}]]",<table> <tr> <td> Score Range </td> <td> Percent <br/> (Students who <br/> submitted <br/> scores) </td> <td> Percent <br/> (Students who <br/> did not submit <br/> scores) </td> <td> Percent (All <br/> enrolled <br/> students) </td> </tr> <tr> <td> Percent who had GPA of 4.0 </td> <td> 8 </td> <td> 2 </td> <td> 5 </td> </tr> <tr> <td> Percent who had GPA of 3.75 and 3.99 </td> <td> 31 </td> <td> 17 </td> <td> 24 </td> </tr> <tr> <td> Percent who had GPA between 3.50 and 3.74 </td> <td> 20 </td> <td> 17 </td> <td> 18 </td> </tr> <tr> <td> Percent who had GPA between 3.25 and 3.49 </td> <td> 28 </td> <td> 38 </td> <td> 33 </td> </tr> <tr> <td> Percent who had GPA between 3.00 and 3.24 </td> <td> 0 </td> <td> 0 </td> <td> 0 </td> </tr> <tr> <td> Percent who had GPA between 2.50 and 2.99 </td> <td> 12 </td> <td> 26 </td> <td> 19 </td> </tr> <tr> <td> Percent who had GPA between 2.0 and 2.49 </td> <td> 1 </td> <td> 1 </td> <td> 1 </td> </tr> <tr> <td> Percent who had GPA between 1.0 and 1.99 </td> <td> 0 </td> <td> 0 </td> <td> 0 </td> </tr> <tr> <td> Percent who had GPA below 1.0 </td> <td> 0 </td> <td> 0 </td> <td> 0 </td> </tr> <tr> <td> </td> <td> 100% </td> <td> 100% </td> <td> 100% </td> </tr> </table>,226091,../data/cds-docs/2023-2024/226091.pdf,2023-2024
D,2,D2,"Provide the number of students who applied, were admitted, and enrolled as degree-seeking","[[{0: '', 1: 'Applicants', 2: 'Admitted Applicants', 3: 'Enrolled Applicants'}, {0: 'Men', 1: '571', 2: '526', 3: '243'}, {0: 'Women', 1: '1072', 2: '986', 3: '458'}, {0: 'Another Gender', 1: '', 2: '', 3: ''}, {0: 'Total', 1: '1643', 2: '1512', 3: '701'}]]",<table> <tr> <td> </td> <td> Applicants </td> <td> Admitted Applicants </td> <td> Enrolled Applicants </td> </tr> <tr> <td> Men </td> <td> 571 </td> <td> 526 </td> <td> 243 </td> </tr> <tr> <td> Women </td> <td> 1072 </td> <td> 986 </td> <td> 458 </td> </tr> <tr> <td> Another Gender </td> <td> </td> <td> </td> <td> </td> </tr> <tr> <td> Total </td> <td> 1643 </td> <td> 1512 </td> <td> 701 </td> </tr> </table>,226091,../data/cds-docs/2023-2024/226091.pdf,2023-2024
D,5,D5,Indicate all items required of transfer students to apply for admission:,"[[{0: '', 1: 'Required of\nAll', 2: 'Recommended\nof All', 3: 'Recommended\nof Some', 4: 'Required of\nSome', 5: 'Required Not'}, {0: 'High school transcript', 1: '', 2: '', 3: '', 4: 'x', 5: ''}, {0: 'College transcript(s)', 1: 'x', 2: '', 3: '', 4: '', 5: ''}, {0: 'Essay or personal statement', 1: '', 2: '', 3: '', 4: '', 5: 'x'}, {0: 'Interview', 1: '', 2: '', 3: '', 4: '', 5: 'x'}, {0: 'Standardized test scores', 1: '', 2: '', 3: '', 4: 'x', 5: ''}, {0: 'Statement of good standing\nfrom prior institution(s)', 1: 'x', 2: '', 3: '', 4: '', 5: ''}]]",<table> <tr> <td> </td> <td> Required of <br/> All </td> <td> Recommended <br/> of All </td> <td> Recommended <br/> of Some </td> <td> Required of <br/> Some </td> <td> Required Not </td> </tr> <tr> <td> High school transcript </td> <td> </td> <td> </td> <td> </td> <td> x </td> <td> </td> </tr> <tr> <td> College transcript(s) </td> <td> x </td> <td> </td> <td> </td> <td> </td> <td> </td> </tr> <tr> <td> Essay or personal statement </td> <td> </td> <td> </td> <td> </td> <td> </td> <td> x </td> </tr> <tr> <td> Interview </td> <td> </td> <td> </td> <td> </td> <td> </td> <td> x </td> </tr> <tr> <td> Standardized test scores </td> <td> </td> <td> </td> <td> </td> <td> x </td> <td> </td> </tr> <tr> <td> Statement of good standing <br/> from prior institution(s) </td> <td> x </td> <td> </td> <td> </td> <td> </td> <td> </td> </tr> </table>,226091,../data/cds-docs/2023-2024/226091.pdf,2023-2024
D,9,D9,"List application priority, closing, notification, and candidate reply dates for transfer students.","[[{0: '', 1: 'Priority Date', 2: 'Closing Date', 3: 'Notification\nDate', 4: 'Reply Date', 5: 'Rolling\nAdmission'}, {0: 'Fall', 1: '', 2: '', 3: '', 4: '', 5: 'x'}, {0: 'Winter', 1: '', 2: '', 3: '', 4: '', 5: ''}, {0: 'Spring', 1: '', 2: '', 3: '', 4: '', 5: 'x'}, {0: 'Summer', 1: '', 2: '', 3: '', 4: '', 5: 'x'}]]",<table> <tr> <td> </td> <td> Priority Date </td> <td> Closing Date </td> <td> Notification <br/> Date </td> <td> Reply Date </td> <td> Rolling <br/> Admission </td> </tr> <tr> <td> Fall </td> <td> </td> <td> </td> <td> </td> <td> </td> <td> x </td> </tr> <tr> <td> Winter </td> <td> </td> <td> </td> <td> </td> <td> </td> <td> </td> </tr> <tr> <td> Spring </td> <td> </td> <td> </td> <td> </td> <td> </td> <td> x </td> </tr> <tr> <td> Summer </td> <td> </td> <td> </td> <td> </td> <td> </td> <td> x </td> </tr> </table>,226091,../data/cds-docs/2023-2024/226091.pdf,2023-2024
D,12,D12,Report the lowest grade earned for any course that may be transferred for credit: 1.00,"[[{0: '', 1: 'Number', 2: 'Unit Type'}, {0: 'Maximum number of credits or courses that may be\ntransferred from a two-year institution:', 1: '66', 2: 'SCH'}, {0: '', 1: 'Number', 2: 'Unit Type'}, {0: 'Maximum number of credits or courses that may be\ntransferred from a four-year institution:', 1: '', 2: ''}]]",<table> <tr> <td> </td> <td> Number </td> <td> Unit Type </td> </tr> <tr> <td> Maximum number of credits or courses that may be <br/> transferred from a two-year institution: </td> <td> 66 </td> <td> SCH </td> </tr> <tr> <td> </td> <td> Number </td> <td> Unit Type </td> </tr> <tr> <td> Maximum number of credits or courses that may be <br/> transferred from a four-year institution: </td> <td> </td> <td> </td> </tr> </table>,226091,../data/cds-docs/2023-2024/226091.pdf,2023-2024
D,18,D18,Does your institution accept the following military/veteran transfer credits:,"[[{0: '', 1: 'Yes', 2: 'No'}, {0: 'American Council on Education (ACE)', 1: 'x', 2: ''}, {0: 'College Level Examination Program (CLEP)', 1: 'x', 2: ''}, {0: 'DANTES Subject Standardized Tests (DSST)', 1: 'x', 2: ''}], [{0: '', 1: 'Number', 2: 'Unit Type'}, {0: 'Maximum number of credits or courses that may be\ntransferred based on military education evaluated by the\nAmerican Council on Education (ACE):', 1: '', 2: ''}, {0: '', 1: 'Number', 2: 'Unit Type'}, {0: 'Maximum number of credits or courses that may be\ntransferred based on Department of Defense supported\nprior learning assessments (College Level Examination\nProgram (CLEP) or DANTES Subject Standardized Tests\n(DSST)):', 1: '', 2: ''}]]","<table> <tr> <td> </td> <td> Yes </td> <td> No </td> </tr> <tr> <td> American Council on Education (ACE) </td> <td> x </td> <td> </td> </tr> <tr> <td> College Level Examination Program (CLEP) </td> <td> x </td> <td> </td> </tr> <tr> <td> DANTES Subject Standardized Tests (DSST) </td> <td> x </td> <td> </td> </tr> </table><div class=""separator""></div><table> <tr> <td> </td> <td> Number </td> <td> Unit Type </td> </tr> <tr> <td> Maximum number of credits or courses that may be <br/> transferred based on military education evaluated by the <br/> American Council on Education (ACE): </td> <td> </td> <td> </td> </tr> <tr> <td> </td> <td> Number </td> <td> Unit Type </td> </tr> <tr> <td> Maximum number of credits or courses that may be <br/> transferred based on Department of Defense supported <br/> prior learning assessments (College Level Examination <br/> Program (CLEP) or DANTES Subject Standardized Tests <br/> (DSST)): </td> <td> </td> <td> </td> </tr> </table>",226091,../data/cds-docs/2023-2024/226091.pdf,2023-2024
F,1,F1,"Percentages of first-time, first-year degree-seeking students and degree-seeking undergraduates enrolled in Fall","[[{0: '', 1: 'First-time, first-year students', 2: 'Undergraduates'}, {0: 'Percent who are from out of state (exclude\ninternational/nonresident from the numerator and\ndenominator)', 1: '2', 2: '3'}, {0: 'Percent of men who join fraternities', 1: '', 2: ''}, {0: 'Percent of women who join sororities', 1: '', 2: ''}, {0: 'Percent who live in college-owned, -operated, or -\naffiliated housing', 1: '52', 2: '26'}, {0: 'Percent who live off campus or commute', 1: '48', 2: '74'}, {0: 'Percent of students age 25 and older', 1: '3', 2: '32'}, {0: 'Average age of full-time students', 1: '19', 2: '24'}, {0: 'Average age of all students (full- and part-time)', 1: '20', 2: '25'}]]","<table> <tr> <td> </td> <td> First-time, first-year students </td> <td> Undergraduates </td> </tr> <tr> <td> Percent who are from out of state (exclude <br/> international/nonresident from the numerator and <br/> denominator) </td> <td> 2 </td> <td> 3 </td> </tr> <tr> <td> Percent of men who join fraternities </td> <td> </td> <td> </td> </tr> <tr> <td> Percent of women who join sororities </td> <td> </td> <td> </td> </tr> <tr> <td> Percent who live in college-owned, -operated, or - <br/> affiliated housing </td> <td> 52 </td> <td> 26 </td> </tr> <tr> <td> Percent who live off campus or commute </td> <td> 48 </td> <td> 74 </td> </tr> <tr> <td> Percent of students age 25 and older </td> <td> 3 </td> <td> 32 </td> </tr> <tr> <td> Average age of full-time students </td> <td> 19 </td> <td> 24 </td> </tr> <tr> <td> Average age of all students (full- and part-time) </td> <td> 20 </td> <td> 25 </td> </tr> </table>",226091,../data/cds-docs/2023-2024/226091.pdf,2023-2024
F,2,F2,Activities offered Identify those programs available at your institution.,"[[{0: 'Campus Ministries', 1: 'x'}, {0: 'Choral groups', 1: 'x'}, {0: 'Concert band', 1: 'x'}, {0: 'Dance', 1: 'x'}, {0: 'Drama/theater', 1: 'x'}, {0: 'International Student\nOrganization', 1: 'x'}, {0: 'Jazz band', 1: 'x'}, {0: 'Literary magazine', 1: 'x'}, {0: 'Marching band', 1: 'x'}, {0: 'Model UN', 1: ''}, {0: 'Music ensembles', 1: 'x'}, {0: 'Musical theater', 1: 'x'}, {0: 'Opera', 1: 'x'}, {0: 'Pep band', 1: 'x'}, {0: 'Radio station', 1: 'x'}, {0: 'Student government', 1: 'x'}, {0: 'Student newspaper', 1: 'x'}, {0: 'Student-run film society', 1: 'x'}, {0: 'Symphony orchestra', 1: 'x'}, {0: 'Television station', 1: 'x'}, {0: 'Yearbook', 1: ''}]]",<table> <tr> <td> Campus Ministries </td> <td> x </td> </tr> <tr> <td> Choral groups </td> <td> x </td> </tr> <tr> <td> Concert band </td> <td> x </td> </tr> <tr> <td> Dance </td> <td> x </td> </tr> <tr> <td> Drama/theater </td> <td> x </td> </tr> <tr> <td> International Student <br/> Organization </td> <td> x </td> </tr> <tr> <td> Jazz band </td> <td> x </td> </tr> <tr> <td> Literary magazine </td> <td> x </td> </tr> <tr> <td> Marching band </td> <td> x </td> </tr> <tr> <td> Model UN </td> <td> </td> </tr> <tr> <td> Music ensembles </td> <td> x </td> </tr> <tr> <td> Musical theater </td> <td> x </td> </tr> <tr> <td> Opera </td> <td> x </td> </tr> <tr> <td> Pep band </td> <td> x </td> </tr> <tr> <td> Radio station </td> <td> x </td> </tr> <tr> <td> Student government </td> <td> x </td> </tr> <tr> <td> Student newspaper </td> <td> x </td> </tr> <tr> <td> Student-run film society </td> <td> x </td> </tr> <tr> <td> Symphony orchestra </td> <td> x </td> </tr> <tr> <td> Television station </td> <td> x </td> </tr> <tr> <td> Yearbook </td> <td> </td> </tr> </table>,226091,../data/cds-docs/2023-2024/226091.pdf,2023-2024
F,3,F3,ROTC (program offered in cooperation with Reserve Officers' Training Corps),"[[{0: '', 1: 'On Campus', 2: 'Marine Option', 3: 'At Cooperating\nInstitution', 4: 'Name of Cooperating\nInstitution'}, {0: 'Army ROTC is offered:', 1: '', 2: '', 3: '', 4: ''}, {0: 'Naval ROTC is offered:', 1: '', 2: '', 3: '', 4: ''}, {0: 'Air Force ROTC is offered:', 1: '', 2: '', 3: 'x', 4: 'University of\nHouston'}]]",<table> <tr> <td> </td> <td> On Campus </td> <td> Marine Option </td> <td> At Cooperating <br/> Institution </td> <td> Name of Cooperating <br/> Institution </td> </tr> <tr> <td> Army ROTC is offered: </td> <td> </td> <td> </td> <td> </td> <td> </td> </tr> <tr> <td> Naval ROTC is offered: </td> <td> </td> <td> </td> <td> </td> <td> </td> </tr> <tr> <td> Air Force ROTC is offered: </td> <td> </td> <td> </td> <td> x </td> <td> University of <br/> Houston </td> </tr> </table>,226091,../data/cds-docs/2023-2024/226091.pdf,2023-2024
F,4,F4,"Housing: Check all types of college-owned, -operated, or -affiliated housing available","[[{0: 'Coed dorms', 1: 'x'}, {0: ""Men's dorms"", 1: 'x'}, {0: ""Women's dorms"", 1: 'x'}, {0: 'Apartments for married students', 1: 'x'}, {0: 'Apartments for single students', 1: 'x'}, {0: 'Special housing for disabled students', 1: 'x'}, {0: 'Special housing for international students', 1: 'x'}, {0: 'Fraternity/sorority housing', 1: ''}, {0: 'Cooperative housing', 1: ''}, {0: 'Theme housing', 1: ''}, {0: 'Wellness housing', 1: 'x'}, {0: 'Living Learning Communities', 1: ''}, {0: 'Other housing options (specify):', 1: 'Other housing options (specify):'}]]","<table> <tr> <td> Coed dorms </td> <td> x </td> </tr> <tr> <td> Men's dorms </td> <td> x </td> </tr> <tr> <td> Women's dorms </td> <td> x </td> </tr> <tr> <td> Apartments for married students </td> <td> x </td> </tr> <tr> <td> Apartments for single students </td> <td> x </td> </tr> <tr> <td> Special housing for disabled students </td> <td> x </td> </tr> <tr> <td> Special housing for international students </td> <td> x </td> </tr> <tr> <td> Fraternity/sorority housing </td> <td> </td> </tr> <tr> <td> Cooperative housing </td> <td> </td> </tr> <tr> <td> Theme housing </td> <td> </td> </tr> <tr> <td> Wellness housing </td> <td> x </td> </tr> <tr> <td> Living Learning Communities </td> <td> </td> </tr> <tr> <td colspan=""2""> Other housing options (specify): </td> </tr> </table>",226091,../data/cds-docs/2023-2024/226091.pdf,2023-2024
G,1,G1,"Undergraduate full-time tuition, required fees, food and housing. List the typical tuition, required fees,","[[{0: '', 1: 'First-Year', 2: 'Undergraduates'}, {0: 'PRIVATE INSTITUTION', 1: '', 2: ''}, {0: 'PRIVATE INSTITUTIONS\nTuition:', 1: '', 2: ''}, {0: 'PUBLIC INSTITUTION', 1: '', 2: ''}, {0: 'Tuition: In-district', 1: '7785', 2: '7785'}, {0: 'Tuition: In-state (out-of-district):', 1: '7785', 2: '7785'}, {0: 'Tuition: Out-of-state:', 1: '20085', 2: '20085'}, {0: 'Tuition: International (Non-resident):', 1: '20085', 2: '20085'}, {0: 'FOR ALL INSITUTIONS', 1: 'FOR ALL INSITUTIONS', 2: 'FOR ALL INSITUTIONS'}, {0: 'REQUIRED FEES:', 1: '3109', 2: '3109'}, {0: 'FOOD AND HOUSING:\n(on-campus)', 1: '10464', 2: '10464'}, {0: 'HOUSING ONLY:\n(on-campus)', 1: '6558', 2: '6558'}, {0: 'FOOD ONLY:\n(on-campus meal plan)', 1: '3906', 2: '3906'}]]","<table> <tr> <td> </td> <td> First-Year </td> <td> Undergraduates </td> </tr> <tr> <td> PRIVATE INSTITUTION </td> <td> </td> <td> </td> </tr> <tr> <td> PRIVATE INSTITUTIONS <br/> Tuition: </td> <td> </td> <td> </td> </tr> <tr> <td> PUBLIC INSTITUTION </td> <td> </td> <td> </td> </tr> <tr> <td> Tuition: In-district </td> <td> 7785 </td> <td> 7785 </td> </tr> <tr> <td> Tuition: In-state (out-of-district): </td> <td> 7785 </td> <td> 7785 </td> </tr> <tr> <td> Tuition: Out-of-state: </td> <td> 20085 </td> <td> 20085 </td> </tr> <tr> <td> Tuition: International (Non-resident): </td> <td> 20085 </td> <td> 20085 </td> </tr> <tr> <td colspan=""3""> FOR ALL INSITUTIONS </td> </tr> <tr> <td> REQUIRED FEES: </td> <td> 3109 </td> <td> 3109 </td> </tr> <tr> <td> FOOD AND HOUSING: <br/> (on-campus) </td> <td> 10464 </td> <td> 10464 </td> </tr> <tr> <td> HOUSING ONLY: <br/> (on-campus) </td> <td> 6558 </td> <td> 6558 </td> </tr> <tr> <td> FOOD ONLY: <br/> (on-campus meal plan) </td> <td> 3906 </td> <td> 3906 </td> </tr> </table>",226091,../data/cds-docs/2023-2024/226091.pdf,2023-2024
G,5,G5,Provide the estimated expenses for a typical full-time undergraduate student:,"[[{0: '', 1: 'Residents', 2: 'Commuters\n(living at home)', 3: 'Commuters\n(not living at home)'}, {0: 'Books and supplies', 1: '1250', 2: '1250', 3: '1250'}, {0: 'Housing only', 1: '', 2: '', 3: '2954'}, {0: 'Food only', 1: '', 2: '1948', 3: '1003'}, {0: 'Food and housing total (if your\ncollege cannot provide separate food\nand housing figures for commuters\nnot living at home):', 1: '', 2: '', 3: ''}, {0: 'Transportation', 1: '1551', 2: '1551', 3: '1551'}, {0: 'Other expenses', 1: '944', 2: '944', 3: '944'}]]",<table> <tr> <td> </td> <td> Residents </td> <td> Commuters <br/> (living at home) </td> <td> Commuters <br/> (not living at home) </td> </tr> <tr> <td> Books and supplies </td> <td> 1250 </td> <td> 1250 </td> <td> 1250 </td> </tr> <tr> <td> Housing only </td> <td> </td> <td> </td> <td> 2954 </td> </tr> <tr> <td> Food only </td> <td> </td> <td> 1948 </td> <td> 1003 </td> </tr> <tr> <td> Food and housing total (if your <br/> college cannot provide separate food <br/> and housing figures for commuters <br/> not living at home): </td> <td> </td> <td> </td> <td> </td> </tr> <tr> <td> Transportation </td> <td> 1551 </td> <td> 1551 </td> <td> 1551 </td> </tr> <tr> <td> Other expenses </td> <td> 944 </td> <td> 944 </td> <td> 944 </td> </tr> </table>,226091,../data/cds-docs/2023-2024/226091.pdf,2023-2024
G,6,G6,Undergraduate per-credit-hour charges (tuition only),"[[{0: 'PRIVATE INSTITUTIONS:', 1: ''}, {0: 'PUBLIC INSTITUTIONS', 1: ''}, {0: 'In-district:', 1: '259'}, {0: 'In-state (out-of-district):', 1: '259'}, {0: 'Out-of-state:', 1: '669'}, {0: 'NONRESIDENTS:', 1: '669'}]]",<table> <tr> <td> PRIVATE INSTITUTIONS: </td> <td> </td> </tr> <tr> <td> PUBLIC INSTITUTIONS </td> <td> </td> </tr> <tr> <td> In-district: </td> <td> 259 </td> </tr> <tr> <td> In-state (out-of-district): </td> <td> 259 </td> </tr> <tr> <td> Out-of-state: </td> <td> 669 </td> </tr> <tr> <td> NONRESIDENTS: </td> <td> 669 </td> </tr> </table>,226091,../data/cds-docs/2023-2024/226091.pdf,2023-2024
H,1,H1,,"[[{0: '', 1: '2022-2023\nFinal', 2: '2023-2024\nEstimated'}, {0: 'Indicate the academic year for which data are reported for items H1,\nH2, H2A, and H6 below:', 1: 'X', 2: ''}], [{0: '', 1: 'Need-based\n(Include non-need-based\naid used to meet need.)', 2: 'Non-need-based\n(Exclude non-need-based aid\nused to meet need.)'}, {0: 'Scholarships/Grants', 1: 'Scholarships/Grants', 2: 'Scholarships/Grants'}, {0: 'Federal', 1: '17838154', 2: '10373'}, {0: 'State (i.e., all states, not only the state in which your\ninstitution is located)', 1: '3741327', 2: '0'}, {0: 'Institutional: Endowed scholarships, annual gifts and\ntuition funded grants, awarded by the college, excluding\nathletic aid and tuition waivers (which are reported below).', 1: '16408143', 2: '0'}, {0: 'Scholarships/grants from external sources (e.g.,\nKiwanis, National Merit) not awarded by the college', 1: '1379646', 2: '0'}, {0: 'Total Scholarships/Grants', 1: '39364571', 2: '10373'}, {0: 'Student loans from all sources (excluding parent loans)', 1: '9607479', 2: '13889784'}, {0: 'Federal Work-Study', 1: '275321', 2: 'Not Applicable'}, {0: 'State and other (e.g., institutional) work-study/employment\n(Note: Excludes Federal Work-Study captured above.)', 1: '55759', 2: '0'}, {0: 'Total Self-Help', 1: '9938559', 2: '13889784'}, {0: 'Parent Loans', 1: '0', 2: '1975003'}, {0: 'Tuition Waivers\nReporting is optional. Report tuition waivers in this row if\nyou choose to report them. Do not report tuition waivers\nelsewhere.', 1: '978117', 2: '0'}, {0: 'Athletic Awards', 1: '3795054', 2: '0'}]]","<table> <tr> <td> </td> <td> 2022-2023 <br/> Final </td> <td> 2023-2024 <br/> Estimated </td> </tr> <tr> <td> Indicate the academic year for which data are reported for items H1, <br/> H2, H2A, and H6 below: </td> <td> X </td> <td> </td> </tr> </table><div class=""separator""></div><table> <tr> <td> </td> <td> Need-based <br/> (Include non-need-based <br/> aid used to meet need.) </td> <td> Non-need-based <br/> (Exclude non-need-based aid <br/> used to meet need.) </td> </tr> <tr> <td colspan=""3""> Scholarships/Grants </td> </tr> <tr> <td> Federal </td> <td> 17838154 </td> <td> 10373 </td> </tr> <tr> <td> State (i.e., all states, not only the state in which your <br/> institution is located) </td> <td> 3741327 </td> <td> 0 </td> </tr> <tr> <td> Institutional: Endowed scholarships, annual gifts and <br/> tuition funded grants, awarded by the college, excluding <br/> athletic aid and tuition waivers (which are reported below). </td> <td> 16408143 </td> <td> 0 </td> </tr> <tr> <td> Scholarships/grants from external sources (e.g., <br/> Kiwanis, National Merit) not awarded by the college </td> <td> 1379646 </td> <td> 0 </td> </tr> <tr> <td> Total Scholarships/Grants </td> <td> 39364571 </td> <td> 10373 </td> </tr> <tr> <td> Student loans from all sources (excluding parent loans) </td> <td> 9607479 </td> <td> 13889784 </td> </tr> <tr> <td> Federal Work-Study </td> <td> 275321 </td> <td> Not Applicable </td> </tr> <tr> <td> State and other (e.g., institutional) work-study/employment <br/> (Note: Excludes Federal Work-Study captured above.) </td> <td> 55759 </td> <td> 0 </td> </tr> <tr> <td> Total Self-Help </td> <td> 9938559 </td> <td> 13889784 </td> </tr> <tr> <td> Parent Loans </td> <td> 0 </td> <td> 1975003 </td> </tr> <tr> <td> Tuition Waivers <br/> Reporting is optional. Report tuition waivers in this row if <br/> you choose to report them. Do not report tuition waivers <br/> elsewhere. </td> <td> 978117 </td> <td> 0 </td> </tr> <tr> <td> Athletic Awards </td> <td> 3795054 </td> <td> 0 </td> </tr> </table>",226091,../data/cds-docs/2023-2024/226091.pdf,2023-2024
H,2,H2,Number of Enrolled Students Awarded Aid: List the number of degree-seeking full-time and less-than-full-,"[[{0: '', 1: 'First-time\nFull-time\nFirst-year', 2: 'Full-time\nUndergraduate\n(Incl. Fresh.)', 3: 'Less Than\nFull-time\nUndergraduate'}, {0: 'a) Number of degree-seeking undergraduate students\n(CDS Item B1 if reporting on Fall 2022 cohort)', 1: '1378', 2: '6075', 3: '1892'}, {0: 'b) Number of students in line a who applied for need\ufffe\nbased financial aid', 1: '1270', 2: '4918', 3: '1156'}, {0: 'c) Number of students in line b who were determined to\nhave financial need', 1: '1015', 2: '4101', 3: '924'}, {0: 'd) Number of students in line c who were awarded any\nfinancial aid', 1: '1002', 2: '4021', 3: '831'}, {0: 'e) Number of students in line d who were awarded any\nneed-based scholarship or grant aid', 1: '993', 2: '3791', 3: '712'}, {0: 'f) Number of students in line d who were awarded any\nneed-based self-help aid', 1: '480', 2: '2334', 3: '471'}, {0: 'g) Number of students in line d who were awarded any\nnon-need-based scholarship or grant aid', 1: '0', 2: '2', 3: '1'}, {0: 'h) Number of students in line d whose need was fully met\n(exclude PLUS loans, unsubsidized loans, and private\nalternative loans)', 1: '66', 2: '180', 3: '20'}, {0: 'On average, the percentage of need that was met of\nstudents who were awarded any need-based aid.\nExclude any aid that was awarded in excess of need\ni)\nas well as any resources that were awarded to replace\nEFC (PLUS loans, unsubsidized loans, and private\nalternative loans)', 1: '50%', 2: '49%', 3: '33%'}, {0: 'j) The average financial aid package of those in line d.\nExclude any resources that were awarded to replace\nEFC (PLUS loans, unsubsidized loans, and private\nalternative loans)', 1: '$10,690', 2: '$10,0005', 3: '$5,437'}, {0: 'k) Average need-based scholarship and grant award of\nthose in line e', 1: '$9,266', 2: '$8,267', 3: '$4,208'}, {0: 'l) Average need-based self-help award (excluding PLUS\nloans, unsubsidized loans, and private alternative\nloans) of those in line f', 1: '$3,007', 2: '$3,641', 3: '$3,057'}, {0: 'm) Average need-based loan (excluding PLUS loans,\nunsubsidized loans, and private alternative loans) of\nthose in line f who were awarded a need-based loan', 1: '$3,027', 2: '$3,610', 3: '$,3042'}], [{0: '', 1: 'Full-time\nFirst-time\nFirst-Year', 2: 'Full-time\nUndergrad\n(Incl. Fresh.)', 3: 'Less Than\nFull-time\nUndergrad'}, {0: 'n) Number of students in line a who had no financial need\nand who were awarded institutional non-need-based\nscholarship or grant aid (exclude those who were\nawarded athletic awards and tuition benefits)', 1: '0', 2: '0', 3: '0'}, {0: 'o) Average dollar amount of institutional non-need-based\nscholarship and grant aid awarded to students in line n', 1: '0', 2: '0', 3: '0'}, {0: 'p) Number of students in line a who were awarded an\ninstitutional non-need-based athletic scholarship or\ngrant', 1: '0', 2: '0', 3: '0'}, {0: 'q) Average dollar amount of institutional non-need-based\nathletic scholarships and grants awarded to students in\nline p', 1: '0', 2: '0', 3: '0'}]]","<table> <tr> <td> </td> <td> First-time <br/> Full-time <br/> First-year </td> <td> Full-time <br/> Undergraduate <br/> (Incl. Fresh.) </td> <td> Less Than <br/> Full-time <br/> Undergraduate </td> </tr> <tr> <td> a) Number of degree-seeking undergraduate students <br/> (CDS Item B1 if reporting on Fall 2022 cohort) </td> <td> 1378 </td> <td> 6075 </td> <td> 1892 </td> </tr> <tr> <td> b) Number of students in line a who applied for need￾ <br/> based financial aid </td> <td> 1270 </td> <td> 4918 </td> <td> 1156 </td> </tr> <tr> <td> c) Number of students in line b who were determined to <br/> have financial need </td> <td> 1015 </td> <td> 4101 </td> <td> 924 </td> </tr> <tr> <td> d) Number of students in line c who were awarded any <br/> financial aid </td> <td> 1002 </td> <td> 4021 </td> <td> 831 </td> </tr> <tr> <td> e) Number of students in line d who were awarded any <br/> need-based scholarship or grant aid </td> <td> 993 </td> <td> 3791 </td> <td> 712 </td> </tr> <tr> <td> f) Number of students in line d who were awarded any <br/> need-based self-help aid </td> <td> 480 </td> <td> 2334 </td> <td> 471 </td> </tr> <tr> <td> g) Number of students in line d who were awarded any <br/> non-need-based scholarship or grant aid </td> <td> 0 </td> <td> 2 </td> <td> 1 </td> </tr> <tr> <td> h) Number of students in line d whose need was fully met <br/> (exclude PLUS loans, unsubsidized loans, and private <br/> alternative loans) </td> <td> 66 </td> <td> 180 </td> <td> 20 </td> </tr> <tr> <td> On average, the percentage of need that was met of <br/> students who were awarded any need-based aid. <br/> Exclude any aid that was awarded in excess of need <br/> i) <br/> as well as any resources that were awarded to replace <br/> EFC (PLUS loans, unsubsidized loans, and private <br/> alternative loans) </td> <td> 50% </td> <td> 49% </td> <td> 33% </td> </tr> <tr> <td> j) The average financial aid package of those in line d. <br/> Exclude any resources that were awarded to replace <br/> EFC (PLUS loans, unsubsidized loans, and private <br/> alternative loans) </td> <td> $10,690 </td> <td> $10,0005 </td> <td> $5,437 </td> </tr> <tr> <td> k) Average need-based scholarship and grant award of <br/> those in line e </td> <td> $9,266 </td> <td> $8,267 </td> <td> $4,208 </td> </tr> <tr> <td> l) Average need-based self-help award (excluding PLUS <br/> loans, unsubsidized loans, and private alternative <br/> loans) of those in line f </td> <td> $3,007 </td> <td> $3,641 </td> <td> $3,057 </td> </tr> <tr> <td> m) Average need-based loan (excluding PLUS loans, <br/> unsubsidized loans, and private alternative loans) of <br/> those in line f who were awarded a need-based loan </td> <td> $3,027 </td> <td> $3,610 </td> <td> $,3042 </td> </tr> </table><div class=""separator""></div><table> <tr> <td> </td> <td> Full-time <br/> First-time <br/> First-Year </td> <td> Full-time <br/> Undergrad <br/> (Incl. Fresh.) </td> <td> Less Than <br/> Full-time <br/> Undergrad </td> </tr> <tr> <td> n) Number of students in line a who had no financial need <br/> and who were awarded institutional non-need-based <br/> scholarship or grant aid (exclude those who were <br/> awarded athletic awards and tuition benefits) </td> <td> 0 </td> <td> 0 </td> <td> 0 </td> </tr> <tr> <td> o) Average dollar amount of institutional non-need-based <br/> scholarship and grant aid awarded to students in line n </td> <td> 0 </td> <td> 0 </td> <td> 0 </td> </tr> <tr> <td> p) Number of students in line a who were awarded an <br/> institutional non-need-based athletic scholarship or <br/> grant </td> <td> 0 </td> <td> 0 </td> <td> 0 </td> </tr> <tr> <td> q) Average dollar amount of institutional non-need-based <br/> athletic scholarships and grants awarded to students in <br/> line p </td> <td> 0 </td> <td> 0 </td> <td> 0 </td> </tr> </table>",226091,../data/cds-docs/2023-2024/226091.pdf,2023-2024
H,5,H5,"Number and percent of students in class (defined in H4 above) borrowing from federal, non-federal,","[[{0: 'Source/Type of Loan', 1: 'Number in the\nclass (defined\nin H4 above)\nwho borrowed\nfrom the types\nof loans\nspecified in the\nfirst column', 2: 'Percent of the\nclass (defined\nabove) who\nborrowed from\nthe types of\nloans specified\nin the first\ncolumn\n(nearest 1%)', 3: 'Average per\ufffe\nundergraduate\ufffe\nborrower cumulative\nprincipal borrowed\nfrom the types of loans\nspecified in the first\ncolumn\n(nearest $1)'}, {0: 'a) Any loan program: Federal Perkins, Federal\nStafford Subsidized and Unsubsidized,\ninstitutional, state, private loans that your\ninstitution is aware of, etc. Include both Federal\nDirect Student Loans and Federal Family\nEducation Loans.', 1: '389', 2: '52%', 3: '25423'}, {0: 'b) Federal loan programs: Federal Perkins,\nFederal Stafford Subsidized and Unsubsidized.\nInclude both Federal Direct Student Loans and\nFederal Family Education Loans.', 1: '377', 2: '51%', 3: '22882'}, {0: 'c) Institutional loan programs.', 1: '0', 2: '0', 3: '0'}, {0: 'd) State loan programs.', 1: '1', 2: '0', 3: '7000'}, {0: 'e) Private student loans made by a bank or\nlender.', 1: '46', 2: '6%', 3: '27308'}]]","<table> <tr> <td> Source/Type of Loan </td> <td> Number in the <br/> class (defined <br/> in H4 above) <br/> who borrowed <br/> from the types <br/> of loans <br/> specified in the <br/> first column </td> <td> Percent of the <br/> class (defined <br/> above) who <br/> borrowed from <br/> the types of <br/> loans specified <br/> in the first <br/> column <br/> (nearest 1%) </td> <td> Average per￾ <br/> undergraduate￾ <br/> borrower cumulative <br/> principal borrowed <br/> from the types of loans <br/> specified in the first <br/> column <br/> (nearest $1) </td> </tr> <tr> <td> a) Any loan program: Federal Perkins, Federal <br/> Stafford Subsidized and Unsubsidized, <br/> institutional, state, private loans that your <br/> institution is aware of, etc. Include both Federal <br/> Direct Student Loans and Federal Family <br/> Education Loans. </td> <td> 389 </td> <td> 52% </td> <td> 25423 </td> </tr> <tr> <td> b) Federal loan programs: Federal Perkins, <br/> Federal Stafford Subsidized and Unsubsidized. <br/> Include both Federal Direct Student Loans and <br/> Federal Family Education Loans. </td> <td> 377 </td> <td> 51% </td> <td> 22882 </td> </tr> <tr> <td> c) Institutional loan programs. </td> <td> 0 </td> <td> 0 </td> <td> 0 </td> </tr> <tr> <td> d) State loan programs. </td> <td> 1 </td> <td> 0 </td> <td> 7000 </td> </tr> <tr> <td> e) Private student loans made by a bank or <br/> lender. </td> <td> 46 </td> <td> 6% </td> <td> 27308 </td> </tr> </table>",226091,../data/cds-docs/2023-2024/226091.pdf,2023-2024
H,6,H6,Indicate your institution’s policy regarding institutional scholarship and grant aid for undergraduate,"[[{0: 'Institutional need-based scholarship or grant aid is available', 1: 'x'}, {0: 'Institutional non-need-based scholarship or grant aid is available', 1: 'x'}, {0: 'Institutional scholarship or grant aid is not available', 1: ''}]]",<table> <tr> <td> Institutional need-based scholarship or grant aid is available </td> <td> x </td> </tr> <tr> <td> Institutional non-need-based scholarship or grant aid is available </td> <td> x </td> </tr> <tr> <td> Institutional scholarship or grant aid is not available </td> <td> </td> </tr> </table>,226091,../data/cds-docs/2023-2024/226091.pdf,2023-2024
H,7,H7,Check off all financial aid forms nonresidents first-year financial aid applicants must submit:,"[[{0: 'Institution’s own financial aid form', 1: 'x'}, {0: 'CSS Profile', 1: ''}, {0: 'Other (specify):', 1: ''}]]",<table> <tr> <td> Institution’s own financial aid form </td> <td> x </td> </tr> <tr> <td> CSS Profile </td> <td> </td> </tr> <tr> <td> Other (specify): </td> <td> </td> </tr> </table>,226091,../data/cds-docs/2023-2024/226091.pdf,2023-2024
H,8,H8,Check off all financial aid forms domestic first-year financial aid applicants must submit:,"[[{0: 'FAFSA', 1: 'x'}, {0: ""Institution's own financial aid form"", 1: 'x'}, {0: 'CSS Profile', 1: ''}, {0: 'State aid form', 1: ''}, {0: 'Business/Farm Supplement', 1: ''}, {0: 'Other (specify):', 1: ''}]]",<table> <tr> <td> FAFSA </td> <td> x </td> </tr> <tr> <td> Institution's own financial aid form </td> <td> x </td> </tr> <tr> <td> CSS Profile </td> <td> </td> </tr> <tr> <td> State aid form </td> <td> </td> </tr> <tr> <td> Business/Farm Supplement </td> <td> </td> </tr> <tr> <td> Other (specify): </td> <td> </td> </tr> </table>,226091,../data/cds-docs/2023-2024/226091.pdf,2023-2024
H,9,H9,Indicate filing dates for first-year students:,"[[{0: 'Priority date for filing required financial aid forms:', 1: ''}, {0: 'Deadline for filing required financial aid forms:', 1: ''}, {0: 'No deadline for filing required forms (applications processed on a rolling\nbasis):', 1: 'x'}]]",<table> <tr> <td> Priority date for filing required financial aid forms: </td> <td> </td> </tr> <tr> <td> Deadline for filing required financial aid forms: </td> <td> </td> </tr> <tr> <td> No deadline for filing required forms (applications processed on a rolling <br/> basis): </td> <td> x </td> </tr> </table>,226091,../data/cds-docs/2023-2024/226091.pdf,2023-2024
H,10,H10,Indicate notification dates for first-year students (answer a or b):,"[[{0: 'a) Students notified on or about (date):', 1: 'a) Students notified on or about (date):', 2: 'a) Students notified on or about (date):', 3: ''}, {0: '', 1: '', 2: 'Yes', 3: 'No'}, {0: 'b)', 1: 'Students notified on a rolling basis:', 2: 'x', 3: ''}, {0: 'b)', 1: 'If yes, starting date:', 2: '', 3: ''}]]","<table> <tr> <td colspan=""3""> a) Students notified on or about (date): </td> <td> </td> </tr> <tr> <td colspan=""2""> </td> <td> Yes </td> <td> No </td> </tr> <tr> <td rowspan=""2""> b) </td> <td> Students notified on a rolling basis: </td> <td> x </td> <td> </td> </tr> <tr> <td> If yes, starting date: </td> <td> </td> <td> </td> </tr> </table>",226091,../data/cds-docs/2023-2024/226091.pdf,2023-2024
H,12,H12,Loans,"[[{0: 'Direct Subsidized Stafford Loans', 1: 'x'}, {0: 'Direct Unsubsidized Stafford Loans', 1: 'x'}, {0: 'Direct PLUS Loans', 1: 'x'}], [{0: 'Federal Perkins Loans', 1: 'x'}, {0: 'Federal Nursing Loans', 1: ''}, {0: 'State Loans', 1: 'x'}, {0: 'College/university loans from institutional funds', 1: 'x'}, {0: 'Other (specify):', 1: ''}]]","<table> <tr> <td> Direct Subsidized Stafford Loans </td> <td> x </td> </tr> <tr> <td> Direct Unsubsidized Stafford Loans </td> <td> x </td> </tr> <tr> <td> Direct PLUS Loans </td> <td> x </td> </tr> </table><div class=""separator""></div><table> <tr> <td> Federal Perkins Loans </td> <td> x </td> </tr> <tr> <td> Federal Nursing Loans </td> <td> </td> </tr> <tr> <td> State Loans </td> <td> x </td> </tr> <tr> <td> College/university loans from institutional funds </td> <td> x </td> </tr> <tr> <td> Other (specify): </td> <td> </td> </tr> </table>",226091,../data/cds-docs/2023-2024/226091.pdf,2023-2024
H,13,H13,Scholarships and Grants NEED-BASED:,"[[{0: 'Federal Pell', 1: 'x'}, {0: 'SEOG', 1: 'x'}, {0: 'State scholarships/grants', 1: 'x'}, {0: 'Private scholarships', 1: 'x'}, {0: 'College/university scholarship or grant aid from institutional funds', 1: 'x'}, {0: 'United Negro College Fund', 1: ''}, {0: 'Federal Nursing Scholarship', 1: ''}, {0: 'Other (specify):', 1: ''}]]",<table> <tr> <td> Federal Pell </td> <td> x </td> </tr> <tr> <td> SEOG </td> <td> x </td> </tr> <tr> <td> State scholarships/grants </td> <td> x </td> </tr> <tr> <td> Private scholarships </td> <td> x </td> </tr> <tr> <td> College/university scholarship or grant aid from institutional funds </td> <td> x </td> </tr> <tr> <td> United Negro College Fund </td> <td> </td> </tr> <tr> <td> Federal Nursing Scholarship </td> <td> </td> </tr> <tr> <td> Other (specify): </td> <td> </td> </tr> </table>,226091,../data/cds-docs/2023-2024/226091.pdf,2023-2024
H,14,H14,Check off criteria used in awarding institutional aid. Check all that apply.,"[[{0: '', 1: 'Non-Need\nBased', 2: 'Need-Based'}, {0: 'Academics', 1: 'x', 2: ''}, {0: 'Alumni affiliation', 1: '', 2: ''}, {0: 'Art', 1: '', 2: ''}, {0: 'Athletics', 1: 'x', 2: ''}, {0: 'Job skills', 1: '', 2: ''}, {0: 'ROTC', 1: '', 2: ''}, {0: 'Leadership', 1: '', 2: ''}, {0: 'Minority status', 1: '', 2: ''}, {0: 'Music/drama', 1: '', 2: ''}, {0: 'Religious affiliation', 1: '', 2: ''}, {0: 'State/district residency', 1: '', 2: ''}]]",<table> <tr> <td> </td> <td> Non-Need <br/> Based </td> <td> Need-Based </td> </tr> <tr> <td> Academics </td> <td> x </td> <td> </td> </tr> <tr> <td> Alumni affiliation </td> <td> </td> <td> </td> </tr> <tr> <td> Art </td> <td> </td> <td> </td> </tr> <tr> <td> Athletics </td> <td> x </td> <td> </td> </tr> <tr> <td> Job skills </td> <td> </td> <td> </td> </tr> <tr> <td> ROTC </td> <td> </td> <td> </td> </tr> <tr> <td> Leadership </td> <td> </td> <td> </td> </tr> <tr> <td> Minority status </td> <td> </td> <td> </td> </tr> <tr> <td> Music/drama </td> <td> </td> <td> </td> </tr> <tr> <td> Religious affiliation </td> <td> </td> <td> </td> </tr> <tr> <td> State/district residency </td> <td> </td> <td> </td> </tr> </table>,226091,../data/cds-docs/2023-2024/226091.pdf,2023-2024
I,1,I1,Please report the number of instructional faculty members in each category for Fall 2023. Include faculty,"[[{0: '', 1: 'Full-time', 2: 'Part-time'}, {0: '(a) instructional faculty in preclinical and clinical medicine, faculty who are not paid\n(e.g., those who donate their services or are in the military), or research-only faculty,\npost-doctoral fellows, or pre-doctoral fellows', 1: 'Exclude', 2: 'Include only if they\nteach one or more\nnon-clinical credit\ncourses'}, {0: '(b) administrative officers with titles such as dean of students, librarian, registrar,\ncoach, and the like, even though they may devote part of their time to classroom\ninstruction and may have faculty status', 1: 'Exclude', 2: 'Include if they teach\none or more non\ufffe\nclinical credit\ncourses'}, {0: '(c) other administrators/staff who teach one or more non-clinical credit courses even\nthough they do not have faculty status', 1: 'Exclude', 2: 'Include'}, {0: '(d) undergraduate or graduate students who assist in the instruction of courses, but\nhave titles such as teaching assistant, teaching fellow, and the like', 1: 'Exclude', 2: 'Exclude'}, {0: '(e) faculty on sabbatical or leave with pay', 1: 'Include', 2: 'Exclude'}, {0: '(f) faculty on leave without pay', 1: 'Exclude', 2: 'Exclude'}, {0: '(g) replacement faculty for faculty on sabbatical leave or leave with pay', 1: 'Exclude', 2: 'Include'}], [{0: '', 1: 'Full-Time', 2: 'Part-Time', 3: 'Total'}, {0: 'a) Total number of instructional faculty', 1: '415', 2: '108', 3: '523'}, {0: 'b) Total number who are members of minority groups', 1: '99', 2: '30', 3: '129'}, {0: 'c) Total number who are women', 1: '202', 2: '72', 3: '274'}, {0: 'd) Total number who are men', 1: '213', 2: '36', 3: '249'}, {0: 'e) Total number who are nonresident (international)', 1: '33', 2: '0', 3: '33'}, {0: 'f) Total number with doctorate, or other terminal degree', 1: '296', 2: '54', 3: '350'}, {0: ""g) Total number whose highest degree is a master's but not a terminal\nmaster's"", 1: '115', 2: '50', 3: '165'}, {0: ""h) Total number whose highest degree is a bachelor's"", 1: '4', 2: '4', 3: '8'}, {0: 'i) Total number whose highest degree is unknown or other\n(Note: Items f, g, h, and i must sum up to item a.)', 1: '0', 2: '0', 3: '0'}, {0: 'j) Total number in stand-alone graduate/ professional programs in which\nfaculty teach virtually only graduate-level students', 1: '0', 2: '0', 3: '0'}]]","<table> <tr> <td> </td> <td> Full-time </td> <td> Part-time </td> </tr> <tr> <td> (a) instructional faculty in preclinical and clinical medicine, faculty who are not paid <br/> (e.g., those who donate their services or are in the military), or research-only faculty, <br/> post-doctoral fellows, or pre-doctoral fellows </td> <td> Exclude </td> <td> Include only if they <br/> teach one or more <br/> non-clinical credit <br/> courses </td> </tr> <tr> <td> (b) administrative officers with titles such as dean of students, librarian, registrar, <br/> coach, and the like, even though they may devote part of their time to classroom <br/> instruction and may have faculty status </td> <td> Exclude </td> <td> Include if they teach <br/> one or more non￾ <br/> clinical credit <br/> courses </td> </tr> <tr> <td> (c) other administrators/staff who teach one or more non-clinical credit courses even <br/> though they do not have faculty status </td> <td> Exclude </td> <td> Include </td> </tr> <tr> <td> (d) undergraduate or graduate students who assist in the instruction of courses, but <br/> have titles such as teaching assistant, teaching fellow, and the like </td> <td> Exclude </td> <td> Exclude </td> </tr> <tr> <td> (e) faculty on sabbatical or leave with pay </td> <td> Include </td> <td> Exclude </td> </tr> <tr> <td> (f) faculty on leave without pay </td> <td> Exclude </td> <td> Exclude </td> </tr> <tr> <td> (g) replacement faculty for faculty on sabbatical leave or leave with pay </td> <td> Exclude </td> <td> Include </td> </tr> </table><div class=""separator""></div><table> <tr> <td> </td> <td> Full-Time </td> <td> Part-Time </td> <td> Total </td> </tr> <tr> <td> a) Total number of instructional faculty </td> <td> 415 </td> <td> 108 </td> <td> 523 </td> </tr> <tr> <td> b) Total number who are members of minority groups </td> <td> 99 </td> <td> 30 </td> <td> 129 </td> </tr> <tr> <td> c) Total number who are women </td> <td> 202 </td> <td> 72 </td> <td> 274 </td> </tr> <tr> <td> d) Total number who are men </td> <td> 213 </td> <td> 36 </td> <td> 249 </td> </tr> <tr> <td> e) Total number who are nonresident (international) </td> <td> 33 </td> <td> 0 </td> <td> 33 </td> </tr> <tr> <td> f) Total number with doctorate, or other terminal degree </td> <td> 296 </td> <td> 54 </td> <td> 350 </td> </tr> <tr> <td> g) Total number whose highest degree is a master's but not a terminal <br/> master's </td> <td> 115 </td> <td> 50 </td> <td> 165 </td> </tr> <tr> <td> h) Total number whose highest degree is a bachelor's </td> <td> 4 </td> <td> 4 </td> <td> 8 </td> </tr> <tr> <td> i) Total number whose highest degree is unknown or other <br/> (Note: Items f, g, h, and i must sum up to item a.) </td> <td> 0 </td> <td> 0 </td> <td> 0 </td> </tr> <tr> <td> j) Total number in stand-alone graduate/ professional programs in which <br/> faculty teach virtually only graduate-level students </td> <td> 0 </td> <td> 0 </td> <td> 0 </td> </tr> </table>",226091,../data/cds-docs/2023-2024/226091.pdf,2023-2024
I,3,I3,Undergraduate Class Size,"[[{0: 'CLASS\nSECTIONS', 1: '2-9', 2: '10-19', 3: '20-29', 4: '30-39', 5: '40-49', 6: '50-99', 7: '100+', 8: 'Total'}, {0: 'CLASS\nSECTIONS', 1: '438', 2: '604', 3: '598', 4: '294', 5: '163', 6: '270', 7: '51', 8: '2418'}], [{0: 'CLASS\nSUB\ufffe\nSECTIONS', 1: '2-9', 2: '10-19', 3: '20-29', 4: '30-39', 5: '40-49', 6: '50-99', 7: '100+', 8: 'Total'}, {0: 'CLASS\nSUB\ufffe\nSECTIONS', 1: '100', 2: '119', 3: '170', 4: '30', 5: '18', 6: '7', 7: '0', 8: '444'}]]","<table> <tr> <td rowspan=""2""> CLASS <br/> SECTIONS </td> <td> 2-9 </td> <td> 10-19 </td> <td> 20-29 </td> <td> 30-39 </td> <td> 40-49 </td> <td> 50-99 </td> <td> 100+ </td> <td> Total </td> </tr> <tr> <td> 438 </td> <td> 604 </td> <td> 598 </td> <td> 294 </td> <td> 163 </td> <td> 270 </td> <td> 51 </td> <td> 2418 </td> </tr> </table><div class=""separator""></div><table> <tr> <td rowspan=""2""> CLASS <br/> SUB￾ <br/> SECTIONS </td> <td> 2-9 </td> <td> 10-19 </td> <td> 20-29 </td> <td> 30-39 </td> <td> 40-49 </td> <td> 50-99 </td> <td> 100+ </td> <td> Total </td> </tr> <tr> <td> 100 </td> <td> 119 </td> <td> 170 </td> <td> 30 </td> <td> 18 </td> <td> 7 </td> <td> 0 </td> <td> 444 </td> </tr> </table>",226091,../data/cds-docs/2023-2024/226091.pdf,2023-2024
J,1,J1,"Degrees conferred between July 1, 2022 and June 30, 2023","[[{0: 'Category', 1: 'Diploma/\nCertificates', 2: 'Associate', 3: 'Bachelor’s', 4: 'CIP 2010 Categories to Include'}, {0: 'Agriculture', 1: '', 2: '', 3: '', 4: '1'}, {0: 'Natural resources and conservation', 1: '', 2: '', 3: '1', 4: '3'}, {0: 'Architecture', 1: '', 2: '', 3: '', 4: '4'}, {0: 'Area, ethnic, and gender studies', 1: '', 2: '', 3: '', 4: '5'}, {0: 'Communication/journalism', 1: '', 2: '', 3: '4', 4: '9'}, {0: 'Communication technologies', 1: '', 2: '', 3: '', 4: '10'}, {0: 'Computer and information sciences', 1: '', 2: '', 3: '4', 4: '11'}, {0: 'Personal and culinary services', 1: '', 2: '', 3: '', 4: '12'}, {0: 'Education', 1: '', 2: '', 3: '', 4: '13'}, {0: 'Engineering', 1: '', 2: '', 3: '12', 4: '14'}, {0: 'Engineering technologies', 1: '', 2: '', 3: '3', 4: '15'}, {0: 'Foreign languages, literatures, and linguistics', 1: '', 2: '', 3: '1', 4: '16'}, {0: 'Family and consumer sciences', 1: '', 2: '', 3: '2', 4: '19'}, {0: 'Law/legal studies', 1: '', 2: '', 3: '', 4: '22'}, {0: 'English', 1: '', 2: '', 3: '1', 4: '23'}, {0: 'Liberal arts/general studies', 1: '', 2: '', 3: '2', 4: '24'}, {0: 'Library science', 1: '', 2: '', 3: '', 4: '25'}, {0: 'Biological/life sciences', 1: '', 2: '', 3: '3', 4: '26'}, {0: 'Mathematics and statistics', 1: '', 2: '', 3: '1', 4: '27'}, {0: 'Military science and military technologies', 1: '', 2: '', 3: '', 4: '28 & 29'}, {0: 'Interdisciplinary studies', 1: '', 2: '', 3: '17', 4: '30'}, {0: 'Parks and recreation', 1: '', 2: '', 3: '3', 4: '31'}, {0: 'Philosophy and religious studies', 1: '', 2: '', 3: '', 4: '38'}, {0: 'Theology and religious vocations', 1: '', 2: '', 3: '', 4: '39'}, {0: 'Physical sciences', 1: '', 2: '', 3: '0', 4: '40'}, {0: 'Science technologies', 1: '', 2: '', 3: '', 4: '41'}, {0: 'Psychology', 1: '', 2: '', 3: '3', 4: '42'}, {0: 'Homeland Security, law enforcement,\nfirefighting, and protective services', 1: '', 2: '', 3: '6', 4: '43'}, {0: 'Public administration and social services', 1: '', 2: '', 3: '2', 4: '44'}, {0: 'Social sciences', 1: '', 2: '', 3: '5', 4: '45'}, {0: 'Construction trades', 1: '', 2: '', 3: '', 4: '46'}, {0: 'Mechanic and repair technologies', 1: '', 2: '', 3: '', 4: '47'}, {0: 'Precision production', 1: '', 2: '', 3: '', 4: '48'}, {0: 'Transportation and materials moving', 1: '', 2: '', 3: '', 4: '49'}, {0: 'Visual and performing arts', 1: '', 2: '', 3: '3', 4: '50'}, {0: 'Health professions and related programs', 1: '', 2: '', 3: '11', 4: '51'}, {0: 'Business/marketing', 1: '', 2: '', 3: '17', 4: '52'}, {0: 'History', 1: '', 2: '', 3: '0', 4: '54'}, {0: 'Other', 1: '', 2: '', 3: '0', 4: ''}, {0: 'TOTAL (should = 100%)', 1: '', 2: '', 3: '100%', 4: ''}]]","<table> <tr> <td> Category </td> <td> Diploma/ <br/> Certificates </td> <td> Associate </td> <td> Bachelor’s </td> <td> CIP 2010 Categories to Include </td> </tr> <tr> <td> Agriculture </td> <td> </td> <td> </td> <td> </td> <td> 1 </td> </tr> <tr> <td> Natural resources and conservation </td> <td> </td> <td> </td> <td> 1 </td> <td> 3 </td> </tr> <tr> <td> Architecture </td> <td> </td> <td> </td> <td> </td> <td> 4 </td> </tr> <tr> <td> Area, ethnic, and gender studies </td> <td> </td> <td> </td> <td> </td> <td> 5 </td> </tr> <tr> <td> Communication/journalism </td> <td> </td> <td> </td> <td> 4 </td> <td> 9 </td> </tr> <tr> <td> Communication technologies </td> <td> </td> <td> </td> <td> </td> <td> 10 </td> </tr> <tr> <td> Computer and information sciences </td> <td> </td> <td> </td> <td> 4 </td> <td> 11 </td> </tr> <tr> <td> Personal and culinary services </td> <td> </td> <td> </td> <td> </td> <td> 12 </td> </tr> <tr> <td> Education </td> <td> </td> <td> </td> <td> </td> <td> 13 </td> </tr> <tr> <td> Engineering </td> <td> </td> <td> </td> <td> 12 </td> <td> 14 </td> </tr> <tr> <td> Engineering technologies </td> <td> </td> <td> </td> <td> 3 </td> <td> 15 </td> </tr> <tr> <td> Foreign languages, literatures, and linguistics </td> <td> </td> <td> </td> <td> 1 </td> <td> 16 </td> </tr> <tr> <td> Family and consumer sciences </td> <td> </td> <td> </td> <td> 2 </td> <td> 19 </td> </tr> <tr> <td> Law/legal studies </td> <td> </td> <td> </td> <td> </td> <td> 22 </td> </tr> <tr> <td> English </td> <td> </td> <td> </td> <td> 1 </td> <td> 23 </td> </tr> <tr> <td> Liberal arts/general studies </td> <td> </td> <td> </td> <td> 2 </td> <td> 24 </td> </tr> <tr> <td> Library science </td> <td> </td> <td> </td> <td> </td> <td> 25 </td> </tr> <tr> <td> Biological/life sciences </td> <td> </td> <td> </td> <td> 3 </td> <td> 26 </td> </tr> <tr> <td> Mathematics and statistics </td> <td> </td> <td> </td> <td> 1 </td> <td> 27 </td> </tr> <tr> <td> Military science and military technologies </td> <td> </td> <td> </td> <td> </td> <td> 28 &amp; 29 </td> </tr> <tr> <td> Interdisciplinary studies </td> <td> </td> <td> </td> <td> 17 </td> <td> 30 </td> </tr> <tr> <td> Parks and recreation </td> <td> </td> <td> </td> <td> 3 </td> <td> 31 </td> </tr> <tr> <td> Philosophy and religious studies </td> <td> </td> <td> </td> <td> </td> <td> 38 </td> </tr> <tr> <td> Theology and religious vocations </td> <td> </td> <td> </td> <td> </td> <td> 39 </td> </tr> <tr> <td> Physical sciences </td> <td> </td> <td> </td> <td> 0 </td> <td> 40 </td> </tr> <tr> <td> Science technologies </td> <td> </td> <td> </td> <td> </td> <td> 41 </td> </tr> <tr> <td> Psychology </td> <td> </td> <td> </td> <td> 3 </td> <td> 42 </td> </tr> <tr> <td> Homeland Security, law enforcement, <br/> firefighting, and protective services </td> <td> </td> <td> </td> <td> 6 </td> <td> 43 </td> </tr> <tr> <td> Public administration and social services </td> <td> </td> <td> </td> <td> 2 </td> <td> 44 </td> </tr> <tr> <td> Social sciences </td> <td> </td> <td> </td> <td> 5 </td> <td> 45 </td> </tr> <tr> <td> Construction trades </td> <td> </td> <td> </td> <td> </td> <td> 46 </td> </tr> <tr> <td> Mechanic and repair technologies </td> <td> </td> <td> </td> <td> </td> <td> 47 </td> </tr> <tr> <td> Precision production </td> <td> </td> <td> </td> <td> </td> <td> 48 </td> </tr> <tr> <td> Transportation and materials moving </td> <td> </td> <td> </td> <td> </td> <td> 49 </td> </tr> <tr> <td> Visual and performing arts </td> <td> </td> <td> </td> <td> 3 </td> <td> 50 </td> </tr> <tr> <td> Health professions and related programs </td> <td> </td> <td> </td> <td> 11 </td> <td> 51 </td> </tr> <tr> <td> Business/marketing </td> <td> </td> <td> </td> <td> 17 </td> <td> 52 </td> </tr> <tr> <td> History </td> <td> </td> <td> </td> <td> 0 </td> <td> 54 </td> </tr> <tr> <td> Other </td> <td> </td> <td> </td> <td> 0 </td> <td> </td> </tr> <tr> <td> TOTAL (should = 100%) </td> <td> </td> <td> </td> <td> 100% </td> <td> </td> </tr> </table>",226091,../data/cds-docs/2023-2024/226091.pdf,2023-2024
