section,table_num,table_code,table_title,table_records,table_html,unitid,file,year
B,1,B1,Institutional Enrollment - Men and Women,"[[{0: 'Undergraduate Students: Full-Time', 1: 'Men', 2: 'Women', 3: 'Another Gender', 4: 'Unknown'}, {0: 'Degree-seeking, first-time first-year\nstudents', 1: '534', 2: '605', 3: '', 4: ''}, {0: 'Other first-year, degree-seeking', 1: '177', 2: '116', 3: '', 4: ''}, {0: 'All other degree-seeking', 1: '1,328', 2: '1,529', 3: '', 4: ''}, {0: 'Total degree-seeking', 1: '2,039', 2: '2,250', 3: '0', 4: '0'}, {0: 'All other undergraduates enrolled in credit', 1: '0', 2: '0', 3: '', 4: ''}, {0: 'Total undergraduate Full-Time Students', 1: '2,039', 2: '2,250', 3: '0', 4: '0'}], [{0: 'Undergraduate Students: Part-Time', 1: 'Men', 2: 'Women', 3: 'Another Gender', 4: 'Unknown'}, {0: 'Degree-seeking, first-time first-year\nstudents', 1: '1', 2: '0', 3: '', 4: ''}, {0: 'Other first-year, degree-seeking', 1: '1', 2: '7', 3: '', 4: ''}, {0: 'All other degree-seeking', 1: '33', 2: '34', 3: '', 4: ''}, {0: 'Total degree-seeking', 1: '35', 2: '41', 3: '0', 4: '0'}, {0: 'All other undergraduates enrolled in credit', 1: '4', 2: '0', 3: '', 4: ''}, {0: 'Total undergraduate Part-Time Students', 1: '39', 2: '41', 3: '0', 4: '0'}], [{0: 'Undergraduate Students: All', 1: 'Men', 2: 'Women', 3: 'Another Gender', 4: 'Unknown'}, {0: 'Total undergraduate Students', 1: '2,078', 2: '2,291', 3: '0', 4: '0'}], [{0: 'Graduate Students: Full-Time', 1: 'Graduate Students: Full-Time', 2: 'Graduate Students: Full-Time', 3: 'Graduate Students: Full-Time', 4: 'Graduate Students: Full-Time'}, {0: 'Degree-seeking, first-time', 1: '24', 2: '34', 3: '', 4: ''}, {0: 'All other degree-seeking', 1: '3', 2: '1', 3: '', 4: ''}, {0: 'All other graduates enrolled in credit', 1: '1', 2: '2', 3: '', 4: ''}, {0: 'Total graduate Full-Time Students', 1: '28', 2: '37', 3: '0', 4: '0'}], [{0: 'Graduate Students: Part-Time', 1: 'Graduate Students: Part-Time', 2: 'Graduate Students: Part-Time', 3: 'Graduate Students: Part-Time', 4: 'Graduate Students: Part-Time'}, {0: 'Degree-seeking, first-time', 1: '2', 2: '0', 3: '', 4: ''}, {0: 'All other degree-seeking', 1: '5', 2: '11', 3: '', 4: ''}, {0: 'All other graduates enrolled in credit', 1: '0', 2: '2', 3: '', 4: ''}, {0: 'Total graduate Part-Time Students', 1: '7', 2: '13', 3: '0', 4: '0'}], [{0: 'Graduate Students: All', 1: 'Men', 2: 'Women', 3: 'Another Gender', 4: 'Unknown'}, {0: 'Total Graduate Students', 1: '35', 2: '50', 3: '0', 4: '0'}], [{0: 'All Students: Total', 1: 'Men', 2: 'Women', 3: 'Another Gender', 4: 'Unknown'}, {0: 'Total all students', 1: '2,113', 2: '2,341', 3: '0', 4: '0'}]]","<table> <tr> <td> Undergraduate Students: Full-Time </td> <td> Men </td> <td> Women </td> <td> Another Gender </td> <td> Unknown </td> </tr> <tr> <td> Degree-seeking, first-time first-year <br/> students </td> <td> 534 </td> <td> 605 </td> <td> </td> <td> </td> </tr> <tr> <td> Other first-year, degree-seeking </td> <td> 177 </td> <td> 116 </td> <td> </td> <td> </td> </tr> <tr> <td> All other degree-seeking </td> <td> 1,328 </td> <td> 1,529 </td> <td> </td> <td> </td> </tr> <tr> <td> Total degree-seeking </td> <td> 2,039 </td> <td> 2,250 </td> <td> 0 </td> <td> 0 </td> </tr> <tr> <td> All other undergraduates enrolled in credit </td> <td> 0 </td> <td> 0 </td> <td> </td> <td> </td> </tr> <tr> <td> Total undergraduate Full-Time Students </td> <td> 2,039 </td> <td> 2,250 </td> <td> 0 </td> <td> 0 </td> </tr> </table><div class=""separator""></div><table> <tr> <td> Undergraduate Students: Part-Time </td> <td> Men </td> <td> Women </td> <td> Another Gender </td> <td> Unknown </td> </tr> <tr> <td> Degree-seeking, first-time first-year <br/> students </td> <td> 1 </td> <td> 0 </td> <td> </td> <td> </td> </tr> <tr> <td> Other first-year, degree-seeking </td> <td> 1 </td> <td> 7 </td> <td> </td> <td> </td> </tr> <tr> <td> All other degree-seeking </td> <td> 33 </td> <td> 34 </td> <td> </td> <td> </td> </tr> <tr> <td> Total degree-seeking </td> <td> 35 </td> <td> 41 </td> <td> 0 </td> <td> 0 </td> </tr> <tr> <td> All other undergraduates enrolled in credit </td> <td> 4 </td> <td> 0 </td> <td> </td> <td> </td> </tr> <tr> <td> Total undergraduate Part-Time Students </td> <td> 39 </td> <td> 41 </td> <td> 0 </td> <td> 0 </td> </tr> </table><div class=""separator""></div><table> <tr> <td> Undergraduate Students: All </td> <td> Men </td> <td> Women </td> <td> Another Gender </td> <td> Unknown </td> </tr> <tr> <td> Total undergraduate Students </td> <td> 2,078 </td> <td> 2,291 </td> <td> 0 </td> <td> 0 </td> </tr> </table><div class=""separator""></div><table> <tr> <td colspan=""5""> Graduate Students: Full-Time </td> </tr> <tr> <td> Degree-seeking, first-time </td> <td> 24 </td> <td> 34 </td> <td> </td> <td> </td> </tr> <tr> <td> All other degree-seeking </td> <td> 3 </td> <td> 1 </td> <td> </td> <td> </td> </tr> <tr> <td> All other graduates enrolled in credit </td> <td> 1 </td> <td> 2 </td> <td> </td> <td> </td> </tr> <tr> <td> Total graduate Full-Time Students </td> <td> 28 </td> <td> 37 </td> <td> 0 </td> <td> 0 </td> </tr> </table><div class=""separator""></div><table> <tr> <td colspan=""5""> Graduate Students: Part-Time </td> </tr> <tr> <td> Degree-seeking, first-time </td> <td> 2 </td> <td> 0 </td> <td> </td> <td> </td> </tr> <tr> <td> All other degree-seeking </td> <td> 5 </td> <td> 11 </td> <td> </td> <td> </td> </tr> <tr> <td> All other graduates enrolled in credit </td> <td> 0 </td> <td> 2 </td> <td> </td> <td> </td> </tr> <tr> <td> Total graduate Part-Time Students </td> <td> 7 </td> <td> 13 </td> <td> 0 </td> <td> 0 </td> </tr> </table><div class=""separator""></div><table> <tr> <td> Graduate Students: All </td> <td> Men </td> <td> Women </td> <td> Another Gender </td> <td> Unknown </td> </tr> <tr> <td> Total Graduate Students </td> <td> 35 </td> <td> 50 </td> <td> 0 </td> <td> 0 </td> </tr> </table><div class=""separator""></div><table> <tr> <td> All Students: Total </td> <td> Men </td> <td> Women </td> <td> Another Gender </td> <td> Unknown </td> </tr> <tr> <td> Total all students </td> <td> 2,113 </td> <td> 2,341 </td> <td> 0 </td> <td> 0 </td> </tr> </table>",231712,../data/cds-docs/2024-2025/231712.pdf,2024-2025
B,4,B4,-B21: Graduation Rates,"[[{0: '', 1: 'Recipients of a\nFederal Pell\nGrant', 2: 'Recipients of a\nSubsidized\nStafford Loan\nwho did not\nreceive a Pell\nGrant', 3: 'Students who did\nnot receive either a\nPell Grant or a\nsubsidized Stafford\nLoan', 4: 'Total\n(sum of 3 columns to\nthe left)'}, {0: ""Initial 2018 cohort of first-time, full-time,\nbachelor's (or equivalent) degree-seeking\nundergraduate students"", 1: '145', 2: '299', 3: '784', 4: '1228'}, {0: 'Of the initial 2018 cohort, how many did not\npersist and did not graduate for the following\nreasons:\n• Deceased\n• Permanently Disabled\n• Armed Forces\n• Foreign Aid Service of the Federal Government\n• Official church missions\n• Report Total Allowable Exclusions', 1: '0', 2: '1', 3: '0', 4: '1'}, {0: 'Final 2018 cohort, after adjusting for allowable\nexclusions', 1: '145', 2: '298', 3: '784', 4: '1227'}, {0: 'Of the initial 2018 cohort, how many completed\nthe program in four years or less (by Aug. 31,\n2022)', 1: '85', 2: '184', 3: '511', 4: '780'}, {0: 'Of the initial 2018 cohort, how many completed\nthe program in more than four years but in five\nyears or less (after Aug. 31, 2022 and by Aug.\n31, 2023)', 1: '5', 2: '19', 3: '59', 4: '83'}]]","<table> <tr> <td> </td> <td> Recipients of a <br/> Federal Pell <br/> Grant </td> <td> Recipients of a <br/> Subsidized <br/> Stafford Loan <br/> who did not <br/> receive a Pell <br/> Grant </td> <td> Students who did <br/> not receive either a <br/> Pell Grant or a <br/> subsidized Stafford <br/> Loan </td> <td> Total <br/> (sum of 3 columns to <br/> the left) </td> </tr> <tr> <td> Initial 2018 cohort of first-time, full-time, <br/> bachelor's (or equivalent) degree-seeking <br/> undergraduate students </td> <td> 145 </td> <td> 299 </td> <td> 784 </td> <td> 1228 </td> </tr> <tr> <td> Of the initial 2018 cohort, how many did not <br/> persist and did not graduate for the following <br/> reasons: <br/> • Deceased <br/> • Permanently Disabled <br/> • Armed Forces <br/> • Foreign Aid Service of the Federal Government <br/> • Official church missions <br/> • Report Total Allowable Exclusions </td> <td> 0 </td> <td> 1 </td> <td> 0 </td> <td> 1 </td> </tr> <tr> <td> Final 2018 cohort, after adjusting for allowable <br/> exclusions </td> <td> 145 </td> <td> 298 </td> <td> 784 </td> <td> 1227 </td> </tr> <tr> <td> Of the initial 2018 cohort, how many completed <br/> the program in four years or less (by Aug. 31, <br/> 2022) </td> <td> 85 </td> <td> 184 </td> <td> 511 </td> <td> 780 </td> </tr> <tr> <td> Of the initial 2018 cohort, how many completed <br/> the program in more than four years but in five <br/> years or less (after Aug. 31, 2022 and by Aug. <br/> 31, 2023) </td> <td> 5 </td> <td> 19 </td> <td> 59 </td> <td> 83 </td> </tr> </table>",231712,../data/cds-docs/2024-2025/231712.pdf,2024-2025
C,1,C1,"First-time, first-year students: Provide the number of degree-seeking, first-time, first-year students who","[[{0: 'First-Time, First-Year Student Applicants', 1: 'First-Time, First-Year Student Applicants', 2: 'First-Time, First-Year Student Applicants', 3: 'Total'}, {0: 'Total first-time, first-year men who applied', 1: 'Total first-time, first-year men who applied', 2: 'Total first-time, first-year men who applied', 3: '3223'}, {0: 'Total first-time, first-year', 1: 'women who applied', 2: 'women who applied', 3: '4118'}, {0: 'Total first-time, first-year', 1: 'another gender who applied', 2: 'another gender who applied', 3: ''}, {0: 'Total first-time, first-year', 1: 'unknown gender who', 2: 'applied', 3: ''}], [{0: 'First-Time, First-Year Student Admits', 1: 'First-Time, First-Year Student Admits', 2: 'Total'}, {0: 'Total first-time, first-year men who were admitted', 1: 'Total first-time, first-year men who were admitted', 2: '2729'}, {0: 'Total first-time, first-year', 1: 'women who were admitted', 2: '3587'}, {0: 'Total first-time, first-year', 1: 'another gender who were admitted', 2: ''}, {0: 'Total first-time, first-year', 1: 'unknown gender who were admitted', 2: ''}], [{0: 'First-Time, First-Year Student Enrollees by Status', 1: 'First-Time, First-Year Student Enrollees by Status', 2: 'Total'}, {0: 'Total full-time, first-time, first-year men who enrolled', 1: 'Total full-time, first-time, first-year men who enrolled', 2: '534'}, {0: 'Total part-time, first-time, first-year men who enrolled', 1: 'Total part-time, first-time, first-year men who enrolled', 2: '1'}, {0: 'Total full-time, first-time, first-year women who enrolled', 1: 'Total full-time, first-time, first-year women who enrolled', 2: '605'}, {0: 'Total part-time, first-time, first-year women who enrolled', 1: 'Total part-time, first-time, first-year women who enrolled', 2: '0'}, {0: 'Total full-time, first-time, first-year another gender who enrolled', 1: 'Total full-time, first-time, first-year another gender who enrolled', 2: ''}, {0: 'Total part-time, first-time, first-year another gender who enrolled', 1: 'Total part-time, first-time, first-year another gender who enrolled', 2: ''}, {0: 'Total full-time, first-time, first-year unknown', 1: 'gender who enrolled', 2: ''}, {0: 'Total part-time, first-time, first-year unknown gender who enrolled', 1: 'Total part-time, first-time, first-year unknown gender who enrolled', 2: ''}], [{0: 'First-Time, First-Year Student Applicants', 1: 'First-Time, First-Year Student Applicants', 2: 'Total', 3: 'In-State', 4: 'Out-of-State', 5: 'International', 6: 'Unknown'}, {0: 'Total first-time, first-year who applied', 1: 'Total first-time, first-year who applied', 2: '7341', 3: '6030', 4: '1293', 5: '18', 6: ''}, {0: 'Total first-time, first-year', 1: 'who were admitted', 2: '6316', 3: '5179', 4: '1127', 5: '10', 6: ''}, {0: 'Total first-time, first-year', 1: 'who enrolled', 2: '1140', 3: '1045', 4: '90', 5: '5', 6: ''}]]","<table> <tr> <td colspan=""3""> First-Time, First-Year Student Applicants </td> <td> Total </td> </tr> <tr> <td colspan=""3""> Total first-time, first-year men who applied </td> <td> 3223 </td> </tr> <tr> <td> Total first-time, first-year </td> <td colspan=""2""> women who applied </td> <td> 4118 </td> </tr> <tr> <td> Total first-time, first-year </td> <td colspan=""2""> another gender who applied </td> <td> </td> </tr> <tr> <td> Total first-time, first-year </td> <td> unknown gender who </td> <td> applied </td> <td> </td> </tr> </table><div class=""separator""></div><table> <tr> <td colspan=""2""> First-Time, First-Year Student Admits </td> <td> Total </td> </tr> <tr> <td colspan=""2""> Total first-time, first-year men who were admitted </td> <td> 2729 </td> </tr> <tr> <td> Total first-time, first-year </td> <td> women who were admitted </td> <td> 3587 </td> </tr> <tr> <td> Total first-time, first-year </td> <td> another gender who were admitted </td> <td> </td> </tr> <tr> <td> Total first-time, first-year </td> <td> unknown gender who were admitted </td> <td> </td> </tr> </table><div class=""separator""></div><table> <tr> <td colspan=""2""> First-Time, First-Year Student Enrollees by Status </td> <td> Total </td> </tr> <tr> <td colspan=""2""> Total full-time, first-time, first-year men who enrolled </td> <td> 534 </td> </tr> <tr> <td colspan=""2""> Total part-time, first-time, first-year men who enrolled </td> <td> 1 </td> </tr> <tr> <td colspan=""2""> Total full-time, first-time, first-year women who enrolled </td> <td> 605 </td> </tr> <tr> <td colspan=""2""> Total part-time, first-time, first-year women who enrolled </td> <td> 0 </td> </tr> <tr> <td colspan=""2""> Total full-time, first-time, first-year another gender who enrolled </td> <td> </td> </tr> <tr> <td colspan=""2""> Total part-time, first-time, first-year another gender who enrolled </td> <td> </td> </tr> <tr> <td> Total full-time, first-time, first-year unknown </td> <td> gender who enrolled </td> <td> </td> </tr> <tr> <td colspan=""2""> Total part-time, first-time, first-year unknown gender who enrolled </td> <td> </td> </tr> </table><div class=""separator""></div><table> <tr> <td colspan=""2""> First-Time, First-Year Student Applicants </td> <td> Total </td> <td> In-State </td> <td> Out-of-State </td> <td> International </td> <td> Unknown </td> </tr> <tr> <td colspan=""2""> Total first-time, first-year who applied </td> <td> 7341 </td> <td> 6030 </td> <td> 1293 </td> <td> 18 </td> <td> </td> </tr> <tr> <td> Total first-time, first-year </td> <td> who were admitted </td> <td> 6316 </td> <td> 5179 </td> <td> 1127 </td> <td> 10 </td> <td> </td> </tr> <tr> <td> Total first-time, first-year </td> <td> who enrolled </td> <td> 1140 </td> <td> 1045 </td> <td> 90 </td> <td> 5 </td> <td> </td> </tr> </table>",231712,../data/cds-docs/2024-2025/231712.pdf,2024-2025
C,2,C2,"First-time, first-year wait-listed students","[[{0: 'WAITING LIST', 1: 'WAITING LIST', 2: 'WAITING LIST', 3: 'TOTAL'}, {0: 'Number of qualified applicants offered a place on waiting list:', 1: 'Number of qualified applicants offered a place on waiting list:', 2: 'Number of qualified applicants offered a place on waiting list:', 3: '378'}, {0: 'Number accepting a', 1: 'place on the waiting', 2: 'list:', 3: '86'}, {0: 'Number of wait-listed students admitted:', 1: 'Number of wait-listed students admitted:', 2: 'Number of wait-listed students admitted:', 3: '36'}]]","<table> <tr> <td colspan=""3""> WAITING LIST </td> <td> TOTAL </td> </tr> <tr> <td colspan=""3""> Number of qualified applicants offered a place on waiting list: </td> <td> 378 </td> </tr> <tr> <td> Number accepting a </td> <td> place on the waiting </td> <td> list: </td> <td> 86 </td> </tr> <tr> <td colspan=""3""> Number of wait-listed students admitted: </td> <td> 36 </td> </tr> </table>",231712,../data/cds-docs/2024-2025/231712.pdf,2024-2025
C,3,C3,High school completion requirement,"[[{0: 'High school diploma is required and GED is accepted', 1: 'High school diploma is required and GED is accepted', 2: 'High school diploma is required and GED is accepted', 3: 'High school diploma is required and GED is accepted', 4: ''}, {0: 'High', 1: 'school diploma is required and GED is not accepted', 2: 'school diploma is required and GED is not accepted', 3: 'school diploma is required and GED is not accepted', 4: 'X'}, {0: 'High', 1: 'school', 2: 'diploma or', 3: 'equivalent is not required', 4: ''}]]","<table> <tr> <td colspan=""4""> High school diploma is required and GED is accepted </td> <td> </td> </tr> <tr> <td> High </td> <td colspan=""3""> school diploma is required and GED is not accepted </td> <td> X </td> </tr> <tr> <td> High </td> <td> school </td> <td> diploma or </td> <td> equivalent is not required </td> <td> </td> </tr> </table>",231712,../data/cds-docs/2024-2025/231712.pdf,2024-2025
C,4,C4,Does your institution require or recommend a general college-preparatory program for degree-,"[[{0: 'Require', 1: 'X'}, {0: 'Recommend', 1: ''}, {0: 'Neither require nor recommend', 1: ''}]]",<table> <tr> <td> Require </td> <td> X </td> </tr> <tr> <td> Recommend </td> <td> </td> </tr> <tr> <td> Neither require nor recommend </td> <td> </td> </tr> </table>,231712,../data/cds-docs/2024-2025/231712.pdf,2024-2025
C,5,C5,Distribution of high school units required and/or recommended. Specify the distribution of academic,"[[{0: 'Distribution of high school units', 1: 'Required', 2: 'Recommended'}, {0: 'Total academic units', 1: '26', 2: '26'}, {0: 'English', 1: '4', 2: '4'}, {0: 'Mathematics', 1: '4', 2: '4'}, {0: 'Science', 1: '4', 2: '4'}, {0: 'Of these, units that must be\nlab', 1: '4', 2: '4'}, {0: 'Foreign language', 1: '3', 2: '3'}, {0: 'Social studies', 1: '4', 2: '4'}, {0: 'History', 1: '', 2: ''}, {0: 'Academic electives', 1: '2', 2: '2'}, {0: 'Computer Science', 1: '', 2: ''}, {0: 'Visual/Performing Arts', 1: '1', 2: '1'}, {0: 'Other (specify)', 1: '', 2: ''}]]","<table> <tr> <td> Distribution of high school units </td> <td> Required </td> <td> Recommended </td> </tr> <tr> <td> Total academic units </td> <td> 26 </td> <td> 26 </td> </tr> <tr> <td> English </td> <td> 4 </td> <td> 4 </td> </tr> <tr> <td> Mathematics </td> <td> 4 </td> <td> 4 </td> </tr> <tr> <td> Science </td> <td> 4 </td> <td> 4 </td> </tr> <tr> <td> Of these, units that must be <br/> lab </td> <td> 4 </td> <td> 4 </td> </tr> <tr> <td> Foreign language </td> <td> 3 </td> <td> 3 </td> </tr> <tr> <td> Social studies </td> <td> 4 </td> <td> 4 </td> </tr> <tr> <td> History </td> <td> </td> <td> </td> </tr> <tr> <td> Academic electives </td> <td> 2 </td> <td> 2 </td> </tr> <tr> <td> Computer Science </td> <td> </td> <td> </td> </tr> <tr> <td> Visual/Performing Arts </td> <td> 1 </td> <td> 1 </td> </tr> <tr> <td> Other (specify) </td> <td> </td> <td> </td> </tr> </table>",231712,../data/cds-docs/2024-2025/231712.pdf,2024-2025
C,7,C7,"Relative importance of each of the following academic and nonacademic factors in your first-time,","[[{0: 'Academic', 1: 'Very Important', 2: 'Important', 3: 'Considered', 4: 'Not Considered'}, {0: 'Rigor of secondary school record', 1: 'X', 2: '', 3: '', 4: ''}, {0: 'Class rank', 1: '', 2: 'X', 3: '', 4: ''}, {0: 'Academic GPA', 1: 'X', 2: '', 3: '', 4: ''}, {0: 'Standardized test scores', 1: '', 2: 'X', 3: '', 4: ''}, {0: 'Application Essay', 1: '', 2: 'X', 3: '', 4: ''}, {0: 'Recommendation(s)', 1: '', 2: 'X', 3: '', 4: ''}, {0: 'Nonacademic', 1: 'Very Important', 2: 'Important', 3: 'Considered', 4: 'Not Considered'}, {0: 'Interview', 1: '', 2: 'X', 3: '', 4: ''}, {0: 'Extracurricular activities', 1: '', 2: 'X', 3: '', 4: ''}, {0: 'Talent/ability', 1: '', 2: 'X', 3: '', 4: ''}, {0: 'Character/personal qualities', 1: '', 2: 'X', 3: '', 4: ''}, {0: 'First generation', 1: '', 2: '', 3: 'X', 4: ''}, {0: 'Alumni/ae relation', 1: '', 2: '', 3: '', 4: 'X'}, {0: 'Geographical residence', 1: '', 2: '', 3: 'X', 4: ''}, {0: 'State residency', 1: '', 2: '', 3: 'X', 4: ''}, {0: 'Religious affiliation/commitment', 1: '', 2: '', 3: '', 4: 'X'}, {0: 'Volunteer work', 1: '', 2: 'X', 3: '', 4: ''}, {0: 'Work experience', 1: '', 2: 'X', 3: '', 4: ''}, {0: 'Level of applicant’s interest', 1: '', 2: 'X', 3: '', 4: ''}]]",<table> <tr> <td> Academic </td> <td> Very Important </td> <td> Important </td> <td> Considered </td> <td> Not Considered </td> </tr> <tr> <td> Rigor of secondary school record </td> <td> X </td> <td> </td> <td> </td> <td> </td> </tr> <tr> <td> Class rank </td> <td> </td> <td> X </td> <td> </td> <td> </td> </tr> <tr> <td> Academic GPA </td> <td> X </td> <td> </td> <td> </td> <td> </td> </tr> <tr> <td> Standardized test scores </td> <td> </td> <td> X </td> <td> </td> <td> </td> </tr> <tr> <td> Application Essay </td> <td> </td> <td> X </td> <td> </td> <td> </td> </tr> <tr> <td> Recommendation(s) </td> <td> </td> <td> X </td> <td> </td> <td> </td> </tr> <tr> <td> Nonacademic </td> <td> Very Important </td> <td> Important </td> <td> Considered </td> <td> Not Considered </td> </tr> <tr> <td> Interview </td> <td> </td> <td> X </td> <td> </td> <td> </td> </tr> <tr> <td> Extracurricular activities </td> <td> </td> <td> X </td> <td> </td> <td> </td> </tr> <tr> <td> Talent/ability </td> <td> </td> <td> X </td> <td> </td> <td> </td> </tr> <tr> <td> Character/personal qualities </td> <td> </td> <td> X </td> <td> </td> <td> </td> </tr> <tr> <td> First generation </td> <td> </td> <td> </td> <td> X </td> <td> </td> </tr> <tr> <td> Alumni/ae relation </td> <td> </td> <td> </td> <td> </td> <td> X </td> </tr> <tr> <td> Geographical residence </td> <td> </td> <td> </td> <td> X </td> <td> </td> </tr> <tr> <td> State residency </td> <td> </td> <td> </td> <td> X </td> <td> </td> </tr> <tr> <td> Religious affiliation/commitment </td> <td> </td> <td> </td> <td> </td> <td> X </td> </tr> <tr> <td> Volunteer work </td> <td> </td> <td> X </td> <td> </td> <td> </td> </tr> <tr> <td> Work experience </td> <td> </td> <td> X </td> <td> </td> <td> </td> </tr> <tr> <td> Level of applicant’s interest </td> <td> </td> <td> X </td> <td> </td> <td> </td> </tr> </table>,231712,../data/cds-docs/2024-2025/231712.pdf,2024-2025
C,8,C8,: SAT and ACT Policies,"[[{0: 'Yes', 1: 'No'}, {0: 'X', 1: ''}], [{0: 'Yes', 1: 'No'}, {0: 'X', 1: ''}], [{0: 'SAT', 1: 'X'}, {0: 'ACT', 1: 'X'}, {0: 'AP', 1: 'X'}, {0: 'CLEP', 1: ''}, {0: 'Institutional Exam', 1: ''}, {0: 'State Exam (specify):', 1: ''}]]","<table> <tr> <td> Yes </td> <td> No </td> </tr> <tr> <td> X </td> <td> </td> </tr> </table><div class=""separator""></div><table> <tr> <td> Yes </td> <td> No </td> </tr> <tr> <td> X </td> <td> </td> </tr> </table><div class=""separator""></div><table> <tr> <td> SAT </td> <td> X </td> </tr> <tr> <td> ACT </td> <td> X </td> </tr> <tr> <td> AP </td> <td> X </td> </tr> <tr> <td> CLEP </td> <td> </td> </tr> <tr> <td> Institutional Exam </td> <td> </td> </tr> <tr> <td> State Exam (specify): </td> <td> </td> </tr> </table>",231712,../data/cds-docs/2024-2025/231712.pdf,2024-2025
D,2,D2,"Provide the number of students who applied, were admitted, and enrolled as degree-seeking transfer students in","[[{0: 'Transfer Admission', 1: 'Applicants', 2: 'Admitted', 3: 'Enrolled'}, {0: 'Men', 1: '202', 2: '133', 3: '80'}, {0: 'Women', 1: '265', 2: '196', 3: '107'}, {0: 'Another Gender', 1: '', 2: '', 3: ''}, {0: 'Unknown', 1: '', 2: '', 3: ''}, {0: 'Total', 1: '467', 2: '329', 3: '187'}]]",<table> <tr> <td> Transfer Admission </td> <td> Applicants </td> <td> Admitted </td> <td> Enrolled </td> </tr> <tr> <td> Men </td> <td> 202 </td> <td> 133 </td> <td> 80 </td> </tr> <tr> <td> Women </td> <td> 265 </td> <td> 196 </td> <td> 107 </td> </tr> <tr> <td> Another Gender </td> <td> </td> <td> </td> <td> </td> </tr> <tr> <td> Unknown </td> <td> </td> <td> </td> <td> </td> </tr> <tr> <td> Total </td> <td> 467 </td> <td> 329 </td> <td> 187 </td> </tr> </table>,231712,../data/cds-docs/2024-2025/231712.pdf,2024-2025
D,9,D9,"List application priority, closing, notification, and candidate reply dates for transfer students. If applications are","[[{0: 'Term', 1: 'Priority Date', 2: 'Closing Date', 3: 'Notification Date', 4: 'Reply Date', 5: 'Rolling\nAdmission'}, {0: 'Fall', 1: '1-Mar', 2: '15-Jul', 3: '', 4: '', 5: ''}]]",<table> <tr> <td> Term </td> <td> Priority Date </td> <td> Closing Date </td> <td> Notification Date </td> <td> Reply Date </td> <td> Rolling <br/> Admission </td> </tr> <tr> <td> Fall </td> <td> 1-Mar </td> <td> 15-Jul </td> <td> </td> <td> </td> <td> </td> </tr> </table>,231712,../data/cds-docs/2024-2025/231712.pdf,2024-2025
D,18,D18,Does your institution accept the following military/veteran transfer credits:,"[[{0: 'X', 1: ''}, {0: 'X', 1: ''}, {0: '', 1: 'X'}]]",<table> <tr> <td> X </td> <td> </td> </tr> <tr> <td> X </td> <td> </td> </tr> <tr> <td> </td> <td> X </td> </tr> </table>,231712,../data/cds-docs/2024-2025/231712.pdf,2024-2025
F,1,F1,"Percentages of first-time, first-year degree-seeking students and degree-seeking undergraduates enrolled in Fall","[[{0: '', 1: 'First-time, first\ufffe\nyear students', 2: 'Undergraduates'}, {0: 'Percent who are from out of state (exclude\ninternational/nonresidents from the\nnumerator and denominator)', 1: '8%', 2: '7%'}, {0: 'Percent of men who join fraternities', 1: '0%', 2: '19%'}, {0: 'Percent of women who join sororities', 1: '0%', 2: '21%'}, {0: 'Percent who live in college-owned, -\noperated, or -affiliated housing', 1: '94%', 2: '82%'}, {0: 'Percent who live off campus or commute', 1: '6%', 2: '18%'}, {0: 'Percent of students age 25 and older', 1: '0%', 2: '2%'}, {0: 'Average age of full-time students', 1: '18', 2: '20'}, {0: 'Average age of all students (full- and part-', 1: '18', 2: '20'}]]","<table> <tr> <td> </td> <td> First-time, first￾ <br/> year students </td> <td> Undergraduates </td> </tr> <tr> <td> Percent who are from out of state (exclude <br/> international/nonresidents from the <br/> numerator and denominator) </td> <td> 8% </td> <td> 7% </td> </tr> <tr> <td> Percent of men who join fraternities </td> <td> 0% </td> <td> 19% </td> </tr> <tr> <td> Percent of women who join sororities </td> <td> 0% </td> <td> 21% </td> </tr> <tr> <td> Percent who live in college-owned, - <br/> operated, or -affiliated housing </td> <td> 94% </td> <td> 82% </td> </tr> <tr> <td> Percent who live off campus or commute </td> <td> 6% </td> <td> 18% </td> </tr> <tr> <td> Percent of students age 25 and older </td> <td> 0% </td> <td> 2% </td> </tr> <tr> <td> Average age of full-time students </td> <td> 18 </td> <td> 20 </td> </tr> <tr> <td> Average age of all students (full- and part- </td> <td> 18 </td> <td> 20 </td> </tr> </table>",231712,../data/cds-docs/2024-2025/231712.pdf,2024-2025
F,3,F3,ROTC (program offered in cooperation with Reserve Officers' Training Corps),"[[{0: 'Programs', 1: 'Marine Option\n(for Naval ROTC)', 2: 'On Campus', 3: 'At Cooperating\nInstitution', 4: 'Name of\nCooperating\nInstitution'}, {0: 'Army ROTC is offered:', 1: '', 2: 'X', 3: '', 4: ''}, {0: 'Naval ROTC is offered:', 1: '', 2: '', 3: '', 4: ''}, {0: 'Air Force ROTC is offered:', 1: '', 2: '', 3: '', 4: ''}]]",<table> <tr> <td> Programs </td> <td> Marine Option <br/> (for Naval ROTC) </td> <td> On Campus </td> <td> At Cooperating <br/> Institution </td> <td> Name of <br/> Cooperating <br/> Institution </td> </tr> <tr> <td> Army ROTC is offered: </td> <td> </td> <td> X </td> <td> </td> <td> </td> </tr> <tr> <td> Naval ROTC is offered: </td> <td> </td> <td> </td> <td> </td> <td> </td> </tr> <tr> <td> Air Force ROTC is offered: </td> <td> </td> <td> </td> <td> </td> <td> </td> </tr> </table>,231712,../data/cds-docs/2024-2025/231712.pdf,2024-2025
G,1,G1,"Undergraduate full-time tuition, required fees, food and housing","[[{0: 'PRIVATE INSTITUTIONS', 1: 'First-Year', 2: 'Undergraduates'}, {0: 'Tuition:', 1: '', 2: ''}], [{0: 'PUBLIC INSTITUTIONS', 1: 'First-Year', 2: 'Undergraduates'}, {0: 'Tuition: In-district', 1: '$10,417', 2: '$10,417'}, {0: 'Tuition: In-state (out-of-district):', 1: '$10,417', 2: '$10,417'}, {0: 'Tuition: Out-of-state:', 1: '$24,238', 2: '$24,238'}, {0: 'Tuition: Non-resident', 1: '$24,238', 2: '$24,238'}, {0: 'FOR ALL INSTITUTIONS', 1: 'First-Year', 2: 'Undergraduates'}, {0: 'Required Fees:', 1: '$6,802', 2: '$6,802'}, {0: 'Food and housing (on-campus):', 1: '$12,756', 2: '$12,756'}, {0: 'Housing Only (on-campus):', 1: '$7,400', 2: '$7,400'}, {0: 'Food Only (on-campus meal plan):', 1: '$5,356', 2: '$5,356'}]]","<table> <tr> <td> PRIVATE INSTITUTIONS </td> <td> First-Year </td> <td> Undergraduates </td> </tr> <tr> <td> Tuition: </td> <td> </td> <td> </td> </tr> </table><div class=""separator""></div><table> <tr> <td> PUBLIC INSTITUTIONS </td> <td> First-Year </td> <td> Undergraduates </td> </tr> <tr> <td> Tuition: In-district </td> <td> $10,417 </td> <td> $10,417 </td> </tr> <tr> <td> Tuition: In-state (out-of-district): </td> <td> $10,417 </td> <td> $10,417 </td> </tr> <tr> <td> Tuition: Out-of-state: </td> <td> $24,238 </td> <td> $24,238 </td> </tr> <tr> <td> Tuition: Non-resident </td> <td> $24,238 </td> <td> $24,238 </td> </tr> <tr> <td> FOR ALL INSTITUTIONS </td> <td> First-Year </td> <td> Undergraduates </td> </tr> <tr> <td> Required Fees: </td> <td> $6,802 </td> <td> $6,802 </td> </tr> <tr> <td> Food and housing (on-campus): </td> <td> $12,756 </td> <td> $12,756 </td> </tr> <tr> <td> Housing Only (on-campus): </td> <td> $7,400 </td> <td> $7,400 </td> </tr> <tr> <td> Food Only (on-campus meal plan): </td> <td> $5,356 </td> <td> $5,356 </td> </tr> </table>",231712,../data/cds-docs/2024-2025/231712.pdf,2024-2025
G,5,G5,Provide the estimated expenses for a typical full-time undergraduate student:,"[[{0: '', 1: 'Residents', 2: 'Residents', 3: 'Commuters', 4: 'Commuters'}, {0: 'Books and supplies:', 1: '$1,604', 2: '$1,604', 3: '$1,604', 4: '$1,604'}, {0: 'Housing only:', 1: 'Not Applicable', 2: 'Not Applicable', 3: 'Not Applicable', 4: '$9,310'}, {0: 'Food only:', 1: 'Not', 2: 'Applicable', 3: '$5,356', 4: '$5,356'}, {0: 'Food and housing total*', 1: 'Not Applicable', 2: 'Not Applicable', 3: 'Not Applicable', 4: ''}, {0: 'Transportation:', 1: '$1,500', 2: '$1,500', 3: '$2,618', 4: '$2,618'}, {0: 'Other expenses:', 1: '$3,020', 2: '$3,020', 3: '$3,020', 4: '$3,020'}]]","<table> <tr> <td> </td> <td colspan=""2""> Residents </td> <td> Commuters </td> <td> Commuters </td> </tr> <tr> <td> Books and supplies: </td> <td colspan=""2""> $1,604 </td> <td> $1,604 </td> <td> $1,604 </td> </tr> <tr> <td> Housing only: </td> <td colspan=""2""> Not Applicable </td> <td> Not Applicable </td> <td> $9,310 </td> </tr> <tr> <td> Food only: </td> <td> Not </td> <td> Applicable </td> <td> $5,356 </td> <td> $5,356 </td> </tr> <tr> <td> Food and housing total* </td> <td colspan=""2""> Not Applicable </td> <td> Not Applicable </td> <td> </td> </tr> <tr> <td> Transportation: </td> <td colspan=""2""> $1,500 </td> <td> $2,618 </td> <td> $2,618 </td> </tr> <tr> <td> Other expenses: </td> <td colspan=""2""> $3,020 </td> <td> $3,020 </td> <td> $3,020 </td> </tr> </table>",231712,../data/cds-docs/2024-2025/231712.pdf,2024-2025
G,6,G6,Undergraduate per-credit-hour charges (tuition only):,"[[{0: 'PRIVATE INSTITUTIONS:', 1: ''}, {0: 'PUBLIC INSTITUTIONS:', 1: ''}, {0: 'In-district:', 1: '$430'}, {0: 'In-state (out-of-district):', 1: '$430'}, {0: 'Out-of-state:', 1: '$1,007'}, {0: 'NONRESIDENTS:', 1: '$1,007'}]]","<table> <tr> <td> PRIVATE INSTITUTIONS: </td> <td> </td> </tr> <tr> <td> PUBLIC INSTITUTIONS: </td> <td> </td> </tr> <tr> <td> In-district: </td> <td> $430 </td> </tr> <tr> <td> In-state (out-of-district): </td> <td> $430 </td> </tr> <tr> <td> Out-of-state: </td> <td> $1,007 </td> </tr> <tr> <td> NONRESIDENTS: </td> <td> $1,007 </td> </tr> </table>",231712,../data/cds-docs/2024-2025/231712.pdf,2024-2025
H,2,H2,", A, and H6 below:","[[{0: 'Aid Awarded', 1: 'Need-based\n(Include non\ufffe\nneed-based aid\nuse to meet\nneed.)', 2: 'Non-need\ufffe\nbased\n(Exclude non\ufffe\nneed-based aid\nuse to meet\nneed.)'}, {0: 'Scholarships/Grants', 1: '', 2: ''}, {0: 'Federal', 1: '$5,359,989', 2: '$71,846'}, {0: 'State all states, not only the state in which your institution is located', 1: '$7,597,106', 2: '$619,161'}, {0: 'Institutional: Endowed scholarships, annual gifts and tuition funded\ngrants, awarded by the college, excluding athletic aid and tuition\nwaivers (which are reported below).', 1: '$1,430,371', 2: '$5,652,190'}, {0: 'Scholarships/grants from external sources (e.g. Kiwanis, National\nMerit) not awarded by the college', 1: '$28,635', 2: '$1,108,529'}, {0: 'Total Scholarships/Grants', 1: '$14,416,101', 2: '$7,451,726'}, {0: 'Self-Help', 1: '', 2: ''}, {0: 'Student loans from all sources (excluding parent loans)', 1: '$4,214,539', 2: '$14,201,432'}, {0: 'Federal Work-Study', 1: '$169,050', 2: ''}, {0: 'State and other (e.g., institutional) work-study/employment (Note:\nExcludes Federal Work-Study captured above.)', 1: '$0', 2: ''}, {0: 'Total Self-Help', 1: '$4,383,589', 2: '$14,201,432'}, {0: 'Parent Loans', 1: '$0', 2: '$8,562,083'}, {0: 'Tuition Waivers\nNote: Reporting is optional. Report tuition waivers in this row if you\nchoose to report them. Do not report tuition waivers elsewhere.', 1: '$0', 2: ''}, {0: 'Athletic Awards', 1: '$0', 2: '$0'}]]","<table> <tr> <td> Aid Awarded </td> <td> Need-based <br/> (Include non￾ <br/> need-based aid <br/> use to meet <br/> need.) </td> <td> Non-need￾ <br/> based <br/> (Exclude non￾ <br/> need-based aid <br/> use to meet <br/> need.) </td> </tr> <tr> <td> Scholarships/Grants </td> <td> </td> <td> </td> </tr> <tr> <td> Federal </td> <td> $5,359,989 </td> <td> $71,846 </td> </tr> <tr> <td> State all states, not only the state in which your institution is located </td> <td> $7,597,106 </td> <td> $619,161 </td> </tr> <tr> <td> Institutional: Endowed scholarships, annual gifts and tuition funded <br/> grants, awarded by the college, excluding athletic aid and tuition <br/> waivers (which are reported below). </td> <td> $1,430,371 </td> <td> $5,652,190 </td> </tr> <tr> <td> Scholarships/grants from external sources (e.g. Kiwanis, National <br/> Merit) not awarded by the college </td> <td> $28,635 </td> <td> $1,108,529 </td> </tr> <tr> <td> Total Scholarships/Grants </td> <td> $14,416,101 </td> <td> $7,451,726 </td> </tr> <tr> <td> Self-Help </td> <td> </td> <td> </td> </tr> <tr> <td> Student loans from all sources (excluding parent loans) </td> <td> $4,214,539 </td> <td> $14,201,432 </td> </tr> <tr> <td> Federal Work-Study </td> <td> $169,050 </td> <td> </td> </tr> <tr> <td> State and other (e.g., institutional) work-study/employment (Note: <br/> Excludes Federal Work-Study captured above.) </td> <td> $0 </td> <td> </td> </tr> <tr> <td> Total Self-Help </td> <td> $4,383,589 </td> <td> $14,201,432 </td> </tr> <tr> <td> Parent Loans </td> <td> $0 </td> <td> $8,562,083 </td> </tr> <tr> <td> Tuition Waivers <br/> Note: Reporting is optional. Report tuition waivers in this row if you <br/> choose to report them. Do not report tuition waivers elsewhere. </td> <td> $0 </td> <td> </td> </tr> <tr> <td> Athletic Awards </td> <td> $0 </td> <td> $0 </td> </tr> </table>",231712,../data/cds-docs/2024-2025/231712.pdf,2024-2025
H,11,H11,Indicate reply dates:,"[[{0: 'Students must reply by (date):', 1: '1-May'}, {0: 'or within _______ weeks of notification.', 1: ''}]]",<table> <tr> <td> Students must reply by (date): </td> <td> 1-May </td> </tr> <tr> <td> or within _______ weeks of notification. </td> <td> </td> </tr> </table>,231712,../data/cds-docs/2024-2025/231712.pdf,2024-2025
H,14,H14,Check off criteria used in awarding institutional aid. Check all that apply.,"[[{0: '', 1: 'Non-Need Based', 2: 'Need-Based'}, {0: 'Academics', 1: 'X', 2: 'X'}, {0: 'Alumni affiliation', 1: 'X', 2: ''}, {0: 'Art', 1: 'X', 2: ''}, {0: 'Athletics', 1: '', 2: ''}, {0: 'Job skills', 1: '', 2: ''}, {0: 'ROTC', 1: 'X', 2: ''}, {0: 'Leadership', 1: 'X', 2: 'X'}, {0: 'Music/drama', 1: 'X', 2: ''}, {0: 'Religious affiliation', 1: 'X', 2: 'X'}, {0: 'State/district residency', 1: 'X', 2: 'X'}]]",<table> <tr> <td> </td> <td> Non-Need Based </td> <td> Need-Based </td> </tr> <tr> <td> Academics </td> <td> X </td> <td> X </td> </tr> <tr> <td> Alumni affiliation </td> <td> X </td> <td> </td> </tr> <tr> <td> Art </td> <td> X </td> <td> </td> </tr> <tr> <td> Athletics </td> <td> </td> <td> </td> </tr> <tr> <td> Job skills </td> <td> </td> <td> </td> </tr> <tr> <td> ROTC </td> <td> X </td> <td> </td> </tr> <tr> <td> Leadership </td> <td> X </td> <td> X </td> </tr> <tr> <td> Music/drama </td> <td> X </td> <td> </td> </tr> <tr> <td> Religious affiliation </td> <td> X </td> <td> X </td> </tr> <tr> <td> State/district residency </td> <td> X </td> <td> X </td> </tr> </table>,231712,../data/cds-docs/2024-2025/231712.pdf,2024-2025
J,1,J1,"Degrees conferred between July 1, 2023 and June 30, 2024","[[{0: 'Category', 1: 'Diploma/Certificates', 2: 'Associate', 3: 'Bachelor’s', 4: 'CIP 2020 Categories\nto Include'}, {0: 'Agriculture', 1: '', 2: '', 3: '', 4: '01'}, {0: 'Natural resources and conservation', 1: '', 2: '', 3: '', 4: '03'}, {0: 'Architecture', 1: '', 2: '', 3: '', 4: '04'}, {0: 'Area, ethnic, and gender studies', 1: '', 2: '', 3: '', 4: '05'}, {0: 'Communication/journalism', 1: '', 2: '', 3: '10%', 4: '09'}, {0: 'Communication technologies', 1: '', 2: '', 3: '', 4: '10'}, {0: 'Computer and information sciences', 1: '', 2: '', 3: '7%', 4: '11'}, {0: 'Personal and culinary services', 1: '', 2: '', 3: '', 4: '12'}, {0: 'Education', 1: '', 2: '', 3: '', 4: '13'}, {0: 'Engineering', 1: '', 2: '', 3: '3%', 4: '14'}, {0: 'Engineering technologies', 1: '', 2: '', 3: '', 4: '15'}, {0: 'Foreign languages, literatures, and linguistics', 1: '', 2: '', 3: '1%', 4: '16'}, {0: 'Family and consumer sciences', 1: '', 2: '', 3: '', 4: '19'}, {0: 'Law/legal studies', 1: '', 2: '', 3: '', 4: '22'}, {0: 'English', 1: '', 2: '', 3: '3%', 4: '23'}, {0: 'Liberal arts/general studies', 1: '', 2: '', 3: '', 4: '24'}, {0: 'Library science', 1: '', 2: '', 3: '', 4: '25'}, {0: 'Biological/life sciences', 1: '', 2: '', 3: '14%', 4: '26'}, {0: 'Mathematics and statistics', 1: '', 2: '', 3: '1%', 4: '27'}, {0: 'Military science and military technologies', 1: '', 2: '', 3: '', 4: '28 & 29'}, {0: 'Interdisciplinary studies', 1: '', 2: '', 3: '6%', 4: '30'}, {0: 'Parks and recreation', 1: '', 2: '', 3: '', 4: '31'}, {0: 'Philosophy and religious studies', 1: '', 2: '', 3: '1%', 4: '38'}, {0: 'Theology and religious vocations', 1: '', 2: '', 3: '', 4: '39'}, {0: 'Physical sciences', 1: '', 2: '', 3: '2%', 4: '40'}, {0: 'Science technologies', 1: '', 2: '', 3: '', 4: '41'}, {0: 'Psychology', 1: '', 2: '', 3: '14%', 4: '42'}, {0: 'Homeland Security, law enforcement, firefighting,', 1: '', 2: '', 3: '', 4: '43'}, {0: 'Public administration and social services', 1: '', 2: '', 3: '2%', 4: '44'}, {0: 'Social sciences', 1: '', 2: '', 3: '14%', 4: '45'}, {0: 'Construction trades', 1: '', 2: '', 3: '', 4: '46'}, {0: 'Mechanic and repair technologies', 1: '', 2: '', 3: '', 4: '47'}, {0: 'Precision production', 1: '', 2: '', 3: '', 4: '48'}, {0: 'Transportation and materials moving', 1: '', 2: '', 3: '', 4: '49'}, {0: 'Visual and performing arts', 1: '', 2: '', 3: '5%', 4: '50'}, {0: 'Health professions and related programs', 1: '', 2: '', 3: '', 4: '51'}, {0: 'Business/marketing', 1: '', 2: '', 3: '13%', 4: '52'}, {0: 'History', 1: '', 2: '', 3: '4%', 4: '54'}, {0: 'Other', 1: '', 2: '', 3: '', 4: ''}, {0: 'TOTAL (should = 100%)', 1: '0.00%', 2: '0.00%', 3: '100.00%', 4: ''}]]","<table> <tr> <td> Category </td> <td> Diploma/Certificates </td> <td> Associate </td> <td> Bachelor’s </td> <td> CIP 2020 Categories <br/> to Include </td> </tr> <tr> <td> Agriculture </td> <td> </td> <td> </td> <td> </td> <td> 01 </td> </tr> <tr> <td> Natural resources and conservation </td> <td> </td> <td> </td> <td> </td> <td> 03 </td> </tr> <tr> <td> Architecture </td> <td> </td> <td> </td> <td> </td> <td> 04 </td> </tr> <tr> <td> Area, ethnic, and gender studies </td> <td> </td> <td> </td> <td> </td> <td> 05 </td> </tr> <tr> <td> Communication/journalism </td> <td> </td> <td> </td> <td> 10% </td> <td> 09 </td> </tr> <tr> <td> Communication technologies </td> <td> </td> <td> </td> <td> </td> <td> 10 </td> </tr> <tr> <td> Computer and information sciences </td> <td> </td> <td> </td> <td> 7% </td> <td> 11 </td> </tr> <tr> <td> Personal and culinary services </td> <td> </td> <td> </td> <td> </td> <td> 12 </td> </tr> <tr> <td> Education </td> <td> </td> <td> </td> <td> </td> <td> 13 </td> </tr> <tr> <td> Engineering </td> <td> </td> <td> </td> <td> 3% </td> <td> 14 </td> </tr> <tr> <td> Engineering technologies </td> <td> </td> <td> </td> <td> </td> <td> 15 </td> </tr> <tr> <td> Foreign languages, literatures, and linguistics </td> <td> </td> <td> </td> <td> 1% </td> <td> 16 </td> </tr> <tr> <td> Family and consumer sciences </td> <td> </td> <td> </td> <td> </td> <td> 19 </td> </tr> <tr> <td> Law/legal studies </td> <td> </td> <td> </td> <td> </td> <td> 22 </td> </tr> <tr> <td> English </td> <td> </td> <td> </td> <td> 3% </td> <td> 23 </td> </tr> <tr> <td> Liberal arts/general studies </td> <td> </td> <td> </td> <td> </td> <td> 24 </td> </tr> <tr> <td> Library science </td> <td> </td> <td> </td> <td> </td> <td> 25 </td> </tr> <tr> <td> Biological/life sciences </td> <td> </td> <td> </td> <td> 14% </td> <td> 26 </td> </tr> <tr> <td> Mathematics and statistics </td> <td> </td> <td> </td> <td> 1% </td> <td> 27 </td> </tr> <tr> <td> Military science and military technologies </td> <td> </td> <td> </td> <td> </td> <td> 28 &amp; 29 </td> </tr> <tr> <td> Interdisciplinary studies </td> <td> </td> <td> </td> <td> 6% </td> <td> 30 </td> </tr> <tr> <td> Parks and recreation </td> <td> </td> <td> </td> <td> </td> <td> 31 </td> </tr> <tr> <td> Philosophy and religious studies </td> <td> </td> <td> </td> <td> 1% </td> <td> 38 </td> </tr> <tr> <td> Theology and religious vocations </td> <td> </td> <td> </td> <td> </td> <td> 39 </td> </tr> <tr> <td> Physical sciences </td> <td> </td> <td> </td> <td> 2% </td> <td> 40 </td> </tr> <tr> <td> Science technologies </td> <td> </td> <td> </td> <td> </td> <td> 41 </td> </tr> <tr> <td> Psychology </td> <td> </td> <td> </td> <td> 14% </td> <td> 42 </td> </tr> <tr> <td> Homeland Security, law enforcement, firefighting, </td> <td> </td> <td> </td> <td> </td> <td> 43 </td> </tr> <tr> <td> Public administration and social services </td> <td> </td> <td> </td> <td> 2% </td> <td> 44 </td> </tr> <tr> <td> Social sciences </td> <td> </td> <td> </td> <td> 14% </td> <td> 45 </td> </tr> <tr> <td> Construction trades </td> <td> </td> <td> </td> <td> </td> <td> 46 </td> </tr> <tr> <td> Mechanic and repair technologies </td> <td> </td> <td> </td> <td> </td> <td> 47 </td> </tr> <tr> <td> Precision production </td> <td> </td> <td> </td> <td> </td> <td> 48 </td> </tr> <tr> <td> Transportation and materials moving </td> <td> </td> <td> </td> <td> </td> <td> 49 </td> </tr> <tr> <td> Visual and performing arts </td> <td> </td> <td> </td> <td> 5% </td> <td> 50 </td> </tr> <tr> <td> Health professions and related programs </td> <td> </td> <td> </td> <td> </td> <td> 51 </td> </tr> <tr> <td> Business/marketing </td> <td> </td> <td> </td> <td> 13% </td> <td> 52 </td> </tr> <tr> <td> History </td> <td> </td> <td> </td> <td> 4% </td> <td> 54 </td> </tr> <tr> <td> Other </td> <td> </td> <td> </td> <td> </td> <td> </td> </tr> <tr> <td> TOTAL (should = 100%) </td> <td> 0.00% </td> <td> 0.00% </td> <td> 100.00% </td> <td> </td> </tr> </table>",231712,../data/cds-docs/2024-2025/231712.pdf,2024-2025
B,1,B1,Institutional Enrollment - Men and Women,"[[{0: '', 1: 'FULL-TIME', 2: 'FULL-TIME', 3: 'FULL-TIME', 4: 'PART-TIME', 5: 'PART-TIME', 6: 'PART-TIME'}, {0: '', 1: 'Men\nWomen Another Gender', 2: 'Men\nWomen Another Gender', 3: 'Men\nWomen Another Gender', 4: 'Men\nWomen Another Gender', 5: 'Men\nWomen Another Gender', 6: 'Men\nWomen Another Gender'}, {0: 'Undergraduates', 1: 'Undergraduates', 2: 'Undergraduates', 3: 'Undergraduates', 4: 'Undergraduates', 5: 'Undergraduates', 6: 'Undergraduates'}, {0: 'Degree-seeking, first-time, first-year', 1: '575', 2: '586', 3: '0', 4: '0', 5: '0', 6: '0'}, {0: 'Other first-year, degree-seeking', 1: '127', 2: '107', 3: '0', 4: '3', 5: '2', 6: '0'}, {0: 'All other degree-seeking', 1: '1,310', 2: '1,641', 3: '0', 4: '50', 5: '41', 6: '0'}, {0: 'Total degree-seeking', 1: '2,012', 2: '2,334', 3: '0', 4: '53', 5: '43', 6: '0'}, {0: 'All other undergraduates enrolled in', 1: '0', 2: '1', 3: '0', 4: '2', 5: '4', 6: '0'}, {0: 'Total undergraduates', 1: '2,012', 2: '2,335', 3: '0', 4: '55', 5: '47', 6: '0'}, {0: 'Graduate', 1: 'Graduate', 2: 'Graduate', 3: 'Graduate', 4: 'Graduate', 5: 'Graduate', 6: 'Graduate'}, {0: 'Degree-seeking, first-time', 1: '28', 2: '48', 3: '0', 4: '2', 5: '5', 6: '0'}, {0: 'All other degree-seeking', 1: '5', 2: '2', 3: '0', 4: '10', 5: '7', 6: '0'}, {0: 'All other graduates enrolled in credit', 1: '0', 2: '2', 3: '0', 4: '1', 5: '0', 6: '0'}, {0: 'Total graduate', 1: '33', 2: '52', 3: '0', 4: '13', 5: '12', 6: '0'}, {0: 'Total all students', 1: '2,045', 2: '2,387', 3: '0', 4: '68', 5: '59', 6: '0'}]]","<table> <tr> <td rowspan=""2""> </td> <td colspan=""3""> FULL-TIME </td> <td colspan=""3""> PART-TIME </td> </tr> <tr> <td colspan=""3""> Men <br/> Women Another Gender </td> <td colspan=""3""> Men <br/> Women Another Gender </td> </tr> <tr> <td colspan=""7""> Undergraduates </td> </tr> <tr> <td> Degree-seeking, first-time, first-year </td> <td> 575 </td> <td> 586 </td> <td> 0 </td> <td> 0 </td> <td> 0 </td> <td> 0 </td> </tr> <tr> <td> Other first-year, degree-seeking </td> <td> 127 </td> <td> 107 </td> <td> 0 </td> <td> 3 </td> <td> 2 </td> <td> 0 </td> </tr> <tr> <td> All other degree-seeking </td> <td> 1,310 </td> <td> 1,641 </td> <td> 0 </td> <td> 50 </td> <td> 41 </td> <td> 0 </td> </tr> <tr> <td> Total degree-seeking </td> <td> 2,012 </td> <td> 2,334 </td> <td> 0 </td> <td> 53 </td> <td> 43 </td> <td> 0 </td> </tr> <tr> <td> All other undergraduates enrolled in </td> <td> 0 </td> <td> 1 </td> <td> 0 </td> <td> 2 </td> <td> 4 </td> <td> 0 </td> </tr> <tr> <td> Total undergraduates </td> <td> 2,012 </td> <td> 2,335 </td> <td> 0 </td> <td> 55 </td> <td> 47 </td> <td> 0 </td> </tr> <tr> <td colspan=""7""> Graduate </td> </tr> <tr> <td> Degree-seeking, first-time </td> <td> 28 </td> <td> 48 </td> <td> 0 </td> <td> 2 </td> <td> 5 </td> <td> 0 </td> </tr> <tr> <td> All other degree-seeking </td> <td> 5 </td> <td> 2 </td> <td> 0 </td> <td> 10 </td> <td> 7 </td> <td> 0 </td> </tr> <tr> <td> All other graduates enrolled in credit </td> <td> 0 </td> <td> 2 </td> <td> 0 </td> <td> 1 </td> <td> 0 </td> <td> 0 </td> </tr> <tr> <td> Total graduate </td> <td> 33 </td> <td> 52 </td> <td> 0 </td> <td> 13 </td> <td> 12 </td> <td> 0 </td> </tr> <tr> <td> Total all students </td> <td> 2,045 </td> <td> 2,387 </td> <td> 0 </td> <td> 68 </td> <td> 59 </td> <td> 0 </td> </tr> </table>",231712,../data/cds-docs/2022-2023/231712.pdf,2022-2023
B,2,B2,Enrollment by Racial/Ethnic Category.,"[[{0: '', 1: 'Degree-Seeking\nFirst-Time\nFirst Year', 2: 'Degree-Seeking\nUndergraduates\n(include first-time\nfirst-year)', 3: 'Total\nUndergraduates\n(both degree & non\ufffe\ndegree-seeking)'}, {0: 'Nonresidents', 1: '2', 2: '16', 3: '16'}, {0: 'Hispanic/Latino', 1: '98', 2: '337', 3: '338'}, {0: 'Black or African American, non-Hispanic', 1: '109', 2: '355', 3: '356'}, {0: 'White, non-Hispanic', 1: '828', 2: '3,285', 3: '3,289'}, {0: 'American Indian or Alaska Native, non-Hispanic', 1: '0', 2: '3', 3: '3'}, {0: 'Asian, non-Hispanic', 1: '50', 2: '179', 3: '179'}, {0: 'Native Hawaiian or other Pacific Islander, non-Hispanic', 1: '2', 2: '5', 3: '5'}, {0: 'Two or more races, non-Hispanic', 1: '68', 2: '224', 3: '224'}, {0: 'Race and/or ethnicity unknown', 1: '4', 2: '38', 3: '39'}, {0: 'TOTAL', 1: '1,161', 2: '4,442', 3: '4,449'}]]","<table> <tr> <td> </td> <td> Degree-Seeking <br/> First-Time <br/> First Year </td> <td> Degree-Seeking <br/> Undergraduates <br/> (include first-time <br/> first-year) </td> <td> Total <br/> Undergraduates <br/> (both degree &amp; non￾ <br/> degree-seeking) </td> </tr> <tr> <td> Nonresidents </td> <td> 2 </td> <td> 16 </td> <td> 16 </td> </tr> <tr> <td> Hispanic/Latino </td> <td> 98 </td> <td> 337 </td> <td> 338 </td> </tr> <tr> <td> Black or African American, non-Hispanic </td> <td> 109 </td> <td> 355 </td> <td> 356 </td> </tr> <tr> <td> White, non-Hispanic </td> <td> 828 </td> <td> 3,285 </td> <td> 3,289 </td> </tr> <tr> <td> American Indian or Alaska Native, non-Hispanic </td> <td> 0 </td> <td> 3 </td> <td> 3 </td> </tr> <tr> <td> Asian, non-Hispanic </td> <td> 50 </td> <td> 179 </td> <td> 179 </td> </tr> <tr> <td> Native Hawaiian or other Pacific Islander, non-Hispanic </td> <td> 2 </td> <td> 5 </td> <td> 5 </td> </tr> <tr> <td> Two or more races, non-Hispanic </td> <td> 68 </td> <td> 224 </td> <td> 224 </td> </tr> <tr> <td> Race and/or ethnicity unknown </td> <td> 4 </td> <td> 38 </td> <td> 39 </td> </tr> <tr> <td> TOTAL </td> <td> 1,161 </td> <td> 4,442 </td> <td> 4,449 </td> </tr> </table>",231712,../data/cds-docs/2022-2023/231712.pdf,2022-2023
B,11,B11,).,"[[{0: '', 1: 'Recipients of a\nFederal Grant Pell', 2: 'Recipients of a\nSubsidized\nStafford Loan who\ndid not receive a\nPell Grant', 3: 'Students who did\nnot receive either a\nPell Grant or a\nsubsidized Stafford\nLoan', 4: 'Total\n(sum of 3 columns to\nthe left)'}, {0: ""Initial 2016 cohort of first-time, full-time,\nbachelor's (or equivalent) degree\ufffe\nseeking undergraduate students"", 1: '153', 2: '283', 3: '792', 4: '1228'}, {0: 'Of the initial 2016 cohort, how many did\nnot persist and did not graduate for the\nfollowing reasons:\n• Deceased\n• Permanently Disabled\n• Armed Forces\n• Foreign Aid Service of the Federal\nGovernment\n• Official church missions\n• Report Total Allowable Exclusions', 1: '0', 2: '1', 3: '2', 4: '3'}, {0: 'Final 2016 cohort, after adjusting for\nallowable exclusions', 1: '153', 2: '282', 3: '790', 4: '1225'}, {0: 'Of the initial 2015 cohort, how many\ncompleted the program in four years or\nless (by Aug. 31, 2020)', 1: '95', 2: '198', 3: '554', 4: '847'}, {0: 'Of the initial 2016 cohort, how many\ncompleted the program in more than\nfour years but in five years or less (after\nAug. 31, 2020 and by Aug. 31, 2021)', 1: '8', 2: '12', 3: '52', 4: '72'}, {0: 'Of the initial 2016 cohort, how many\ncompleted the program in more than\nfive years but in six years or less (after\nAug. 31, 2021 and by Aug. 31, 2022)', 1: '4', 2: '3', 3: '6', 4: '13'}, {0: 'Total graduating within six years (sum\nof lines D, E, and F)', 1: '107', 2: '213', 3: '612', 4: '932'}, {0: 'Six-year graduation rate for 2016 cohort\n(G divided by C)', 1: '70%', 2: '76%', 3: '77%', 4: '76%'}]]","<table> <tr> <td> </td> <td> Recipients of a <br/> Federal Grant Pell </td> <td> Recipients of a <br/> Subsidized <br/> Stafford Loan who <br/> did not receive a <br/> Pell Grant </td> <td> Students who did <br/> not receive either a <br/> Pell Grant or a <br/> subsidized Stafford <br/> Loan </td> <td> Total <br/> (sum of 3 columns to <br/> the left) </td> </tr> <tr> <td> Initial 2016 cohort of first-time, full-time, <br/> bachelor's (or equivalent) degree￾ <br/> seeking undergraduate students </td> <td> 153 </td> <td> 283 </td> <td> 792 </td> <td> 1228 </td> </tr> <tr> <td> Of the initial 2016 cohort, how many did <br/> not persist and did not graduate for the <br/> following reasons: <br/> • Deceased <br/> • Permanently Disabled <br/> • Armed Forces <br/> • Foreign Aid Service of the Federal <br/> Government <br/> • Official church missions <br/> • Report Total Allowable Exclusions </td> <td> 0 </td> <td> 1 </td> <td> 2 </td> <td> 3 </td> </tr> <tr> <td> Final 2016 cohort, after adjusting for <br/> allowable exclusions </td> <td> 153 </td> <td> 282 </td> <td> 790 </td> <td> 1225 </td> </tr> <tr> <td> Of the initial 2015 cohort, how many <br/> completed the program in four years or <br/> less (by Aug. 31, 2020) </td> <td> 95 </td> <td> 198 </td> <td> 554 </td> <td> 847 </td> </tr> <tr> <td> Of the initial 2016 cohort, how many <br/> completed the program in more than <br/> four years but in five years or less (after <br/> Aug. 31, 2020 and by Aug. 31, 2021) </td> <td> 8 </td> <td> 12 </td> <td> 52 </td> <td> 72 </td> </tr> <tr> <td> Of the initial 2016 cohort, how many <br/> completed the program in more than <br/> five years but in six years or less (after <br/> Aug. 31, 2021 and by Aug. 31, 2022) </td> <td> 4 </td> <td> 3 </td> <td> 6 </td> <td> 13 </td> </tr> <tr> <td> Total graduating within six years (sum <br/> of lines D, E, and F) </td> <td> 107 </td> <td> 213 </td> <td> 612 </td> <td> 932 </td> </tr> <tr> <td> Six-year graduation rate for 2016 cohort <br/> (G divided by C) </td> <td> 70% </td> <td> 76% </td> <td> 77% </td> <td> 76% </td> </tr> </table>",231712,../data/cds-docs/2022-2023/231712.pdf,2022-2023
B,12,B12,"Initial cohort, total of first-time, full-time degree/certificate-seeking students:","[[{0: '', 1: '2019 Cohort', 2: '2018 Cohort'}, {0: 'Initial cohort, total of first-time, full-time degree/certificate-seeking students:', 1: '', 2: ''}, {0: 'Of the initial cohort, how many did not persist and did not graduate for the following reasons:\n• • Death Permanently Disability\n• Service in the armed forces,\n• Foreign aid service of the federal government\n• Official church missions\n• Report total allowable exclusions', 1: '', 2: ''}, {0: 'Final cohort, after adjusting for allowable exclusions:', 1: '0', 2: '0'}, {0: 'Completers of programs of less than two years duration (total):', 1: '', 2: ''}, {0: 'Completers of programs of less than two years within 150 percent of normal time:', 1: '', 2: ''}, {0: 'Completers of programs of at least two but less than four years (total):', 1: '', 2: ''}, {0: 'Completers of programs of at least two but less than four-years within 150 percent of normal time:', 1: '', 2: ''}, {0: 'Total transfers-out (within three years) to other institutions:', 1: '', 2: ''}, {0: 'Total transfers to two-year institutions:', 1: '', 2: ''}, {0: 'Total transfers to four-year institutions:', 1: '', 2: ''}]]","<table> <tr> <td> </td> <td> 2019 Cohort </td> <td> 2018 Cohort </td> </tr> <tr> <td> Initial cohort, total of first-time, full-time degree/certificate-seeking students: </td> <td> </td> <td> </td> </tr> <tr> <td> Of the initial cohort, how many did not persist and did not graduate for the following reasons: <br/> • • Death Permanently Disability <br/> • Service in the armed forces, <br/> • Foreign aid service of the federal government <br/> • Official church missions <br/> • Report total allowable exclusions </td> <td> </td> <td> </td> </tr> <tr> <td> Final cohort, after adjusting for allowable exclusions: </td> <td> 0 </td> <td> 0 </td> </tr> <tr> <td> Completers of programs of less than two years duration (total): </td> <td> </td> <td> </td> </tr> <tr> <td> Completers of programs of less than two years within 150 percent of normal time: </td> <td> </td> <td> </td> </tr> <tr> <td> Completers of programs of at least two but less than four years (total): </td> <td> </td> <td> </td> </tr> <tr> <td> Completers of programs of at least two but less than four-years within 150 percent of normal time: </td> <td> </td> <td> </td> </tr> <tr> <td> Total transfers-out (within three years) to other institutions: </td> <td> </td> <td> </td> </tr> <tr> <td> Total transfers to two-year institutions: </td> <td> </td> <td> </td> </tr> <tr> <td> Total transfers to four-year institutions: </td> <td> </td> <td> </td> </tr> </table>",231712,../data/cds-docs/2022-2023/231712.pdf,2022-2023
C,1,C1,"First-time, first-year students: Provide the number of degree-seeking, first-time, first-year students who","[[{0: 'Total first-time, first-year men who applied', 1: '3386'}, {0: 'Total first-time, first-year women who applied', 1: '4041'}], [{0: 'Total first-time, first-year men who were admitted', 1: '2839'}, {0: 'Total first-time, first-year women who were admitted', 1: '3501'}], [{0: 'Total full-time, first-time, first-year men who enrolled', 1: '575'}, {0: 'Total part-time, first-time, first-year men who enrolled', 1: '0'}], [{0: 'Total full-time, first-time, first-year women who enrolled', 1: '586'}, {0: 'Total part-time, first-time, first-year women who enrolled', 1: '0'}]]","<table> <tr> <td> Total first-time, first-year men who applied </td> <td> 3386 </td> </tr> <tr> <td> Total first-time, first-year women who applied </td> <td> 4041 </td> </tr> </table><div class=""separator""></div><table> <tr> <td> Total first-time, first-year men who were admitted </td> <td> 2839 </td> </tr> <tr> <td> Total first-time, first-year women who were admitted </td> <td> 3501 </td> </tr> </table><div class=""separator""></div><table> <tr> <td> Total full-time, first-time, first-year men who enrolled </td> <td> 575 </td> </tr> <tr> <td> Total part-time, first-time, first-year men who enrolled </td> <td> 0 </td> </tr> </table><div class=""separator""></div><table> <tr> <td> Total full-time, first-time, first-year women who enrolled </td> <td> 586 </td> </tr> <tr> <td> Total part-time, first-time, first-year women who enrolled </td> <td> 0 </td> </tr> </table>",231712,../data/cds-docs/2022-2023/231712.pdf,2022-2023
C,2,C2,"First-time, first-year wait-listed students","[[{0: 'WAITING LIST', 1: 'TOTAL'}, {0: 'Number of qualified applicants offered a place on waiting list:', 1: '559'}, {0: 'Number accepting a place on the waiting list:', 1: '165'}, {0: 'Number of wait-listed students admitted:', 1: '165'}]]",<table> <tr> <td> WAITING LIST </td> <td> TOTAL </td> </tr> <tr> <td> Number of qualified applicants offered a place on waiting list: </td> <td> 559 </td> </tr> <tr> <td> Number accepting a place on the waiting list: </td> <td> 165 </td> </tr> <tr> <td> Number of wait-listed students admitted: </td> <td> 165 </td> </tr> </table>,231712,../data/cds-docs/2022-2023/231712.pdf,2022-2023
C,5,C5,Distribution of high school units required and/or recommended. Specify the distribution of academic high,"[[{0: '', 1: 'Required', 2: 'Recommended'}, {0: 'Total academic units', 1: '26', 2: '26'}, {0: 'English', 1: '4', 2: '4'}, {0: 'Mathematics', 1: '4', 2: '4'}, {0: 'Science', 1: '4', 2: '4'}, {0: 'Of these, units that must be\nlab', 1: '4', 2: '4'}, {0: 'Foreign language', 1: '3', 2: '3'}, {0: 'Social studies', 1: '4', 2: '4'}, {0: 'History', 1: '', 2: ''}, {0: 'Academic electives', 1: '2', 2: '2'}, {0: 'Computer Science', 1: '', 2: ''}, {0: 'Visual/Performing Arts', 1: '1', 2: '1'}, {0: ""Other (specify) :to complete\nVirginia's ASD or equivalent"", 1: '4', 2: '4'}]]","<table> <tr> <td> </td> <td> Required </td> <td> Recommended </td> </tr> <tr> <td> Total academic units </td> <td> 26 </td> <td> 26 </td> </tr> <tr> <td> English </td> <td> 4 </td> <td> 4 </td> </tr> <tr> <td> Mathematics </td> <td> 4 </td> <td> 4 </td> </tr> <tr> <td> Science </td> <td> 4 </td> <td> 4 </td> </tr> <tr> <td> Of these, units that must be <br/> lab </td> <td> 4 </td> <td> 4 </td> </tr> <tr> <td> Foreign language </td> <td> 3 </td> <td> 3 </td> </tr> <tr> <td> Social studies </td> <td> 4 </td> <td> 4 </td> </tr> <tr> <td> History </td> <td> </td> <td> </td> </tr> <tr> <td> Academic electives </td> <td> 2 </td> <td> 2 </td> </tr> <tr> <td> Computer Science </td> <td> </td> <td> </td> </tr> <tr> <td> Visual/Performing Arts </td> <td> 1 </td> <td> 1 </td> </tr> <tr> <td> Other (specify) :to complete <br/> Virginia's ASD or equivalent </td> <td> 4 </td> <td> 4 </td> </tr> </table>",231712,../data/cds-docs/2022-2023/231712.pdf,2022-2023
C,7,C7,"Relative importance of each of the following academic and nonacademic factors in your first-time, first-","[[{0: 'Very Important Important Considered Not Considered', 1: 'Very Important Important Considered Not Considered', 2: 'Very Important Important Considered Not Considered', 3: 'Very Important Important Considered Not Considered', 4: 'Very Important Important Considered Not Considered'}, {0: 'Academic', 1: 'Academic', 2: 'Academic', 3: 'Academic', 4: 'Academic'}, {0: 'Rigor of secondary school record', 1: 'x', 2: '', 3: '', 4: ''}, {0: 'Class rank', 1: '', 2: 'x', 3: '', 4: ''}, {0: 'Academic GPA', 1: 'x', 2: '', 3: '', 4: ''}, {0: 'Standardized test scores', 1: '', 2: 'x', 3: '', 4: ''}, {0: 'Application Essay', 1: '', 2: 'x', 3: '', 4: ''}, {0: 'Recommendation(s)', 1: '', 2: 'x', 3: '', 4: ''}, {0: 'Nonacademic', 1: 'Nonacademic', 2: 'Nonacademic', 3: 'Nonacademic', 4: 'Nonacademic'}, {0: 'Interview', 1: '', 2: 'x', 3: '', 4: ''}, {0: 'Extracurricular activities', 1: '', 2: 'x', 3: '', 4: ''}, {0: 'Talent/ability', 1: '', 2: 'x', 3: '', 4: ''}, {0: 'Character/personal qualities', 1: '', 2: 'x', 3: '', 4: ''}, {0: 'First generation', 1: '', 2: '', 3: 'x', 4: ''}, {0: 'Alumni/ae relation', 1: '', 2: '', 3: 'x', 4: ''}, {0: 'Geographical residence', 1: '', 2: '', 3: 'x', 4: ''}, {0: 'State residency', 1: '', 2: '', 3: 'x', 4: ''}, {0: 'Religious affiliation/commitment', 1: '', 2: '', 3: '', 4: 'x'}, {0: 'Racial/ethnic status', 1: '', 2: '', 3: '', 4: 'x'}, {0: 'Volunteer work', 1: '', 2: '', 3: 'x', 4: ''}, {0: 'Work experience', 1: '', 2: '', 3: 'x', 4: ''}, {0: 'Level of applicant’s interest', 1: '', 2: 'x', 3: '', 4: ''}]]","<table> <tr> <td colspan=""5""> Very Important Important Considered Not Considered </td> </tr> <tr> <td colspan=""5""> Academic </td> </tr> <tr> <td> Rigor of secondary school record </td> <td> x </td> <td> </td> <td> </td> <td> </td> </tr> <tr> <td> Class rank </td> <td> </td> <td> x </td> <td> </td> <td> </td> </tr> <tr> <td> Academic GPA </td> <td> x </td> <td> </td> <td> </td> <td> </td> </tr> <tr> <td> Standardized test scores </td> <td> </td> <td> x </td> <td> </td> <td> </td> </tr> <tr> <td> Application Essay </td> <td> </td> <td> x </td> <td> </td> <td> </td> </tr> <tr> <td> Recommendation(s) </td> <td> </td> <td> x </td> <td> </td> <td> </td> </tr> <tr> <td colspan=""5""> Nonacademic </td> </tr> <tr> <td> Interview </td> <td> </td> <td> x </td> <td> </td> <td> </td> </tr> <tr> <td> Extracurricular activities </td> <td> </td> <td> x </td> <td> </td> <td> </td> </tr> <tr> <td> Talent/ability </td> <td> </td> <td> x </td> <td> </td> <td> </td> </tr> <tr> <td> Character/personal qualities </td> <td> </td> <td> x </td> <td> </td> <td> </td> </tr> <tr> <td> First generation </td> <td> </td> <td> </td> <td> x </td> <td> </td> </tr> <tr> <td> Alumni/ae relation </td> <td> </td> <td> </td> <td> x </td> <td> </td> </tr> <tr> <td> Geographical residence </td> <td> </td> <td> </td> <td> x </td> <td> </td> </tr> <tr> <td> State residency </td> <td> </td> <td> </td> <td> x </td> <td> </td> </tr> <tr> <td> Religious affiliation/commitment </td> <td> </td> <td> </td> <td> </td> <td> x </td> </tr> <tr> <td> Racial/ethnic status </td> <td> </td> <td> </td> <td> </td> <td> x </td> </tr> <tr> <td> Volunteer work </td> <td> </td> <td> </td> <td> x </td> <td> </td> </tr> <tr> <td> Work experience </td> <td> </td> <td> </td> <td> x </td> <td> </td> </tr> <tr> <td> Level of applicant’s interest </td> <td> </td> <td> x </td> <td> </td> <td> </td> </tr> </table>",231712,../data/cds-docs/2022-2023/231712.pdf,2022-2023
C,8,C8,: SAT and ACT Policies,"[[{0: 'Yes', 1: 'No'}, {0: 'X', 1: ''}], [{0: '', 1: 'ADMISSION', 2: 'ADMISSION', 3: 'ADMISSION', 4: 'ADMISSION', 5: 'ADMISSION'}, {0: '', 1: 'Require', 2: 'Recommend', 3: 'Require for Some', 4: 'Consider if\nSubmitted', 5: 'Considered Not'}, {0: 'SAT or ACT', 1: '', 2: '', 3: '', 4: 'X', 5: ''}, {0: 'ACT Only', 1: '', 2: '', 3: '', 4: 'X', 5: ''}, {0: 'SAT Only', 1: '', 2: '', 3: '', 4: 'X', 5: ''}]]","<table> <tr> <td> Yes </td> <td> No </td> </tr> <tr> <td> X </td> <td> </td> </tr> </table><div class=""separator""></div><table> <tr> <td rowspan=""2""> </td> <td colspan=""5""> ADMISSION </td> </tr> <tr> <td> Require </td> <td> Recommend </td> <td> Require for Some </td> <td> Consider if <br/> Submitted </td> <td> Considered Not </td> </tr> <tr> <td> SAT or ACT </td> <td> </td> <td> </td> <td> </td> <td> X </td> <td> </td> </tr> <tr> <td> ACT Only </td> <td> </td> <td> </td> <td> </td> <td> X </td> <td> </td> </tr> <tr> <td> SAT Only </td> <td> </td> <td> </td> <td> </td> <td> X </td> <td> </td> </tr> </table>",231712,../data/cds-docs/2022-2023/231712.pdf,2022-2023
C,9,C9,"Percent and number of first-time, first-year students enrolled in Fall 2022 who submitted national","[[{0: '40%', 1: '468'}, {0: '7%', 1: '79'}]]",<table> <tr> <td> 40% </td> <td> 468 </td> </tr> <tr> <td> 7% </td> <td> 79 </td> </tr> </table>,231712,../data/cds-docs/2022-2023/231712.pdf,2022-2023
C,10,C10,"Percent of all degree-seeking, first-time, first-year students who had high school class rank within each","[[{0: 'Assessment', 1: 'Percent'}, {0: 'Percent in top tenth of high school graduating class', 1: '13%'}, {0: 'Percent in top quarter of high school graduating class', 1: '38%'}, {0: 'Percent in top half of high school graduating class', 1: '73%'}, {0: 'Percent in bottom half of high school graduating class', 1: '27%'}, {0: 'Percent in bottom quarter of high school graduating class', 1: '4%'}, {0: 'Percent of total first-time, first-year students who submitted high school\nclass rank:', 1: '53%'}]]","<table> <tr> <td> Assessment </td> <td> Percent </td> </tr> <tr> <td> Percent in top tenth of high school graduating class </td> <td> 13% </td> </tr> <tr> <td> Percent in top quarter of high school graduating class </td> <td> 38% </td> </tr> <tr> <td> Percent in top half of high school graduating class </td> <td> 73% </td> </tr> <tr> <td> Percent in bottom half of high school graduating class </td> <td> 27% </td> </tr> <tr> <td> Percent in bottom quarter of high school graduating class </td> <td> 4% </td> </tr> <tr> <td> Percent of total first-time, first-year students who submitted high school <br/> class rank: </td> <td> 53% </td> </tr> </table>",231712,../data/cds-docs/2022-2023/231712.pdf,2022-2023
C,11,C11,"Percentage of all enrolled, degree-seeking, first-time, first-year students who had high school grade-","[[{0: 'Score Range', 1: 'Percent'}, {0: 'Percent who had GPA of 4.0', 1: '31.00%'}, {0: 'Percent who had GPA between 3.75 and 3.99', 1: '22.00%'}, {0: 'Percent who had GPA between 3.50 and 3.74', 1: '19.00%'}, {0: 'Percent who had GPA between 3.25 and 3.49', 1: '16.00%'}, {0: 'Percent who had GPA between 3.00 and 3.24', 1: '9.00%'}, {0: 'Percent who had GPA between 2.50 and 2.99', 1: '3.00%'}, {0: 'Percent who had GPA between 2.0 and 2.49', 1: '0.00%'}, {0: 'Percent who had GPA between 1.0 and 1.99', 1: '0.00%'}, {0: 'Percent who had GPA below 1.0', 1: '0.00%'}, {0: 'Totals should = 100%', 1: '100.00%'}]]",<table> <tr> <td> Score Range </td> <td> Percent </td> </tr> <tr> <td> Percent who had GPA of 4.0 </td> <td> 31.00% </td> </tr> <tr> <td> Percent who had GPA between 3.75 and 3.99 </td> <td> 22.00% </td> </tr> <tr> <td> Percent who had GPA between 3.50 and 3.74 </td> <td> 19.00% </td> </tr> <tr> <td> Percent who had GPA between 3.25 and 3.49 </td> <td> 16.00% </td> </tr> <tr> <td> Percent who had GPA between 3.00 and 3.24 </td> <td> 9.00% </td> </tr> <tr> <td> Percent who had GPA between 2.50 and 2.99 </td> <td> 3.00% </td> </tr> <tr> <td> Percent who had GPA between 2.0 and 2.49 </td> <td> 0.00% </td> </tr> <tr> <td> Percent who had GPA between 1.0 and 1.99 </td> <td> 0.00% </td> </tr> <tr> <td> Percent who had GPA below 1.0 </td> <td> 0.00% </td> </tr> <tr> <td> Totals should = 100% </td> <td> 100.00% </td> </tr> </table>,231712,../data/cds-docs/2022-2023/231712.pdf,2022-2023
C,14,C14,Application closing date,"[[{0: '', 1: 'Date'}, {0: 'Application closing date (fall)', 1: '2/1'}, {0: 'Priority Date', 1: '2/1'}]]",<table> <tr> <td> </td> <td> Date </td> </tr> <tr> <td> Application closing date (fall) </td> <td> 2/1 </td> </tr> <tr> <td> Priority Date </td> <td> 2/1 </td> </tr> </table>,231712,../data/cds-docs/2022-2023/231712.pdf,2022-2023
D,2,D2,"Provide the number of students who applied, were admitted, and enrolled as degree-seeking transfer","[[{0: '', 1: 'Applicants', 2: 'Admitted', 3: 'Enrolled'}, {0: 'Men', 1: '187', 2: '129', 3: '73'}, {0: 'Women', 1: '207', 2: '145', 3: '71'}, {0: 'Another Gender', 1: '0', 2: '0', 3: '0'}, {0: 'Total', 1: '394', 2: '274', 3: '144'}]]",<table> <tr> <td> </td> <td> Applicants </td> <td> Admitted </td> <td> Enrolled </td> </tr> <tr> <td> Men </td> <td> 187 </td> <td> 129 </td> <td> 73 </td> </tr> <tr> <td> Women </td> <td> 207 </td> <td> 145 </td> <td> 71 </td> </tr> <tr> <td> Another Gender </td> <td> 0 </td> <td> 0 </td> <td> 0 </td> </tr> <tr> <td> Total </td> <td> 394 </td> <td> 274 </td> <td> 144 </td> </tr> </table>,231712,../data/cds-docs/2022-2023/231712.pdf,2022-2023
D,9,D9,Priority Date Closing Date Notification Date Reply Date Rolling,"[[{0: '', 1: 'Priority Date', 2: 'Closing Date', 3: 'Notification Date', 4: 'Reply Date', 5: 'Rolling\nAdmission'}, {0: 'Fall', 1: '3/1', 2: '7/15', 3: '', 4: '', 5: ''}, {0: 'Winter', 1: '', 2: '', 3: '', 4: '', 5: ''}, {0: 'Spring', 1: '10/1', 2: '12/15', 3: '', 4: '', 5: ''}, {0: 'Summer', 1: '', 2: '', 3: '', 4: '', 5: ''}]]",<table> <tr> <td> </td> <td> Priority Date </td> <td> Closing Date </td> <td> Notification Date </td> <td> Reply Date </td> <td> Rolling <br/> Admission </td> </tr> <tr> <td> Fall </td> <td> 3/1 </td> <td> 7/15 </td> <td> </td> <td> </td> <td> </td> </tr> <tr> <td> Winter </td> <td> </td> <td> </td> <td> </td> <td> </td> <td> </td> </tr> <tr> <td> Spring </td> <td> 10/1 </td> <td> 12/15 </td> <td> </td> <td> </td> <td> </td> </tr> <tr> <td> Summer </td> <td> </td> <td> </td> <td> </td> <td> </td> <td> </td> </tr> </table>,231712,../data/cds-docs/2022-2023/231712.pdf,2022-2023
D,18,D18,Does your institution accept the following military/veteran transfer credits:,"[[{0: 'X', 1: ''}, {0: 'X', 1: ''}, {0: '', 1: 'X'}]]",<table> <tr> <td> X </td> <td> </td> </tr> <tr> <td> X </td> <td> </td> </tr> <tr> <td> </td> <td> X </td> </tr> </table>,231712,../data/cds-docs/2022-2023/231712.pdf,2022-2023
F,1,F1,"Percentages of first-time, first-year degree-seeking students and degree-seeking","[[{0: '', 1: 'First-time, first\ufffe\nyear students', 2: 'Undergraduates'}, {0: 'Percent who are from out of state (exclude\ninternational/nonresidents from the numerator and\ndenominator)', 1: '8%', 2: '7%'}, {0: 'Percent of men who join fraternities', 1: '0%', 2: '21%'}, {0: 'Percent of women who join sororities', 1: '0%', 2: '19%'}, {0: 'Percent who live in college-owned, -operated, or -\naffiliated housing', 1: '96%', 2: '80%'}, {0: 'Percent who live off campus or commute', 1: '4%', 2: '20%'}, {0: 'Percent of students age 25 and older', 1: '0%', 2: '1%'}, {0: 'Average age of full-time students', 1: '18', 2: '20'}, {0: 'Average age of all students (full- and part-time)', 1: '18', 2: '20'}]]","<table> <tr> <td> </td> <td> First-time, first￾ <br/> year students </td> <td> Undergraduates </td> </tr> <tr> <td> Percent who are from out of state (exclude <br/> international/nonresidents from the numerator and <br/> denominator) </td> <td> 8% </td> <td> 7% </td> </tr> <tr> <td> Percent of men who join fraternities </td> <td> 0% </td> <td> 21% </td> </tr> <tr> <td> Percent of women who join sororities </td> <td> 0% </td> <td> 19% </td> </tr> <tr> <td> Percent who live in college-owned, -operated, or - <br/> affiliated housing </td> <td> 96% </td> <td> 80% </td> </tr> <tr> <td> Percent who live off campus or commute </td> <td> 4% </td> <td> 20% </td> </tr> <tr> <td> Percent of students age 25 and older </td> <td> 0% </td> <td> 1% </td> </tr> <tr> <td> Average age of full-time students </td> <td> 18 </td> <td> 20 </td> </tr> <tr> <td> Average age of all students (full- and part-time) </td> <td> 18 </td> <td> 20 </td> </tr> </table>",231712,../data/cds-docs/2022-2023/231712.pdf,2022-2023
F,3,F3,ROTC (program offered in cooperation with Reserve Officers' Training Corps),"[[{0: '', 1: 'Marine Option\n(for Naval ROTC)', 2: 'On Campus', 3: 'At Cooperating Institution', 4: 'Name of\nCooperating\nInstitution'}, {0: 'Army ROTC is offered:', 1: '', 2: 'X', 3: '', 4: ''}, {0: 'Naval ROTC is offered:', 1: '', 2: '', 3: '', 4: ''}, {0: 'Air Force ROTC is offered:', 1: '', 2: '', 3: '', 4: ''}]]",<table> <tr> <td> </td> <td> Marine Option <br/> (for Naval ROTC) </td> <td> On Campus </td> <td> At Cooperating Institution </td> <td> Name of <br/> Cooperating <br/> Institution </td> </tr> <tr> <td> Army ROTC is offered: </td> <td> </td> <td> X </td> <td> </td> <td> </td> </tr> <tr> <td> Naval ROTC is offered: </td> <td> </td> <td> </td> <td> </td> <td> </td> </tr> <tr> <td> Air Force ROTC is offered: </td> <td> </td> <td> </td> <td> </td> <td> </td> </tr> </table>,231712,../data/cds-docs/2022-2023/231712.pdf,2022-2023
G,1,G1,First-Year Undergraduates,"[[{0: '', 1: 'First-Year', 2: 'Undergraduates'}, {0: 'PRIVATE INSTITUTIONS', 1: '', 2: ''}, {0: 'Tuition:', 1: '', 2: ''}, {0: 'PUBLIC INSTITUTIONS', 1: '', 2: ''}, {0: 'Tuition: In-district', 1: '$10,001', 2: '$10,001'}, {0: 'Tuition: In-state (out-of-district):', 1: '', 2: ''}, {0: 'Tuition: Out-of-state:', 1: '$24,238', 2: '$24,238'}, {0: 'Tuition: Non-resident', 1: '$24,238', 2: '$24,238'}, {0: 'FOR ALL INSTITUTIONS', 1: 'FOR ALL INSTITUTIONS', 2: 'FOR ALL INSTITUTIONS'}, {0: 'Required Fees', 1: '$6,350', 2: '$6,350'}, {0: 'Room and Board (on-campus):', 1: '$12,360', 2: '$12,360'}, {0: 'Room Only (on-campus):', 1: '$7,310', 2: '$7,310'}, {0: 'Board Only (on-campus meal plan):', 1: '$5,050', 2: '$5,050'}]]","<table> <tr> <td> </td> <td> First-Year </td> <td> Undergraduates </td> </tr> <tr> <td> PRIVATE INSTITUTIONS </td> <td> </td> <td> </td> </tr> <tr> <td> Tuition: </td> <td> </td> <td> </td> </tr> <tr> <td> PUBLIC INSTITUTIONS </td> <td> </td> <td> </td> </tr> <tr> <td> Tuition: In-district </td> <td> $10,001 </td> <td> $10,001 </td> </tr> <tr> <td> Tuition: In-state (out-of-district): </td> <td> </td> <td> </td> </tr> <tr> <td> Tuition: Out-of-state: </td> <td> $24,238 </td> <td> $24,238 </td> </tr> <tr> <td> Tuition: Non-resident </td> <td> $24,238 </td> <td> $24,238 </td> </tr> <tr> <td colspan=""3""> FOR ALL INSTITUTIONS </td> </tr> <tr> <td> Required Fees </td> <td> $6,350 </td> <td> $6,350 </td> </tr> <tr> <td> Room and Board (on-campus): </td> <td> $12,360 </td> <td> $12,360 </td> </tr> <tr> <td> Room Only (on-campus): </td> <td> $7,310 </td> <td> $7,310 </td> </tr> <tr> <td> Board Only (on-campus meal plan): </td> <td> $5,050 </td> <td> $5,050 </td> </tr> </table>",231712,../data/cds-docs/2022-2023/231712.pdf,2022-2023
G,5,G5,Provide the estimated expenses for a typical full-time undergraduate student:,"[[{0: '', 1: 'Residents', 2: 'Commuters', 3: 'Commuters'}, {0: 'Books and supplies:', 1: '$1,516', 2: '$1,516', 3: '$1,516'}, {0: 'Room only:', 1: '', 2: '', 3: '$8,800'}, {0: 'Board only:', 1: '', 2: '$5,050', 3: '$5,050'}, {0: 'Room and board total*', 1: '', 2: '', 3: ''}, {0: 'Transportation:', 1: '$1,418', 2: '$2,474', 3: '$2,474'}, {0: 'Other expenses:', 1: '$2,878', 2: '$2,518', 3: '$2,518'}]]","<table> <tr> <td> </td> <td> Residents </td> <td> Commuters </td> <td> Commuters </td> </tr> <tr> <td> Books and supplies: </td> <td> $1,516 </td> <td> $1,516 </td> <td> $1,516 </td> </tr> <tr> <td> Room only: </td> <td> </td> <td> </td> <td> $8,800 </td> </tr> <tr> <td> Board only: </td> <td> </td> <td> $5,050 </td> <td> $5,050 </td> </tr> <tr> <td> Room and board total* </td> <td> </td> <td> </td> <td> </td> </tr> <tr> <td> Transportation: </td> <td> $1,418 </td> <td> $2,474 </td> <td> $2,474 </td> </tr> <tr> <td> Other expenses: </td> <td> $2,878 </td> <td> $2,518 </td> <td> $2,518 </td> </tr> </table>",231712,../data/cds-docs/2022-2023/231712.pdf,2022-2023
G,6,G6,Undergraduate per-credit-hour charges (tuition only):,"[[{0: 'PRIVATE INSTITUTIONS:', 1: ''}, {0: 'PUBLIC INSTITUTIONS:', 1: ''}, {0: 'In-district:', 1: '$413.00'}, {0: 'In-state (out-of-district):', 1: '$413.00'}, {0: 'Out-of-state:', 1: '$1,007.00'}, {0: 'NONRESIDENTS:', 1: '$1,007.00'}]]","<table> <tr> <td> PRIVATE INSTITUTIONS: </td> <td> </td> </tr> <tr> <td> PUBLIC INSTITUTIONS: </td> <td> </td> </tr> <tr> <td> In-district: </td> <td> $413.00 </td> </tr> <tr> <td> In-state (out-of-district): </td> <td> $413.00 </td> </tr> <tr> <td> Out-of-state: </td> <td> $1,007.00 </td> </tr> <tr> <td> NONRESIDENTS: </td> <td> $1,007.00 </td> </tr> </table>",231712,../data/cds-docs/2022-2023/231712.pdf,2022-2023
H,2,H2,", A, and H6 below:","[[{0: '', 1: 'Need-based', 2: 'Non-need\ufffe'}, {0: 'Scholarships/Grants', 1: '', 2: ''}, {0: 'Federal', 1: '$3,326,160', 2: '$52,679'}, {0: 'State all states, not only the state in which your institution is located', 1: '$4,317,846', 2: '$388,582'}, {0: 'Institutional: Endowed scholarships, annual gifts and tuition funded\ngrants, awarded by the college, excluding athletic aid and tuition\nwaivers (which are reported below).', 1: '$635,612', 2: '$5,414,750'}, {0: 'Scholarships/grants from external sources (e.g. Kiwanis, National\nMerit) not awarded by the college', 1: '$2,000', 2: '$933,159'}, {0: 'Total Scholarships/Grants', 1: '$8,281,618', 2: '$6,789,170'}, {0: 'Self-Help', 1: '', 2: ''}, {0: 'Student loans from all sources (excluding parent loans)', 1: '$4,200,927', 2: '$13,787,809'}, {0: 'Federal Work-Study', 1: '$141,500', 2: ''}, {0: 'State and other (e.g., institutional) work-study/employment (Note:\nExcludes Federal Work-Study captured above.)', 1: '$0', 2: '$4,300,876'}, {0: 'Total Self-Help', 1: '$4,342,427', 2: '$18,088,685'}, {0: 'Parent Loans', 1: '$0', 2: '$7,670,005'}, {0: 'Tuition Waivers\nNote: Reporting is optional. Report tuition waivers in this row if you\nchoose to report them. Do not report tuition waivers elsewhere.', 1: '$0', 2: '$1,355,056'}, {0: 'Athletic Awards', 1: '$0', 2: '$0'}], [{0: '', 1: '', 2: 'Full-time\nFirst-time\nFirst-year', 3: 'Full-time\nUndergrad\n(Incl. Fresh)', 4: 'Less Full-time Than\nUndergrad'}, {0: 'A', 1: 'Number of degree-seeking undergraduate students\n(CDS Item B1 if reporting on Fall 2022 cohort)', 2: '1161', 3: '4346', 4: '96'}, {0: 'B', 1: 'Number of students in line a who applied for need\ufffe\nbased financial aid', 2: '947', 3: '2728', 4: '34'}, {0: 'C', 1: 'Number of students in line b who were determined to', 2: '521', 3: '1563', 4: '24'}, {0: 'D', 1: 'Number of students in line c who were awarded any', 2: '476', 3: '1449', 4: '22'}, {0: 'E', 1: 'Number of students in line d who were awarded any', 2: '304', 3: '947', 4: '13'}, {0: 'F', 1: 'Number of students in line d who were awarded any', 2: '335', 3: '1036', 4: '15'}, {0: 'G', 1: 'Number of students in line d who were awarded any', 2: '264', 3: '627', 4: '4'}, {0: 'H', 1: 'Number of students in line d whose need was fully met', 2: '87', 3: '268', 4: '2'}, {0: 'I', 1: 'On average, the percentage of need that was met of', 2: '68%', 3: '64%', 4: '39%'}, {0: 'J', 1: 'The average financial aid package of those in line d.', 2: '$ 11,089', 3: '$ 10,728', 4: '$ 5,038'}, {0: 'K', 1: 'Average need-based scholarship and grant award of\nthose in line e', 2: '$ 9,506', 3: '$ 8,624', 4: '$ 3,171'}, {0: 'L', 1: 'Average need-based self-help award (excluding PLUS\nloans, unsubsidized loans, and private alternative\nloans) of those in line f', 2: '$ 3,637', 3: '$ 4,317', 4: '$ 3,002'}, {0: 'M', 1: 'Average need-based loan (excluding PLUS loans,', 2: '$ 3,392', 3: '$ 4,188', 4: '$ 3,002'}], [{0: '', 1: '', 2: 'Full-time\nFirst-time\nFirst-year', 3: 'Full-time\nUndergrad\n(Incl. Fresh.)', 4: 'Less Full-time Than\nUndergrad'}, {0: 'N', 1: 'Number of students in line a who had no financial need\nand who were awarded institutional non-need-based\nscholarship or grant aid (exclude those who were\nawarded athletic awards and tuition benefits)', 2: '277', 3: '876', 4: '0'}, {0: 'O', 1: 'Average dollar amount of institutional non-need-based', 2: '$ 3,076', 3: '$3,773', 4: '$ 0'}, {0: 'P', 1: 'Number of students in line a who were awarded an', 2: '0', 3: '0', 4: '0'}, {0: 'Q', 1: 'Average dollar amount of institutional non-need-based', 2: '$0', 3: '$ 0', 4: '$ 0'}]]","<table> <tr> <td> </td> <td> Need-based </td> <td> Non-need￾ </td> </tr> <tr> <td> Scholarships/Grants </td> <td> </td> <td> </td> </tr> <tr> <td> Federal </td> <td> $3,326,160 </td> <td> $52,679 </td> </tr> <tr> <td> State all states, not only the state in which your institution is located </td> <td> $4,317,846 </td> <td> $388,582 </td> </tr> <tr> <td> Institutional: Endowed scholarships, annual gifts and tuition funded <br/> grants, awarded by the college, excluding athletic aid and tuition <br/> waivers (which are reported below). </td> <td> $635,612 </td> <td> $5,414,750 </td> </tr> <tr> <td> Scholarships/grants from external sources (e.g. Kiwanis, National <br/> Merit) not awarded by the college </td> <td> $2,000 </td> <td> $933,159 </td> </tr> <tr> <td> Total Scholarships/Grants </td> <td> $8,281,618 </td> <td> $6,789,170 </td> </tr> <tr> <td> Self-Help </td> <td> </td> <td> </td> </tr> <tr> <td> Student loans from all sources (excluding parent loans) </td> <td> $4,200,927 </td> <td> $13,787,809 </td> </tr> <tr> <td> Federal Work-Study </td> <td> $141,500 </td> <td> </td> </tr> <tr> <td> State and other (e.g., institutional) work-study/employment (Note: <br/> Excludes Federal Work-Study captured above.) </td> <td> $0 </td> <td> $4,300,876 </td> </tr> <tr> <td> Total Self-Help </td> <td> $4,342,427 </td> <td> $18,088,685 </td> </tr> <tr> <td> Parent Loans </td> <td> $0 </td> <td> $7,670,005 </td> </tr> <tr> <td> Tuition Waivers <br/> Note: Reporting is optional. Report tuition waivers in this row if you <br/> choose to report them. Do not report tuition waivers elsewhere. </td> <td> $0 </td> <td> $1,355,056 </td> </tr> <tr> <td> Athletic Awards </td> <td> $0 </td> <td> $0 </td> </tr> </table><div class=""separator""></div><table> <tr> <td> </td> <td> </td> <td> Full-time <br/> First-time <br/> First-year </td> <td> Full-time <br/> Undergrad <br/> (Incl. Fresh) </td> <td> Less Full-time Than <br/> Undergrad </td> </tr> <tr> <td> A </td> <td> Number of degree-seeking undergraduate students <br/> (CDS Item B1 if reporting on Fall 2022 cohort) </td> <td> 1161 </td> <td> 4346 </td> <td> 96 </td> </tr> <tr> <td> B </td> <td> Number of students in line a who applied for need￾ <br/> based financial aid </td> <td> 947 </td> <td> 2728 </td> <td> 34 </td> </tr> <tr> <td> C </td> <td> Number of students in line b who were determined to </td> <td> 521 </td> <td> 1563 </td> <td> 24 </td> </tr> <tr> <td> D </td> <td> Number of students in line c who were awarded any </td> <td> 476 </td> <td> 1449 </td> <td> 22 </td> </tr> <tr> <td> E </td> <td> Number of students in line d who were awarded any </td> <td> 304 </td> <td> 947 </td> <td> 13 </td> </tr> <tr> <td> F </td> <td> Number of students in line d who were awarded any </td> <td> 335 </td> <td> 1036 </td> <td> 15 </td> </tr> <tr> <td> G </td> <td> Number of students in line d who were awarded any </td> <td> 264 </td> <td> 627 </td> <td> 4 </td> </tr> <tr> <td> H </td> <td> Number of students in line d whose need was fully met </td> <td> 87 </td> <td> 268 </td> <td> 2 </td> </tr> <tr> <td> I </td> <td> On average, the percentage of need that was met of </td> <td> 68% </td> <td> 64% </td> <td> 39% </td> </tr> <tr> <td> J </td> <td> The average financial aid package of those in line d. </td> <td> $ 11,089 </td> <td> $ 10,728 </td> <td> $ 5,038 </td> </tr> <tr> <td> K </td> <td> Average need-based scholarship and grant award of <br/> those in line e </td> <td> $ 9,506 </td> <td> $ 8,624 </td> <td> $ 3,171 </td> </tr> <tr> <td> L </td> <td> Average need-based self-help award (excluding PLUS <br/> loans, unsubsidized loans, and private alternative <br/> loans) of those in line f </td> <td> $ 3,637 </td> <td> $ 4,317 </td> <td> $ 3,002 </td> </tr> <tr> <td> M </td> <td> Average need-based loan (excluding PLUS loans, </td> <td> $ 3,392 </td> <td> $ 4,188 </td> <td> $ 3,002 </td> </tr> </table><div class=""separator""></div><table> <tr> <td> </td> <td> </td> <td> Full-time <br/> First-time <br/> First-year </td> <td> Full-time <br/> Undergrad <br/> (Incl. Fresh.) </td> <td> Less Full-time Than <br/> Undergrad </td> </tr> <tr> <td> N </td> <td> Number of students in line a who had no financial need <br/> and who were awarded institutional non-need-based <br/> scholarship or grant aid (exclude those who were <br/> awarded athletic awards and tuition benefits) </td> <td> 277 </td> <td> 876 </td> <td> 0 </td> </tr> <tr> <td> O </td> <td> Average dollar amount of institutional non-need-based </td> <td> $ 3,076 </td> <td> $3,773 </td> <td> $ 0 </td> </tr> <tr> <td> P </td> <td> Number of students in line a who were awarded an </td> <td> 0 </td> <td> 0 </td> <td> 0 </td> </tr> <tr> <td> Q </td> <td> Average dollar amount of institutional non-need-based </td> <td> $0 </td> <td> $ 0 </td> <td> $ 0 </td> </tr> </table>",231712,../data/cds-docs/2022-2023/231712.pdf,2022-2023
H,5,H5,"Number and percent of students in class (defined in H4 above) borrowing from federal, non-federal,","[[{0: 'Source/Type of Loan', 1: 'Source/Type of Loan', 2: 'Number in the\nclass (defined\nin H4 above)\nwho borrowed\nfrom the types\nof loans\nspecified in the\nfirst column', 3: 'Percent of the\nclass (defined\nabove) who\nborrowed from\nthe types of\nloans specified\nin column the first\n(nearest 1%)', 4: 'Average per\ufffe\nundergraduate\ufffe\nborrower\ncumulative\nprincipal\nborrowed from\nthe types of\nloans specified\nin column the first\n(nearest $1)'}, {0: 'A', 1: 'Any loan program: Federal Perkins, Federal Stafford\nSubsidized and Unsubsidized, institutional, state,\nprivate loans that your institution is aware of, etc.\nInclude both Federal Direct Student Loans and Federal\nFamily Education Loans.', 2: '485', 3: '53%', 4: '$38,174'}, {0: 'B', 1: 'Federal loan programs: Federal Perkins, Federal\nStafford Subsidized and Unsubsidized. Include both\nFederal Direct Student Loans and Federal Family\nEducation Loans.', 2: '458', 3: '50%', 4: '$21,101'}, {0: 'C', 1: 'Institutional loan programs.', 2: '0', 3: '0.00%', 4: '$0'}, {0: 'D', 1: 'State loan programs.', 2: '0', 3: '0.00%', 4: '$0'}, {0: 'E', 1: 'Private student loans made by a bank or lender.', 2: '176', 3: '19.00%', 4: '$50,284'}]]","<table> <tr> <td colspan=""2""> Source/Type of Loan </td> <td> Number in the <br/> class (defined <br/> in H4 above) <br/> who borrowed <br/> from the types <br/> of loans <br/> specified in the <br/> first column </td> <td> Percent of the <br/> class (defined <br/> above) who <br/> borrowed from <br/> the types of <br/> loans specified <br/> in column the first <br/> (nearest 1%) </td> <td> Average per￾ <br/> undergraduate￾ <br/> borrower <br/> cumulative <br/> principal <br/> borrowed from <br/> the types of <br/> loans specified <br/> in column the first <br/> (nearest $1) </td> </tr> <tr> <td> A </td> <td> Any loan program: Federal Perkins, Federal Stafford <br/> Subsidized and Unsubsidized, institutional, state, <br/> private loans that your institution is aware of, etc. <br/> Include both Federal Direct Student Loans and Federal <br/> Family Education Loans. </td> <td> 485 </td> <td> 53% </td> <td> $38,174 </td> </tr> <tr> <td> B </td> <td> Federal loan programs: Federal Perkins, Federal <br/> Stafford Subsidized and Unsubsidized. Include both <br/> Federal Direct Student Loans and Federal Family <br/> Education Loans. </td> <td> 458 </td> <td> 50% </td> <td> $21,101 </td> </tr> <tr> <td> C </td> <td> Institutional loan programs. </td> <td> 0 </td> <td> 0.00% </td> <td> $0 </td> </tr> <tr> <td> D </td> <td> State loan programs. </td> <td> 0 </td> <td> 0.00% </td> <td> $0 </td> </tr> <tr> <td> E </td> <td> Private student loans made by a bank or lender. </td> <td> 176 </td> <td> 19.00% </td> <td> $50,284 </td> </tr> </table>",231712,../data/cds-docs/2022-2023/231712.pdf,2022-2023
H,11,H11,Indicate reply dates:,"[[{0: 'Students must reply by (date):', 1: '5/1'}, {0: 'or within _______ weeks of notification.', 1: ''}]]",<table> <tr> <td> Students must reply by (date): </td> <td> 5/1 </td> </tr> <tr> <td> or within _______ weeks of notification. </td> <td> </td> </tr> </table>,231712,../data/cds-docs/2022-2023/231712.pdf,2022-2023
H,14,H14,Check off criteria used in awarding institutional aid. Check all that apply.,"[[{0: '', 1: 'Non-Need Based', 2: 'Need-Based'}, {0: 'Academics', 1: 'X', 2: 'X'}, {0: 'Alumni affiliation', 1: 'X', 2: ''}, {0: 'Art', 1: 'X', 2: ''}, {0: 'Athletics', 1: '', 2: ''}, {0: 'Job skills', 1: '', 2: ''}, {0: 'ROTC', 1: 'X', 2: ''}, {0: 'Leadership', 1: 'X', 2: 'X'}, {0: 'Minority status', 1: '', 2: 'X'}, {0: 'Music/drama', 1: 'X', 2: ''}, {0: 'Religious affiliation', 1: 'X', 2: ''}, {0: 'State/district residency', 1: 'X', 2: 'X'}]]",<table> <tr> <td> </td> <td> Non-Need Based </td> <td> Need-Based </td> </tr> <tr> <td> Academics </td> <td> X </td> <td> X </td> </tr> <tr> <td> Alumni affiliation </td> <td> X </td> <td> </td> </tr> <tr> <td> Art </td> <td> X </td> <td> </td> </tr> <tr> <td> Athletics </td> <td> </td> <td> </td> </tr> <tr> <td> Job skills </td> <td> </td> <td> </td> </tr> <tr> <td> ROTC </td> <td> X </td> <td> </td> </tr> <tr> <td> Leadership </td> <td> X </td> <td> X </td> </tr> <tr> <td> Minority status </td> <td> </td> <td> X </td> </tr> <tr> <td> Music/drama </td> <td> X </td> <td> </td> </tr> <tr> <td> Religious affiliation </td> <td> X </td> <td> </td> </tr> <tr> <td> State/district residency </td> <td> X </td> <td> X </td> </tr> </table>,231712,../data/cds-docs/2022-2023/231712.pdf,2022-2023
J,1,J1,"Degrees conferred between July 1, 2021 and June 30, 2022","[[{0: 'Category', 1: 'Category', 2: 'Category', 3: 'Diploma/Certificates', 4: 'Associate', 5: 'Bachelor’s', 6: 'CIP 2020 Categories\nto Include'}, {0: 'Agriculture', 1: 'Agriculture', 2: 'Agriculture', 3: '', 4: '', 5: '', 6: '01'}, {0: 'Natural resources and conservation', 1: 'Natural resources and conservation', 2: 'Natural resources and conservation', 3: '', 4: '', 5: '', 6: '03'}, {0: 'Architecture', 1: 'Architecture', 2: 'Architecture', 3: '', 4: '', 5: '', 6: '04'}, {0: 'Area, ethnic, and gender studies', 1: 'Area, ethnic, and gender studies', 2: 'Area, ethnic, and gender studies', 3: '', 4: '', 5: '', 6: '05'}, {0: 'Communication/journalism', 1: 'Communication/journalism', 2: 'Communication/journalism', 3: '', 4: '', 5: '8', 6: '09'}, {0: 'Communication technologies', 1: 'Communication technologies', 2: 'Communication technologies', 3: '', 4: '', 5: '', 6: '10'}, {0: 'Computer and information sciences', 1: 'Computer and information sciences', 2: 'Computer and information sciences', 3: '', 4: '', 5: '7', 6: '11'}, {0: 'Personal and culinary services', 1: 'Personal and culinary services', 2: 'Personal and culinary services', 3: '', 4: '', 5: '', 6: '12'}, {0: 'Education', 1: 'Education', 2: 'Education', 3: '', 4: '', 5: '', 6: '13'}, {0: 'Engineering', 1: 'Engineering', 2: 'Engineering', 3: '', 4: '', 5: '2', 6: '14'}, {0: '', 1: 'Engineering technologies', 2: 'Engineering technologies', 3: '', 4: '', 5: '', 6: '15'}, {0: 'Foreign languages, literatures, and linguistics', 1: 'Foreign languages, literatures, and linguistics', 2: 'Foreign languages, literatures, and linguistics', 3: '', 4: '', 5: '2', 6: '16'}, {0: 'Family and consumer sciences', 1: 'Family and consumer sciences', 2: 'Family and consumer sciences', 3: '', 4: '', 5: '', 6: '19'}, {0: 'Law/legal studies', 1: 'Law/legal studies', 2: 'Law/legal studies', 3: '', 4: '', 5: '', 6: '22'}, {0: 'English', 1: 'English', 2: 'English', 3: '', 4: '', 5: '3', 6: '23'}, {0: 'Liberal arts/general studies', 1: 'Liberal arts/general studies', 2: 'Liberal arts/general studies', 3: '', 4: '', 5: '', 6: '24'}, {0: 'Library science', 1: 'Library science', 2: 'Library science', 3: '', 4: '', 5: '', 6: '25'}, {0: '', 1: '', 2: 'sciences', 3: '', 4: '', 5: '14', 6: '26'}, {0: 'Mathematics and statistics', 1: 'Mathematics and statistics', 2: 'Mathematics and statistics', 3: '', 4: '', 5: '2', 6: '27'}, {0: 'Military science and military technologies', 1: 'Military science and military technologies', 2: 'Military science and military technologies', 3: '', 4: '', 5: '', 6: '28 & 29'}, {0: 'Interdisciplinary studies', 1: 'Interdisciplinary studies', 2: 'Interdisciplinary studies', 3: '', 4: '', 5: '4', 6: '30'}, {0: 'Parks and recreation', 1: 'Parks and recreation', 2: 'Parks and recreation', 3: '', 4: '', 5: '', 6: '31'}, {0: 'Philosophy and religious studies', 1: 'Philosophy and religious studies', 2: 'Philosophy and religious studies', 3: '', 4: '', 5: '1', 6: '38'}, {0: 'Theology and religious vocations', 1: 'Theology and religious vocations', 2: 'Theology and religious vocations', 3: '', 4: '', 5: '', 6: '39'}, {0: 'Physical sciences', 1: 'Physical sciences', 2: 'Physical sciences', 3: '', 4: '', 5: '2', 6: '40'}, {0: 'Science technologies', 1: 'Science technologies', 2: 'Science technologies', 3: '', 4: '', 5: '', 6: '41'}, {0: 'Psychology', 1: 'Psychology', 2: 'Psychology', 3: '', 4: '', 5: '13', 6: '42'}, {0: 'Homeland Security, law enforcement, firefighting,', 1: 'Homeland Security, law enforcement, firefighting,', 2: 'Homeland Security, law enforcement, firefighting,', 3: '', 4: '', 5: '', 6: '43'}, {0: 'Public administration and social services', 1: 'Public administration and social services', 2: 'Public administration and social services', 3: '', 4: '', 5: '2', 6: '44'}, {0: 'Social sciences', 1: 'Social sciences', 2: 'Social sciences', 3: '', 4: '', 5: '14', 6: '45'}, {0: 'Construction trades', 1: 'Construction trades', 2: 'Construction trades', 3: '', 4: '', 5: '', 6: '46'}, {0: 'Mechanic and repair technologies', 1: 'Mechanic and repair technologies', 2: 'Mechanic and repair technologies', 3: '', 4: '', 5: '', 6: '47'}, {0: 'Precision production', 1: 'Precision production', 2: 'Precision production', 3: '', 4: '', 5: '', 6: '48'}, {0: 'Transportation and materials moving', 1: 'Transportation and materials moving', 2: 'Transportation and materials moving', 3: '', 4: '', 5: '', 6: '49'}, {0: 'Visual and performing arts', 1: 'Visual and performing arts', 2: 'Visual and performing arts', 3: '', 4: '', 5: '5', 6: '50'}, {0: 'Health professions and related programs', 1: 'Health professions and related programs', 2: 'Health professions and related programs', 3: '', 4: '', 5: '', 6: '51'}, {0: 'Business/marketing', 1: 'Business/marketing', 2: 'Business/marketing', 3: '', 4: '', 5: '17', 6: '52'}, {0: 'History', 1: 'History', 2: 'History', 3: '', 4: '', 5: '4', 6: '54'}, {0: 'Other', 1: 'Other', 2: 'Other', 3: '', 4: '', 5: '', 6: ''}, {0: 'TOTAL (should = 100%)', 1: 'TOTAL (should = 100%)', 2: 'TOTAL (should = 100%)', 3: '0%', 4: '0%', 5: '100%', 6: ''}]]","<table> <tr> <td colspan=""3""> Category </td> <td> Diploma/Certificates </td> <td> Associate </td> <td> Bachelor’s </td> <td> CIP 2020 Categories <br/> to Include </td> </tr> <tr> <td colspan=""3""> Agriculture </td> <td> </td> <td> </td> <td> </td> <td> 01 </td> </tr> <tr> <td colspan=""3""> Natural resources and conservation </td> <td> </td> <td> </td> <td> </td> <td> 03 </td> </tr> <tr> <td colspan=""3""> Architecture </td> <td> </td> <td> </td> <td> </td> <td> 04 </td> </tr> <tr> <td colspan=""3""> Area, ethnic, and gender studies </td> <td> </td> <td> </td> <td> </td> <td> 05 </td> </tr> <tr> <td colspan=""3""> Communication/journalism </td> <td> </td> <td> </td> <td> 8 </td> <td> 09 </td> </tr> <tr> <td colspan=""3""> Communication technologies </td> <td> </td> <td> </td> <td> </td> <td> 10 </td> </tr> <tr> <td colspan=""3""> Computer and information sciences </td> <td> </td> <td> </td> <td> 7 </td> <td> 11 </td> </tr> <tr> <td colspan=""3""> Personal and culinary services </td> <td> </td> <td> </td> <td> </td> <td> 12 </td> </tr> <tr> <td colspan=""3""> Education </td> <td> </td> <td> </td> <td> </td> <td> 13 </td> </tr> <tr> <td colspan=""3""> Engineering </td> <td> </td> <td> </td> <td> 2 </td> <td> 14 </td> </tr> <tr> <td> </td> <td colspan=""2""> Engineering technologies </td> <td> </td> <td> </td> <td> </td> <td> 15 </td> </tr> <tr> <td colspan=""3""> Foreign languages, literatures, and linguistics </td> <td> </td> <td> </td> <td> 2 </td> <td> 16 </td> </tr> <tr> <td colspan=""3""> Family and consumer sciences </td> <td> </td> <td> </td> <td> </td> <td> 19 </td> </tr> <tr> <td colspan=""3""> Law/legal studies </td> <td> </td> <td> </td> <td> </td> <td> 22 </td> </tr> <tr> <td colspan=""3""> English </td> <td> </td> <td> </td> <td> 3 </td> <td> 23 </td> </tr> <tr> <td colspan=""3""> Liberal arts/general studies </td> <td> </td> <td> </td> <td> </td> <td> 24 </td> </tr> <tr> <td colspan=""3""> Library science </td> <td> </td> <td> </td> <td> </td> <td> 25 </td> </tr> <tr> <td colspan=""2""> </td> <td> sciences </td> <td> </td> <td> </td> <td> 14 </td> <td> 26 </td> </tr> <tr> <td colspan=""3""> Mathematics and statistics </td> <td> </td> <td> </td> <td> 2 </td> <td> 27 </td> </tr> <tr> <td colspan=""3""> Military science and military technologies </td> <td> </td> <td> </td> <td> </td> <td> 28 &amp; 29 </td> </tr> <tr> <td colspan=""3""> Interdisciplinary studies </td> <td> </td> <td> </td> <td> 4 </td> <td> 30 </td> </tr> <tr> <td colspan=""3""> Parks and recreation </td> <td> </td> <td> </td> <td> </td> <td> 31 </td> </tr> <tr> <td colspan=""3""> Philosophy and religious studies </td> <td> </td> <td> </td> <td> 1 </td> <td> 38 </td> </tr> <tr> <td colspan=""3""> Theology and religious vocations </td> <td> </td> <td> </td> <td> </td> <td> 39 </td> </tr> <tr> <td colspan=""3""> Physical sciences </td> <td> </td> <td> </td> <td> 2 </td> <td> 40 </td> </tr> <tr> <td colspan=""3""> Science technologies </td> <td> </td> <td> </td> <td> </td> <td> 41 </td> </tr> <tr> <td colspan=""3""> Psychology </td> <td> </td> <td> </td> <td> 13 </td> <td> 42 </td> </tr> <tr> <td colspan=""3""> Homeland Security, law enforcement, firefighting, </td> <td> </td> <td> </td> <td> </td> <td> 43 </td> </tr> <tr> <td colspan=""3""> Public administration and social services </td> <td> </td> <td> </td> <td> 2 </td> <td> 44 </td> </tr> <tr> <td colspan=""3""> Social sciences </td> <td> </td> <td> </td> <td> 14 </td> <td> 45 </td> </tr> <tr> <td colspan=""3""> Construction trades </td> <td> </td> <td> </td> <td> </td> <td> 46 </td> </tr> <tr> <td colspan=""3""> Mechanic and repair technologies </td> <td> </td> <td> </td> <td> </td> <td> 47 </td> </tr> <tr> <td colspan=""3""> Precision production </td> <td> </td> <td> </td> <td> </td> <td> 48 </td> </tr> <tr> <td colspan=""3""> Transportation and materials moving </td> <td> </td> <td> </td> <td> </td> <td> 49 </td> </tr> <tr> <td colspan=""3""> Visual and performing arts </td> <td> </td> <td> </td> <td> 5 </td> <td> 50 </td> </tr> <tr> <td colspan=""3""> Health professions and related programs </td> <td> </td> <td> </td> <td> </td> <td> 51 </td> </tr> <tr> <td colspan=""3""> Business/marketing </td> <td> </td> <td> </td> <td> 17 </td> <td> 52 </td> </tr> <tr> <td colspan=""3""> History </td> <td> </td> <td> </td> <td> 4 </td> <td> 54 </td> </tr> <tr> <td colspan=""3""> Other </td> <td> </td> <td> </td> <td> </td> <td> </td> </tr> <tr> <td colspan=""3""> TOTAL (should = 100%) </td> <td> 0% </td> <td> 0% </td> <td> 100% </td> <td> </td> </tr> </table>",231712,../data/cds-docs/2022-2023/231712.pdf,2022-2023
X,9,X9,A0T I. INSTRUCTIONAL FACULTY AND CLASS SIZE,"[[{0: '', 1: '', 2: 'Full-time', 3: 'Part-time'}, {0: 'A', 1: 'Instructional faculty in preclinical and clinical medicine, faculty who are not paid (e.g.,\nthose who donate their services or are in the military), or research-only faculty, post\ufffe\ndoctoral fellows, or pre-doctoral fellows', 2: 'Exclude', 3: 'Include only if\nthey teach one\nor more non\ufffe\nclinical credit\ncourses'}, {0: 'B', 1: 'Administrative officers with titles such as dean of students, librarian, registrar, coach,\nand the like, even though they may devote part of their time to classroom instruction and\nmay have faculty status', 2: 'Exclude', 3: 'Include if they\nteach one or\nmore non\ufffe\nclinical credit\ncourses'}, {0: 'C', 1: 'Other administrators/staff who teach one or more non-clinical credit courses even though\nthey do not have faculty status', 2: 'Exclude', 3: 'Include'}, {0: 'D', 1: 'Undergraduate or graduate students who assist in the instruction of courses, but have\ntitles such as teaching assistant, teaching fellow, and the like', 2: 'Exclude', 3: 'Exclude'}, {0: 'E', 1: 'Faculty on sabbatical or leave with pay', 2: 'Include', 3: 'Exclude'}, {0: 'F', 1: 'Faculty on leave without pay', 2: 'Exclude', 3: 'Exclude'}, {0: 'G', 1: 'Replacement faculty for faculty on sabbatical leave or leave with pay', 2: 'Exclude', 3: 'Include'}], [{0: '', 1: '', 2: 'Full-Time', 3: 'Part-Time', 4: 'Total'}, {0: 'A', 1: 'Total number of instructional faculty', 2: '280', 3: '178', 4: '458'}, {0: 'B', 1: 'Total number who are members of minority groups', 2: '34', 3: '31', 4: '65'}, {0: 'C', 1: 'Total number who are women', 2: '120', 3: '86', 4: '206'}, {0: 'D', 1: 'Total number who are men', 2: '160', 3: '92', 4: '252'}, {0: 'E', 1: 'Total number who are nonresidents (international)', 2: '9', 3: '0', 4: '9'}, {0: 'F', 1: 'Total number with doctorate, or other terminal degree', 2: '257', 3: '59', 4: '316'}, {0: 'G', 1: 'Total number whose highest degree is a master’s but not a terminal\nmaster’s', 2: '22', 3: '107', 4: '129'}, {0: 'H', 1: 'Total number whose highest degree is a bachelor’s', 2: '1', 3: '10', 4: '11'}, {0: 'I', 1: 'Total number whose highest degree is unknown or other (Note:\nItems f, g, h, and i must sum up to item a.)', 2: '0', 3: '2', 4: '2'}, {0: 'J', 1: 'Total number in stand-alone graduate/professional programs in\nwhich faculty teach virtually only graduate-level students', 2: '0', 3: '0', 4: '0'}]]","<table> <tr> <td> </td> <td> </td> <td> Full-time </td> <td> Part-time </td> </tr> <tr> <td> A </td> <td> Instructional faculty in preclinical and clinical medicine, faculty who are not paid (e.g., <br/> those who donate their services or are in the military), or research-only faculty, post￾ <br/> doctoral fellows, or pre-doctoral fellows </td> <td> Exclude </td> <td> Include only if <br/> they teach one <br/> or more non￾ <br/> clinical credit <br/> courses </td> </tr> <tr> <td> B </td> <td> Administrative officers with titles such as dean of students, librarian, registrar, coach, <br/> and the like, even though they may devote part of their time to classroom instruction and <br/> may have faculty status </td> <td> Exclude </td> <td> Include if they <br/> teach one or <br/> more non￾ <br/> clinical credit <br/> courses </td> </tr> <tr> <td> C </td> <td> Other administrators/staff who teach one or more non-clinical credit courses even though <br/> they do not have faculty status </td> <td> Exclude </td> <td> Include </td> </tr> <tr> <td> D </td> <td> Undergraduate or graduate students who assist in the instruction of courses, but have <br/> titles such as teaching assistant, teaching fellow, and the like </td> <td> Exclude </td> <td> Exclude </td> </tr> <tr> <td> E </td> <td> Faculty on sabbatical or leave with pay </td> <td> Include </td> <td> Exclude </td> </tr> <tr> <td> F </td> <td> Faculty on leave without pay </td> <td> Exclude </td> <td> Exclude </td> </tr> <tr> <td> G </td> <td> Replacement faculty for faculty on sabbatical leave or leave with pay </td> <td> Exclude </td> <td> Include </td> </tr> </table><div class=""separator""></div><table> <tr> <td colspan=""2""> </td> <td> Full-Time </td> <td> Part-Time </td> <td> Total </td> </tr> <tr> <td> A </td> <td> Total number of instructional faculty </td> <td> 280 </td> <td> 178 </td> <td> 458 </td> </tr> <tr> <td> B </td> <td> Total number who are members of minority groups </td> <td> 34 </td> <td> 31 </td> <td> 65 </td> </tr> <tr> <td> C </td> <td> Total number who are women </td> <td> 120 </td> <td> 86 </td> <td> 206 </td> </tr> <tr> <td> D </td> <td> Total number who are men </td> <td> 160 </td> <td> 92 </td> <td> 252 </td> </tr> <tr> <td> E </td> <td> Total number who are nonresidents (international) </td> <td> 9 </td> <td> 0 </td> <td> 9 </td> </tr> <tr> <td> F </td> <td> Total number with doctorate, or other terminal degree </td> <td> 257 </td> <td> 59 </td> <td> 316 </td> </tr> <tr> <td> G </td> <td> Total number whose highest degree is a master’s but not a terminal <br/> master’s </td> <td> 22 </td> <td> 107 </td> <td> 129 </td> </tr> <tr> <td> H </td> <td> Total number whose highest degree is a bachelor’s </td> <td> 1 </td> <td> 10 </td> <td> 11 </td> </tr> <tr> <td> I </td> <td> Total number whose highest degree is unknown or other (Note: <br/> Items f, g, h, and i must sum up to item a.) </td> <td> 0 </td> <td> 2 </td> <td> 2 </td> </tr> <tr> <td> J </td> <td> Total number in stand-alone graduate/professional programs in <br/> which faculty teach virtually only graduate-level students </td> <td> 0 </td> <td> 0 </td> <td> 0 </td> </tr> </table>",231712,../data/cds-docs/2022-2023/231712.pdf,2022-2023
B,1,B1,Institutional Enrollment - Men and Women,"[[{0: 'ti t d b d t d', 1: 't l\nthi li k\nFULL-TIME', 2: 't l\nthi li k\nFULL-TIME', 3: 'PART-TIME', 4: 'PART-TIME'}, {0: 'ti t d b d t d', 1: 'Men\nWomen', 2: 'Men\nWomen', 3: 'Men\nWomen', 4: 'Men\nWomen'}, {0: 'Undergraduates', 1: 'Undergraduates', 2: 'Undergraduates', 3: 'Undergraduates', 4: 'Undergraduates'}, {0: 'Degree-seeking, first-time\nfreshmen', 1: '462', 2: '550', 3: '0', 4: '0'}, {0: 'Other first-year, degree-seeking', 1: '120', 2: '90', 3: '4', 4: '1'}, {0: 'All other degree-seeking', 1: '1,403', 2: '1,762', 3: '42', 4: '29'}, {0: 'Total degree-seeking', 1: '1,985', 2: '2,402', 3: '46', 4: '30'}, {0: 'All other undergraduates\nenrolled in credit courses', 1: '1', 2: '0', 3: '4', 4: '4'}, {0: 'Total undergraduates', 1: '1,986', 2: '2,402', 3: '50', 4: '34'}, {0: 'Graduate', 1: 'Graduate', 2: 'Graduate', 3: 'Graduate', 4: 'Graduate'}, {0: 'Degree-seeking, first-time', 1: '29', 2: '55', 3: '1', 4: '2'}, {0: 'All other degree-seeking', 1: '2', 2: '3', 3: '12', 4: '7'}, {0: 'All other graduates enrolled in\ncredit courses', 1: '1', 2: '0', 3: '0', 4: '0'}, {0: 'Total graduate', 1: '32', 2: '58', 3: '13', 4: '9'}, {0: 'Total all students', 1: '2,018', 2: '2,460', 3: '63', 4: '43'}]]","<table> <tr> <td rowspan=""2""> ti t d b d t d </td> <td colspan=""2""> t l <br/> thi li k <br/> FULL-TIME </td> <td colspan=""2""> PART-TIME </td> </tr> <tr> <td colspan=""2""> Men <br/> Women </td> <td colspan=""2""> Men <br/> Women </td> </tr> <tr> <td colspan=""5""> Undergraduates </td> </tr> <tr> <td> Degree-seeking, first-time <br/> freshmen </td> <td> 462 </td> <td> 550 </td> <td> 0 </td> <td> 0 </td> </tr> <tr> <td> Other first-year, degree-seeking </td> <td> 120 </td> <td> 90 </td> <td> 4 </td> <td> 1 </td> </tr> <tr> <td> All other degree-seeking </td> <td> 1,403 </td> <td> 1,762 </td> <td> 42 </td> <td> 29 </td> </tr> <tr> <td> Total degree-seeking </td> <td> 1,985 </td> <td> 2,402 </td> <td> 46 </td> <td> 30 </td> </tr> <tr> <td> All other undergraduates <br/> enrolled in credit courses </td> <td> 1 </td> <td> 0 </td> <td> 4 </td> <td> 4 </td> </tr> <tr> <td> Total undergraduates </td> <td> 1,986 </td> <td> 2,402 </td> <td> 50 </td> <td> 34 </td> </tr> <tr> <td colspan=""5""> Graduate </td> </tr> <tr> <td> Degree-seeking, first-time </td> <td> 29 </td> <td> 55 </td> <td> 1 </td> <td> 2 </td> </tr> <tr> <td> All other degree-seeking </td> <td> 2 </td> <td> 3 </td> <td> 12 </td> <td> 7 </td> </tr> <tr> <td> All other graduates enrolled in <br/> credit courses </td> <td> 1 </td> <td> 0 </td> <td> 0 </td> <td> 0 </td> </tr> <tr> <td> Total graduate </td> <td> 32 </td> <td> 58 </td> <td> 13 </td> <td> 9 </td> </tr> <tr> <td> Total all students </td> <td> 2,018 </td> <td> 2,460 </td> <td> 63 </td> <td> 43 </td> </tr> </table>",231712,../data/cds-docs/2021-2022/231712.pdf,2021-2022
B,2,B2,Enrollment by Racial/Ethnic Category.,"[[{0: '', 1: 'Degree-Seeking\nFirst-Time\nFirst Year', 2: 'Degree-Seeking\nUndergraduates\n(include first-time\nfirst-year)', 3: 'Total\nUndergraduates\n(both degree- and\nnon-degree\ufffe\nseeking)'}, {0: 'Nonresident aliens', 1: '3', 2: '14', 3: '14'}, {0: 'Hispanic/Latino', 1: '96', 2: '308', 3: '311'}, {0: 'Black or African American, non-Hispanic', 1: '81', 2: '310', 3: '311'}, {0: 'White, non-Hispanic', 1: '746', 2: '3,375', 3: '3,380'}, {0: 'American Indian or Alaska Native, non-Hispanic', 1: '2', 2: '5', 3: '5'}, {0: 'Asian, non-Hispanic', 1: '36', 2: '175', 3: '175'}, {0: 'Native Hawaiian or other Pacific Islander, non\ufffe\nHispanic', 1: '1', 2: '5', 3: '5'}, {0: 'Two or more races, non-Hispanic', 1: '41', 2: '233', 3: '233'}, {0: 'Race and/or ethnicity unknown', 1: '6', 2: '38', 3: '38'}, {0: 'TOTAL', 1: '1,012', 2: '4,463', 3: '4,472'}]]","<table> <tr> <td> </td> <td> Degree-Seeking <br/> First-Time <br/> First Year </td> <td> Degree-Seeking <br/> Undergraduates <br/> (include first-time <br/> first-year) </td> <td> Total <br/> Undergraduates <br/> (both degree- and <br/> non-degree￾ <br/> seeking) </td> </tr> <tr> <td> Nonresident aliens </td> <td> 3 </td> <td> 14 </td> <td> 14 </td> </tr> <tr> <td> Hispanic/Latino </td> <td> 96 </td> <td> 308 </td> <td> 311 </td> </tr> <tr> <td> Black or African American, non-Hispanic </td> <td> 81 </td> <td> 310 </td> <td> 311 </td> </tr> <tr> <td> White, non-Hispanic </td> <td> 746 </td> <td> 3,375 </td> <td> 3,380 </td> </tr> <tr> <td> American Indian or Alaska Native, non-Hispanic </td> <td> 2 </td> <td> 5 </td> <td> 5 </td> </tr> <tr> <td> Asian, non-Hispanic </td> <td> 36 </td> <td> 175 </td> <td> 175 </td> </tr> <tr> <td> Native Hawaiian or other Pacific Islander, non￾ <br/> Hispanic </td> <td> 1 </td> <td> 5 </td> <td> 5 </td> </tr> <tr> <td> Two or more races, non-Hispanic </td> <td> 41 </td> <td> 233 </td> <td> 233 </td> </tr> <tr> <td> Race and/or ethnicity unknown </td> <td> 6 </td> <td> 38 </td> <td> 38 </td> </tr> <tr> <td> TOTAL </td> <td> 1,012 </td> <td> 4,463 </td> <td> 4,472 </td> </tr> </table>",231712,../data/cds-docs/2021-2022/231712.pdf,2021-2022
B,4,B4,-B21: Graduation Rates,"[[{0: '', 1: 'Recipients of a\nFederal Grant Pell', 2: 'Recipients of a\nSubsidized\nStafford Loan\nwho did not\nreceive Grant a Pell', 3: 'Students who did\nnot receive either\na Pell Grant or a\nsubsidized\nStafford Loan', 4: 'Total\n(sum of 3 columns\nto the left)'}, {0: ""Initial 2015 cohort of first-time, full\ufffe\ntime, bachelor's (or equivalent)\ndegree-seeking undergraduate\nstudents"", 1: '181', 2: '295', 3: '748', 4: '1224'}, {0: 'Of the initial 2015 cohort, how many\ndid not persist and did not graduate\nfor the following reasons:\n• Deceased\n• Permanently Disabled\n• Armed Forces\n• Foreign Aid Service of the Federal\nGovernment\n• Official church missions\n• Report Total Allowable Exclusions', 1: '0', 2: '1', 3: '0', 4: '1'}, {0: 'Final 2015 cohort, after adjusting for\nallowable exclusions', 1: '181', 2: '294', 3: '748', 4: '1223'}, {0: 'Of the initial 2015 cohort, how many\ncompleted the program in four years\nor less (by Aug. 31, 2019)', 1: '110', 2: '191', 3: '506', 4: '807'}, {0: 'Of the initial 2015 cohort, how many\ncompleted the program in more than\nfour years but in five years or less\n(after Aug. 31, 2019 and by Aug. 31,\n2020)', 1: '15', 2: '19', 3: '60', 4: '94'}, {0: 'Of the initial 2015 cohort, how many\ncompleted the program in more than\nfive years but in six years or less\n(after Aug. 31, 2020 and by Aug. 31,\n2021)', 1: '0', 2: '5', 3: '8', 4: '13'}, {0: 'Total graduating within six years\n(sum of lines D, E, and F)', 1: '125', 2: '215', 3: '574', 4: '914'}, {0: 'Six-year graduation rate for 2015\ncohort (G divided by C)', 1: '69%', 2: '73%', 3: '77%', 4: '75%'}]]","<table> <tr> <td> </td> <td> Recipients of a <br/> Federal Grant Pell </td> <td> Recipients of a <br/> Subsidized <br/> Stafford Loan <br/> who did not <br/> receive Grant a Pell </td> <td> Students who did <br/> not receive either <br/> a Pell Grant or a <br/> subsidized <br/> Stafford Loan </td> <td> Total <br/> (sum of 3 columns <br/> to the left) </td> </tr> <tr> <td> Initial 2015 cohort of first-time, full￾ <br/> time, bachelor's (or equivalent) <br/> degree-seeking undergraduate <br/> students </td> <td> 181 </td> <td> 295 </td> <td> 748 </td> <td> 1224 </td> </tr> <tr> <td> Of the initial 2015 cohort, how many <br/> did not persist and did not graduate <br/> for the following reasons: <br/> • Deceased <br/> • Permanently Disabled <br/> • Armed Forces <br/> • Foreign Aid Service of the Federal <br/> Government <br/> • Official church missions <br/> • Report Total Allowable Exclusions </td> <td> 0 </td> <td> 1 </td> <td> 0 </td> <td> 1 </td> </tr> <tr> <td> Final 2015 cohort, after adjusting for <br/> allowable exclusions </td> <td> 181 </td> <td> 294 </td> <td> 748 </td> <td> 1223 </td> </tr> <tr> <td> Of the initial 2015 cohort, how many <br/> completed the program in four years <br/> or less (by Aug. 31, 2019) </td> <td> 110 </td> <td> 191 </td> <td> 506 </td> <td> 807 </td> </tr> <tr> <td> Of the initial 2015 cohort, how many <br/> completed the program in more than <br/> four years but in five years or less <br/> (after Aug. 31, 2019 and by Aug. 31, <br/> 2020) </td> <td> 15 </td> <td> 19 </td> <td> 60 </td> <td> 94 </td> </tr> <tr> <td> Of the initial 2015 cohort, how many <br/> completed the program in more than <br/> five years but in six years or less <br/> (after Aug. 31, 2020 and by Aug. 31, <br/> 2021) </td> <td> 0 </td> <td> 5 </td> <td> 8 </td> <td> 13 </td> </tr> <tr> <td> Total graduating within six years <br/> (sum of lines D, E, and F) </td> <td> 125 </td> <td> 215 </td> <td> 574 </td> <td> 914 </td> </tr> <tr> <td> Six-year graduation rate for 2015 <br/> cohort (G divided by C) </td> <td> 69% </td> <td> 73% </td> <td> 77% </td> <td> 75% </td> </tr> </table>",231712,../data/cds-docs/2021-2022/231712.pdf,2021-2022
B,12,B12,"Initial cohort, total of first-time, full-time degree/certificate-seeking students:","[[{0: '', 1: '2018 Cohort', 2: '2017 Cohort'}, {0: 'Initial cohort, total of first-time, full-time degree/certificate-seeking students:', 1: '', 2: ''}, {0: 'Of the initial cohort, how many did not persist and did not graduate for the\nfollowing reasons:\n• • Death Permanently Disability\n• Service in the armed forces,\n• Foreign aid service of the federal government\n• Official church missions\n• Report total allowable exclusions', 1: '', 2: ''}, {0: 'Final cohort, after adjusting for allowable exclusions:', 1: '0', 2: '0'}, {0: 'Completers of programs of less than two years duration (total):', 1: '', 2: ''}, {0: 'Completers of programs of less than two years within 150 percent of normal\ntime:', 1: '', 2: ''}, {0: 'Completers of programs of at least two but less than four years (total):', 1: '', 2: ''}, {0: 'Completers of programs of at least two but less than four-years within 150\npercent of normal time:', 1: '', 2: ''}, {0: 'Total transfers-out (within three years) to other institutions:', 1: '', 2: ''}, {0: 'Total transfers to two-year institutions:', 1: '', 2: ''}, {0: 'Total transfers to four-year institutions:', 1: '', 2: ''}]]","<table> <tr> <td> </td> <td> 2018 Cohort </td> <td> 2017 Cohort </td> </tr> <tr> <td> Initial cohort, total of first-time, full-time degree/certificate-seeking students: </td> <td> </td> <td> </td> </tr> <tr> <td> Of the initial cohort, how many did not persist and did not graduate for the <br/> following reasons: <br/> • • Death Permanently Disability <br/> • Service in the armed forces, <br/> • Foreign aid service of the federal government <br/> • Official church missions <br/> • Report total allowable exclusions </td> <td> </td> <td> </td> </tr> <tr> <td> Final cohort, after adjusting for allowable exclusions: </td> <td> 0 </td> <td> 0 </td> </tr> <tr> <td> Completers of programs of less than two years duration (total): </td> <td> </td> <td> </td> </tr> <tr> <td> Completers of programs of less than two years within 150 percent of normal <br/> time: </td> <td> </td> <td> </td> </tr> <tr> <td> Completers of programs of at least two but less than four years (total): </td> <td> </td> <td> </td> </tr> <tr> <td> Completers of programs of at least two but less than four-years within 150 <br/> percent of normal time: </td> <td> </td> <td> </td> </tr> <tr> <td> Total transfers-out (within three years) to other institutions: </td> <td> </td> <td> </td> </tr> <tr> <td> Total transfers to two-year institutions: </td> <td> </td> <td> </td> </tr> <tr> <td> Total transfers to four-year institutions: </td> <td> </td> <td> </td> </tr> </table>",231712,../data/cds-docs/2021-2022/231712.pdf,2021-2022
C,1,C1,"First-time, first-year (freshman) students: Provide the number of degree-seeking, first-time, first-year","[[{0: 'Total first-time, first-year', 1: '(freshman)', 2: 'men who applied', 3: '2892'}, {0: 'Total first-time, first-year', 1: '(freshman)', 2: 'women who applied', 3: '3807'}], [{0: 'Total first-time, first-year', 1: '(freshman)', 2: 'men who were admitted', 3: '2479'}, {0: 'Total first-time, first-year', 1: '(freshman)', 2: 'women who were admitted', 3: '3452'}], [{0: 'Total full-time, first-time, first-year (freshman) men who enrolled', 1: '462'}, {0: 'Total part-time, first-time, first-year (freshman) men who enrolled', 1: '0'}], [{0: 'Total full-time, first-time, first-year (freshman) women who enrolled', 1: '550'}, {0: 'Total part-time, first-time, first-year (freshman) women who enrolled', 1: '0'}], [{0: 'Total first-time, first-year (degree-seeking) who applied', 1: 'Total first-time, first-year (degree-seeking) who applied', 2: 'Total first-time, first-year (degree-seeking) who applied', 3: '6699'}, {0: 'Total first-time, first-year (degree-seeking) who were admitted', 1: 'Total first-time, first-year (degree-seeking) who were admitted', 2: 'Total first-time, first-year (degree-seeking) who were admitted', 3: '5931'}, {0: 'Total first-time, first-year', 1: '(degree-seeking)', 2: 'who enrolled', 3: '1012'}]]","<table> <tr> <td> Total first-time, first-year </td> <td> (freshman) </td> <td> men who applied </td> <td> 2892 </td> </tr> <tr> <td> Total first-time, first-year </td> <td> (freshman) </td> <td> women who applied </td> <td> 3807 </td> </tr> </table><div class=""separator""></div><table> <tr> <td> Total first-time, first-year </td> <td> (freshman) </td> <td> men who were admitted </td> <td> 2479 </td> </tr> <tr> <td> Total first-time, first-year </td> <td> (freshman) </td> <td> women who were admitted </td> <td> 3452 </td> </tr> </table><div class=""separator""></div><table> <tr> <td> Total full-time, first-time, first-year (freshman) men who enrolled </td> <td> 462 </td> </tr> <tr> <td> Total part-time, first-time, first-year (freshman) men who enrolled </td> <td> 0 </td> </tr> </table><div class=""separator""></div><table> <tr> <td> Total full-time, first-time, first-year (freshman) women who enrolled </td> <td> 550 </td> </tr> <tr> <td> Total part-time, first-time, first-year (freshman) women who enrolled </td> <td> 0 </td> </tr> </table><div class=""separator""></div><table> <tr> <td colspan=""3""> Total first-time, first-year (degree-seeking) who applied </td> <td> 6699 </td> </tr> <tr> <td colspan=""3""> Total first-time, first-year (degree-seeking) who were admitted </td> <td> 5931 </td> </tr> <tr> <td> Total first-time, first-year </td> <td> (degree-seeking) </td> <td> who enrolled </td> <td> 1012 </td> </tr> </table>",231712,../data/cds-docs/2021-2022/231712.pdf,2021-2022
C,2,C2,Freshman wait-listed students,"[[{0: 'WAITING LIST', 1: 'TOTAL'}, {0: 'Number of qualified applicants offered a place on waiting list:', 1: '426'}, {0: 'Number accepting a place on the waiting list:', 1: '116'}, {0: 'Number of wait-listed students admitted:', 1: '116'}]]",<table> <tr> <td> WAITING LIST </td> <td> TOTAL </td> </tr> <tr> <td> Number of qualified applicants offered a place on waiting list: </td> <td> 426 </td> </tr> <tr> <td> Number accepting a place on the waiting list: </td> <td> 116 </td> </tr> <tr> <td> Number of wait-listed students admitted: </td> <td> 116 </td> </tr> </table>,231712,../data/cds-docs/2021-2022/231712.pdf,2021-2022
C,5,C5,Distribution of high school units required and/or recommended. Specify the distribution of academic,"[[{0: '', 1: 'Required Units', 2: 'Units\nRecommended'}, {0: 'Total academic units', 1: '26', 2: '26'}, {0: 'English', 1: '4', 2: '4'}, {0: 'Mathematics', 1: '4', 2: '4'}, {0: 'Science', 1: '4', 2: '4'}, {0: 'Of these, units that must be\nlab', 1: '4', 2: '4'}, {0: 'Foreign language', 1: '3', 2: '3'}, {0: 'Social studies', 1: '4', 2: '4'}, {0: 'History', 1: '', 2: ''}, {0: 'Academic electives', 1: '2', 2: '2'}, {0: 'Computer Science', 1: '', 2: ''}, {0: 'Visual/Performing Arts', 1: '1', 2: '1'}, {0: ""Other (specify): to complete\nVirginia's ASD or equivalent"", 1: '4', 2: '4'}]]","<table> <tr> <td> </td> <td> Required Units </td> <td> Units <br/> Recommended </td> </tr> <tr> <td> Total academic units </td> <td> 26 </td> <td> 26 </td> </tr> <tr> <td> English </td> <td> 4 </td> <td> 4 </td> </tr> <tr> <td> Mathematics </td> <td> 4 </td> <td> 4 </td> </tr> <tr> <td> Science </td> <td> 4 </td> <td> 4 </td> </tr> <tr> <td> Of these, units that must be <br/> lab </td> <td> 4 </td> <td> 4 </td> </tr> <tr> <td> Foreign language </td> <td> 3 </td> <td> 3 </td> </tr> <tr> <td> Social studies </td> <td> 4 </td> <td> 4 </td> </tr> <tr> <td> History </td> <td> </td> <td> </td> </tr> <tr> <td> Academic electives </td> <td> 2 </td> <td> 2 </td> </tr> <tr> <td> Computer Science </td> <td> </td> <td> </td> </tr> <tr> <td> Visual/Performing Arts </td> <td> 1 </td> <td> 1 </td> </tr> <tr> <td> Other (specify): to complete <br/> Virginia's ASD or equivalent </td> <td> 4 </td> <td> 4 </td> </tr> </table>",231712,../data/cds-docs/2021-2022/231712.pdf,2021-2022
C,7,C7,"Relative importance of each of the following academic and nonacademic factors in your first-time,","[[{0: '', 1: 'Very Important', 2: 'Important', 3: 'Considered', 4: 'Not Considered'}, {0: 'Academic', 1: 'Academic', 2: 'Academic', 3: 'Academic', 4: 'Academic'}, {0: 'Rigor of secondary school\nrecord', 1: 'x', 2: '', 3: '', 4: ''}, {0: 'Class rank', 1: '', 2: 'x', 3: '', 4: ''}, {0: 'Academic GPA', 1: 'x', 2: '', 3: '', 4: ''}, {0: 'Standardized test scores', 1: '', 2: 'x', 3: '', 4: ''}, {0: 'Application Essay', 1: '', 2: 'x', 3: '', 4: ''}, {0: 'Recommendation(s)', 1: '', 2: 'x', 3: '', 4: ''}, {0: 'Nonacademic', 1: 'Nonacademic', 2: 'Nonacademic', 3: 'Nonacademic', 4: 'Nonacademic'}, {0: 'Interview', 1: '', 2: 'x', 3: '', 4: ''}, {0: 'Extracurricular activities', 1: '', 2: 'x', 3: '', 4: ''}, {0: 'Talent/ability', 1: '', 2: 'x', 3: '', 4: ''}, {0: 'Character/personal qualities', 1: '', 2: 'x', 3: '', 4: ''}, {0: 'First generation', 1: '', 2: '', 3: 'x', 4: ''}, {0: 'Alumni/ae relation', 1: '', 2: '', 3: 'x', 4: ''}, {0: 'Geographical residence', 1: '', 2: '', 3: 'x', 4: ''}, {0: 'State residency', 1: '', 2: '', 3: 'x', 4: ''}, {0: 'Religious affiliation/commitment', 1: '', 2: '', 3: '', 4: 'x'}, {0: 'Racial/ethnic status', 1: '', 2: '', 3: '', 4: 'x'}, {0: 'Volunteer work', 1: '', 2: '', 3: 'x', 4: ''}, {0: 'Work experience', 1: '', 2: '', 3: 'x', 4: ''}, {0: 'Level of applicant’s interest', 1: '', 2: 'x', 3: '', 4: ''}]]","<table> <tr> <td> </td> <td> Very Important </td> <td> Important </td> <td> Considered </td> <td> Not Considered </td> </tr> <tr> <td colspan=""5""> Academic </td> </tr> <tr> <td> Rigor of secondary school <br/> record </td> <td> x </td> <td> </td> <td> </td> <td> </td> </tr> <tr> <td> Class rank </td> <td> </td> <td> x </td> <td> </td> <td> </td> </tr> <tr> <td> Academic GPA </td> <td> x </td> <td> </td> <td> </td> <td> </td> </tr> <tr> <td> Standardized test scores </td> <td> </td> <td> x </td> <td> </td> <td> </td> </tr> <tr> <td> Application Essay </td> <td> </td> <td> x </td> <td> </td> <td> </td> </tr> <tr> <td> Recommendation(s) </td> <td> </td> <td> x </td> <td> </td> <td> </td> </tr> <tr> <td colspan=""5""> Nonacademic </td> </tr> <tr> <td> Interview </td> <td> </td> <td> x </td> <td> </td> <td> </td> </tr> <tr> <td> Extracurricular activities </td> <td> </td> <td> x </td> <td> </td> <td> </td> </tr> <tr> <td> Talent/ability </td> <td> </td> <td> x </td> <td> </td> <td> </td> </tr> <tr> <td> Character/personal qualities </td> <td> </td> <td> x </td> <td> </td> <td> </td> </tr> <tr> <td> First generation </td> <td> </td> <td> </td> <td> x </td> <td> </td> </tr> <tr> <td> Alumni/ae relation </td> <td> </td> <td> </td> <td> x </td> <td> </td> </tr> <tr> <td> Geographical residence </td> <td> </td> <td> </td> <td> x </td> <td> </td> </tr> <tr> <td> State residency </td> <td> </td> <td> </td> <td> x </td> <td> </td> </tr> <tr> <td> Religious affiliation/commitment </td> <td> </td> <td> </td> <td> </td> <td> x </td> </tr> <tr> <td> Racial/ethnic status </td> <td> </td> <td> </td> <td> </td> <td> x </td> </tr> <tr> <td> Volunteer work </td> <td> </td> <td> </td> <td> x </td> <td> </td> </tr> <tr> <td> Work experience </td> <td> </td> <td> </td> <td> x </td> <td> </td> </tr> <tr> <td> Level of applicant’s interest </td> <td> </td> <td> x </td> <td> </td> <td> </td> </tr> </table>",231712,../data/cds-docs/2021-2022/231712.pdf,2021-2022
C,8,C8,"A If yes, place check marks in the appropriate boxes below to reflect your institution’s policies for use in","[[{0: '', 1: 'ADMISSION', 2: 'ADMISSION', 3: 'ADMISSION', 4: 'ADMISSION', 5: 'ADMISSION'}, {0: '', 1: 'Require', 2: 'Recommend', 3: 'Require for Some', 4: 'Consider if\nSubmitted', 5: 'Used Not'}, {0: 'SAT or ACT', 1: '', 2: '', 3: '', 4: 'X', 5: ''}, {0: 'ACT Only', 1: '', 2: '', 3: '', 4: 'X', 5: ''}, {0: 'SAT Only', 1: '', 2: '', 3: '', 4: 'X', 5: ''}, {0: 'SAT and SAT Subject Tests or', 1: '', 2: '', 3: '', 4: '', 5: 'X'}, {0: 'SAT Subject Tests', 1: '', 2: '', 3: '', 4: '', 5: 'X'}]]","<table> <tr> <td rowspan=""2""> </td> <td colspan=""5""> ADMISSION </td> </tr> <tr> <td> Require </td> <td> Recommend </td> <td> Require for Some </td> <td> Consider if <br/> Submitted </td> <td> Used Not </td> </tr> <tr> <td> SAT or ACT </td> <td> </td> <td> </td> <td> </td> <td> X </td> <td> </td> </tr> <tr> <td> ACT Only </td> <td> </td> <td> </td> <td> </td> <td> X </td> <td> </td> </tr> <tr> <td> SAT Only </td> <td> </td> <td> </td> <td> </td> <td> X </td> <td> </td> </tr> <tr> <td> SAT and SAT Subject Tests or </td> <td> </td> <td> </td> <td> </td> <td> </td> <td> X </td> </tr> <tr> <td> SAT Subject Tests </td> <td> </td> <td> </td> <td> </td> <td> </td> <td> X </td> </tr> </table>",231712,../data/cds-docs/2021-2022/231712.pdf,2021-2022
C,9,C9,"Percent and number of first-time, first-year (freshman) students enrolled in Fall 2021 who submitted","[[{0: '36%', 1: '365'}, {0: '2%', 1: '21'}], [{0: 'Assessment', 1: '25th Percentile', 2: '75th Percentile'}, {0: 'SAT Composite', 1: '1110', 2: '1320'}, {0: 'SAT Evidence-Based Reading and\nWriting', 1: '570', 2: '670'}, {0: 'SAT Math', 1: '540', 2: '650'}, {0: 'ACT Composite', 1: '25', 2: '29'}, {0: 'ACT Math', 1: '', 2: ''}, {0: 'ACT English', 1: '', 2: ''}, {0: 'ACT Writing', 1: '', 2: ''}], [{0: 'Score Range', 1: 'SAT Evidence\ufffe\nBased Reading\nand Writing', 2: 'SAT Math'}, {0: '700-800', 1: '17%', 2: '11%'}, {0: '600-699', 1: '45%', 2: '37%'}, {0: '500-599', 1: '34%', 2: '44%'}, {0: '400-499', 1: '4%', 2: '8%'}, {0: '300-399', 1: '0%', 2: '0%'}, {0: '200-299', 1: '0%', 2: '0%'}, {0: 'Totals should = 100%', 1: '100%', 2: '100%'}], [{0: 'Score Range', 1: 'SAT Composite'}, {0: '1400-1600', 1: '11%'}, {0: '1200-1399', 1: '45%'}, {0: '1000-1199', 1: '39%'}, {0: '800-999', 1: '5%'}, {0: '600-799', 1: '0%'}, {0: '400-599', 1: '0%'}, {0: 'Totals should = 100%', 1: '100%'}], [{0: 'Score Range', 1: 'ACT Composite', 2: 'ACT English', 3: 'ACT Math'}, {0: '30-36', 1: '19%', 2: '', 3: ''}, {0: '24-29', 1: '57%', 2: '', 3: ''}, {0: '18-23', 1: '24%', 2: '', 3: ''}, {0: '12-17', 1: '0%', 2: '', 3: ''}, {0: '6-11', 1: '0%', 2: '', 3: ''}, {0: 'Below 6', 1: '0%', 2: '', 3: ''}, {0: 'Totals should = 100%', 1: '100%', 2: '0.00%', 3: '0.00%'}]]","<table> <tr> <td> 36% </td> <td> 365 </td> </tr> <tr> <td> 2% </td> <td> 21 </td> </tr> </table><div class=""separator""></div><table> <tr> <td> Assessment </td> <td> 25th Percentile </td> <td> 75th Percentile </td> </tr> <tr> <td> SAT Composite </td> <td> 1110 </td> <td> 1320 </td> </tr> <tr> <td> SAT Evidence-Based Reading and <br/> Writing </td> <td> 570 </td> <td> 670 </td> </tr> <tr> <td> SAT Math </td> <td> 540 </td> <td> 650 </td> </tr> <tr> <td> ACT Composite </td> <td> 25 </td> <td> 29 </td> </tr> <tr> <td> ACT Math </td> <td> </td> <td> </td> </tr> <tr> <td> ACT English </td> <td> </td> <td> </td> </tr> <tr> <td> ACT Writing </td> <td> </td> <td> </td> </tr> </table><div class=""separator""></div><table> <tr> <td> Score Range </td> <td> SAT Evidence￾ <br/> Based Reading <br/> and Writing </td> <td> SAT Math </td> </tr> <tr> <td> 700-800 </td> <td> 17% </td> <td> 11% </td> </tr> <tr> <td> 600-699 </td> <td> 45% </td> <td> 37% </td> </tr> <tr> <td> 500-599 </td> <td> 34% </td> <td> 44% </td> </tr> <tr> <td> 400-499 </td> <td> 4% </td> <td> 8% </td> </tr> <tr> <td> 300-399 </td> <td> 0% </td> <td> 0% </td> </tr> <tr> <td> 200-299 </td> <td> 0% </td> <td> 0% </td> </tr> <tr> <td> Totals should = 100% </td> <td> 100% </td> <td> 100% </td> </tr> </table><div class=""separator""></div><table> <tr> <td> Score Range </td> <td> SAT Composite </td> </tr> <tr> <td> 1400-1600 </td> <td> 11% </td> </tr> <tr> <td> 1200-1399 </td> <td> 45% </td> </tr> <tr> <td> 1000-1199 </td> <td> 39% </td> </tr> <tr> <td> 800-999 </td> <td> 5% </td> </tr> <tr> <td> 600-799 </td> <td> 0% </td> </tr> <tr> <td> 400-599 </td> <td> 0% </td> </tr> <tr> <td> Totals should = 100% </td> <td> 100% </td> </tr> </table><div class=""separator""></div><table> <tr> <td> Score Range </td> <td> ACT Composite </td> <td> ACT English </td> <td> ACT Math </td> </tr> <tr> <td> 30-36 </td> <td> 19% </td> <td> </td> <td> </td> </tr> <tr> <td> 24-29 </td> <td> 57% </td> <td> </td> <td> </td> </tr> <tr> <td> 18-23 </td> <td> 24% </td> <td> </td> <td> </td> </tr> <tr> <td> 12-17 </td> <td> 0% </td> <td> </td> <td> </td> </tr> <tr> <td> 6-11 </td> <td> 0% </td> <td> </td> <td> </td> </tr> <tr> <td> Below 6 </td> <td> 0% </td> <td> </td> <td> </td> </tr> <tr> <td> Totals should = 100% </td> <td> 100% </td> <td> 0.00% </td> <td> 0.00% </td> </tr> </table>",231712,../data/cds-docs/2021-2022/231712.pdf,2021-2022
C,10,C10,"Percent of all degree-seeking, first-time, first-year (freshman) students who had high school class","[[{0: 'Assessment', 1: 'Percent'}, {0: 'Percent in top tenth of high school graduating class', 1: '16%'}, {0: 'Percent in top quarter of high school graduating class', 1: '44%'}, {0: 'Percent in top half of high school graduating class', 1: '77%'}, {0: 'Percent in bottom half of high school graduating class', 1: '23%'}, {0: 'Percent in bottom quarter of high school graduating class', 1: '4%'}, {0: 'Percent of total first-time, first-year (freshmen) students who submitted', 1: '59%'}]]","<table> <tr> <td> Assessment </td> <td> Percent </td> </tr> <tr> <td> Percent in top tenth of high school graduating class </td> <td> 16% </td> </tr> <tr> <td> Percent in top quarter of high school graduating class </td> <td> 44% </td> </tr> <tr> <td> Percent in top half of high school graduating class </td> <td> 77% </td> </tr> <tr> <td> Percent in bottom half of high school graduating class </td> <td> 23% </td> </tr> <tr> <td> Percent in bottom quarter of high school graduating class </td> <td> 4% </td> </tr> <tr> <td> Percent of total first-time, first-year (freshmen) students who submitted </td> <td> 59% </td> </tr> </table>",231712,../data/cds-docs/2021-2022/231712.pdf,2021-2022
C,11,C11,"Percentage of all enrolled, degree-seeking, first-time, first-year (freshman) students who had high","[[{0: 'Score Range', 1: 'Percent'}, {0: 'Percent who had GPA of 4.0', 1: '34%'}, {0: 'Percent who had GPA between 3.75 and 3.99', 1: '22%'}, {0: 'Percent who had GPA between 3.50 and 3.74', 1: '18%'}, {0: 'Percent who had GPA between 3.25 and 3.49', 1: '15%'}, {0: 'Percent who had GPA between 3.00 and 3.24', 1: '8%'}, {0: 'Percent who had GPA between 2.50 and 2.99', 1: '3%'}, {0: 'Percent who had GPA between 2.0 and 2.49', 1: '0%'}, {0: 'Percent who had GPA between 1.0 and 1.99', 1: '0%'}, {0: 'Percent who had GPA below 1.0', 1: '0%'}, {0: 'Totals should = 100%', 1: '100%'}]]",<table> <tr> <td> Score Range </td> <td> Percent </td> </tr> <tr> <td> Percent who had GPA of 4.0 </td> <td> 34% </td> </tr> <tr> <td> Percent who had GPA between 3.75 and 3.99 </td> <td> 22% </td> </tr> <tr> <td> Percent who had GPA between 3.50 and 3.74 </td> <td> 18% </td> </tr> <tr> <td> Percent who had GPA between 3.25 and 3.49 </td> <td> 15% </td> </tr> <tr> <td> Percent who had GPA between 3.00 and 3.24 </td> <td> 8% </td> </tr> <tr> <td> Percent who had GPA between 2.50 and 2.99 </td> <td> 3% </td> </tr> <tr> <td> Percent who had GPA between 2.0 and 2.49 </td> <td> 0% </td> </tr> <tr> <td> Percent who had GPA between 1.0 and 1.99 </td> <td> 0% </td> </tr> <tr> <td> Percent who had GPA below 1.0 </td> <td> 0% </td> </tr> <tr> <td> Totals should = 100% </td> <td> 100% </td> </tr> </table>,231712,../data/cds-docs/2021-2022/231712.pdf,2021-2022
C,14,C14,Application closing date,"[[{0: '', 1: 'Date'}, {0: 'Application closing date (fall)', 1: '2/1'}, {0: 'Priority Date', 1: '2/1'}]]",<table> <tr> <td> </td> <td> Date </td> </tr> <tr> <td> Application closing date (fall) </td> <td> 2/1 </td> </tr> <tr> <td> Priority Date </td> <td> 2/1 </td> </tr> </table>,231712,../data/cds-docs/2021-2022/231712.pdf,2021-2022
D,2,D2,"Provide the number of students who applied, were admitted, and enrolled as degree-seeking transfer","[[{0: '', 1: 'Applicants', 2: 'Admitted\nApplicants', 3: 'Enrolled\nApplicants'}, {0: 'Men', 1: '188', 2: '119', 3: '67'}, {0: 'Women', 1: '227', 2: '168', 3: '70'}, {0: 'Total', 1: '415', 2: '287', 3: '137'}]]",<table> <tr> <td> </td> <td> Applicants </td> <td> Admitted <br/> Applicants </td> <td> Enrolled <br/> Applicants </td> </tr> <tr> <td> Men </td> <td> 188 </td> <td> 119 </td> <td> 67 </td> </tr> <tr> <td> Women </td> <td> 227 </td> <td> 168 </td> <td> 70 </td> </tr> <tr> <td> Total </td> <td> 415 </td> <td> 287 </td> <td> 137 </td> </tr> </table>,231712,../data/cds-docs/2021-2022/231712.pdf,2021-2022
D,9,D9,Rolling,"[[{0: '', 1: 'Priority Date', 2: 'Closing Date', 3: 'Notification Date', 4: 'Reply Date', 5: 'Rolling\nAdmission'}, {0: 'Fall', 1: '3/1', 2: '7/15', 3: '', 4: '', 5: ''}, {0: 'Winter', 1: '', 2: '', 3: '', 4: '', 5: ''}, {0: 'Spring', 1: '10/1', 2: '12/15', 3: '', 4: '', 5: ''}, {0: 'Summer', 1: '', 2: '', 3: '', 4: '', 5: ''}]]",<table> <tr> <td> </td> <td> Priority Date </td> <td> Closing Date </td> <td> Notification Date </td> <td> Reply Date </td> <td> Rolling <br/> Admission </td> </tr> <tr> <td> Fall </td> <td> 3/1 </td> <td> 7/15 </td> <td> </td> <td> </td> <td> </td> </tr> <tr> <td> Winter </td> <td> </td> <td> </td> <td> </td> <td> </td> <td> </td> </tr> <tr> <td> Spring </td> <td> 10/1 </td> <td> 12/15 </td> <td> </td> <td> </td> <td> </td> </tr> <tr> <td> Summer </td> <td> </td> <td> </td> <td> </td> <td> </td> <td> </td> </tr> </table>,231712,../data/cds-docs/2021-2022/231712.pdf,2021-2022
D,18,D18,Does your institution accept the following military/veteran transfer credits:,"[[{0: 'X', 1: ''}, {0: 'X', 1: ''}, {0: '', 1: 'X'}]]",<table> <tr> <td> X </td> <td> </td> </tr> <tr> <td> X </td> <td> </td> </tr> <tr> <td> </td> <td> X </td> </tr> </table>,231712,../data/cds-docs/2021-2022/231712.pdf,2021-2022
F,1,F1,"Percentages of first-time, first-year (freshman) degree-seeking students and degree-","[[{0: '', 1: 'First-time, first\ufffe\nyear (freshman)\nstudents', 2: 'Undergraduates'}, {0: 'Percent who are from out of state (exclude\ninternational/nonresident aliens from the numerator\nand denominator)', 1: '7%', 2: '7%'}, {0: 'Percent of men who join fraternities', 1: '0%', 2: '20%'}, {0: 'Percent of women who join sororities', 1: '0%', 2: '27%'}, {0: 'Percent who live in college-owned, -operated, or -\naffiliated housing', 1: '96%', 2: '78%'}, {0: 'Percent who live off campus or commute', 1: '4%', 2: '22%'}, {0: 'Percent of students age 25 and older', 1: '0%', 2: '1%'}, {0: 'Average age of full-time students', 1: '18', 2: '20'}, {0: 'Average age of all students (full- and part-time)', 1: '18', 2: '20'}]]","<table> <tr> <td> </td> <td> First-time, first￾ <br/> year (freshman) <br/> students </td> <td> Undergraduates </td> </tr> <tr> <td> Percent who are from out of state (exclude <br/> international/nonresident aliens from the numerator <br/> and denominator) </td> <td> 7% </td> <td> 7% </td> </tr> <tr> <td> Percent of men who join fraternities </td> <td> 0% </td> <td> 20% </td> </tr> <tr> <td> Percent of women who join sororities </td> <td> 0% </td> <td> 27% </td> </tr> <tr> <td> Percent who live in college-owned, -operated, or - <br/> affiliated housing </td> <td> 96% </td> <td> 78% </td> </tr> <tr> <td> Percent who live off campus or commute </td> <td> 4% </td> <td> 22% </td> </tr> <tr> <td> Percent of students age 25 and older </td> <td> 0% </td> <td> 1% </td> </tr> <tr> <td> Average age of full-time students </td> <td> 18 </td> <td> 20 </td> </tr> <tr> <td> Average age of all students (full- and part-time) </td> <td> 18 </td> <td> 20 </td> </tr> </table>",231712,../data/cds-docs/2021-2022/231712.pdf,2021-2022
F,3,F3,ROTC (program offered in cooperation with Reserve Officers' Training Corps),"[[{0: '', 1: 'On Campus', 2: 'At Cooperating\nInstitution', 3: 'Name of Cooperating\nInstitution'}, {0: 'Army ROTC is offered:', 1: 'X', 2: '', 3: ''}, {0: 'Naval ROTC is offered:', 1: '', 2: '', 3: ''}, {0: 'Air Force ROTC is offered:', 1: '', 2: '', 3: ''}]]",<table> <tr> <td> </td> <td> On Campus </td> <td> At Cooperating <br/> Institution </td> <td> Name of Cooperating <br/> Institution </td> </tr> <tr> <td> Army ROTC is offered: </td> <td> X </td> <td> </td> <td> </td> </tr> <tr> <td> Naval ROTC is offered: </td> <td> </td> <td> </td> <td> </td> </tr> <tr> <td> Air Force ROTC is offered: </td> <td> </td> <td> </td> <td> </td> </tr> </table>,231712,../data/cds-docs/2021-2022/231712.pdf,2021-2022
G,1,G1,First-Year Undergraduates,"[[{0: '', 1: 'First-Year', 2: 'Undergraduates'}, {0: 'PRIVATE INSTITUTIONS', 1: '', 2: ''}, {0: 'Tuition:', 1: '', 2: ''}, {0: 'PUBLIC INSTITUTIONS', 1: '', 2: ''}, {0: 'Tuition: In-district', 1: '$9,375', 2: '$9,375'}, {0: 'Tuition: In-state (out-of-district):', 1: '', 2: ''}, {0: 'Tuition: Out-of-state:', 1: '$22,213', 2: '$22,213'}, {0: 'Tuition: Non-resident alien', 1: '$22,213', 2: '$22,213'}, {0: 'FOR ALL INSTITUTIONS', 1: 'FOR ALL INSTITUTIONS', 2: 'FOR ALL INSTITUTIONS'}, {0: 'Required Fees', 1: '$6,050', 2: '$6,050'}, {0: 'Room and Board (on-campus):', 1: '$11,990', 2: '$11,990'}, {0: 'Room Only (on-campus):', 1: '$7,310', 2: '$7,310'}, {0: 'Board Only (on-campus meal plan):', 1: '$4,680', 2: '$4,680'}]]","<table> <tr> <td> </td> <td> First-Year </td> <td> Undergraduates </td> </tr> <tr> <td> PRIVATE INSTITUTIONS </td> <td> </td> <td> </td> </tr> <tr> <td> Tuition: </td> <td> </td> <td> </td> </tr> <tr> <td> PUBLIC INSTITUTIONS </td> <td> </td> <td> </td> </tr> <tr> <td> Tuition: In-district </td> <td> $9,375 </td> <td> $9,375 </td> </tr> <tr> <td> Tuition: In-state (out-of-district): </td> <td> </td> <td> </td> </tr> <tr> <td> Tuition: Out-of-state: </td> <td> $22,213 </td> <td> $22,213 </td> </tr> <tr> <td> Tuition: Non-resident alien </td> <td> $22,213 </td> <td> $22,213 </td> </tr> <tr> <td colspan=""3""> FOR ALL INSTITUTIONS </td> </tr> <tr> <td> Required Fees </td> <td> $6,050 </td> <td> $6,050 </td> </tr> <tr> <td> Room and Board (on-campus): </td> <td> $11,990 </td> <td> $11,990 </td> </tr> <tr> <td> Room Only (on-campus): </td> <td> $7,310 </td> <td> $7,310 </td> </tr> <tr> <td> Board Only (on-campus meal plan): </td> <td> $4,680 </td> <td> $4,680 </td> </tr> </table>",231712,../data/cds-docs/2021-2022/231712.pdf,2021-2022
G,5,G5,Provide the estimated expenses for a typical full-time undergraduate student:,"[[{0: '', 1: 'Residents', 2: 'Commuters\n(living at home)', 3: 'Commuters\n(not living at home)'}, {0: 'Books and supplies:', 1: '$1,396', 2: '$1,396', 3: '$1,396'}, {0: 'Room only:', 1: '', 2: '', 3: '$8,368'}, {0: 'Board only:', 1: '', 2: '$4,680', 3: '$4,680'}, {0: 'Room and board total*', 1: '', 2: '', 3: ''}, {0: 'Transportation:', 1: '$1,306', 2: '$2,276', 3: '$2,276'}, {0: 'Other expenses:', 1: '$2,682', 2: '$2,322', 3: '$2,322'}]]","<table> <tr> <td> </td> <td> Residents </td> <td> Commuters <br/> (living at home) </td> <td> Commuters <br/> (not living at home) </td> </tr> <tr> <td> Books and supplies: </td> <td> $1,396 </td> <td> $1,396 </td> <td> $1,396 </td> </tr> <tr> <td> Room only: </td> <td> </td> <td> </td> <td> $8,368 </td> </tr> <tr> <td> Board only: </td> <td> </td> <td> $4,680 </td> <td> $4,680 </td> </tr> <tr> <td> Room and board total* </td> <td> </td> <td> </td> <td> </td> </tr> <tr> <td> Transportation: </td> <td> $1,306 </td> <td> $2,276 </td> <td> $2,276 </td> </tr> <tr> <td> Other expenses: </td> <td> $2,682 </td> <td> $2,322 </td> <td> $2,322 </td> </tr> </table>",231712,../data/cds-docs/2021-2022/231712.pdf,2021-2022
H,2,H2,Number of Enrolled Students Awarded Aid: List the number of degree-seeking full-time and less-than-,"[[{0: '', 1: '', 2: 'First-time Full\ufffe\ntime Freshmen', 3: 'Full-time\nUndergrad\n(Incl. Fresh)', 4: 'Less Full-time Than\nUndergrad'}, {0: 'A', 1: 'Number of degree-seeking undergraduate students\n(CDS Item B1 if reporting on Fall 2021 cohort)', 2: '1012', 3: '4387', 4: '76'}, {0: 'B', 1: 'Number of students in line a who applied for need\ufffe\nbased financial aid', 2: '804', 3: '2698', 4: '27'}, {0: 'C', 1: 'Number of students in line b who were determined to\nhave financial need', 2: '434', 3: '1617', 4: '21'}, {0: 'D', 1: 'Number of students in line c who were awarded any\nfinancial aid', 2: '415', 3: '1534', 4: '19'}, {0: 'E', 1: 'Number of students in line d who were awarded any\nneed-based scholarship or grant aid', 2: '311', 3: '1155', 4: '19'}, {0: 'F', 1: 'Number of students in line d who were awarded any\nneed-based self-help aid', 2: '257', 3: '1109', 4: '9'}, {0: 'G', 1: 'Number of students in line d who were awarded any\nnon-need-based scholarship or grant aid', 2: '227', 3: '608', 4: '3'}, {0: 'H', 1: 'Number of students in line d whose need was fully met\n(exclude PLUS loans, unsubsidized loans, and private\nalternative loans)', 2: '85', 3: '304', 4: '2'}], [{0: '', 1: '', 2: 'First-time\nFull-time\nFreshmen', 3: 'Full-time\nUndergrad\n(Incl. Fresh.)', 4: 'Less Full-time Than\nUndergrad'}, {0: 'N', 1: 'Number of students in line a who had no financial need\nand who were awarded institutional non-need-based\nscholarship or grant aid (exclude those who were\nawarded athletic awards and tuition benefits)', 2: '254', 3: '865', 4: '0'}, {0: 'O', 1: 'Average dollar amount of institutional non-need-based\nscholarship and grant aid awarded to students in line n', 2: '$ 3,294', 3: '$3,658', 4: '$ 0'}, {0: 'P', 1: 'Number of students in line a who were awarded an\ninstitutional non-need-based athletic scholarship or\ngrant', 2: '0', 3: '0', 4: '0'}, {0: 'Q', 1: 'Average dollar amount of institutional non-need-based\nathletic scholarships and grants awarded to students in\nline p', 2: '$0', 3: '$ 0', 4: '$ 0'}]]","<table> <tr> <td> </td> <td> </td> <td> First-time Full￾ <br/> time Freshmen </td> <td> Full-time <br/> Undergrad <br/> (Incl. Fresh) </td> <td> Less Full-time Than <br/> Undergrad </td> </tr> <tr> <td> A </td> <td> Number of degree-seeking undergraduate students <br/> (CDS Item B1 if reporting on Fall 2021 cohort) </td> <td> 1012 </td> <td> 4387 </td> <td> 76 </td> </tr> <tr> <td> B </td> <td> Number of students in line a who applied for need￾ <br/> based financial aid </td> <td> 804 </td> <td> 2698 </td> <td> 27 </td> </tr> <tr> <td> C </td> <td> Number of students in line b who were determined to <br/> have financial need </td> <td> 434 </td> <td> 1617 </td> <td> 21 </td> </tr> <tr> <td> D </td> <td> Number of students in line c who were awarded any <br/> financial aid </td> <td> 415 </td> <td> 1534 </td> <td> 19 </td> </tr> <tr> <td> E </td> <td> Number of students in line d who were awarded any <br/> need-based scholarship or grant aid </td> <td> 311 </td> <td> 1155 </td> <td> 19 </td> </tr> <tr> <td> F </td> <td> Number of students in line d who were awarded any <br/> need-based self-help aid </td> <td> 257 </td> <td> 1109 </td> <td> 9 </td> </tr> <tr> <td> G </td> <td> Number of students in line d who were awarded any <br/> non-need-based scholarship or grant aid </td> <td> 227 </td> <td> 608 </td> <td> 3 </td> </tr> <tr> <td> H </td> <td> Number of students in line d whose need was fully met <br/> (exclude PLUS loans, unsubsidized loans, and private <br/> alternative loans) </td> <td> 85 </td> <td> 304 </td> <td> 2 </td> </tr> </table><div class=""separator""></div><table> <tr> <td> </td> <td> </td> <td> First-time <br/> Full-time <br/> Freshmen </td> <td> Full-time <br/> Undergrad <br/> (Incl. Fresh.) </td> <td> Less Full-time Than <br/> Undergrad </td> </tr> <tr> <td> N </td> <td> Number of students in line a who had no financial need <br/> and who were awarded institutional non-need-based <br/> scholarship or grant aid (exclude those who were <br/> awarded athletic awards and tuition benefits) </td> <td> 254 </td> <td> 865 </td> <td> 0 </td> </tr> <tr> <td> O </td> <td> Average dollar amount of institutional non-need-based <br/> scholarship and grant aid awarded to students in line n </td> <td> $ 3,294 </td> <td> $3,658 </td> <td> $ 0 </td> </tr> <tr> <td> P </td> <td> Number of students in line a who were awarded an <br/> institutional non-need-based athletic scholarship or <br/> grant </td> <td> 0 </td> <td> 0 </td> <td> 0 </td> </tr> <tr> <td> Q </td> <td> Average dollar amount of institutional non-need-based <br/> athletic scholarships and grants awarded to students in <br/> line p </td> <td> $0 </td> <td> $ 0 </td> <td> $ 0 </td> </tr> </table>",231712,../data/cds-docs/2021-2022/231712.pdf,2021-2022
H,5,H5,"Number and percent of students in class (defined in H4 above) borrowing from federal, non-federal,","[[{0: 'Source/Type of Loan', 1: 'Source/Type of Loan', 2: 'Number in the\nclass (defined\nin H4 above)\nwho borrowed\nfrom the types\nof loans\nspecified in the\nfirst column', 3: 'Percent of the\nclass (defined\nabove) who\nborrowed from\nthe types of\nloans specified\nin column the first\n(nearest 1%)', 4: 'Average per\ufffe\nundergraduate\ufffe\nborrower\ncumulative\nprincipal\nborrowed from\nthe types of\nloans specified\nin column the first\n(nearest $1)'}, {0: 'A', 1: 'Any loan program: Federal Perkins, Federal Stafford\nSubsidized and Unsubsidized, institutional, state,\nprivate loans that your institution is aware of, etc.\nInclude both Federal Direct Student Loans and Federal\nFamily Education Loans.', 2: '531', 3: '56%', 4: '$34,857'}, {0: 'B', 1: 'Federal loan programs: Federal Perkins, Federal\nStafford Subsidized and Unsubsidized. Include both\nFederal Direct Student Loans and Federal Family\nEducation Loans.', 2: '513', 3: '54%', 4: '$22,274'}, {0: 'C', 1: 'Institutional loan programs.', 2: '0', 3: '0.00%', 4: '$0'}, {0: 'D', 1: 'State loan programs.', 2: '0', 3: '0.00%', 4: '$0'}, {0: 'E', 1: 'Private student loans made by a bank or lender.', 2: '177', 3: '19.00%', 4: '$40,014'}]]","<table> <tr> <td colspan=""2""> Source/Type of Loan </td> <td> Number in the <br/> class (defined <br/> in H4 above) <br/> who borrowed <br/> from the types <br/> of loans <br/> specified in the <br/> first column </td> <td> Percent of the <br/> class (defined <br/> above) who <br/> borrowed from <br/> the types of <br/> loans specified <br/> in column the first <br/> (nearest 1%) </td> <td> Average per￾ <br/> undergraduate￾ <br/> borrower <br/> cumulative <br/> principal <br/> borrowed from <br/> the types of <br/> loans specified <br/> in column the first <br/> (nearest $1) </td> </tr> <tr> <td> A </td> <td> Any loan program: Federal Perkins, Federal Stafford <br/> Subsidized and Unsubsidized, institutional, state, <br/> private loans that your institution is aware of, etc. <br/> Include both Federal Direct Student Loans and Federal <br/> Family Education Loans. </td> <td> 531 </td> <td> 56% </td> <td> $34,857 </td> </tr> <tr> <td> B </td> <td> Federal loan programs: Federal Perkins, Federal <br/> Stafford Subsidized and Unsubsidized. Include both <br/> Federal Direct Student Loans and Federal Family <br/> Education Loans. </td> <td> 513 </td> <td> 54% </td> <td> $22,274 </td> </tr> <tr> <td> C </td> <td> Institutional loan programs. </td> <td> 0 </td> <td> 0.00% </td> <td> $0 </td> </tr> <tr> <td> D </td> <td> State loan programs. </td> <td> 0 </td> <td> 0.00% </td> <td> $0 </td> </tr> <tr> <td> E </td> <td> Private student loans made by a bank or lender. </td> <td> 177 </td> <td> 19.00% </td> <td> $40,014 </td> </tr> </table>",231712,../data/cds-docs/2021-2022/231712.pdf,2021-2022
H,11,H11,Indicate reply dates:,"[[{0: 'Students must reply by (date):', 1: '05/01'}, {0: 'or within _______ weeks of notification.', 1: ''}]]",<table> <tr> <td> Students must reply by (date): </td> <td> 05/01 </td> </tr> <tr> <td> or within _______ weeks of notification. </td> <td> </td> </tr> </table>,231712,../data/cds-docs/2021-2022/231712.pdf,2021-2022
H,14,H14,Check off criteria used in awarding institutional aid. Check all that apply.,"[[{0: '', 1: 'Non-Need Based', 2: 'Need-Based'}, {0: 'Academics', 1: 'X', 2: 'X'}, {0: 'Alumni affiliation', 1: 'X', 2: ''}, {0: 'Art', 1: 'X', 2: ''}, {0: 'Athletics', 1: '', 2: ''}, {0: 'Job skills', 1: '', 2: ''}, {0: 'ROTC', 1: 'X', 2: ''}, {0: 'Leadership', 1: 'X', 2: 'X'}, {0: 'Minority status', 1: '', 2: 'X'}, {0: 'Music/drama', 1: 'X', 2: ''}, {0: 'Religious affiliation', 1: 'X', 2: ''}, {0: 'State/district residency', 1: 'X', 2: 'X'}]]",<table> <tr> <td> </td> <td> Non-Need Based </td> <td> Need-Based </td> </tr> <tr> <td> Academics </td> <td> X </td> <td> X </td> </tr> <tr> <td> Alumni affiliation </td> <td> X </td> <td> </td> </tr> <tr> <td> Art </td> <td> X </td> <td> </td> </tr> <tr> <td> Athletics </td> <td> </td> <td> </td> </tr> <tr> <td> Job skills </td> <td> </td> <td> </td> </tr> <tr> <td> ROTC </td> <td> X </td> <td> </td> </tr> <tr> <td> Leadership </td> <td> X </td> <td> X </td> </tr> <tr> <td> Minority status </td> <td> </td> <td> X </td> </tr> <tr> <td> Music/drama </td> <td> X </td> <td> </td> </tr> <tr> <td> Religious affiliation </td> <td> X </td> <td> </td> </tr> <tr> <td> State/district residency </td> <td> X </td> <td> X </td> </tr> </table>,231712,../data/cds-docs/2021-2022/231712.pdf,2021-2022
J,1,J1,"Degrees conferred between July 1, 2020 and June 30, 2021","[[{0: 'Category', 1: 'Diploma/Certificates', 2: 'Associate', 3: 'Bachelor’s', 4: 'CIP 2020 Categories\nto Include'}, {0: 'Agriculture', 1: '', 2: '', 3: '', 4: '01'}, {0: 'Natural resources and conservation', 1: '', 2: '', 3: '', 4: '03'}, {0: 'Architecture', 1: '', 2: '', 3: '', 4: '04'}, {0: 'Area, ethnic, and gender studies', 1: '', 2: '', 3: '', 4: '05'}, {0: 'Communication/journalism', 1: '', 2: '', 3: '9', 4: '09'}, {0: 'Communication technologies', 1: '', 2: '', 3: '', 4: '10'}, {0: 'Computer and information sciences', 1: '', 2: '', 3: '8', 4: '11'}, {0: 'Personal and culinary services', 1: '', 2: '', 3: '', 4: '12'}, {0: 'Education', 1: '', 2: '', 3: '', 4: '13'}, {0: 'Engineering', 1: '', 2: '', 3: '3', 4: '14'}, {0: 'Engineering technologies', 1: '', 2: '', 3: '', 4: '15'}, {0: 'Foreign languages, literatures, and linguistics', 1: '', 2: '', 3: '2', 4: '16'}, {0: 'Family and consumer sciences', 1: '', 2: '', 3: '', 4: '19'}, {0: 'Law/legal studies', 1: '', 2: '', 3: '', 4: '22'}, {0: 'English', 1: '', 2: '', 3: '4', 4: '23'}, {0: 'Liberal arts/general studies', 1: '', 2: '', 3: '', 4: '24'}, {0: 'Library science', 1: '', 2: '', 3: '', 4: '25'}, {0: 'Biological/life sciences', 1: '', 2: '', 3: '16', 4: '26'}, {0: 'Mathematics and statistics', 1: '', 2: '', 3: '1', 4: '27'}, {0: 'Military science and military technologies', 1: '', 2: '', 3: '', 4: '28 & 29'}, {0: 'Interdisciplinary studies', 1: '', 2: '', 3: '3', 4: '30'}, {0: 'Parks and recreation', 1: '', 2: '', 3: '', 4: '31'}, {0: 'Philosophy and religious studies', 1: '', 2: '', 3: '1', 4: '38'}, {0: 'Theology and religious vocations', 1: '', 2: '', 3: '', 4: '39'}, {0: 'Physical sciences', 1: '', 2: '', 3: '2', 4: '40'}, {0: 'Science technologies', 1: '', 2: '', 3: '', 4: '41'}, {0: 'Psychology', 1: '', 2: '', 3: '14', 4: '42'}, {0: 'Homeland Security, law enforcement, firefighting,\nand protective services', 1: '', 2: '', 3: '', 4: '43'}, {0: 'Public administration and social services', 1: '', 2: '', 3: '2', 4: '44'}, {0: 'Social sciences', 1: '', 2: '', 3: '14', 4: '45'}, {0: 'Construction trades', 1: '', 2: '', 3: '', 4: '46'}, {0: 'Mechanic and repair technologies', 1: '', 2: '', 3: '', 4: '47'}, {0: 'Precision production', 1: '', 2: '', 3: '', 4: '48'}, {0: 'Transportation and materials moving', 1: '', 2: '', 3: '', 4: '49'}, {0: 'Visual and performing arts', 1: '', 2: '', 3: '4', 4: '50'}, {0: 'Health professions and related programs', 1: '', 2: '', 3: '', 4: '51'}, {0: 'Business/marketing', 1: '', 2: '', 3: '13', 4: '52'}, {0: 'History', 1: '', 2: '', 3: '4', 4: '54'}, {0: 'Other', 1: '', 2: '', 3: '', 4: ''}, {0: 'TOTAL (should = 100%)', 1: '0.00%', 2: '0.00%', 3: '100.00%', 4: ''}]]","<table> <tr> <td> Category </td> <td> Diploma/Certificates </td> <td> Associate </td> <td> Bachelor’s </td> <td> CIP 2020 Categories <br/> to Include </td> </tr> <tr> <td> Agriculture </td> <td> </td> <td> </td> <td> </td> <td> 01 </td> </tr> <tr> <td> Natural resources and conservation </td> <td> </td> <td> </td> <td> </td> <td> 03 </td> </tr> <tr> <td> Architecture </td> <td> </td> <td> </td> <td> </td> <td> 04 </td> </tr> <tr> <td> Area, ethnic, and gender studies </td> <td> </td> <td> </td> <td> </td> <td> 05 </td> </tr> <tr> <td> Communication/journalism </td> <td> </td> <td> </td> <td> 9 </td> <td> 09 </td> </tr> <tr> <td> Communication technologies </td> <td> </td> <td> </td> <td> </td> <td> 10 </td> </tr> <tr> <td> Computer and information sciences </td> <td> </td> <td> </td> <td> 8 </td> <td> 11 </td> </tr> <tr> <td> Personal and culinary services </td> <td> </td> <td> </td> <td> </td> <td> 12 </td> </tr> <tr> <td> Education </td> <td> </td> <td> </td> <td> </td> <td> 13 </td> </tr> <tr> <td> Engineering </td> <td> </td> <td> </td> <td> 3 </td> <td> 14 </td> </tr> <tr> <td> Engineering technologies </td> <td> </td> <td> </td> <td> </td> <td> 15 </td> </tr> <tr> <td> Foreign languages, literatures, and linguistics </td> <td> </td> <td> </td> <td> 2 </td> <td> 16 </td> </tr> <tr> <td> Family and consumer sciences </td> <td> </td> <td> </td> <td> </td> <td> 19 </td> </tr> <tr> <td> Law/legal studies </td> <td> </td> <td> </td> <td> </td> <td> 22 </td> </tr> <tr> <td> English </td> <td> </td> <td> </td> <td> 4 </td> <td> 23 </td> </tr> <tr> <td> Liberal arts/general studies </td> <td> </td> <td> </td> <td> </td> <td> 24 </td> </tr> <tr> <td> Library science </td> <td> </td> <td> </td> <td> </td> <td> 25 </td> </tr> <tr> <td> Biological/life sciences </td> <td> </td> <td> </td> <td> 16 </td> <td> 26 </td> </tr> <tr> <td> Mathematics and statistics </td> <td> </td> <td> </td> <td> 1 </td> <td> 27 </td> </tr> <tr> <td> Military science and military technologies </td> <td> </td> <td> </td> <td> </td> <td> 28 &amp; 29 </td> </tr> <tr> <td> Interdisciplinary studies </td> <td> </td> <td> </td> <td> 3 </td> <td> 30 </td> </tr> <tr> <td> Parks and recreation </td> <td> </td> <td> </td> <td> </td> <td> 31 </td> </tr> <tr> <td> Philosophy and religious studies </td> <td> </td> <td> </td> <td> 1 </td> <td> 38 </td> </tr> <tr> <td> Theology and religious vocations </td> <td> </td> <td> </td> <td> </td> <td> 39 </td> </tr> <tr> <td> Physical sciences </td> <td> </td> <td> </td> <td> 2 </td> <td> 40 </td> </tr> <tr> <td> Science technologies </td> <td> </td> <td> </td> <td> </td> <td> 41 </td> </tr> <tr> <td> Psychology </td> <td> </td> <td> </td> <td> 14 </td> <td> 42 </td> </tr> <tr> <td> Homeland Security, law enforcement, firefighting, <br/> and protective services </td> <td> </td> <td> </td> <td> </td> <td> 43 </td> </tr> <tr> <td> Public administration and social services </td> <td> </td> <td> </td> <td> 2 </td> <td> 44 </td> </tr> <tr> <td> Social sciences </td> <td> </td> <td> </td> <td> 14 </td> <td> 45 </td> </tr> <tr> <td> Construction trades </td> <td> </td> <td> </td> <td> </td> <td> 46 </td> </tr> <tr> <td> Mechanic and repair technologies </td> <td> </td> <td> </td> <td> </td> <td> 47 </td> </tr> <tr> <td> Precision production </td> <td> </td> <td> </td> <td> </td> <td> 48 </td> </tr> <tr> <td> Transportation and materials moving </td> <td> </td> <td> </td> <td> </td> <td> 49 </td> </tr> <tr> <td> Visual and performing arts </td> <td> </td> <td> </td> <td> 4 </td> <td> 50 </td> </tr> <tr> <td> Health professions and related programs </td> <td> </td> <td> </td> <td> </td> <td> 51 </td> </tr> <tr> <td> Business/marketing </td> <td> </td> <td> </td> <td> 13 </td> <td> 52 </td> </tr> <tr> <td> History </td> <td> </td> <td> </td> <td> 4 </td> <td> 54 </td> </tr> <tr> <td> Other </td> <td> </td> <td> </td> <td> </td> <td> </td> </tr> <tr> <td> TOTAL (should = 100%) </td> <td> 0.00% </td> <td> 0.00% </td> <td> 100.00% </td> <td> </td> </tr> </table>",231712,../data/cds-docs/2021-2022/231712.pdf,2021-2022
X,9,X9,A0T I. INSTRUCTIONAL FACULTY AND CLASS SIZE,"[[{0: '', 1: '', 2: 'Full-time', 3: 'Part-time'}, {0: 'A', 1: 'Instructional faculty in preclinical and clinical medicine, faculty who are not paid (e.g.,\nthose who donate their services or are in the military), or research-only faculty, post\ufffe\ndoctoral fellows, or pre-doctoral fellows', 2: 'Exclude', 3: 'Include only if\nthey teach one\nor more non\ufffe\nclinical credit\ncourses'}, {0: 'B', 1: 'Administrative officers with titles such as dean of students, librarian, registrar, coach, and\nthe like, even though they may devote part of their time to classroom instruction and may\nhave faculty status', 2: 'Exclude', 3: 'Include if they\nteach one or\nmore non\ufffe\nclinical credit\ncourses'}, {0: 'C', 1: 'Other administrators/staff who teach one or more non-clinical credit courses even though\nthey do not have faculty status', 2: 'Exclude', 3: 'Include'}, {0: 'D', 1: 'Undergraduate or graduate students who assist in the instruction of courses, but have\ntitles such as teaching assistant, teaching fellow, and the like', 2: 'Exclude', 3: 'Exclude'}, {0: 'E', 1: 'Faculty on sabbatical or leave with pay', 2: 'Include', 3: 'Exclude'}, {0: 'F', 1: 'Faculty on leave without pay', 2: 'Exclude', 3: 'Exclude'}, {0: 'G', 1: 'Replacement faculty for faculty on sabbatical leave or leave with pay', 2: 'Exclude', 3: 'Include'}], [{0: '', 1: '', 2: 'Full-Time', 3: 'Part-Time', 4: 'Total'}, {0: 'A', 1: 'Total number of instructional faculty', 2: '283', 3: '177', 4: '460'}, {0: 'B', 1: 'Total number who are members of minority groups', 2: '33', 3: '33', 4: '66'}, {0: 'C', 1: 'Total number who are women', 2: '120', 3: '92', 4: '212'}, {0: 'D', 1: 'Total number who are men', 2: '163', 3: '85', 4: '248'}, {0: 'E', 1: 'Total number who are nonresident aliens (international)', 2: '10', 3: '1', 4: '11'}, {0: 'F', 1: 'Total number with doctorate, or other terminal degree', 2: '265', 3: '62', 4: '327'}, {0: 'G', 1: 'Total number whose highest degree is a master’s but not a terminal\nmaster’s', 2: '17', 3: '104', 4: '121'}, {0: 'H', 1: 'Total number whose highest degree is a bachelor’s', 2: '1', 3: '9', 4: '10'}, {0: 'I', 1: 'Total number whose highest degree is unknown or other (Note:\nItems f, g, h, and i must sum up to item a.)', 2: '0', 3: '2', 4: '2'}, {0: 'J', 1: 'Total number in stand-alone graduate/professional programs in\nwhich faculty teach virtually only graduate-level students', 2: '0', 3: '0', 4: '0'}]]","<table> <tr> <td> </td> <td> </td> <td> Full-time </td> <td> Part-time </td> </tr> <tr> <td> A </td> <td> Instructional faculty in preclinical and clinical medicine, faculty who are not paid (e.g., <br/> those who donate their services or are in the military), or research-only faculty, post￾ <br/> doctoral fellows, or pre-doctoral fellows </td> <td> Exclude </td> <td> Include only if <br/> they teach one <br/> or more non￾ <br/> clinical credit <br/> courses </td> </tr> <tr> <td> B </td> <td> Administrative officers with titles such as dean of students, librarian, registrar, coach, and <br/> the like, even though they may devote part of their time to classroom instruction and may <br/> have faculty status </td> <td> Exclude </td> <td> Include if they <br/> teach one or <br/> more non￾ <br/> clinical credit <br/> courses </td> </tr> <tr> <td> C </td> <td> Other administrators/staff who teach one or more non-clinical credit courses even though <br/> they do not have faculty status </td> <td> Exclude </td> <td> Include </td> </tr> <tr> <td> D </td> <td> Undergraduate or graduate students who assist in the instruction of courses, but have <br/> titles such as teaching assistant, teaching fellow, and the like </td> <td> Exclude </td> <td> Exclude </td> </tr> <tr> <td> E </td> <td> Faculty on sabbatical or leave with pay </td> <td> Include </td> <td> Exclude </td> </tr> <tr> <td> F </td> <td> Faculty on leave without pay </td> <td> Exclude </td> <td> Exclude </td> </tr> <tr> <td> G </td> <td> Replacement faculty for faculty on sabbatical leave or leave with pay </td> <td> Exclude </td> <td> Include </td> </tr> </table><div class=""separator""></div><table> <tr> <td colspan=""2""> </td> <td> Full-Time </td> <td> Part-Time </td> <td> Total </td> </tr> <tr> <td> A </td> <td> Total number of instructional faculty </td> <td> 283 </td> <td> 177 </td> <td> 460 </td> </tr> <tr> <td> B </td> <td> Total number who are members of minority groups </td> <td> 33 </td> <td> 33 </td> <td> 66 </td> </tr> <tr> <td> C </td> <td> Total number who are women </td> <td> 120 </td> <td> 92 </td> <td> 212 </td> </tr> <tr> <td> D </td> <td> Total number who are men </td> <td> 163 </td> <td> 85 </td> <td> 248 </td> </tr> <tr> <td> E </td> <td> Total number who are nonresident aliens (international) </td> <td> 10 </td> <td> 1 </td> <td> 11 </td> </tr> <tr> <td> F </td> <td> Total number with doctorate, or other terminal degree </td> <td> 265 </td> <td> 62 </td> <td> 327 </td> </tr> <tr> <td> G </td> <td> Total number whose highest degree is a master’s but not a terminal <br/> master’s </td> <td> 17 </td> <td> 104 </td> <td> 121 </td> </tr> <tr> <td> H </td> <td> Total number whose highest degree is a bachelor’s </td> <td> 1 </td> <td> 9 </td> <td> 10 </td> </tr> <tr> <td> I </td> <td> Total number whose highest degree is unknown or other (Note: <br/> Items f, g, h, and i must sum up to item a.) </td> <td> 0 </td> <td> 2 </td> <td> 2 </td> </tr> <tr> <td> J </td> <td> Total number in stand-alone graduate/professional programs in <br/> which faculty teach virtually only graduate-level students </td> <td> 0 </td> <td> 0 </td> <td> 0 </td> </tr> </table>",231712,../data/cds-docs/2021-2022/231712.pdf,2021-2022
