section,table_num,table_code,table_title,table_records,table_html,unitid,file,year
B,3,B3,Persistence,"[[{0: 'AWARD TYPE', 1: '# AWARDED'}, {0: 'Certificate/diploma:', 1: ''}, {0: 'Associate degrees:', 1: ''}, {0: 'Bachelor’s degrees:', 1: '1566'}, {0: 'Post-bachelor’s certificates:', 1: '35'}, {0: 'Master’s degrees:', 1: '762'}, {0: 'Post-master’s certificates:', 1: '27'}, {0: 'Doctoral degrees –\nresearch/scholarship:', 1: '69'}, {0: 'Doctoral degrees – professional\npractice:', 1: '428'}, {0: 'Doctoral degrees – other:', 1: ''}]]",<table> <tr> <td> AWARD TYPE </td> <td> # AWARDED </td> </tr> <tr> <td> Certificate/diploma: </td> <td> </td> </tr> <tr> <td> Associate degrees: </td> <td> </td> </tr> <tr> <td> Bachelor’s degrees: </td> <td> 1566 </td> </tr> <tr> <td> Post-bachelor’s certificates: </td> <td> 35 </td> </tr> <tr> <td> Master’s degrees: </td> <td> 762 </td> </tr> <tr> <td> Post-master’s certificates: </td> <td> 27 </td> </tr> <tr> <td> Doctoral degrees – <br/> research/scholarship: </td> <td> 69 </td> </tr> <tr> <td> Doctoral degrees – professional <br/> practice: </td> <td> 428 </td> </tr> <tr> <td> Doctoral degrees – other: </td> <td> </td> </tr> </table>,239105,../data/cds-docs/2024-2025/239105.pdf,2024-2025
B,4,B4,-B21: Graduation Rates,"[[{0: '', 1: '', 2: 'Recipients of a\nFederal Pell\nGrant', 3: 'Recipients of a\nSubsidized\nStafford Loan\nwho did not\nreceive a Pell\nGrant', 4: 'Students who\ndid not receive\neither a Pell\nGrant or a\nsubsidized\nStafford Loan', 5: 'Total\n(sum of 3\ncolumns to the\nleft)'}, {0: 'A', 1: ""Initial 201\x1b cohort of first-time, full-time,\nbachelor's (or equivalent) degree\ufffe\nseeking undergraduate students"", 2: '467', 3: '509', 4: '1186', 5: '2162'}, {0: 'B', 1: 'Of the initial 201\x1b cohort, how many did\nnot persist and did not graduate for the\nfollowing reasons:\nx Deceased\nx Permanently Disabled\nx Armed Forces\nx Foreign Aid Service of the Federal Government\nx Official church missions\nx Report Total Allowable Exclusions', 2: '0', 3: '0', 4: '0', 5: '0'}, {0: 'C', 1: 'Final 201\x1b cohort, after adjusting\nfor allowable exclusions', 2: '467', 3: '509', 4: '1186', 5: '2162'}, {0: 'D', 1: 'Of the initial 201\x1b cohort, how many\ncompleted the program in four years or\nless (by Aug. 31, 20\x15\x15)', 2: '288', 3: '351', 4: '843', 5: '1482'}]]","<table> <tr> <td colspan=""2""> </td> <td> Recipients of a <br/> Federal Pell <br/> Grant </td> <td> Recipients of a <br/> Subsidized <br/> Stafford Loan <br/> who did not <br/> receive a Pell <br/> Grant </td> <td> Students who <br/> did not receive <br/> either a Pell <br/> Grant or a <br/> subsidized <br/> Stafford Loan </td> <td> Total <br/> (sum of 3 <br/> columns to the <br/> left) </td> </tr> <tr> <td> A </td> <td> Initial 201 cohort of first-time, full-time, <br/> bachelor's (or equivalent) degree￾ <br/> seeking undergraduate students </td> <td> 467 </td> <td> 509 </td> <td> 1186 </td> <td> 2162 </td> </tr> <tr> <td> B </td> <td> Of the initial 201 cohort, how many did <br/> not persist and did not graduate for the <br/> following reasons: <br/> x Deceased <br/> x Permanently Disabled <br/> x Armed Forces <br/> x Foreign Aid Service of the Federal Government <br/> x Official church missions <br/> x Report Total Allowable Exclusions </td> <td> 0 </td> <td> 0 </td> <td> 0 </td> <td> 0 </td> </tr> <tr> <td> C </td> <td> Final 201 cohort, after adjusting <br/> for allowable exclusions </td> <td> 467 </td> <td> 509 </td> <td> 1186 </td> <td> 2162 </td> </tr> <tr> <td> D </td> <td> Of the initial 201 cohort, how many <br/> completed the program in four years or <br/> less (by Aug. 31, 20) </td> <td> 288 </td> <td> 351 </td> <td> 843 </td> <td> 1482 </td> </tr> </table>",239105,../data/cds-docs/2024-2025/239105.pdf,2024-2025
C,5,C5,Distribution of high school units required and/or recommended. Specify the distribution of academic high,"[[{0: '', 1: 'Units Required', 2: 'Units Recommended'}, {0: 'Total academic units', 1: '16.00', 2: '20.00'}, {0: 'English', 1: '4.00', 2: '4.00'}, {0: 'Mathematics', 1: '3.00', 2: '4.00'}, {0: 'Science', 1: '2.00', 2: '3.00'}, {0: 'Of these, units that must be lab', 1: '0.00', 2: '2.00'}, {0: 'Foreign language', 1: '0.00', 2: '2.00'}, {0: 'Social studies', 1: '2.00', 2: '3.00'}, {0: 'History', 1: '0.00', 2: '2.00'}, {0: 'Academic electives', 1: '', 2: ''}, {0: 'Computer Science', 1: '', 2: ''}, {0: 'Visual/Performing Arts', 1: '', 2: ''}, {0: 'Other (specify)', 1: '', 2: ''}]]","<table> <tr> <td> </td> <td> Units Required </td> <td> Units Recommended </td> </tr> <tr> <td> Total academic units </td> <td> 16.00 </td> <td> 20.00 </td> </tr> <tr> <td> English </td> <td> 4.00 </td> <td> 4.00 </td> </tr> <tr> <td> Mathematics </td> <td> 3.00 </td> <td> 4.00 </td> </tr> <tr> <td> Science </td> <td> 2.00 </td> <td> 3.00 </td> </tr> <tr> <td> Of these, units that must be lab </td> <td> 0.00 </td> <td> 2.00 </td> </tr> <tr> <td> Foreign language </td> <td> 0.00 </td> <td> 2.00 </td> </tr> <tr> <td> Social studies </td> <td> 2.00 </td> <td> 3.00 </td> </tr> <tr> <td> History </td> <td> 0.00 </td> <td> 2.00 </td> </tr> <tr> <td> Academic electives </td> <td> </td> <td> </td> </tr> <tr> <td> Computer Science </td> <td> </td> <td> </td> </tr> <tr> <td> Visual/Performing Arts </td> <td> </td> <td> </td> </tr> <tr> <td> Other (specify) </td> <td> </td> <td> </td> </tr> </table>",239105,../data/cds-docs/2024-2025/239105.pdf,2024-2025
B,1,B1,Institutional Enrollment,"[[{0: '', 1: 'Men', 2: 'Men', 3: 'Women', 4: 'Women', 5: 'Another Gender', 6: 'Another Gender'}, {0: '', 1: 'Enrollment Full Time', 2: 'Enrollment Part Time', 3: 'Enrollment Full Time', 4: 'Enrollment Part Time', 5: 'Enrollment Full Time', 6: 'Enrollment Part Time'}, {0: 'UNDERGRADUATE STUDENTS', 1: 'UNDERGRADUATE STUDENTS', 2: 'UNDERGRADUATE STUDENTS', 3: 'UNDERGRADUATE STUDENTS', 4: 'UNDERGRADUATE STUDENTS', 5: 'UNDERGRADUATE STUDENTS', 6: 'UNDERGRADUATE STUDENTS'}, {0: 'Degree-seeking, first-time, first-year\nstudents', 1: '820', 2: '1', 3: '1,062', 4: '3', 5: '0', 6: '0'}, {0: 'Other first-year, degree-seeking students', 1: '69', 2: '2', 3: '82', 4: '2', 5: '0', 6: '0'}, {0: 'All other degree-seeking undergraduate\nstudents', 1: '2,248', 2: '61', 3: '2,842', 4: '46', 5: '0', 6: '0'}, {0: 'Total degree-seeking undergraduate students', 1: '3,137', 2: '64', 3: '3,986', 4: '51', 5: '0', 6: '0'}, {0: 'All other undergraduates enrolled in credit\ncourses', 1: '32', 2: '208', 3: '28', 4: '146', 5: '0', 6: '0'}, {0: 'Total Undergraduate Students', 1: '3,169', 2: '272', 3: '4,014', 4: '197', 5: '0', 6: '0'}, {0: '', 1: '', 2: '', 3: 'students', 4: '115', 5: '', 6: ''}, {0: '', 1: '', 2: '', 3: '', 4: '7,123', 5: '', 6: ''}, {0: '', 1: '', 2: '', 3: '', 4: '7,238', 5: '', 6: ''}, {0: '', 1: '', 2: '', 3: '', 4: '7,652', 5: '', 6: ''}], [{0: '', 1: 'Men', 2: 'Men', 3: 'Women', 4: 'Women', 5: 'Another Gender', 6: 'Another Gender'}, {0: '', 1: 'Enrollment Full Time', 2: 'Enrollment Part Time', 3: 'Enrollment Full Time', 4: 'Enrollment Part Time', 5: 'Enrollment Full Time', 6: 'Enrollment Part Time'}, {0: 'GRADUATE STUDENTS', 1: 'GRADUATE STUDENTS', 2: 'GRADUATE STUDENTS', 3: 'GRADUATE STUDENTS', 4: 'GRADUATE STUDENTS', 5: 'GRADUATE STUDENTS', 6: 'GRADUATE STUDENTS'}, {0: 'Degree-seeking, first-time', 1: '280.0', 2: '102.0', 3: '472.0', 4: '131.0', 5: '0.0', 6: '0.0'}, {0: 'All other degree-seeking', 1: '686.0', 2: '328.0', 3: '1,161.0', 4: '507.0', 5: '0.0', 6: '0.0'}, {0: 'All other graduates enrolled in credit\ncourses', 1: '4.0', 2: '21.0', 3: '8.0', 4: '21.0', 5: '0.0', 6: '0.0'}, {0: 'Total Graduate Students', 1: '970.0', 2: '451.0', 3: '1,641.0', 4: '659.0', 5: '0.0', 6: '0.0'}]]","<table> <tr> <td> </td> <td colspan=""2""> Men </td> <td colspan=""2""> Women </td> <td colspan=""2""> Another Gender </td> </tr> <tr> <td> </td> <td> Enrollment Full Time </td> <td> Enrollment Part Time </td> <td> Enrollment Full Time </td> <td> Enrollment Part Time </td> <td> Enrollment Full Time </td> <td> Enrollment Part Time </td> </tr> <tr> <td colspan=""7""> UNDERGRADUATE STUDENTS </td> </tr> <tr> <td> Degree-seeking, first-time, first-year <br/> students </td> <td> 820 </td> <td> 1 </td> <td> 1,062 </td> <td> 3 </td> <td> 0 </td> <td> 0 </td> </tr> <tr> <td> Other first-year, degree-seeking students </td> <td> 69 </td> <td> 2 </td> <td> 82 </td> <td> 2 </td> <td> 0 </td> <td> 0 </td> </tr> <tr> <td> All other degree-seeking undergraduate <br/> students </td> <td> 2,248 </td> <td> 61 </td> <td> 2,842 </td> <td> 46 </td> <td> 0 </td> <td> 0 </td> </tr> <tr> <td> Total degree-seeking undergraduate students </td> <td> 3,137 </td> <td> 64 </td> <td> 3,986 </td> <td> 51 </td> <td> 0 </td> <td> 0 </td> </tr> <tr> <td> All other undergraduates enrolled in credit <br/> courses </td> <td> 32 </td> <td> 208 </td> <td> 28 </td> <td> 146 </td> <td> 0 </td> <td> 0 </td> </tr> <tr> <td> Total Undergraduate Students </td> <td> 3,169 </td> <td> 272 </td> <td> 4,014 </td> <td> 197 </td> <td> 0 </td> <td> 0 </td> </tr> <tr> <td colspan=""3""> </td> <td> students </td> <td> 115 </td> <td> </td> <td> </td> </tr> <tr> <td colspan=""4""> </td> <td> 7,123 </td> <td colspan=""2""> </td> </tr> <tr> <td colspan=""4""> </td> <td> 7,238 </td> <td colspan=""2""> </td> </tr> <tr> <td colspan=""4""> </td> <td> 7,652 </td> <td colspan=""2""> </td> </tr> </table><div class=""separator""></div><table> <tr> <td> </td> <td colspan=""2""> Men </td> <td colspan=""2""> Women </td> <td colspan=""2""> Another Gender </td> </tr> <tr> <td> </td> <td> Enrollment Full Time </td> <td> Enrollment Part Time </td> <td> Enrollment Full Time </td> <td> Enrollment Part Time </td> <td> Enrollment Full Time </td> <td> Enrollment Part Time </td> </tr> <tr> <td colspan=""7""> GRADUATE STUDENTS </td> </tr> <tr> <td> Degree-seeking, first-time </td> <td> 280.0 </td> <td> 102.0 </td> <td> 472.0 </td> <td> 131.0 </td> <td> 0.0 </td> <td> 0.0 </td> </tr> <tr> <td> All other degree-seeking </td> <td> 686.0 </td> <td> 328.0 </td> <td> 1,161.0 </td> <td> 507.0 </td> <td> 0.0 </td> <td> 0.0 </td> </tr> <tr> <td> All other graduates enrolled in credit <br/> courses </td> <td> 4.0 </td> <td> 21.0 </td> <td> 8.0 </td> <td> 21.0 </td> <td> 0.0 </td> <td> 0.0 </td> </tr> <tr> <td> Total Graduate Students </td> <td> 970.0 </td> <td> 451.0 </td> <td> 1,641.0 </td> <td> 659.0 </td> <td> 0.0 </td> <td> 0.0 </td> </tr> </table>",239105,../data/cds-docs/2023-2024/239105.pdf,2023-2024
C,1,C1,"Applications: First-time, First-year Students","[[{0: '', 1: 'In-State', 2: 'Out-of-State', 3: 'International', 4: 'Total'}, {0: 'Total first-time, first-year (degree seeking) who applied', 1: '3,627.0', 2: '11,471.0', 3: '559.0', 4: '15,657.0'}, {0: 'Total first-time, first-year (degree seeking) who were admitted', 1: '3,040.0', 2: '10,269.0', 3: '388.0', 4: '13,697.0'}, {0: 'Total first-time, first-year (degree seeking) enrolled', 1: '646.0', 2: '1,222.0', 3: '19.0', 4: '1,887.0'}]]","<table> <tr> <td> </td> <td> In-State </td> <td> Out-of-State </td> <td> International </td> <td> Total </td> </tr> <tr> <td> Total first-time, first-year (degree seeking) who applied </td> <td> 3,627.0 </td> <td> 11,471.0 </td> <td> 559.0 </td> <td> 15,657.0 </td> </tr> <tr> <td> Total first-time, first-year (degree seeking) who were admitted </td> <td> 3,040.0 </td> <td> 10,269.0 </td> <td> 388.0 </td> <td> 13,697.0 </td> </tr> <tr> <td> Total first-time, first-year (degree seeking) enrolled </td> <td> 646.0 </td> <td> 1,222.0 </td> <td> 19.0 </td> <td> 1,887.0 </td> </tr> </table>",239105,../data/cds-docs/2023-2024/239105.pdf,2023-2024
C,5,C5,Admission Requirements: High School Units Required/Recommended,"[[{0: '', 1: 'Required Units', 2: 'Recommended Units'}, {0: 'Total Academic Units', 1: '16.0', 2: '20.0'}, {0: 'English', 1: '4.0', 2: '4.0'}, {0: 'Mathematics', 1: '3.0', 2: '4.0'}, {0: 'Science', 1: '2.0', 2: '3.0'}, {0: 'of Science Units, how many units must be lab', 1: '', 2: '2.0'}, {0: 'Foreign language', 1: '', 2: '2.0'}, {0: 'Social Studies', 1: '2.0', 2: '3.0'}, {0: 'History', 1: '0.0', 2: '2.0'}, {0: 'Computer Science', 1: '', 2: ''}, {0: 'Visual/Performing Arts', 1: '', 2: ''}, {0: 'Academic Electives', 1: '', 2: ''}]]","<table> <tr> <td> </td> <td> Required Units </td> <td> Recommended Units </td> </tr> <tr> <td> Total Academic Units </td> <td> 16.0 </td> <td> 20.0 </td> </tr> <tr> <td> English </td> <td> 4.0 </td> <td> 4.0 </td> </tr> <tr> <td> Mathematics </td> <td> 3.0 </td> <td> 4.0 </td> </tr> <tr> <td> Science </td> <td> 2.0 </td> <td> 3.0 </td> </tr> <tr> <td> of Science Units, how many units must be lab </td> <td> </td> <td> 2.0 </td> </tr> <tr> <td> Foreign language </td> <td> </td> <td> 2.0 </td> </tr> <tr> <td> Social Studies </td> <td> 2.0 </td> <td> 3.0 </td> </tr> <tr> <td> History </td> <td> 0.0 </td> <td> 2.0 </td> </tr> <tr> <td> Computer Science </td> <td> </td> <td> </td> </tr> <tr> <td> Visual/Performing Arts </td> <td> </td> <td> </td> </tr> <tr> <td> Academic Electives </td> <td> </td> <td> </td> </tr> </table>",239105,../data/cds-docs/2023-2024/239105.pdf,2023-2024
C,9,C9,"First-time, first-year profile: National standardized test scores (SAT/ACT)","[[{0: '14%', 1: '267'}, {0: '27%', 1: '499'}], [{0: '1200', 1: '1270', 2: '1340'}, {0: '600', 1: '640', 2: '680'}, {0: '590', 1: '640', 2: '680'}, {0: '26', 1: '28', 2: '31'}, {0: '24', 1: '27', 2: '29'}, {0: '25', 1: '28', 2: '32'}, {0: '26', 1: '30', 2: '33'}, {0: '24', 1: '27', 2: '30'}]]","<table> <tr> <td> 14% </td> <td> 267 </td> </tr> <tr> <td> 27% </td> <td> 499 </td> </tr> </table><div class=""separator""></div><table> <tr> <td> 1200 </td> <td> 1270 </td> <td> 1340 </td> </tr> <tr> <td> 600 </td> <td> 640 </td> <td> 680 </td> </tr> <tr> <td> 590 </td> <td> 640 </td> <td> 680 </td> </tr> <tr> <td> 26 </td> <td> 28 </td> <td> 31 </td> </tr> <tr> <td> 24 </td> <td> 27 </td> <td> 29 </td> </tr> <tr> <td> 25 </td> <td> 28 </td> <td> 32 </td> </tr> <tr> <td> 26 </td> <td> 30 </td> <td> 33 </td> </tr> <tr> <td> 24 </td> <td> 27 </td> <td> 30 </td> </tr> </table>",239105,../data/cds-docs/2023-2024/239105.pdf,2023-2024
C,11,C11,High School Grade Point Ranges,"[[{0: '', 1: '', 2: '6.2%'}, {0: '', 1: '', 2: '27.3%'}, {0: '', 1: '', 2: '26.6%'}, {0: '', 1: '', 2: '20.5%'}, {0: '', 1: '', 2: '13.5%'}, {0: '', 1: '', 2: '5.8%'}, {0: '', 1: '', 2: '0.1%'}, {0: '', 1: '', 2: '0.0%'}, {0: '', 1: '', 2: '0.0%'}, {0: '0.0%', 1: '0.0%', 2: '100.0%'}]]",<table> <tr> <td> </td> <td> </td> <td> 6.2% </td> </tr> <tr> <td> </td> <td> </td> <td> 27.3% </td> </tr> <tr> <td> </td> <td> </td> <td> 26.6% </td> </tr> <tr> <td> </td> <td> </td> <td> 20.5% </td> </tr> <tr> <td> </td> <td> </td> <td> 13.5% </td> </tr> <tr> <td> </td> <td> </td> <td> 5.8% </td> </tr> <tr> <td> </td> <td> </td> <td> 0.1% </td> </tr> <tr> <td> </td> <td> </td> <td> 0.0% </td> </tr> <tr> <td> </td> <td> </td> <td> 0.0% </td> </tr> <tr> <td> 0.0% </td> <td> 0.0% </td> <td> 100.0% </td> </tr> </table>,239105,../data/cds-docs/2023-2024/239105.pdf,2023-2024
D,2,D2,Fall Applicants: Student Counts,"[[{0: '301', 1: '208', 2: '71'}, {0: '305', 1: '236', 2: '84'}, {0: '0', 1: '0', 2: '0'}, {0: '606', 1: '444', 2: '155'}]]",<table> <tr> <td> 301 </td> <td> 208 </td> <td> 71 </td> </tr> <tr> <td> 305 </td> <td> 236 </td> <td> 84 </td> </tr> <tr> <td> 0 </td> <td> 0 </td> <td> 0 </td> </tr> <tr> <td> 606 </td> <td> 444 </td> <td> 155 </td> </tr> </table>,239105,../data/cds-docs/2023-2024/239105.pdf,2023-2024
G,1,G1,"Undergraduate, full-time tuition, required fees, food and housing","[[{0: '$1,100.00', 1: '$1,100.00'}, {0: '$16,490.00', 1: '$16,490.00'}, {0: '$11,250.00', 1: '$11,250.00'}, {0: '$5,240.00', 1: '$5,240.00'}]]","<table> <tr> <td> $1,100.00 </td> <td> $1,100.00 </td> </tr> <tr> <td> $16,490.00 </td> <td> $16,490.00 </td> </tr> <tr> <td> $11,250.00 </td> <td> $11,250.00 </td> </tr> <tr> <td> $5,240.00 </td> <td> $5,240.00 </td> </tr> </table>",239105,../data/cds-docs/2023-2024/239105.pdf,2023-2024
G,5,G5,Estimated Expenses for Typical Full-Time Undergraduates,"[[{0: '$720.00 $720.00', 1: '$720.00 $720.00', 2: '$720.00'}, {0: '$5,240.00', 1: '$5,240.00', 2: '$8,120.00'}, {0: '$5,240.00', 1: '$5,240.00', 2: '$5,240.00'}, {0: '$5,240.00', 1: '$5,240.00', 2: '$13,360.00'}, {0: '$573.00', 1: '$3,150.00', 2: '$3,250.00'}, {0: '$2,840.00', 1: '$2,840.00', 2: '$2,840.00'}]]","<table> <tr> <td colspan=""2""> $720.00 $720.00 </td> <td> $720.00 </td> </tr> <tr> <td rowspan=""3""> $5,240.00 </td> <td rowspan=""3""> $5,240.00 </td> <td> $8,120.00 </td> </tr> <tr> <td> $5,240.00 </td> </tr> <tr> <td> $13,360.00 </td> </tr> <tr> <td> $573.00 </td> <td> $3,150.00 </td> <td> $3,250.00 </td> </tr> <tr> <td> $2,840.00 </td> <td> $2,840.00 </td> <td> $2,840.00 </td> </tr> </table>",239105,../data/cds-docs/2023-2024/239105.pdf,2023-2024
H,1,H1,Aid Awarded to Enrolled Undergraduates,"[[{0: '', 1: 'Awarded to Enrolled Undergraduates', 2: 'Need-Based\n(Include non-need\nbased aid use to meet\nneed).', 3: 'Non-Need-Based\n(Exclude non-need\ufffe\nbased aid use to meet\nneed).'}, {0: 'Scholarships Grants /', 1: 'Federal', 2: '$9,998,101.00', 3: '$68,000.00'}, {0: 'Scholarships Grants /', 1: 'State - all states, not only the state in which your\ninstitution is located', 2: '$4,701,295.00', 3: '$32,125.00'}, {0: 'Scholarships Grants /', 1: 'Instititutional - Endowed scholarships, annual\ngifts and tuition funded grants, awarded by the\ncollege, excluding athletic aid and tuition waivers\n(which are reported below)', 2: '$110,248,442.00', 3: '$73,437,060.00'}, {0: 'Scholarships Grants /', 1: 'Scholarships/grants from external sources (e.g.\nKiwanis, National Merit) not awarded by the\ncollege', 2: '$4,243,913.00', 3: '$3,042,554.00'}, {0: 'Scholarships Grants /', 1: 'Total Scholarships/Grants', 2: '$129,191,751.00', 3: '$76,579,739.00'}, {0: 'Self Help', 1: 'Student loans from all sources\n(excluding parent loans)', 2: '$19,554,754.00', 3: '$20,288,877.00'}, {0: 'Self Help', 1: 'Federal Work-Study', 2: '$5,162,231.00', 3: ''}, {0: 'Self Help', 1: 'State and other (e.g., institutional) work\ufffe\nstudy/employment (Note: excludes Federal\nWork/Study captured above)', 2: '', 3: ''}, {0: 'Self Help', 1: 'Total Self-Help', 2: '$24,716,985.00', 3: '$20,288,877.00'}, {0: 'MISC.', 1: 'Parent Loans', 2: '$6,641,894.00', 3: '$12,812,452.00'}, {0: 'MISC.', 1: 'Tuition Waivers', 2: '$3,756,590.00', 3: '$3,494,113.00'}, {0: 'MISC.', 1: 'Athletic Awards', 2: '$564,143.00', 3: '$4,388,584.00'}]]","<table> <tr> <td> </td> <td> Awarded to Enrolled Undergraduates </td> <td> Need-Based <br/> (Include non-need <br/> based aid use to meet <br/> need). </td> <td> Non-Need-Based <br/> (Exclude non-need￾ <br/> based aid use to meet <br/> need). </td> </tr> <tr> <td rowspan=""5""> Scholarships Grants / </td> <td> Federal </td> <td> $9,998,101.00 </td> <td> $68,000.00 </td> </tr> <tr> <td> State - all states, not only the state in which your <br/> institution is located </td> <td> $4,701,295.00 </td> <td> $32,125.00 </td> </tr> <tr> <td> Instititutional - Endowed scholarships, annual <br/> gifts and tuition funded grants, awarded by the <br/> college, excluding athletic aid and tuition waivers <br/> (which are reported below) </td> <td> $110,248,442.00 </td> <td> $73,437,060.00 </td> </tr> <tr> <td> Scholarships/grants from external sources (e.g. <br/> Kiwanis, National Merit) not awarded by the <br/> college </td> <td> $4,243,913.00 </td> <td> $3,042,554.00 </td> </tr> <tr> <td> Total Scholarships/Grants </td> <td> $129,191,751.00 </td> <td> $76,579,739.00 </td> </tr> <tr> <td rowspan=""4""> Self Help </td> <td> Student loans from all sources <br/> (excluding parent loans) </td> <td> $19,554,754.00 </td> <td> $20,288,877.00 </td> </tr> <tr> <td> Federal Work-Study </td> <td> $5,162,231.00 </td> <td> </td> </tr> <tr> <td> State and other (e.g., institutional) work￾ <br/> study/employment (Note: excludes Federal <br/> Work/Study captured above) </td> <td> </td> <td> </td> </tr> <tr> <td> Total Self-Help </td> <td> $24,716,985.00 </td> <td> $20,288,877.00 </td> </tr> <tr> <td rowspan=""3""> MISC. </td> <td> Parent Loans </td> <td> $6,641,894.00 </td> <td> $12,812,452.00 </td> </tr> <tr> <td> Tuition Waivers </td> <td> $3,756,590.00 </td> <td> $3,494,113.00 </td> </tr> <tr> <td> Athletic Awards </td> <td> $564,143.00 </td> <td> $4,388,584.00 </td> </tr> </table>",239105,../data/cds-docs/2023-2024/239105.pdf,2023-2024
H,2,H2,Number of Enrolled Students Awarded Aid,"[[{0: '', 1: 'Full-Time, First-Time,\nFirst-Year', 2: 'Full-Time Undergrad.\n(Include Freshman)', 3: 'Less Than Full-Time\nUndergrad.'}, {0: 'A. Number of degree-seeking undergraduate students\n(CDS Item B1 if reporting on Fall 2023 cohort)', 1: '1882', 2: '7123', 3: '114'}, {0: 'B. Number of students in line (A) who applied for\nneed-based financial aid', 1: '1613', 2: '5384', 3: '56'}, {0: 'C. Number of students in line (B) who were\ndetermined to have financial need', 1: '1200', 2: '4156', 3: '47'}, {0: 'D. Number of students in line (C) who were awarded\nany financial aid', 1: '1200', 2: '4149', 3: '44'}, {0: 'E. Number of students in line (D) who were awarded\nany need-based scholarship or grant aid', 1: '1182', 2: '4078', 3: '36'}, {0: 'F. Number of students in line (D) who were awarded\nany need-based self-help aid', 1: '791', 2: '2,865', 3: '28'}, {0: 'G. Number of students in line (D) who were awarded\nany non-need-based scholarship or grant aid', 1: '273', 2: '770', 3: '2'}, {0: 'H. Number of students in line (D) who need was fully\nmet (exclude PLUS loans, unsubsidized loans, and\nprivate alternative loans)', 1: '405', 2: '1,387', 3: '5'}, {0: 'I. On average, the percentage of need that was met of\nstudents who were awarded any need-based aid.\nExclude any aid that was awarded in excess of need as\nwell as any resources that were awarded to replace\nEFC (PLUS loans, unsubsidized loans, and private\nalternative loans).', 1: '83.7%', 2: '83.6%', 3: '51.1%'}, {0: 'J. The average financial aid package of those in line\n(D). Exclude any resources that were awarded to\nreplace EFC (PLUS loans, unsubsidized loans, and\nprivate alternative loans).', 1: '$39,824.00', 2: '$38,998.00', 3: '$18,220.00'}, {0: 'K. Average need-based scholarship or grant award of\nthose in line (E)', 1: '$32,889.00', 2: '$31,688.00', 3: '$14,417.00'}, {0: 'L. Average need-based self-help award (excluding\nPLUS loans, unsubsidized loans, and private\nalternative loans) of those in line (F)', 1: '$5,359.00', 2: '$6,204.00', 3: '$4,380.00'}, {0: 'M. Average need-based loan (excluding PLUS loans,\nunsubsidized loans, and private alternative loans) of\nthose in line (F) who were awarded a need-based loan', 1: '$3,874.00', 2: '$6,451.00', 3: '$3,774.00'}], [{0: '', 1: 'Full-Time, First-Time,\nFirst-Year', 2: 'Full-Time Undergrad.\n(Include Freshman)', 3: 'Less Than Full-Time\nUndergrad.'}, {0: 'N. Number of students in line (A) who had no\nfinancial need and who were awarded institutional\nnon-need-based scholarship or grant aid (exclude\nthose who were awarded athletic awards and tuition\nbenefits)', 1: '668', 2: '2,821', 3: '27'}, {0: 'O. Average dollar amount of institutional non-need\ufffe\nbased scholarship and grant aid awarded to students\nin line (N)', 1: '$28,028.00', 2: '$23,115.00', 3: '$8,324.00'}, {0: 'P. Number of students in line (A) who were awarded\nan instutional non-need-based athletic scholarship or\ngrant', 1: '36', 2: '142', 3: '3'}, {0: 'Q. Average dollar amount of institutional non-need\ufffe\nbased athletic scholarships and grants awarded to\nstudents in line (P)', 1: '$24,490.00', 2: '$30,552.00', 3: '$16,750.00'}]]","<table> <tr> <td> </td> <td> Full-Time, First-Time, <br/> First-Year </td> <td> Full-Time Undergrad. <br/> (Include Freshman) </td> <td> Less Than Full-Time <br/> Undergrad. </td> </tr> <tr> <td> A. Number of degree-seeking undergraduate students <br/> (CDS Item B1 if reporting on Fall 2023 cohort) </td> <td> 1882 </td> <td> 7123 </td> <td> 114 </td> </tr> <tr> <td> B. Number of students in line (A) who applied for <br/> need-based financial aid </td> <td> 1613 </td> <td> 5384 </td> <td> 56 </td> </tr> <tr> <td> C. Number of students in line (B) who were <br/> determined to have financial need </td> <td> 1200 </td> <td> 4156 </td> <td> 47 </td> </tr> <tr> <td> D. Number of students in line (C) who were awarded <br/> any financial aid </td> <td> 1200 </td> <td> 4149 </td> <td> 44 </td> </tr> <tr> <td> E. Number of students in line (D) who were awarded <br/> any need-based scholarship or grant aid </td> <td> 1182 </td> <td> 4078 </td> <td> 36 </td> </tr> <tr> <td> F. Number of students in line (D) who were awarded <br/> any need-based self-help aid </td> <td> 791 </td> <td> 2,865 </td> <td> 28 </td> </tr> <tr> <td> G. Number of students in line (D) who were awarded <br/> any non-need-based scholarship or grant aid </td> <td> 273 </td> <td> 770 </td> <td> 2 </td> </tr> <tr> <td> H. Number of students in line (D) who need was fully <br/> met (exclude PLUS loans, unsubsidized loans, and <br/> private alternative loans) </td> <td> 405 </td> <td> 1,387 </td> <td> 5 </td> </tr> <tr> <td> I. On average, the percentage of need that was met of <br/> students who were awarded any need-based aid. <br/> Exclude any aid that was awarded in excess of need as <br/> well as any resources that were awarded to replace <br/> EFC (PLUS loans, unsubsidized loans, and private <br/> alternative loans). </td> <td> 83.7% </td> <td> 83.6% </td> <td> 51.1% </td> </tr> <tr> <td> J. The average financial aid package of those in line <br/> (D). Exclude any resources that were awarded to <br/> replace EFC (PLUS loans, unsubsidized loans, and <br/> private alternative loans). </td> <td> $39,824.00 </td> <td> $38,998.00 </td> <td> $18,220.00 </td> </tr> <tr> <td> K. Average need-based scholarship or grant award of <br/> those in line (E) </td> <td> $32,889.00 </td> <td> $31,688.00 </td> <td> $14,417.00 </td> </tr> <tr> <td> L. Average need-based self-help award (excluding <br/> PLUS loans, unsubsidized loans, and private <br/> alternative loans) of those in line (F) </td> <td> $5,359.00 </td> <td> $6,204.00 </td> <td> $4,380.00 </td> </tr> <tr> <td> M. Average need-based loan (excluding PLUS loans, <br/> unsubsidized loans, and private alternative loans) of <br/> those in line (F) who were awarded a need-based loan </td> <td> $3,874.00 </td> <td> $6,451.00 </td> <td> $3,774.00 </td> </tr> </table><div class=""separator""></div><table> <tr> <td> </td> <td> Full-Time, First-Time, <br/> First-Year </td> <td> Full-Time Undergrad. <br/> (Include Freshman) </td> <td> Less Than Full-Time <br/> Undergrad. </td> </tr> <tr> <td> N. Number of students in line (A) who had no <br/> financial need and who were awarded institutional <br/> non-need-based scholarship or grant aid (exclude <br/> those who were awarded athletic awards and tuition <br/> benefits) </td> <td> 668 </td> <td> 2,821 </td> <td> 27 </td> </tr> <tr> <td> O. Average dollar amount of institutional non-need￾ <br/> based scholarship and grant aid awarded to students <br/> in line (N) </td> <td> $28,028.00 </td> <td> $23,115.00 </td> <td> $8,324.00 </td> </tr> <tr> <td> P. Number of students in line (A) who were awarded <br/> an instutional non-need-based athletic scholarship or <br/> grant </td> <td> 36 </td> <td> 142 </td> <td> 3 </td> </tr> <tr> <td> Q. Average dollar amount of institutional non-need￾ <br/> based athletic scholarships and grants awarded to <br/> students in line (P) </td> <td> $24,490.00 </td> <td> $30,552.00 </td> <td> $16,750.00 </td> </tr> </table>",239105,../data/cds-docs/2023-2024/239105.pdf,2023-2024
H,5,H5,Number/Percent Borrowers and Average Borrowed Amount,"[[{0: 'Source/Type of Loan', 1: 'Number in the class\n(defined in H4 above)\nwho borrowed from\nthe types of loans\nspecific in the first\ncolumn', 2: 'Percent of the class\n(defined above) who\nborrowed from the\ntypes of loans\nspecified in the first\ncolumn (nearest 1%)', 3: 'Average per\ufffe\nundergraduate\ufffe\nborrower\ncumulative\nprincipal\nborrowed from\nthe types of loans\nspecific in the first\ncolumn (nearest\n$1)'}, {0: 'A. Any loan program: Federal Perkins, Federal\nStafford Subsidized and Unsubsidized, institutional,\nstate, private loans that your institution is aware of,\netc. Include both Federal Direct Student Loans and\nFederal Family Education Loans.', 1: '1,017', 2: '60%', 3: '$33,243'}, {0: 'B. Federal loan programs: Federal Perkins, Federal\nStafford Subsidized and Unsubsidized. Include both\nFederal Direct Student Loans and Federal Family\nEducation Loans.', 1: '991', 2: '58%', 3: '$21,161'}, {0: 'C. Institutional loan program', 1: '44', 2: '3%', 3: '$9,406'}, {0: 'D. State loan programs', 1: '1', 2: '0%', 3: '$12,000'}, {0: 'E. Private student loans made by a bank or lender', 1: '247', 2: '15%', 3: '$50,248'}]]","<table> <tr> <td> Source/Type of Loan </td> <td> Number in the class <br/> (defined in H4 above) <br/> who borrowed from <br/> the types of loans <br/> specific in the first <br/> column </td> <td> Percent of the class <br/> (defined above) who <br/> borrowed from the <br/> types of loans <br/> specified in the first <br/> column (nearest 1%) </td> <td> Average per￾ <br/> undergraduate￾ <br/> borrower <br/> cumulative <br/> principal <br/> borrowed from <br/> the types of loans <br/> specific in the first <br/> column (nearest <br/> $1) </td> </tr> <tr> <td> A. Any loan program: Federal Perkins, Federal <br/> Stafford Subsidized and Unsubsidized, institutional, <br/> state, private loans that your institution is aware of, <br/> etc. Include both Federal Direct Student Loans and <br/> Federal Family Education Loans. </td> <td> 1,017 </td> <td> 60% </td> <td> $33,243 </td> </tr> <tr> <td> B. Federal loan programs: Federal Perkins, Federal <br/> Stafford Subsidized and Unsubsidized. Include both <br/> Federal Direct Student Loans and Federal Family <br/> Education Loans. </td> <td> 991 </td> <td> 58% </td> <td> $21,161 </td> </tr> <tr> <td> C. Institutional loan program </td> <td> 44 </td> <td> 3% </td> <td> $9,406 </td> </tr> <tr> <td> D. State loan programs </td> <td> 1 </td> <td> 0% </td> <td> $12,000 </td> </tr> <tr> <td> E. Private student loans made by a bank or lender </td> <td> 247 </td> <td> 15% </td> <td> $50,248 </td> </tr> </table>",239105,../data/cds-docs/2023-2024/239105.pdf,2023-2024
I,1,I1,Instructional Faculty by Category,"[[{0: '', 1: 'Full-Time', 2: 'Part-Time'}, {0: 'A. Instructional faculty in preclinical and clinical medicine, faculty who are not\npaid (e.g., those who donate their services or are in the military), or research\ufffe\nonly faculty, post-doctoral fellows, or pre-doctoral fellows', 1: 'Exclude', 2: 'Include only if they teach\none or more non-clinical\ncredit courses'}, {0: 'B. Administrative officers with titles such as dean of students, librarian, registrar,\ncoach, and the like, even though they may devote part of their time to classroom\ninstruction and may have faculty status', 1: 'Exclude', 2: 'Include only if they teach\none or more non-clinical\ncredit courses'}, {0: 'C. Other administrators/staff who teach one or more non-clinical credit courses\neven though they do not have faculty status', 1: 'Exclude', 2: 'Include'}, {0: 'D. Undergraduate or graduate students who assist in the instruction of courses,\nbut have titles such as teaching assistant, teaching fellow, and the like', 1: 'Exclude', 2: 'Exclude'}, {0: 'E. Faculty on sabbatical or leave with pay', 1: 'Include', 2: 'Exclude'}, {0: 'F. Faculty on leave without pay', 1: 'Exclude', 2: 'Exclude'}, {0: 'G. Replacement faculty for faculty on sabbatical leave or leave with pay', 1: 'Exclude', 2: 'Include'}], [{0: '', 1: 'Full-Time', 2: 'Part-Time', 3: 'Total'}, {0: 'A. Total number of instructional faculty', 1: '664', 2: '522', 3: '1186'}, {0: 'B. Total number who are members of minority groups', 1: '119', 2: '62', 3: '181'}, {0: 'C. Total number who are women', 1: '327', 2: '278', 3: '605'}, {0: 'D. Total number who are men', 1: '337', 2: '244', 3: '581'}, {0: 'E. Total number who are international (non-residents)', 1: '26', 2: '5', 3: '31'}, {0: 'F. Total number with docorate, or other terminal degrees', 1: '589', 2: '282', 3: '871'}, {0: ""G. Total number whose highest degree is a master's degree but not a terminal\nmaster's"", 1: '69', 2: '200', 3: '269'}, {0: ""H. Total number whose highest degree is a bachelor's"", 1: '6', 2: '34', 3: '40'}, {0: 'I. Total number whose highest degree is unknown or other', 1: '0', 2: '6', 3: '6'}, {0: 'J. Total number in stand-alone graduate/professional programs in which faculty\nteach virtually only graduate-level students', 1: '84', 2: '148', 3: '232'}]]","<table> <tr> <td> </td> <td> Full-Time </td> <td> Part-Time </td> </tr> <tr> <td> A. Instructional faculty in preclinical and clinical medicine, faculty who are not <br/> paid (e.g., those who donate their services or are in the military), or research￾ <br/> only faculty, post-doctoral fellows, or pre-doctoral fellows </td> <td> Exclude </td> <td> Include only if they teach <br/> one or more non-clinical <br/> credit courses </td> </tr> <tr> <td> B. Administrative officers with titles such as dean of students, librarian, registrar, <br/> coach, and the like, even though they may devote part of their time to classroom <br/> instruction and may have faculty status </td> <td> Exclude </td> <td> Include only if they teach <br/> one or more non-clinical <br/> credit courses </td> </tr> <tr> <td> C. Other administrators/staff who teach one or more non-clinical credit courses <br/> even though they do not have faculty status </td> <td> Exclude </td> <td> Include </td> </tr> <tr> <td> D. Undergraduate or graduate students who assist in the instruction of courses, <br/> but have titles such as teaching assistant, teaching fellow, and the like </td> <td> Exclude </td> <td> Exclude </td> </tr> <tr> <td> E. Faculty on sabbatical or leave with pay </td> <td> Include </td> <td> Exclude </td> </tr> <tr> <td> F. Faculty on leave without pay </td> <td> Exclude </td> <td> Exclude </td> </tr> <tr> <td> G. Replacement faculty for faculty on sabbatical leave or leave with pay </td> <td> Exclude </td> <td> Include </td> </tr> </table><div class=""separator""></div><table> <tr> <td> </td> <td> Full-Time </td> <td> Part-Time </td> <td> Total </td> </tr> <tr> <td> A. Total number of instructional faculty </td> <td> 664 </td> <td> 522 </td> <td> 1186 </td> </tr> <tr> <td> B. Total number who are members of minority groups </td> <td> 119 </td> <td> 62 </td> <td> 181 </td> </tr> <tr> <td> C. Total number who are women </td> <td> 327 </td> <td> 278 </td> <td> 605 </td> </tr> <tr> <td> D. Total number who are men </td> <td> 337 </td> <td> 244 </td> <td> 581 </td> </tr> <tr> <td> E. Total number who are international (non-residents) </td> <td> 26 </td> <td> 5 </td> <td> 31 </td> </tr> <tr> <td> F. Total number with docorate, or other terminal degrees </td> <td> 589 </td> <td> 282 </td> <td> 871 </td> </tr> <tr> <td> G. Total number whose highest degree is a master's degree but not a terminal <br/> master's </td> <td> 69 </td> <td> 200 </td> <td> 269 </td> </tr> <tr> <td> H. Total number whose highest degree is a bachelor's </td> <td> 6 </td> <td> 34 </td> <td> 40 </td> </tr> <tr> <td> I. Total number whose highest degree is unknown or other </td> <td> 0 </td> <td> 6 </td> <td> 6 </td> </tr> <tr> <td> J. Total number in stand-alone graduate/professional programs in which faculty <br/> teach virtually only graduate-level students </td> <td> 84 </td> <td> 148 </td> <td> 232 </td> </tr> </table>",239105,../data/cds-docs/2023-2024/239105.pdf,2023-2024
B,1,B1,Institutional Enrollment - Men and Women,"[[{0: '', 1: 'FULL-TIME', 2: 'FULL-TIME', 3: 'FULL-TIME', 4: 'PART-TIME', 5: 'PART-TIME', 6: 'PART-TIME'}, {0: '', 1: 'Men\nWomen Another Gender', 2: 'Men\nWomen Another Gender', 3: 'Men\nWomen Another Gender', 4: 'Men\nWomen Another Gender', 5: 'Men\nWomen Another Gender', 6: 'Men\nWomen Another Gender'}, {0: 'Undergraduates', 1: 'Undergraduates', 2: 'Undergraduates', 3: 'Undergraduates', 4: 'Undergraduates', 5: 'Undergraduates', 6: 'Undergraduates'}, {0: 'Degree-seeking, first-time, first\ufffe\nyear', 1: '911', 2: '1,066', 3: '', 4: '3', 5: '3', 6: ''}, {0: 'Other first-year, degree-seeking', 1: '65', 2: '61', 3: '', 4: '4', 5: '4', 6: ''}, {0: 'All other degree-seeking', 1: '2,174', 2: '2,883', 3: '', 4: '58', 5: '58', 6: ''}, {0: 'Total degree-seeking', 1: '3,150', 2: '4,010', 3: '0', 4: '65', 5: '65', 6: '0'}, {0: 'All other undergraduates enrolled', 1: '6', 2: '18', 3: '', 4: '107', 5: '107', 6: ''}, {0: 'Total undergraduates', 1: '3,156', 2: '4,028', 3: '0', 4: '172', 5: '172', 6: '0'}, {0: 'Graduate', 1: 'Graduate', 2: 'Graduate', 3: 'Graduate', 4: 'Graduate', 5: 'Graduate', 6: 'Graduate'}, {0: 'Degree-seeking, first-time', 1: '274', 2: '468', 3: '', 4: '103', 5: '119', 6: ''}, {0: 'All other degree-seeking', 1: '721', 2: '1084', 3: '', 4: '308', 5: '497', 6: ''}, {0: 'All other graduates enrolled in', 1: '3', 2: '11', 3: '', 4: '28', 5: '23', 6: ''}, {0: 'Total graduate', 1: '998', 2: '1563', 3: '0', 4: '439', 5: '639', 6: '0'}, {0: 'Total all students', 1: '4,154', 2: '5,591', 3: '0', 4: '611', 5: '811', 6: '0'}]]","<table> <tr> <td rowspan=""2""> </td> <td colspan=""3""> FULL-TIME </td> <td colspan=""3""> PART-TIME </td> </tr> <tr> <td colspan=""3""> Men <br/> Women Another Gender </td> <td colspan=""3""> Men <br/> Women Another Gender </td> </tr> <tr> <td colspan=""7""> Undergraduates </td> </tr> <tr> <td> Degree-seeking, first-time, first￾ <br/> year </td> <td> 911 </td> <td> 1,066 </td> <td> </td> <td> 3 </td> <td> 3 </td> <td> </td> </tr> <tr> <td> Other first-year, degree-seeking </td> <td> 65 </td> <td> 61 </td> <td> </td> <td> 4 </td> <td> 4 </td> <td> </td> </tr> <tr> <td> All other degree-seeking </td> <td> 2,174 </td> <td> 2,883 </td> <td> </td> <td> 58 </td> <td> 58 </td> <td> </td> </tr> <tr> <td> Total degree-seeking </td> <td> 3,150 </td> <td> 4,010 </td> <td> 0 </td> <td> 65 </td> <td> 65 </td> <td> 0 </td> </tr> <tr> <td> All other undergraduates enrolled </td> <td> 6 </td> <td> 18 </td> <td> </td> <td> 107 </td> <td> 107 </td> <td> </td> </tr> <tr> <td> Total undergraduates </td> <td> 3,156 </td> <td> 4,028 </td> <td> 0 </td> <td> 172 </td> <td> 172 </td> <td> 0 </td> </tr> <tr> <td colspan=""7""> Graduate </td> </tr> <tr> <td> Degree-seeking, first-time </td> <td> 274 </td> <td> 468 </td> <td> </td> <td> 103 </td> <td> 119 </td> <td> </td> </tr> <tr> <td> All other degree-seeking </td> <td> 721 </td> <td> 1084 </td> <td> </td> <td> 308 </td> <td> 497 </td> <td> </td> </tr> <tr> <td> All other graduates enrolled in </td> <td> 3 </td> <td> 11 </td> <td> </td> <td> 28 </td> <td> 23 </td> <td> </td> </tr> <tr> <td> Total graduate </td> <td> 998 </td> <td> 1563 </td> <td> 0 </td> <td> 439 </td> <td> 639 </td> <td> 0 </td> </tr> <tr> <td> Total all students </td> <td> 4,154 </td> <td> 5,591 </td> <td> 0 </td> <td> 611 </td> <td> 811 </td> <td> 0 </td> </tr> </table>",239105,../data/cds-docs/2022-2023/239105.pdf,2022-2023
B,2,B2,Enrollment by Racial/Ethnic Category.,"[[{0: '', 1: 'Degree-Seeking\nFirst-Time\nFirst Year', 2: 'Degree-Seeking\nUndergraduates\n(include first-time\nfirst-year)', 3: 'Total\nUndergraduates\n(both degree & non\ufffe\ndegree-seeking)'}, {0: 'Nonresidents', 1: '26', 2: '116', 3: '140'}, {0: 'Hispanic/Latino', 1: '295', 2: '1,141', 3: '1,163'}, {0: 'Black or African American, non-Hispanic', 1: '121', 2: '355', 3: '366'}, {0: 'White, non-Hispanic', 1: '1,337', 2: '4,911', 3: '5,054'}, {0: 'American Indian or Alaska Native, non-Hispanic', 1: '1', 2: '7', 3: '8'}, {0: 'Asian, non-Hispanic', 1: '116', 2: '437', 3: '462'}, {0: 'Native Hawaiian or other Pacific Islander, non\ufffe\nHispanic', 1: '1', 2: '8', 3: '8'}, {0: 'Two or more races, non-Hispanic', 1: '68', 2: '241', 3: '246'}, {0: 'Race and/or ethnicity unknown', 1: '18', 2: '74', 3: '81'}, {0: 'TOTAL', 1: '1,983', 2: '7,290', 3: '7,528'}]]","<table> <tr> <td> </td> <td> Degree-Seeking <br/> First-Time <br/> First Year </td> <td> Degree-Seeking <br/> Undergraduates <br/> (include first-time <br/> first-year) </td> <td> Total <br/> Undergraduates <br/> (both degree &amp; non￾ <br/> degree-seeking) </td> </tr> <tr> <td> Nonresidents </td> <td> 26 </td> <td> 116 </td> <td> 140 </td> </tr> <tr> <td> Hispanic/Latino </td> <td> 295 </td> <td> 1,141 </td> <td> 1,163 </td> </tr> <tr> <td> Black or African American, non-Hispanic </td> <td> 121 </td> <td> 355 </td> <td> 366 </td> </tr> <tr> <td> White, non-Hispanic </td> <td> 1,337 </td> <td> 4,911 </td> <td> 5,054 </td> </tr> <tr> <td> American Indian or Alaska Native, non-Hispanic </td> <td> 1 </td> <td> 7 </td> <td> 8 </td> </tr> <tr> <td> Asian, non-Hispanic </td> <td> 116 </td> <td> 437 </td> <td> 462 </td> </tr> <tr> <td> Native Hawaiian or other Pacific Islander, non￾ <br/> Hispanic </td> <td> 1 </td> <td> 8 </td> <td> 8 </td> </tr> <tr> <td> Two or more races, non-Hispanic </td> <td> 68 </td> <td> 241 </td> <td> 246 </td> </tr> <tr> <td> Race and/or ethnicity unknown </td> <td> 18 </td> <td> 74 </td> <td> 81 </td> </tr> <tr> <td> TOTAL </td> <td> 1,983 </td> <td> 7,290 </td> <td> 7,528 </td> </tr> </table>",239105,../data/cds-docs/2022-2023/239105.pdf,2022-2023
B,11,B11,) into four groups:,"[[{0: '', 1: 'Recipients of a\nFederal Grant Pell', 2: 'Recipients of a\nSubsidized\nStafford Loan\nwho did not\nreceive Grant a Pell', 3: 'Students who did\nnot receive either\na Pell Grant or a\nsubsidized\nStafford Loan', 4: 'Total\n(sum of 3 columns to\nthe left)'}, {0: ""Initial 2016 cohort of first-time, full\ufffe\ntime, bachelor's (or equivalent) degree\ufffe\nseeking undergraduate students"", 1: '380', 2: '451', 3: '1171', 4: '2002'}, {0: 'Of the initial 2016 cohort, how many\ndid not persist and did not graduate for\nthe following reasons:\n• Deceased\n• Permanently Disabled\n• Armed Forces\n• Foreign Aid Service of the Federal\nGovernment\n• Official church missions\n• Report Total Allowable Exclusions', 1: '0', 2: '0', 3: '0', 4: '0'}, {0: 'Final 2016 cohort, after adjusting for\nallowable exclusions', 1: '380', 2: '451', 3: '1171', 4: '2002'}, {0: 'Of the initial 2015 cohort, how many\ncompleted the program in four years or\nless (by Aug. 31, 2020)', 1: '214', 2: '302', 3: '815', 4: '1331'}, {0: 'Of the initial 2016 cohort, how many\ncompleted the program in more than\nfour years but in five years or less\n(after Aug. 31, 2020 and by Aug. 31,\n2021)', 1: '62', 2: '62', 3: '174', 4: '298'}, {0: 'Of the initial 2016 cohort, how many\ncompleted the program in more than\nfive years but in six years or less (after\nAug. 31, 2021 and by Aug. 31, 2022)', 1: '8', 2: '4', 3: '11', 4: '23'}]]","<table> <tr> <td> </td> <td> Recipients of a <br/> Federal Grant Pell </td> <td> Recipients of a <br/> Subsidized <br/> Stafford Loan <br/> who did not <br/> receive Grant a Pell </td> <td> Students who did <br/> not receive either <br/> a Pell Grant or a <br/> subsidized <br/> Stafford Loan </td> <td> Total <br/> (sum of 3 columns to <br/> the left) </td> </tr> <tr> <td> Initial 2016 cohort of first-time, full￾ <br/> time, bachelor's (or equivalent) degree￾ <br/> seeking undergraduate students </td> <td> 380 </td> <td> 451 </td> <td> 1171 </td> <td> 2002 </td> </tr> <tr> <td> Of the initial 2016 cohort, how many <br/> did not persist and did not graduate for <br/> the following reasons: <br/> • Deceased <br/> • Permanently Disabled <br/> • Armed Forces <br/> • Foreign Aid Service of the Federal <br/> Government <br/> • Official church missions <br/> • Report Total Allowable Exclusions </td> <td> 0 </td> <td> 0 </td> <td> 0 </td> <td> 0 </td> </tr> <tr> <td> Final 2016 cohort, after adjusting for <br/> allowable exclusions </td> <td> 380 </td> <td> 451 </td> <td> 1171 </td> <td> 2002 </td> </tr> <tr> <td> Of the initial 2015 cohort, how many <br/> completed the program in four years or <br/> less (by Aug. 31, 2020) </td> <td> 214 </td> <td> 302 </td> <td> 815 </td> <td> 1331 </td> </tr> <tr> <td> Of the initial 2016 cohort, how many <br/> completed the program in more than <br/> four years but in five years or less <br/> (after Aug. 31, 2020 and by Aug. 31, <br/> 2021) </td> <td> 62 </td> <td> 62 </td> <td> 174 </td> <td> 298 </td> </tr> <tr> <td> Of the initial 2016 cohort, how many <br/> completed the program in more than <br/> five years but in six years or less (after <br/> Aug. 31, 2021 and by Aug. 31, 2022) </td> <td> 8 </td> <td> 4 </td> <td> 11 </td> <td> 23 </td> </tr> </table>",239105,../data/cds-docs/2022-2023/239105.pdf,2022-2023
C,1,C1,"First-time, first-year students: Provide the number of degree-seeking, first-time, first-year students who","[[{0: 'Total first-time, first-year men who applied', 1: '6908'}, {0: 'Total first-time, first-year women who applied', 1: '8975'}], [{0: 'Total first-time, first-year men who were admitted', 1: '5943'}, {0: 'Total first-time, first-year women who were admitted', 1: '7908'}], [{0: 'Total full-time, first-time, first-year men who enrolled', 1: '911'}, {0: 'Total part-time, first-time, first-year men who enrolled', 1: '3'}], [{0: 'Total full-time, first-time, first-year women who enrolled', 1: '1066'}, {0: 'Total part-time, first-time, first-year women who enrolled', 1: '3'}]]","<table> <tr> <td> Total first-time, first-year men who applied </td> <td> 6908 </td> </tr> <tr> <td> Total first-time, first-year women who applied </td> <td> 8975 </td> </tr> </table><div class=""separator""></div><table> <tr> <td> Total first-time, first-year men who were admitted </td> <td> 5943 </td> </tr> <tr> <td> Total first-time, first-year women who were admitted </td> <td> 7908 </td> </tr> </table><div class=""separator""></div><table> <tr> <td> Total full-time, first-time, first-year men who enrolled </td> <td> 911 </td> </tr> <tr> <td> Total part-time, first-time, first-year men who enrolled </td> <td> 3 </td> </tr> </table><div class=""separator""></div><table> <tr> <td> Total full-time, first-time, first-year women who enrolled </td> <td> 1066 </td> </tr> <tr> <td> Total part-time, first-time, first-year women who enrolled </td> <td> 3 </td> </tr> </table>",239105,../data/cds-docs/2022-2023/239105.pdf,2022-2023
C,2,C2,"First-time, first-year wait-listed students","[[{0: 'WAITING LIST', 1: 'TOTAL'}, {0: 'Number of qualified applicants offered a place on waiting list:', 1: '344'}, {0: 'Number accepting a place on the waiting list:', 1: '344'}, {0: 'Number of wait-listed students admitted:', 1: '168'}]]",<table> <tr> <td> WAITING LIST </td> <td> TOTAL </td> </tr> <tr> <td> Number of qualified applicants offered a place on waiting list: </td> <td> 344 </td> </tr> <tr> <td> Number accepting a place on the waiting list: </td> <td> 344 </td> </tr> <tr> <td> Number of wait-listed students admitted: </td> <td> 168 </td> </tr> </table>,239105,../data/cds-docs/2022-2023/239105.pdf,2022-2023
C,5,C5,Distribution of high school units required and/or recommended. Specify the distribution of academic,"[[{0: '', 1: 'Required', 2: 'Recommended'}, {0: 'Total academic units', 1: '16', 2: '20'}, {0: 'English', 1: '4', 2: '4'}, {0: 'Mathematics', 1: '2 to 4', 2: '2 to 4'}, {0: 'Science', 1: '2 to 4', 2: '2 to 4'}, {0: 'Of these, units that must be', 1: '2', 2: '3'}, {0: 'Foreign language', 1: '', 2: '2'}, {0: 'Social studies', 1: '2 to 3', 2: '3'}, {0: 'History', 1: '0', 2: '2'}, {0: 'Academic electives', 1: '2 to 5', 2: '2 to 5'}, {0: 'Computer Science', 1: '', 2: ''}, {0: 'Visual/Performing Arts', 1: '', 2: ''}, {0: 'Other (specify)', 1: '', 2: ''}]]","<table> <tr> <td> </td> <td> Required </td> <td> Recommended </td> </tr> <tr> <td> Total academic units </td> <td> 16 </td> <td> 20 </td> </tr> <tr> <td> English </td> <td> 4 </td> <td> 4 </td> </tr> <tr> <td> Mathematics </td> <td> 2 to 4 </td> <td> 2 to 4 </td> </tr> <tr> <td> Science </td> <td> 2 to 4 </td> <td> 2 to 4 </td> </tr> <tr> <td> Of these, units that must be </td> <td> 2 </td> <td> 3 </td> </tr> <tr> <td> Foreign language </td> <td> </td> <td> 2 </td> </tr> <tr> <td> Social studies </td> <td> 2 to 3 </td> <td> 3 </td> </tr> <tr> <td> History </td> <td> 0 </td> <td> 2 </td> </tr> <tr> <td> Academic electives </td> <td> 2 to 5 </td> <td> 2 to 5 </td> </tr> <tr> <td> Computer Science </td> <td> </td> <td> </td> </tr> <tr> <td> Visual/Performing Arts </td> <td> </td> <td> </td> </tr> <tr> <td> Other (specify) </td> <td> </td> <td> </td> </tr> </table>",239105,../data/cds-docs/2022-2023/239105.pdf,2022-2023
C,7,C7,"Relative importance of each of the following academic and nonacademic factors in your first-time,","[[{0: 'Very Important Important Considered Not Considered', 1: 'Very Important Important Considered Not Considered', 2: 'Very Important Important Considered Not Considered', 3: 'Very Important Important Considered Not Considered', 4: 'Very Important Important Considered Not Considered'}, {0: 'Academic', 1: 'Academic', 2: 'Academic', 3: 'Academic', 4: 'Academic'}, {0: 'Rigor of secondary school record', 1: 'x', 2: '', 3: '', 4: ''}, {0: 'Class rank', 1: '', 2: '', 3: 'x', 4: ''}, {0: 'Academic GPA', 1: 'x', 2: '', 3: '', 4: ''}, {0: 'Standardized test scores', 1: '', 2: 'x', 3: '', 4: ''}, {0: 'Application Essay', 1: '', 2: 'x', 3: '', 4: ''}, {0: 'Recommendation(s)', 1: '', 2: '', 3: 'x', 4: ''}, {0: 'Nonacademic', 1: 'Nonacademic', 2: 'Nonacademic', 3: 'Nonacademic', 4: 'Nonacademic'}, {0: 'Interview', 1: '', 2: '', 3: 'x', 4: ''}, {0: 'Extracurricular activities', 1: '', 2: 'x', 3: '', 4: ''}, {0: 'Talent/ability', 1: '', 2: '', 3: 'x', 4: ''}, {0: 'Character/personal qualities', 1: '', 2: '', 3: 'x', 4: ''}, {0: 'First generation', 1: '', 2: '', 3: 'x', 4: ''}, {0: 'Alumni/ae relation', 1: '', 2: '', 3: '', 4: 'x'}, {0: 'Geographical residence', 1: '', 2: '', 3: '', 4: 'x'}, {0: 'State residency', 1: '', 2: '', 3: '', 4: 'x'}, {0: 'Religious affiliation/commitment', 1: '', 2: '', 3: '', 4: 'x'}, {0: 'Racial/ethnic status', 1: '', 2: '', 3: '', 4: 'x'}, {0: 'Volunteer work', 1: '', 2: 'x', 3: '', 4: ''}, {0: 'Work experience', 1: '', 2: '', 3: 'x', 4: ''}, {0: 'Level of applicant’s interest', 1: '', 2: '', 3: '', 4: 'x'}]]","<table> <tr> <td colspan=""5""> Very Important Important Considered Not Considered </td> </tr> <tr> <td colspan=""5""> Academic </td> </tr> <tr> <td> Rigor of secondary school record </td> <td> x </td> <td> </td> <td> </td> <td> </td> </tr> <tr> <td> Class rank </td> <td> </td> <td> </td> <td> x </td> <td> </td> </tr> <tr> <td> Academic GPA </td> <td> x </td> <td> </td> <td> </td> <td> </td> </tr> <tr> <td> Standardized test scores </td> <td> </td> <td> x </td> <td> </td> <td> </td> </tr> <tr> <td> Application Essay </td> <td> </td> <td> x </td> <td> </td> <td> </td> </tr> <tr> <td> Recommendation(s) </td> <td> </td> <td> </td> <td> x </td> <td> </td> </tr> <tr> <td colspan=""5""> Nonacademic </td> </tr> <tr> <td> Interview </td> <td> </td> <td> </td> <td> x </td> <td> </td> </tr> <tr> <td> Extracurricular activities </td> <td> </td> <td> x </td> <td> </td> <td> </td> </tr> <tr> <td> Talent/ability </td> <td> </td> <td> </td> <td> x </td> <td> </td> </tr> <tr> <td> Character/personal qualities </td> <td> </td> <td> </td> <td> x </td> <td> </td> </tr> <tr> <td> First generation </td> <td> </td> <td> </td> <td> x </td> <td> </td> </tr> <tr> <td> Alumni/ae relation </td> <td> </td> <td> </td> <td> </td> <td> x </td> </tr> <tr> <td> Geographical residence </td> <td> </td> <td> </td> <td> </td> <td> x </td> </tr> <tr> <td> State residency </td> <td> </td> <td> </td> <td> </td> <td> x </td> </tr> <tr> <td> Religious affiliation/commitment </td> <td> </td> <td> </td> <td> </td> <td> x </td> </tr> <tr> <td> Racial/ethnic status </td> <td> </td> <td> </td> <td> </td> <td> x </td> </tr> <tr> <td> Volunteer work </td> <td> </td> <td> x </td> <td> </td> <td> </td> </tr> <tr> <td> Work experience </td> <td> </td> <td> </td> <td> x </td> <td> </td> </tr> <tr> <td> Level of applicant’s interest </td> <td> </td> <td> </td> <td> </td> <td> x </td> </tr> </table>",239105,../data/cds-docs/2022-2023/239105.pdf,2022-2023
C,8,C8,A,"[[{0: '', 1: 'ADMISSION', 2: 'ADMISSION', 3: 'ADMISSION', 4: 'ADMISSION', 5: 'ADMISSION'}, {0: '', 1: 'Require', 2: 'Recommend', 3: 'Require for Some', 4: 'Consider if\nSubmitted', 5: 'Considered Not'}, {0: 'SAT or ACT', 1: '', 2: '', 3: '', 4: 'X', 5: ''}, {0: 'ACT Only', 1: '', 2: '', 3: '', 4: '', 5: ''}, {0: 'SAT Only', 1: '', 2: '', 3: '', 4: '', 5: ''}]]","<table> <tr> <td rowspan=""2""> </td> <td colspan=""5""> ADMISSION </td> </tr> <tr> <td> Require </td> <td> Recommend </td> <td> Require for Some </td> <td> Consider if <br/> Submitted </td> <td> Considered Not </td> </tr> <tr> <td> SAT or ACT </td> <td> </td> <td> </td> <td> </td> <td> X </td> <td> </td> </tr> <tr> <td> ACT Only </td> <td> </td> <td> </td> <td> </td> <td> </td> <td> </td> </tr> <tr> <td> SAT Only </td> <td> </td> <td> </td> <td> </td> <td> </td> <td> </td> </tr> </table>",239105,../data/cds-docs/2022-2023/239105.pdf,2022-2023
C,10,C10,"Percent of all degree-seeking, first-time, first-year students who had high school class rank within","[[{0: 'Assessment', 1: 'Percent'}, {0: 'Percent in top tenth of high school graduating class', 1: '29%'}, {0: 'Percent in top quarter of high school graduating class', 1: '61%'}, {0: 'Percent in top half of high school graduating class', 1: '92%'}, {0: 'Percent in bottom half of high school graduating class', 1: '8%'}, {0: 'Percent in bottom quarter of high school graduating class', 1: '0%'}, {0: 'Percent of total first-time, first-year students who submitted high school\nclass rank:', 1: '23%'}]]","<table> <tr> <td> Assessment </td> <td> Percent </td> </tr> <tr> <td> Percent in top tenth of high school graduating class </td> <td> 29% </td> </tr> <tr> <td> Percent in top quarter of high school graduating class </td> <td> 61% </td> </tr> <tr> <td> Percent in top half of high school graduating class </td> <td> 92% </td> </tr> <tr> <td> Percent in bottom half of high school graduating class </td> <td> 8% </td> </tr> <tr> <td> Percent in bottom quarter of high school graduating class </td> <td> 0% </td> </tr> <tr> <td> Percent of total first-time, first-year students who submitted high school <br/> class rank: </td> <td> 23% </td> </tr> </table>",239105,../data/cds-docs/2022-2023/239105.pdf,2022-2023
C,14,C14,Application closing date,"[[{0: '', 1: 'Date'}, {0: 'Application closing date (fall)', 1: '12/1'}, {0: 'Priority Date', 1: '12/1'}]]",<table> <tr> <td> </td> <td> Date </td> </tr> <tr> <td> Application closing date (fall) </td> <td> 12/1 </td> </tr> <tr> <td> Priority Date </td> <td> 12/1 </td> </tr> </table>,239105,../data/cds-docs/2022-2023/239105.pdf,2022-2023
D,2,D2,"Provide the number of students who applied, were admitted, and enrolled as degree-seeking transfer","[[{0: '', 1: 'Applicants', 2: 'Admitted', 3: 'Enrolled'}, {0: 'Men', 1: '236', 2: '174', 3: '69'}, {0: 'Women', 1: '250', 2: '201', 3: '65'}, {0: 'Another Gender', 1: '', 2: '', 3: ''}, {0: 'Total', 1: '486', 2: '375', 3: '134'}]]",<table> <tr> <td> </td> <td> Applicants </td> <td> Admitted </td> <td> Enrolled </td> </tr> <tr> <td> Men </td> <td> 236 </td> <td> 174 </td> <td> 69 </td> </tr> <tr> <td> Women </td> <td> 250 </td> <td> 201 </td> <td> 65 </td> </tr> <tr> <td> Another Gender </td> <td> </td> <td> </td> <td> </td> </tr> <tr> <td> Total </td> <td> 486 </td> <td> 375 </td> <td> 134 </td> </tr> </table>,239105,../data/cds-docs/2022-2023/239105.pdf,2022-2023
D,9,D9,"List application priority, closing, notification, and candidate reply dates for transfer students. If applications","[[{0: '', 1: 'Priority Date', 2: 'Closing Date', 3: 'Notification Date', 4: 'Reply Date', 5: 'Rolling\nAdmission'}, {0: 'Fall', 1: '7/1', 2: '7/1', 3: 'rolling', 4: '8/1', 5: 'x'}, {0: 'Winter', 1: '', 2: '', 3: '', 4: '', 5: ''}, {0: 'Spring', 1: '12/1', 2: '12/1', 3: 'rolling', 4: '1/1', 5: 'x'}, {0: 'Summer', 1: '', 2: '', 3: '', 4: '', 5: ''}]]",<table> <tr> <td> </td> <td> Priority Date </td> <td> Closing Date </td> <td> Notification Date </td> <td> Reply Date </td> <td> Rolling <br/> Admission </td> </tr> <tr> <td> Fall </td> <td> 7/1 </td> <td> 7/1 </td> <td> rolling </td> <td> 8/1 </td> <td> x </td> </tr> <tr> <td> Winter </td> <td> </td> <td> </td> <td> </td> <td> </td> <td> </td> </tr> <tr> <td> Spring </td> <td> 12/1 </td> <td> 12/1 </td> <td> rolling </td> <td> 1/1 </td> <td> x </td> </tr> <tr> <td> Summer </td> <td> </td> <td> </td> <td> </td> <td> </td> <td> </td> </tr> </table>,239105,../data/cds-docs/2022-2023/239105.pdf,2022-2023
F,1,F1,"Percentages of first-time, first-year degree-seeking students and degree-seeking","[[{0: '', 1: 'First-time, first\ufffe\nyear students', 2: 'Undergraduates'}, {0: 'Percent who are from out of state (exclude\ninternational/nonresidents from the numerator and\ndenominator)', 1: '66%', 2: '64%'}, {0: 'Percent of men who join fraternities', 1: 'n/a', 2: '4%'}, {0: 'Percent of women who join sororities', 1: 'n/a', 2: '10%'}, {0: 'Percent who live in college-owned, -operated, or -\naffiliated housing', 1: '91%', 2: '41%'}, {0: 'Percent who live off campus or commute', 1: '9%', 2: '59%'}, {0: 'Percent of students age 25 and older', 1: '0%', 2: '1%'}, {0: 'Average age of full-time students', 1: '18', 2: '20'}, {0: 'Average age of all students (full- and part-time)', 1: '18', 2: '20'}]]","<table> <tr> <td> </td> <td> First-time, first￾ <br/> year students </td> <td> Undergraduates </td> </tr> <tr> <td> Percent who are from out of state (exclude <br/> international/nonresidents from the numerator and <br/> denominator) </td> <td> 66% </td> <td> 64% </td> </tr> <tr> <td> Percent of men who join fraternities </td> <td> n/a </td> <td> 4% </td> </tr> <tr> <td> Percent of women who join sororities </td> <td> n/a </td> <td> 10% </td> </tr> <tr> <td> Percent who live in college-owned, -operated, or - <br/> affiliated housing </td> <td> 91% </td> <td> 41% </td> </tr> <tr> <td> Percent who live off campus or commute </td> <td> 9% </td> <td> 59% </td> </tr> <tr> <td> Percent of students age 25 and older </td> <td> 0% </td> <td> 1% </td> </tr> <tr> <td> Average age of full-time students </td> <td> 18 </td> <td> 20 </td> </tr> <tr> <td> Average age of all students (full- and part-time) </td> <td> 18 </td> <td> 20 </td> </tr> </table>",239105,../data/cds-docs/2022-2023/239105.pdf,2022-2023
F,3,F3,ROTC (program offered in cooperation with Reserve Officers' Training Corps),"[[{0: '', 1: 'Marine Option\n(for Naval ROTC)', 2: 'On Campus', 3: 'At Cooperating Institution', 4: 'Name of\nCooperating\nInstitution'}, {0: 'Army ROTC is offered:', 1: '', 2: 'X', 3: '', 4: ''}, {0: 'Naval ROTC is offered:', 1: '', 2: 'X', 3: '', 4: ''}, {0: 'Air Force ROTC is offered:', 1: '', 2: 'X', 3: '', 4: ''}]]",<table> <tr> <td> </td> <td> Marine Option <br/> (for Naval ROTC) </td> <td> On Campus </td> <td> At Cooperating Institution </td> <td> Name of <br/> Cooperating <br/> Institution </td> </tr> <tr> <td> Army ROTC is offered: </td> <td> </td> <td> X </td> <td> </td> <td> </td> </tr> <tr> <td> Naval ROTC is offered: </td> <td> </td> <td> X </td> <td> </td> <td> </td> </tr> <tr> <td> Air Force ROTC is offered: </td> <td> </td> <td> X </td> <td> </td> <td> </td> </tr> </table>,239105,../data/cds-docs/2022-2023/239105.pdf,2022-2023
G,1,G1,"Undergraduate full-time tuition, required fees, room and board","[[{0: '', 1: 'First-Year', 2: 'Undergraduates'}, {0: 'PRIVATE INSTITUTIONS', 1: '', 2: ''}, {0: 'Tuition:', 1: '$47,690', 2: '$47,690'}, {0: 'PUBLIC INSTITUTIONS', 1: '', 2: ''}, {0: 'Tuition: In-district', 1: '', 2: ''}, {0: 'Tuition: In-state (out-of-district):', 1: '', 2: ''}, {0: 'Tuition: Out-of-state:', 1: '', 2: ''}, {0: 'Tuition: Non-resident', 1: '', 2: ''}, {0: 'FOR ALL INSTITUTIONS', 1: 'FOR ALL INSTITUTIONS', 2: 'FOR ALL INSTITUTIONS'}, {0: 'Required Fees', 1: '$1,010', 2: '$1,010'}, {0: 'Room and Board (on-campus):', 1: '$15,740', 2: '$15,740'}, {0: 'Room Only (on-campus):', 1: '$10,500', 2: '$10,500'}, {0: 'Board Only (on-campus meal plan):', 1: '$5,240', 2: '$5,240'}]]","<table> <tr> <td> </td> <td> First-Year </td> <td> Undergraduates </td> </tr> <tr> <td> PRIVATE INSTITUTIONS </td> <td> </td> <td> </td> </tr> <tr> <td> Tuition: </td> <td> $47,690 </td> <td> $47,690 </td> </tr> <tr> <td> PUBLIC INSTITUTIONS </td> <td> </td> <td> </td> </tr> <tr> <td> Tuition: In-district </td> <td> </td> <td> </td> </tr> <tr> <td> Tuition: In-state (out-of-district): </td> <td> </td> <td> </td> </tr> <tr> <td> Tuition: Out-of-state: </td> <td> </td> <td> </td> </tr> <tr> <td> Tuition: Non-resident </td> <td> </td> <td> </td> </tr> <tr> <td colspan=""3""> FOR ALL INSTITUTIONS </td> </tr> <tr> <td> Required Fees </td> <td> $1,010 </td> <td> $1,010 </td> </tr> <tr> <td> Room and Board (on-campus): </td> <td> $15,740 </td> <td> $15,740 </td> </tr> <tr> <td> Room Only (on-campus): </td> <td> $10,500 </td> <td> $10,500 </td> </tr> <tr> <td> Board Only (on-campus meal plan): </td> <td> $5,240 </td> <td> $5,240 </td> </tr> </table>",239105,../data/cds-docs/2022-2023/239105.pdf,2022-2023
G,5,G5,Provide the estimated expenses for a typical full-time undergraduate student:,"[[{0: '', 1: 'Residents', 2: 'Commuters', 3: 'Commuters'}, {0: 'Books and supplies:', 1: '$720', 2: '$720', 3: '$720'}, {0: 'Room only:', 1: '', 2: '', 3: '$4,720'}, {0: 'Board only:', 1: '', 2: '$5,240', 3: '$5,240'}, {0: 'Room and board total*', 1: '', 2: '', 3: '$9,960'}, {0: 'Transportation:', 1: '$573', 2: '$3,000', 3: '$573'}, {0: 'Other expenses:', 1: '$2,700', 2: '$2,700', 3: '$2,700'}]]","<table> <tr> <td> </td> <td> Residents </td> <td> Commuters </td> <td> Commuters </td> </tr> <tr> <td> Books and supplies: </td> <td> $720 </td> <td> $720 </td> <td> $720 </td> </tr> <tr> <td> Room only: </td> <td> </td> <td> </td> <td> $4,720 </td> </tr> <tr> <td> Board only: </td> <td> </td> <td> $5,240 </td> <td> $5,240 </td> </tr> <tr> <td> Room and board total* </td> <td> </td> <td> </td> <td> $9,960 </td> </tr> <tr> <td> Transportation: </td> <td> $573 </td> <td> $3,000 </td> <td> $573 </td> </tr> <tr> <td> Other expenses: </td> <td> $2,700 </td> <td> $2,700 </td> <td> $2,700 </td> </tr> </table>",239105,../data/cds-docs/2022-2023/239105.pdf,2022-2023
G,6,G6,Undergraduate per-credit-hour charges (tuition only):,"[[{0: 'PRIVATE INSTITUTIONS:', 1: '$1,180.00'}, {0: 'PUBLIC INSTITUTIONS:', 1: ''}, {0: 'In-district:', 1: ''}, {0: 'In-state (out-of-district):', 1: ''}, {0: 'Out-of-state:', 1: ''}, {0: 'NONRESIDENTS:', 1: ''}]]","<table> <tr> <td> PRIVATE INSTITUTIONS: </td> <td> $1,180.00 </td> </tr> <tr> <td> PUBLIC INSTITUTIONS: </td> <td> </td> </tr> <tr> <td> In-district: </td> <td> </td> </tr> <tr> <td> In-state (out-of-district): </td> <td> </td> </tr> <tr> <td> Out-of-state: </td> <td> </td> </tr> <tr> <td> NONRESIDENTS: </td> <td> </td> </tr> </table>",239105,../data/cds-docs/2022-2023/239105.pdf,2022-2023
H,2,H2,Number of Enrolled Students Awarded Aid: List the number of degree-seeking full-time and less-than-,"[[{0: '', 1: '', 2: 'Full-time\nFirst-time\nFirst-year', 3: 'Full-time\nUndergrad\n(Incl. Fresh)', 4: 'Less Full-time Than\nUndergrad'}, {0: 'A', 1: 'Number of degree-seeking undergraduate students\n(CDS Item B1 if reporting on Fall 2022 cohort)', 2: '1976', 3: '7162', 4: '128'}, {0: 'B', 1: 'Number of students in line a who applied for need-based\nfinancial aid', 2: '1694', 3: '5413', 4: '52'}, {0: 'C', 1: 'Number of students in line b who were determined to\nhave financial need', 2: '1208', 3: '4186', 4: '42'}, {0: 'D', 1: 'Number of students in line c who were awarded any\nfinancial aid', 2: '1208', 3: '4183', 4: '40'}, {0: 'E', 1: 'Number of students in line d who were awarded any\nneed-based scholarship or grant aid', 2: '1197', 3: '4114', 4: '38'}, {0: 'F', 1: 'Number of students in line d who were awarded any\nneed-based self-help aid', 2: '756', 3: '2976', 4: '22'}, {0: 'G', 1: 'Number of students in line d who were awarded any non\ufffe\nneed-based scholarship or grant aid', 2: '318', 3: '709', 4: '2'}, {0: 'H', 1: 'Number of students in line d whose need was fully met\n(exclude PLUS loans, unsubsidized loans, and private\nalternative loans)', 2: '451', 3: '1368', 4: '5'}, {0: 'I', 1: 'On average, the percentage of need that was met of\nstudents who were awarded any need-based aid.\nExclude any aid that was awarded in excess of need as\nwell as any resources that were awarded to replace EFC', 2: '85.30%', 3: '83.50%', 4: '57.40%'}], [{0: '', 1: '', 2: 'Full-time\nFirst-time\nFirst-year', 3: 'Full-time\nUndergrad\n(Incl. Fresh.)', 4: 'Less Full-time Than\nUndergrad'}, {0: 'N', 1: 'Number of students in line a who had no financial need\nand who were awarded institutional non-need-based\nscholarship or grant aid (exclude those who were\nawarded athletic awards and tuition benefits)', 2: '751', 3: '2800', 4: '33'}, {0: 'O', 1: 'Average dollar amount of institutional non-need-based\nscholarship and grant aid awarded to students in line n', 2: '$27,209', 3: '$20,078', 4: '$5,917'}, {0: 'P', 1: 'Number of students in line a who were awarded an\ninstitutional non-need-based athletic scholarship or grant', 2: '23', 3: '147', 4: '1'}, {0: 'Q', 1: 'Average dollar amount of institutional non-need-based\nathletic scholarships and grants awarded to students in\nline p', 2: '$29,355', 3: '$28,716', 4: '$7,000'}]]","<table> <tr> <td> </td> <td> </td> <td> Full-time <br/> First-time <br/> First-year </td> <td> Full-time <br/> Undergrad <br/> (Incl. Fresh) </td> <td> Less Full-time Than <br/> Undergrad </td> </tr> <tr> <td> A </td> <td> Number of degree-seeking undergraduate students <br/> (CDS Item B1 if reporting on Fall 2022 cohort) </td> <td> 1976 </td> <td> 7162 </td> <td> 128 </td> </tr> <tr> <td> B </td> <td> Number of students in line a who applied for need-based <br/> financial aid </td> <td> 1694 </td> <td> 5413 </td> <td> 52 </td> </tr> <tr> <td> C </td> <td> Number of students in line b who were determined to <br/> have financial need </td> <td> 1208 </td> <td> 4186 </td> <td> 42 </td> </tr> <tr> <td> D </td> <td> Number of students in line c who were awarded any <br/> financial aid </td> <td> 1208 </td> <td> 4183 </td> <td> 40 </td> </tr> <tr> <td> E </td> <td> Number of students in line d who were awarded any <br/> need-based scholarship or grant aid </td> <td> 1197 </td> <td> 4114 </td> <td> 38 </td> </tr> <tr> <td> F </td> <td> Number of students in line d who were awarded any <br/> need-based self-help aid </td> <td> 756 </td> <td> 2976 </td> <td> 22 </td> </tr> <tr> <td> G </td> <td> Number of students in line d who were awarded any non￾ <br/> need-based scholarship or grant aid </td> <td> 318 </td> <td> 709 </td> <td> 2 </td> </tr> <tr> <td> H </td> <td> Number of students in line d whose need was fully met <br/> (exclude PLUS loans, unsubsidized loans, and private <br/> alternative loans) </td> <td> 451 </td> <td> 1368 </td> <td> 5 </td> </tr> <tr> <td> I </td> <td> On average, the percentage of need that was met of <br/> students who were awarded any need-based aid. <br/> Exclude any aid that was awarded in excess of need as <br/> well as any resources that were awarded to replace EFC </td> <td> 85.30% </td> <td> 83.50% </td> <td> 57.40% </td> </tr> </table><div class=""separator""></div><table> <tr> <td> </td> <td> </td> <td> Full-time <br/> First-time <br/> First-year </td> <td> Full-time <br/> Undergrad <br/> (Incl. Fresh.) </td> <td> Less Full-time Than <br/> Undergrad </td> </tr> <tr> <td> N </td> <td> Number of students in line a who had no financial need <br/> and who were awarded institutional non-need-based <br/> scholarship or grant aid (exclude those who were <br/> awarded athletic awards and tuition benefits) </td> <td> 751 </td> <td> 2800 </td> <td> 33 </td> </tr> <tr> <td> O </td> <td> Average dollar amount of institutional non-need-based <br/> scholarship and grant aid awarded to students in line n </td> <td> $27,209 </td> <td> $20,078 </td> <td> $5,917 </td> </tr> <tr> <td> P </td> <td> Number of students in line a who were awarded an <br/> institutional non-need-based athletic scholarship or grant </td> <td> 23 </td> <td> 147 </td> <td> 1 </td> </tr> <tr> <td> Q </td> <td> Average dollar amount of institutional non-need-based <br/> athletic scholarships and grants awarded to students in <br/> line p </td> <td> $29,355 </td> <td> $28,716 </td> <td> $7,000 </td> </tr> </table>",239105,../data/cds-docs/2022-2023/239105.pdf,2022-2023
H,14,H14,Check off criteria used in awarding institutional aid. Check all that apply.,"[[{0: '', 1: 'Non-Need Based', 2: 'Need-Based'}, {0: 'Academics', 1: 'x', 2: ''}, {0: 'Alumni affiliation', 1: '', 2: ''}, {0: 'Art', 1: '', 2: ''}, {0: 'Athletics', 1: 'x', 2: ''}, {0: 'Job skills', 1: '', 2: ''}]]",<table> <tr> <td> </td> <td> Non-Need Based </td> <td> Need-Based </td> </tr> <tr> <td> Academics </td> <td> x </td> <td> </td> </tr> <tr> <td> Alumni affiliation </td> <td> </td> <td> </td> </tr> <tr> <td> Art </td> <td> </td> <td> </td> </tr> <tr> <td> Athletics </td> <td> x </td> <td> </td> </tr> <tr> <td> Job skills </td> <td> </td> <td> </td> </tr> </table>,239105,../data/cds-docs/2022-2023/239105.pdf,2022-2023
J,1,J1,"Degrees conferred between July 1, 2021 and June 30, 2022","[[{0: 'Category', 1: 'Diploma/Certificates', 2: 'Associate', 3: 'Bachelor’s', 4: 'CIP 2020 Categories\nto Include'}, {0: 'Agriculture', 1: '', 2: '', 3: '', 4: '01'}, {0: 'Natural resources and conservation', 1: '', 2: '', 3: '0.57%', 4: '03'}, {0: 'Architecture', 1: '', 2: '', 3: '', 4: '04'}, {0: 'Area, ethnic, and gender studies', 1: '', 2: '', 3: '0.28%', 4: '05'}, {0: 'Communication/journalism', 1: '', 2: '', 3: '6.11%', 4: '09'}, {0: 'Communication technologies', 1: '', 2: '', 3: '', 4: '10'}, {0: 'Computer and information sciences', 1: '', 2: '', 3: '2.71%', 4: '11'}, {0: 'Personal and culinary services', 1: '', 2: '', 3: '', 4: '12'}, {0: 'Education', 1: '', 2: '', 3: '3.64%', 4: '13'}, {0: 'Engineering', 1: '', 2: '', 3: '10.93%', 4: '14'}, {0: 'Engineering technologies', 1: '', 2: '', 3: '', 4: '15'}, {0: 'Foreign languages, literatures, and linguistics', 1: '', 2: '', 3: '1.26%', 4: '16'}, {0: 'Family and consumer sciences', 1: '', 2: '', 3: '', 4: '19'}, {0: 'Law/legal studies', 1: '', 2: '', 3: '', 4: '22'}, {0: 'English', 1: '', 2: '', 3: '1.17%', 4: '23'}, {0: 'Liberal arts/general studies', 1: '', 2: '', 3: '', 4: '24'}, {0: 'Library science', 1: '', 2: '', 3: '', 4: '25'}, {0: 'Biological/life sciences', 1: '', 2: '', 3: '14.41%', 4: '26'}, {0: 'Mathematics and statistics', 1: '', 2: '', 3: '0.77%', 4: '27'}, {0: 'Military science and military technologies', 1: '', 2: '', 3: '', 4: '28 & 29'}, {0: 'Interdisciplinary studies', 1: '', 2: '', 3: '1.70%', 4: '30'}, {0: 'Parks and recreation', 1: '', 2: '', 3: '', 4: '31'}, {0: 'Philosophy and religious studies', 1: '', 2: '', 3: '0.65%', 4: '38'}, {0: 'Theology and religious vocations', 1: '', 2: '', 3: '0.45%', 4: '39'}, {0: 'Physical sciences', 1: '', 2: '', 3: '0.28%', 4: '40'}, {0: 'Science technologies', 1: '', 2: '', 3: '', 4: '41'}, {0: 'Psychology', 1: '', 2: '', 3: '5.26%', 4: '42'}, {0: 'Homeland Security, law enforcement, firefighting,', 1: '', 2: '', 3: '', 4: '43'}, {0: 'Public administration and social services', 1: '', 2: '', 3: '0.57%', 4: '44'}, {0: 'Social sciences', 1: '', 2: '', 3: '10.53%', 4: '45'}, {0: 'Construction trades', 1: '', 2: '', 3: '', 4: '46'}, {0: 'Mechanic and repair technologies', 1: '', 2: '', 3: '', 4: '47'}, {0: 'Precision production', 1: '', 2: '', 3: '', 4: '48'}, {0: 'Transportation and materials moving', 1: '', 2: '', 3: '', 4: '49'}, {0: 'Visual and performing arts', 1: '', 2: '', 3: '2.02%', 4: '50'}, {0: 'Health professions and related programs', 1: '', 2: '', 3: '9.47%', 4: '51'}, {0: 'Business/marketing', 1: '', 2: '', 3: '25.68%', 4: '52'}, {0: 'History', 1: '', 2: '', 3: '1.54%', 4: '54'}, {0: 'Other', 1: '', 2: '', 3: '', 4: ''}, {0: 'TOTAL (should = 100%)', 1: '0.00%', 2: '0.00%', 3: '100.00%', 4: ''}]]","<table> <tr> <td> Category </td> <td> Diploma/Certificates </td> <td> Associate </td> <td> Bachelor’s </td> <td> CIP 2020 Categories <br/> to Include </td> </tr> <tr> <td> Agriculture </td> <td> </td> <td> </td> <td> </td> <td> 01 </td> </tr> <tr> <td> Natural resources and conservation </td> <td> </td> <td> </td> <td> 0.57% </td> <td> 03 </td> </tr> <tr> <td> Architecture </td> <td> </td> <td> </td> <td> </td> <td> 04 </td> </tr> <tr> <td> Area, ethnic, and gender studies </td> <td> </td> <td> </td> <td> 0.28% </td> <td> 05 </td> </tr> <tr> <td> Communication/journalism </td> <td> </td> <td> </td> <td> 6.11% </td> <td> 09 </td> </tr> <tr> <td> Communication technologies </td> <td> </td> <td> </td> <td> </td> <td> 10 </td> </tr> <tr> <td> Computer and information sciences </td> <td> </td> <td> </td> <td> 2.71% </td> <td> 11 </td> </tr> <tr> <td> Personal and culinary services </td> <td> </td> <td> </td> <td> </td> <td> 12 </td> </tr> <tr> <td> Education </td> <td> </td> <td> </td> <td> 3.64% </td> <td> 13 </td> </tr> <tr> <td> Engineering </td> <td> </td> <td> </td> <td> 10.93% </td> <td> 14 </td> </tr> <tr> <td> Engineering technologies </td> <td> </td> <td> </td> <td> </td> <td> 15 </td> </tr> <tr> <td> Foreign languages, literatures, and linguistics </td> <td> </td> <td> </td> <td> 1.26% </td> <td> 16 </td> </tr> <tr> <td> Family and consumer sciences </td> <td> </td> <td> </td> <td> </td> <td> 19 </td> </tr> <tr> <td> Law/legal studies </td> <td> </td> <td> </td> <td> </td> <td> 22 </td> </tr> <tr> <td> English </td> <td> </td> <td> </td> <td> 1.17% </td> <td> 23 </td> </tr> <tr> <td> Liberal arts/general studies </td> <td> </td> <td> </td> <td> </td> <td> 24 </td> </tr> <tr> <td> Library science </td> <td> </td> <td> </td> <td> </td> <td> 25 </td> </tr> <tr> <td> Biological/life sciences </td> <td> </td> <td> </td> <td> 14.41% </td> <td> 26 </td> </tr> <tr> <td> Mathematics and statistics </td> <td> </td> <td> </td> <td> 0.77% </td> <td> 27 </td> </tr> <tr> <td> Military science and military technologies </td> <td> </td> <td> </td> <td> </td> <td> 28 &amp; 29 </td> </tr> <tr> <td> Interdisciplinary studies </td> <td> </td> <td> </td> <td> 1.70% </td> <td> 30 </td> </tr> <tr> <td> Parks and recreation </td> <td> </td> <td> </td> <td> </td> <td> 31 </td> </tr> <tr> <td> Philosophy and religious studies </td> <td> </td> <td> </td> <td> 0.65% </td> <td> 38 </td> </tr> <tr> <td> Theology and religious vocations </td> <td> </td> <td> </td> <td> 0.45% </td> <td> 39 </td> </tr> <tr> <td> Physical sciences </td> <td> </td> <td> </td> <td> 0.28% </td> <td> 40 </td> </tr> <tr> <td> Science technologies </td> <td> </td> <td> </td> <td> </td> <td> 41 </td> </tr> <tr> <td> Psychology </td> <td> </td> <td> </td> <td> 5.26% </td> <td> 42 </td> </tr> <tr> <td> Homeland Security, law enforcement, firefighting, </td> <td> </td> <td> </td> <td> </td> <td> 43 </td> </tr> <tr> <td> Public administration and social services </td> <td> </td> <td> </td> <td> 0.57% </td> <td> 44 </td> </tr> <tr> <td> Social sciences </td> <td> </td> <td> </td> <td> 10.53% </td> <td> 45 </td> </tr> <tr> <td> Construction trades </td> <td> </td> <td> </td> <td> </td> <td> 46 </td> </tr> <tr> <td> Mechanic and repair technologies </td> <td> </td> <td> </td> <td> </td> <td> 47 </td> </tr> <tr> <td> Precision production </td> <td> </td> <td> </td> <td> </td> <td> 48 </td> </tr> <tr> <td> Transportation and materials moving </td> <td> </td> <td> </td> <td> </td> <td> 49 </td> </tr> <tr> <td> Visual and performing arts </td> <td> </td> <td> </td> <td> 2.02% </td> <td> 50 </td> </tr> <tr> <td> Health professions and related programs </td> <td> </td> <td> </td> <td> 9.47% </td> <td> 51 </td> </tr> <tr> <td> Business/marketing </td> <td> </td> <td> </td> <td> 25.68% </td> <td> 52 </td> </tr> <tr> <td> History </td> <td> </td> <td> </td> <td> 1.54% </td> <td> 54 </td> </tr> <tr> <td> Other </td> <td> </td> <td> </td> <td> </td> <td> </td> </tr> <tr> <td> TOTAL (should = 100%) </td> <td> 0.00% </td> <td> 0.00% </td> <td> 100.00% </td> <td> </td> </tr> </table>",239105,../data/cds-docs/2022-2023/239105.pdf,2022-2023
B,1,B1,Institutional Enrollment - Men and Women,"[[{0: '', 1: 'FULL-TIME', 2: 'FULL-TIME', 3: 'PART-TIME', 4: 'PART-TIME'}, {0: '', 1: 'Men\nWomen', 2: 'Men\nWomen', 3: 'Men\nWomen', 4: 'Men\nWomen'}, {0: 'Undergraduates', 1: 'Undergraduates', 2: 'Undergraduates', 3: 'Undergraduates', 4: 'Undergraduates'}, {0: 'Degree-seeking, first-time\nfreshmen', 1: '695', 2: '958', 3: '2', 4: '2'}, {0: 'Other first-year, degree-seeking', 1: '72', 2: '59', 3: '4', 4: '3'}, {0: 'All other degree-seeking', 1: '2,431', 2: '3,145', 3: '51', 4: '44'}, {0: 'Total degree-seeking', 1: '3,198', 2: '4,162', 3: '57', 4: '49'}, {0: 'All other undergraduates\nenrolled in credit courses', 1: '14', 2: '17', 3: '79', 4: '84'}, {0: 'Total undergraduates', 1: '3,212', 2: '4,179', 3: '136', 4: '133'}, {0: 'Graduate', 1: 'Graduate', 2: 'Graduate', 3: 'Graduate', 4: 'Graduate'}, {0: 'Degree-seeking, first-time', 1: '296', 2: '479', 3: '96', 4: '162'}, {0: 'All other degree-seeking', 1: '703', 2: '1089', 3: '305', 4: '453'}, {0: 'All other graduates enrolled in\ncredit courses', 1: '11', 2: '9', 3: '20', 4: '37'}, {0: 'Total graduate', 1: '1010', 2: '1577', 3: '421', 4: '652'}, {0: 'Total all students', 1: '4,222', 2: '5,756', 3: '557', 4: '785'}]]","<table> <tr> <td rowspan=""2""> </td> <td colspan=""2""> FULL-TIME </td> <td colspan=""2""> PART-TIME </td> </tr> <tr> <td colspan=""2""> Men <br/> Women </td> <td colspan=""2""> Men <br/> Women </td> </tr> <tr> <td colspan=""5""> Undergraduates </td> </tr> <tr> <td> Degree-seeking, first-time <br/> freshmen </td> <td> 695 </td> <td> 958 </td> <td> 2 </td> <td> 2 </td> </tr> <tr> <td> Other first-year, degree-seeking </td> <td> 72 </td> <td> 59 </td> <td> 4 </td> <td> 3 </td> </tr> <tr> <td> All other degree-seeking </td> <td> 2,431 </td> <td> 3,145 </td> <td> 51 </td> <td> 44 </td> </tr> <tr> <td> Total degree-seeking </td> <td> 3,198 </td> <td> 4,162 </td> <td> 57 </td> <td> 49 </td> </tr> <tr> <td> All other undergraduates <br/> enrolled in credit courses </td> <td> 14 </td> <td> 17 </td> <td> 79 </td> <td> 84 </td> </tr> <tr> <td> Total undergraduates </td> <td> 3,212 </td> <td> 4,179 </td> <td> 136 </td> <td> 133 </td> </tr> <tr> <td colspan=""5""> Graduate </td> </tr> <tr> <td> Degree-seeking, first-time </td> <td> 296 </td> <td> 479 </td> <td> 96 </td> <td> 162 </td> </tr> <tr> <td> All other degree-seeking </td> <td> 703 </td> <td> 1089 </td> <td> 305 </td> <td> 453 </td> </tr> <tr> <td> All other graduates enrolled in <br/> credit courses </td> <td> 11 </td> <td> 9 </td> <td> 20 </td> <td> 37 </td> </tr> <tr> <td> Total graduate </td> <td> 1010 </td> <td> 1577 </td> <td> 421 </td> <td> 652 </td> </tr> <tr> <td> Total all students </td> <td> 4,222 </td> <td> 5,756 </td> <td> 557 </td> <td> 785 </td> </tr> </table>",239105,../data/cds-docs/2021-2022/239105.pdf,2021-2022
B,2,B2,Enrollment by Racial/Ethnic Category.,"[[{0: '', 1: 'Degree-Seeking\nFirst-Time\nFirst Year', 2: 'Degree-Seeking\nUndergraduates\n(include first-time\nfirst-year)', 3: 'Total\nUndergraduates\n(both degree- and\nnon-degree-seeking)'}, {0: 'Nonresident aliens', 1: '14', 2: '117', 3: '149'}, {0: 'Hispanic/Latino', 1: '291', 2: '1,162', 3: '1,170'}, {0: 'Black or African American, non-Hispanic', 1: '102', 2: '323', 3: '332'}, {0: 'White, non-Hispanic', 1: '1,069', 2: '5,084', 3: '5,212'}, {0: 'American Indian or Alaska Native, non-Hispanic', 1: '2', 2: '13', 3: '13'}, {0: 'Asian, non-Hispanic', 1: '104', 2: '457', 3: '467'}, {0: 'Native Hawaiian or other Pacific Islander, non\ufffe\nHispanic', 1: '2', 2: '12', 3: '13'}, {0: 'Two or more races, non-Hispanic', 1: '55', 2: '222', 3: '225'}, {0: 'Race and/or ethnicity unknown', 1: '18', 2: '76', 3: '79'}, {0: 'TOTAL', 1: '1,657', 2: '7,466', 3: '7,660'}]]","<table> <tr> <td> </td> <td> Degree-Seeking <br/> First-Time <br/> First Year </td> <td> Degree-Seeking <br/> Undergraduates <br/> (include first-time <br/> first-year) </td> <td> Total <br/> Undergraduates <br/> (both degree- and <br/> non-degree-seeking) </td> </tr> <tr> <td> Nonresident aliens </td> <td> 14 </td> <td> 117 </td> <td> 149 </td> </tr> <tr> <td> Hispanic/Latino </td> <td> 291 </td> <td> 1,162 </td> <td> 1,170 </td> </tr> <tr> <td> Black or African American, non-Hispanic </td> <td> 102 </td> <td> 323 </td> <td> 332 </td> </tr> <tr> <td> White, non-Hispanic </td> <td> 1,069 </td> <td> 5,084 </td> <td> 5,212 </td> </tr> <tr> <td> American Indian or Alaska Native, non-Hispanic </td> <td> 2 </td> <td> 13 </td> <td> 13 </td> </tr> <tr> <td> Asian, non-Hispanic </td> <td> 104 </td> <td> 457 </td> <td> 467 </td> </tr> <tr> <td> Native Hawaiian or other Pacific Islander, non￾ <br/> Hispanic </td> <td> 2 </td> <td> 12 </td> <td> 13 </td> </tr> <tr> <td> Two or more races, non-Hispanic </td> <td> 55 </td> <td> 222 </td> <td> 225 </td> </tr> <tr> <td> Race and/or ethnicity unknown </td> <td> 18 </td> <td> 76 </td> <td> 79 </td> </tr> <tr> <td> TOTAL </td> <td> 1,657 </td> <td> 7,466 </td> <td> 7,660 </td> </tr> </table>",239105,../data/cds-docs/2021-2022/239105.pdf,2021-2022
B,4,B4,-B21: Graduation Rates,"[[{0: '', 1: 'Recipients of a\nFederal Pell\nGrant', 2: 'Recipients of a\nSubsidized\nStafford Loan who\ndid not receive a\nPell Grant', 3: 'Students who did\nnot receive either a\nPell Grant or a\nsubsidized Stafford\nLoan', 4: 'Total\n(sum of 3 columns to\nthe left)'}, {0: ""Initial 2015 cohort of first-time, full\ufffe\ntime, bachelor's (or equivalent)\ndegree-seeking undergraduate\nstudents"", 1: '328', 2: '492', 3: '1052', 4: '1872'}, {0: 'Of the initial 2015 cohort, how many\ndid not persist and did not graduate\nfor the following reasons:\n• Deceased\n• Permanently Disabled\n• Armed Forces\n• Foreign Aid Service of the Federal\nGovernment\n• Official church missions\n• Report Total Allowable Exclusions', 1: '0', 2: '0', 3: '1', 4: '1'}, {0: 'Final 2015 cohort, after adjusting for\nallowable exclusions', 1: '328', 2: '492', 3: '1051', 4: '1871'}, {0: 'Of the initial 2015 cohort, how many\ncompleted the program in four years\nor less (by Aug. 31, 2019)', 1: '182', 2: '352', 3: '673', 4: '1207'}, {0: 'Of the initial 2015 cohort, how many\ncompleted the program in more than\nfour years but in five years or less\n(after Aug. 31, 2019 and by Aug. 31,\n2020)', 1: '56', 2: '71', 3: '172', 4: '299'}, {0: 'Of the initial 2015 cohort, how many\ncompleted the program in more than\nfive years but in six years or less\n(after Aug. 31, 2020 and by Aug. 31,\n2021)', 1: '2', 2: '1', 3: '14', 4: '17'}, {0: 'Total graduating within six years (sum\nof lines D, E, and F)', 1: '240', 2: '424', 3: '859', 4: '1523'}, {0: 'Six-year graduation rate for 2015\ncohort (G divided by C)', 1: '0.731707317', 2: '0.861788618', 3: '0.817316841', 4: '0.814003207'}]]","<table> <tr> <td> </td> <td> Recipients of a <br/> Federal Pell <br/> Grant </td> <td> Recipients of a <br/> Subsidized <br/> Stafford Loan who <br/> did not receive a <br/> Pell Grant </td> <td> Students who did <br/> not receive either a <br/> Pell Grant or a <br/> subsidized Stafford <br/> Loan </td> <td> Total <br/> (sum of 3 columns to <br/> the left) </td> </tr> <tr> <td> Initial 2015 cohort of first-time, full￾ <br/> time, bachelor's (or equivalent) <br/> degree-seeking undergraduate <br/> students </td> <td> 328 </td> <td> 492 </td> <td> 1052 </td> <td> 1872 </td> </tr> <tr> <td> Of the initial 2015 cohort, how many <br/> did not persist and did not graduate <br/> for the following reasons: <br/> • Deceased <br/> • Permanently Disabled <br/> • Armed Forces <br/> • Foreign Aid Service of the Federal <br/> Government <br/> • Official church missions <br/> • Report Total Allowable Exclusions </td> <td> 0 </td> <td> 0 </td> <td> 1 </td> <td> 1 </td> </tr> <tr> <td> Final 2015 cohort, after adjusting for <br/> allowable exclusions </td> <td> 328 </td> <td> 492 </td> <td> 1051 </td> <td> 1871 </td> </tr> <tr> <td> Of the initial 2015 cohort, how many <br/> completed the program in four years <br/> or less (by Aug. 31, 2019) </td> <td> 182 </td> <td> 352 </td> <td> 673 </td> <td> 1207 </td> </tr> <tr> <td> Of the initial 2015 cohort, how many <br/> completed the program in more than <br/> four years but in five years or less <br/> (after Aug. 31, 2019 and by Aug. 31, <br/> 2020) </td> <td> 56 </td> <td> 71 </td> <td> 172 </td> <td> 299 </td> </tr> <tr> <td> Of the initial 2015 cohort, how many <br/> completed the program in more than <br/> five years but in six years or less <br/> (after Aug. 31, 2020 and by Aug. 31, <br/> 2021) </td> <td> 2 </td> <td> 1 </td> <td> 14 </td> <td> 17 </td> </tr> <tr> <td> Total graduating within six years (sum <br/> of lines D, E, and F) </td> <td> 240 </td> <td> 424 </td> <td> 859 </td> <td> 1523 </td> </tr> <tr> <td> Six-year graduation rate for 2015 <br/> cohort (G divided by C) </td> <td> 0.731707317 </td> <td> 0.861788618 </td> <td> 0.817316841 </td> <td> 0.814003207 </td> </tr> </table>",239105,../data/cds-docs/2021-2022/239105.pdf,2021-2022
C,1,C1,"First-time, first-year (freshman) students: Provide the number of degree-seeking, first-time, first-year","[[{0: 'Total first-time, first-year', 1: 'Total first-time, first-year', 2: '(freshman)', 3: 'men who applied', 4: '7095'}, {0: 'Total first-time, first-year', 1: '', 2: '(freshman)', 3: 'women who applied', 4: '9175'}], [{0: 'Total first-time, first-year', 1: '(freshman)', 2: 'men who were admitted', 3: '6007'}, {0: 'Total first-time, first-year', 1: '(freshman)', 2: 'women who were admitted', 3: '8027'}], [{0: 'Total full-time, first-time, first-year (freshman) men who enrolled', 1: '695'}, {0: 'Total part-time, first-time, first-year (freshman) men who enrolled', 1: '2'}], [{0: 'Total full-time, first-time, first-year (freshman) women who enrolled', 1: '958'}, {0: 'Total part-time, first-time, first-year (freshman) women who enrolled', 1: '2'}], [{0: 'Total first-time, first-year (degree-seeking) who applied', 1: 'Total first-time, first-year (degree-seeking) who applied', 2: 'Total first-time, first-year (degree-seeking) who applied', 3: '16270'}, {0: 'Total first-time, first-year (degree-seeking) who were admitted', 1: 'Total first-time, first-year (degree-seeking) who were admitted', 2: 'Total first-time, first-year (degree-seeking) who were admitted', 3: '14034'}, {0: 'Total first-time, first-year', 1: '(degree-seeking)', 2: 'who enrolled', 3: '1657'}]]","<table> <tr> <td colspan=""2""> Total first-time, first-year </td> <td> (freshman) </td> <td> men who applied </td> <td> 7095 </td> </tr> <tr> <td> Total first-time, first-year </td> <td> </td> <td> (freshman) </td> <td> women who applied </td> <td> 9175 </td> </tr> </table><div class=""separator""></div><table> <tr> <td> Total first-time, first-year </td> <td> (freshman) </td> <td> men who were admitted </td> <td> 6007 </td> </tr> <tr> <td> Total first-time, first-year </td> <td> (freshman) </td> <td> women who were admitted </td> <td> 8027 </td> </tr> </table><div class=""separator""></div><table> <tr> <td> Total full-time, first-time, first-year (freshman) men who enrolled </td> <td> 695 </td> </tr> <tr> <td> Total part-time, first-time, first-year (freshman) men who enrolled </td> <td> 2 </td> </tr> </table><div class=""separator""></div><table> <tr> <td> Total full-time, first-time, first-year (freshman) women who enrolled </td> <td> 958 </td> </tr> <tr> <td> Total part-time, first-time, first-year (freshman) women who enrolled </td> <td> 2 </td> </tr> </table><div class=""separator""></div><table> <tr> <td colspan=""3""> Total first-time, first-year (degree-seeking) who applied </td> <td> 16270 </td> </tr> <tr> <td colspan=""3""> Total first-time, first-year (degree-seeking) who were admitted </td> <td> 14034 </td> </tr> <tr> <td> Total first-time, first-year </td> <td> (degree-seeking) </td> <td> who enrolled </td> <td> 1657 </td> </tr> </table>",239105,../data/cds-docs/2021-2022/239105.pdf,2021-2022
C,2,C2,Freshman wait-listed students,"[[{0: 'WAITING LIST', 1: 'TOTAL'}, {0: 'Number of qualified applicants offered a place on waiting list:', 1: '567'}, {0: 'Number accepting a place on the waiting list:', 1: '567'}, {0: 'Number of wait-listed students admitted:', 1: '108'}]]",<table> <tr> <td> WAITING LIST </td> <td> TOTAL </td> </tr> <tr> <td> Number of qualified applicants offered a place on waiting list: </td> <td> 567 </td> </tr> <tr> <td> Number accepting a place on the waiting list: </td> <td> 567 </td> </tr> <tr> <td> Number of wait-listed students admitted: </td> <td> 108 </td> </tr> </table>,239105,../data/cds-docs/2021-2022/239105.pdf,2021-2022
C,5,C5,Distribution of high school units required and/or recommended. Specify the distribution of academic,"[[{0: '', 1: 'Units\nRequired', 2: 'Units\nRecommended'}, {0: 'Total academic units', 1: '16', 2: '20'}, {0: 'English', 1: '4', 2: '4'}, {0: 'Mathematics', 1: '2 to 4', 2: '2 to 4'}, {0: 'Science', 1: '2 to 4', 2: '2 to 4'}]]",<table> <tr> <td> </td> <td> Units <br/> Required </td> <td> Units <br/> Recommended </td> </tr> <tr> <td> Total academic units </td> <td> 16 </td> <td> 20 </td> </tr> <tr> <td> English </td> <td> 4 </td> <td> 4 </td> </tr> <tr> <td> Mathematics </td> <td> 2 to 4 </td> <td> 2 to 4 </td> </tr> <tr> <td> Science </td> <td> 2 to 4 </td> <td> 2 to 4 </td> </tr> </table>,239105,../data/cds-docs/2021-2022/239105.pdf,2021-2022
C,7,C7,"Relative importance of each of the following academic and nonacademic factors in your first-time,","[[{0: 'Very Important Important Considered Not Considered', 1: 'Very Important Important Considered Not Considered', 2: 'Very Important Important Considered Not Considered', 3: 'Very Important Important Considered Not Considered', 4: 'Very Important Important Considered Not Considered'}, {0: 'Academic', 1: 'Academic', 2: 'Academic', 3: 'Academic', 4: 'Academic'}, {0: 'Rigor of secondary school record', 1: 'x', 2: '', 3: '', 4: ''}, {0: 'Class rank', 1: '', 2: '', 3: 'x', 4: ''}, {0: 'Academic GPA', 1: 'x', 2: '', 3: '', 4: ''}, {0: 'Standardized test scores', 1: '', 2: 'x', 3: '', 4: ''}, {0: 'Application Essay', 1: '', 2: 'x', 3: '', 4: ''}, {0: 'Recommendation(s)', 1: '', 2: '', 3: 'x', 4: ''}, {0: 'Nonacademic', 1: 'Nonacademic', 2: 'Nonacademic', 3: 'Nonacademic', 4: 'Nonacademic'}, {0: 'Interview', 1: '', 2: '', 3: 'x', 4: ''}, {0: 'Extracurricular activities', 1: '', 2: 'x', 3: '', 4: ''}, {0: 'Talent/ability', 1: '', 2: '', 3: 'x', 4: ''}, {0: 'Character/personal qualities', 1: '', 2: '', 3: 'x', 4: ''}, {0: 'First generation', 1: '', 2: '', 3: 'x', 4: ''}, {0: 'Alumni/ae relation', 1: '', 2: '', 3: 'x', 4: ''}, {0: 'Geographical residence', 1: '', 2: '', 3: '', 4: 'x'}, {0: 'State residency', 1: '', 2: '', 3: '', 4: 'x'}, {0: 'Religious affiliation/commitment', 1: '', 2: '', 3: '', 4: 'x'}, {0: 'Racial/ethnic status', 1: '', 2: '', 3: 'x', 4: ''}, {0: 'Volunteer work', 1: '', 2: 'x', 3: '', 4: ''}, {0: 'Work experience', 1: '', 2: '', 3: 'x', 4: ''}, {0: 'Level of applicant’s interest', 1: '', 2: '', 3: 'x', 4: ''}]]","<table> <tr> <td colspan=""5""> Very Important Important Considered Not Considered </td> </tr> <tr> <td colspan=""5""> Academic </td> </tr> <tr> <td> Rigor of secondary school record </td> <td> x </td> <td> </td> <td> </td> <td> </td> </tr> <tr> <td> Class rank </td> <td> </td> <td> </td> <td> x </td> <td> </td> </tr> <tr> <td> Academic GPA </td> <td> x </td> <td> </td> <td> </td> <td> </td> </tr> <tr> <td> Standardized test scores </td> <td> </td> <td> x </td> <td> </td> <td> </td> </tr> <tr> <td> Application Essay </td> <td> </td> <td> x </td> <td> </td> <td> </td> </tr> <tr> <td> Recommendation(s) </td> <td> </td> <td> </td> <td> x </td> <td> </td> </tr> <tr> <td colspan=""5""> Nonacademic </td> </tr> <tr> <td> Interview </td> <td> </td> <td> </td> <td> x </td> <td> </td> </tr> <tr> <td> Extracurricular activities </td> <td> </td> <td> x </td> <td> </td> <td> </td> </tr> <tr> <td> Talent/ability </td> <td> </td> <td> </td> <td> x </td> <td> </td> </tr> <tr> <td> Character/personal qualities </td> <td> </td> <td> </td> <td> x </td> <td> </td> </tr> <tr> <td> First generation </td> <td> </td> <td> </td> <td> x </td> <td> </td> </tr> <tr> <td> Alumni/ae relation </td> <td> </td> <td> </td> <td> x </td> <td> </td> </tr> <tr> <td> Geographical residence </td> <td> </td> <td> </td> <td> </td> <td> x </td> </tr> <tr> <td> State residency </td> <td> </td> <td> </td> <td> </td> <td> x </td> </tr> <tr> <td> Religious affiliation/commitment </td> <td> </td> <td> </td> <td> </td> <td> x </td> </tr> <tr> <td> Racial/ethnic status </td> <td> </td> <td> </td> <td> x </td> <td> </td> </tr> <tr> <td> Volunteer work </td> <td> </td> <td> x </td> <td> </td> <td> </td> </tr> <tr> <td> Work experience </td> <td> </td> <td> </td> <td> x </td> <td> </td> </tr> <tr> <td> Level of applicant’s interest </td> <td> </td> <td> </td> <td> x </td> <td> </td> </tr> </table>",239105,../data/cds-docs/2021-2022/239105.pdf,2021-2022
C,8,C8,"A If yes, place check marks in the appropriate boxes below to reflect your institution’s policies for use in","[[{0: '', 1: 'ADMISSION', 2: 'ADMISSION', 3: 'ADMISSION', 4: 'ADMISSION', 5: 'ADMISSION'}, {0: '', 1: 'Require', 2: 'Recommend', 3: 'Require for Some', 4: 'Consider if\nSubmitted', 5: 'Not Used'}, {0: 'SAT or ACT', 1: '', 2: '', 3: '', 4: 'x', 5: ''}, {0: 'ACT Only', 1: '', 2: '', 3: '', 4: '', 5: ''}, {0: 'SAT Only', 1: '', 2: '', 3: '', 4: '', 5: ''}, {0: 'SAT and SAT Subject Tests or', 1: '', 2: '', 3: '', 4: '', 5: ''}, {0: 'SAT Subject Tests', 1: '', 2: '', 3: '', 4: '', 5: ''}]]","<table> <tr> <td rowspan=""2""> </td> <td colspan=""5""> ADMISSION </td> </tr> <tr> <td> Require </td> <td> Recommend </td> <td> Require for Some </td> <td> Consider if <br/> Submitted </td> <td> Not Used </td> </tr> <tr> <td> SAT or ACT </td> <td> </td> <td> </td> <td> </td> <td> x </td> <td> </td> </tr> <tr> <td> ACT Only </td> <td> </td> <td> </td> <td> </td> <td> </td> <td> </td> </tr> <tr> <td> SAT Only </td> <td> </td> <td> </td> <td> </td> <td> </td> <td> </td> </tr> <tr> <td> SAT and SAT Subject Tests or </td> <td> </td> <td> </td> <td> </td> <td> </td> <td> </td> </tr> <tr> <td> SAT Subject Tests </td> <td> </td> <td> </td> <td> </td> <td> </td> <td> </td> </tr> </table>",239105,../data/cds-docs/2021-2022/239105.pdf,2021-2022
C,9,C9,"Percent and number of first-time, first-year (freshman) students enrolled in Fall 2021 who submitted","[[{0: '13%', 1: '209'}, {0: '37%', 1: '620'}]]",<table> <tr> <td> 13% </td> <td> 209 </td> </tr> <tr> <td> 37% </td> <td> 620 </td> </tr> </table>,239105,../data/cds-docs/2021-2022/239105.pdf,2021-2022
C,10,C10,"Percent of all degree-seeking, first-time, first-year (freshman) students who had high school class","[[{0: 'Assessment', 1: 'Percent'}, {0: 'Percent in top tenth of high school graduating class', 1: '34%'}, {0: 'Percent in top quarter of high school graduating class', 1: '67%'}, {0: 'Percent in top half of high school graduating class', 1: '93%'}, {0: 'Percent in bottom half of high school graduating class', 1: '7%'}, {0: 'Percent in bottom quarter of high school graduating class', 1: '0%'}, {0: 'Percent of total first-time, first-year (freshmen) students who submitted', 1: '24%'}]]","<table> <tr> <td> Assessment </td> <td> Percent </td> </tr> <tr> <td> Percent in top tenth of high school graduating class </td> <td> 34% </td> </tr> <tr> <td> Percent in top quarter of high school graduating class </td> <td> 67% </td> </tr> <tr> <td> Percent in top half of high school graduating class </td> <td> 93% </td> </tr> <tr> <td> Percent in bottom half of high school graduating class </td> <td> 7% </td> </tr> <tr> <td> Percent in bottom quarter of high school graduating class </td> <td> 0% </td> </tr> <tr> <td> Percent of total first-time, first-year (freshmen) students who submitted </td> <td> 24% </td> </tr> </table>",239105,../data/cds-docs/2021-2022/239105.pdf,2021-2022
C,11,C11,"Percentage of all enrolled, degree-seeking, first-time, first-year (freshman) students who had high","[[{0: 'Score Range', 1: 'Percent'}, {0: 'Percent who had GPA of 4.0', 1: '6.7%'}, {0: 'Percent who had GPA between 3.75 and 3.99', 1: '28.1%'}, {0: 'Percent who had GPA between 3.50 and 3.74', 1: '25.5%'}, {0: 'Percent who had GPA between 3.25 and 3.49', 1: '22.0%'}, {0: 'Percent who had GPA between 3.00 and 3.24', 1: '11.8%'}, {0: 'Percent who had GPA between 2.50 and 2.99', 1: '5.4%'}, {0: 'Percent who had GPA between 2.0 and 2.49', 1: '0.5%'}, {0: 'Percent who had GPA between 1.0 and 1.99', 1: '0.0%'}, {0: 'Percent who had GPA below 1.0', 1: '0.0%'}, {0: 'Totals should = 100%', 1: '100.0%'}]]",<table> <tr> <td> Score Range </td> <td> Percent </td> </tr> <tr> <td> Percent who had GPA of 4.0 </td> <td> 6.7% </td> </tr> <tr> <td> Percent who had GPA between 3.75 and 3.99 </td> <td> 28.1% </td> </tr> <tr> <td> Percent who had GPA between 3.50 and 3.74 </td> <td> 25.5% </td> </tr> <tr> <td> Percent who had GPA between 3.25 and 3.49 </td> <td> 22.0% </td> </tr> <tr> <td> Percent who had GPA between 3.00 and 3.24 </td> <td> 11.8% </td> </tr> <tr> <td> Percent who had GPA between 2.50 and 2.99 </td> <td> 5.4% </td> </tr> <tr> <td> Percent who had GPA between 2.0 and 2.49 </td> <td> 0.5% </td> </tr> <tr> <td> Percent who had GPA between 1.0 and 1.99 </td> <td> 0.0% </td> </tr> <tr> <td> Percent who had GPA below 1.0 </td> <td> 0.0% </td> </tr> <tr> <td> Totals should = 100% </td> <td> 100.0% </td> </tr> </table>,239105,../data/cds-docs/2021-2022/239105.pdf,2021-2022
C,14,C14,Application closing date,"[[{0: '', 1: 'Date'}, {0: 'Application closing date (fall)', 1: '12/1'}, {0: 'Priority Date', 1: '12/1'}]]",<table> <tr> <td> </td> <td> Date </td> </tr> <tr> <td> Application closing date (fall) </td> <td> 12/1 </td> </tr> <tr> <td> Priority Date </td> <td> 12/1 </td> </tr> </table>,239105,../data/cds-docs/2021-2022/239105.pdf,2021-2022
D,2,D2,"Provide the number of students who applied, were admitted, and enrolled as degree-seeking transfer students in","[[{0: '', 1: 'Applicants', 2: 'Admitted\nApplicants', 3: 'Enrolled\nApplicants'}, {0: 'Men', 1: '266', 2: '198', 3: '76'}, {0: 'Women', 1: '243', 2: '188', 3: '62'}, {0: 'Total', 1: '509', 2: '386', 3: '138'}]]",<table> <tr> <td> </td> <td> Applicants </td> <td> Admitted <br/> Applicants </td> <td> Enrolled <br/> Applicants </td> </tr> <tr> <td> Men </td> <td> 266 </td> <td> 198 </td> <td> 76 </td> </tr> <tr> <td> Women </td> <td> 243 </td> <td> 188 </td> <td> 62 </td> </tr> <tr> <td> Total </td> <td> 509 </td> <td> 386 </td> <td> 138 </td> </tr> </table>,239105,../data/cds-docs/2021-2022/239105.pdf,2021-2022
D,5,D5,Indicate all items required of transfer students to apply for admission:,"[[{0: '', 1: 'Required of All', 2: 'Recommended\nof All', 3: 'Recommended\nof Some', 4: 'Required of Some', 5: 'Not Required'}, {0: 'High school transcript', 1: 'x', 2: '', 3: '', 4: '', 5: ''}, {0: 'College transcript(s)', 1: 'x', 2: '', 3: '', 4: '', 5: ''}, {0: 'Essay or personal\nstatement', 1: 'x', 2: '', 3: '', 4: '', 5: ''}, {0: 'Interview', 1: '', 2: '', 3: '', 4: '', 5: 'x'}, {0: 'Standardized test scores', 1: '', 2: '', 3: '', 4: '', 5: 'x'}, {0: 'Statement of good standing\nfrom prior institution(s)', 1: '', 2: '', 3: '', 4: '', 5: 'x'}]]",<table> <tr> <td> </td> <td> Required of All </td> <td> Recommended <br/> of All </td> <td> Recommended <br/> of Some </td> <td> Required of Some </td> <td> Not Required </td> </tr> <tr> <td> High school transcript </td> <td> x </td> <td> </td> <td> </td> <td> </td> <td> </td> </tr> <tr> <td> College transcript(s) </td> <td> x </td> <td> </td> <td> </td> <td> </td> <td> </td> </tr> <tr> <td> Essay or personal <br/> statement </td> <td> x </td> <td> </td> <td> </td> <td> </td> <td> </td> </tr> <tr> <td> Interview </td> <td> </td> <td> </td> <td> </td> <td> </td> <td> x </td> </tr> <tr> <td> Standardized test scores </td> <td> </td> <td> </td> <td> </td> <td> </td> <td> x </td> </tr> <tr> <td> Statement of good standing <br/> from prior institution(s) </td> <td> </td> <td> </td> <td> </td> <td> </td> <td> x </td> </tr> </table>,239105,../data/cds-docs/2021-2022/239105.pdf,2021-2022
D,9,D9,"List application priority, closing, notification, and candidate reply dates for transfer students. If applications are","[[{0: '', 1: 'Priority Date', 2: 'Closing Date', 3: 'Notification Date', 4: 'Reply Date', 5: 'Rolling\nAdmission'}, {0: 'Fall', 1: '7/1', 2: '7/1', 3: 'rolling', 4: '8/1', 5: 'x'}, {0: 'Winter', 1: '', 2: '', 3: '', 4: '', 5: ''}, {0: 'Spring', 1: '12/1', 2: '12/1', 3: 'rolling', 4: '1/1', 5: 'x'}, {0: 'Summer', 1: '', 2: '', 3: '', 4: '', 5: ''}]]",<table> <tr> <td> </td> <td> Priority Date </td> <td> Closing Date </td> <td> Notification Date </td> <td> Reply Date </td> <td> Rolling <br/> Admission </td> </tr> <tr> <td> Fall </td> <td> 7/1 </td> <td> 7/1 </td> <td> rolling </td> <td> 8/1 </td> <td> x </td> </tr> <tr> <td> Winter </td> <td> </td> <td> </td> <td> </td> <td> </td> <td> </td> </tr> <tr> <td> Spring </td> <td> 12/1 </td> <td> 12/1 </td> <td> rolling </td> <td> 1/1 </td> <td> x </td> </tr> <tr> <td> Summer </td> <td> </td> <td> </td> <td> </td> <td> </td> <td> </td> </tr> </table>,239105,../data/cds-docs/2021-2022/239105.pdf,2021-2022
F,1,F1,"Percentages of first-time, first-year (freshman) degree-seeking students and degree-","[[{0: '', 1: 'First-time, first\ufffe\nyear (freshman)\nstudents', 2: 'Undergraduates'}, {0: 'Percent who are from out of state (exclude\ninternational/nonresident aliens from the numerator\nand denominator)', 1: '63%', 2: '65%'}, {0: 'Percent of men who join fraternities', 1: 'Forthcoming', 2: '3%'}, {0: 'Percent of women who join sororities', 1: 'Forthcoming', 2: '9%'}, {0: 'Percent who live in college-owned, -operated, or -\naffiliated housing', 1: '88%', 2: '41%'}, {0: 'Percent who live off campus or commute', 1: '12%', 2: '59%'}, {0: 'Percent of students age 25 and older', 1: '0%', 2: '1%'}, {0: 'Average age of full-time students', 1: '18', 2: '20'}, {0: 'Average age of all students (full- and part-time)', 1: '18', 2: '20'}]]","<table> <tr> <td> </td> <td> First-time, first￾ <br/> year (freshman) <br/> students </td> <td> Undergraduates </td> </tr> <tr> <td> Percent who are from out of state (exclude <br/> international/nonresident aliens from the numerator <br/> and denominator) </td> <td> 63% </td> <td> 65% </td> </tr> <tr> <td> Percent of men who join fraternities </td> <td> Forthcoming </td> <td> 3% </td> </tr> <tr> <td> Percent of women who join sororities </td> <td> Forthcoming </td> <td> 9% </td> </tr> <tr> <td> Percent who live in college-owned, -operated, or - <br/> affiliated housing </td> <td> 88% </td> <td> 41% </td> </tr> <tr> <td> Percent who live off campus or commute </td> <td> 12% </td> <td> 59% </td> </tr> <tr> <td> Percent of students age 25 and older </td> <td> 0% </td> <td> 1% </td> </tr> <tr> <td> Average age of full-time students </td> <td> 18 </td> <td> 20 </td> </tr> <tr> <td> Average age of all students (full- and part-time) </td> <td> 18 </td> <td> 20 </td> </tr> </table>",239105,../data/cds-docs/2021-2022/239105.pdf,2021-2022
F,3,F3,ROTC (program offered in cooperation with Reserve Officers' Training Corps),"[[{0: '', 1: 'On Campus', 2: 'At Cooperating\nInstitution', 3: 'Name of Cooperating\nInstitution'}, {0: 'Army ROTC is offered:', 1: 'X', 2: '', 3: ''}, {0: 'Naval ROTC is offered:', 1: 'X', 2: '', 3: ''}, {0: 'Air Force ROTC is offered:', 1: 'X', 2: '', 3: ''}]]",<table> <tr> <td> </td> <td> On Campus </td> <td> At Cooperating <br/> Institution </td> <td> Name of Cooperating <br/> Institution </td> </tr> <tr> <td> Army ROTC is offered: </td> <td> X </td> <td> </td> <td> </td> </tr> <tr> <td> Naval ROTC is offered: </td> <td> X </td> <td> </td> <td> </td> </tr> <tr> <td> Air Force ROTC is offered: </td> <td> X </td> <td> </td> <td> </td> </tr> </table>,239105,../data/cds-docs/2021-2022/239105.pdf,2021-2022
G,1,G1,"Undergraduate full-time tuition, required fees, room and board","[[{0: '', 1: 'First-Year', 2: 'Undergraduates'}, {0: 'PRIVATE INSTITUTIONS', 1: '', 2: ''}, {0: 'Tuition:', 1: '$45,860', 2: '$45,860'}, {0: 'PUBLIC INSTITUTIONS', 1: '', 2: ''}, {0: 'Tuition: In-district', 1: '', 2: ''}, {0: 'Tuition: In-state (out-of-district):', 1: '', 2: ''}, {0: 'Tuition: Out-of-state:', 1: '', 2: ''}, {0: 'Tuition: Non-resident alien', 1: '', 2: ''}, {0: 'FOR ALL INSTITUTIONS', 1: 'FOR ALL INSTITUTIONS', 2: 'FOR ALL INSTITUTIONS'}, {0: 'Required Fees', 1: '$810', 2: '$810'}, {0: 'Room and Board (on-campus):', 1: '$14,636', 2: '$14,636'}, {0: 'Room Only (on-campus):', 1: '$9,606', 2: '$9,606'}, {0: 'Board Only (on-campus meal plan):', 1: '$5,030', 2: '$5,030'}]]","<table> <tr> <td> </td> <td> First-Year </td> <td> Undergraduates </td> </tr> <tr> <td> PRIVATE INSTITUTIONS </td> <td> </td> <td> </td> </tr> <tr> <td> Tuition: </td> <td> $45,860 </td> <td> $45,860 </td> </tr> <tr> <td> PUBLIC INSTITUTIONS </td> <td> </td> <td> </td> </tr> <tr> <td> Tuition: In-district </td> <td> </td> <td> </td> </tr> <tr> <td> Tuition: In-state (out-of-district): </td> <td> </td> <td> </td> </tr> <tr> <td> Tuition: Out-of-state: </td> <td> </td> <td> </td> </tr> <tr> <td> Tuition: Non-resident alien </td> <td> </td> <td> </td> </tr> <tr> <td colspan=""3""> FOR ALL INSTITUTIONS </td> </tr> <tr> <td> Required Fees </td> <td> $810 </td> <td> $810 </td> </tr> <tr> <td> Room and Board (on-campus): </td> <td> $14,636 </td> <td> $14,636 </td> </tr> <tr> <td> Room Only (on-campus): </td> <td> $9,606 </td> <td> $9,606 </td> </tr> <tr> <td> Board Only (on-campus meal plan): </td> <td> $5,030 </td> <td> $5,030 </td> </tr> </table>",239105,../data/cds-docs/2021-2022/239105.pdf,2021-2022
H,2,H2,A Number of Enrolled Students Awarded Non-need-based Scholarships and Grants: List the number of,"[[{0: '', 1: '', 2: 'First-time\nFull-time\nFreshmen', 3: 'Full-time\nUndergrad\n(Incl. Fresh.)', 4: 'Less Than\nFull-time\nUndergrad'}, {0: 'N', 1: 'Number of students in line a who had no financial need\nand who were awarded institutional non-need-based\nscholarship or grant aid (exclude those who were\nawarded athletic awards and tuition benefits)', 2: '566', 3: '2772', 4: '34'}, {0: 'O', 1: 'Average dollar amount of institutional non-need-based\nscholarship and grant aid awarded to students in line n', 2: '$ 19,611', 3: '$ 16,564', 4: '$ 6,829'}, {0: 'P', 1: 'Number of students in line a who were awarded an\ninstitutional non-need-based athletic scholarship or grant', 2: '30', 3: '173', 4: '1'}, {0: 'Q', 1: 'Average dollar amount of institutional non-need-based\nathletic scholarships and grants awarded to students in\nline p', 2: '$ 24,735', 3: '$ 24,952', 4: '$ 12,000'}]]","<table> <tr> <td> </td> <td> </td> <td> First-time <br/> Full-time <br/> Freshmen </td> <td> Full-time <br/> Undergrad <br/> (Incl. Fresh.) </td> <td> Less Than <br/> Full-time <br/> Undergrad </td> </tr> <tr> <td> N </td> <td> Number of students in line a who had no financial need <br/> and who were awarded institutional non-need-based <br/> scholarship or grant aid (exclude those who were <br/> awarded athletic awards and tuition benefits) </td> <td> 566 </td> <td> 2772 </td> <td> 34 </td> </tr> <tr> <td> O </td> <td> Average dollar amount of institutional non-need-based <br/> scholarship and grant aid awarded to students in line n </td> <td> $ 19,611 </td> <td> $ 16,564 </td> <td> $ 6,829 </td> </tr> <tr> <td> P </td> <td> Number of students in line a who were awarded an <br/> institutional non-need-based athletic scholarship or grant </td> <td> 30 </td> <td> 173 </td> <td> 1 </td> </tr> <tr> <td> Q </td> <td> Average dollar amount of institutional non-need-based <br/> athletic scholarships and grants awarded to students in <br/> line p </td> <td> $ 24,735 </td> <td> $ 24,952 </td> <td> $ 12,000 </td> </tr> </table>",239105,../data/cds-docs/2021-2022/239105.pdf,2021-2022
H,14,H14,Check off criteria used in awarding institutional aid. Check all that apply.,"[[{0: '', 1: 'Non-Need Based', 2: 'Need-Based'}, {0: 'Academics', 1: 'X', 2: ''}, {0: 'Alumni affiliation', 1: '', 2: ''}, {0: 'Art', 1: '', 2: ''}, {0: 'Athletics', 1: 'X', 2: ''}, {0: 'Job skills', 1: '', 2: ''}, {0: 'ROTC', 1: 'X', 2: ''}, {0: 'Leadership', 1: 'X', 2: ''}, {0: 'Minority status', 1: '', 2: 'X'}, {0: 'Music/drama', 1: 'X', 2: ''}, {0: 'Religious affiliation', 1: '', 2: ''}, {0: 'State/district residency', 1: '', 2: 'X'}]]",<table> <tr> <td> </td> <td> Non-Need Based </td> <td> Need-Based </td> </tr> <tr> <td> Academics </td> <td> X </td> <td> </td> </tr> <tr> <td> Alumni affiliation </td> <td> </td> <td> </td> </tr> <tr> <td> Art </td> <td> </td> <td> </td> </tr> <tr> <td> Athletics </td> <td> X </td> <td> </td> </tr> <tr> <td> Job skills </td> <td> </td> <td> </td> </tr> <tr> <td> ROTC </td> <td> X </td> <td> </td> </tr> <tr> <td> Leadership </td> <td> X </td> <td> </td> </tr> <tr> <td> Minority status </td> <td> </td> <td> X </td> </tr> <tr> <td> Music/drama </td> <td> X </td> <td> </td> </tr> <tr> <td> Religious affiliation </td> <td> </td> <td> </td> </tr> <tr> <td> State/district residency </td> <td> </td> <td> X </td> </tr> </table>,239105,../data/cds-docs/2021-2022/239105.pdf,2021-2022
J,1,J1,"Degrees conferred between July 1, 2020 and June 30, 2021","[[{0: 'Category', 1: 'Diploma/Certificates', 2: 'Associate', 3: 'Bachelor’s', 4: 'CIP 2020 Categories\nto Include'}, {0: 'Agriculture', 1: '', 2: '', 3: '', 4: '01'}, {0: 'Natural resources and conservation', 1: '', 2: '', 3: '0.34%', 4: '03'}, {0: 'Architecture', 1: '', 2: '', 3: '', 4: '04'}, {0: 'Area, ethnic, and gender studies', 1: '', 2: '', 3: '0.21%', 4: '05'}, {0: 'Communication/journalism', 1: '', 2: '', 3: '6.62%', 4: '09'}, {0: 'Communication technologies', 1: '', 2: '', 3: '', 4: '10'}, {0: 'Computer and information sciences', 1: '', 2: '', 3: '4.23%', 4: '11'}, {0: 'Personal and culinary services', 1: '', 2: '', 3: '', 4: '12'}, {0: 'Education', 1: '', 2: '', 3: '3.06%', 4: '13'}, {0: 'Engineering', 1: '', 2: '', 3: '11.40%', 4: '14'}, {0: 'Engineering technologies', 1: '', 2: '', 3: '', 4: '15'}, {0: 'Foreign languages, literatures, and linguistics', 1: '', 2: '', 3: '1.22%', 4: '16'}, {0: 'Family and consumer sciences', 1: '', 2: '', 3: '', 4: '19'}, {0: 'Law/legal studies', 1: '', 2: '', 3: '', 4: '22'}, {0: 'English', 1: '', 2: '', 3: '1.17%', 4: '23'}, {0: 'Liberal arts/general studies', 1: '', 2: '', 3: '', 4: '24'}, {0: 'Library science', 1: '', 2: '', 3: '', 4: '25'}, {0: 'Biological/life sciences', 1: '', 2: '', 3: '14.04%', 4: '26'}, {0: 'Mathematics and statistics', 1: '', 2: '', 3: '0.75%', 4: '27'}, {0: 'Military science and military technologies', 1: '', 2: '', 3: '', 4: '28 & 29'}, {0: 'Interdisciplinary studies', 1: '', 2: '', 3: '1.63%', 4: '30'}, {0: 'Parks and recreation', 1: '', 2: '', 3: '', 4: '31'}, {0: 'Philosophy and religious studies', 1: '', 2: '', 3: '0.71%', 4: '38'}, {0: 'Theology and religious vocations', 1: '', 2: '', 3: '0.29%', 4: '39'}, {0: 'Physical sciences', 1: '', 2: '', 3: '0.38%', 4: '40'}, {0: 'Science technologies', 1: '', 2: '', 3: '', 4: '41'}, {0: 'Psychology', 1: '', 2: '', 3: '4.57%', 4: '42'}, {0: 'Homeland Security, law enforcement, firefighting,\nand protective services', 1: '', 2: '', 3: '', 4: '43'}, {0: 'Public administration and social services', 1: '', 2: '', 3: '1.26%', 4: '44'}, {0: 'Social sciences', 1: '', 2: '', 3: '10.98%', 4: '45'}, {0: 'Construction trades', 1: '', 2: '', 3: '', 4: '46'}, {0: 'Mechanic and repair technologies', 1: '', 2: '', 3: '', 4: '47'}, {0: 'Precision production', 1: '', 2: '', 3: '', 4: '48'}, {0: 'Transportation and materials moving', 1: '', 2: '', 3: '', 4: '49'}, {0: 'Visual and performing arts', 1: '', 2: '', 3: '1.51%', 4: '50'}, {0: 'Health professions and related programs', 1: '', 2: '', 3: '6.75%', 4: '51'}, {0: 'Business/marketing', 1: '', 2: '', 3: '27.50%', 4: '52'}, {0: 'History', 1: '', 2: '', 3: '1.38%', 4: '54'}, {0: 'Other', 1: '', 2: '', 3: '', 4: ''}, {0: 'TOTAL (should = 100%)', 1: '0.00%', 2: '0.00%', 3: '100.00%', 4: ''}]]","<table> <tr> <td> Category </td> <td> Diploma/Certificates </td> <td> Associate </td> <td> Bachelor’s </td> <td> CIP 2020 Categories <br/> to Include </td> </tr> <tr> <td> Agriculture </td> <td> </td> <td> </td> <td> </td> <td> 01 </td> </tr> <tr> <td> Natural resources and conservation </td> <td> </td> <td> </td> <td> 0.34% </td> <td> 03 </td> </tr> <tr> <td> Architecture </td> <td> </td> <td> </td> <td> </td> <td> 04 </td> </tr> <tr> <td> Area, ethnic, and gender studies </td> <td> </td> <td> </td> <td> 0.21% </td> <td> 05 </td> </tr> <tr> <td> Communication/journalism </td> <td> </td> <td> </td> <td> 6.62% </td> <td> 09 </td> </tr> <tr> <td> Communication technologies </td> <td> </td> <td> </td> <td> </td> <td> 10 </td> </tr> <tr> <td> Computer and information sciences </td> <td> </td> <td> </td> <td> 4.23% </td> <td> 11 </td> </tr> <tr> <td> Personal and culinary services </td> <td> </td> <td> </td> <td> </td> <td> 12 </td> </tr> <tr> <td> Education </td> <td> </td> <td> </td> <td> 3.06% </td> <td> 13 </td> </tr> <tr> <td> Engineering </td> <td> </td> <td> </td> <td> 11.40% </td> <td> 14 </td> </tr> <tr> <td> Engineering technologies </td> <td> </td> <td> </td> <td> </td> <td> 15 </td> </tr> <tr> <td> Foreign languages, literatures, and linguistics </td> <td> </td> <td> </td> <td> 1.22% </td> <td> 16 </td> </tr> <tr> <td> Family and consumer sciences </td> <td> </td> <td> </td> <td> </td> <td> 19 </td> </tr> <tr> <td> Law/legal studies </td> <td> </td> <td> </td> <td> </td> <td> 22 </td> </tr> <tr> <td> English </td> <td> </td> <td> </td> <td> 1.17% </td> <td> 23 </td> </tr> <tr> <td> Liberal arts/general studies </td> <td> </td> <td> </td> <td> </td> <td> 24 </td> </tr> <tr> <td> Library science </td> <td> </td> <td> </td> <td> </td> <td> 25 </td> </tr> <tr> <td> Biological/life sciences </td> <td> </td> <td> </td> <td> 14.04% </td> <td> 26 </td> </tr> <tr> <td> Mathematics and statistics </td> <td> </td> <td> </td> <td> 0.75% </td> <td> 27 </td> </tr> <tr> <td> Military science and military technologies </td> <td> </td> <td> </td> <td> </td> <td> 28 &amp; 29 </td> </tr> <tr> <td> Interdisciplinary studies </td> <td> </td> <td> </td> <td> 1.63% </td> <td> 30 </td> </tr> <tr> <td> Parks and recreation </td> <td> </td> <td> </td> <td> </td> <td> 31 </td> </tr> <tr> <td> Philosophy and religious studies </td> <td> </td> <td> </td> <td> 0.71% </td> <td> 38 </td> </tr> <tr> <td> Theology and religious vocations </td> <td> </td> <td> </td> <td> 0.29% </td> <td> 39 </td> </tr> <tr> <td> Physical sciences </td> <td> </td> <td> </td> <td> 0.38% </td> <td> 40 </td> </tr> <tr> <td> Science technologies </td> <td> </td> <td> </td> <td> </td> <td> 41 </td> </tr> <tr> <td> Psychology </td> <td> </td> <td> </td> <td> 4.57% </td> <td> 42 </td> </tr> <tr> <td> Homeland Security, law enforcement, firefighting, <br/> and protective services </td> <td> </td> <td> </td> <td> </td> <td> 43 </td> </tr> <tr> <td> Public administration and social services </td> <td> </td> <td> </td> <td> 1.26% </td> <td> 44 </td> </tr> <tr> <td> Social sciences </td> <td> </td> <td> </td> <td> 10.98% </td> <td> 45 </td> </tr> <tr> <td> Construction trades </td> <td> </td> <td> </td> <td> </td> <td> 46 </td> </tr> <tr> <td> Mechanic and repair technologies </td> <td> </td> <td> </td> <td> </td> <td> 47 </td> </tr> <tr> <td> Precision production </td> <td> </td> <td> </td> <td> </td> <td> 48 </td> </tr> <tr> <td> Transportation and materials moving </td> <td> </td> <td> </td> <td> </td> <td> 49 </td> </tr> <tr> <td> Visual and performing arts </td> <td> </td> <td> </td> <td> 1.51% </td> <td> 50 </td> </tr> <tr> <td> Health professions and related programs </td> <td> </td> <td> </td> <td> 6.75% </td> <td> 51 </td> </tr> <tr> <td> Business/marketing </td> <td> </td> <td> </td> <td> 27.50% </td> <td> 52 </td> </tr> <tr> <td> History </td> <td> </td> <td> </td> <td> 1.38% </td> <td> 54 </td> </tr> <tr> <td> Other </td> <td> </td> <td> </td> <td> </td> <td> </td> </tr> <tr> <td> TOTAL (should = 100%) </td> <td> 0.00% </td> <td> 0.00% </td> <td> 100.00% </td> <td> </td> </tr> </table>",239105,../data/cds-docs/2021-2022/239105.pdf,2021-2022
