"Institution","unitid","2021","2022","2023","2024","2025"
"<a href=""https://declanrjb.github.io/cds-engine/?unitid=100663"">University of Alabama at Birmingham (AL)</a>","100663","https://public.flourish.studio/uploads/1447708/01af279a-7cff-47af-99f0-1b12cb044687.svg","https://public.flourish.studio/uploads/1447708/01af279a-7cff-47af-99f0-1b12cb044687.svg","https://public.flourish.studio/uploads/1447708/01af279a-7cff-47af-99f0-1b12cb044687.svg","https://public.flourish.studio/uploads/1447708/01af279a-7cff-47af-99f0-1b12cb044687.svg","https://public.flourish.studio/uploads/1447708/28c69406-d4a3-44a0-b2d9-1e6f4212b28a.svg"
"<a href=""https://declanrjb.github.io/cds-engine/?unitid=100706"">University of Alabama in Huntsville (AL)</a>","100706","https://public.flourish.studio/uploads/1447708/28c69406-d4a3-44a0-b2d9-1e6f4212b28a.svg","https://public.flourish.studio/uploads/1447708/01af279a-7cff-47af-99f0-1b12cb044687.svg","https://public.flourish.studio/uploads/1447708/28c69406-d4a3-44a0-b2d9-1e6f4212b28a.svg","https://public.flourish.studio/uploads/1447708/28c69406-d4a3-44a0-b2d9-1e6f4212b28a.svg","https://public.flourish.studio/uploads/1447708/01af279a-7cff-47af-99f0-1b12cb044687.svg"
"<a href=""https://declanrjb.github.io/cds-engine/?unitid=100724"">Alabama State University (AL)</a>","100724","https://public.flourish.studio/uploads/1447708/01af279a-7cff-47af-99f0-1b12cb044687.svg","https://public.flourish.studio/uploads/1447708/28c69406-d4a3-44a0-b2d9-1e6f4212b28a.svg","https://public.flourish.studio/uploads/1447708/28c69406-d4a3-44a0-b2d9-1e6f4212b28a.svg","https://public.flourish.studio/uploads/1447708/28c69406-d4a3-44a0-b2d9-1e6f4212b28a.svg","https://public.flourish.studio/uploads/1447708/28c69406-d4a3-44a0-b2d9-1e6f4212b28a.svg"
"<a href=""https://declanrjb.github.io/cds-engine/?unitid=100751"">The University of Alabama (AL)</a>","100751","https://public.flourish.studio/uploads/1447708/01af279a-7cff-47af-99f0-1b12cb044687.svg","https://public.flourish.studio/uploads/1447708/28c69406-d4a3-44a0-b2d9-1e6f4212b28a.svg","https://public.flourish.studio/uploads/1447708/28c69406-d4a3-44a0-b2d9-1e6f4212b28a.svg","https://public.flourish.studio/uploads/1447708/28c69406-d4a3-44a0-b2d9-1e6f4212b28a.svg","https://public.flourish.studio/uploads/1447708/28c69406-d4a3-44a0-b2d9-1e6f4212b28a.svg"
"<a href=""https://declanrjb.github.io/cds-engine/?unitid=100830"">Auburn University at Montgomery (AL)</a>","100830","https://public.flourish.studio/uploads/1447708/01af279a-7cff-47af-99f0-1b12cb044687.svg","https://public.flourish.studio/uploads/1447708/28c69406-d4a3-44a0-b2d9-1e6f4212b28a.svg","https://public.flourish.studio/uploads/1447708/28c69406-d4a3-44a0-b2d9-1e6f4212b28a.svg","https://public.flourish.studio/uploads/1447708/01af279a-7cff-47af-99f0-1b12cb044687.svg","https://public.flourish.studio/uploads/1447708/28c69406-d4a3-44a0-b2d9-1e6f4212b28a.svg"
"<a href=""https://declanrjb.github.io/cds-engine/?unitid=100858"">Auburn University (AL)</a>","100858","https://public.flourish.studio/uploads/1447708/28c69406-d4a3-44a0-b2d9-1e6f4212b28a.svg","https://public.flourish.studio/uploads/1447708/28c69406-d4a3-44a0-b2d9-1e6f4212b28a.svg","https://public.flourish.studio/uploads/1447708/28c69406-d4a3-44a0-b2d9-1e6f4212b28a.svg","https://public.flourish.studio/uploads/1447708/01af279a-7cff-47af-99f0-1b12cb044687.svg","https://public.flourish.studio/uploads/1447708/28c69406-d4a3-44a0-b2d9-1e6f4212b28a.svg"
"<a href=""https://declanrjb.github.io/cds-engine/?unitid=101480"">Jacksonville State University (AL)</a>","101480","https://public.flourish.studio/uploads/1447708/01af279a-7cff-47af-99f0-1b12cb044687.svg","https://public.flourish.studio/uploads/1447708/01af279a-7cff-47af-99f0-1b12cb044687.svg","https://public.flourish.studio/uploads/1447708/28c69406-d4a3-44a0-b2d9-1e6f4212b28a.svg","https://public.flourish.studio/uploads/1447708/28c69406-d4a3-44a0-b2d9-1e6f4212b28a.svg","https://public.flourish.studio/uploads/1447708/28c69406-d4a3-44a0-b2d9-1e6f4212b28a.svg"
"<a href=""https://declanrjb.github.io/cds-engine/?unitid=101709"">University of Montevallo (AL)</a>","101709","https://public.flourish.studio/uploads/1447708/28c69406-d4a3-44a0-b2d9-1e6f4212b28a.svg","https://public.flourish.studio/uploads/1447708/28c69406-d4a3-44a0-b2d9-1e6f4212b28a.svg","https://public.flourish.studio/uploads/1447708/01af279a-7cff-47af-99f0-1b12cb044687.svg","https://public.flourish.studio/uploads/1447708/28c69406-d4a3-44a0-b2d9-1e6f4212b28a.svg","https://public.flourish.studio/uploads/1447708/28c69406-d4a3-44a0-b2d9-1e6f4212b28a.svg"
"<a href=""https://declanrjb.github.io/cds-engine/?unitid=101879"">University of North Alabama (AL)</a>","101879","https://public.flourish.studio/uploads/1447708/28c69406-d4a3-44a0-b2d9-1e6f4212b28a.svg","https://public.flourish.studio/uploads/1447708/01af279a-7cff-47af-99f0-1b12cb044687.svg","https://public.flourish.studio/uploads/1447708/28c69406-d4a3-44a0-b2d9-1e6f4212b28a.svg","https://public.flourish.studio/uploads/1447708/28c69406-d4a3-44a0-b2d9-1e6f4212b28a.svg","https://public.flourish.studio/uploads/1447708/28c69406-d4a3-44a0-b2d9-1e6f4212b28a.svg"
"<a href=""https://declanrjb.github.io/cds-engine/?unitid=102049"">Samford University (AL)</a>","102049","https://public.flourish.studio/uploads/1447708/01af279a-7cff-47af-99f0-1b12cb044687.svg","https://public.flourish.studio/uploads/1447708/01af279a-7cff-47af-99f0-1b12cb044687.svg","https://public.flourish.studio/uploads/1447708/28c69406-d4a3-44a0-b2d9-1e6f4212b28a.svg","https://public.flourish.studio/uploads/1447708/01af279a-7cff-47af-99f0-1b12cb044687.svg","https://public.flourish.studio/uploads/1447708/28c69406-d4a3-44a0-b2d9-1e6f4212b28a.svg"
"<a href=""https://declanrjb.github.io/cds-engine/?unitid=102094"">University of South Alabama (AL)</a>","102094","https://public.flourish.studio/uploads/1447708/01af279a-7cff-47af-99f0-1b12cb044687.svg","https://public.flourish.studio/uploads/1447708/01af279a-7cff-47af-99f0-1b12cb044687.svg","https://public.flourish.studio/uploads/1447708/01af279a-7cff-47af-99f0-1b12cb044687.svg","https://public.flourish.studio/uploads/1447708/01af279a-7cff-47af-99f0-1b12cb044687.svg","https://public.flourish.studio/uploads/1447708/01af279a-7cff-47af-99f0-1b12cb044687.svg"
"<a href=""https://declanrjb.github.io/cds-engine/?unitid=102368"">Troy University (AL)</a>","102368","https://public.flourish.studio/uploads/1447708/01af279a-7cff-47af-99f0-1b12cb044687.svg","https://public.flourish.studio/uploads/1447708/01af279a-7cff-47af-99f0-1b12cb044687.svg","https://public.flourish.studio/uploads/1447708/01af279a-7cff-47af-99f0-1b12cb044687.svg","https://public.flourish.studio/uploads/1447708/01af279a-7cff-47af-99f0-1b12cb044687.svg","https://public.flourish.studio/uploads/1447708/28c69406-d4a3-44a0-b2d9-1e6f4212b28a.svg"
"<a href=""https://declanrjb.github.io/cds-engine/?unitid=102614"">University of Alaska Fairbanks (AK)</a>","102614","https://public.flourish.studio/uploads/1447708/01af279a-7cff-47af-99f0-1b12cb044687.svg","https://public.flourish.studio/uploads/1447708/01af279a-7cff-47af-99f0-1b12cb044687.svg","https://public.flourish.studio/uploads/1447708/01af279a-7cff-47af-99f0-1b12cb044687.svg","https://public.flourish.studio/uploads/1447708/01af279a-7cff-47af-99f0-1b12cb044687.svg","https://public.flourish.studio/uploads/1447708/01af279a-7cff-47af-99f0-1b12cb044687.svg"
"<a href=""https://declanrjb.github.io/cds-engine/?unitid=104151"">Arizona State University Campus Immersi...</a>","104151","https://public.flourish.studio/uploads/1447708/28c69406-d4a3-44a0-b2d9-1e6f4212b28a.svg","https://public.flourish.studio/uploads/1447708/01af279a-7cff-47af-99f0-1b12cb044687.svg","https://public.flourish.studio/uploads/1447708/28c69406-d4a3-44a0-b2d9-1e6f4212b28a.svg","https://public.flourish.studio/uploads/1447708/01af279a-7cff-47af-99f0-1b12cb044687.svg","https://public.flourish.studio/uploads/1447708/01af279a-7cff-47af-99f0-1b12cb044687.svg"
"<a href=""https://declanrjb.github.io/cds-engine/?unitid=104179"">University of Arizona (AZ)</a>","104179","https://public.flourish.studio/uploads/1447708/01af279a-7cff-47af-99f0-1b12cb044687.svg","https://public.flourish.studio/uploads/1447708/01af279a-7cff-47af-99f0-1b12cb044687.svg","https://public.flourish.studio/uploads/1447708/01af279a-7cff-47af-99f0-1b12cb044687.svg","https://public.flourish.studio/uploads/1447708/01af279a-7cff-47af-99f0-1b12cb044687.svg","https://public.flourish.studio/uploads/1447708/28c69406-d4a3-44a0-b2d9-1e6f4212b28a.svg"
"<a href=""https://declanrjb.github.io/cds-engine/?unitid=105330"">Northern Arizona University (AZ)</a>","105330","https://public.flourish.studio/uploads/1447708/01af279a-7cff-47af-99f0-1b12cb044687.svg","https://public.flourish.studio/uploads/1447708/01af279a-7cff-47af-99f0-1b12cb044687.svg","https://public.flourish.studio/uploads/1447708/01af279a-7cff-47af-99f0-1b12cb044687.svg","https://public.flourish.studio/uploads/1447708/01af279a-7cff-47af-99f0-1b12cb044687.svg","https://public.flourish.studio/uploads/1447708/28c69406-d4a3-44a0-b2d9-1e6f4212b28a.svg"
"<a href=""https://declanrjb.github.io/cds-engine/?unitid=106397"">University of Arkansas (AR)</a>","106397","https://public.flourish.studio/uploads/1447708/01af279a-7cff-47af-99f0-1b12cb044687.svg","https://public.flourish.studio/uploads/1447708/01af279a-7cff-47af-99f0-1b12cb044687.svg","https://public.flourish.studio/uploads/1447708/28c69406-d4a3-44a0-b2d9-1e6f4212b28a.svg","https://public.flourish.studio/uploads/1447708/01af279a-7cff-47af-99f0-1b12cb044687.svg","https://public.flourish.studio/uploads/1447708/28c69406-d4a3-44a0-b2d9-1e6f4212b28a.svg"
"<a href=""https://declanrjb.github.io/cds-engine/?unitid=106458"">Arkansas State University (AR)</a>","106458","https://public.flourish.studio/uploads/1447708/01af279a-7cff-47af-99f0-1b12cb044687.svg","https://public.flourish.studio/uploads/1447708/01af279a-7cff-47af-99f0-1b12cb044687.svg","https://public.flourish.studio/uploads/1447708/01af279a-7cff-47af-99f0-1b12cb044687.svg","https://public.flourish.studio/uploads/1447708/28c69406-d4a3-44a0-b2d9-1e6f4212b28a.svg","https://public.flourish.studio/uploads/1447708/01af279a-7cff-47af-99f0-1b12cb044687.svg"
"<a href=""https://declanrjb.github.io/cds-engine/?unitid=106467"">Arkansas Tech University (AR)</a>","106467","https://public.flourish.studio/uploads/1447708/28c69406-d4a3-44a0-b2d9-1e6f4212b28a.svg","https://public.flourish.studio/uploads/1447708/01af279a-7cff-47af-99f0-1b12cb044687.svg","https://public.flourish.studio/uploads/1447708/01af279a-7cff-47af-99f0-1b12cb044687.svg","https://public.flourish.studio/uploads/1447708/01af279a-7cff-47af-99f0-1b12cb044687.svg","https://public.flourish.studio/uploads/1447708/01af279a-7cff-47af-99f0-1b12cb044687.svg"
"<a href=""https://declanrjb.github.io/cds-engine/?unitid=107080"">Hendrix College (AR)</a>","107080","https://public.flourish.studio/uploads/1447708/01af279a-7cff-47af-99f0-1b12cb044687.svg","https://public.flourish.studio/uploads/1447708/01af279a-7cff-47af-99f0-1b12cb044687.svg","https://public.flourish.studio/uploads/1447708/28c69406-d4a3-44a0-b2d9-1e6f4212b28a.svg","https://public.flourish.studio/uploads/1447708/28c69406-d4a3-44a0-b2d9-1e6f4212b28a.svg","https://public.flourish.studio/uploads/1447708/28c69406-d4a3-44a0-b2d9-1e6f4212b28a.svg"
"<a href=""https://declanrjb.github.io/cds-engine/?unitid=107558"">University of the Ozarks (AR)</a>","107558","https://public.flourish.studio/uploads/1447708/28c69406-d4a3-44a0-b2d9-1e6f4212b28a.svg","https://public.flourish.studio/uploads/1447708/01af279a-7cff-47af-99f0-1b12cb044687.svg","https://public.flourish.studio/uploads/1447708/28c69406-d4a3-44a0-b2d9-1e6f4212b28a.svg","https://public.flourish.studio/uploads/1447708/28c69406-d4a3-44a0-b2d9-1e6f4212b28a.svg","https://public.flourish.studio/uploads/1447708/01af279a-7cff-47af-99f0-1b12cb044687.svg"
"<a href=""https://declanrjb.github.io/cds-engine/?unitid=109651"">Art Center College of Design (CA)</a>","109651","https://public.flourish.studio/uploads/1447708/28c69406-d4a3-44a0-b2d9-1e6f4212b28a.svg","https://public.flourish.studio/uploads/1447708/28c69406-d4a3-44a0-b2d9-1e6f4212b28a.svg","https://public.flourish.studio/uploads/1447708/28c69406-d4a3-44a0-b2d9-1e6f4212b28a.svg","https://public.flourish.studio/uploads/1447708/28c69406-d4a3-44a0-b2d9-1e6f4212b28a.svg","https://public.flourish.studio/uploads/1447708/01af279a-7cff-47af-99f0-1b12cb044687.svg"
"<a href=""https://declanrjb.github.io/cds-engine/?unitid=110404"">California Institute of Technology (CA)</a>","110404","https://public.flourish.studio/uploads/1447708/28c69406-d4a3-44a0-b2d9-1e6f4212b28a.svg","https://public.flourish.studio/uploads/1447708/28c69406-d4a3-44a0-b2d9-1e6f4212b28a.svg","https://public.flourish.studio/uploads/1447708/28c69406-d4a3-44a0-b2d9-1e6f4212b28a.svg","https://public.flourish.studio/uploads/1447708/01af279a-7cff-47af-99f0-1b12cb044687.svg","https://public.flourish.studio/uploads/1447708/01af279a-7cff-47af-99f0-1b12cb044687.svg"
"<a href=""https://declanrjb.github.io/cds-engine/?unitid=110413"">California Lutheran University (CA)</a>","110413","https://public.flourish.studio/uploads/1447708/28c69406-d4a3-44a0-b2d9-1e6f4212b28a.svg","https://public.flourish.studio/uploads/1447708/01af279a-7cff-47af-99f0-1b12cb044687.svg","https://public.flourish.studio/uploads/1447708/01af279a-7cff-47af-99f0-1b12cb044687.svg","https://public.flourish.studio/uploads/1447708/01af279a-7cff-47af-99f0-1b12cb044687.svg","https://public.flourish.studio/uploads/1447708/28c69406-d4a3-44a0-b2d9-1e6f4212b28a.svg"
"<a href=""https://declanrjb.github.io/cds-engine/?unitid=110422"">California Polytechnic State University...</a>","110422","https://public.flourish.studio/uploads/1447708/01af279a-7cff-47af-99f0-1b12cb044687.svg","https://public.flourish.studio/uploads/1447708/01af279a-7cff-47af-99f0-1b12cb044687.svg","https://public.flourish.studio/uploads/1447708/01af279a-7cff-47af-99f0-1b12cb044687.svg","https://public.flourish.studio/uploads/1447708/01af279a-7cff-47af-99f0-1b12cb044687.svg","https://public.flourish.studio/uploads/1447708/01af279a-7cff-47af-99f0-1b12cb044687.svg"
"<a href=""https://declanrjb.github.io/cds-engine/?unitid=110510"">California State University-San Bernard...</a>","110510","https://public.flourish.studio/uploads/1447708/01af279a-7cff-47af-99f0-1b12cb044687.svg","https://public.flourish.studio/uploads/1447708/01af279a-7cff-47af-99f0-1b12cb044687.svg","https://public.flourish.studio/uploads/1447708/01af279a-7cff-47af-99f0-1b12cb044687.svg","https://public.flourish.studio/uploads/1447708/01af279a-7cff-47af-99f0-1b12cb044687.svg","https://public.flourish.studio/uploads/1447708/01af279a-7cff-47af-99f0-1b12cb044687.svg"
"<a href=""https://declanrjb.github.io/cds-engine/?unitid=110529"">California State Polytechnic University...</a>","110529","https://public.flourish.studio/uploads/1447708/01af279a-7cff-47af-99f0-1b12cb044687.svg","https://public.flourish.studio/uploads/1447708/01af279a-7cff-47af-99f0-1b12cb044687.svg","https://public.flourish.studio/uploads/1447708/01af279a-7cff-47af-99f0-1b12cb044687.svg","https://public.flourish.studio/uploads/1447708/01af279a-7cff-47af-99f0-1b12cb044687.svg","https://public.flourish.studio/uploads/1447708/01af279a-7cff-47af-99f0-1b12cb044687.svg"
"<a href=""https://declanrjb.github.io/cds-engine/?unitid=110538"">California State University-Chico (CA)</a>","110538","https://public.flourish.studio/uploads/1447708/28c69406-d4a3-44a0-b2d9-1e6f4212b28a.svg","https://public.flourish.studio/uploads/1447708/01af279a-7cff-47af-99f0-1b12cb044687.svg","https://public.flourish.studio/uploads/1447708/28c69406-d4a3-44a0-b2d9-1e6f4212b28a.svg","https://public.flourish.studio/uploads/1447708/01af279a-7cff-47af-99f0-1b12cb044687.svg","https://public.flourish.studio/uploads/1447708/01af279a-7cff-47af-99f0-1b12cb044687.svg"
"<a href=""https://declanrjb.github.io/cds-engine/?unitid=110547"">California State University-Dominguez H...</a>","110547","https://public.flourish.studio/uploads/1447708/28c69406-d4a3-44a0-b2d9-1e6f4212b28a.svg","https://public.flourish.studio/uploads/1447708/01af279a-7cff-47af-99f0-1b12cb044687.svg","https://public.flourish.studio/uploads/1447708/28c69406-d4a3-44a0-b2d9-1e6f4212b28a.svg","https://public.flourish.studio/uploads/1447708/28c69406-d4a3-44a0-b2d9-1e6f4212b28a.svg","https://public.flourish.studio/uploads/1447708/28c69406-d4a3-44a0-b2d9-1e6f4212b28a.svg"
"<a href=""https://declanrjb.github.io/cds-engine/?unitid=110565"">California State University-Fullerton (CA)</a>","110565","https://public.flourish.studio/uploads/1447708/28c69406-d4a3-44a0-b2d9-1e6f4212b28a.svg","https://public.flourish.studio/uploads/1447708/28c69406-d4a3-44a0-b2d9-1e6f4212b28a.svg","https://public.flourish.studio/uploads/1447708/28c69406-d4a3-44a0-b2d9-1e6f4212b28a.svg","https://public.flourish.studio/uploads/1447708/01af279a-7cff-47af-99f0-1b12cb044687.svg","https://public.flourish.studio/uploads/1447708/01af279a-7cff-47af-99f0-1b12cb044687.svg"
"<a href=""https://declanrjb.github.io/cds-engine/?unitid=110583"">California State University-Long Beach ...</a>","110583","https://public.flourish.studio/uploads/1447708/01af279a-7cff-47af-99f0-1b12cb044687.svg","https://public.flourish.studio/uploads/1447708/01af279a-7cff-47af-99f0-1b12cb044687.svg","https://public.flourish.studio/uploads/1447708/01af279a-7cff-47af-99f0-1b12cb044687.svg","https://public.flourish.studio/uploads/1447708/01af279a-7cff-47af-99f0-1b12cb044687.svg","https://public.flourish.studio/uploads/1447708/01af279a-7cff-47af-99f0-1b12cb044687.svg"
"<a href=""https://declanrjb.github.io/cds-engine/?unitid=110592"">California State University-Los Angeles...</a>","110592","https://public.flourish.studio/uploads/1447708/01af279a-7cff-47af-99f0-1b12cb044687.svg","https://public.flourish.studio/uploads/1447708/01af279a-7cff-47af-99f0-1b12cb044687.svg","https://public.flourish.studio/uploads/1447708/01af279a-7cff-47af-99f0-1b12cb044687.svg","https://public.flourish.studio/uploads/1447708/01af279a-7cff-47af-99f0-1b12cb044687.svg","https://public.flourish.studio/uploads/1447708/01af279a-7cff-47af-99f0-1b12cb044687.svg"
"<a href=""https://declanrjb.github.io/cds-engine/?unitid=110608"">California State University-Northridge ...</a>","110608","https://public.flourish.studio/uploads/1447708/28c69406-d4a3-44a0-b2d9-1e6f4212b28a.svg","https://public.flourish.studio/uploads/1447708/28c69406-d4a3-44a0-b2d9-1e6f4212b28a.svg","https://public.flourish.studio/uploads/1447708/28c69406-d4a3-44a0-b2d9-1e6f4212b28a.svg","https://public.flourish.studio/uploads/1447708/01af279a-7cff-47af-99f0-1b12cb044687.svg","https://public.flourish.studio/uploads/1447708/28c69406-d4a3-44a0-b2d9-1e6f4212b28a.svg"
"<a href=""https://declanrjb.github.io/cds-engine/?unitid=110617"">California State University-Sacramento ...</a>","110617","https://public.flourish.studio/uploads/1447708/01af279a-7cff-47af-99f0-1b12cb044687.svg","https://public.flourish.studio/uploads/1447708/28c69406-d4a3-44a0-b2d9-1e6f4212b28a.svg","https://public.flourish.studio/uploads/1447708/28c69406-d4a3-44a0-b2d9-1e6f4212b28a.svg","https://public.flourish.studio/uploads/1447708/28c69406-d4a3-44a0-b2d9-1e6f4212b28a.svg","https://public.flourish.studio/uploads/1447708/01af279a-7cff-47af-99f0-1b12cb044687.svg"
"<a href=""https://declanrjb.github.io/cds-engine/?unitid=110635"">University of California-Berkeley (CA)</a>","110635","https://public.flourish.studio/uploads/1447708/28c69406-d4a3-44a0-b2d9-1e6f4212b28a.svg","https://public.flourish.studio/uploads/1447708/28c69406-d4a3-44a0-b2d9-1e6f4212b28a.svg","https://public.flourish.studio/uploads/1447708/28c69406-d4a3-44a0-b2d9-1e6f4212b28a.svg","https://public.flourish.studio/uploads/1447708/01af279a-7cff-47af-99f0-1b12cb044687.svg","https://public.flourish.studio/uploads/1447708/28c69406-d4a3-44a0-b2d9-1e6f4212b28a.svg"
"<a href=""https://declanrjb.github.io/cds-engine/?unitid=110644"">University of California-Davis (CA)</a>","110644","https://public.flourish.studio/uploads/1447708/28c69406-d4a3-44a0-b2d9-1e6f4212b28a.svg","https://public.flourish.studio/uploads/1447708/28c69406-d4a3-44a0-b2d9-1e6f4212b28a.svg","https://public.flourish.studio/uploads/1447708/01af279a-7cff-47af-99f0-1b12cb044687.svg","https://public.flourish.studio/uploads/1447708/28c69406-d4a3-44a0-b2d9-1e6f4212b28a.svg","https://public.flourish.studio/uploads/1447708/01af279a-7cff-47af-99f0-1b12cb044687.svg"
"<a href=""https://declanrjb.github.io/cds-engine/?unitid=110653"">University of California-Irvine (CA)</a>","110653","https://public.flourish.studio/uploads/1447708/28c69406-d4a3-44a0-b2d9-1e6f4212b28a.svg","https://public.flourish.studio/uploads/1447708/28c69406-d4a3-44a0-b2d9-1e6f4212b28a.svg","https://public.flourish.studio/uploads/1447708/28c69406-d4a3-44a0-b2d9-1e6f4212b28a.svg","https://public.flourish.studio/uploads/1447708/01af279a-7cff-47af-99f0-1b12cb044687.svg","https://public.flourish.studio/uploads/1447708/28c69406-d4a3-44a0-b2d9-1e6f4212b28a.svg"
"<a href=""https://declanrjb.github.io/cds-engine/?unitid=110662"">University of California-Los Angeles (CA)</a>","110662","https://public.flourish.studio/uploads/1447708/28c69406-d4a3-44a0-b2d9-1e6f4212b28a.svg","https://public.flourish.studio/uploads/1447708/28c69406-d4a3-44a0-b2d9-1e6f4212b28a.svg","https://public.flourish.studio/uploads/1447708/28c69406-d4a3-44a0-b2d9-1e6f4212b28a.svg","https://public.flourish.studio/uploads/1447708/01af279a-7cff-47af-99f0-1b12cb044687.svg","https://public.flourish.studio/uploads/1447708/28c69406-d4a3-44a0-b2d9-1e6f4212b28a.svg"
"<a href=""https://declanrjb.github.io/cds-engine/?unitid=110671"">University of California-Riverside (CA)</a>","110671","https://public.flourish.studio/uploads/1447708/28c69406-d4a3-44a0-b2d9-1e6f4212b28a.svg","https://public.flourish.studio/uploads/1447708/28c69406-d4a3-44a0-b2d9-1e6f4212b28a.svg","https://public.flourish.studio/uploads/1447708/28c69406-d4a3-44a0-b2d9-1e6f4212b28a.svg","https://public.flourish.studio/uploads/1447708/01af279a-7cff-47af-99f0-1b12cb044687.svg","https://public.flourish.studio/uploads/1447708/01af279a-7cff-47af-99f0-1b12cb044687.svg"
"<a href=""https://declanrjb.github.io/cds-engine/?unitid=110680"">University of California-San Diego (CA)</a>","110680","https://public.flourish.studio/uploads/1447708/28c69406-d4a3-44a0-b2d9-1e6f4212b28a.svg","https://public.flourish.studio/uploads/1447708/28c69406-d4a3-44a0-b2d9-1e6f4212b28a.svg","https://public.flourish.studio/uploads/1447708/28c69406-d4a3-44a0-b2d9-1e6f4212b28a.svg","https://public.flourish.studio/uploads/1447708/01af279a-7cff-47af-99f0-1b12cb044687.svg","https://public.flourish.studio/uploads/1447708/28c69406-d4a3-44a0-b2d9-1e6f4212b28a.svg"
"<a href=""https://declanrjb.github.io/cds-engine/?unitid=110705"">University of California-Santa Barbara ...</a>","110705","https://public.flourish.studio/uploads/1447708/28c69406-d4a3-44a0-b2d9-1e6f4212b28a.svg","https://public.flourish.studio/uploads/1447708/28c69406-d4a3-44a0-b2d9-1e6f4212b28a.svg","https://public.flourish.studio/uploads/1447708/28c69406-d4a3-44a0-b2d9-1e6f4212b28a.svg","https://public.flourish.studio/uploads/1447708/01af279a-7cff-47af-99f0-1b12cb044687.svg","https://public.flourish.studio/uploads/1447708/28c69406-d4a3-44a0-b2d9-1e6f4212b28a.svg"
"<a href=""https://declanrjb.github.io/cds-engine/?unitid=110714"">University of California-Santa Cruz (CA)</a>","110714","https://public.flourish.studio/uploads/1447708/28c69406-d4a3-44a0-b2d9-1e6f4212b28a.svg","https://public.flourish.studio/uploads/1447708/28c69406-d4a3-44a0-b2d9-1e6f4212b28a.svg","https://public.flourish.studio/uploads/1447708/28c69406-d4a3-44a0-b2d9-1e6f4212b28a.svg","https://public.flourish.studio/uploads/1447708/01af279a-7cff-47af-99f0-1b12cb044687.svg","https://public.flourish.studio/uploads/1447708/01af279a-7cff-47af-99f0-1b12cb044687.svg"
"<a href=""https://declanrjb.github.io/cds-engine/?unitid=111948"">Chapman University (CA)</a>","111948","https://public.flourish.studio/uploads/1447708/01af279a-7cff-47af-99f0-1b12cb044687.svg","https://public.flourish.studio/uploads/1447708/01af279a-7cff-47af-99f0-1b12cb044687.svg","https://public.flourish.studio/uploads/1447708/01af279a-7cff-47af-99f0-1b12cb044687.svg","https://public.flourish.studio/uploads/1447708/01af279a-7cff-47af-99f0-1b12cb044687.svg","https://public.flourish.studio/uploads/1447708/01af279a-7cff-47af-99f0-1b12cb044687.svg"
"<a href=""https://declanrjb.github.io/cds-engine/?unitid=112260"">Claremont McKenna College (CA)</a>","112260","https://public.flourish.studio/uploads/1447708/01af279a-7cff-47af-99f0-1b12cb044687.svg","https://public.flourish.studio/uploads/1447708/01af279a-7cff-47af-99f0-1b12cb044687.svg","https://public.flourish.studio/uploads/1447708/01af279a-7cff-47af-99f0-1b12cb044687.svg","https://public.flourish.studio/uploads/1447708/01af279a-7cff-47af-99f0-1b12cb044687.svg","https://public.flourish.studio/uploads/1447708/01af279a-7cff-47af-99f0-1b12cb044687.svg"
"<a href=""https://declanrjb.github.io/cds-engine/?unitid=113698"">Dominican University of California (CA)</a>","113698","https://public.flourish.studio/uploads/1447708/01af279a-7cff-47af-99f0-1b12cb044687.svg","https://public.flourish.studio/uploads/1447708/28c69406-d4a3-44a0-b2d9-1e6f4212b28a.svg","https://public.flourish.studio/uploads/1447708/28c69406-d4a3-44a0-b2d9-1e6f4212b28a.svg","https://public.flourish.studio/uploads/1447708/28c69406-d4a3-44a0-b2d9-1e6f4212b28a.svg","https://public.flourish.studio/uploads/1447708/28c69406-d4a3-44a0-b2d9-1e6f4212b28a.svg"
"<a href=""https://declanrjb.github.io/cds-engine/?unitid=115409"">Harvey Mudd College (CA)</a>","115409","https://public.flourish.studio/uploads/1447708/01af279a-7cff-47af-99f0-1b12cb044687.svg","https://public.flourish.studio/uploads/1447708/01af279a-7cff-47af-99f0-1b12cb044687.svg","https://public.flourish.studio/uploads/1447708/01af279a-7cff-47af-99f0-1b12cb044687.svg","https://public.flourish.studio/uploads/1447708/01af279a-7cff-47af-99f0-1b12cb044687.svg","https://public.flourish.studio/uploads/1447708/01af279a-7cff-47af-99f0-1b12cb044687.svg"
"<a href=""https://declanrjb.github.io/cds-engine/?unitid=115755"">California State Polytechnic University...</a>","115755","https://public.flourish.studio/uploads/1447708/01af279a-7cff-47af-99f0-1b12cb044687.svg","https://public.flourish.studio/uploads/1447708/01af279a-7cff-47af-99f0-1b12cb044687.svg","https://public.flourish.studio/uploads/1447708/01af279a-7cff-47af-99f0-1b12cb044687.svg","https://public.flourish.studio/uploads/1447708/01af279a-7cff-47af-99f0-1b12cb044687.svg","https://public.flourish.studio/uploads/1447708/28c69406-d4a3-44a0-b2d9-1e6f4212b28a.svg"
"<a href=""https://declanrjb.github.io/cds-engine/?unitid=117946"">Loyola Marymount University (CA)</a>","117946","https://public.flourish.studio/uploads/1447708/01af279a-7cff-47af-99f0-1b12cb044687.svg","https://public.flourish.studio/uploads/1447708/01af279a-7cff-47af-99f0-1b12cb044687.svg","https://public.flourish.studio/uploads/1447708/01af279a-7cff-47af-99f0-1b12cb044687.svg","https://public.flourish.studio/uploads/1447708/01af279a-7cff-47af-99f0-1b12cb044687.svg","https://public.flourish.studio/uploads/1447708/28c69406-d4a3-44a0-b2d9-1e6f4212b28a.svg"
"<a href=""https://declanrjb.github.io/cds-engine/?unitid=120254"">Occidental College (CA)</a>","120254","https://public.flourish.studio/uploads/1447708/01af279a-7cff-47af-99f0-1b12cb044687.svg","https://public.flourish.studio/uploads/1447708/01af279a-7cff-47af-99f0-1b12cb044687.svg","https://public.flourish.studio/uploads/1447708/01af279a-7cff-47af-99f0-1b12cb044687.svg","https://public.flourish.studio/uploads/1447708/01af279a-7cff-47af-99f0-1b12cb044687.svg","https://public.flourish.studio/uploads/1447708/01af279a-7cff-47af-99f0-1b12cb044687.svg"
"<a href=""https://declanrjb.github.io/cds-engine/?unitid=120403"">Otis College of Art and Design (CA)</a>","120403","https://public.flourish.studio/uploads/1447708/28c69406-d4a3-44a0-b2d9-1e6f4212b28a.svg","https://public.flourish.studio/uploads/1447708/01af279a-7cff-47af-99f0-1b12cb044687.svg","https://public.flourish.studio/uploads/1447708/28c69406-d4a3-44a0-b2d9-1e6f4212b28a.svg","https://public.flourish.studio/uploads/1447708/01af279a-7cff-47af-99f0-1b12cb044687.svg","https://public.flourish.studio/uploads/1447708/28c69406-d4a3-44a0-b2d9-1e6f4212b28a.svg"
"<a href=""https://declanrjb.github.io/cds-engine/?unitid=120537"">Hope International University (CA)</a>","120537","https://public.flourish.studio/uploads/1447708/28c69406-d4a3-44a0-b2d9-1e6f4212b28a.svg","https://public.flourish.studio/uploads/1447708/28c69406-d4a3-44a0-b2d9-1e6f4212b28a.svg","https://public.flourish.studio/uploads/1447708/28c69406-d4a3-44a0-b2d9-1e6f4212b28a.svg","https://public.flourish.studio/uploads/1447708/28c69406-d4a3-44a0-b2d9-1e6f4212b28a.svg","https://public.flourish.studio/uploads/1447708/01af279a-7cff-47af-99f0-1b12cb044687.svg"
"<a href=""https://declanrjb.github.io/cds-engine/?unitid=120883"">University of the Pacific (CA)</a>","120883","https://public.flourish.studio/uploads/1447708/01af279a-7cff-47af-99f0-1b12cb044687.svg","https://public.flourish.studio/uploads/1447708/01af279a-7cff-47af-99f0-1b12cb044687.svg","https://public.flourish.studio/uploads/1447708/01af279a-7cff-47af-99f0-1b12cb044687.svg","https://public.flourish.studio/uploads/1447708/01af279a-7cff-47af-99f0-1b12cb044687.svg","https://public.flourish.studio/uploads/1447708/01af279a-7cff-47af-99f0-1b12cb044687.svg"
"<a href=""https://declanrjb.github.io/cds-engine/?unitid=121150"">Pepperdine University (CA)</a>","121150","https://public.flourish.studio/uploads/1447708/01af279a-7cff-47af-99f0-1b12cb044687.svg","https://public.flourish.studio/uploads/1447708/01af279a-7cff-47af-99f0-1b12cb044687.svg","https://public.flourish.studio/uploads/1447708/01af279a-7cff-47af-99f0-1b12cb044687.svg","https://public.flourish.studio/uploads/1447708/01af279a-7cff-47af-99f0-1b12cb044687.svg","https://public.flourish.studio/uploads/1447708/28c69406-d4a3-44a0-b2d9-1e6f4212b28a.svg"
"<a href=""https://declanrjb.github.io/cds-engine/?unitid=121257"">Pitzer College (CA)</a>","121257","https://public.flourish.studio/uploads/1447708/01af279a-7cff-47af-99f0-1b12cb044687.svg","https://public.flourish.studio/uploads/1447708/01af279a-7cff-47af-99f0-1b12cb044687.svg","https://public.flourish.studio/uploads/1447708/01af279a-7cff-47af-99f0-1b12cb044687.svg","https://public.flourish.studio/uploads/1447708/01af279a-7cff-47af-99f0-1b12cb044687.svg","https://public.flourish.studio/uploads/1447708/28c69406-d4a3-44a0-b2d9-1e6f4212b28a.svg"
"<a href=""https://declanrjb.github.io/cds-engine/?unitid=121345"">Pomona College (CA)</a>","121345","https://public.flourish.studio/uploads/1447708/01af279a-7cff-47af-99f0-1b12cb044687.svg","https://public.flourish.studio/uploads/1447708/01af279a-7cff-47af-99f0-1b12cb044687.svg","https://public.flourish.studio/uploads/1447708/01af279a-7cff-47af-99f0-1b12cb044687.svg","https://public.flourish.studio/uploads/1447708/01af279a-7cff-47af-99f0-1b12cb044687.svg","https://public.flourish.studio/uploads/1447708/28c69406-d4a3-44a0-b2d9-1e6f4212b28a.svg"
"<a href=""https://declanrjb.github.io/cds-engine/?unitid=121691"">University of Redlands (CA)</a>","121691","https://public.flourish.studio/uploads/1447708/01af279a-7cff-47af-99f0-1b12cb044687.svg","https://public.flourish.studio/uploads/1447708/28c69406-d4a3-44a0-b2d9-1e6f4212b28a.svg","https://public.flourish.studio/uploads/1447708/28c69406-d4a3-44a0-b2d9-1e6f4212b28a.svg","https://public.flourish.studio/uploads/1447708/28c69406-d4a3-44a0-b2d9-1e6f4212b28a.svg","https://public.flourish.studio/uploads/1447708/28c69406-d4a3-44a0-b2d9-1e6f4212b28a.svg"
"<a href=""https://declanrjb.github.io/cds-engine/?unitid=122409"">San Diego State University (CA)</a>","122409","https://public.flourish.studio/uploads/1447708/01af279a-7cff-47af-99f0-1b12cb044687.svg","https://public.flourish.studio/uploads/1447708/01af279a-7cff-47af-99f0-1b12cb044687.svg","https://public.flourish.studio/uploads/1447708/01af279a-7cff-47af-99f0-1b12cb044687.svg","https://public.flourish.studio/uploads/1447708/01af279a-7cff-47af-99f0-1b12cb044687.svg","https://public.flourish.studio/uploads/1447708/28c69406-d4a3-44a0-b2d9-1e6f4212b28a.svg"
"<a href=""https://declanrjb.github.io/cds-engine/?unitid=122436"">University of San Diego (CA)</a>","122436","https://public.flourish.studio/uploads/1447708/01af279a-7cff-47af-99f0-1b12cb044687.svg","https://public.flourish.studio/uploads/1447708/01af279a-7cff-47af-99f0-1b12cb044687.svg","https://public.flourish.studio/uploads/1447708/01af279a-7cff-47af-99f0-1b12cb044687.svg","https://public.flourish.studio/uploads/1447708/01af279a-7cff-47af-99f0-1b12cb044687.svg","https://public.flourish.studio/uploads/1447708/01af279a-7cff-47af-99f0-1b12cb044687.svg"
"<a href=""https://declanrjb.github.io/cds-engine/?unitid=122597"">San Francisco State University (CA)</a>","122597","https://public.flourish.studio/uploads/1447708/01af279a-7cff-47af-99f0-1b12cb044687.svg","https://public.flourish.studio/uploads/1447708/28c69406-d4a3-44a0-b2d9-1e6f4212b28a.svg","https://public.flourish.studio/uploads/1447708/28c69406-d4a3-44a0-b2d9-1e6f4212b28a.svg","https://public.flourish.studio/uploads/1447708/28c69406-d4a3-44a0-b2d9-1e6f4212b28a.svg","https://public.flourish.studio/uploads/1447708/28c69406-d4a3-44a0-b2d9-1e6f4212b28a.svg"
"<a href=""https://declanrjb.github.io/cds-engine/?unitid=122612"">University of San Francisco (CA)</a>","122612","https://public.flourish.studio/uploads/1447708/01af279a-7cff-47af-99f0-1b12cb044687.svg","https://public.flourish.studio/uploads/1447708/01af279a-7cff-47af-99f0-1b12cb044687.svg","https://public.flourish.studio/uploads/1447708/28c69406-d4a3-44a0-b2d9-1e6f4212b28a.svg","https://public.flourish.studio/uploads/1447708/01af279a-7cff-47af-99f0-1b12cb044687.svg","https://public.flourish.studio/uploads/1447708/28c69406-d4a3-44a0-b2d9-1e6f4212b28a.svg"
"<a href=""https://declanrjb.github.io/cds-engine/?unitid=122755"">San Jose State University (CA)</a>","122755","https://public.flourish.studio/uploads/1447708/01af279a-7cff-47af-99f0-1b12cb044687.svg","https://public.flourish.studio/uploads/1447708/01af279a-7cff-47af-99f0-1b12cb044687.svg","https://public.flourish.studio/uploads/1447708/01af279a-7cff-47af-99f0-1b12cb044687.svg","https://public.flourish.studio/uploads/1447708/01af279a-7cff-47af-99f0-1b12cb044687.svg","https://public.flourish.studio/uploads/1447708/01af279a-7cff-47af-99f0-1b12cb044687.svg"
"<a href=""https://declanrjb.github.io/cds-engine/?unitid=122931"">Santa Clara University (CA)</a>","122931","https://public.flourish.studio/uploads/1447708/01af279a-7cff-47af-99f0-1b12cb044687.svg","https://public.flourish.studio/uploads/1447708/01af279a-7cff-47af-99f0-1b12cb044687.svg","https://public.flourish.studio/uploads/1447708/01af279a-7cff-47af-99f0-1b12cb044687.svg","https://public.flourish.studio/uploads/1447708/01af279a-7cff-47af-99f0-1b12cb044687.svg","https://public.flourish.studio/uploads/1447708/01af279a-7cff-47af-99f0-1b12cb044687.svg"
"<a href=""https://declanrjb.github.io/cds-engine/?unitid=123165"">Scripps College (CA)</a>","123165","https://public.flourish.studio/uploads/1447708/01af279a-7cff-47af-99f0-1b12cb044687.svg","https://public.flourish.studio/uploads/1447708/01af279a-7cff-47af-99f0-1b12cb044687.svg","https://public.flourish.studio/uploads/1447708/01af279a-7cff-47af-99f0-1b12cb044687.svg","https://public.flourish.studio/uploads/1447708/01af279a-7cff-47af-99f0-1b12cb044687.svg","https://public.flourish.studio/uploads/1447708/28c69406-d4a3-44a0-b2d9-1e6f4212b28a.svg"
"<a href=""https://declanrjb.github.io/cds-engine/?unitid=123554"">Saint Mary's College of California (CA)</a>","123554","https://public.flourish.studio/uploads/1447708/01af279a-7cff-47af-99f0-1b12cb044687.svg","https://public.flourish.studio/uploads/1447708/01af279a-7cff-47af-99f0-1b12cb044687.svg","https://public.flourish.studio/uploads/1447708/01af279a-7cff-47af-99f0-1b12cb044687.svg","https://public.flourish.studio/uploads/1447708/01af279a-7cff-47af-99f0-1b12cb044687.svg","https://public.flourish.studio/uploads/1447708/28c69406-d4a3-44a0-b2d9-1e6f4212b28a.svg"
"<a href=""https://declanrjb.github.io/cds-engine/?unitid=123651"">Vanguard University of Southern Califor...</a>","123651","https://public.flourish.studio/uploads/1447708/28c69406-d4a3-44a0-b2d9-1e6f4212b28a.svg","https://public.flourish.studio/uploads/1447708/28c69406-d4a3-44a0-b2d9-1e6f4212b28a.svg","https://public.flourish.studio/uploads/1447708/01af279a-7cff-47af-99f0-1b12cb044687.svg","https://public.flourish.studio/uploads/1447708/28c69406-d4a3-44a0-b2d9-1e6f4212b28a.svg","https://public.flourish.studio/uploads/1447708/01af279a-7cff-47af-99f0-1b12cb044687.svg"
"<a href=""https://declanrjb.github.io/cds-engine/?unitid=123961"">University of Southern California (CA)</a>","123961","https://public.flourish.studio/uploads/1447708/01af279a-7cff-47af-99f0-1b12cb044687.svg","https://public.flourish.studio/uploads/1447708/01af279a-7cff-47af-99f0-1b12cb044687.svg","https://public.flourish.studio/uploads/1447708/01af279a-7cff-47af-99f0-1b12cb044687.svg","https://public.flourish.studio/uploads/1447708/01af279a-7cff-47af-99f0-1b12cb044687.svg","https://public.flourish.studio/uploads/1447708/28c69406-d4a3-44a0-b2d9-1e6f4212b28a.svg"
"<a href=""https://declanrjb.github.io/cds-engine/?unitid=125727"">Westmont College (CA)</a>","125727","https://public.flourish.studio/uploads/1447708/28c69406-d4a3-44a0-b2d9-1e6f4212b28a.svg","https://public.flourish.studio/uploads/1447708/01af279a-7cff-47af-99f0-1b12cb044687.svg","https://public.flourish.studio/uploads/1447708/28c69406-d4a3-44a0-b2d9-1e6f4212b28a.svg","https://public.flourish.studio/uploads/1447708/28c69406-d4a3-44a0-b2d9-1e6f4212b28a.svg","https://public.flourish.studio/uploads/1447708/28c69406-d4a3-44a0-b2d9-1e6f4212b28a.svg"
"<a href=""https://declanrjb.github.io/cds-engine/?unitid=125763"">Whittier College (CA)</a>","125763","https://public.flourish.studio/uploads/1447708/01af279a-7cff-47af-99f0-1b12cb044687.svg","https://public.flourish.studio/uploads/1447708/01af279a-7cff-47af-99f0-1b12cb044687.svg","https://public.flourish.studio/uploads/1447708/28c69406-d4a3-44a0-b2d9-1e6f4212b28a.svg","https://public.flourish.studio/uploads/1447708/28c69406-d4a3-44a0-b2d9-1e6f4212b28a.svg","https://public.flourish.studio/uploads/1447708/28c69406-d4a3-44a0-b2d9-1e6f4212b28a.svg"
"<a href=""https://declanrjb.github.io/cds-engine/?unitid=126207"">Aims Community College (CO)</a>","126207","https://public.flourish.studio/uploads/1447708/01af279a-7cff-47af-99f0-1b12cb044687.svg","https://public.flourish.studio/uploads/1447708/28c69406-d4a3-44a0-b2d9-1e6f4212b28a.svg","https://public.flourish.studio/uploads/1447708/28c69406-d4a3-44a0-b2d9-1e6f4212b28a.svg","https://public.flourish.studio/uploads/1447708/28c69406-d4a3-44a0-b2d9-1e6f4212b28a.svg","https://public.flourish.studio/uploads/1447708/28c69406-d4a3-44a0-b2d9-1e6f4212b28a.svg"
"<a href=""https://declanrjb.github.io/cds-engine/?unitid=126289"">Arapahoe Community College (CO)</a>","126289","https://public.flourish.studio/uploads/1447708/01af279a-7cff-47af-99f0-1b12cb044687.svg","https://public.flourish.studio/uploads/1447708/28c69406-d4a3-44a0-b2d9-1e6f4212b28a.svg","https://public.flourish.studio/uploads/1447708/01af279a-7cff-47af-99f0-1b12cb044687.svg","https://public.flourish.studio/uploads/1447708/01af279a-7cff-47af-99f0-1b12cb044687.svg","https://public.flourish.studio/uploads/1447708/28c69406-d4a3-44a0-b2d9-1e6f4212b28a.svg"
"<a href=""https://declanrjb.github.io/cds-engine/?unitid=126562"">University of Colorado Denver/Anschutz ...</a>","126562","https://public.flourish.studio/uploads/1447708/28c69406-d4a3-44a0-b2d9-1e6f4212b28a.svg","https://public.flourish.studio/uploads/1447708/01af279a-7cff-47af-99f0-1b12cb044687.svg","https://public.flourish.studio/uploads/1447708/28c69406-d4a3-44a0-b2d9-1e6f4212b28a.svg","https://public.flourish.studio/uploads/1447708/28c69406-d4a3-44a0-b2d9-1e6f4212b28a.svg","https://public.flourish.studio/uploads/1447708/28c69406-d4a3-44a0-b2d9-1e6f4212b28a.svg"
"<a href=""https://declanrjb.github.io/cds-engine/?unitid=126580"">University of Colorado Colorado Springs...</a>","126580","https://public.flourish.studio/uploads/1447708/01af279a-7cff-47af-99f0-1b12cb044687.svg","https://public.flourish.studio/uploads/1447708/01af279a-7cff-47af-99f0-1b12cb044687.svg","https://public.flourish.studio/uploads/1447708/01af279a-7cff-47af-99f0-1b12cb044687.svg","https://public.flourish.studio/uploads/1447708/01af279a-7cff-47af-99f0-1b12cb044687.svg","https://public.flourish.studio/uploads/1447708/01af279a-7cff-47af-99f0-1b12cb044687.svg"
"<a href=""https://declanrjb.github.io/cds-engine/?unitid=126614"">University of Colorado Boulder (CO)</a>","126614","https://public.flourish.studio/uploads/1447708/01af279a-7cff-47af-99f0-1b12cb044687.svg","https://public.flourish.studio/uploads/1447708/01af279a-7cff-47af-99f0-1b12cb044687.svg","https://public.flourish.studio/uploads/1447708/01af279a-7cff-47af-99f0-1b12cb044687.svg","https://public.flourish.studio/uploads/1447708/01af279a-7cff-47af-99f0-1b12cb044687.svg","https://public.flourish.studio/uploads/1447708/28c69406-d4a3-44a0-b2d9-1e6f4212b28a.svg"
"<a href=""https://declanrjb.github.io/cds-engine/?unitid=126678"">Colorado College (CO)</a>","126678","https://public.flourish.studio/uploads/1447708/01af279a-7cff-47af-99f0-1b12cb044687.svg","https://public.flourish.studio/uploads/1447708/01af279a-7cff-47af-99f0-1b12cb044687.svg","https://public.flourish.studio/uploads/1447708/01af279a-7cff-47af-99f0-1b12cb044687.svg","https://public.flourish.studio/uploads/1447708/01af279a-7cff-47af-99f0-1b12cb044687.svg","https://public.flourish.studio/uploads/1447708/28c69406-d4a3-44a0-b2d9-1e6f4212b28a.svg"
"<a href=""https://declanrjb.github.io/cds-engine/?unitid=126775"">Colorado School of Mines (CO)</a>","126775","https://public.flourish.studio/uploads/1447708/01af279a-7cff-47af-99f0-1b12cb044687.svg","https://public.flourish.studio/uploads/1447708/01af279a-7cff-47af-99f0-1b12cb044687.svg","https://public.flourish.studio/uploads/1447708/28c69406-d4a3-44a0-b2d9-1e6f4212b28a.svg","https://public.flourish.studio/uploads/1447708/28c69406-d4a3-44a0-b2d9-1e6f4212b28a.svg","https://public.flourish.studio/uploads/1447708/28c69406-d4a3-44a0-b2d9-1e6f4212b28a.svg"
"<a href=""https://declanrjb.github.io/cds-engine/?unitid=126818"">Colorado State University-Fort Collins ...</a>","126818","https://public.flourish.studio/uploads/1447708/01af279a-7cff-47af-99f0-1b12cb044687.svg","https://public.flourish.studio/uploads/1447708/01af279a-7cff-47af-99f0-1b12cb044687.svg","https://public.flourish.studio/uploads/1447708/28c69406-d4a3-44a0-b2d9-1e6f4212b28a.svg","https://public.flourish.studio/uploads/1447708/28c69406-d4a3-44a0-b2d9-1e6f4212b28a.svg","https://public.flourish.studio/uploads/1447708/01af279a-7cff-47af-99f0-1b12cb044687.svg"
"<a href=""https://declanrjb.github.io/cds-engine/?unitid=127060"">University of Denver (CO)</a>","127060","https://public.flourish.studio/uploads/1447708/01af279a-7cff-47af-99f0-1b12cb044687.svg","https://public.flourish.studio/uploads/1447708/01af279a-7cff-47af-99f0-1b12cb044687.svg","https://public.flourish.studio/uploads/1447708/01af279a-7cff-47af-99f0-1b12cb044687.svg","https://public.flourish.studio/uploads/1447708/01af279a-7cff-47af-99f0-1b12cb044687.svg","https://public.flourish.studio/uploads/1447708/28c69406-d4a3-44a0-b2d9-1e6f4212b28a.svg"
"<a href=""https://declanrjb.github.io/cds-engine/?unitid=127200"">Front Range Community College (CO)</a>","127200","https://public.flourish.studio/uploads/1447708/28c69406-d4a3-44a0-b2d9-1e6f4212b28a.svg","https://public.flourish.studio/uploads/1447708/28c69406-d4a3-44a0-b2d9-1e6f4212b28a.svg","https://public.flourish.studio/uploads/1447708/28c69406-d4a3-44a0-b2d9-1e6f4212b28a.svg","https://public.flourish.studio/uploads/1447708/01af279a-7cff-47af-99f0-1b12cb044687.svg","https://public.flourish.studio/uploads/1447708/28c69406-d4a3-44a0-b2d9-1e6f4212b28a.svg"
"<a href=""https://declanrjb.github.io/cds-engine/?unitid=127556"">Colorado Mesa University (CO)</a>","127556","https://public.flourish.studio/uploads/1447708/01af279a-7cff-47af-99f0-1b12cb044687.svg","https://public.flourish.studio/uploads/1447708/01af279a-7cff-47af-99f0-1b12cb044687.svg","https://public.flourish.studio/uploads/1447708/28c69406-d4a3-44a0-b2d9-1e6f4212b28a.svg","https://public.flourish.studio/uploads/1447708/01af279a-7cff-47af-99f0-1b12cb044687.svg","https://public.flourish.studio/uploads/1447708/28c69406-d4a3-44a0-b2d9-1e6f4212b28a.svg"
"<a href=""https://declanrjb.github.io/cds-engine/?unitid=127565"">Metropolitan State University of Denver...</a>","127565","https://public.flourish.studio/uploads/1447708/01af279a-7cff-47af-99f0-1b12cb044687.svg","https://public.flourish.studio/uploads/1447708/01af279a-7cff-47af-99f0-1b12cb044687.svg","https://public.flourish.studio/uploads/1447708/01af279a-7cff-47af-99f0-1b12cb044687.svg","https://public.flourish.studio/uploads/1447708/01af279a-7cff-47af-99f0-1b12cb044687.svg","https://public.flourish.studio/uploads/1447708/28c69406-d4a3-44a0-b2d9-1e6f4212b28a.svg"
"<a href=""https://declanrjb.github.io/cds-engine/?unitid=127741"">University of Northern Colorado (CO)</a>","127741","https://public.flourish.studio/uploads/1447708/28c69406-d4a3-44a0-b2d9-1e6f4212b28a.svg","https://public.flourish.studio/uploads/1447708/01af279a-7cff-47af-99f0-1b12cb044687.svg","https://public.flourish.studio/uploads/1447708/01af279a-7cff-47af-99f0-1b12cb044687.svg","https://public.flourish.studio/uploads/1447708/01af279a-7cff-47af-99f0-1b12cb044687.svg","https://public.flourish.studio/uploads/1447708/28c69406-d4a3-44a0-b2d9-1e6f4212b28a.svg"
"<a href=""https://declanrjb.github.io/cds-engine/?unitid=127918"">Regis University (CO)</a>","127918","https://public.flourish.studio/uploads/1447708/01af279a-7cff-47af-99f0-1b12cb044687.svg","https://public.flourish.studio/uploads/1447708/01af279a-7cff-47af-99f0-1b12cb044687.svg","https://public.flourish.studio/uploads/1447708/01af279a-7cff-47af-99f0-1b12cb044687.svg","https://public.flourish.studio/uploads/1447708/28c69406-d4a3-44a0-b2d9-1e6f4212b28a.svg","https://public.flourish.studio/uploads/1447708/01af279a-7cff-47af-99f0-1b12cb044687.svg"
"<a href=""https://declanrjb.github.io/cds-engine/?unitid=128106"">Colorado State University Pueblo (CO)</a>","128106","https://public.flourish.studio/uploads/1447708/28c69406-d4a3-44a0-b2d9-1e6f4212b28a.svg","https://public.flourish.studio/uploads/1447708/28c69406-d4a3-44a0-b2d9-1e6f4212b28a.svg","https://public.flourish.studio/uploads/1447708/28c69406-d4a3-44a0-b2d9-1e6f4212b28a.svg","https://public.flourish.studio/uploads/1447708/01af279a-7cff-47af-99f0-1b12cb044687.svg","https://public.flourish.studio/uploads/1447708/01af279a-7cff-47af-99f0-1b12cb044687.svg"
"<a href=""https://declanrjb.github.io/cds-engine/?unitid=128328"">United States Air Force Academy (CO)</a>","128328","https://public.flourish.studio/uploads/1447708/28c69406-d4a3-44a0-b2d9-1e6f4212b28a.svg","https://public.flourish.studio/uploads/1447708/01af279a-7cff-47af-99f0-1b12cb044687.svg","https://public.flourish.studio/uploads/1447708/28c69406-d4a3-44a0-b2d9-1e6f4212b28a.svg","https://public.flourish.studio/uploads/1447708/28c69406-d4a3-44a0-b2d9-1e6f4212b28a.svg","https://public.flourish.studio/uploads/1447708/28c69406-d4a3-44a0-b2d9-1e6f4212b28a.svg"
"<a href=""https://declanrjb.github.io/cds-engine/?unitid=128498"">Albertus Magnus College (CT)</a>","128498","https://public.flourish.studio/uploads/1447708/28c69406-d4a3-44a0-b2d9-1e6f4212b28a.svg","https://public.flourish.studio/uploads/1447708/28c69406-d4a3-44a0-b2d9-1e6f4212b28a.svg","https://public.flourish.studio/uploads/1447708/28c69406-d4a3-44a0-b2d9-1e6f4212b28a.svg","https://public.flourish.studio/uploads/1447708/01af279a-7cff-47af-99f0-1b12cb044687.svg","https://public.flourish.studio/uploads/1447708/28c69406-d4a3-44a0-b2d9-1e6f4212b28a.svg"
"<a href=""https://declanrjb.github.io/cds-engine/?unitid=128902"">Connecticut College (CT)</a>","128902","https://public.flourish.studio/uploads/1447708/01af279a-7cff-47af-99f0-1b12cb044687.svg","https://public.flourish.studio/uploads/1447708/01af279a-7cff-47af-99f0-1b12cb044687.svg","https://public.flourish.studio/uploads/1447708/01af279a-7cff-47af-99f0-1b12cb044687.svg","https://public.flourish.studio/uploads/1447708/01af279a-7cff-47af-99f0-1b12cb044687.svg","https://public.flourish.studio/uploads/1447708/01af279a-7cff-47af-99f0-1b12cb044687.svg"
"<a href=""https://declanrjb.github.io/cds-engine/?unitid=129020"">University of Connecticut (CT)</a>","129020","https://public.flourish.studio/uploads/1447708/01af279a-7cff-47af-99f0-1b12cb044687.svg","https://public.flourish.studio/uploads/1447708/01af279a-7cff-47af-99f0-1b12cb044687.svg","https://public.flourish.studio/uploads/1447708/01af279a-7cff-47af-99f0-1b12cb044687.svg","https://public.flourish.studio/uploads/1447708/01af279a-7cff-47af-99f0-1b12cb044687.svg","https://public.flourish.studio/uploads/1447708/28c69406-d4a3-44a0-b2d9-1e6f4212b28a.svg"
"<a href=""https://declanrjb.github.io/cds-engine/?unitid=129215"">Eastern Connecticut State University (CT)</a>","129215","https://public.flourish.studio/uploads/1447708/28c69406-d4a3-44a0-b2d9-1e6f4212b28a.svg","https://public.flourish.studio/uploads/1447708/01af279a-7cff-47af-99f0-1b12cb044687.svg","https://public.flourish.studio/uploads/1447708/28c69406-d4a3-44a0-b2d9-1e6f4212b28a.svg","https://public.flourish.studio/uploads/1447708/01af279a-7cff-47af-99f0-1b12cb044687.svg","https://public.flourish.studio/uploads/1447708/01af279a-7cff-47af-99f0-1b12cb044687.svg"
"<a href=""https://declanrjb.github.io/cds-engine/?unitid=129242"">Fairfield University (CT)</a>","129242","https://public.flourish.studio/uploads/1447708/01af279a-7cff-47af-99f0-1b12cb044687.svg","https://public.flourish.studio/uploads/1447708/01af279a-7cff-47af-99f0-1b12cb044687.svg","https://public.flourish.studio/uploads/1447708/01af279a-7cff-47af-99f0-1b12cb044687.svg","https://public.flourish.studio/uploads/1447708/01af279a-7cff-47af-99f0-1b12cb044687.svg","https://public.flourish.studio/uploads/1447708/28c69406-d4a3-44a0-b2d9-1e6f4212b28a.svg"
"<a href=""https://declanrjb.github.io/cds-engine/?unitid=129428"">NA (NA)</a>","129428","https://public.flourish.studio/uploads/1447708/28c69406-d4a3-44a0-b2d9-1e6f4212b28a.svg","https://public.flourish.studio/uploads/1447708/28c69406-d4a3-44a0-b2d9-1e6f4212b28a.svg","https://public.flourish.studio/uploads/1447708/28c69406-d4a3-44a0-b2d9-1e6f4212b28a.svg","https://public.flourish.studio/uploads/1447708/28c69406-d4a3-44a0-b2d9-1e6f4212b28a.svg","https://public.flourish.studio/uploads/1447708/01af279a-7cff-47af-99f0-1b12cb044687.svg"
"<a href=""https://declanrjb.github.io/cds-engine/?unitid=130226"">Quinnipiac University (CT)</a>","130226","https://public.flourish.studio/uploads/1447708/01af279a-7cff-47af-99f0-1b12cb044687.svg","https://public.flourish.studio/uploads/1447708/28c69406-d4a3-44a0-b2d9-1e6f4212b28a.svg","https://public.flourish.studio/uploads/1447708/01af279a-7cff-47af-99f0-1b12cb044687.svg","https://public.flourish.studio/uploads/1447708/28c69406-d4a3-44a0-b2d9-1e6f4212b28a.svg","https://public.flourish.studio/uploads/1447708/28c69406-d4a3-44a0-b2d9-1e6f4212b28a.svg"
"<a href=""https://declanrjb.github.io/cds-engine/?unitid=130314"">University of Saint Joseph (CT)</a>","130314","https://public.flourish.studio/uploads/1447708/28c69406-d4a3-44a0-b2d9-1e6f4212b28a.svg","https://public.flourish.studio/uploads/1447708/28c69406-d4a3-44a0-b2d9-1e6f4212b28a.svg","https://public.flourish.studio/uploads/1447708/28c69406-d4a3-44a0-b2d9-1e6f4212b28a.svg","https://public.flourish.studio/uploads/1447708/28c69406-d4a3-44a0-b2d9-1e6f4212b28a.svg","https://public.flourish.studio/uploads/1447708/01af279a-7cff-47af-99f0-1b12cb044687.svg"
"<a href=""https://declanrjb.github.io/cds-engine/?unitid=130590"">Trinity College (CT)</a>","130590","https://public.flourish.studio/uploads/1447708/01af279a-7cff-47af-99f0-1b12cb044687.svg","https://public.flourish.studio/uploads/1447708/01af279a-7cff-47af-99f0-1b12cb044687.svg","https://public.flourish.studio/uploads/1447708/01af279a-7cff-47af-99f0-1b12cb044687.svg","https://public.flourish.studio/uploads/1447708/01af279a-7cff-47af-99f0-1b12cb044687.svg","https://public.flourish.studio/uploads/1447708/28c69406-d4a3-44a0-b2d9-1e6f4212b28a.svg"
"<a href=""https://declanrjb.github.io/cds-engine/?unitid=130697"">Wesleyan University (CT)</a>","130697","https://public.flourish.studio/uploads/1447708/01af279a-7cff-47af-99f0-1b12cb044687.svg","https://public.flourish.studio/uploads/1447708/01af279a-7cff-47af-99f0-1b12cb044687.svg","https://public.flourish.studio/uploads/1447708/28c69406-d4a3-44a0-b2d9-1e6f4212b28a.svg","https://public.flourish.studio/uploads/1447708/01af279a-7cff-47af-99f0-1b12cb044687.svg","https://public.flourish.studio/uploads/1447708/28c69406-d4a3-44a0-b2d9-1e6f4212b28a.svg"
"<a href=""https://declanrjb.github.io/cds-engine/?unitid=130794"">Yale University (CT)</a>","130794","https://public.flourish.studio/uploads/1447708/01af279a-7cff-47af-99f0-1b12cb044687.svg","https://public.flourish.studio/uploads/1447708/01af279a-7cff-47af-99f0-1b12cb044687.svg","https://public.flourish.studio/uploads/1447708/01af279a-7cff-47af-99f0-1b12cb044687.svg","https://public.flourish.studio/uploads/1447708/01af279a-7cff-47af-99f0-1b12cb044687.svg","https://public.flourish.studio/uploads/1447708/28c69406-d4a3-44a0-b2d9-1e6f4212b28a.svg"
"<a href=""https://declanrjb.github.io/cds-engine/?unitid=130943"">University of Delaware (DE)</a>","130943","https://public.flourish.studio/uploads/1447708/01af279a-7cff-47af-99f0-1b12cb044687.svg","https://public.flourish.studio/uploads/1447708/01af279a-7cff-47af-99f0-1b12cb044687.svg","https://public.flourish.studio/uploads/1447708/01af279a-7cff-47af-99f0-1b12cb044687.svg","https://public.flourish.studio/uploads/1447708/01af279a-7cff-47af-99f0-1b12cb044687.svg","https://public.flourish.studio/uploads/1447708/28c69406-d4a3-44a0-b2d9-1e6f4212b28a.svg"
"<a href=""https://declanrjb.github.io/cds-engine/?unitid=131159"">American University (DC)</a>","131159","https://public.flourish.studio/uploads/1447708/28c69406-d4a3-44a0-b2d9-1e6f4212b28a.svg","https://public.flourish.studio/uploads/1447708/01af279a-7cff-47af-99f0-1b12cb044687.svg","https://public.flourish.studio/uploads/1447708/01af279a-7cff-47af-99f0-1b12cb044687.svg","https://public.flourish.studio/uploads/1447708/01af279a-7cff-47af-99f0-1b12cb044687.svg","https://public.flourish.studio/uploads/1447708/01af279a-7cff-47af-99f0-1b12cb044687.svg"
"<a href=""https://declanrjb.github.io/cds-engine/?unitid=131450"">Gallaudet University (DC)</a>","131450","https://public.flourish.studio/uploads/1447708/01af279a-7cff-47af-99f0-1b12cb044687.svg","https://public.flourish.studio/uploads/1447708/01af279a-7cff-47af-99f0-1b12cb044687.svg","https://public.flourish.studio/uploads/1447708/01af279a-7cff-47af-99f0-1b12cb044687.svg","https://public.flourish.studio/uploads/1447708/01af279a-7cff-47af-99f0-1b12cb044687.svg","https://public.flourish.studio/uploads/1447708/01af279a-7cff-47af-99f0-1b12cb044687.svg"
"<a href=""https://declanrjb.github.io/cds-engine/?unitid=131469"">George Washington University (DC)</a>","131469","https://public.flourish.studio/uploads/1447708/01af279a-7cff-47af-99f0-1b12cb044687.svg","https://public.flourish.studio/uploads/1447708/01af279a-7cff-47af-99f0-1b12cb044687.svg","https://public.flourish.studio/uploads/1447708/01af279a-7cff-47af-99f0-1b12cb044687.svg","https://public.flourish.studio/uploads/1447708/01af279a-7cff-47af-99f0-1b12cb044687.svg","https://public.flourish.studio/uploads/1447708/28c69406-d4a3-44a0-b2d9-1e6f4212b28a.svg"
"<a href=""https://declanrjb.github.io/cds-engine/?unitid=131496"">Georgetown University (DC)</a>","131496","https://public.flourish.studio/uploads/1447708/01af279a-7cff-47af-99f0-1b12cb044687.svg","https://public.flourish.studio/uploads/1447708/28c69406-d4a3-44a0-b2d9-1e6f4212b28a.svg","https://public.flourish.studio/uploads/1447708/01af279a-7cff-47af-99f0-1b12cb044687.svg","https://public.flourish.studio/uploads/1447708/01af279a-7cff-47af-99f0-1b12cb044687.svg","https://public.flourish.studio/uploads/1447708/28c69406-d4a3-44a0-b2d9-1e6f4212b28a.svg"
"<a href=""https://declanrjb.github.io/cds-engine/?unitid=131520"">Howard University (DC)</a>","131520","https://public.flourish.studio/uploads/1447708/01af279a-7cff-47af-99f0-1b12cb044687.svg","https://public.flourish.studio/uploads/1447708/01af279a-7cff-47af-99f0-1b12cb044687.svg","https://public.flourish.studio/uploads/1447708/28c69406-d4a3-44a0-b2d9-1e6f4212b28a.svg","https://public.flourish.studio/uploads/1447708/01af279a-7cff-47af-99f0-1b12cb044687.svg","https://public.flourish.studio/uploads/1447708/01af279a-7cff-47af-99f0-1b12cb044687.svg"
"<a href=""https://declanrjb.github.io/cds-engine/?unitid=132602"">Bethune-Cookman University (FL)</a>","132602","https://public.flourish.studio/uploads/1447708/01af279a-7cff-47af-99f0-1b12cb044687.svg","https://public.flourish.studio/uploads/1447708/28c69406-d4a3-44a0-b2d9-1e6f4212b28a.svg","https://public.flourish.studio/uploads/1447708/28c69406-d4a3-44a0-b2d9-1e6f4212b28a.svg","https://public.flourish.studio/uploads/1447708/01af279a-7cff-47af-99f0-1b12cb044687.svg","https://public.flourish.studio/uploads/1447708/28c69406-d4a3-44a0-b2d9-1e6f4212b28a.svg"
"<a href=""https://declanrjb.github.io/cds-engine/?unitid=132657"">Lynn University (FL)</a>","132657","https://public.flourish.studio/uploads/1447708/28c69406-d4a3-44a0-b2d9-1e6f4212b28a.svg","https://public.flourish.studio/uploads/1447708/01af279a-7cff-47af-99f0-1b12cb044687.svg","https://public.flourish.studio/uploads/1447708/01af279a-7cff-47af-99f0-1b12cb044687.svg","https://public.flourish.studio/uploads/1447708/28c69406-d4a3-44a0-b2d9-1e6f4212b28a.svg","https://public.flourish.studio/uploads/1447708/28c69406-d4a3-44a0-b2d9-1e6f4212b28a.svg"
"<a href=""https://declanrjb.github.io/cds-engine/?unitid=132879"">NA (NA)</a>","132879","https://public.flourish.studio/uploads/1447708/28c69406-d4a3-44a0-b2d9-1e6f4212b28a.svg","https://public.flourish.studio/uploads/1447708/28c69406-d4a3-44a0-b2d9-1e6f4212b28a.svg","https://public.flourish.studio/uploads/1447708/28c69406-d4a3-44a0-b2d9-1e6f4212b28a.svg","https://public.flourish.studio/uploads/1447708/28c69406-d4a3-44a0-b2d9-1e6f4212b28a.svg","https://public.flourish.studio/uploads/1447708/01af279a-7cff-47af-99f0-1b12cb044687.svg"
"<a href=""https://declanrjb.github.io/cds-engine/?unitid=132903"">University of Central Florida (FL)</a>","132903","https://public.flourish.studio/uploads/1447708/01af279a-7cff-47af-99f0-1b12cb044687.svg","https://public.flourish.studio/uploads/1447708/01af279a-7cff-47af-99f0-1b12cb044687.svg","https://public.flourish.studio/uploads/1447708/01af279a-7cff-47af-99f0-1b12cb044687.svg","https://public.flourish.studio/uploads/1447708/01af279a-7cff-47af-99f0-1b12cb044687.svg","https://public.flourish.studio/uploads/1447708/28c69406-d4a3-44a0-b2d9-1e6f4212b28a.svg"
"<a href=""https://declanrjb.github.io/cds-engine/?unitid=133492"">Eckerd College (FL)</a>","133492","https://public.flourish.studio/uploads/1447708/01af279a-7cff-47af-99f0-1b12cb044687.svg","https://public.flourish.studio/uploads/1447708/01af279a-7cff-47af-99f0-1b12cb044687.svg","https://public.flourish.studio/uploads/1447708/01af279a-7cff-47af-99f0-1b12cb044687.svg","https://public.flourish.studio/uploads/1447708/01af279a-7cff-47af-99f0-1b12cb044687.svg","https://public.flourish.studio/uploads/1447708/28c69406-d4a3-44a0-b2d9-1e6f4212b28a.svg"
"<a href=""https://declanrjb.github.io/cds-engine/?unitid=133650"">Florida Agricultural and Mechanical Uni...</a>","133650","https://public.flourish.studio/uploads/1447708/01af279a-7cff-47af-99f0-1b12cb044687.svg","https://public.flourish.studio/uploads/1447708/01af279a-7cff-47af-99f0-1b12cb044687.svg","https://public.flourish.studio/uploads/1447708/01af279a-7cff-47af-99f0-1b12cb044687.svg","https://public.flourish.studio/uploads/1447708/01af279a-7cff-47af-99f0-1b12cb044687.svg","https://public.flourish.studio/uploads/1447708/01af279a-7cff-47af-99f0-1b12cb044687.svg"
"<a href=""https://declanrjb.github.io/cds-engine/?unitid=133669"">Florida Atlantic University (FL)</a>","133669","https://public.flourish.studio/uploads/1447708/01af279a-7cff-47af-99f0-1b12cb044687.svg","https://public.flourish.studio/uploads/1447708/01af279a-7cff-47af-99f0-1b12cb044687.svg","https://public.flourish.studio/uploads/1447708/01af279a-7cff-47af-99f0-1b12cb044687.svg","https://public.flourish.studio/uploads/1447708/01af279a-7cff-47af-99f0-1b12cb044687.svg","https://public.flourish.studio/uploads/1447708/01af279a-7cff-47af-99f0-1b12cb044687.svg"
"<a href=""https://declanrjb.github.io/cds-engine/?unitid=133711"">Flagler College (FL)</a>","133711","https://public.flourish.studio/uploads/1447708/01af279a-7cff-47af-99f0-1b12cb044687.svg","https://public.flourish.studio/uploads/1447708/01af279a-7cff-47af-99f0-1b12cb044687.svg","https://public.flourish.studio/uploads/1447708/01af279a-7cff-47af-99f0-1b12cb044687.svg","https://public.flourish.studio/uploads/1447708/28c69406-d4a3-44a0-b2d9-1e6f4212b28a.svg","https://public.flourish.studio/uploads/1447708/28c69406-d4a3-44a0-b2d9-1e6f4212b28a.svg"
"<a href=""https://declanrjb.github.io/cds-engine/?unitid=133881"">Florida Institute of Technology (FL)</a>","133881","https://public.flourish.studio/uploads/1447708/01af279a-7cff-47af-99f0-1b12cb044687.svg","https://public.flourish.studio/uploads/1447708/01af279a-7cff-47af-99f0-1b12cb044687.svg","https://public.flourish.studio/uploads/1447708/01af279a-7cff-47af-99f0-1b12cb044687.svg","https://public.flourish.studio/uploads/1447708/01af279a-7cff-47af-99f0-1b12cb044687.svg","https://public.flourish.studio/uploads/1447708/28c69406-d4a3-44a0-b2d9-1e6f4212b28a.svg"
"<a href=""https://declanrjb.github.io/cds-engine/?unitid=133951"">Florida International University (FL)</a>","133951","https://public.flourish.studio/uploads/1447708/01af279a-7cff-47af-99f0-1b12cb044687.svg","https://public.flourish.studio/uploads/1447708/01af279a-7cff-47af-99f0-1b12cb044687.svg","https://public.flourish.studio/uploads/1447708/01af279a-7cff-47af-99f0-1b12cb044687.svg","https://public.flourish.studio/uploads/1447708/01af279a-7cff-47af-99f0-1b12cb044687.svg","https://public.flourish.studio/uploads/1447708/28c69406-d4a3-44a0-b2d9-1e6f4212b28a.svg"
"<a href=""https://declanrjb.github.io/cds-engine/?unitid=134097"">Florida State University (FL)</a>","134097","https://public.flourish.studio/uploads/1447708/28c69406-d4a3-44a0-b2d9-1e6f4212b28a.svg","https://public.flourish.studio/uploads/1447708/28c69406-d4a3-44a0-b2d9-1e6f4212b28a.svg","https://public.flourish.studio/uploads/1447708/28c69406-d4a3-44a0-b2d9-1e6f4212b28a.svg","https://public.flourish.studio/uploads/1447708/01af279a-7cff-47af-99f0-1b12cb044687.svg","https://public.flourish.studio/uploads/1447708/28c69406-d4a3-44a0-b2d9-1e6f4212b28a.svg"
"<a href=""https://declanrjb.github.io/cds-engine/?unitid=134130"">University of Florida (FL)</a>","134130","https://public.flourish.studio/uploads/1447708/28c69406-d4a3-44a0-b2d9-1e6f4212b28a.svg","https://public.flourish.studio/uploads/1447708/01af279a-7cff-47af-99f0-1b12cb044687.svg","https://public.flourish.studio/uploads/1447708/01af279a-7cff-47af-99f0-1b12cb044687.svg","https://public.flourish.studio/uploads/1447708/01af279a-7cff-47af-99f0-1b12cb044687.svg","https://public.flourish.studio/uploads/1447708/28c69406-d4a3-44a0-b2d9-1e6f4212b28a.svg"
"<a href=""https://declanrjb.github.io/cds-engine/?unitid=135726"">University of Miami (FL)</a>","135726","https://public.flourish.studio/uploads/1447708/01af279a-7cff-47af-99f0-1b12cb044687.svg","https://public.flourish.studio/uploads/1447708/01af279a-7cff-47af-99f0-1b12cb044687.svg","https://public.flourish.studio/uploads/1447708/01af279a-7cff-47af-99f0-1b12cb044687.svg","https://public.flourish.studio/uploads/1447708/01af279a-7cff-47af-99f0-1b12cb044687.svg","https://public.flourish.studio/uploads/1447708/28c69406-d4a3-44a0-b2d9-1e6f4212b28a.svg"
"<a href=""https://declanrjb.github.io/cds-engine/?unitid=136330"">Palm Beach Atlantic University (FL)</a>","136330","https://public.flourish.studio/uploads/1447708/28c69406-d4a3-44a0-b2d9-1e6f4212b28a.svg","https://public.flourish.studio/uploads/1447708/01af279a-7cff-47af-99f0-1b12cb044687.svg","https://public.flourish.studio/uploads/1447708/01af279a-7cff-47af-99f0-1b12cb044687.svg","https://public.flourish.studio/uploads/1447708/28c69406-d4a3-44a0-b2d9-1e6f4212b28a.svg","https://public.flourish.studio/uploads/1447708/28c69406-d4a3-44a0-b2d9-1e6f4212b28a.svg"
"<a href=""https://declanrjb.github.io/cds-engine/?unitid=136950"">Rollins College (FL)</a>","136950","https://public.flourish.studio/uploads/1447708/01af279a-7cff-47af-99f0-1b12cb044687.svg","https://public.flourish.studio/uploads/1447708/01af279a-7cff-47af-99f0-1b12cb044687.svg","https://public.flourish.studio/uploads/1447708/01af279a-7cff-47af-99f0-1b12cb044687.svg","https://public.flourish.studio/uploads/1447708/01af279a-7cff-47af-99f0-1b12cb044687.svg","https://public.flourish.studio/uploads/1447708/28c69406-d4a3-44a0-b2d9-1e6f4212b28a.svg"
"<a href=""https://declanrjb.github.io/cds-engine/?unitid=137351"">University of South Florida (FL)</a>","137351","https://public.flourish.studio/uploads/1447708/01af279a-7cff-47af-99f0-1b12cb044687.svg","https://public.flourish.studio/uploads/1447708/01af279a-7cff-47af-99f0-1b12cb044687.svg","https://public.flourish.studio/uploads/1447708/01af279a-7cff-47af-99f0-1b12cb044687.svg","https://public.flourish.studio/uploads/1447708/01af279a-7cff-47af-99f0-1b12cb044687.svg","https://public.flourish.studio/uploads/1447708/28c69406-d4a3-44a0-b2d9-1e6f4212b28a.svg"
"<a href=""https://declanrjb.github.io/cds-engine/?unitid=137546"">Stetson University (FL)</a>","137546","https://public.flourish.studio/uploads/1447708/01af279a-7cff-47af-99f0-1b12cb044687.svg","https://public.flourish.studio/uploads/1447708/01af279a-7cff-47af-99f0-1b12cb044687.svg","https://public.flourish.studio/uploads/1447708/01af279a-7cff-47af-99f0-1b12cb044687.svg","https://public.flourish.studio/uploads/1447708/01af279a-7cff-47af-99f0-1b12cb044687.svg","https://public.flourish.studio/uploads/1447708/01af279a-7cff-47af-99f0-1b12cb044687.svg"
"<a href=""https://declanrjb.github.io/cds-engine/?unitid=138354"">University of West Florida (FL)</a>","138354","https://public.flourish.studio/uploads/1447708/01af279a-7cff-47af-99f0-1b12cb044687.svg","https://public.flourish.studio/uploads/1447708/01af279a-7cff-47af-99f0-1b12cb044687.svg","https://public.flourish.studio/uploads/1447708/01af279a-7cff-47af-99f0-1b12cb044687.svg","https://public.flourish.studio/uploads/1447708/01af279a-7cff-47af-99f0-1b12cb044687.svg","https://public.flourish.studio/uploads/1447708/28c69406-d4a3-44a0-b2d9-1e6f4212b28a.svg"
"<a href=""https://declanrjb.github.io/cds-engine/?unitid=138600"">Agnes Scott College (GA)</a>","138600","https://public.flourish.studio/uploads/1447708/01af279a-7cff-47af-99f0-1b12cb044687.svg","https://public.flourish.studio/uploads/1447708/01af279a-7cff-47af-99f0-1b12cb044687.svg","https://public.flourish.studio/uploads/1447708/01af279a-7cff-47af-99f0-1b12cb044687.svg","https://public.flourish.studio/uploads/1447708/01af279a-7cff-47af-99f0-1b12cb044687.svg","https://public.flourish.studio/uploads/1447708/01af279a-7cff-47af-99f0-1b12cb044687.svg"
"<a href=""https://declanrjb.github.io/cds-engine/?unitid=138947"">Clark Atlanta University (GA)</a>","138947","https://public.flourish.studio/uploads/1447708/28c69406-d4a3-44a0-b2d9-1e6f4212b28a.svg","https://public.flourish.studio/uploads/1447708/28c69406-d4a3-44a0-b2d9-1e6f4212b28a.svg","https://public.flourish.studio/uploads/1447708/01af279a-7cff-47af-99f0-1b12cb044687.svg","https://public.flourish.studio/uploads/1447708/28c69406-d4a3-44a0-b2d9-1e6f4212b28a.svg","https://public.flourish.studio/uploads/1447708/28c69406-d4a3-44a0-b2d9-1e6f4212b28a.svg"
"<a href=""https://declanrjb.github.io/cds-engine/?unitid=139250"">College of Coastal Georgia (GA)</a>","139250","https://public.flourish.studio/uploads/1447708/28c69406-d4a3-44a0-b2d9-1e6f4212b28a.svg","https://public.flourish.studio/uploads/1447708/28c69406-d4a3-44a0-b2d9-1e6f4212b28a.svg","https://public.flourish.studio/uploads/1447708/28c69406-d4a3-44a0-b2d9-1e6f4212b28a.svg","https://public.flourish.studio/uploads/1447708/01af279a-7cff-47af-99f0-1b12cb044687.svg","https://public.flourish.studio/uploads/1447708/28c69406-d4a3-44a0-b2d9-1e6f4212b28a.svg"
"<a href=""https://declanrjb.github.io/cds-engine/?unitid=139366"">Columbus State University (GA)</a>","139366","https://public.flourish.studio/uploads/1447708/01af279a-7cff-47af-99f0-1b12cb044687.svg","https://public.flourish.studio/uploads/1447708/01af279a-7cff-47af-99f0-1b12cb044687.svg","https://public.flourish.studio/uploads/1447708/01af279a-7cff-47af-99f0-1b12cb044687.svg","https://public.flourish.studio/uploads/1447708/01af279a-7cff-47af-99f0-1b12cb044687.svg","https://public.flourish.studio/uploads/1447708/28c69406-d4a3-44a0-b2d9-1e6f4212b28a.svg"
"<a href=""https://declanrjb.github.io/cds-engine/?unitid=139393"">Covenant College (GA)</a>","139393","https://public.flourish.studio/uploads/1447708/28c69406-d4a3-44a0-b2d9-1e6f4212b28a.svg","https://public.flourish.studio/uploads/1447708/28c69406-d4a3-44a0-b2d9-1e6f4212b28a.svg","https://public.flourish.studio/uploads/1447708/28c69406-d4a3-44a0-b2d9-1e6f4212b28a.svg","https://public.flourish.studio/uploads/1447708/28c69406-d4a3-44a0-b2d9-1e6f4212b28a.svg","https://public.flourish.studio/uploads/1447708/01af279a-7cff-47af-99f0-1b12cb044687.svg"
"<a href=""https://declanrjb.github.io/cds-engine/?unitid=139658"">Emory University (GA)</a>","139658","https://public.flourish.studio/uploads/1447708/01af279a-7cff-47af-99f0-1b12cb044687.svg","https://public.flourish.studio/uploads/1447708/01af279a-7cff-47af-99f0-1b12cb044687.svg","https://public.flourish.studio/uploads/1447708/01af279a-7cff-47af-99f0-1b12cb044687.svg","https://public.flourish.studio/uploads/1447708/01af279a-7cff-47af-99f0-1b12cb044687.svg","https://public.flourish.studio/uploads/1447708/28c69406-d4a3-44a0-b2d9-1e6f4212b28a.svg"
"<a href=""https://declanrjb.github.io/cds-engine/?unitid=139755"">Georgia Institute of Technology-Main Ca...</a>","139755","https://public.flourish.studio/uploads/1447708/28c69406-d4a3-44a0-b2d9-1e6f4212b28a.svg","https://public.flourish.studio/uploads/1447708/28c69406-d4a3-44a0-b2d9-1e6f4212b28a.svg","https://public.flourish.studio/uploads/1447708/28c69406-d4a3-44a0-b2d9-1e6f4212b28a.svg","https://public.flourish.studio/uploads/1447708/01af279a-7cff-47af-99f0-1b12cb044687.svg","https://public.flourish.studio/uploads/1447708/01af279a-7cff-47af-99f0-1b12cb044687.svg"
"<a href=""https://declanrjb.github.io/cds-engine/?unitid=139940"">Georgia State University (GA)</a>","139940","https://public.flourish.studio/uploads/1447708/01af279a-7cff-47af-99f0-1b12cb044687.svg","https://public.flourish.studio/uploads/1447708/28c69406-d4a3-44a0-b2d9-1e6f4212b28a.svg","https://public.flourish.studio/uploads/1447708/01af279a-7cff-47af-99f0-1b12cb044687.svg","https://public.flourish.studio/uploads/1447708/01af279a-7cff-47af-99f0-1b12cb044687.svg","https://public.flourish.studio/uploads/1447708/28c69406-d4a3-44a0-b2d9-1e6f4212b28a.svg"
"<a href=""https://declanrjb.github.io/cds-engine/?unitid=139959"">University of Georgia (GA)</a>","139959","https://public.flourish.studio/uploads/1447708/01af279a-7cff-47af-99f0-1b12cb044687.svg","https://public.flourish.studio/uploads/1447708/01af279a-7cff-47af-99f0-1b12cb044687.svg","https://public.flourish.studio/uploads/1447708/01af279a-7cff-47af-99f0-1b12cb044687.svg","https://public.flourish.studio/uploads/1447708/01af279a-7cff-47af-99f0-1b12cb044687.svg","https://public.flourish.studio/uploads/1447708/28c69406-d4a3-44a0-b2d9-1e6f4212b28a.svg"
"<a href=""https://declanrjb.github.io/cds-engine/?unitid=140252"">Life University (GA)</a>","140252","https://public.flourish.studio/uploads/1447708/01af279a-7cff-47af-99f0-1b12cb044687.svg","https://public.flourish.studio/uploads/1447708/28c69406-d4a3-44a0-b2d9-1e6f4212b28a.svg","https://public.flourish.studio/uploads/1447708/28c69406-d4a3-44a0-b2d9-1e6f4212b28a.svg","https://public.flourish.studio/uploads/1447708/28c69406-d4a3-44a0-b2d9-1e6f4212b28a.svg","https://public.flourish.studio/uploads/1447708/28c69406-d4a3-44a0-b2d9-1e6f4212b28a.svg"
"<a href=""https://declanrjb.github.io/cds-engine/?unitid=140553"">Morehouse College (GA)</a>","140553","https://public.flourish.studio/uploads/1447708/01af279a-7cff-47af-99f0-1b12cb044687.svg","https://public.flourish.studio/uploads/1447708/01af279a-7cff-47af-99f0-1b12cb044687.svg","https://public.flourish.studio/uploads/1447708/01af279a-7cff-47af-99f0-1b12cb044687.svg","https://public.flourish.studio/uploads/1447708/28c69406-d4a3-44a0-b2d9-1e6f4212b28a.svg","https://public.flourish.studio/uploads/1447708/28c69406-d4a3-44a0-b2d9-1e6f4212b28a.svg"
"<a href=""https://declanrjb.github.io/cds-engine/?unitid=140696"">Oglethorpe University (GA)</a>","140696","https://public.flourish.studio/uploads/1447708/01af279a-7cff-47af-99f0-1b12cb044687.svg","https://public.flourish.studio/uploads/1447708/28c69406-d4a3-44a0-b2d9-1e6f4212b28a.svg","https://public.flourish.studio/uploads/1447708/28c69406-d4a3-44a0-b2d9-1e6f4212b28a.svg","https://public.flourish.studio/uploads/1447708/28c69406-d4a3-44a0-b2d9-1e6f4212b28a.svg","https://public.flourish.studio/uploads/1447708/01af279a-7cff-47af-99f0-1b12cb044687.svg"
"<a href=""https://declanrjb.github.io/cds-engine/?unitid=141060"">Spelman College (GA)</a>","141060","https://public.flourish.studio/uploads/1447708/01af279a-7cff-47af-99f0-1b12cb044687.svg","https://public.flourish.studio/uploads/1447708/01af279a-7cff-47af-99f0-1b12cb044687.svg","https://public.flourish.studio/uploads/1447708/01af279a-7cff-47af-99f0-1b12cb044687.svg","https://public.flourish.studio/uploads/1447708/01af279a-7cff-47af-99f0-1b12cb044687.svg","https://public.flourish.studio/uploads/1447708/01af279a-7cff-47af-99f0-1b12cb044687.svg"
"<a href=""https://declanrjb.github.io/cds-engine/?unitid=141264"">Valdosta State University (GA)</a>","141264","https://public.flourish.studio/uploads/1447708/01af279a-7cff-47af-99f0-1b12cb044687.svg","https://public.flourish.studio/uploads/1447708/01af279a-7cff-47af-99f0-1b12cb044687.svg","https://public.flourish.studio/uploads/1447708/01af279a-7cff-47af-99f0-1b12cb044687.svg","https://public.flourish.studio/uploads/1447708/01af279a-7cff-47af-99f0-1b12cb044687.svg","https://public.flourish.studio/uploads/1447708/28c69406-d4a3-44a0-b2d9-1e6f4212b28a.svg"
"<a href=""https://declanrjb.github.io/cds-engine/?unitid=141334"">University of West Georgia (GA)</a>","141334","https://public.flourish.studio/uploads/1447708/01af279a-7cff-47af-99f0-1b12cb044687.svg","https://public.flourish.studio/uploads/1447708/01af279a-7cff-47af-99f0-1b12cb044687.svg","https://public.flourish.studio/uploads/1447708/01af279a-7cff-47af-99f0-1b12cb044687.svg","https://public.flourish.studio/uploads/1447708/01af279a-7cff-47af-99f0-1b12cb044687.svg","https://public.flourish.studio/uploads/1447708/01af279a-7cff-47af-99f0-1b12cb044687.svg"
"<a href=""https://declanrjb.github.io/cds-engine/?unitid=141361"">Young Harris College (GA)</a>","141361","https://public.flourish.studio/uploads/1447708/28c69406-d4a3-44a0-b2d9-1e6f4212b28a.svg","https://public.flourish.studio/uploads/1447708/01af279a-7cff-47af-99f0-1b12cb044687.svg","https://public.flourish.studio/uploads/1447708/28c69406-d4a3-44a0-b2d9-1e6f4212b28a.svg","https://public.flourish.studio/uploads/1447708/28c69406-d4a3-44a0-b2d9-1e6f4212b28a.svg","https://public.flourish.studio/uploads/1447708/28c69406-d4a3-44a0-b2d9-1e6f4212b28a.svg"
"<a href=""https://declanrjb.github.io/cds-engine/?unitid=141574"">University of Hawaii at Manoa (HI)</a>","141574","https://public.flourish.studio/uploads/1447708/28c69406-d4a3-44a0-b2d9-1e6f4212b28a.svg","https://public.flourish.studio/uploads/1447708/01af279a-7cff-47af-99f0-1b12cb044687.svg","https://public.flourish.studio/uploads/1447708/28c69406-d4a3-44a0-b2d9-1e6f4212b28a.svg","https://public.flourish.studio/uploads/1447708/01af279a-7cff-47af-99f0-1b12cb044687.svg","https://public.flourish.studio/uploads/1447708/28c69406-d4a3-44a0-b2d9-1e6f4212b28a.svg"
"<a href=""https://declanrjb.github.io/cds-engine/?unitid=142115"">Boise State University (ID)</a>","142115","https://public.flourish.studio/uploads/1447708/01af279a-7cff-47af-99f0-1b12cb044687.svg","https://public.flourish.studio/uploads/1447708/28c69406-d4a3-44a0-b2d9-1e6f4212b28a.svg","https://public.flourish.studio/uploads/1447708/28c69406-d4a3-44a0-b2d9-1e6f4212b28a.svg","https://public.flourish.studio/uploads/1447708/01af279a-7cff-47af-99f0-1b12cb044687.svg","https://public.flourish.studio/uploads/1447708/01af279a-7cff-47af-99f0-1b12cb044687.svg"
"<a href=""https://declanrjb.github.io/cds-engine/?unitid=142276"">Idaho State University (ID)</a>","142276","https://public.flourish.studio/uploads/1447708/01af279a-7cff-47af-99f0-1b12cb044687.svg","https://public.flourish.studio/uploads/1447708/01af279a-7cff-47af-99f0-1b12cb044687.svg","https://public.flourish.studio/uploads/1447708/28c69406-d4a3-44a0-b2d9-1e6f4212b28a.svg","https://public.flourish.studio/uploads/1447708/28c69406-d4a3-44a0-b2d9-1e6f4212b28a.svg","https://public.flourish.studio/uploads/1447708/28c69406-d4a3-44a0-b2d9-1e6f4212b28a.svg"
"<a href=""https://declanrjb.github.io/cds-engine/?unitid=142285"">University of Idaho (ID)</a>","142285","https://public.flourish.studio/uploads/1447708/28c69406-d4a3-44a0-b2d9-1e6f4212b28a.svg","https://public.flourish.studio/uploads/1447708/01af279a-7cff-47af-99f0-1b12cb044687.svg","https://public.flourish.studio/uploads/1447708/28c69406-d4a3-44a0-b2d9-1e6f4212b28a.svg","https://public.flourish.studio/uploads/1447708/28c69406-d4a3-44a0-b2d9-1e6f4212b28a.svg","https://public.flourish.studio/uploads/1447708/28c69406-d4a3-44a0-b2d9-1e6f4212b28a.svg"
"<a href=""https://declanrjb.github.io/cds-engine/?unitid=142328"">Lewis-Clark State College (ID)</a>","142328","https://public.flourish.studio/uploads/1447708/28c69406-d4a3-44a0-b2d9-1e6f4212b28a.svg","https://public.flourish.studio/uploads/1447708/28c69406-d4a3-44a0-b2d9-1e6f4212b28a.svg","https://public.flourish.studio/uploads/1447708/01af279a-7cff-47af-99f0-1b12cb044687.svg","https://public.flourish.studio/uploads/1447708/01af279a-7cff-47af-99f0-1b12cb044687.svg","https://public.flourish.studio/uploads/1447708/01af279a-7cff-47af-99f0-1b12cb044687.svg"
"<a href=""https://declanrjb.github.io/cds-engine/?unitid=142559"">College of Southern Idaho (ID)</a>","142559","https://public.flourish.studio/uploads/1447708/01af279a-7cff-47af-99f0-1b12cb044687.svg","https://public.flourish.studio/uploads/1447708/01af279a-7cff-47af-99f0-1b12cb044687.svg","https://public.flourish.studio/uploads/1447708/01af279a-7cff-47af-99f0-1b12cb044687.svg","https://public.flourish.studio/uploads/1447708/28c69406-d4a3-44a0-b2d9-1e6f4212b28a.svg","https://public.flourish.studio/uploads/1447708/28c69406-d4a3-44a0-b2d9-1e6f4212b28a.svg"
"<a href=""https://declanrjb.github.io/cds-engine/?unitid=143084"">Augustana College (IL)</a>","143084","https://public.flourish.studio/uploads/1447708/01af279a-7cff-47af-99f0-1b12cb044687.svg","https://public.flourish.studio/uploads/1447708/01af279a-7cff-47af-99f0-1b12cb044687.svg","https://public.flourish.studio/uploads/1447708/01af279a-7cff-47af-99f0-1b12cb044687.svg","https://public.flourish.studio/uploads/1447708/01af279a-7cff-47af-99f0-1b12cb044687.svg","https://public.flourish.studio/uploads/1447708/01af279a-7cff-47af-99f0-1b12cb044687.svg"
"<a href=""https://declanrjb.github.io/cds-engine/?unitid=143118"">Aurora University (IL)</a>","143118","https://public.flourish.studio/uploads/1447708/01af279a-7cff-47af-99f0-1b12cb044687.svg","https://public.flourish.studio/uploads/1447708/01af279a-7cff-47af-99f0-1b12cb044687.svg","https://public.flourish.studio/uploads/1447708/01af279a-7cff-47af-99f0-1b12cb044687.svg","https://public.flourish.studio/uploads/1447708/01af279a-7cff-47af-99f0-1b12cb044687.svg","https://public.flourish.studio/uploads/1447708/01af279a-7cff-47af-99f0-1b12cb044687.svg"
"<a href=""https://declanrjb.github.io/cds-engine/?unitid=143358"">Bradley University (IL)</a>","143358","https://public.flourish.studio/uploads/1447708/01af279a-7cff-47af-99f0-1b12cb044687.svg","https://public.flourish.studio/uploads/1447708/01af279a-7cff-47af-99f0-1b12cb044687.svg","https://public.flourish.studio/uploads/1447708/01af279a-7cff-47af-99f0-1b12cb044687.svg","https://public.flourish.studio/uploads/1447708/01af279a-7cff-47af-99f0-1b12cb044687.svg","https://public.flourish.studio/uploads/1447708/28c69406-d4a3-44a0-b2d9-1e6f4212b28a.svg"
"<a href=""https://declanrjb.github.io/cds-engine/?unitid=144050"">University of Chicago (IL)</a>","144050","https://public.flourish.studio/uploads/1447708/01af279a-7cff-47af-99f0-1b12cb044687.svg","https://public.flourish.studio/uploads/1447708/28c69406-d4a3-44a0-b2d9-1e6f4212b28a.svg","https://public.flourish.studio/uploads/1447708/01af279a-7cff-47af-99f0-1b12cb044687.svg","https://public.flourish.studio/uploads/1447708/01af279a-7cff-47af-99f0-1b12cb044687.svg","https://public.flourish.studio/uploads/1447708/28c69406-d4a3-44a0-b2d9-1e6f4212b28a.svg"
"<a href=""https://declanrjb.github.io/cds-engine/?unitid=144351"">Concordia University-Chicago (IL)</a>","144351","https://public.flourish.studio/uploads/1447708/01af279a-7cff-47af-99f0-1b12cb044687.svg","https://public.flourish.studio/uploads/1447708/01af279a-7cff-47af-99f0-1b12cb044687.svg","https://public.flourish.studio/uploads/1447708/28c69406-d4a3-44a0-b2d9-1e6f4212b28a.svg","https://public.flourish.studio/uploads/1447708/28c69406-d4a3-44a0-b2d9-1e6f4212b28a.svg","https://public.flourish.studio/uploads/1447708/28c69406-d4a3-44a0-b2d9-1e6f4212b28a.svg"
"<a href=""https://declanrjb.github.io/cds-engine/?unitid=144740"">DePaul University (IL)</a>","144740","https://public.flourish.studio/uploads/1447708/01af279a-7cff-47af-99f0-1b12cb044687.svg","https://public.flourish.studio/uploads/1447708/01af279a-7cff-47af-99f0-1b12cb044687.svg","https://public.flourish.studio/uploads/1447708/01af279a-7cff-47af-99f0-1b12cb044687.svg","https://public.flourish.studio/uploads/1447708/01af279a-7cff-47af-99f0-1b12cb044687.svg","https://public.flourish.studio/uploads/1447708/28c69406-d4a3-44a0-b2d9-1e6f4212b28a.svg"
"<a href=""https://declanrjb.github.io/cds-engine/?unitid=145336"">Governors State University (IL)</a>","145336","https://public.flourish.studio/uploads/1447708/28c69406-d4a3-44a0-b2d9-1e6f4212b28a.svg","https://public.flourish.studio/uploads/1447708/01af279a-7cff-47af-99f0-1b12cb044687.svg","https://public.flourish.studio/uploads/1447708/28c69406-d4a3-44a0-b2d9-1e6f4212b28a.svg","https://public.flourish.studio/uploads/1447708/28c69406-d4a3-44a0-b2d9-1e6f4212b28a.svg","https://public.flourish.studio/uploads/1447708/28c69406-d4a3-44a0-b2d9-1e6f4212b28a.svg"
"<a href=""https://declanrjb.github.io/cds-engine/?unitid=145600"">University of Illinois Chicago (IL)</a>","145600","https://public.flourish.studio/uploads/1447708/28c69406-d4a3-44a0-b2d9-1e6f4212b28a.svg","https://public.flourish.studio/uploads/1447708/28c69406-d4a3-44a0-b2d9-1e6f4212b28a.svg","https://public.flourish.studio/uploads/1447708/28c69406-d4a3-44a0-b2d9-1e6f4212b28a.svg","https://public.flourish.studio/uploads/1447708/28c69406-d4a3-44a0-b2d9-1e6f4212b28a.svg","https://public.flourish.studio/uploads/1447708/01af279a-7cff-47af-99f0-1b12cb044687.svg"
"<a href=""https://declanrjb.github.io/cds-engine/?unitid=145619"">Benedictine University (IL)</a>","145619","https://public.flourish.studio/uploads/1447708/01af279a-7cff-47af-99f0-1b12cb044687.svg","https://public.flourish.studio/uploads/1447708/01af279a-7cff-47af-99f0-1b12cb044687.svg","https://public.flourish.studio/uploads/1447708/01af279a-7cff-47af-99f0-1b12cb044687.svg","https://public.flourish.studio/uploads/1447708/28c69406-d4a3-44a0-b2d9-1e6f4212b28a.svg","https://public.flourish.studio/uploads/1447708/28c69406-d4a3-44a0-b2d9-1e6f4212b28a.svg"
"<a href=""https://declanrjb.github.io/cds-engine/?unitid=145646"">Illinois Wesleyan University (IL)</a>","145646","https://public.flourish.studio/uploads/1447708/01af279a-7cff-47af-99f0-1b12cb044687.svg","https://public.flourish.studio/uploads/1447708/01af279a-7cff-47af-99f0-1b12cb044687.svg","https://public.flourish.studio/uploads/1447708/01af279a-7cff-47af-99f0-1b12cb044687.svg","https://public.flourish.studio/uploads/1447708/01af279a-7cff-47af-99f0-1b12cb044687.svg","https://public.flourish.studio/uploads/1447708/01af279a-7cff-47af-99f0-1b12cb044687.svg"
"<a href=""https://declanrjb.github.io/cds-engine/?unitid=145691"">Illinois College (IL)</a>","145691","https://public.flourish.studio/uploads/1447708/01af279a-7cff-47af-99f0-1b12cb044687.svg","https://public.flourish.studio/uploads/1447708/01af279a-7cff-47af-99f0-1b12cb044687.svg","https://public.flourish.studio/uploads/1447708/01af279a-7cff-47af-99f0-1b12cb044687.svg","https://public.flourish.studio/uploads/1447708/28c69406-d4a3-44a0-b2d9-1e6f4212b28a.svg","https://public.flourish.studio/uploads/1447708/28c69406-d4a3-44a0-b2d9-1e6f4212b28a.svg"
"<a href=""https://declanrjb.github.io/cds-engine/?unitid=145725"">Illinois Institute of Technology (IL)</a>","145725","https://public.flourish.studio/uploads/1447708/01af279a-7cff-47af-99f0-1b12cb044687.svg","https://public.flourish.studio/uploads/1447708/01af279a-7cff-47af-99f0-1b12cb044687.svg","https://public.flourish.studio/uploads/1447708/01af279a-7cff-47af-99f0-1b12cb044687.svg","https://public.flourish.studio/uploads/1447708/28c69406-d4a3-44a0-b2d9-1e6f4212b28a.svg","https://public.flourish.studio/uploads/1447708/28c69406-d4a3-44a0-b2d9-1e6f4212b28a.svg"
"<a href=""https://declanrjb.github.io/cds-engine/?unitid=145813"">Illinois State University (IL)</a>","145813","https://public.flourish.studio/uploads/1447708/28c69406-d4a3-44a0-b2d9-1e6f4212b28a.svg","https://public.flourish.studio/uploads/1447708/01af279a-7cff-47af-99f0-1b12cb044687.svg","https://public.flourish.studio/uploads/1447708/28c69406-d4a3-44a0-b2d9-1e6f4212b28a.svg","https://public.flourish.studio/uploads/1447708/28c69406-d4a3-44a0-b2d9-1e6f4212b28a.svg","https://public.flourish.studio/uploads/1447708/28c69406-d4a3-44a0-b2d9-1e6f4212b28a.svg"
"<a href=""https://declanrjb.github.io/cds-engine/?unitid=146427"">Knox College (IL)</a>","146427","https://public.flourish.studio/uploads/1447708/28c69406-d4a3-44a0-b2d9-1e6f4212b28a.svg","https://public.flourish.studio/uploads/1447708/01af279a-7cff-47af-99f0-1b12cb044687.svg","https://public.flourish.studio/uploads/1447708/28c69406-d4a3-44a0-b2d9-1e6f4212b28a.svg","https://public.flourish.studio/uploads/1447708/01af279a-7cff-47af-99f0-1b12cb044687.svg","https://public.flourish.studio/uploads/1447708/01af279a-7cff-47af-99f0-1b12cb044687.svg"
"<a href=""https://declanrjb.github.io/cds-engine/?unitid=146481"">Lake Forest College (IL)</a>","146481","https://public.flourish.studio/uploads/1447708/01af279a-7cff-47af-99f0-1b12cb044687.svg","https://public.flourish.studio/uploads/1447708/28c69406-d4a3-44a0-b2d9-1e6f4212b28a.svg","https://public.flourish.studio/uploads/1447708/28c69406-d4a3-44a0-b2d9-1e6f4212b28a.svg","https://public.flourish.studio/uploads/1447708/01af279a-7cff-47af-99f0-1b12cb044687.svg","https://public.flourish.studio/uploads/1447708/28c69406-d4a3-44a0-b2d9-1e6f4212b28a.svg"
"<a href=""https://declanrjb.github.io/cds-engine/?unitid=146612"">Lewis University (IL)</a>","146612","https://public.flourish.studio/uploads/1447708/28c69406-d4a3-44a0-b2d9-1e6f4212b28a.svg","https://public.flourish.studio/uploads/1447708/01af279a-7cff-47af-99f0-1b12cb044687.svg","https://public.flourish.studio/uploads/1447708/28c69406-d4a3-44a0-b2d9-1e6f4212b28a.svg","https://public.flourish.studio/uploads/1447708/01af279a-7cff-47af-99f0-1b12cb044687.svg","https://public.flourish.studio/uploads/1447708/01af279a-7cff-47af-99f0-1b12cb044687.svg"
"<a href=""https://declanrjb.github.io/cds-engine/?unitid=146667"">NA (NA)</a>","146667","https://public.flourish.studio/uploads/1447708/28c69406-d4a3-44a0-b2d9-1e6f4212b28a.svg","https://public.flourish.studio/uploads/1447708/28c69406-d4a3-44a0-b2d9-1e6f4212b28a.svg","https://public.flourish.studio/uploads/1447708/28c69406-d4a3-44a0-b2d9-1e6f4212b28a.svg","https://public.flourish.studio/uploads/1447708/28c69406-d4a3-44a0-b2d9-1e6f4212b28a.svg","https://public.flourish.studio/uploads/1447708/01af279a-7cff-47af-99f0-1b12cb044687.svg"
"<a href=""https://declanrjb.github.io/cds-engine/?unitid=146719"">Loyola University Chicago (IL)</a>","146719","https://public.flourish.studio/uploads/1447708/01af279a-7cff-47af-99f0-1b12cb044687.svg","https://public.flourish.studio/uploads/1447708/01af279a-7cff-47af-99f0-1b12cb044687.svg","https://public.flourish.studio/uploads/1447708/01af279a-7cff-47af-99f0-1b12cb044687.svg","https://public.flourish.studio/uploads/1447708/01af279a-7cff-47af-99f0-1b12cb044687.svg","https://public.flourish.studio/uploads/1447708/01af279a-7cff-47af-99f0-1b12cb044687.svg"
"<a href=""https://declanrjb.github.io/cds-engine/?unitid=147660"">North Central College (IL)</a>","147660","https://public.flourish.studio/uploads/1447708/01af279a-7cff-47af-99f0-1b12cb044687.svg","https://public.flourish.studio/uploads/1447708/28c69406-d4a3-44a0-b2d9-1e6f4212b28a.svg","https://public.flourish.studio/uploads/1447708/28c69406-d4a3-44a0-b2d9-1e6f4212b28a.svg","https://public.flourish.studio/uploads/1447708/28c69406-d4a3-44a0-b2d9-1e6f4212b28a.svg","https://public.flourish.studio/uploads/1447708/28c69406-d4a3-44a0-b2d9-1e6f4212b28a.svg"
"<a href=""https://declanrjb.github.io/cds-engine/?unitid=147767"">Northwestern University (IL)</a>","147767","https://public.flourish.studio/uploads/1447708/01af279a-7cff-47af-99f0-1b12cb044687.svg","https://public.flourish.studio/uploads/1447708/01af279a-7cff-47af-99f0-1b12cb044687.svg","https://public.flourish.studio/uploads/1447708/01af279a-7cff-47af-99f0-1b12cb044687.svg","https://public.flourish.studio/uploads/1447708/01af279a-7cff-47af-99f0-1b12cb044687.svg","https://public.flourish.studio/uploads/1447708/28c69406-d4a3-44a0-b2d9-1e6f4212b28a.svg"
"<a href=""https://declanrjb.github.io/cds-engine/?unitid=147776"">Northeastern Illinois University (IL)</a>","147776","https://public.flourish.studio/uploads/1447708/28c69406-d4a3-44a0-b2d9-1e6f4212b28a.svg","https://public.flourish.studio/uploads/1447708/28c69406-d4a3-44a0-b2d9-1e6f4212b28a.svg","https://public.flourish.studio/uploads/1447708/28c69406-d4a3-44a0-b2d9-1e6f4212b28a.svg","https://public.flourish.studio/uploads/1447708/01af279a-7cff-47af-99f0-1b12cb044687.svg","https://public.flourish.studio/uploads/1447708/28c69406-d4a3-44a0-b2d9-1e6f4212b28a.svg"
"<a href=""https://declanrjb.github.io/cds-engine/?unitid=148131"">Quincy University (IL)</a>","148131","https://public.flourish.studio/uploads/1447708/01af279a-7cff-47af-99f0-1b12cb044687.svg","https://public.flourish.studio/uploads/1447708/28c69406-d4a3-44a0-b2d9-1e6f4212b28a.svg","https://public.flourish.studio/uploads/1447708/01af279a-7cff-47af-99f0-1b12cb044687.svg","https://public.flourish.studio/uploads/1447708/01af279a-7cff-47af-99f0-1b12cb044687.svg","https://public.flourish.studio/uploads/1447708/01af279a-7cff-47af-99f0-1b12cb044687.svg"
"<a href=""https://declanrjb.github.io/cds-engine/?unitid=148496"">Dominican University (IL)</a>","148496","https://public.flourish.studio/uploads/1447708/28c69406-d4a3-44a0-b2d9-1e6f4212b28a.svg","https://public.flourish.studio/uploads/1447708/01af279a-7cff-47af-99f0-1b12cb044687.svg","https://public.flourish.studio/uploads/1447708/28c69406-d4a3-44a0-b2d9-1e6f4212b28a.svg","https://public.flourish.studio/uploads/1447708/28c69406-d4a3-44a0-b2d9-1e6f4212b28a.svg","https://public.flourish.studio/uploads/1447708/01af279a-7cff-47af-99f0-1b12cb044687.svg"
"<a href=""https://declanrjb.github.io/cds-engine/?unitid=148654"">University of Illinois Springfield (IL)</a>","148654","https://public.flourish.studio/uploads/1447708/01af279a-7cff-47af-99f0-1b12cb044687.svg","https://public.flourish.studio/uploads/1447708/28c69406-d4a3-44a0-b2d9-1e6f4212b28a.svg","https://public.flourish.studio/uploads/1447708/28c69406-d4a3-44a0-b2d9-1e6f4212b28a.svg","https://public.flourish.studio/uploads/1447708/28c69406-d4a3-44a0-b2d9-1e6f4212b28a.svg","https://public.flourish.studio/uploads/1447708/28c69406-d4a3-44a0-b2d9-1e6f4212b28a.svg"
"<a href=""https://declanrjb.github.io/cds-engine/?unitid=148885"">University of Saint Mary of the Lake (IL)</a>","148885","https://public.flourish.studio/uploads/1447708/28c69406-d4a3-44a0-b2d9-1e6f4212b28a.svg","https://public.flourish.studio/uploads/1447708/28c69406-d4a3-44a0-b2d9-1e6f4212b28a.svg","https://public.flourish.studio/uploads/1447708/28c69406-d4a3-44a0-b2d9-1e6f4212b28a.svg","https://public.flourish.studio/uploads/1447708/01af279a-7cff-47af-99f0-1b12cb044687.svg","https://public.flourish.studio/uploads/1447708/28c69406-d4a3-44a0-b2d9-1e6f4212b28a.svg"
"<a href=""https://declanrjb.github.io/cds-engine/?unitid=149222"">Southern Illinois University-Carbondale...</a>","149222","https://public.flourish.studio/uploads/1447708/28c69406-d4a3-44a0-b2d9-1e6f4212b28a.svg","https://public.flourish.studio/uploads/1447708/28c69406-d4a3-44a0-b2d9-1e6f4212b28a.svg","https://public.flourish.studio/uploads/1447708/01af279a-7cff-47af-99f0-1b12cb044687.svg","https://public.flourish.studio/uploads/1447708/28c69406-d4a3-44a0-b2d9-1e6f4212b28a.svg","https://public.flourish.studio/uploads/1447708/28c69406-d4a3-44a0-b2d9-1e6f4212b28a.svg"
"<a href=""https://declanrjb.github.io/cds-engine/?unitid=150136"">Ball State University (IN)</a>","150136","https://public.flourish.studio/uploads/1447708/28c69406-d4a3-44a0-b2d9-1e6f4212b28a.svg","https://public.flourish.studio/uploads/1447708/01af279a-7cff-47af-99f0-1b12cb044687.svg","https://public.flourish.studio/uploads/1447708/01af279a-7cff-47af-99f0-1b12cb044687.svg","https://public.flourish.studio/uploads/1447708/01af279a-7cff-47af-99f0-1b12cb044687.svg","https://public.flourish.studio/uploads/1447708/28c69406-d4a3-44a0-b2d9-1e6f4212b28a.svg"
"<a href=""https://declanrjb.github.io/cds-engine/?unitid=150163"">Butler University (IN)</a>","150163","https://public.flourish.studio/uploads/1447708/01af279a-7cff-47af-99f0-1b12cb044687.svg","https://public.flourish.studio/uploads/1447708/01af279a-7cff-47af-99f0-1b12cb044687.svg","https://public.flourish.studio/uploads/1447708/28c69406-d4a3-44a0-b2d9-1e6f4212b28a.svg","https://public.flourish.studio/uploads/1447708/28c69406-d4a3-44a0-b2d9-1e6f4212b28a.svg","https://public.flourish.studio/uploads/1447708/01af279a-7cff-47af-99f0-1b12cb044687.svg"
"<a href=""https://declanrjb.github.io/cds-engine/?unitid=150400"">DePauw University (IN)</a>","150400","https://public.flourish.studio/uploads/1447708/01af279a-7cff-47af-99f0-1b12cb044687.svg","https://public.flourish.studio/uploads/1447708/01af279a-7cff-47af-99f0-1b12cb044687.svg","https://public.flourish.studio/uploads/1447708/01af279a-7cff-47af-99f0-1b12cb044687.svg","https://public.flourish.studio/uploads/1447708/01af279a-7cff-47af-99f0-1b12cb044687.svg","https://public.flourish.studio/uploads/1447708/28c69406-d4a3-44a0-b2d9-1e6f4212b28a.svg"
"<a href=""https://declanrjb.github.io/cds-engine/?unitid=150455"">Earlham College (IN)</a>","150455","https://public.flourish.studio/uploads/1447708/01af279a-7cff-47af-99f0-1b12cb044687.svg","https://public.flourish.studio/uploads/1447708/28c69406-d4a3-44a0-b2d9-1e6f4212b28a.svg","https://public.flourish.studio/uploads/1447708/01af279a-7cff-47af-99f0-1b12cb044687.svg","https://public.flourish.studio/uploads/1447708/01af279a-7cff-47af-99f0-1b12cb044687.svg","https://public.flourish.studio/uploads/1447708/01af279a-7cff-47af-99f0-1b12cb044687.svg"
"<a href=""https://declanrjb.github.io/cds-engine/?unitid=150941"">Huntington University (IN)</a>","150941","https://public.flourish.studio/uploads/1447708/28c69406-d4a3-44a0-b2d9-1e6f4212b28a.svg","https://public.flourish.studio/uploads/1447708/01af279a-7cff-47af-99f0-1b12cb044687.svg","https://public.flourish.studio/uploads/1447708/28c69406-d4a3-44a0-b2d9-1e6f4212b28a.svg","https://public.flourish.studio/uploads/1447708/28c69406-d4a3-44a0-b2d9-1e6f4212b28a.svg","https://public.flourish.studio/uploads/1447708/28c69406-d4a3-44a0-b2d9-1e6f4212b28a.svg"
"<a href=""https://declanrjb.github.io/cds-engine/?unitid=151102"">Purdue University Fort Wayne (IN)</a>","151102","https://public.flourish.studio/uploads/1447708/28c69406-d4a3-44a0-b2d9-1e6f4212b28a.svg","https://public.flourish.studio/uploads/1447708/28c69406-d4a3-44a0-b2d9-1e6f4212b28a.svg","https://public.flourish.studio/uploads/1447708/28c69406-d4a3-44a0-b2d9-1e6f4212b28a.svg","https://public.flourish.studio/uploads/1447708/28c69406-d4a3-44a0-b2d9-1e6f4212b28a.svg","https://public.flourish.studio/uploads/1447708/01af279a-7cff-47af-99f0-1b12cb044687.svg"
"<a href=""https://declanrjb.github.io/cds-engine/?unitid=151306"">University of Southern Indiana (IN)</a>","151306","https://public.flourish.studio/uploads/1447708/01af279a-7cff-47af-99f0-1b12cb044687.svg","https://public.flourish.studio/uploads/1447708/01af279a-7cff-47af-99f0-1b12cb044687.svg","https://public.flourish.studio/uploads/1447708/01af279a-7cff-47af-99f0-1b12cb044687.svg","https://public.flourish.studio/uploads/1447708/01af279a-7cff-47af-99f0-1b12cb044687.svg","https://public.flourish.studio/uploads/1447708/28c69406-d4a3-44a0-b2d9-1e6f4212b28a.svg"
"<a href=""https://declanrjb.github.io/cds-engine/?unitid=151324"">Indiana State University (IN)</a>","151324","https://public.flourish.studio/uploads/1447708/28c69406-d4a3-44a0-b2d9-1e6f4212b28a.svg","https://public.flourish.studio/uploads/1447708/28c69406-d4a3-44a0-b2d9-1e6f4212b28a.svg","https://public.flourish.studio/uploads/1447708/28c69406-d4a3-44a0-b2d9-1e6f4212b28a.svg","https://public.flourish.studio/uploads/1447708/01af279a-7cff-47af-99f0-1b12cb044687.svg","https://public.flourish.studio/uploads/1447708/01af279a-7cff-47af-99f0-1b12cb044687.svg"
"<a href=""https://declanrjb.github.io/cds-engine/?unitid=151351"">Indiana University-Bloomington (IN)</a>","151351","https://public.flourish.studio/uploads/1447708/28c69406-d4a3-44a0-b2d9-1e6f4212b28a.svg","https://public.flourish.studio/uploads/1447708/28c69406-d4a3-44a0-b2d9-1e6f4212b28a.svg","https://public.flourish.studio/uploads/1447708/28c69406-d4a3-44a0-b2d9-1e6f4212b28a.svg","https://public.flourish.studio/uploads/1447708/01af279a-7cff-47af-99f0-1b12cb044687.svg","https://public.flourish.studio/uploads/1447708/28c69406-d4a3-44a0-b2d9-1e6f4212b28a.svg"
"<a href=""https://declanrjb.github.io/cds-engine/?unitid=152080"">University of Notre Dame (IN)</a>","152080","https://public.flourish.studio/uploads/1447708/01af279a-7cff-47af-99f0-1b12cb044687.svg","https://public.flourish.studio/uploads/1447708/01af279a-7cff-47af-99f0-1b12cb044687.svg","https://public.flourish.studio/uploads/1447708/01af279a-7cff-47af-99f0-1b12cb044687.svg","https://public.flourish.studio/uploads/1447708/01af279a-7cff-47af-99f0-1b12cb044687.svg","https://public.flourish.studio/uploads/1447708/28c69406-d4a3-44a0-b2d9-1e6f4212b28a.svg"
"<a href=""https://declanrjb.github.io/cds-engine/?unitid=152318"">Rose-Hulman Institute of Technology (IN)</a>","152318","https://public.flourish.studio/uploads/1447708/01af279a-7cff-47af-99f0-1b12cb044687.svg","https://public.flourish.studio/uploads/1447708/01af279a-7cff-47af-99f0-1b12cb044687.svg","https://public.flourish.studio/uploads/1447708/01af279a-7cff-47af-99f0-1b12cb044687.svg","https://public.flourish.studio/uploads/1447708/01af279a-7cff-47af-99f0-1b12cb044687.svg","https://public.flourish.studio/uploads/1447708/01af279a-7cff-47af-99f0-1b12cb044687.svg"
"<a href=""https://declanrjb.github.io/cds-engine/?unitid=152390"">Saint Mary's College (IN)</a>","152390","https://public.flourish.studio/uploads/1447708/01af279a-7cff-47af-99f0-1b12cb044687.svg","https://public.flourish.studio/uploads/1447708/01af279a-7cff-47af-99f0-1b12cb044687.svg","https://public.flourish.studio/uploads/1447708/01af279a-7cff-47af-99f0-1b12cb044687.svg","https://public.flourish.studio/uploads/1447708/01af279a-7cff-47af-99f0-1b12cb044687.svg","https://public.flourish.studio/uploads/1447708/28c69406-d4a3-44a0-b2d9-1e6f4212b28a.svg"
"<a href=""https://declanrjb.github.io/cds-engine/?unitid=152530"">Taylor University (IN)</a>","152530","https://public.flourish.studio/uploads/1447708/28c69406-d4a3-44a0-b2d9-1e6f4212b28a.svg","https://public.flourish.studio/uploads/1447708/01af279a-7cff-47af-99f0-1b12cb044687.svg","https://public.flourish.studio/uploads/1447708/01af279a-7cff-47af-99f0-1b12cb044687.svg","https://public.flourish.studio/uploads/1447708/28c69406-d4a3-44a0-b2d9-1e6f4212b28a.svg","https://public.flourish.studio/uploads/1447708/28c69406-d4a3-44a0-b2d9-1e6f4212b28a.svg"
"<a href=""https://declanrjb.github.io/cds-engine/?unitid=152600"">Valparaiso University (IN)</a>","152600","https://public.flourish.studio/uploads/1447708/28c69406-d4a3-44a0-b2d9-1e6f4212b28a.svg","https://public.flourish.studio/uploads/1447708/28c69406-d4a3-44a0-b2d9-1e6f4212b28a.svg","https://public.flourish.studio/uploads/1447708/01af279a-7cff-47af-99f0-1b12cb044687.svg","https://public.flourish.studio/uploads/1447708/01af279a-7cff-47af-99f0-1b12cb044687.svg","https://public.flourish.studio/uploads/1447708/01af279a-7cff-47af-99f0-1b12cb044687.svg"
"<a href=""https://declanrjb.github.io/cds-engine/?unitid=152673"">Wabash College (IN)</a>","152673","https://public.flourish.studio/uploads/1447708/01af279a-7cff-47af-99f0-1b12cb044687.svg","https://public.flourish.studio/uploads/1447708/01af279a-7cff-47af-99f0-1b12cb044687.svg","https://public.flourish.studio/uploads/1447708/01af279a-7cff-47af-99f0-1b12cb044687.svg","https://public.flourish.studio/uploads/1447708/28c69406-d4a3-44a0-b2d9-1e6f4212b28a.svg","https://public.flourish.studio/uploads/1447708/28c69406-d4a3-44a0-b2d9-1e6f4212b28a.svg"
"<a href=""https://declanrjb.github.io/cds-engine/?unitid=153108"">Central College (IA)</a>","153108","https://public.flourish.studio/uploads/1447708/28c69406-d4a3-44a0-b2d9-1e6f4212b28a.svg","https://public.flourish.studio/uploads/1447708/28c69406-d4a3-44a0-b2d9-1e6f4212b28a.svg","https://public.flourish.studio/uploads/1447708/28c69406-d4a3-44a0-b2d9-1e6f4212b28a.svg","https://public.flourish.studio/uploads/1447708/01af279a-7cff-47af-99f0-1b12cb044687.svg","https://public.flourish.studio/uploads/1447708/28c69406-d4a3-44a0-b2d9-1e6f4212b28a.svg"
"<a href=""https://declanrjb.github.io/cds-engine/?unitid=153162"">Cornell College (IA)</a>","153162","https://public.flourish.studio/uploads/1447708/28c69406-d4a3-44a0-b2d9-1e6f4212b28a.svg","https://public.flourish.studio/uploads/1447708/28c69406-d4a3-44a0-b2d9-1e6f4212b28a.svg","https://public.flourish.studio/uploads/1447708/28c69406-d4a3-44a0-b2d9-1e6f4212b28a.svg","https://public.flourish.studio/uploads/1447708/01af279a-7cff-47af-99f0-1b12cb044687.svg","https://public.flourish.studio/uploads/1447708/28c69406-d4a3-44a0-b2d9-1e6f4212b28a.svg"
"<a href=""https://declanrjb.github.io/cds-engine/?unitid=153269"">Drake University (IA)</a>","153269","https://public.flourish.studio/uploads/1447708/28c69406-d4a3-44a0-b2d9-1e6f4212b28a.svg","https://public.flourish.studio/uploads/1447708/28c69406-d4a3-44a0-b2d9-1e6f4212b28a.svg","https://public.flourish.studio/uploads/1447708/28c69406-d4a3-44a0-b2d9-1e6f4212b28a.svg","https://public.flourish.studio/uploads/1447708/01af279a-7cff-47af-99f0-1b12cb044687.svg","https://public.flourish.studio/uploads/1447708/28c69406-d4a3-44a0-b2d9-1e6f4212b28a.svg"
"<a href=""https://declanrjb.github.io/cds-engine/?unitid=153384"">Grinnell College (IA)</a>","153384","https://public.flourish.studio/uploads/1447708/01af279a-7cff-47af-99f0-1b12cb044687.svg","https://public.flourish.studio/uploads/1447708/01af279a-7cff-47af-99f0-1b12cb044687.svg","https://public.flourish.studio/uploads/1447708/01af279a-7cff-47af-99f0-1b12cb044687.svg","https://public.flourish.studio/uploads/1447708/01af279a-7cff-47af-99f0-1b12cb044687.svg","https://public.flourish.studio/uploads/1447708/28c69406-d4a3-44a0-b2d9-1e6f4212b28a.svg"
"<a href=""https://declanrjb.github.io/cds-engine/?unitid=153603"">Iowa State University (IA)</a>","153603","https://public.flourish.studio/uploads/1447708/01af279a-7cff-47af-99f0-1b12cb044687.svg","https://public.flourish.studio/uploads/1447708/01af279a-7cff-47af-99f0-1b12cb044687.svg","https://public.flourish.studio/uploads/1447708/01af279a-7cff-47af-99f0-1b12cb044687.svg","https://public.flourish.studio/uploads/1447708/01af279a-7cff-47af-99f0-1b12cb044687.svg","https://public.flourish.studio/uploads/1447708/28c69406-d4a3-44a0-b2d9-1e6f4212b28a.svg"
"<a href=""https://declanrjb.github.io/cds-engine/?unitid=153658"">University of Iowa (IA)</a>","153658","https://public.flourish.studio/uploads/1447708/01af279a-7cff-47af-99f0-1b12cb044687.svg","https://public.flourish.studio/uploads/1447708/01af279a-7cff-47af-99f0-1b12cb044687.svg","https://public.flourish.studio/uploads/1447708/01af279a-7cff-47af-99f0-1b12cb044687.svg","https://public.flourish.studio/uploads/1447708/01af279a-7cff-47af-99f0-1b12cb044687.svg","https://public.flourish.studio/uploads/1447708/01af279a-7cff-47af-99f0-1b12cb044687.svg"
"<a href=""https://declanrjb.github.io/cds-engine/?unitid=153834"">Luther College (IA)</a>","153834","https://public.flourish.studio/uploads/1447708/28c69406-d4a3-44a0-b2d9-1e6f4212b28a.svg","https://public.flourish.studio/uploads/1447708/28c69406-d4a3-44a0-b2d9-1e6f4212b28a.svg","https://public.flourish.studio/uploads/1447708/01af279a-7cff-47af-99f0-1b12cb044687.svg","https://public.flourish.studio/uploads/1447708/28c69406-d4a3-44a0-b2d9-1e6f4212b28a.svg","https://public.flourish.studio/uploads/1447708/28c69406-d4a3-44a0-b2d9-1e6f4212b28a.svg"
"<a href=""https://declanrjb.github.io/cds-engine/?unitid=155025"">Emporia State University (KS)</a>","155025","https://public.flourish.studio/uploads/1447708/28c69406-d4a3-44a0-b2d9-1e6f4212b28a.svg","https://public.flourish.studio/uploads/1447708/28c69406-d4a3-44a0-b2d9-1e6f4212b28a.svg","https://public.flourish.studio/uploads/1447708/28c69406-d4a3-44a0-b2d9-1e6f4212b28a.svg","https://public.flourish.studio/uploads/1447708/01af279a-7cff-47af-99f0-1b12cb044687.svg","https://public.flourish.studio/uploads/1447708/28c69406-d4a3-44a0-b2d9-1e6f4212b28a.svg"
"<a href=""https://declanrjb.github.io/cds-engine/?unitid=155317"">University of Kansas (KS)</a>","155317","https://public.flourish.studio/uploads/1447708/01af279a-7cff-47af-99f0-1b12cb044687.svg","https://public.flourish.studio/uploads/1447708/01af279a-7cff-47af-99f0-1b12cb044687.svg","https://public.flourish.studio/uploads/1447708/01af279a-7cff-47af-99f0-1b12cb044687.svg","https://public.flourish.studio/uploads/1447708/01af279a-7cff-47af-99f0-1b12cb044687.svg","https://public.flourish.studio/uploads/1447708/01af279a-7cff-47af-99f0-1b12cb044687.svg"
"<a href=""https://declanrjb.github.io/cds-engine/?unitid=155399"">Kansas State University (KS)</a>","155399","https://public.flourish.studio/uploads/1447708/01af279a-7cff-47af-99f0-1b12cb044687.svg","https://public.flourish.studio/uploads/1447708/01af279a-7cff-47af-99f0-1b12cb044687.svg","https://public.flourish.studio/uploads/1447708/01af279a-7cff-47af-99f0-1b12cb044687.svg","https://public.flourish.studio/uploads/1447708/01af279a-7cff-47af-99f0-1b12cb044687.svg","https://public.flourish.studio/uploads/1447708/28c69406-d4a3-44a0-b2d9-1e6f4212b28a.svg"
"<a href=""https://declanrjb.github.io/cds-engine/?unitid=155414"">Kansas Wesleyan University (KS)</a>","155414","https://public.flourish.studio/uploads/1447708/28c69406-d4a3-44a0-b2d9-1e6f4212b28a.svg","https://public.flourish.studio/uploads/1447708/01af279a-7cff-47af-99f0-1b12cb044687.svg","https://public.flourish.studio/uploads/1447708/28c69406-d4a3-44a0-b2d9-1e6f4212b28a.svg","https://public.flourish.studio/uploads/1447708/28c69406-d4a3-44a0-b2d9-1e6f4212b28a.svg","https://public.flourish.studio/uploads/1447708/28c69406-d4a3-44a0-b2d9-1e6f4212b28a.svg"
"<a href=""https://declanrjb.github.io/cds-engine/?unitid=155511"">McPherson College (KS)</a>","155511","https://public.flourish.studio/uploads/1447708/28c69406-d4a3-44a0-b2d9-1e6f4212b28a.svg","https://public.flourish.studio/uploads/1447708/28c69406-d4a3-44a0-b2d9-1e6f4212b28a.svg","https://public.flourish.studio/uploads/1447708/28c69406-d4a3-44a0-b2d9-1e6f4212b28a.svg","https://public.flourish.studio/uploads/1447708/01af279a-7cff-47af-99f0-1b12cb044687.svg","https://public.flourish.studio/uploads/1447708/28c69406-d4a3-44a0-b2d9-1e6f4212b28a.svg"
"<a href=""https://declanrjb.github.io/cds-engine/?unitid=155681"">Pittsburg State University (KS)</a>","155681","https://public.flourish.studio/uploads/1447708/28c69406-d4a3-44a0-b2d9-1e6f4212b28a.svg","https://public.flourish.studio/uploads/1447708/28c69406-d4a3-44a0-b2d9-1e6f4212b28a.svg","https://public.flourish.studio/uploads/1447708/01af279a-7cff-47af-99f0-1b12cb044687.svg","https://public.flourish.studio/uploads/1447708/01af279a-7cff-47af-99f0-1b12cb044687.svg","https://public.flourish.studio/uploads/1447708/28c69406-d4a3-44a0-b2d9-1e6f4212b28a.svg"
"<a href=""https://declanrjb.github.io/cds-engine/?unitid=156082"">Washburn University (KS)</a>","156082","https://public.flourish.studio/uploads/1447708/28c69406-d4a3-44a0-b2d9-1e6f4212b28a.svg","https://public.flourish.studio/uploads/1447708/01af279a-7cff-47af-99f0-1b12cb044687.svg","https://public.flourish.studio/uploads/1447708/28c69406-d4a3-44a0-b2d9-1e6f4212b28a.svg","https://public.flourish.studio/uploads/1447708/28c69406-d4a3-44a0-b2d9-1e6f4212b28a.svg","https://public.flourish.studio/uploads/1447708/28c69406-d4a3-44a0-b2d9-1e6f4212b28a.svg"
"<a href=""https://declanrjb.github.io/cds-engine/?unitid=156286"">Bellarmine University (KY)</a>","156286","https://public.flourish.studio/uploads/1447708/01af279a-7cff-47af-99f0-1b12cb044687.svg","https://public.flourish.studio/uploads/1447708/01af279a-7cff-47af-99f0-1b12cb044687.svg","https://public.flourish.studio/uploads/1447708/01af279a-7cff-47af-99f0-1b12cb044687.svg","https://public.flourish.studio/uploads/1447708/01af279a-7cff-47af-99f0-1b12cb044687.svg","https://public.flourish.studio/uploads/1447708/01af279a-7cff-47af-99f0-1b12cb044687.svg"
"<a href=""https://declanrjb.github.io/cds-engine/?unitid=156408"">Centre College (KY)</a>","156408","https://public.flourish.studio/uploads/1447708/28c69406-d4a3-44a0-b2d9-1e6f4212b28a.svg","https://public.flourish.studio/uploads/1447708/01af279a-7cff-47af-99f0-1b12cb044687.svg","https://public.flourish.studio/uploads/1447708/28c69406-d4a3-44a0-b2d9-1e6f4212b28a.svg","https://public.flourish.studio/uploads/1447708/28c69406-d4a3-44a0-b2d9-1e6f4212b28a.svg","https://public.flourish.studio/uploads/1447708/01af279a-7cff-47af-99f0-1b12cb044687.svg"
"<a href=""https://declanrjb.github.io/cds-engine/?unitid=157058"">Kentucky State University (KY)</a>","157058","https://public.flourish.studio/uploads/1447708/01af279a-7cff-47af-99f0-1b12cb044687.svg","https://public.flourish.studio/uploads/1447708/01af279a-7cff-47af-99f0-1b12cb044687.svg","https://public.flourish.studio/uploads/1447708/01af279a-7cff-47af-99f0-1b12cb044687.svg","https://public.flourish.studio/uploads/1447708/01af279a-7cff-47af-99f0-1b12cb044687.svg","https://public.flourish.studio/uploads/1447708/28c69406-d4a3-44a0-b2d9-1e6f4212b28a.svg"
"<a href=""https://declanrjb.github.io/cds-engine/?unitid=157085"">University of Kentucky (KY)</a>","157085","https://public.flourish.studio/uploads/1447708/01af279a-7cff-47af-99f0-1b12cb044687.svg","https://public.flourish.studio/uploads/1447708/01af279a-7cff-47af-99f0-1b12cb044687.svg","https://public.flourish.studio/uploads/1447708/01af279a-7cff-47af-99f0-1b12cb044687.svg","https://public.flourish.studio/uploads/1447708/01af279a-7cff-47af-99f0-1b12cb044687.svg","https://public.flourish.studio/uploads/1447708/28c69406-d4a3-44a0-b2d9-1e6f4212b28a.svg"
"<a href=""https://declanrjb.github.io/cds-engine/?unitid=157289"">University of Louisville (KY)</a>","157289","https://public.flourish.studio/uploads/1447708/01af279a-7cff-47af-99f0-1b12cb044687.svg","https://public.flourish.studio/uploads/1447708/01af279a-7cff-47af-99f0-1b12cb044687.svg","https://public.flourish.studio/uploads/1447708/01af279a-7cff-47af-99f0-1b12cb044687.svg","https://public.flourish.studio/uploads/1447708/01af279a-7cff-47af-99f0-1b12cb044687.svg","https://public.flourish.studio/uploads/1447708/28c69406-d4a3-44a0-b2d9-1e6f4212b28a.svg"
"<a href=""https://declanrjb.github.io/cds-engine/?unitid=157386"">Morehead State University (KY)</a>","157386","https://public.flourish.studio/uploads/1447708/28c69406-d4a3-44a0-b2d9-1e6f4212b28a.svg","https://public.flourish.studio/uploads/1447708/28c69406-d4a3-44a0-b2d9-1e6f4212b28a.svg","https://public.flourish.studio/uploads/1447708/28c69406-d4a3-44a0-b2d9-1e6f4212b28a.svg","https://public.flourish.studio/uploads/1447708/01af279a-7cff-47af-99f0-1b12cb044687.svg","https://public.flourish.studio/uploads/1447708/01af279a-7cff-47af-99f0-1b12cb044687.svg"
"<a href=""https://declanrjb.github.io/cds-engine/?unitid=157401"">Murray State University (KY)</a>","157401","https://public.flourish.studio/uploads/1447708/01af279a-7cff-47af-99f0-1b12cb044687.svg","https://public.flourish.studio/uploads/1447708/28c69406-d4a3-44a0-b2d9-1e6f4212b28a.svg","https://public.flourish.studio/uploads/1447708/28c69406-d4a3-44a0-b2d9-1e6f4212b28a.svg","https://public.flourish.studio/uploads/1447708/28c69406-d4a3-44a0-b2d9-1e6f4212b28a.svg","https://public.flourish.studio/uploads/1447708/28c69406-d4a3-44a0-b2d9-1e6f4212b28a.svg"
"<a href=""https://declanrjb.github.io/cds-engine/?unitid=157447"">Northern Kentucky University (KY)</a>","157447","https://public.flourish.studio/uploads/1447708/28c69406-d4a3-44a0-b2d9-1e6f4212b28a.svg","https://public.flourish.studio/uploads/1447708/28c69406-d4a3-44a0-b2d9-1e6f4212b28a.svg","https://public.flourish.studio/uploads/1447708/28c69406-d4a3-44a0-b2d9-1e6f4212b28a.svg","https://public.flourish.studio/uploads/1447708/01af279a-7cff-47af-99f0-1b12cb044687.svg","https://public.flourish.studio/uploads/1447708/28c69406-d4a3-44a0-b2d9-1e6f4212b28a.svg"
"<a href=""https://declanrjb.github.io/cds-engine/?unitid=157535"">University of Pikeville (KY)</a>","157535","https://public.flourish.studio/uploads/1447708/28c69406-d4a3-44a0-b2d9-1e6f4212b28a.svg","https://public.flourish.studio/uploads/1447708/28c69406-d4a3-44a0-b2d9-1e6f4212b28a.svg","https://public.flourish.studio/uploads/1447708/01af279a-7cff-47af-99f0-1b12cb044687.svg","https://public.flourish.studio/uploads/1447708/28c69406-d4a3-44a0-b2d9-1e6f4212b28a.svg","https://public.flourish.studio/uploads/1447708/01af279a-7cff-47af-99f0-1b12cb044687.svg"
"<a href=""https://declanrjb.github.io/cds-engine/?unitid=157951"">Western Kentucky University (KY)</a>","157951","https://public.flourish.studio/uploads/1447708/01af279a-7cff-47af-99f0-1b12cb044687.svg","https://public.flourish.studio/uploads/1447708/28c69406-d4a3-44a0-b2d9-1e6f4212b28a.svg","https://public.flourish.studio/uploads/1447708/28c69406-d4a3-44a0-b2d9-1e6f4212b28a.svg","https://public.flourish.studio/uploads/1447708/28c69406-d4a3-44a0-b2d9-1e6f4212b28a.svg","https://public.flourish.studio/uploads/1447708/28c69406-d4a3-44a0-b2d9-1e6f4212b28a.svg"
"<a href=""https://declanrjb.github.io/cds-engine/?unitid=159351"">NA (NA)</a>","159351","https://public.flourish.studio/uploads/1447708/28c69406-d4a3-44a0-b2d9-1e6f4212b28a.svg","https://public.flourish.studio/uploads/1447708/28c69406-d4a3-44a0-b2d9-1e6f4212b28a.svg","https://public.flourish.studio/uploads/1447708/28c69406-d4a3-44a0-b2d9-1e6f4212b28a.svg","https://public.flourish.studio/uploads/1447708/01af279a-7cff-47af-99f0-1b12cb044687.svg","https://public.flourish.studio/uploads/1447708/28c69406-d4a3-44a0-b2d9-1e6f4212b28a.svg"
"<a href=""https://declanrjb.github.io/cds-engine/?unitid=159391"">Louisiana State University and Agricult...</a>","159391","https://public.flourish.studio/uploads/1447708/01af279a-7cff-47af-99f0-1b12cb044687.svg","https://public.flourish.studio/uploads/1447708/28c69406-d4a3-44a0-b2d9-1e6f4212b28a.svg","https://public.flourish.studio/uploads/1447708/01af279a-7cff-47af-99f0-1b12cb044687.svg","https://public.flourish.studio/uploads/1447708/28c69406-d4a3-44a0-b2d9-1e6f4212b28a.svg","https://public.flourish.studio/uploads/1447708/28c69406-d4a3-44a0-b2d9-1e6f4212b28a.svg"
"<a href=""https://declanrjb.github.io/cds-engine/?unitid=159656"">Loyola University New Orleans (LA)</a>","159656","https://public.flourish.studio/uploads/1447708/01af279a-7cff-47af-99f0-1b12cb044687.svg","https://public.flourish.studio/uploads/1447708/01af279a-7cff-47af-99f0-1b12cb044687.svg","https://public.flourish.studio/uploads/1447708/01af279a-7cff-47af-99f0-1b12cb044687.svg","https://public.flourish.studio/uploads/1447708/01af279a-7cff-47af-99f0-1b12cb044687.svg","https://public.flourish.studio/uploads/1447708/01af279a-7cff-47af-99f0-1b12cb044687.svg"
"<a href=""https://declanrjb.github.io/cds-engine/?unitid=160038"">Northwestern State University of Louisi...</a>","160038","https://public.flourish.studio/uploads/1447708/01af279a-7cff-47af-99f0-1b12cb044687.svg","https://public.flourish.studio/uploads/1447708/01af279a-7cff-47af-99f0-1b12cb044687.svg","https://public.flourish.studio/uploads/1447708/01af279a-7cff-47af-99f0-1b12cb044687.svg","https://public.flourish.studio/uploads/1447708/28c69406-d4a3-44a0-b2d9-1e6f4212b28a.svg","https://public.flourish.studio/uploads/1447708/28c69406-d4a3-44a0-b2d9-1e6f4212b28a.svg"
"<a href=""https://declanrjb.github.io/cds-engine/?unitid=160612"">Southeastern Louisiana University (LA)</a>","160612","https://public.flourish.studio/uploads/1447708/28c69406-d4a3-44a0-b2d9-1e6f4212b28a.svg","https://public.flourish.studio/uploads/1447708/28c69406-d4a3-44a0-b2d9-1e6f4212b28a.svg","https://public.flourish.studio/uploads/1447708/28c69406-d4a3-44a0-b2d9-1e6f4212b28a.svg","https://public.flourish.studio/uploads/1447708/01af279a-7cff-47af-99f0-1b12cb044687.svg","https://public.flourish.studio/uploads/1447708/01af279a-7cff-47af-99f0-1b12cb044687.svg"
"<a href=""https://declanrjb.github.io/cds-engine/?unitid=160658"">University of Louisiana at Lafayette (LA)</a>","160658","https://public.flourish.studio/uploads/1447708/01af279a-7cff-47af-99f0-1b12cb044687.svg","https://public.flourish.studio/uploads/1447708/01af279a-7cff-47af-99f0-1b12cb044687.svg","https://public.flourish.studio/uploads/1447708/01af279a-7cff-47af-99f0-1b12cb044687.svg","https://public.flourish.studio/uploads/1447708/28c69406-d4a3-44a0-b2d9-1e6f4212b28a.svg","https://public.flourish.studio/uploads/1447708/28c69406-d4a3-44a0-b2d9-1e6f4212b28a.svg"
"<a href=""https://declanrjb.github.io/cds-engine/?unitid=160755"">Tulane University of Louisiana (LA)</a>","160755","https://public.flourish.studio/uploads/1447708/28c69406-d4a3-44a0-b2d9-1e6f4212b28a.svg","https://public.flourish.studio/uploads/1447708/28c69406-d4a3-44a0-b2d9-1e6f4212b28a.svg","https://public.flourish.studio/uploads/1447708/28c69406-d4a3-44a0-b2d9-1e6f4212b28a.svg","https://public.flourish.studio/uploads/1447708/01af279a-7cff-47af-99f0-1b12cb044687.svg","https://public.flourish.studio/uploads/1447708/28c69406-d4a3-44a0-b2d9-1e6f4212b28a.svg"
"<a href=""https://declanrjb.github.io/cds-engine/?unitid=160904"">Xavier University of Louisiana (LA)</a>","160904","https://public.flourish.studio/uploads/1447708/01af279a-7cff-47af-99f0-1b12cb044687.svg","https://public.flourish.studio/uploads/1447708/28c69406-d4a3-44a0-b2d9-1e6f4212b28a.svg","https://public.flourish.studio/uploads/1447708/28c69406-d4a3-44a0-b2d9-1e6f4212b28a.svg","https://public.flourish.studio/uploads/1447708/01af279a-7cff-47af-99f0-1b12cb044687.svg","https://public.flourish.studio/uploads/1447708/28c69406-d4a3-44a0-b2d9-1e6f4212b28a.svg"
"<a href=""https://declanrjb.github.io/cds-engine/?unitid=160959"">College of the Atlantic (ME)</a>","160959","https://public.flourish.studio/uploads/1447708/28c69406-d4a3-44a0-b2d9-1e6f4212b28a.svg","https://public.flourish.studio/uploads/1447708/01af279a-7cff-47af-99f0-1b12cb044687.svg","https://public.flourish.studio/uploads/1447708/28c69406-d4a3-44a0-b2d9-1e6f4212b28a.svg","https://public.flourish.studio/uploads/1447708/28c69406-d4a3-44a0-b2d9-1e6f4212b28a.svg","https://public.flourish.studio/uploads/1447708/28c69406-d4a3-44a0-b2d9-1e6f4212b28a.svg"
"<a href=""https://declanrjb.github.io/cds-engine/?unitid=160977"">Bates College (ME)</a>","160977","https://public.flourish.studio/uploads/1447708/01af279a-7cff-47af-99f0-1b12cb044687.svg","https://public.flourish.studio/uploads/1447708/01af279a-7cff-47af-99f0-1b12cb044687.svg","https://public.flourish.studio/uploads/1447708/01af279a-7cff-47af-99f0-1b12cb044687.svg","https://public.flourish.studio/uploads/1447708/01af279a-7cff-47af-99f0-1b12cb044687.svg","https://public.flourish.studio/uploads/1447708/01af279a-7cff-47af-99f0-1b12cb044687.svg"
"<a href=""https://declanrjb.github.io/cds-engine/?unitid=161004"">Bowdoin College (ME)</a>","161004","https://public.flourish.studio/uploads/1447708/28c69406-d4a3-44a0-b2d9-1e6f4212b28a.svg","https://public.flourish.studio/uploads/1447708/01af279a-7cff-47af-99f0-1b12cb044687.svg","https://public.flourish.studio/uploads/1447708/01af279a-7cff-47af-99f0-1b12cb044687.svg","https://public.flourish.studio/uploads/1447708/01af279a-7cff-47af-99f0-1b12cb044687.svg","https://public.flourish.studio/uploads/1447708/01af279a-7cff-47af-99f0-1b12cb044687.svg"
"<a href=""https://declanrjb.github.io/cds-engine/?unitid=161253"">University of Maine (ME)</a>","161253","https://public.flourish.studio/uploads/1447708/01af279a-7cff-47af-99f0-1b12cb044687.svg","https://public.flourish.studio/uploads/1447708/01af279a-7cff-47af-99f0-1b12cb044687.svg","https://public.flourish.studio/uploads/1447708/01af279a-7cff-47af-99f0-1b12cb044687.svg","https://public.flourish.studio/uploads/1447708/01af279a-7cff-47af-99f0-1b12cb044687.svg","https://public.flourish.studio/uploads/1447708/28c69406-d4a3-44a0-b2d9-1e6f4212b28a.svg"
"<a href=""https://declanrjb.github.io/cds-engine/?unitid=161341"">University of Maine at Presque Isle (ME)</a>","161341","https://public.flourish.studio/uploads/1447708/01af279a-7cff-47af-99f0-1b12cb044687.svg","https://public.flourish.studio/uploads/1447708/28c69406-d4a3-44a0-b2d9-1e6f4212b28a.svg","https://public.flourish.studio/uploads/1447708/28c69406-d4a3-44a0-b2d9-1e6f4212b28a.svg","https://public.flourish.studio/uploads/1447708/28c69406-d4a3-44a0-b2d9-1e6f4212b28a.svg","https://public.flourish.studio/uploads/1447708/28c69406-d4a3-44a0-b2d9-1e6f4212b28a.svg"
"<a href=""https://declanrjb.github.io/cds-engine/?unitid=162584"">Frostburg State University (MD)</a>","162584","https://public.flourish.studio/uploads/1447708/28c69406-d4a3-44a0-b2d9-1e6f4212b28a.svg","https://public.flourish.studio/uploads/1447708/28c69406-d4a3-44a0-b2d9-1e6f4212b28a.svg","https://public.flourish.studio/uploads/1447708/28c69406-d4a3-44a0-b2d9-1e6f4212b28a.svg","https://public.flourish.studio/uploads/1447708/28c69406-d4a3-44a0-b2d9-1e6f4212b28a.svg","https://public.flourish.studio/uploads/1447708/01af279a-7cff-47af-99f0-1b12cb044687.svg"
"<a href=""https://declanrjb.github.io/cds-engine/?unitid=162654"">Goucher College (MD)</a>","162654","https://public.flourish.studio/uploads/1447708/01af279a-7cff-47af-99f0-1b12cb044687.svg","https://public.flourish.studio/uploads/1447708/01af279a-7cff-47af-99f0-1b12cb044687.svg","https://public.flourish.studio/uploads/1447708/01af279a-7cff-47af-99f0-1b12cb044687.svg","https://public.flourish.studio/uploads/1447708/01af279a-7cff-47af-99f0-1b12cb044687.svg","https://public.flourish.studio/uploads/1447708/01af279a-7cff-47af-99f0-1b12cb044687.svg"
"<a href=""https://declanrjb.github.io/cds-engine/?unitid=162928"">Johns Hopkins University (MD)</a>","162928","https://public.flourish.studio/uploads/1447708/01af279a-7cff-47af-99f0-1b12cb044687.svg","https://public.flourish.studio/uploads/1447708/01af279a-7cff-47af-99f0-1b12cb044687.svg","https://public.flourish.studio/uploads/1447708/01af279a-7cff-47af-99f0-1b12cb044687.svg","https://public.flourish.studio/uploads/1447708/01af279a-7cff-47af-99f0-1b12cb044687.svg","https://public.flourish.studio/uploads/1447708/28c69406-d4a3-44a0-b2d9-1e6f4212b28a.svg"
"<a href=""https://declanrjb.github.io/cds-engine/?unitid=163046"">Loyola University Maryland (MD)</a>","163046","https://public.flourish.studio/uploads/1447708/01af279a-7cff-47af-99f0-1b12cb044687.svg","https://public.flourish.studio/uploads/1447708/01af279a-7cff-47af-99f0-1b12cb044687.svg","https://public.flourish.studio/uploads/1447708/01af279a-7cff-47af-99f0-1b12cb044687.svg","https://public.flourish.studio/uploads/1447708/01af279a-7cff-47af-99f0-1b12cb044687.svg","https://public.flourish.studio/uploads/1447708/01af279a-7cff-47af-99f0-1b12cb044687.svg"
"<a href=""https://declanrjb.github.io/cds-engine/?unitid=163268"">University of Maryland-Baltimore County...</a>","163268","https://public.flourish.studio/uploads/1447708/28c69406-d4a3-44a0-b2d9-1e6f4212b28a.svg","https://public.flourish.studio/uploads/1447708/28c69406-d4a3-44a0-b2d9-1e6f4212b28a.svg","https://public.flourish.studio/uploads/1447708/28c69406-d4a3-44a0-b2d9-1e6f4212b28a.svg","https://public.flourish.studio/uploads/1447708/01af279a-7cff-47af-99f0-1b12cb044687.svg","https://public.flourish.studio/uploads/1447708/28c69406-d4a3-44a0-b2d9-1e6f4212b28a.svg"
"<a href=""https://declanrjb.github.io/cds-engine/?unitid=163286"">University of Maryland-College Park (MD)</a>","163286","https://public.flourish.studio/uploads/1447708/28c69406-d4a3-44a0-b2d9-1e6f4212b28a.svg","https://public.flourish.studio/uploads/1447708/28c69406-d4a3-44a0-b2d9-1e6f4212b28a.svg","https://public.flourish.studio/uploads/1447708/28c69406-d4a3-44a0-b2d9-1e6f4212b28a.svg","https://public.flourish.studio/uploads/1447708/01af279a-7cff-47af-99f0-1b12cb044687.svg","https://public.flourish.studio/uploads/1447708/28c69406-d4a3-44a0-b2d9-1e6f4212b28a.svg"
"<a href=""https://declanrjb.github.io/cds-engine/?unitid=163462"">Mount St. Mary's University (MD)</a>","163462","https://public.flourish.studio/uploads/1447708/01af279a-7cff-47af-99f0-1b12cb044687.svg","https://public.flourish.studio/uploads/1447708/01af279a-7cff-47af-99f0-1b12cb044687.svg","https://public.flourish.studio/uploads/1447708/28c69406-d4a3-44a0-b2d9-1e6f4212b28a.svg","https://public.flourish.studio/uploads/1447708/01af279a-7cff-47af-99f0-1b12cb044687.svg","https://public.flourish.studio/uploads/1447708/01af279a-7cff-47af-99f0-1b12cb044687.svg"
"<a href=""https://declanrjb.github.io/cds-engine/?unitid=163851"">Salisbury University (MD)</a>","163851","https://public.flourish.studio/uploads/1447708/28c69406-d4a3-44a0-b2d9-1e6f4212b28a.svg","https://public.flourish.studio/uploads/1447708/28c69406-d4a3-44a0-b2d9-1e6f4212b28a.svg","https://public.flourish.studio/uploads/1447708/28c69406-d4a3-44a0-b2d9-1e6f4212b28a.svg","https://public.flourish.studio/uploads/1447708/01af279a-7cff-47af-99f0-1b12cb044687.svg","https://public.flourish.studio/uploads/1447708/01af279a-7cff-47af-99f0-1b12cb044687.svg"
"<a href=""https://declanrjb.github.io/cds-engine/?unitid=163912"">St. Mary's College of Maryland (MD)</a>","163912","https://public.flourish.studio/uploads/1447708/01af279a-7cff-47af-99f0-1b12cb044687.svg","https://public.flourish.studio/uploads/1447708/01af279a-7cff-47af-99f0-1b12cb044687.svg","https://public.flourish.studio/uploads/1447708/01af279a-7cff-47af-99f0-1b12cb044687.svg","https://public.flourish.studio/uploads/1447708/01af279a-7cff-47af-99f0-1b12cb044687.svg","https://public.flourish.studio/uploads/1447708/01af279a-7cff-47af-99f0-1b12cb044687.svg"
"<a href=""https://declanrjb.github.io/cds-engine/?unitid=164076"">Towson University (MD)</a>","164076","https://public.flourish.studio/uploads/1447708/01af279a-7cff-47af-99f0-1b12cb044687.svg","https://public.flourish.studio/uploads/1447708/01af279a-7cff-47af-99f0-1b12cb044687.svg","https://public.flourish.studio/uploads/1447708/28c69406-d4a3-44a0-b2d9-1e6f4212b28a.svg","https://public.flourish.studio/uploads/1447708/01af279a-7cff-47af-99f0-1b12cb044687.svg","https://public.flourish.studio/uploads/1447708/01af279a-7cff-47af-99f0-1b12cb044687.svg"
"<a href=""https://declanrjb.github.io/cds-engine/?unitid=164155"">United States Naval Academy (MD)</a>","164155","https://public.flourish.studio/uploads/1447708/28c69406-d4a3-44a0-b2d9-1e6f4212b28a.svg","https://public.flourish.studio/uploads/1447708/01af279a-7cff-47af-99f0-1b12cb044687.svg","https://public.flourish.studio/uploads/1447708/28c69406-d4a3-44a0-b2d9-1e6f4212b28a.svg","https://public.flourish.studio/uploads/1447708/28c69406-d4a3-44a0-b2d9-1e6f4212b28a.svg","https://public.flourish.studio/uploads/1447708/28c69406-d4a3-44a0-b2d9-1e6f4212b28a.svg"
"<a href=""https://declanrjb.github.io/cds-engine/?unitid=164216"">Washington College (MD)</a>","164216","https://public.flourish.studio/uploads/1447708/01af279a-7cff-47af-99f0-1b12cb044687.svg","https://public.flourish.studio/uploads/1447708/01af279a-7cff-47af-99f0-1b12cb044687.svg","https://public.flourish.studio/uploads/1447708/01af279a-7cff-47af-99f0-1b12cb044687.svg","https://public.flourish.studio/uploads/1447708/01af279a-7cff-47af-99f0-1b12cb044687.svg","https://public.flourish.studio/uploads/1447708/01af279a-7cff-47af-99f0-1b12cb044687.svg"
"<a href=""https://declanrjb.github.io/cds-engine/?unitid=164465"">Amherst College (MA)</a>","164465","https://public.flourish.studio/uploads/1447708/01af279a-7cff-47af-99f0-1b12cb044687.svg","https://public.flourish.studio/uploads/1447708/01af279a-7cff-47af-99f0-1b12cb044687.svg","https://public.flourish.studio/uploads/1447708/01af279a-7cff-47af-99f0-1b12cb044687.svg","https://public.flourish.studio/uploads/1447708/01af279a-7cff-47af-99f0-1b12cb044687.svg","https://public.flourish.studio/uploads/1447708/28c69406-d4a3-44a0-b2d9-1e6f4212b28a.svg"
"<a href=""https://declanrjb.github.io/cds-engine/?unitid=164580"">Babson College (MA)</a>","164580","https://public.flourish.studio/uploads/1447708/28c69406-d4a3-44a0-b2d9-1e6f4212b28a.svg","https://public.flourish.studio/uploads/1447708/01af279a-7cff-47af-99f0-1b12cb044687.svg","https://public.flourish.studio/uploads/1447708/01af279a-7cff-47af-99f0-1b12cb044687.svg","https://public.flourish.studio/uploads/1447708/01af279a-7cff-47af-99f0-1b12cb044687.svg","https://public.flourish.studio/uploads/1447708/28c69406-d4a3-44a0-b2d9-1e6f4212b28a.svg"
"<a href=""https://declanrjb.github.io/cds-engine/?unitid=164748"">Berklee College of Music (MA)</a>","164748","https://public.flourish.studio/uploads/1447708/28c69406-d4a3-44a0-b2d9-1e6f4212b28a.svg","https://public.flourish.studio/uploads/1447708/28c69406-d4a3-44a0-b2d9-1e6f4212b28a.svg","https://public.flourish.studio/uploads/1447708/28c69406-d4a3-44a0-b2d9-1e6f4212b28a.svg","https://public.flourish.studio/uploads/1447708/01af279a-7cff-47af-99f0-1b12cb044687.svg","https://public.flourish.studio/uploads/1447708/01af279a-7cff-47af-99f0-1b12cb044687.svg"
"<a href=""https://declanrjb.github.io/cds-engine/?unitid=164924"">Boston College (MA)</a>","164924","https://public.flourish.studio/uploads/1447708/01af279a-7cff-47af-99f0-1b12cb044687.svg","https://public.flourish.studio/uploads/1447708/28c69406-d4a3-44a0-b2d9-1e6f4212b28a.svg","https://public.flourish.studio/uploads/1447708/28c69406-d4a3-44a0-b2d9-1e6f4212b28a.svg","https://public.flourish.studio/uploads/1447708/01af279a-7cff-47af-99f0-1b12cb044687.svg","https://public.flourish.studio/uploads/1447708/28c69406-d4a3-44a0-b2d9-1e6f4212b28a.svg"
"<a href=""https://declanrjb.github.io/cds-engine/?unitid=164988"">Boston University (MA)</a>","164988","https://public.flourish.studio/uploads/1447708/01af279a-7cff-47af-99f0-1b12cb044687.svg","https://public.flourish.studio/uploads/1447708/28c69406-d4a3-44a0-b2d9-1e6f4212b28a.svg","https://public.flourish.studio/uploads/1447708/01af279a-7cff-47af-99f0-1b12cb044687.svg","https://public.flourish.studio/uploads/1447708/01af279a-7cff-47af-99f0-1b12cb044687.svg","https://public.flourish.studio/uploads/1447708/01af279a-7cff-47af-99f0-1b12cb044687.svg"
"<a href=""https://declanrjb.github.io/cds-engine/?unitid=165015"">Brandeis University (MA)</a>","165015","https://public.flourish.studio/uploads/1447708/01af279a-7cff-47af-99f0-1b12cb044687.svg","https://public.flourish.studio/uploads/1447708/28c69406-d4a3-44a0-b2d9-1e6f4212b28a.svg","https://public.flourish.studio/uploads/1447708/01af279a-7cff-47af-99f0-1b12cb044687.svg","https://public.flourish.studio/uploads/1447708/01af279a-7cff-47af-99f0-1b12cb044687.svg","https://public.flourish.studio/uploads/1447708/28c69406-d4a3-44a0-b2d9-1e6f4212b28a.svg"
"<a href=""https://declanrjb.github.io/cds-engine/?unitid=165334"">Clark University (MA)</a>","165334","https://public.flourish.studio/uploads/1447708/01af279a-7cff-47af-99f0-1b12cb044687.svg","https://public.flourish.studio/uploads/1447708/01af279a-7cff-47af-99f0-1b12cb044687.svg","https://public.flourish.studio/uploads/1447708/01af279a-7cff-47af-99f0-1b12cb044687.svg","https://public.flourish.studio/uploads/1447708/01af279a-7cff-47af-99f0-1b12cb044687.svg","https://public.flourish.studio/uploads/1447708/28c69406-d4a3-44a0-b2d9-1e6f4212b28a.svg"
"<a href=""https://declanrjb.github.io/cds-engine/?unitid=165820"">Fitchburg State University (MA)</a>","165820","https://public.flourish.studio/uploads/1447708/28c69406-d4a3-44a0-b2d9-1e6f4212b28a.svg","https://public.flourish.studio/uploads/1447708/28c69406-d4a3-44a0-b2d9-1e6f4212b28a.svg","https://public.flourish.studio/uploads/1447708/01af279a-7cff-47af-99f0-1b12cb044687.svg","https://public.flourish.studio/uploads/1447708/28c69406-d4a3-44a0-b2d9-1e6f4212b28a.svg","https://public.flourish.studio/uploads/1447708/28c69406-d4a3-44a0-b2d9-1e6f4212b28a.svg"
"<a href=""https://declanrjb.github.io/cds-engine/?unitid=166018"">Hampshire College (MA)</a>","166018","https://public.flourish.studio/uploads/1447708/01af279a-7cff-47af-99f0-1b12cb044687.svg","https://public.flourish.studio/uploads/1447708/28c69406-d4a3-44a0-b2d9-1e6f4212b28a.svg","https://public.flourish.studio/uploads/1447708/28c69406-d4a3-44a0-b2d9-1e6f4212b28a.svg","https://public.flourish.studio/uploads/1447708/28c69406-d4a3-44a0-b2d9-1e6f4212b28a.svg","https://public.flourish.studio/uploads/1447708/28c69406-d4a3-44a0-b2d9-1e6f4212b28a.svg"
"<a href=""https://declanrjb.github.io/cds-engine/?unitid=166027"">Harvard University (MA)</a>","166027","https://public.flourish.studio/uploads/1447708/01af279a-7cff-47af-99f0-1b12cb044687.svg","https://public.flourish.studio/uploads/1447708/01af279a-7cff-47af-99f0-1b12cb044687.svg","https://public.flourish.studio/uploads/1447708/01af279a-7cff-47af-99f0-1b12cb044687.svg","https://public.flourish.studio/uploads/1447708/01af279a-7cff-47af-99f0-1b12cb044687.svg","https://public.flourish.studio/uploads/1447708/28c69406-d4a3-44a0-b2d9-1e6f4212b28a.svg"
"<a href=""https://declanrjb.github.io/cds-engine/?unitid=166124"">College of the Holy Cross (MA)</a>","166124","https://public.flourish.studio/uploads/1447708/01af279a-7cff-47af-99f0-1b12cb044687.svg","https://public.flourish.studio/uploads/1447708/01af279a-7cff-47af-99f0-1b12cb044687.svg","https://public.flourish.studio/uploads/1447708/01af279a-7cff-47af-99f0-1b12cb044687.svg","https://public.flourish.studio/uploads/1447708/28c69406-d4a3-44a0-b2d9-1e6f4212b28a.svg","https://public.flourish.studio/uploads/1447708/28c69406-d4a3-44a0-b2d9-1e6f4212b28a.svg"
"<a href=""https://declanrjb.github.io/cds-engine/?unitid=166513"">University of Massachusetts-Lowell (MA)</a>","166513","https://public.flourish.studio/uploads/1447708/01af279a-7cff-47af-99f0-1b12cb044687.svg","https://public.flourish.studio/uploads/1447708/01af279a-7cff-47af-99f0-1b12cb044687.svg","https://public.flourish.studio/uploads/1447708/01af279a-7cff-47af-99f0-1b12cb044687.svg","https://public.flourish.studio/uploads/1447708/01af279a-7cff-47af-99f0-1b12cb044687.svg","https://public.flourish.studio/uploads/1447708/28c69406-d4a3-44a0-b2d9-1e6f4212b28a.svg"
"<a href=""https://declanrjb.github.io/cds-engine/?unitid=166629"">University of Massachusetts-Amherst (MA)</a>","166629","https://public.flourish.studio/uploads/1447708/28c69406-d4a3-44a0-b2d9-1e6f4212b28a.svg","https://public.flourish.studio/uploads/1447708/01af279a-7cff-47af-99f0-1b12cb044687.svg","https://public.flourish.studio/uploads/1447708/28c69406-d4a3-44a0-b2d9-1e6f4212b28a.svg","https://public.flourish.studio/uploads/1447708/01af279a-7cff-47af-99f0-1b12cb044687.svg","https://public.flourish.studio/uploads/1447708/01af279a-7cff-47af-99f0-1b12cb044687.svg"
"<a href=""https://declanrjb.github.io/cds-engine/?unitid=166629___www_umass_edu_uair_media_1062_download"">NA (NA)</a>","166629___www_umass_edu_uair_media_1062_download","https://public.flourish.studio/uploads/1447708/28c69406-d4a3-44a0-b2d9-1e6f4212b28a.svg","https://public.flourish.studio/uploads/1447708/28c69406-d4a3-44a0-b2d9-1e6f4212b28a.svg","https://public.flourish.studio/uploads/1447708/28c69406-d4a3-44a0-b2d9-1e6f4212b28a.svg","https://public.flourish.studio/uploads/1447708/28c69406-d4a3-44a0-b2d9-1e6f4212b28a.svg","https://public.flourish.studio/uploads/1447708/01af279a-7cff-47af-99f0-1b12cb044687.svg"
"<a href=""https://declanrjb.github.io/cds-engine/?unitid=166629___www_umass_edu_uair_media_377_download"">NA (NA)</a>","166629___www_umass_edu_uair_media_377_download","https://public.flourish.studio/uploads/1447708/28c69406-d4a3-44a0-b2d9-1e6f4212b28a.svg","https://public.flourish.studio/uploads/1447708/01af279a-7cff-47af-99f0-1b12cb044687.svg","https://public.flourish.studio/uploads/1447708/28c69406-d4a3-44a0-b2d9-1e6f4212b28a.svg","https://public.flourish.studio/uploads/1447708/28c69406-d4a3-44a0-b2d9-1e6f4212b28a.svg","https://public.flourish.studio/uploads/1447708/28c69406-d4a3-44a0-b2d9-1e6f4212b28a.svg"
"<a href=""https://declanrjb.github.io/cds-engine/?unitid=166629___www_umass_edu_uair_media_379_download"">NA (NA)</a>","166629___www_umass_edu_uair_media_379_download","https://public.flourish.studio/uploads/1447708/01af279a-7cff-47af-99f0-1b12cb044687.svg","https://public.flourish.studio/uploads/1447708/28c69406-d4a3-44a0-b2d9-1e6f4212b28a.svg","https://public.flourish.studio/uploads/1447708/28c69406-d4a3-44a0-b2d9-1e6f4212b28a.svg","https://public.flourish.studio/uploads/1447708/28c69406-d4a3-44a0-b2d9-1e6f4212b28a.svg","https://public.flourish.studio/uploads/1447708/28c69406-d4a3-44a0-b2d9-1e6f4212b28a.svg"
"<a href=""https://declanrjb.github.io/cds-engine/?unitid=166629___www_umass_edu_uair_media_878_download"">NA (NA)</a>","166629___www_umass_edu_uair_media_878_download","https://public.flourish.studio/uploads/1447708/28c69406-d4a3-44a0-b2d9-1e6f4212b28a.svg","https://public.flourish.studio/uploads/1447708/28c69406-d4a3-44a0-b2d9-1e6f4212b28a.svg","https://public.flourish.studio/uploads/1447708/01af279a-7cff-47af-99f0-1b12cb044687.svg","https://public.flourish.studio/uploads/1447708/28c69406-d4a3-44a0-b2d9-1e6f4212b28a.svg","https://public.flourish.studio/uploads/1447708/28c69406-d4a3-44a0-b2d9-1e6f4212b28a.svg"
"<a href=""https://declanrjb.github.io/cds-engine/?unitid=166638"">University of Massachusetts-Boston (MA)</a>","166638","https://public.flourish.studio/uploads/1447708/01af279a-7cff-47af-99f0-1b12cb044687.svg","https://public.flourish.studio/uploads/1447708/01af279a-7cff-47af-99f0-1b12cb044687.svg","https://public.flourish.studio/uploads/1447708/01af279a-7cff-47af-99f0-1b12cb044687.svg","https://public.flourish.studio/uploads/1447708/28c69406-d4a3-44a0-b2d9-1e6f4212b28a.svg","https://public.flourish.studio/uploads/1447708/28c69406-d4a3-44a0-b2d9-1e6f4212b28a.svg"
"<a href=""https://declanrjb.github.io/cds-engine/?unitid=166683"">Massachusetts Institute of Technology (MA)</a>","166683","https://public.flourish.studio/uploads/1447708/28c69406-d4a3-44a0-b2d9-1e6f4212b28a.svg","https://public.flourish.studio/uploads/1447708/28c69406-d4a3-44a0-b2d9-1e6f4212b28a.svg","https://public.flourish.studio/uploads/1447708/01af279a-7cff-47af-99f0-1b12cb044687.svg","https://public.flourish.studio/uploads/1447708/01af279a-7cff-47af-99f0-1b12cb044687.svg","https://public.flourish.studio/uploads/1447708/28c69406-d4a3-44a0-b2d9-1e6f4212b28a.svg"
"<a href=""https://declanrjb.github.io/cds-engine/?unitid=166939"">Mount Holyoke College (MA)</a>","166939","https://public.flourish.studio/uploads/1447708/01af279a-7cff-47af-99f0-1b12cb044687.svg","https://public.flourish.studio/uploads/1447708/01af279a-7cff-47af-99f0-1b12cb044687.svg","https://public.flourish.studio/uploads/1447708/01af279a-7cff-47af-99f0-1b12cb044687.svg","https://public.flourish.studio/uploads/1447708/01af279a-7cff-47af-99f0-1b12cb044687.svg","https://public.flourish.studio/uploads/1447708/28c69406-d4a3-44a0-b2d9-1e6f4212b28a.svg"
"<a href=""https://declanrjb.github.io/cds-engine/?unitid=167288"">Massachusetts College of Liberal Arts (MA)</a>","167288","https://public.flourish.studio/uploads/1447708/01af279a-7cff-47af-99f0-1b12cb044687.svg","https://public.flourish.studio/uploads/1447708/01af279a-7cff-47af-99f0-1b12cb044687.svg","https://public.flourish.studio/uploads/1447708/01af279a-7cff-47af-99f0-1b12cb044687.svg","https://public.flourish.studio/uploads/1447708/28c69406-d4a3-44a0-b2d9-1e6f4212b28a.svg","https://public.flourish.studio/uploads/1447708/28c69406-d4a3-44a0-b2d9-1e6f4212b28a.svg"
"<a href=""https://declanrjb.github.io/cds-engine/?unitid=167358"">Northeastern University (MA)</a>","167358","https://public.flourish.studio/uploads/1447708/28c69406-d4a3-44a0-b2d9-1e6f4212b28a.svg","https://public.flourish.studio/uploads/1447708/28c69406-d4a3-44a0-b2d9-1e6f4212b28a.svg","https://public.flourish.studio/uploads/1447708/28c69406-d4a3-44a0-b2d9-1e6f4212b28a.svg","https://public.flourish.studio/uploads/1447708/01af279a-7cff-47af-99f0-1b12cb044687.svg","https://public.flourish.studio/uploads/1447708/28c69406-d4a3-44a0-b2d9-1e6f4212b28a.svg"
"<a href=""https://declanrjb.github.io/cds-engine/?unitid=167729"">Salem State University (MA)</a>","167729","https://public.flourish.studio/uploads/1447708/28c69406-d4a3-44a0-b2d9-1e6f4212b28a.svg","https://public.flourish.studio/uploads/1447708/28c69406-d4a3-44a0-b2d9-1e6f4212b28a.svg","https://public.flourish.studio/uploads/1447708/28c69406-d4a3-44a0-b2d9-1e6f4212b28a.svg","https://public.flourish.studio/uploads/1447708/01af279a-7cff-47af-99f0-1b12cb044687.svg","https://public.flourish.studio/uploads/1447708/28c69406-d4a3-44a0-b2d9-1e6f4212b28a.svg"
"<a href=""https://declanrjb.github.io/cds-engine/?unitid=167835"">Smith College (MA)</a>","167835","https://public.flourish.studio/uploads/1447708/01af279a-7cff-47af-99f0-1b12cb044687.svg","https://public.flourish.studio/uploads/1447708/01af279a-7cff-47af-99f0-1b12cb044687.svg","https://public.flourish.studio/uploads/1447708/01af279a-7cff-47af-99f0-1b12cb044687.svg","https://public.flourish.studio/uploads/1447708/01af279a-7cff-47af-99f0-1b12cb044687.svg","https://public.flourish.studio/uploads/1447708/28c69406-d4a3-44a0-b2d9-1e6f4212b28a.svg"
"<a href=""https://declanrjb.github.io/cds-engine/?unitid=167987"">University of Massachusetts-Dartmouth (MA)</a>","167987","https://public.flourish.studio/uploads/1447708/01af279a-7cff-47af-99f0-1b12cb044687.svg","https://public.flourish.studio/uploads/1447708/01af279a-7cff-47af-99f0-1b12cb044687.svg","https://public.flourish.studio/uploads/1447708/01af279a-7cff-47af-99f0-1b12cb044687.svg","https://public.flourish.studio/uploads/1447708/01af279a-7cff-47af-99f0-1b12cb044687.svg","https://public.flourish.studio/uploads/1447708/28c69406-d4a3-44a0-b2d9-1e6f4212b28a.svg"
"<a href=""https://declanrjb.github.io/cds-engine/?unitid=168148"">Tufts University (MA)</a>","168148","https://public.flourish.studio/uploads/1447708/01af279a-7cff-47af-99f0-1b12cb044687.svg","https://public.flourish.studio/uploads/1447708/28c69406-d4a3-44a0-b2d9-1e6f4212b28a.svg","https://public.flourish.studio/uploads/1447708/01af279a-7cff-47af-99f0-1b12cb044687.svg","https://public.flourish.studio/uploads/1447708/01af279a-7cff-47af-99f0-1b12cb044687.svg","https://public.flourish.studio/uploads/1447708/28c69406-d4a3-44a0-b2d9-1e6f4212b28a.svg"
"<a href=""https://declanrjb.github.io/cds-engine/?unitid=168218"">Wellesley College (MA)</a>","168218","https://public.flourish.studio/uploads/1447708/01af279a-7cff-47af-99f0-1b12cb044687.svg","https://public.flourish.studio/uploads/1447708/01af279a-7cff-47af-99f0-1b12cb044687.svg","https://public.flourish.studio/uploads/1447708/01af279a-7cff-47af-99f0-1b12cb044687.svg","https://public.flourish.studio/uploads/1447708/01af279a-7cff-47af-99f0-1b12cb044687.svg","https://public.flourish.studio/uploads/1447708/28c69406-d4a3-44a0-b2d9-1e6f4212b28a.svg"
"<a href=""https://declanrjb.github.io/cds-engine/?unitid=168227"">Wentworth Institute of Technology (MA)</a>","168227","https://public.flourish.studio/uploads/1447708/01af279a-7cff-47af-99f0-1b12cb044687.svg","https://public.flourish.studio/uploads/1447708/01af279a-7cff-47af-99f0-1b12cb044687.svg","https://public.flourish.studio/uploads/1447708/28c69406-d4a3-44a0-b2d9-1e6f4212b28a.svg","https://public.flourish.studio/uploads/1447708/28c69406-d4a3-44a0-b2d9-1e6f4212b28a.svg","https://public.flourish.studio/uploads/1447708/28c69406-d4a3-44a0-b2d9-1e6f4212b28a.svg"
"<a href=""https://declanrjb.github.io/cds-engine/?unitid=168254"">Western New England University (MA)</a>","168254","https://public.flourish.studio/uploads/1447708/01af279a-7cff-47af-99f0-1b12cb044687.svg","https://public.flourish.studio/uploads/1447708/01af279a-7cff-47af-99f0-1b12cb044687.svg","https://public.flourish.studio/uploads/1447708/01af279a-7cff-47af-99f0-1b12cb044687.svg","https://public.flourish.studio/uploads/1447708/01af279a-7cff-47af-99f0-1b12cb044687.svg","https://public.flourish.studio/uploads/1447708/28c69406-d4a3-44a0-b2d9-1e6f4212b28a.svg"
"<a href=""https://declanrjb.github.io/cds-engine/?unitid=168263"">Westfield State University (MA)</a>","168263","https://public.flourish.studio/uploads/1447708/01af279a-7cff-47af-99f0-1b12cb044687.svg","https://public.flourish.studio/uploads/1447708/28c69406-d4a3-44a0-b2d9-1e6f4212b28a.svg","https://public.flourish.studio/uploads/1447708/28c69406-d4a3-44a0-b2d9-1e6f4212b28a.svg","https://public.flourish.studio/uploads/1447708/01af279a-7cff-47af-99f0-1b12cb044687.svg","https://public.flourish.studio/uploads/1447708/28c69406-d4a3-44a0-b2d9-1e6f4212b28a.svg"
"<a href=""https://declanrjb.github.io/cds-engine/?unitid=168342"">Williams College (MA)</a>","168342","https://public.flourish.studio/uploads/1447708/01af279a-7cff-47af-99f0-1b12cb044687.svg","https://public.flourish.studio/uploads/1447708/01af279a-7cff-47af-99f0-1b12cb044687.svg","https://public.flourish.studio/uploads/1447708/01af279a-7cff-47af-99f0-1b12cb044687.svg","https://public.flourish.studio/uploads/1447708/01af279a-7cff-47af-99f0-1b12cb044687.svg","https://public.flourish.studio/uploads/1447708/28c69406-d4a3-44a0-b2d9-1e6f4212b28a.svg"
"<a href=""https://declanrjb.github.io/cds-engine/?unitid=168421"">Worcester Polytechnic Institute (MA)</a>","168421","https://public.flourish.studio/uploads/1447708/01af279a-7cff-47af-99f0-1b12cb044687.svg","https://public.flourish.studio/uploads/1447708/01af279a-7cff-47af-99f0-1b12cb044687.svg","https://public.flourish.studio/uploads/1447708/01af279a-7cff-47af-99f0-1b12cb044687.svg","https://public.flourish.studio/uploads/1447708/01af279a-7cff-47af-99f0-1b12cb044687.svg","https://public.flourish.studio/uploads/1447708/01af279a-7cff-47af-99f0-1b12cb044687.svg"
"<a href=""https://declanrjb.github.io/cds-engine/?unitid=168430"">Worcester State University (MA)</a>","168430","https://public.flourish.studio/uploads/1447708/28c69406-d4a3-44a0-b2d9-1e6f4212b28a.svg","https://public.flourish.studio/uploads/1447708/28c69406-d4a3-44a0-b2d9-1e6f4212b28a.svg","https://public.flourish.studio/uploads/1447708/28c69406-d4a3-44a0-b2d9-1e6f4212b28a.svg","https://public.flourish.studio/uploads/1447708/01af279a-7cff-47af-99f0-1b12cb044687.svg","https://public.flourish.studio/uploads/1447708/28c69406-d4a3-44a0-b2d9-1e6f4212b28a.svg"
"<a href=""https://declanrjb.github.io/cds-engine/?unitid=168591"">Alma College (MI)</a>","168591","https://public.flourish.studio/uploads/1447708/28c69406-d4a3-44a0-b2d9-1e6f4212b28a.svg","https://public.flourish.studio/uploads/1447708/28c69406-d4a3-44a0-b2d9-1e6f4212b28a.svg","https://public.flourish.studio/uploads/1447708/28c69406-d4a3-44a0-b2d9-1e6f4212b28a.svg","https://public.flourish.studio/uploads/1447708/01af279a-7cff-47af-99f0-1b12cb044687.svg","https://public.flourish.studio/uploads/1447708/28c69406-d4a3-44a0-b2d9-1e6f4212b28a.svg"
"<a href=""https://declanrjb.github.io/cds-engine/?unitid=168786"">Aquinas College (MI)</a>","168786","https://public.flourish.studio/uploads/1447708/28c69406-d4a3-44a0-b2d9-1e6f4212b28a.svg","https://public.flourish.studio/uploads/1447708/01af279a-7cff-47af-99f0-1b12cb044687.svg","https://public.flourish.studio/uploads/1447708/28c69406-d4a3-44a0-b2d9-1e6f4212b28a.svg","https://public.flourish.studio/uploads/1447708/28c69406-d4a3-44a0-b2d9-1e6f4212b28a.svg","https://public.flourish.studio/uploads/1447708/28c69406-d4a3-44a0-b2d9-1e6f4212b28a.svg"
"<a href=""https://declanrjb.github.io/cds-engine/?unitid=168847"">Baker College (MI)</a>","168847","https://public.flourish.studio/uploads/1447708/28c69406-d4a3-44a0-b2d9-1e6f4212b28a.svg","https://public.flourish.studio/uploads/1447708/28c69406-d4a3-44a0-b2d9-1e6f4212b28a.svg","https://public.flourish.studio/uploads/1447708/28c69406-d4a3-44a0-b2d9-1e6f4212b28a.svg","https://public.flourish.studio/uploads/1447708/28c69406-d4a3-44a0-b2d9-1e6f4212b28a.svg","https://public.flourish.studio/uploads/1447708/01af279a-7cff-47af-99f0-1b12cb044687.svg"
"<a href=""https://declanrjb.github.io/cds-engine/?unitid=169099"">Calvin Theological Seminary (MI)</a>","169099","https://public.flourish.studio/uploads/1447708/28c69406-d4a3-44a0-b2d9-1e6f4212b28a.svg","https://public.flourish.studio/uploads/1447708/28c69406-d4a3-44a0-b2d9-1e6f4212b28a.svg","https://public.flourish.studio/uploads/1447708/28c69406-d4a3-44a0-b2d9-1e6f4212b28a.svg","https://public.flourish.studio/uploads/1447708/28c69406-d4a3-44a0-b2d9-1e6f4212b28a.svg","https://public.flourish.studio/uploads/1447708/01af279a-7cff-47af-99f0-1b12cb044687.svg"
"<a href=""https://declanrjb.github.io/cds-engine/?unitid=169248"">Central Michigan University (MI)</a>","169248","https://public.flourish.studio/uploads/1447708/01af279a-7cff-47af-99f0-1b12cb044687.svg","https://public.flourish.studio/uploads/1447708/01af279a-7cff-47af-99f0-1b12cb044687.svg","https://public.flourish.studio/uploads/1447708/01af279a-7cff-47af-99f0-1b12cb044687.svg","https://public.flourish.studio/uploads/1447708/01af279a-7cff-47af-99f0-1b12cb044687.svg","https://public.flourish.studio/uploads/1447708/28c69406-d4a3-44a0-b2d9-1e6f4212b28a.svg"
"<a href=""https://declanrjb.github.io/cds-engine/?unitid=169716"">University of Detroit Mercy (MI)</a>","169716","https://public.flourish.studio/uploads/1447708/01af279a-7cff-47af-99f0-1b12cb044687.svg","https://public.flourish.studio/uploads/1447708/01af279a-7cff-47af-99f0-1b12cb044687.svg","https://public.flourish.studio/uploads/1447708/28c69406-d4a3-44a0-b2d9-1e6f4212b28a.svg","https://public.flourish.studio/uploads/1447708/28c69406-d4a3-44a0-b2d9-1e6f4212b28a.svg","https://public.flourish.studio/uploads/1447708/01af279a-7cff-47af-99f0-1b12cb044687.svg"
"<a href=""https://declanrjb.github.io/cds-engine/?unitid=169798"">Eastern Michigan University (MI)</a>","169798","https://public.flourish.studio/uploads/1447708/28c69406-d4a3-44a0-b2d9-1e6f4212b28a.svg","https://public.flourish.studio/uploads/1447708/28c69406-d4a3-44a0-b2d9-1e6f4212b28a.svg","https://public.flourish.studio/uploads/1447708/28c69406-d4a3-44a0-b2d9-1e6f4212b28a.svg","https://public.flourish.studio/uploads/1447708/01af279a-7cff-47af-99f0-1b12cb044687.svg","https://public.flourish.studio/uploads/1447708/28c69406-d4a3-44a0-b2d9-1e6f4212b28a.svg"
"<a href=""https://declanrjb.github.io/cds-engine/?unitid=169910"">Ferris State University (MI)</a>","169910","https://public.flourish.studio/uploads/1447708/01af279a-7cff-47af-99f0-1b12cb044687.svg","https://public.flourish.studio/uploads/1447708/01af279a-7cff-47af-99f0-1b12cb044687.svg","https://public.flourish.studio/uploads/1447708/01af279a-7cff-47af-99f0-1b12cb044687.svg","https://public.flourish.studio/uploads/1447708/01af279a-7cff-47af-99f0-1b12cb044687.svg","https://public.flourish.studio/uploads/1447708/01af279a-7cff-47af-99f0-1b12cb044687.svg"
"<a href=""https://declanrjb.github.io/cds-engine/?unitid=170301"">Hope College (MI)</a>","170301","https://public.flourish.studio/uploads/1447708/28c69406-d4a3-44a0-b2d9-1e6f4212b28a.svg","https://public.flourish.studio/uploads/1447708/28c69406-d4a3-44a0-b2d9-1e6f4212b28a.svg","https://public.flourish.studio/uploads/1447708/28c69406-d4a3-44a0-b2d9-1e6f4212b28a.svg","https://public.flourish.studio/uploads/1447708/01af279a-7cff-47af-99f0-1b12cb044687.svg","https://public.flourish.studio/uploads/1447708/01af279a-7cff-47af-99f0-1b12cb044687.svg"
"<a href=""https://declanrjb.github.io/cds-engine/?unitid=170532"">Kalamazoo College (MI)</a>","170532","https://public.flourish.studio/uploads/1447708/01af279a-7cff-47af-99f0-1b12cb044687.svg","https://public.flourish.studio/uploads/1447708/01af279a-7cff-47af-99f0-1b12cb044687.svg","https://public.flourish.studio/uploads/1447708/28c69406-d4a3-44a0-b2d9-1e6f4212b28a.svg","https://public.flourish.studio/uploads/1447708/28c69406-d4a3-44a0-b2d9-1e6f4212b28a.svg","https://public.flourish.studio/uploads/1447708/28c69406-d4a3-44a0-b2d9-1e6f4212b28a.svg"
"<a href=""https://declanrjb.github.io/cds-engine/?unitid=170639"">Lake Superior State University (MI)</a>","170639","https://public.flourish.studio/uploads/1447708/01af279a-7cff-47af-99f0-1b12cb044687.svg","https://public.flourish.studio/uploads/1447708/01af279a-7cff-47af-99f0-1b12cb044687.svg","https://public.flourish.studio/uploads/1447708/01af279a-7cff-47af-99f0-1b12cb044687.svg","https://public.flourish.studio/uploads/1447708/01af279a-7cff-47af-99f0-1b12cb044687.svg","https://public.flourish.studio/uploads/1447708/28c69406-d4a3-44a0-b2d9-1e6f4212b28a.svg"
"<a href=""https://declanrjb.github.io/cds-engine/?unitid=170967"">Rochester Christian University (MI)</a>","170967","https://public.flourish.studio/uploads/1447708/01af279a-7cff-47af-99f0-1b12cb044687.svg","https://public.flourish.studio/uploads/1447708/28c69406-d4a3-44a0-b2d9-1e6f4212b28a.svg","https://public.flourish.studio/uploads/1447708/28c69406-d4a3-44a0-b2d9-1e6f4212b28a.svg","https://public.flourish.studio/uploads/1447708/28c69406-d4a3-44a0-b2d9-1e6f4212b28a.svg","https://public.flourish.studio/uploads/1447708/28c69406-d4a3-44a0-b2d9-1e6f4212b28a.svg"
"<a href=""https://declanrjb.github.io/cds-engine/?unitid=170976"">University of Michigan-Ann Arbor (MI)</a>","170976","https://public.flourish.studio/uploads/1447708/01af279a-7cff-47af-99f0-1b12cb044687.svg","https://public.flourish.studio/uploads/1447708/01af279a-7cff-47af-99f0-1b12cb044687.svg","https://public.flourish.studio/uploads/1447708/01af279a-7cff-47af-99f0-1b12cb044687.svg","https://public.flourish.studio/uploads/1447708/01af279a-7cff-47af-99f0-1b12cb044687.svg","https://public.flourish.studio/uploads/1447708/01af279a-7cff-47af-99f0-1b12cb044687.svg"
"<a href=""https://declanrjb.github.io/cds-engine/?unitid=171100"">Michigan State University (MI)</a>","171100","https://public.flourish.studio/uploads/1447708/01af279a-7cff-47af-99f0-1b12cb044687.svg","https://public.flourish.studio/uploads/1447708/01af279a-7cff-47af-99f0-1b12cb044687.svg","https://public.flourish.studio/uploads/1447708/01af279a-7cff-47af-99f0-1b12cb044687.svg","https://public.flourish.studio/uploads/1447708/01af279a-7cff-47af-99f0-1b12cb044687.svg","https://public.flourish.studio/uploads/1447708/28c69406-d4a3-44a0-b2d9-1e6f4212b28a.svg"
"<a href=""https://declanrjb.github.io/cds-engine/?unitid=171128"">Michigan Technological University (MI)</a>","171128","https://public.flourish.studio/uploads/1447708/01af279a-7cff-47af-99f0-1b12cb044687.svg","https://public.flourish.studio/uploads/1447708/01af279a-7cff-47af-99f0-1b12cb044687.svg","https://public.flourish.studio/uploads/1447708/01af279a-7cff-47af-99f0-1b12cb044687.svg","https://public.flourish.studio/uploads/1447708/01af279a-7cff-47af-99f0-1b12cb044687.svg","https://public.flourish.studio/uploads/1447708/28c69406-d4a3-44a0-b2d9-1e6f4212b28a.svg"
"<a href=""https://declanrjb.github.io/cds-engine/?unitid=171137"">University of Michigan-Dearborn (MI)</a>","171137","https://public.flourish.studio/uploads/1447708/28c69406-d4a3-44a0-b2d9-1e6f4212b28a.svg","https://public.flourish.studio/uploads/1447708/28c69406-d4a3-44a0-b2d9-1e6f4212b28a.svg","https://public.flourish.studio/uploads/1447708/28c69406-d4a3-44a0-b2d9-1e6f4212b28a.svg","https://public.flourish.studio/uploads/1447708/01af279a-7cff-47af-99f0-1b12cb044687.svg","https://public.flourish.studio/uploads/1447708/28c69406-d4a3-44a0-b2d9-1e6f4212b28a.svg"
"<a href=""https://declanrjb.github.io/cds-engine/?unitid=171146"">University of Michigan-Flint (MI)</a>","171146","https://public.flourish.studio/uploads/1447708/28c69406-d4a3-44a0-b2d9-1e6f4212b28a.svg","https://public.flourish.studio/uploads/1447708/28c69406-d4a3-44a0-b2d9-1e6f4212b28a.svg","https://public.flourish.studio/uploads/1447708/28c69406-d4a3-44a0-b2d9-1e6f4212b28a.svg","https://public.flourish.studio/uploads/1447708/01af279a-7cff-47af-99f0-1b12cb044687.svg","https://public.flourish.studio/uploads/1447708/28c69406-d4a3-44a0-b2d9-1e6f4212b28a.svg"
"<a href=""https://declanrjb.github.io/cds-engine/?unitid=171456"">Northern Michigan University (MI)</a>","171456","https://public.flourish.studio/uploads/1447708/01af279a-7cff-47af-99f0-1b12cb044687.svg","https://public.flourish.studio/uploads/1447708/01af279a-7cff-47af-99f0-1b12cb044687.svg","https://public.flourish.studio/uploads/1447708/01af279a-7cff-47af-99f0-1b12cb044687.svg","https://public.flourish.studio/uploads/1447708/01af279a-7cff-47af-99f0-1b12cb044687.svg","https://public.flourish.studio/uploads/1447708/28c69406-d4a3-44a0-b2d9-1e6f4212b28a.svg"
"<a href=""https://declanrjb.github.io/cds-engine/?unitid=171571"">Oakland University (MI)</a>","171571","https://public.flourish.studio/uploads/1447708/01af279a-7cff-47af-99f0-1b12cb044687.svg","https://public.flourish.studio/uploads/1447708/01af279a-7cff-47af-99f0-1b12cb044687.svg","https://public.flourish.studio/uploads/1447708/01af279a-7cff-47af-99f0-1b12cb044687.svg","https://public.flourish.studio/uploads/1447708/01af279a-7cff-47af-99f0-1b12cb044687.svg","https://public.flourish.studio/uploads/1447708/28c69406-d4a3-44a0-b2d9-1e6f4212b28a.svg"
"<a href=""https://declanrjb.github.io/cds-engine/?unitid=172644"">Wayne State University (MI)</a>","172644","https://public.flourish.studio/uploads/1447708/01af279a-7cff-47af-99f0-1b12cb044687.svg","https://public.flourish.studio/uploads/1447708/01af279a-7cff-47af-99f0-1b12cb044687.svg","https://public.flourish.studio/uploads/1447708/01af279a-7cff-47af-99f0-1b12cb044687.svg","https://public.flourish.studio/uploads/1447708/01af279a-7cff-47af-99f0-1b12cb044687.svg","https://public.flourish.studio/uploads/1447708/01af279a-7cff-47af-99f0-1b12cb044687.svg"
"<a href=""https://declanrjb.github.io/cds-engine/?unitid=172699"">Western Michigan University (MI)</a>","172699","https://public.flourish.studio/uploads/1447708/01af279a-7cff-47af-99f0-1b12cb044687.svg","https://public.flourish.studio/uploads/1447708/01af279a-7cff-47af-99f0-1b12cb044687.svg","https://public.flourish.studio/uploads/1447708/01af279a-7cff-47af-99f0-1b12cb044687.svg","https://public.flourish.studio/uploads/1447708/01af279a-7cff-47af-99f0-1b12cb044687.svg","https://public.flourish.studio/uploads/1447708/01af279a-7cff-47af-99f0-1b12cb044687.svg"
"<a href=""https://declanrjb.github.io/cds-engine/?unitid=173160"">Bethel University (MN)</a>","173160","https://public.flourish.studio/uploads/1447708/28c69406-d4a3-44a0-b2d9-1e6f4212b28a.svg","https://public.flourish.studio/uploads/1447708/28c69406-d4a3-44a0-b2d9-1e6f4212b28a.svg","https://public.flourish.studio/uploads/1447708/28c69406-d4a3-44a0-b2d9-1e6f4212b28a.svg","https://public.flourish.studio/uploads/1447708/01af279a-7cff-47af-99f0-1b12cb044687.svg","https://public.flourish.studio/uploads/1447708/28c69406-d4a3-44a0-b2d9-1e6f4212b28a.svg"
"<a href=""https://declanrjb.github.io/cds-engine/?unitid=173258"">Carleton College (MN)</a>","173258","https://public.flourish.studio/uploads/1447708/01af279a-7cff-47af-99f0-1b12cb044687.svg","https://public.flourish.studio/uploads/1447708/01af279a-7cff-47af-99f0-1b12cb044687.svg","https://public.flourish.studio/uploads/1447708/01af279a-7cff-47af-99f0-1b12cb044687.svg","https://public.flourish.studio/uploads/1447708/01af279a-7cff-47af-99f0-1b12cb044687.svg","https://public.flourish.studio/uploads/1447708/01af279a-7cff-47af-99f0-1b12cb044687.svg"
"<a href=""https://declanrjb.github.io/cds-engine/?unitid=173647"">Gustavus Adolphus College (MN)</a>","173647","https://public.flourish.studio/uploads/1447708/01af279a-7cff-47af-99f0-1b12cb044687.svg","https://public.flourish.studio/uploads/1447708/01af279a-7cff-47af-99f0-1b12cb044687.svg","https://public.flourish.studio/uploads/1447708/01af279a-7cff-47af-99f0-1b12cb044687.svg","https://public.flourish.studio/uploads/1447708/28c69406-d4a3-44a0-b2d9-1e6f4212b28a.svg","https://public.flourish.studio/uploads/1447708/28c69406-d4a3-44a0-b2d9-1e6f4212b28a.svg"
"<a href=""https://declanrjb.github.io/cds-engine/?unitid=173902"">Macalester College (MN)</a>","173902","https://public.flourish.studio/uploads/1447708/01af279a-7cff-47af-99f0-1b12cb044687.svg","https://public.flourish.studio/uploads/1447708/28c69406-d4a3-44a0-b2d9-1e6f4212b28a.svg","https://public.flourish.studio/uploads/1447708/01af279a-7cff-47af-99f0-1b12cb044687.svg","https://public.flourish.studio/uploads/1447708/01af279a-7cff-47af-99f0-1b12cb044687.svg","https://public.flourish.studio/uploads/1447708/01af279a-7cff-47af-99f0-1b12cb044687.svg"
"<a href=""https://declanrjb.github.io/cds-engine/?unitid=173920"">Minnesota State University-Mankato (MN)</a>","173920","https://public.flourish.studio/uploads/1447708/01af279a-7cff-47af-99f0-1b12cb044687.svg","https://public.flourish.studio/uploads/1447708/01af279a-7cff-47af-99f0-1b12cb044687.svg","https://public.flourish.studio/uploads/1447708/28c69406-d4a3-44a0-b2d9-1e6f4212b28a.svg","https://public.flourish.studio/uploads/1447708/28c69406-d4a3-44a0-b2d9-1e6f4212b28a.svg","https://public.flourish.studio/uploads/1447708/28c69406-d4a3-44a0-b2d9-1e6f4212b28a.svg"
"<a href=""https://declanrjb.github.io/cds-engine/?unitid=174066"">University of Minnesota-Twin Cities (MN)</a>","174066","https://public.flourish.studio/uploads/1447708/01af279a-7cff-47af-99f0-1b12cb044687.svg","https://public.flourish.studio/uploads/1447708/01af279a-7cff-47af-99f0-1b12cb044687.svg","https://public.flourish.studio/uploads/1447708/01af279a-7cff-47af-99f0-1b12cb044687.svg","https://public.flourish.studio/uploads/1447708/01af279a-7cff-47af-99f0-1b12cb044687.svg","https://public.flourish.studio/uploads/1447708/28c69406-d4a3-44a0-b2d9-1e6f4212b28a.svg"
"<a href=""https://declanrjb.github.io/cds-engine/?unitid=174075"">University of Minnesota-Crookston (MN)</a>","174075","https://public.flourish.studio/uploads/1447708/01af279a-7cff-47af-99f0-1b12cb044687.svg","https://public.flourish.studio/uploads/1447708/28c69406-d4a3-44a0-b2d9-1e6f4212b28a.svg","https://public.flourish.studio/uploads/1447708/28c69406-d4a3-44a0-b2d9-1e6f4212b28a.svg","https://public.flourish.studio/uploads/1447708/28c69406-d4a3-44a0-b2d9-1e6f4212b28a.svg","https://public.flourish.studio/uploads/1447708/28c69406-d4a3-44a0-b2d9-1e6f4212b28a.svg"
"<a href=""https://declanrjb.github.io/cds-engine/?unitid=174251"">University of Minnesota-Morris (MN)</a>","174251","https://public.flourish.studio/uploads/1447708/01af279a-7cff-47af-99f0-1b12cb044687.svg","https://public.flourish.studio/uploads/1447708/01af279a-7cff-47af-99f0-1b12cb044687.svg","https://public.flourish.studio/uploads/1447708/01af279a-7cff-47af-99f0-1b12cb044687.svg","https://public.flourish.studio/uploads/1447708/28c69406-d4a3-44a0-b2d9-1e6f4212b28a.svg","https://public.flourish.studio/uploads/1447708/28c69406-d4a3-44a0-b2d9-1e6f4212b28a.svg"
"<a href=""https://declanrjb.github.io/cds-engine/?unitid=174358"">Minnesota State University Moorhead (MN)</a>","174358","https://public.flourish.studio/uploads/1447708/01af279a-7cff-47af-99f0-1b12cb044687.svg","https://public.flourish.studio/uploads/1447708/28c69406-d4a3-44a0-b2d9-1e6f4212b28a.svg","https://public.flourish.studio/uploads/1447708/28c69406-d4a3-44a0-b2d9-1e6f4212b28a.svg","https://public.flourish.studio/uploads/1447708/28c69406-d4a3-44a0-b2d9-1e6f4212b28a.svg","https://public.flourish.studio/uploads/1447708/28c69406-d4a3-44a0-b2d9-1e6f4212b28a.svg"
"<a href=""https://declanrjb.github.io/cds-engine/?unitid=174783"">Saint Cloud State University (MN)</a>","174783","https://public.flourish.studio/uploads/1447708/01af279a-7cff-47af-99f0-1b12cb044687.svg","https://public.flourish.studio/uploads/1447708/01af279a-7cff-47af-99f0-1b12cb044687.svg","https://public.flourish.studio/uploads/1447708/01af279a-7cff-47af-99f0-1b12cb044687.svg","https://public.flourish.studio/uploads/1447708/01af279a-7cff-47af-99f0-1b12cb044687.svg","https://public.flourish.studio/uploads/1447708/01af279a-7cff-47af-99f0-1b12cb044687.svg"
"<a href=""https://declanrjb.github.io/cds-engine/?unitid=174844"">St Olaf College (MN)</a>","174844","https://public.flourish.studio/uploads/1447708/01af279a-7cff-47af-99f0-1b12cb044687.svg","https://public.flourish.studio/uploads/1447708/01af279a-7cff-47af-99f0-1b12cb044687.svg","https://public.flourish.studio/uploads/1447708/01af279a-7cff-47af-99f0-1b12cb044687.svg","https://public.flourish.studio/uploads/1447708/01af279a-7cff-47af-99f0-1b12cb044687.svg","https://public.flourish.studio/uploads/1447708/28c69406-d4a3-44a0-b2d9-1e6f4212b28a.svg"
"<a href=""https://declanrjb.github.io/cds-engine/?unitid=175272"">Winona State University (MN)</a>","175272","https://public.flourish.studio/uploads/1447708/01af279a-7cff-47af-99f0-1b12cb044687.svg","https://public.flourish.studio/uploads/1447708/01af279a-7cff-47af-99f0-1b12cb044687.svg","https://public.flourish.studio/uploads/1447708/28c69406-d4a3-44a0-b2d9-1e6f4212b28a.svg","https://public.flourish.studio/uploads/1447708/28c69406-d4a3-44a0-b2d9-1e6f4212b28a.svg","https://public.flourish.studio/uploads/1447708/28c69406-d4a3-44a0-b2d9-1e6f4212b28a.svg"
"<a href=""https://declanrjb.github.io/cds-engine/?unitid=176017"">University of Mississippi (MS)</a>","176017","https://public.flourish.studio/uploads/1447708/01af279a-7cff-47af-99f0-1b12cb044687.svg","https://public.flourish.studio/uploads/1447708/01af279a-7cff-47af-99f0-1b12cb044687.svg","https://public.flourish.studio/uploads/1447708/01af279a-7cff-47af-99f0-1b12cb044687.svg","https://public.flourish.studio/uploads/1447708/01af279a-7cff-47af-99f0-1b12cb044687.svg","https://public.flourish.studio/uploads/1447708/28c69406-d4a3-44a0-b2d9-1e6f4212b28a.svg"
"<a href=""https://declanrjb.github.io/cds-engine/?unitid=176080"">Mississippi State University (MS)</a>","176080","https://public.flourish.studio/uploads/1447708/01af279a-7cff-47af-99f0-1b12cb044687.svg","https://public.flourish.studio/uploads/1447708/01af279a-7cff-47af-99f0-1b12cb044687.svg","https://public.flourish.studio/uploads/1447708/01af279a-7cff-47af-99f0-1b12cb044687.svg","https://public.flourish.studio/uploads/1447708/01af279a-7cff-47af-99f0-1b12cb044687.svg","https://public.flourish.studio/uploads/1447708/28c69406-d4a3-44a0-b2d9-1e6f4212b28a.svg"
"<a href=""https://declanrjb.github.io/cds-engine/?unitid=176372"">University of Southern Mississippi (MS)</a>","176372","https://public.flourish.studio/uploads/1447708/28c69406-d4a3-44a0-b2d9-1e6f4212b28a.svg","https://public.flourish.studio/uploads/1447708/01af279a-7cff-47af-99f0-1b12cb044687.svg","https://public.flourish.studio/uploads/1447708/01af279a-7cff-47af-99f0-1b12cb044687.svg","https://public.flourish.studio/uploads/1447708/01af279a-7cff-47af-99f0-1b12cb044687.svg","https://public.flourish.studio/uploads/1447708/28c69406-d4a3-44a0-b2d9-1e6f4212b28a.svg"
"<a href=""https://declanrjb.github.io/cds-engine/?unitid=176965"">University of Central Missouri (MO)</a>","176965","https://public.flourish.studio/uploads/1447708/01af279a-7cff-47af-99f0-1b12cb044687.svg","https://public.flourish.studio/uploads/1447708/01af279a-7cff-47af-99f0-1b12cb044687.svg","https://public.flourish.studio/uploads/1447708/01af279a-7cff-47af-99f0-1b12cb044687.svg","https://public.flourish.studio/uploads/1447708/01af279a-7cff-47af-99f0-1b12cb044687.svg","https://public.flourish.studio/uploads/1447708/28c69406-d4a3-44a0-b2d9-1e6f4212b28a.svg"
"<a href=""https://declanrjb.github.io/cds-engine/?unitid=177065"">Columbia College (MO)</a>","177065","https://public.flourish.studio/uploads/1447708/28c69406-d4a3-44a0-b2d9-1e6f4212b28a.svg","https://public.flourish.studio/uploads/1447708/28c69406-d4a3-44a0-b2d9-1e6f4212b28a.svg","https://public.flourish.studio/uploads/1447708/01af279a-7cff-47af-99f0-1b12cb044687.svg","https://public.flourish.studio/uploads/1447708/01af279a-7cff-47af-99f0-1b12cb044687.svg","https://public.flourish.studio/uploads/1447708/28c69406-d4a3-44a0-b2d9-1e6f4212b28a.svg"
"<a href=""https://declanrjb.github.io/cds-engine/?unitid=177214"">Drury University (MO)</a>","177214","https://public.flourish.studio/uploads/1447708/01af279a-7cff-47af-99f0-1b12cb044687.svg","https://public.flourish.studio/uploads/1447708/01af279a-7cff-47af-99f0-1b12cb044687.svg","https://public.flourish.studio/uploads/1447708/01af279a-7cff-47af-99f0-1b12cb044687.svg","https://public.flourish.studio/uploads/1447708/28c69406-d4a3-44a0-b2d9-1e6f4212b28a.svg","https://public.flourish.studio/uploads/1447708/01af279a-7cff-47af-99f0-1b12cb044687.svg"
"<a href=""https://declanrjb.github.io/cds-engine/?unitid=177940"">Lincoln University (MO)</a>","177940","https://public.flourish.studio/uploads/1447708/28c69406-d4a3-44a0-b2d9-1e6f4212b28a.svg","https://public.flourish.studio/uploads/1447708/01af279a-7cff-47af-99f0-1b12cb044687.svg","https://public.flourish.studio/uploads/1447708/01af279a-7cff-47af-99f0-1b12cb044687.svg","https://public.flourish.studio/uploads/1447708/28c69406-d4a3-44a0-b2d9-1e6f4212b28a.svg","https://public.flourish.studio/uploads/1447708/28c69406-d4a3-44a0-b2d9-1e6f4212b28a.svg"
"<a href=""https://declanrjb.github.io/cds-engine/?unitid=178059"">Maryville University of Saint Louis (MO)</a>","178059","https://public.flourish.studio/uploads/1447708/01af279a-7cff-47af-99f0-1b12cb044687.svg","https://public.flourish.studio/uploads/1447708/01af279a-7cff-47af-99f0-1b12cb044687.svg","https://public.flourish.studio/uploads/1447708/28c69406-d4a3-44a0-b2d9-1e6f4212b28a.svg","https://public.flourish.studio/uploads/1447708/01af279a-7cff-47af-99f0-1b12cb044687.svg","https://public.flourish.studio/uploads/1447708/28c69406-d4a3-44a0-b2d9-1e6f4212b28a.svg"
"<a href=""https://declanrjb.github.io/cds-engine/?unitid=178341"">Missouri Southern State University (MO)</a>","178341","https://public.flourish.studio/uploads/1447708/28c69406-d4a3-44a0-b2d9-1e6f4212b28a.svg","https://public.flourish.studio/uploads/1447708/28c69406-d4a3-44a0-b2d9-1e6f4212b28a.svg","https://public.flourish.studio/uploads/1447708/28c69406-d4a3-44a0-b2d9-1e6f4212b28a.svg","https://public.flourish.studio/uploads/1447708/01af279a-7cff-47af-99f0-1b12cb044687.svg","https://public.flourish.studio/uploads/1447708/01af279a-7cff-47af-99f0-1b12cb044687.svg"
"<a href=""https://declanrjb.github.io/cds-engine/?unitid=178387"">Missouri Western State University (MO)</a>","178387","https://public.flourish.studio/uploads/1447708/01af279a-7cff-47af-99f0-1b12cb044687.svg","https://public.flourish.studio/uploads/1447708/28c69406-d4a3-44a0-b2d9-1e6f4212b28a.svg","https://public.flourish.studio/uploads/1447708/01af279a-7cff-47af-99f0-1b12cb044687.svg","https://public.flourish.studio/uploads/1447708/01af279a-7cff-47af-99f0-1b12cb044687.svg","https://public.flourish.studio/uploads/1447708/01af279a-7cff-47af-99f0-1b12cb044687.svg"
"<a href=""https://declanrjb.github.io/cds-engine/?unitid=178396"">University of Missouri-Columbia (MO)</a>","178396","https://public.flourish.studio/uploads/1447708/01af279a-7cff-47af-99f0-1b12cb044687.svg","https://public.flourish.studio/uploads/1447708/01af279a-7cff-47af-99f0-1b12cb044687.svg","https://public.flourish.studio/uploads/1447708/01af279a-7cff-47af-99f0-1b12cb044687.svg","https://public.flourish.studio/uploads/1447708/01af279a-7cff-47af-99f0-1b12cb044687.svg","https://public.flourish.studio/uploads/1447708/28c69406-d4a3-44a0-b2d9-1e6f4212b28a.svg"
"<a href=""https://declanrjb.github.io/cds-engine/?unitid=178402"">University of Missouri-Kansas City (MO)</a>","178402","https://public.flourish.studio/uploads/1447708/28c69406-d4a3-44a0-b2d9-1e6f4212b28a.svg","https://public.flourish.studio/uploads/1447708/01af279a-7cff-47af-99f0-1b12cb044687.svg","https://public.flourish.studio/uploads/1447708/01af279a-7cff-47af-99f0-1b12cb044687.svg","https://public.flourish.studio/uploads/1447708/01af279a-7cff-47af-99f0-1b12cb044687.svg","https://public.flourish.studio/uploads/1447708/01af279a-7cff-47af-99f0-1b12cb044687.svg"
"<a href=""https://declanrjb.github.io/cds-engine/?unitid=178420"">University of Missouri-St Louis (MO)</a>","178420","https://public.flourish.studio/uploads/1447708/01af279a-7cff-47af-99f0-1b12cb044687.svg","https://public.flourish.studio/uploads/1447708/01af279a-7cff-47af-99f0-1b12cb044687.svg","https://public.flourish.studio/uploads/1447708/28c69406-d4a3-44a0-b2d9-1e6f4212b28a.svg","https://public.flourish.studio/uploads/1447708/01af279a-7cff-47af-99f0-1b12cb044687.svg","https://public.flourish.studio/uploads/1447708/01af279a-7cff-47af-99f0-1b12cb044687.svg"
"<a href=""https://declanrjb.github.io/cds-engine/?unitid=179867"">Washington University in St Louis (MO)</a>","179867","https://public.flourish.studio/uploads/1447708/28c69406-d4a3-44a0-b2d9-1e6f4212b28a.svg","https://public.flourish.studio/uploads/1447708/28c69406-d4a3-44a0-b2d9-1e6f4212b28a.svg","https://public.flourish.studio/uploads/1447708/01af279a-7cff-47af-99f0-1b12cb044687.svg","https://public.flourish.studio/uploads/1447708/01af279a-7cff-47af-99f0-1b12cb044687.svg","https://public.flourish.studio/uploads/1447708/01af279a-7cff-47af-99f0-1b12cb044687.svg"
"<a href=""https://declanrjb.github.io/cds-engine/?unitid=180179"">Montana State University Billings (MT)</a>","180179","https://public.flourish.studio/uploads/1447708/01af279a-7cff-47af-99f0-1b12cb044687.svg","https://public.flourish.studio/uploads/1447708/28c69406-d4a3-44a0-b2d9-1e6f4212b28a.svg","https://public.flourish.studio/uploads/1447708/28c69406-d4a3-44a0-b2d9-1e6f4212b28a.svg","https://public.flourish.studio/uploads/1447708/01af279a-7cff-47af-99f0-1b12cb044687.svg","https://public.flourish.studio/uploads/1447708/01af279a-7cff-47af-99f0-1b12cb044687.svg"
"<a href=""https://declanrjb.github.io/cds-engine/?unitid=180461"">Montana State University (MT)</a>","180461","https://public.flourish.studio/uploads/1447708/01af279a-7cff-47af-99f0-1b12cb044687.svg","https://public.flourish.studio/uploads/1447708/01af279a-7cff-47af-99f0-1b12cb044687.svg","https://public.flourish.studio/uploads/1447708/01af279a-7cff-47af-99f0-1b12cb044687.svg","https://public.flourish.studio/uploads/1447708/01af279a-7cff-47af-99f0-1b12cb044687.svg","https://public.flourish.studio/uploads/1447708/01af279a-7cff-47af-99f0-1b12cb044687.svg"
"<a href=""https://declanrjb.github.io/cds-engine/?unitid=180489"">The University of Montana (MT)</a>","180489","https://public.flourish.studio/uploads/1447708/28c69406-d4a3-44a0-b2d9-1e6f4212b28a.svg","https://public.flourish.studio/uploads/1447708/01af279a-7cff-47af-99f0-1b12cb044687.svg","https://public.flourish.studio/uploads/1447708/28c69406-d4a3-44a0-b2d9-1e6f4212b28a.svg","https://public.flourish.studio/uploads/1447708/01af279a-7cff-47af-99f0-1b12cb044687.svg","https://public.flourish.studio/uploads/1447708/28c69406-d4a3-44a0-b2d9-1e6f4212b28a.svg"
"<a href=""https://declanrjb.github.io/cds-engine/?unitid=180595"">Rocky Mountain College (MT)</a>","180595","https://public.flourish.studio/uploads/1447708/01af279a-7cff-47af-99f0-1b12cb044687.svg","https://public.flourish.studio/uploads/1447708/01af279a-7cff-47af-99f0-1b12cb044687.svg","https://public.flourish.studio/uploads/1447708/01af279a-7cff-47af-99f0-1b12cb044687.svg","https://public.flourish.studio/uploads/1447708/01af279a-7cff-47af-99f0-1b12cb044687.svg","https://public.flourish.studio/uploads/1447708/01af279a-7cff-47af-99f0-1b12cb044687.svg"
"<a href=""https://declanrjb.github.io/cds-engine/?unitid=181002"">Creighton University (NE)</a>","181002","https://public.flourish.studio/uploads/1447708/01af279a-7cff-47af-99f0-1b12cb044687.svg","https://public.flourish.studio/uploads/1447708/01af279a-7cff-47af-99f0-1b12cb044687.svg","https://public.flourish.studio/uploads/1447708/01af279a-7cff-47af-99f0-1b12cb044687.svg","https://public.flourish.studio/uploads/1447708/01af279a-7cff-47af-99f0-1b12cb044687.svg","https://public.flourish.studio/uploads/1447708/01af279a-7cff-47af-99f0-1b12cb044687.svg"
"<a href=""https://declanrjb.github.io/cds-engine/?unitid=181464"">University of Nebraska-Lincoln (NE)</a>","181464","https://public.flourish.studio/uploads/1447708/01af279a-7cff-47af-99f0-1b12cb044687.svg","https://public.flourish.studio/uploads/1447708/01af279a-7cff-47af-99f0-1b12cb044687.svg","https://public.flourish.studio/uploads/1447708/01af279a-7cff-47af-99f0-1b12cb044687.svg","https://public.flourish.studio/uploads/1447708/28c69406-d4a3-44a0-b2d9-1e6f4212b28a.svg","https://public.flourish.studio/uploads/1447708/28c69406-d4a3-44a0-b2d9-1e6f4212b28a.svg"
"<a href=""https://declanrjb.github.io/cds-engine/?unitid=182281"">University of Nevada-Las Vegas (NV)</a>","182281","https://public.flourish.studio/uploads/1447708/01af279a-7cff-47af-99f0-1b12cb044687.svg","https://public.flourish.studio/uploads/1447708/01af279a-7cff-47af-99f0-1b12cb044687.svg","https://public.flourish.studio/uploads/1447708/01af279a-7cff-47af-99f0-1b12cb044687.svg","https://public.flourish.studio/uploads/1447708/01af279a-7cff-47af-99f0-1b12cb044687.svg","https://public.flourish.studio/uploads/1447708/28c69406-d4a3-44a0-b2d9-1e6f4212b28a.svg"
"<a href=""https://declanrjb.github.io/cds-engine/?unitid=182290"">University of Nevada-Reno (NV)</a>","182290","https://public.flourish.studio/uploads/1447708/01af279a-7cff-47af-99f0-1b12cb044687.svg","https://public.flourish.studio/uploads/1447708/01af279a-7cff-47af-99f0-1b12cb044687.svg","https://public.flourish.studio/uploads/1447708/01af279a-7cff-47af-99f0-1b12cb044687.svg","https://public.flourish.studio/uploads/1447708/01af279a-7cff-47af-99f0-1b12cb044687.svg","https://public.flourish.studio/uploads/1447708/28c69406-d4a3-44a0-b2d9-1e6f4212b28a.svg"
"<a href=""https://declanrjb.github.io/cds-engine/?unitid=182670"">Dartmouth College (NH)</a>","182670","https://public.flourish.studio/uploads/1447708/01af279a-7cff-47af-99f0-1b12cb044687.svg","https://public.flourish.studio/uploads/1447708/01af279a-7cff-47af-99f0-1b12cb044687.svg","https://public.flourish.studio/uploads/1447708/01af279a-7cff-47af-99f0-1b12cb044687.svg","https://public.flourish.studio/uploads/1447708/01af279a-7cff-47af-99f0-1b12cb044687.svg","https://public.flourish.studio/uploads/1447708/01af279a-7cff-47af-99f0-1b12cb044687.svg"
"<a href=""https://declanrjb.github.io/cds-engine/?unitid=182917"">NA (NA)</a>","182917","https://public.flourish.studio/uploads/1447708/28c69406-d4a3-44a0-b2d9-1e6f4212b28a.svg","https://public.flourish.studio/uploads/1447708/28c69406-d4a3-44a0-b2d9-1e6f4212b28a.svg","https://public.flourish.studio/uploads/1447708/28c69406-d4a3-44a0-b2d9-1e6f4212b28a.svg","https://public.flourish.studio/uploads/1447708/28c69406-d4a3-44a0-b2d9-1e6f4212b28a.svg","https://public.flourish.studio/uploads/1447708/01af279a-7cff-47af-99f0-1b12cb044687.svg"
"<a href=""https://declanrjb.github.io/cds-engine/?unitid=183044"">University of New Hampshire-Main Campus...</a>","183044","https://public.flourish.studio/uploads/1447708/01af279a-7cff-47af-99f0-1b12cb044687.svg","https://public.flourish.studio/uploads/1447708/01af279a-7cff-47af-99f0-1b12cb044687.svg","https://public.flourish.studio/uploads/1447708/01af279a-7cff-47af-99f0-1b12cb044687.svg","https://public.flourish.studio/uploads/1447708/01af279a-7cff-47af-99f0-1b12cb044687.svg","https://public.flourish.studio/uploads/1447708/01af279a-7cff-47af-99f0-1b12cb044687.svg"
"<a href=""https://declanrjb.github.io/cds-engine/?unitid=183062"">Keene State College (NH)</a>","183062","https://public.flourish.studio/uploads/1447708/01af279a-7cff-47af-99f0-1b12cb044687.svg","https://public.flourish.studio/uploads/1447708/01af279a-7cff-47af-99f0-1b12cb044687.svg","https://public.flourish.studio/uploads/1447708/01af279a-7cff-47af-99f0-1b12cb044687.svg","https://public.flourish.studio/uploads/1447708/01af279a-7cff-47af-99f0-1b12cb044687.svg","https://public.flourish.studio/uploads/1447708/28c69406-d4a3-44a0-b2d9-1e6f4212b28a.svg"
"<a href=""https://declanrjb.github.io/cds-engine/?unitid=183239"">Saint Anselm College (NH)</a>","183239","https://public.flourish.studio/uploads/1447708/01af279a-7cff-47af-99f0-1b12cb044687.svg","https://public.flourish.studio/uploads/1447708/28c69406-d4a3-44a0-b2d9-1e6f4212b28a.svg","https://public.flourish.studio/uploads/1447708/28c69406-d4a3-44a0-b2d9-1e6f4212b28a.svg","https://public.flourish.studio/uploads/1447708/28c69406-d4a3-44a0-b2d9-1e6f4212b28a.svg","https://public.flourish.studio/uploads/1447708/28c69406-d4a3-44a0-b2d9-1e6f4212b28a.svg"
"<a href=""https://declanrjb.github.io/cds-engine/?unitid=184603"">Fairleigh Dickinson University-Metropol...</a>","184603","https://public.flourish.studio/uploads/1447708/01af279a-7cff-47af-99f0-1b12cb044687.svg","https://public.flourish.studio/uploads/1447708/01af279a-7cff-47af-99f0-1b12cb044687.svg","https://public.flourish.studio/uploads/1447708/01af279a-7cff-47af-99f0-1b12cb044687.svg","https://public.flourish.studio/uploads/1447708/01af279a-7cff-47af-99f0-1b12cb044687.svg","https://public.flourish.studio/uploads/1447708/28c69406-d4a3-44a0-b2d9-1e6f4212b28a.svg"
"<a href=""https://declanrjb.github.io/cds-engine/?unitid=184694"">Fairleigh Dickinson University-Florham ...</a>","184694","https://public.flourish.studio/uploads/1447708/01af279a-7cff-47af-99f0-1b12cb044687.svg","https://public.flourish.studio/uploads/1447708/01af279a-7cff-47af-99f0-1b12cb044687.svg","https://public.flourish.studio/uploads/1447708/01af279a-7cff-47af-99f0-1b12cb044687.svg","https://public.flourish.studio/uploads/1447708/01af279a-7cff-47af-99f0-1b12cb044687.svg","https://public.flourish.studio/uploads/1447708/28c69406-d4a3-44a0-b2d9-1e6f4212b28a.svg"
"<a href=""https://declanrjb.github.io/cds-engine/?unitid=185590"">Montclair State University (NJ)</a>","185590","https://public.flourish.studio/uploads/1447708/01af279a-7cff-47af-99f0-1b12cb044687.svg","https://public.flourish.studio/uploads/1447708/01af279a-7cff-47af-99f0-1b12cb044687.svg","https://public.flourish.studio/uploads/1447708/01af279a-7cff-47af-99f0-1b12cb044687.svg","https://public.flourish.studio/uploads/1447708/01af279a-7cff-47af-99f0-1b12cb044687.svg","https://public.flourish.studio/uploads/1447708/01af279a-7cff-47af-99f0-1b12cb044687.svg"
"<a href=""https://declanrjb.github.io/cds-engine/?unitid=186131"">Princeton University (NJ)</a>","186131","https://public.flourish.studio/uploads/1447708/01af279a-7cff-47af-99f0-1b12cb044687.svg","https://public.flourish.studio/uploads/1447708/01af279a-7cff-47af-99f0-1b12cb044687.svg","https://public.flourish.studio/uploads/1447708/01af279a-7cff-47af-99f0-1b12cb044687.svg","https://public.flourish.studio/uploads/1447708/01af279a-7cff-47af-99f0-1b12cb044687.svg","https://public.flourish.studio/uploads/1447708/28c69406-d4a3-44a0-b2d9-1e6f4212b28a.svg"
"<a href=""https://declanrjb.github.io/cds-engine/?unitid=186201"">Ramapo College of New Jersey (NJ)</a>","186201","https://public.flourish.studio/uploads/1447708/01af279a-7cff-47af-99f0-1b12cb044687.svg","https://public.flourish.studio/uploads/1447708/01af279a-7cff-47af-99f0-1b12cb044687.svg","https://public.flourish.studio/uploads/1447708/01af279a-7cff-47af-99f0-1b12cb044687.svg","https://public.flourish.studio/uploads/1447708/01af279a-7cff-47af-99f0-1b12cb044687.svg","https://public.flourish.studio/uploads/1447708/01af279a-7cff-47af-99f0-1b12cb044687.svg"
"<a href=""https://declanrjb.github.io/cds-engine/?unitid=186371"">Rutgers University-Camden (NJ)</a>","186371","https://public.flourish.studio/uploads/1447708/01af279a-7cff-47af-99f0-1b12cb044687.svg","https://public.flourish.studio/uploads/1447708/01af279a-7cff-47af-99f0-1b12cb044687.svg","https://public.flourish.studio/uploads/1447708/01af279a-7cff-47af-99f0-1b12cb044687.svg","https://public.flourish.studio/uploads/1447708/28c69406-d4a3-44a0-b2d9-1e6f4212b28a.svg","https://public.flourish.studio/uploads/1447708/28c69406-d4a3-44a0-b2d9-1e6f4212b28a.svg"
"<a href=""https://declanrjb.github.io/cds-engine/?unitid=186380"">Rutgers University-New Brunswick (NJ)</a>","186380","https://public.flourish.studio/uploads/1447708/01af279a-7cff-47af-99f0-1b12cb044687.svg","https://public.flourish.studio/uploads/1447708/01af279a-7cff-47af-99f0-1b12cb044687.svg","https://public.flourish.studio/uploads/1447708/01af279a-7cff-47af-99f0-1b12cb044687.svg","https://public.flourish.studio/uploads/1447708/28c69406-d4a3-44a0-b2d9-1e6f4212b28a.svg","https://public.flourish.studio/uploads/1447708/28c69406-d4a3-44a0-b2d9-1e6f4212b28a.svg"
"<a href=""https://declanrjb.github.io/cds-engine/?unitid=186399"">Rutgers University-Newark (NJ)</a>","186399","https://public.flourish.studio/uploads/1447708/01af279a-7cff-47af-99f0-1b12cb044687.svg","https://public.flourish.studio/uploads/1447708/01af279a-7cff-47af-99f0-1b12cb044687.svg","https://public.flourish.studio/uploads/1447708/01af279a-7cff-47af-99f0-1b12cb044687.svg","https://public.flourish.studio/uploads/1447708/28c69406-d4a3-44a0-b2d9-1e6f4212b28a.svg","https://public.flourish.studio/uploads/1447708/28c69406-d4a3-44a0-b2d9-1e6f4212b28a.svg"
"<a href=""https://declanrjb.github.io/cds-engine/?unitid=186867"">Stevens Institute of Technology (NJ)</a>","186867","https://public.flourish.studio/uploads/1447708/28c69406-d4a3-44a0-b2d9-1e6f4212b28a.svg","https://public.flourish.studio/uploads/1447708/01af279a-7cff-47af-99f0-1b12cb044687.svg","https://public.flourish.studio/uploads/1447708/01af279a-7cff-47af-99f0-1b12cb044687.svg","https://public.flourish.studio/uploads/1447708/01af279a-7cff-47af-99f0-1b12cb044687.svg","https://public.flourish.studio/uploads/1447708/28c69406-d4a3-44a0-b2d9-1e6f4212b28a.svg"
"<a href=""https://declanrjb.github.io/cds-engine/?unitid=187134"">The College of New Jersey (NJ)</a>","187134","https://public.flourish.studio/uploads/1447708/28c69406-d4a3-44a0-b2d9-1e6f4212b28a.svg","https://public.flourish.studio/uploads/1447708/28c69406-d4a3-44a0-b2d9-1e6f4212b28a.svg","https://public.flourish.studio/uploads/1447708/28c69406-d4a3-44a0-b2d9-1e6f4212b28a.svg","https://public.flourish.studio/uploads/1447708/01af279a-7cff-47af-99f0-1b12cb044687.svg","https://public.flourish.studio/uploads/1447708/01af279a-7cff-47af-99f0-1b12cb044687.svg"
"<a href=""https://declanrjb.github.io/cds-engine/?unitid=187444"">William Paterson University of New Jers...</a>","187444","https://public.flourish.studio/uploads/1447708/01af279a-7cff-47af-99f0-1b12cb044687.svg","https://public.flourish.studio/uploads/1447708/28c69406-d4a3-44a0-b2d9-1e6f4212b28a.svg","https://public.flourish.studio/uploads/1447708/28c69406-d4a3-44a0-b2d9-1e6f4212b28a.svg","https://public.flourish.studio/uploads/1447708/28c69406-d4a3-44a0-b2d9-1e6f4212b28a.svg","https://public.flourish.studio/uploads/1447708/28c69406-d4a3-44a0-b2d9-1e6f4212b28a.svg"
"<a href=""https://declanrjb.github.io/cds-engine/?unitid=187967"">New Mexico Institute of Mining and Tech...</a>","187967","https://public.flourish.studio/uploads/1447708/01af279a-7cff-47af-99f0-1b12cb044687.svg","https://public.flourish.studio/uploads/1447708/01af279a-7cff-47af-99f0-1b12cb044687.svg","https://public.flourish.studio/uploads/1447708/01af279a-7cff-47af-99f0-1b12cb044687.svg","https://public.flourish.studio/uploads/1447708/28c69406-d4a3-44a0-b2d9-1e6f4212b28a.svg","https://public.flourish.studio/uploads/1447708/28c69406-d4a3-44a0-b2d9-1e6f4212b28a.svg"
"<a href=""https://declanrjb.github.io/cds-engine/?unitid=188340"">Vaughn College of Aeronautics and Techn...</a>","188340","https://public.flourish.studio/uploads/1447708/01af279a-7cff-47af-99f0-1b12cb044687.svg","https://public.flourish.studio/uploads/1447708/01af279a-7cff-47af-99f0-1b12cb044687.svg","https://public.flourish.studio/uploads/1447708/28c69406-d4a3-44a0-b2d9-1e6f4212b28a.svg","https://public.flourish.studio/uploads/1447708/28c69406-d4a3-44a0-b2d9-1e6f4212b28a.svg","https://public.flourish.studio/uploads/1447708/28c69406-d4a3-44a0-b2d9-1e6f4212b28a.svg"
"<a href=""https://declanrjb.github.io/cds-engine/?unitid=188429"">Adelphi University (NY)</a>","188429","https://public.flourish.studio/uploads/1447708/01af279a-7cff-47af-99f0-1b12cb044687.svg","https://public.flourish.studio/uploads/1447708/01af279a-7cff-47af-99f0-1b12cb044687.svg","https://public.flourish.studio/uploads/1447708/28c69406-d4a3-44a0-b2d9-1e6f4212b28a.svg","https://public.flourish.studio/uploads/1447708/28c69406-d4a3-44a0-b2d9-1e6f4212b28a.svg","https://public.flourish.studio/uploads/1447708/28c69406-d4a3-44a0-b2d9-1e6f4212b28a.svg"
"<a href=""https://declanrjb.github.io/cds-engine/?unitid=188641"">Alfred University (NY)</a>","188641","https://public.flourish.studio/uploads/1447708/01af279a-7cff-47af-99f0-1b12cb044687.svg","https://public.flourish.studio/uploads/1447708/01af279a-7cff-47af-99f0-1b12cb044687.svg","https://public.flourish.studio/uploads/1447708/01af279a-7cff-47af-99f0-1b12cb044687.svg","https://public.flourish.studio/uploads/1447708/28c69406-d4a3-44a0-b2d9-1e6f4212b28a.svg","https://public.flourish.studio/uploads/1447708/28c69406-d4a3-44a0-b2d9-1e6f4212b28a.svg"
"<a href=""https://declanrjb.github.io/cds-engine/?unitid=189097"">Barnard College (NY)</a>","189097","https://public.flourish.studio/uploads/1447708/01af279a-7cff-47af-99f0-1b12cb044687.svg","https://public.flourish.studio/uploads/1447708/01af279a-7cff-47af-99f0-1b12cb044687.svg","https://public.flourish.studio/uploads/1447708/01af279a-7cff-47af-99f0-1b12cb044687.svg","https://public.flourish.studio/uploads/1447708/01af279a-7cff-47af-99f0-1b12cb044687.svg","https://public.flourish.studio/uploads/1447708/28c69406-d4a3-44a0-b2d9-1e6f4212b28a.svg"
"<a href=""https://declanrjb.github.io/cds-engine/?unitid=189705"">Canisius University (NY)</a>","189705","https://public.flourish.studio/uploads/1447708/01af279a-7cff-47af-99f0-1b12cb044687.svg","https://public.flourish.studio/uploads/1447708/01af279a-7cff-47af-99f0-1b12cb044687.svg","https://public.flourish.studio/uploads/1447708/01af279a-7cff-47af-99f0-1b12cb044687.svg","https://public.flourish.studio/uploads/1447708/01af279a-7cff-47af-99f0-1b12cb044687.svg","https://public.flourish.studio/uploads/1447708/28c69406-d4a3-44a0-b2d9-1e6f4212b28a.svg"
"<a href=""https://declanrjb.github.io/cds-engine/?unitid=190044"">Clarkson University (NY)</a>","190044","https://public.flourish.studio/uploads/1447708/01af279a-7cff-47af-99f0-1b12cb044687.svg","https://public.flourish.studio/uploads/1447708/28c69406-d4a3-44a0-b2d9-1e6f4212b28a.svg","https://public.flourish.studio/uploads/1447708/28c69406-d4a3-44a0-b2d9-1e6f4212b28a.svg","https://public.flourish.studio/uploads/1447708/01af279a-7cff-47af-99f0-1b12cb044687.svg","https://public.flourish.studio/uploads/1447708/28c69406-d4a3-44a0-b2d9-1e6f4212b28a.svg"
"<a href=""https://declanrjb.github.io/cds-engine/?unitid=190080"">Colgate Rochester Crozer Divinity Schoo...</a>","190080","https://public.flourish.studio/uploads/1447708/28c69406-d4a3-44a0-b2d9-1e6f4212b28a.svg","https://public.flourish.studio/uploads/1447708/28c69406-d4a3-44a0-b2d9-1e6f4212b28a.svg","https://public.flourish.studio/uploads/1447708/28c69406-d4a3-44a0-b2d9-1e6f4212b28a.svg","https://public.flourish.studio/uploads/1447708/01af279a-7cff-47af-99f0-1b12cb044687.svg","https://public.flourish.studio/uploads/1447708/28c69406-d4a3-44a0-b2d9-1e6f4212b28a.svg"
"<a href=""https://declanrjb.github.io/cds-engine/?unitid=190099"">Colgate University (NY)</a>","190099","https://public.flourish.studio/uploads/1447708/01af279a-7cff-47af-99f0-1b12cb044687.svg","https://public.flourish.studio/uploads/1447708/01af279a-7cff-47af-99f0-1b12cb044687.svg","https://public.flourish.studio/uploads/1447708/01af279a-7cff-47af-99f0-1b12cb044687.svg","https://public.flourish.studio/uploads/1447708/01af279a-7cff-47af-99f0-1b12cb044687.svg","https://public.flourish.studio/uploads/1447708/28c69406-d4a3-44a0-b2d9-1e6f4212b28a.svg"
"<a href=""https://declanrjb.github.io/cds-engine/?unitid=190150"">Columbia University in the City of New ...</a>","190150","https://public.flourish.studio/uploads/1447708/28c69406-d4a3-44a0-b2d9-1e6f4212b28a.svg","https://public.flourish.studio/uploads/1447708/28c69406-d4a3-44a0-b2d9-1e6f4212b28a.svg","https://public.flourish.studio/uploads/1447708/28c69406-d4a3-44a0-b2d9-1e6f4212b28a.svg","https://public.flourish.studio/uploads/1447708/01af279a-7cff-47af-99f0-1b12cb044687.svg","https://public.flourish.studio/uploads/1447708/28c69406-d4a3-44a0-b2d9-1e6f4212b28a.svg"
"<a href=""https://declanrjb.github.io/cds-engine/?unitid=190415"">Cornell University (NY)</a>","190415","https://public.flourish.studio/uploads/1447708/01af279a-7cff-47af-99f0-1b12cb044687.svg","https://public.flourish.studio/uploads/1447708/01af279a-7cff-47af-99f0-1b12cb044687.svg","https://public.flourish.studio/uploads/1447708/01af279a-7cff-47af-99f0-1b12cb044687.svg","https://public.flourish.studio/uploads/1447708/01af279a-7cff-47af-99f0-1b12cb044687.svg","https://public.flourish.studio/uploads/1447708/28c69406-d4a3-44a0-b2d9-1e6f4212b28a.svg"
"<a href=""https://declanrjb.github.io/cds-engine/?unitid=190512"">CUNY Bernard M Baruch College (NY)</a>","190512","https://public.flourish.studio/uploads/1447708/01af279a-7cff-47af-99f0-1b12cb044687.svg","https://public.flourish.studio/uploads/1447708/01af279a-7cff-47af-99f0-1b12cb044687.svg","https://public.flourish.studio/uploads/1447708/28c69406-d4a3-44a0-b2d9-1e6f4212b28a.svg","https://public.flourish.studio/uploads/1447708/28c69406-d4a3-44a0-b2d9-1e6f4212b28a.svg","https://public.flourish.studio/uploads/1447708/28c69406-d4a3-44a0-b2d9-1e6f4212b28a.svg"
"<a href=""https://declanrjb.github.io/cds-engine/?unitid=190567"">CUNY City College (NY)</a>","190567","https://public.flourish.studio/uploads/1447708/28c69406-d4a3-44a0-b2d9-1e6f4212b28a.svg","https://public.flourish.studio/uploads/1447708/28c69406-d4a3-44a0-b2d9-1e6f4212b28a.svg","https://public.flourish.studio/uploads/1447708/28c69406-d4a3-44a0-b2d9-1e6f4212b28a.svg","https://public.flourish.studio/uploads/1447708/01af279a-7cff-47af-99f0-1b12cb044687.svg","https://public.flourish.studio/uploads/1447708/28c69406-d4a3-44a0-b2d9-1e6f4212b28a.svg"
"<a href=""https://declanrjb.github.io/cds-engine/?unitid=190600"">CUNY John Jay College of Criminal Justi...</a>","190600","https://public.flourish.studio/uploads/1447708/01af279a-7cff-47af-99f0-1b12cb044687.svg","https://public.flourish.studio/uploads/1447708/01af279a-7cff-47af-99f0-1b12cb044687.svg","https://public.flourish.studio/uploads/1447708/28c69406-d4a3-44a0-b2d9-1e6f4212b28a.svg","https://public.flourish.studio/uploads/1447708/28c69406-d4a3-44a0-b2d9-1e6f4212b28a.svg","https://public.flourish.studio/uploads/1447708/28c69406-d4a3-44a0-b2d9-1e6f4212b28a.svg"
"<a href=""https://declanrjb.github.io/cds-engine/?unitid=190691"">CUNY York College (NY)</a>","190691","https://public.flourish.studio/uploads/1447708/28c69406-d4a3-44a0-b2d9-1e6f4212b28a.svg","https://public.flourish.studio/uploads/1447708/28c69406-d4a3-44a0-b2d9-1e6f4212b28a.svg","https://public.flourish.studio/uploads/1447708/28c69406-d4a3-44a0-b2d9-1e6f4212b28a.svg","https://public.flourish.studio/uploads/1447708/01af279a-7cff-47af-99f0-1b12cb044687.svg","https://public.flourish.studio/uploads/1447708/28c69406-d4a3-44a0-b2d9-1e6f4212b28a.svg"
"<a href=""https://declanrjb.github.io/cds-engine/?unitid=190725"">Daemen University (NY)</a>","190725","https://public.flourish.studio/uploads/1447708/01af279a-7cff-47af-99f0-1b12cb044687.svg","https://public.flourish.studio/uploads/1447708/28c69406-d4a3-44a0-b2d9-1e6f4212b28a.svg","https://public.flourish.studio/uploads/1447708/01af279a-7cff-47af-99f0-1b12cb044687.svg","https://public.flourish.studio/uploads/1447708/28c69406-d4a3-44a0-b2d9-1e6f4212b28a.svg","https://public.flourish.studio/uploads/1447708/28c69406-d4a3-44a0-b2d9-1e6f4212b28a.svg"
"<a href=""https://declanrjb.github.io/cds-engine/?unitid=191126"">Fashion Institute of Technology (NY)</a>","191126","https://public.flourish.studio/uploads/1447708/28c69406-d4a3-44a0-b2d9-1e6f4212b28a.svg","https://public.flourish.studio/uploads/1447708/01af279a-7cff-47af-99f0-1b12cb044687.svg","https://public.flourish.studio/uploads/1447708/01af279a-7cff-47af-99f0-1b12cb044687.svg","https://public.flourish.studio/uploads/1447708/01af279a-7cff-47af-99f0-1b12cb044687.svg","https://public.flourish.studio/uploads/1447708/28c69406-d4a3-44a0-b2d9-1e6f4212b28a.svg"
"<a href=""https://declanrjb.github.io/cds-engine/?unitid=191241"">Fordham University (NY)</a>","191241","https://public.flourish.studio/uploads/1447708/01af279a-7cff-47af-99f0-1b12cb044687.svg","https://public.flourish.studio/uploads/1447708/01af279a-7cff-47af-99f0-1b12cb044687.svg","https://public.flourish.studio/uploads/1447708/28c69406-d4a3-44a0-b2d9-1e6f4212b28a.svg","https://public.flourish.studio/uploads/1447708/28c69406-d4a3-44a0-b2d9-1e6f4212b28a.svg","https://public.flourish.studio/uploads/1447708/28c69406-d4a3-44a0-b2d9-1e6f4212b28a.svg"
"<a href=""https://declanrjb.github.io/cds-engine/?unitid=191515"">Hamilton College (NY)</a>","191515","https://public.flourish.studio/uploads/1447708/01af279a-7cff-47af-99f0-1b12cb044687.svg","https://public.flourish.studio/uploads/1447708/01af279a-7cff-47af-99f0-1b12cb044687.svg","https://public.flourish.studio/uploads/1447708/01af279a-7cff-47af-99f0-1b12cb044687.svg","https://public.flourish.studio/uploads/1447708/01af279a-7cff-47af-99f0-1b12cb044687.svg","https://public.flourish.studio/uploads/1447708/28c69406-d4a3-44a0-b2d9-1e6f4212b28a.svg"
"<a href=""https://declanrjb.github.io/cds-engine/?unitid=191533"">Hartwick College (NY)</a>","191533","https://public.flourish.studio/uploads/1447708/01af279a-7cff-47af-99f0-1b12cb044687.svg","https://public.flourish.studio/uploads/1447708/01af279a-7cff-47af-99f0-1b12cb044687.svg","https://public.flourish.studio/uploads/1447708/28c69406-d4a3-44a0-b2d9-1e6f4212b28a.svg","https://public.flourish.studio/uploads/1447708/28c69406-d4a3-44a0-b2d9-1e6f4212b28a.svg","https://public.flourish.studio/uploads/1447708/28c69406-d4a3-44a0-b2d9-1e6f4212b28a.svg"
"<a href=""https://declanrjb.github.io/cds-engine/?unitid=191630"">Hobart William Smith Colleges (NY)</a>","191630","https://public.flourish.studio/uploads/1447708/28c69406-d4a3-44a0-b2d9-1e6f4212b28a.svg","https://public.flourish.studio/uploads/1447708/28c69406-d4a3-44a0-b2d9-1e6f4212b28a.svg","https://public.flourish.studio/uploads/1447708/01af279a-7cff-47af-99f0-1b12cb044687.svg","https://public.flourish.studio/uploads/1447708/01af279a-7cff-47af-99f0-1b12cb044687.svg","https://public.flourish.studio/uploads/1447708/01af279a-7cff-47af-99f0-1b12cb044687.svg"
"<a href=""https://declanrjb.github.io/cds-engine/?unitid=191649"">Hofstra University (NY)</a>","191649","https://public.flourish.studio/uploads/1447708/28c69406-d4a3-44a0-b2d9-1e6f4212b28a.svg","https://public.flourish.studio/uploads/1447708/01af279a-7cff-47af-99f0-1b12cb044687.svg","https://public.flourish.studio/uploads/1447708/28c69406-d4a3-44a0-b2d9-1e6f4212b28a.svg","https://public.flourish.studio/uploads/1447708/01af279a-7cff-47af-99f0-1b12cb044687.svg","https://public.flourish.studio/uploads/1447708/28c69406-d4a3-44a0-b2d9-1e6f4212b28a.svg"
"<a href=""https://declanrjb.github.io/cds-engine/?unitid=191968"">Ithaca College (NY)</a>","191968","https://public.flourish.studio/uploads/1447708/01af279a-7cff-47af-99f0-1b12cb044687.svg","https://public.flourish.studio/uploads/1447708/01af279a-7cff-47af-99f0-1b12cb044687.svg","https://public.flourish.studio/uploads/1447708/01af279a-7cff-47af-99f0-1b12cb044687.svg","https://public.flourish.studio/uploads/1447708/01af279a-7cff-47af-99f0-1b12cb044687.svg","https://public.flourish.studio/uploads/1447708/28c69406-d4a3-44a0-b2d9-1e6f4212b28a.svg"
"<a href=""https://declanrjb.github.io/cds-engine/?unitid=192703"">Manhattan University (NY)</a>","192703","https://public.flourish.studio/uploads/1447708/01af279a-7cff-47af-99f0-1b12cb044687.svg","https://public.flourish.studio/uploads/1447708/01af279a-7cff-47af-99f0-1b12cb044687.svg","https://public.flourish.studio/uploads/1447708/01af279a-7cff-47af-99f0-1b12cb044687.svg","https://public.flourish.studio/uploads/1447708/01af279a-7cff-47af-99f0-1b12cb044687.svg","https://public.flourish.studio/uploads/1447708/01af279a-7cff-47af-99f0-1b12cb044687.svg"
"<a href=""https://declanrjb.github.io/cds-engine/?unitid=192819"">Marist University (NY)</a>","192819","https://public.flourish.studio/uploads/1447708/01af279a-7cff-47af-99f0-1b12cb044687.svg","https://public.flourish.studio/uploads/1447708/01af279a-7cff-47af-99f0-1b12cb044687.svg","https://public.flourish.studio/uploads/1447708/01af279a-7cff-47af-99f0-1b12cb044687.svg","https://public.flourish.studio/uploads/1447708/01af279a-7cff-47af-99f0-1b12cb044687.svg","https://public.flourish.studio/uploads/1447708/28c69406-d4a3-44a0-b2d9-1e6f4212b28a.svg"
"<a href=""https://declanrjb.github.io/cds-engine/?unitid=193900"">New York University (NY)</a>","193900","https://public.flourish.studio/uploads/1447708/01af279a-7cff-47af-99f0-1b12cb044687.svg","https://public.flourish.studio/uploads/1447708/01af279a-7cff-47af-99f0-1b12cb044687.svg","https://public.flourish.studio/uploads/1447708/01af279a-7cff-47af-99f0-1b12cb044687.svg","https://public.flourish.studio/uploads/1447708/01af279a-7cff-47af-99f0-1b12cb044687.svg","https://public.flourish.studio/uploads/1447708/28c69406-d4a3-44a0-b2d9-1e6f4212b28a.svg"
"<a href=""https://declanrjb.github.io/cds-engine/?unitid=194310"">Pace University (NY)</a>","194310","https://public.flourish.studio/uploads/1447708/01af279a-7cff-47af-99f0-1b12cb044687.svg","https://public.flourish.studio/uploads/1447708/01af279a-7cff-47af-99f0-1b12cb044687.svg","https://public.flourish.studio/uploads/1447708/01af279a-7cff-47af-99f0-1b12cb044687.svg","https://public.flourish.studio/uploads/1447708/01af279a-7cff-47af-99f0-1b12cb044687.svg","https://public.flourish.studio/uploads/1447708/01af279a-7cff-47af-99f0-1b12cb044687.svg"
"<a href=""https://declanrjb.github.io/cds-engine/?unitid=194578"">Pratt Institute-Main (NY)</a>","194578","https://public.flourish.studio/uploads/1447708/28c69406-d4a3-44a0-b2d9-1e6f4212b28a.svg","https://public.flourish.studio/uploads/1447708/01af279a-7cff-47af-99f0-1b12cb044687.svg","https://public.flourish.studio/uploads/1447708/28c69406-d4a3-44a0-b2d9-1e6f4212b28a.svg","https://public.flourish.studio/uploads/1447708/28c69406-d4a3-44a0-b2d9-1e6f4212b28a.svg","https://public.flourish.studio/uploads/1447708/28c69406-d4a3-44a0-b2d9-1e6f4212b28a.svg"
"<a href=""https://declanrjb.github.io/cds-engine/?unitid=194824"">Rensselaer Polytechnic Institute (NY)</a>","194824","https://public.flourish.studio/uploads/1447708/01af279a-7cff-47af-99f0-1b12cb044687.svg","https://public.flourish.studio/uploads/1447708/01af279a-7cff-47af-99f0-1b12cb044687.svg","https://public.flourish.studio/uploads/1447708/28c69406-d4a3-44a0-b2d9-1e6f4212b28a.svg","https://public.flourish.studio/uploads/1447708/01af279a-7cff-47af-99f0-1b12cb044687.svg","https://public.flourish.studio/uploads/1447708/28c69406-d4a3-44a0-b2d9-1e6f4212b28a.svg"
"<a href=""https://declanrjb.github.io/cds-engine/?unitid=194958"">Roberts Wesleyan University (NY)</a>","194958","https://public.flourish.studio/uploads/1447708/28c69406-d4a3-44a0-b2d9-1e6f4212b28a.svg","https://public.flourish.studio/uploads/1447708/28c69406-d4a3-44a0-b2d9-1e6f4212b28a.svg","https://public.flourish.studio/uploads/1447708/01af279a-7cff-47af-99f0-1b12cb044687.svg","https://public.flourish.studio/uploads/1447708/28c69406-d4a3-44a0-b2d9-1e6f4212b28a.svg","https://public.flourish.studio/uploads/1447708/28c69406-d4a3-44a0-b2d9-1e6f4212b28a.svg"
"<a href=""https://declanrjb.github.io/cds-engine/?unitid=195003"">Rochester Institute of Technology (NY)</a>","195003","https://public.flourish.studio/uploads/1447708/01af279a-7cff-47af-99f0-1b12cb044687.svg","https://public.flourish.studio/uploads/1447708/01af279a-7cff-47af-99f0-1b12cb044687.svg","https://public.flourish.studio/uploads/1447708/01af279a-7cff-47af-99f0-1b12cb044687.svg","https://public.flourish.studio/uploads/1447708/01af279a-7cff-47af-99f0-1b12cb044687.svg","https://public.flourish.studio/uploads/1447708/28c69406-d4a3-44a0-b2d9-1e6f4212b28a.svg"
"<a href=""https://declanrjb.github.io/cds-engine/?unitid=195030"">University of Rochester (NY)</a>","195030","https://public.flourish.studio/uploads/1447708/01af279a-7cff-47af-99f0-1b12cb044687.svg","https://public.flourish.studio/uploads/1447708/01af279a-7cff-47af-99f0-1b12cb044687.svg","https://public.flourish.studio/uploads/1447708/01af279a-7cff-47af-99f0-1b12cb044687.svg","https://public.flourish.studio/uploads/1447708/01af279a-7cff-47af-99f0-1b12cb044687.svg","https://public.flourish.studio/uploads/1447708/01af279a-7cff-47af-99f0-1b12cb044687.svg"
"<a href=""https://declanrjb.github.io/cds-engine/?unitid=195216"">St Lawrence University (NY)</a>","195216","https://public.flourish.studio/uploads/1447708/01af279a-7cff-47af-99f0-1b12cb044687.svg","https://public.flourish.studio/uploads/1447708/01af279a-7cff-47af-99f0-1b12cb044687.svg","https://public.flourish.studio/uploads/1447708/01af279a-7cff-47af-99f0-1b12cb044687.svg","https://public.flourish.studio/uploads/1447708/01af279a-7cff-47af-99f0-1b12cb044687.svg","https://public.flourish.studio/uploads/1447708/28c69406-d4a3-44a0-b2d9-1e6f4212b28a.svg"
"<a href=""https://declanrjb.github.io/cds-engine/?unitid=195304"">Sarah Lawrence College (NY)</a>","195304","https://public.flourish.studio/uploads/1447708/28c69406-d4a3-44a0-b2d9-1e6f4212b28a.svg","https://public.flourish.studio/uploads/1447708/28c69406-d4a3-44a0-b2d9-1e6f4212b28a.svg","https://public.flourish.studio/uploads/1447708/01af279a-7cff-47af-99f0-1b12cb044687.svg","https://public.flourish.studio/uploads/1447708/01af279a-7cff-47af-99f0-1b12cb044687.svg","https://public.flourish.studio/uploads/1447708/28c69406-d4a3-44a0-b2d9-1e6f4212b28a.svg"
"<a href=""https://declanrjb.github.io/cds-engine/?unitid=195474"">Siena University (NY)</a>","195474","https://public.flourish.studio/uploads/1447708/01af279a-7cff-47af-99f0-1b12cb044687.svg","https://public.flourish.studio/uploads/1447708/01af279a-7cff-47af-99f0-1b12cb044687.svg","https://public.flourish.studio/uploads/1447708/28c69406-d4a3-44a0-b2d9-1e6f4212b28a.svg","https://public.flourish.studio/uploads/1447708/28c69406-d4a3-44a0-b2d9-1e6f4212b28a.svg","https://public.flourish.studio/uploads/1447708/01af279a-7cff-47af-99f0-1b12cb044687.svg"
"<a href=""https://declanrjb.github.io/cds-engine/?unitid=195526"">Skidmore College (NY)</a>","195526","https://public.flourish.studio/uploads/1447708/01af279a-7cff-47af-99f0-1b12cb044687.svg","https://public.flourish.studio/uploads/1447708/01af279a-7cff-47af-99f0-1b12cb044687.svg","https://public.flourish.studio/uploads/1447708/01af279a-7cff-47af-99f0-1b12cb044687.svg","https://public.flourish.studio/uploads/1447708/01af279a-7cff-47af-99f0-1b12cb044687.svg","https://public.flourish.studio/uploads/1447708/01af279a-7cff-47af-99f0-1b12cb044687.svg"
"<a href=""https://declanrjb.github.io/cds-engine/?unitid=195720"">St. John Fisher University (NY)</a>","195720","https://public.flourish.studio/uploads/1447708/28c69406-d4a3-44a0-b2d9-1e6f4212b28a.svg","https://public.flourish.studio/uploads/1447708/28c69406-d4a3-44a0-b2d9-1e6f4212b28a.svg","https://public.flourish.studio/uploads/1447708/01af279a-7cff-47af-99f0-1b12cb044687.svg","https://public.flourish.studio/uploads/1447708/28c69406-d4a3-44a0-b2d9-1e6f4212b28a.svg","https://public.flourish.studio/uploads/1447708/01af279a-7cff-47af-99f0-1b12cb044687.svg"
"<a href=""https://declanrjb.github.io/cds-engine/?unitid=196006"">SUNY College of Technology at Alfred (NY)</a>","196006","https://public.flourish.studio/uploads/1447708/01af279a-7cff-47af-99f0-1b12cb044687.svg","https://public.flourish.studio/uploads/1447708/01af279a-7cff-47af-99f0-1b12cb044687.svg","https://public.flourish.studio/uploads/1447708/28c69406-d4a3-44a0-b2d9-1e6f4212b28a.svg","https://public.flourish.studio/uploads/1447708/28c69406-d4a3-44a0-b2d9-1e6f4212b28a.svg","https://public.flourish.studio/uploads/1447708/28c69406-d4a3-44a0-b2d9-1e6f4212b28a.svg"
"<a href=""https://declanrjb.github.io/cds-engine/?unitid=196015"">SUNY College of Technology at Canton (NY)</a>","196015","https://public.flourish.studio/uploads/1447708/01af279a-7cff-47af-99f0-1b12cb044687.svg","https://public.flourish.studio/uploads/1447708/01af279a-7cff-47af-99f0-1b12cb044687.svg","https://public.flourish.studio/uploads/1447708/01af279a-7cff-47af-99f0-1b12cb044687.svg","https://public.flourish.studio/uploads/1447708/01af279a-7cff-47af-99f0-1b12cb044687.svg","https://public.flourish.studio/uploads/1447708/01af279a-7cff-47af-99f0-1b12cb044687.svg"
"<a href=""https://declanrjb.github.io/cds-engine/?unitid=196033"">SUNY College of Agriculture and Technol...</a>","196033","https://public.flourish.studio/uploads/1447708/01af279a-7cff-47af-99f0-1b12cb044687.svg","https://public.flourish.studio/uploads/1447708/28c69406-d4a3-44a0-b2d9-1e6f4212b28a.svg","https://public.flourish.studio/uploads/1447708/28c69406-d4a3-44a0-b2d9-1e6f4212b28a.svg","https://public.flourish.studio/uploads/1447708/28c69406-d4a3-44a0-b2d9-1e6f4212b28a.svg","https://public.flourish.studio/uploads/1447708/28c69406-d4a3-44a0-b2d9-1e6f4212b28a.svg"
"<a href=""https://declanrjb.github.io/cds-engine/?unitid=196042"">Farmingdale State College (NY)</a>","196042","https://public.flourish.studio/uploads/1447708/01af279a-7cff-47af-99f0-1b12cb044687.svg","https://public.flourish.studio/uploads/1447708/28c69406-d4a3-44a0-b2d9-1e6f4212b28a.svg","https://public.flourish.studio/uploads/1447708/01af279a-7cff-47af-99f0-1b12cb044687.svg","https://public.flourish.studio/uploads/1447708/01af279a-7cff-47af-99f0-1b12cb044687.svg","https://public.flourish.studio/uploads/1447708/28c69406-d4a3-44a0-b2d9-1e6f4212b28a.svg"
"<a href=""https://declanrjb.github.io/cds-engine/?unitid=196060"">University at Albany (NY)</a>","196060","https://public.flourish.studio/uploads/1447708/28c69406-d4a3-44a0-b2d9-1e6f4212b28a.svg","https://public.flourish.studio/uploads/1447708/28c69406-d4a3-44a0-b2d9-1e6f4212b28a.svg","https://public.flourish.studio/uploads/1447708/28c69406-d4a3-44a0-b2d9-1e6f4212b28a.svg","https://public.flourish.studio/uploads/1447708/01af279a-7cff-47af-99f0-1b12cb044687.svg","https://public.flourish.studio/uploads/1447708/28c69406-d4a3-44a0-b2d9-1e6f4212b28a.svg"
"<a href=""https://declanrjb.github.io/cds-engine/?unitid=196079"">Binghamton University (NY)</a>","196079","https://public.flourish.studio/uploads/1447708/01af279a-7cff-47af-99f0-1b12cb044687.svg","https://public.flourish.studio/uploads/1447708/01af279a-7cff-47af-99f0-1b12cb044687.svg","https://public.flourish.studio/uploads/1447708/28c69406-d4a3-44a0-b2d9-1e6f4212b28a.svg","https://public.flourish.studio/uploads/1447708/01af279a-7cff-47af-99f0-1b12cb044687.svg","https://public.flourish.studio/uploads/1447708/28c69406-d4a3-44a0-b2d9-1e6f4212b28a.svg"
"<a href=""https://declanrjb.github.io/cds-engine/?unitid=196088"">University at Buffalo (NY)</a>","196088","https://public.flourish.studio/uploads/1447708/01af279a-7cff-47af-99f0-1b12cb044687.svg","https://public.flourish.studio/uploads/1447708/01af279a-7cff-47af-99f0-1b12cb044687.svg","https://public.flourish.studio/uploads/1447708/01af279a-7cff-47af-99f0-1b12cb044687.svg","https://public.flourish.studio/uploads/1447708/01af279a-7cff-47af-99f0-1b12cb044687.svg","https://public.flourish.studio/uploads/1447708/01af279a-7cff-47af-99f0-1b12cb044687.svg"
"<a href=""https://declanrjb.github.io/cds-engine/?unitid=196097"">Stony Brook University (NY)</a>","196097","https://public.flourish.studio/uploads/1447708/01af279a-7cff-47af-99f0-1b12cb044687.svg","https://public.flourish.studio/uploads/1447708/01af279a-7cff-47af-99f0-1b12cb044687.svg","https://public.flourish.studio/uploads/1447708/01af279a-7cff-47af-99f0-1b12cb044687.svg","https://public.flourish.studio/uploads/1447708/01af279a-7cff-47af-99f0-1b12cb044687.svg","https://public.flourish.studio/uploads/1447708/28c69406-d4a3-44a0-b2d9-1e6f4212b28a.svg"
"<a href=""https://declanrjb.github.io/cds-engine/?unitid=196103"">SUNY College of Environmental Science a...</a>","196103","https://public.flourish.studio/uploads/1447708/28c69406-d4a3-44a0-b2d9-1e6f4212b28a.svg","https://public.flourish.studio/uploads/1447708/28c69406-d4a3-44a0-b2d9-1e6f4212b28a.svg","https://public.flourish.studio/uploads/1447708/01af279a-7cff-47af-99f0-1b12cb044687.svg","https://public.flourish.studio/uploads/1447708/28c69406-d4a3-44a0-b2d9-1e6f4212b28a.svg","https://public.flourish.studio/uploads/1447708/28c69406-d4a3-44a0-b2d9-1e6f4212b28a.svg"
"<a href=""https://declanrjb.github.io/cds-engine/?unitid=196121"">SUNY Brockport (NY)</a>","196121","https://public.flourish.studio/uploads/1447708/01af279a-7cff-47af-99f0-1b12cb044687.svg","https://public.flourish.studio/uploads/1447708/01af279a-7cff-47af-99f0-1b12cb044687.svg","https://public.flourish.studio/uploads/1447708/01af279a-7cff-47af-99f0-1b12cb044687.svg","https://public.flourish.studio/uploads/1447708/28c69406-d4a3-44a0-b2d9-1e6f4212b28a.svg","https://public.flourish.studio/uploads/1447708/28c69406-d4a3-44a0-b2d9-1e6f4212b28a.svg"
"<a href=""https://declanrjb.github.io/cds-engine/?unitid=196158"">SUNY at Fredonia (NY)</a>","196158","https://public.flourish.studio/uploads/1447708/28c69406-d4a3-44a0-b2d9-1e6f4212b28a.svg","https://public.flourish.studio/uploads/1447708/28c69406-d4a3-44a0-b2d9-1e6f4212b28a.svg","https://public.flourish.studio/uploads/1447708/01af279a-7cff-47af-99f0-1b12cb044687.svg","https://public.flourish.studio/uploads/1447708/28c69406-d4a3-44a0-b2d9-1e6f4212b28a.svg","https://public.flourish.studio/uploads/1447708/28c69406-d4a3-44a0-b2d9-1e6f4212b28a.svg"
"<a href=""https://declanrjb.github.io/cds-engine/?unitid=196167"">SUNY College at Geneseo (NY)</a>","196167","https://public.flourish.studio/uploads/1447708/01af279a-7cff-47af-99f0-1b12cb044687.svg","https://public.flourish.studio/uploads/1447708/01af279a-7cff-47af-99f0-1b12cb044687.svg","https://public.flourish.studio/uploads/1447708/01af279a-7cff-47af-99f0-1b12cb044687.svg","https://public.flourish.studio/uploads/1447708/28c69406-d4a3-44a0-b2d9-1e6f4212b28a.svg","https://public.flourish.studio/uploads/1447708/28c69406-d4a3-44a0-b2d9-1e6f4212b28a.svg"
"<a href=""https://declanrjb.github.io/cds-engine/?unitid=196185"">SUNY Oneonta (NY)</a>","196185","https://public.flourish.studio/uploads/1447708/01af279a-7cff-47af-99f0-1b12cb044687.svg","https://public.flourish.studio/uploads/1447708/01af279a-7cff-47af-99f0-1b12cb044687.svg","https://public.flourish.studio/uploads/1447708/01af279a-7cff-47af-99f0-1b12cb044687.svg","https://public.flourish.studio/uploads/1447708/01af279a-7cff-47af-99f0-1b12cb044687.svg","https://public.flourish.studio/uploads/1447708/28c69406-d4a3-44a0-b2d9-1e6f4212b28a.svg"
"<a href=""https://declanrjb.github.io/cds-engine/?unitid=196200"">SUNY College at Potsdam (NY)</a>","196200","https://public.flourish.studio/uploads/1447708/01af279a-7cff-47af-99f0-1b12cb044687.svg","https://public.flourish.studio/uploads/1447708/01af279a-7cff-47af-99f0-1b12cb044687.svg","https://public.flourish.studio/uploads/1447708/01af279a-7cff-47af-99f0-1b12cb044687.svg","https://public.flourish.studio/uploads/1447708/01af279a-7cff-47af-99f0-1b12cb044687.svg","https://public.flourish.studio/uploads/1447708/01af279a-7cff-47af-99f0-1b12cb044687.svg"
"<a href=""https://declanrjb.github.io/cds-engine/?unitid=196219"">SUNY at Purchase College (NY)</a>","196219","https://public.flourish.studio/uploads/1447708/01af279a-7cff-47af-99f0-1b12cb044687.svg","https://public.flourish.studio/uploads/1447708/01af279a-7cff-47af-99f0-1b12cb044687.svg","https://public.flourish.studio/uploads/1447708/01af279a-7cff-47af-99f0-1b12cb044687.svg","https://public.flourish.studio/uploads/1447708/01af279a-7cff-47af-99f0-1b12cb044687.svg","https://public.flourish.studio/uploads/1447708/28c69406-d4a3-44a0-b2d9-1e6f4212b28a.svg"
"<a href=""https://declanrjb.github.io/cds-engine/?unitid=196413"">Syracuse University (NY)</a>","196413","https://public.flourish.studio/uploads/1447708/01af279a-7cff-47af-99f0-1b12cb044687.svg","https://public.flourish.studio/uploads/1447708/01af279a-7cff-47af-99f0-1b12cb044687.svg","https://public.flourish.studio/uploads/1447708/01af279a-7cff-47af-99f0-1b12cb044687.svg","https://public.flourish.studio/uploads/1447708/28c69406-d4a3-44a0-b2d9-1e6f4212b28a.svg","https://public.flourish.studio/uploads/1447708/28c69406-d4a3-44a0-b2d9-1e6f4212b28a.svg"
"<a href=""https://declanrjb.github.io/cds-engine/?unitid=196866"">Union College (NY)</a>","196866","https://public.flourish.studio/uploads/1447708/01af279a-7cff-47af-99f0-1b12cb044687.svg","https://public.flourish.studio/uploads/1447708/01af279a-7cff-47af-99f0-1b12cb044687.svg","https://public.flourish.studio/uploads/1447708/01af279a-7cff-47af-99f0-1b12cb044687.svg","https://public.flourish.studio/uploads/1447708/01af279a-7cff-47af-99f0-1b12cb044687.svg","https://public.flourish.studio/uploads/1447708/01af279a-7cff-47af-99f0-1b12cb044687.svg"
"<a href=""https://declanrjb.github.io/cds-engine/?unitid=197036"">United States Military Academy (NY)</a>","197036","https://public.flourish.studio/uploads/1447708/01af279a-7cff-47af-99f0-1b12cb044687.svg","https://public.flourish.studio/uploads/1447708/01af279a-7cff-47af-99f0-1b12cb044687.svg","https://public.flourish.studio/uploads/1447708/28c69406-d4a3-44a0-b2d9-1e6f4212b28a.svg","https://public.flourish.studio/uploads/1447708/01af279a-7cff-47af-99f0-1b12cb044687.svg","https://public.flourish.studio/uploads/1447708/28c69406-d4a3-44a0-b2d9-1e6f4212b28a.svg"
"<a href=""https://declanrjb.github.io/cds-engine/?unitid=197045"">Utica University (NY)</a>","197045","https://public.flourish.studio/uploads/1447708/01af279a-7cff-47af-99f0-1b12cb044687.svg","https://public.flourish.studio/uploads/1447708/01af279a-7cff-47af-99f0-1b12cb044687.svg","https://public.flourish.studio/uploads/1447708/28c69406-d4a3-44a0-b2d9-1e6f4212b28a.svg","https://public.flourish.studio/uploads/1447708/28c69406-d4a3-44a0-b2d9-1e6f4212b28a.svg","https://public.flourish.studio/uploads/1447708/28c69406-d4a3-44a0-b2d9-1e6f4212b28a.svg"
"<a href=""https://declanrjb.github.io/cds-engine/?unitid=197133"">Vassar College (NY)</a>","197133","https://public.flourish.studio/uploads/1447708/01af279a-7cff-47af-99f0-1b12cb044687.svg","https://public.flourish.studio/uploads/1447708/01af279a-7cff-47af-99f0-1b12cb044687.svg","https://public.flourish.studio/uploads/1447708/01af279a-7cff-47af-99f0-1b12cb044687.svg","https://public.flourish.studio/uploads/1447708/01af279a-7cff-47af-99f0-1b12cb044687.svg","https://public.flourish.studio/uploads/1447708/28c69406-d4a3-44a0-b2d9-1e6f4212b28a.svg"
"<a href=""https://declanrjb.github.io/cds-engine/?unitid=197230"">NA (NA)</a>","197230","https://public.flourish.studio/uploads/1447708/28c69406-d4a3-44a0-b2d9-1e6f4212b28a.svg","https://public.flourish.studio/uploads/1447708/28c69406-d4a3-44a0-b2d9-1e6f4212b28a.svg","https://public.flourish.studio/uploads/1447708/28c69406-d4a3-44a0-b2d9-1e6f4212b28a.svg","https://public.flourish.studio/uploads/1447708/28c69406-d4a3-44a0-b2d9-1e6f4212b28a.svg","https://public.flourish.studio/uploads/1447708/01af279a-7cff-47af-99f0-1b12cb044687.svg"
"<a href=""https://declanrjb.github.io/cds-engine/?unitid=197869"">Appalachian State University (NC)</a>","197869","https://public.flourish.studio/uploads/1447708/01af279a-7cff-47af-99f0-1b12cb044687.svg","https://public.flourish.studio/uploads/1447708/01af279a-7cff-47af-99f0-1b12cb044687.svg","https://public.flourish.studio/uploads/1447708/28c69406-d4a3-44a0-b2d9-1e6f4212b28a.svg","https://public.flourish.studio/uploads/1447708/01af279a-7cff-47af-99f0-1b12cb044687.svg","https://public.flourish.studio/uploads/1447708/28c69406-d4a3-44a0-b2d9-1e6f4212b28a.svg"
"<a href=""https://declanrjb.github.io/cds-engine/?unitid=197911"">Barton College (NC)</a>","197911","https://public.flourish.studio/uploads/1447708/28c69406-d4a3-44a0-b2d9-1e6f4212b28a.svg","https://public.flourish.studio/uploads/1447708/01af279a-7cff-47af-99f0-1b12cb044687.svg","https://public.flourish.studio/uploads/1447708/01af279a-7cff-47af-99f0-1b12cb044687.svg","https://public.flourish.studio/uploads/1447708/01af279a-7cff-47af-99f0-1b12cb044687.svg","https://public.flourish.studio/uploads/1447708/01af279a-7cff-47af-99f0-1b12cb044687.svg"
"<a href=""https://declanrjb.github.io/cds-engine/?unitid=198385"">Davidson College (NC)</a>","198385","https://public.flourish.studio/uploads/1447708/28c69406-d4a3-44a0-b2d9-1e6f4212b28a.svg","https://public.flourish.studio/uploads/1447708/01af279a-7cff-47af-99f0-1b12cb044687.svg","https://public.flourish.studio/uploads/1447708/01af279a-7cff-47af-99f0-1b12cb044687.svg","https://public.flourish.studio/uploads/1447708/01af279a-7cff-47af-99f0-1b12cb044687.svg","https://public.flourish.studio/uploads/1447708/01af279a-7cff-47af-99f0-1b12cb044687.svg"
"<a href=""https://declanrjb.github.io/cds-engine/?unitid=198419"">Duke University (NC)</a>","198419","https://public.flourish.studio/uploads/1447708/01af279a-7cff-47af-99f0-1b12cb044687.svg","https://public.flourish.studio/uploads/1447708/28c69406-d4a3-44a0-b2d9-1e6f4212b28a.svg","https://public.flourish.studio/uploads/1447708/01af279a-7cff-47af-99f0-1b12cb044687.svg","https://public.flourish.studio/uploads/1447708/01af279a-7cff-47af-99f0-1b12cb044687.svg","https://public.flourish.studio/uploads/1447708/01af279a-7cff-47af-99f0-1b12cb044687.svg"
"<a href=""https://declanrjb.github.io/cds-engine/?unitid=198464"">East Carolina University (NC)</a>","198464","https://public.flourish.studio/uploads/1447708/01af279a-7cff-47af-99f0-1b12cb044687.svg","https://public.flourish.studio/uploads/1447708/01af279a-7cff-47af-99f0-1b12cb044687.svg","https://public.flourish.studio/uploads/1447708/01af279a-7cff-47af-99f0-1b12cb044687.svg","https://public.flourish.studio/uploads/1447708/01af279a-7cff-47af-99f0-1b12cb044687.svg","https://public.flourish.studio/uploads/1447708/28c69406-d4a3-44a0-b2d9-1e6f4212b28a.svg"
"<a href=""https://declanrjb.github.io/cds-engine/?unitid=198835"">Lenoir-Rhyne University (NC)</a>","198835","https://public.flourish.studio/uploads/1447708/28c69406-d4a3-44a0-b2d9-1e6f4212b28a.svg","https://public.flourish.studio/uploads/1447708/01af279a-7cff-47af-99f0-1b12cb044687.svg","https://public.flourish.studio/uploads/1447708/01af279a-7cff-47af-99f0-1b12cb044687.svg","https://public.flourish.studio/uploads/1447708/01af279a-7cff-47af-99f0-1b12cb044687.svg","https://public.flourish.studio/uploads/1447708/28c69406-d4a3-44a0-b2d9-1e6f4212b28a.svg"
"<a href=""https://declanrjb.github.io/cds-engine/?unitid=199102"">North Carolina A & T State University (NC)</a>","199102","https://public.flourish.studio/uploads/1447708/28c69406-d4a3-44a0-b2d9-1e6f4212b28a.svg","https://public.flourish.studio/uploads/1447708/01af279a-7cff-47af-99f0-1b12cb044687.svg","https://public.flourish.studio/uploads/1447708/28c69406-d4a3-44a0-b2d9-1e6f4212b28a.svg","https://public.flourish.studio/uploads/1447708/28c69406-d4a3-44a0-b2d9-1e6f4212b28a.svg","https://public.flourish.studio/uploads/1447708/28c69406-d4a3-44a0-b2d9-1e6f4212b28a.svg"
"<a href=""https://declanrjb.github.io/cds-engine/?unitid=199111"">University of North Carolina Asheville ...</a>","199111","https://public.flourish.studio/uploads/1447708/28c69406-d4a3-44a0-b2d9-1e6f4212b28a.svg","https://public.flourish.studio/uploads/1447708/28c69406-d4a3-44a0-b2d9-1e6f4212b28a.svg","https://public.flourish.studio/uploads/1447708/28c69406-d4a3-44a0-b2d9-1e6f4212b28a.svg","https://public.flourish.studio/uploads/1447708/01af279a-7cff-47af-99f0-1b12cb044687.svg","https://public.flourish.studio/uploads/1447708/01af279a-7cff-47af-99f0-1b12cb044687.svg"
"<a href=""https://declanrjb.github.io/cds-engine/?unitid=199120"">University of North Carolina at Chapel ...</a>","199120","https://public.flourish.studio/uploads/1447708/01af279a-7cff-47af-99f0-1b12cb044687.svg","https://public.flourish.studio/uploads/1447708/01af279a-7cff-47af-99f0-1b12cb044687.svg","https://public.flourish.studio/uploads/1447708/01af279a-7cff-47af-99f0-1b12cb044687.svg","https://public.flourish.studio/uploads/1447708/01af279a-7cff-47af-99f0-1b12cb044687.svg","https://public.flourish.studio/uploads/1447708/28c69406-d4a3-44a0-b2d9-1e6f4212b28a.svg"
"<a href=""https://declanrjb.github.io/cds-engine/?unitid=199139"">University of North Carolina at Charlot...</a>","199139","https://public.flourish.studio/uploads/1447708/01af279a-7cff-47af-99f0-1b12cb044687.svg","https://public.flourish.studio/uploads/1447708/28c69406-d4a3-44a0-b2d9-1e6f4212b28a.svg","https://public.flourish.studio/uploads/1447708/01af279a-7cff-47af-99f0-1b12cb044687.svg","https://public.flourish.studio/uploads/1447708/01af279a-7cff-47af-99f0-1b12cb044687.svg","https://public.flourish.studio/uploads/1447708/28c69406-d4a3-44a0-b2d9-1e6f4212b28a.svg"
"<a href=""https://declanrjb.github.io/cds-engine/?unitid=199184"">University of North Carolina School of ...</a>","199184","https://public.flourish.studio/uploads/1447708/28c69406-d4a3-44a0-b2d9-1e6f4212b28a.svg","https://public.flourish.studio/uploads/1447708/01af279a-7cff-47af-99f0-1b12cb044687.svg","https://public.flourish.studio/uploads/1447708/28c69406-d4a3-44a0-b2d9-1e6f4212b28a.svg","https://public.flourish.studio/uploads/1447708/28c69406-d4a3-44a0-b2d9-1e6f4212b28a.svg","https://public.flourish.studio/uploads/1447708/28c69406-d4a3-44a0-b2d9-1e6f4212b28a.svg"
"<a href=""https://declanrjb.github.io/cds-engine/?unitid=199193"">North Carolina State University at Rale...</a>","199193","https://public.flourish.studio/uploads/1447708/28c69406-d4a3-44a0-b2d9-1e6f4212b28a.svg","https://public.flourish.studio/uploads/1447708/28c69406-d4a3-44a0-b2d9-1e6f4212b28a.svg","https://public.flourish.studio/uploads/1447708/28c69406-d4a3-44a0-b2d9-1e6f4212b28a.svg","https://public.flourish.studio/uploads/1447708/01af279a-7cff-47af-99f0-1b12cb044687.svg","https://public.flourish.studio/uploads/1447708/28c69406-d4a3-44a0-b2d9-1e6f4212b28a.svg"
"<a href=""https://declanrjb.github.io/cds-engine/?unitid=199218"">University of North Carolina Wilmington...</a>","199218","https://public.flourish.studio/uploads/1447708/01af279a-7cff-47af-99f0-1b12cb044687.svg","https://public.flourish.studio/uploads/1447708/01af279a-7cff-47af-99f0-1b12cb044687.svg","https://public.flourish.studio/uploads/1447708/28c69406-d4a3-44a0-b2d9-1e6f4212b28a.svg","https://public.flourish.studio/uploads/1447708/01af279a-7cff-47af-99f0-1b12cb044687.svg","https://public.flourish.studio/uploads/1447708/28c69406-d4a3-44a0-b2d9-1e6f4212b28a.svg"
"<a href=""https://declanrjb.github.io/cds-engine/?unitid=199281"">University of North Carolina at Pembrok...</a>","199281","https://public.flourish.studio/uploads/1447708/01af279a-7cff-47af-99f0-1b12cb044687.svg","https://public.flourish.studio/uploads/1447708/01af279a-7cff-47af-99f0-1b12cb044687.svg","https://public.flourish.studio/uploads/1447708/01af279a-7cff-47af-99f0-1b12cb044687.svg","https://public.flourish.studio/uploads/1447708/01af279a-7cff-47af-99f0-1b12cb044687.svg","https://public.flourish.studio/uploads/1447708/01af279a-7cff-47af-99f0-1b12cb044687.svg"
"<a href=""https://declanrjb.github.io/cds-engine/?unitid=199412"">Queens University of Charlotte (NC)</a>","199412","https://public.flourish.studio/uploads/1447708/28c69406-d4a3-44a0-b2d9-1e6f4212b28a.svg","https://public.flourish.studio/uploads/1447708/28c69406-d4a3-44a0-b2d9-1e6f4212b28a.svg","https://public.flourish.studio/uploads/1447708/01af279a-7cff-47af-99f0-1b12cb044687.svg","https://public.flourish.studio/uploads/1447708/28c69406-d4a3-44a0-b2d9-1e6f4212b28a.svg","https://public.flourish.studio/uploads/1447708/28c69406-d4a3-44a0-b2d9-1e6f4212b28a.svg"
"<a href=""https://declanrjb.github.io/cds-engine/?unitid=199582"">Saint Augustine's University (NC)</a>","199582","https://public.flourish.studio/uploads/1447708/28c69406-d4a3-44a0-b2d9-1e6f4212b28a.svg","https://public.flourish.studio/uploads/1447708/28c69406-d4a3-44a0-b2d9-1e6f4212b28a.svg","https://public.flourish.studio/uploads/1447708/01af279a-7cff-47af-99f0-1b12cb044687.svg","https://public.flourish.studio/uploads/1447708/28c69406-d4a3-44a0-b2d9-1e6f4212b28a.svg","https://public.flourish.studio/uploads/1447708/28c69406-d4a3-44a0-b2d9-1e6f4212b28a.svg"
"<a href=""https://declanrjb.github.io/cds-engine/?unitid=199847"">Wake Forest University (NC)</a>","199847","https://public.flourish.studio/uploads/1447708/01af279a-7cff-47af-99f0-1b12cb044687.svg","https://public.flourish.studio/uploads/1447708/01af279a-7cff-47af-99f0-1b12cb044687.svg","https://public.flourish.studio/uploads/1447708/01af279a-7cff-47af-99f0-1b12cb044687.svg","https://public.flourish.studio/uploads/1447708/01af279a-7cff-47af-99f0-1b12cb044687.svg","https://public.flourish.studio/uploads/1447708/01af279a-7cff-47af-99f0-1b12cb044687.svg"
"<a href=""https://declanrjb.github.io/cds-engine/?unitid=200004"">Western Carolina University (NC)</a>","200004","https://public.flourish.studio/uploads/1447708/01af279a-7cff-47af-99f0-1b12cb044687.svg","https://public.flourish.studio/uploads/1447708/28c69406-d4a3-44a0-b2d9-1e6f4212b28a.svg","https://public.flourish.studio/uploads/1447708/01af279a-7cff-47af-99f0-1b12cb044687.svg","https://public.flourish.studio/uploads/1447708/01af279a-7cff-47af-99f0-1b12cb044687.svg","https://public.flourish.studio/uploads/1447708/28c69406-d4a3-44a0-b2d9-1e6f4212b28a.svg"
"<a href=""https://declanrjb.github.io/cds-engine/?unitid=200253"">Minot State University (ND)</a>","200253","https://public.flourish.studio/uploads/1447708/28c69406-d4a3-44a0-b2d9-1e6f4212b28a.svg","https://public.flourish.studio/uploads/1447708/28c69406-d4a3-44a0-b2d9-1e6f4212b28a.svg","https://public.flourish.studio/uploads/1447708/01af279a-7cff-47af-99f0-1b12cb044687.svg","https://public.flourish.studio/uploads/1447708/28c69406-d4a3-44a0-b2d9-1e6f4212b28a.svg","https://public.flourish.studio/uploads/1447708/28c69406-d4a3-44a0-b2d9-1e6f4212b28a.svg"
"<a href=""https://declanrjb.github.io/cds-engine/?unitid=200280"">University of North Dakota (ND)</a>","200280","https://public.flourish.studio/uploads/1447708/01af279a-7cff-47af-99f0-1b12cb044687.svg","https://public.flourish.studio/uploads/1447708/01af279a-7cff-47af-99f0-1b12cb044687.svg","https://public.flourish.studio/uploads/1447708/28c69406-d4a3-44a0-b2d9-1e6f4212b28a.svg","https://public.flourish.studio/uploads/1447708/28c69406-d4a3-44a0-b2d9-1e6f4212b28a.svg","https://public.flourish.studio/uploads/1447708/28c69406-d4a3-44a0-b2d9-1e6f4212b28a.svg"
"<a href=""https://declanrjb.github.io/cds-engine/?unitid=200800"">University of Akron Main Campus (OH)</a>","200800","https://public.flourish.studio/uploads/1447708/01af279a-7cff-47af-99f0-1b12cb044687.svg","https://public.flourish.studio/uploads/1447708/01af279a-7cff-47af-99f0-1b12cb044687.svg","https://public.flourish.studio/uploads/1447708/28c69406-d4a3-44a0-b2d9-1e6f4212b28a.svg","https://public.flourish.studio/uploads/1447708/01af279a-7cff-47af-99f0-1b12cb044687.svg","https://public.flourish.studio/uploads/1447708/01af279a-7cff-47af-99f0-1b12cb044687.svg"
"<a href=""https://declanrjb.github.io/cds-engine/?unitid=201104"">Ashland University (OH)</a>","201104","https://public.flourish.studio/uploads/1447708/01af279a-7cff-47af-99f0-1b12cb044687.svg","https://public.flourish.studio/uploads/1447708/01af279a-7cff-47af-99f0-1b12cb044687.svg","https://public.flourish.studio/uploads/1447708/01af279a-7cff-47af-99f0-1b12cb044687.svg","https://public.flourish.studio/uploads/1447708/28c69406-d4a3-44a0-b2d9-1e6f4212b28a.svg","https://public.flourish.studio/uploads/1447708/28c69406-d4a3-44a0-b2d9-1e6f4212b28a.svg"
"<a href=""https://declanrjb.github.io/cds-engine/?unitid=201195"">Baldwin Wallace University (OH)</a>","201195","https://public.flourish.studio/uploads/1447708/01af279a-7cff-47af-99f0-1b12cb044687.svg","https://public.flourish.studio/uploads/1447708/01af279a-7cff-47af-99f0-1b12cb044687.svg","https://public.flourish.studio/uploads/1447708/01af279a-7cff-47af-99f0-1b12cb044687.svg","https://public.flourish.studio/uploads/1447708/01af279a-7cff-47af-99f0-1b12cb044687.svg","https://public.flourish.studio/uploads/1447708/28c69406-d4a3-44a0-b2d9-1e6f4212b28a.svg"
"<a href=""https://declanrjb.github.io/cds-engine/?unitid=201548"">Capital University (OH)</a>","201548","https://public.flourish.studio/uploads/1447708/28c69406-d4a3-44a0-b2d9-1e6f4212b28a.svg","https://public.flourish.studio/uploads/1447708/01af279a-7cff-47af-99f0-1b12cb044687.svg","https://public.flourish.studio/uploads/1447708/28c69406-d4a3-44a0-b2d9-1e6f4212b28a.svg","https://public.flourish.studio/uploads/1447708/01af279a-7cff-47af-99f0-1b12cb044687.svg","https://public.flourish.studio/uploads/1447708/28c69406-d4a3-44a0-b2d9-1e6f4212b28a.svg"
"<a href=""https://declanrjb.github.io/cds-engine/?unitid=201645"">Case Western Reserve University (OH)</a>","201645","https://public.flourish.studio/uploads/1447708/01af279a-7cff-47af-99f0-1b12cb044687.svg","https://public.flourish.studio/uploads/1447708/01af279a-7cff-47af-99f0-1b12cb044687.svg","https://public.flourish.studio/uploads/1447708/01af279a-7cff-47af-99f0-1b12cb044687.svg","https://public.flourish.studio/uploads/1447708/01af279a-7cff-47af-99f0-1b12cb044687.svg","https://public.flourish.studio/uploads/1447708/28c69406-d4a3-44a0-b2d9-1e6f4212b28a.svg"
"<a href=""https://declanrjb.github.io/cds-engine/?unitid=201654"">Cedarville University (OH)</a>","201654","https://public.flourish.studio/uploads/1447708/28c69406-d4a3-44a0-b2d9-1e6f4212b28a.svg","https://public.flourish.studio/uploads/1447708/01af279a-7cff-47af-99f0-1b12cb044687.svg","https://public.flourish.studio/uploads/1447708/28c69406-d4a3-44a0-b2d9-1e6f4212b28a.svg","https://public.flourish.studio/uploads/1447708/28c69406-d4a3-44a0-b2d9-1e6f4212b28a.svg","https://public.flourish.studio/uploads/1447708/28c69406-d4a3-44a0-b2d9-1e6f4212b28a.svg"
"<a href=""https://declanrjb.github.io/cds-engine/?unitid=201885"">University of Cincinnati-Main Campus (OH)</a>","201885","https://public.flourish.studio/uploads/1447708/01af279a-7cff-47af-99f0-1b12cb044687.svg","https://public.flourish.studio/uploads/1447708/01af279a-7cff-47af-99f0-1b12cb044687.svg","https://public.flourish.studio/uploads/1447708/01af279a-7cff-47af-99f0-1b12cb044687.svg","https://public.flourish.studio/uploads/1447708/28c69406-d4a3-44a0-b2d9-1e6f4212b28a.svg","https://public.flourish.studio/uploads/1447708/28c69406-d4a3-44a0-b2d9-1e6f4212b28a.svg"
"<a href=""https://declanrjb.github.io/cds-engine/?unitid=202480"">University of Dayton (OH)</a>","202480","https://public.flourish.studio/uploads/1447708/01af279a-7cff-47af-99f0-1b12cb044687.svg","https://public.flourish.studio/uploads/1447708/01af279a-7cff-47af-99f0-1b12cb044687.svg","https://public.flourish.studio/uploads/1447708/01af279a-7cff-47af-99f0-1b12cb044687.svg","https://public.flourish.studio/uploads/1447708/28c69406-d4a3-44a0-b2d9-1e6f4212b28a.svg","https://public.flourish.studio/uploads/1447708/01af279a-7cff-47af-99f0-1b12cb044687.svg"
"<a href=""https://declanrjb.github.io/cds-engine/?unitid=202523"">Denison University (OH)</a>","202523","https://public.flourish.studio/uploads/1447708/01af279a-7cff-47af-99f0-1b12cb044687.svg","https://public.flourish.studio/uploads/1447708/01af279a-7cff-47af-99f0-1b12cb044687.svg","https://public.flourish.studio/uploads/1447708/01af279a-7cff-47af-99f0-1b12cb044687.svg","https://public.flourish.studio/uploads/1447708/28c69406-d4a3-44a0-b2d9-1e6f4212b28a.svg","https://public.flourish.studio/uploads/1447708/28c69406-d4a3-44a0-b2d9-1e6f4212b28a.svg"
"<a href=""https://declanrjb.github.io/cds-engine/?unitid=203128"">Hiram College (OH)</a>","203128","https://public.flourish.studio/uploads/1447708/01af279a-7cff-47af-99f0-1b12cb044687.svg","https://public.flourish.studio/uploads/1447708/28c69406-d4a3-44a0-b2d9-1e6f4212b28a.svg","https://public.flourish.studio/uploads/1447708/28c69406-d4a3-44a0-b2d9-1e6f4212b28a.svg","https://public.flourish.studio/uploads/1447708/28c69406-d4a3-44a0-b2d9-1e6f4212b28a.svg","https://public.flourish.studio/uploads/1447708/01af279a-7cff-47af-99f0-1b12cb044687.svg"
"<a href=""https://declanrjb.github.io/cds-engine/?unitid=203368"">John Carroll University (OH)</a>","203368","https://public.flourish.studio/uploads/1447708/01af279a-7cff-47af-99f0-1b12cb044687.svg","https://public.flourish.studio/uploads/1447708/28c69406-d4a3-44a0-b2d9-1e6f4212b28a.svg","https://public.flourish.studio/uploads/1447708/28c69406-d4a3-44a0-b2d9-1e6f4212b28a.svg","https://public.flourish.studio/uploads/1447708/01af279a-7cff-47af-99f0-1b12cb044687.svg","https://public.flourish.studio/uploads/1447708/01af279a-7cff-47af-99f0-1b12cb044687.svg"
"<a href=""https://declanrjb.github.io/cds-engine/?unitid=203535"">Kenyon College (OH)</a>","203535","https://public.flourish.studio/uploads/1447708/28c69406-d4a3-44a0-b2d9-1e6f4212b28a.svg","https://public.flourish.studio/uploads/1447708/28c69406-d4a3-44a0-b2d9-1e6f4212b28a.svg","https://public.flourish.studio/uploads/1447708/01af279a-7cff-47af-99f0-1b12cb044687.svg","https://public.flourish.studio/uploads/1447708/01af279a-7cff-47af-99f0-1b12cb044687.svg","https://public.flourish.studio/uploads/1447708/28c69406-d4a3-44a0-b2d9-1e6f4212b28a.svg"
"<a href=""https://declanrjb.github.io/cds-engine/?unitid=203775"">Malone University (OH)</a>","203775","https://public.flourish.studio/uploads/1447708/28c69406-d4a3-44a0-b2d9-1e6f4212b28a.svg","https://public.flourish.studio/uploads/1447708/01af279a-7cff-47af-99f0-1b12cb044687.svg","https://public.flourish.studio/uploads/1447708/28c69406-d4a3-44a0-b2d9-1e6f4212b28a.svg","https://public.flourish.studio/uploads/1447708/28c69406-d4a3-44a0-b2d9-1e6f4212b28a.svg","https://public.flourish.studio/uploads/1447708/28c69406-d4a3-44a0-b2d9-1e6f4212b28a.svg"
"<a href=""https://declanrjb.github.io/cds-engine/?unitid=204468"">NA (NA)</a>","204468","https://public.flourish.studio/uploads/1447708/28c69406-d4a3-44a0-b2d9-1e6f4212b28a.svg","https://public.flourish.studio/uploads/1447708/28c69406-d4a3-44a0-b2d9-1e6f4212b28a.svg","https://public.flourish.studio/uploads/1447708/28c69406-d4a3-44a0-b2d9-1e6f4212b28a.svg","https://public.flourish.studio/uploads/1447708/28c69406-d4a3-44a0-b2d9-1e6f4212b28a.svg","https://public.flourish.studio/uploads/1447708/01af279a-7cff-47af-99f0-1b12cb044687.svg"
"<a href=""https://declanrjb.github.io/cds-engine/?unitid=204501"">Oberlin College (OH)</a>","204501","https://public.flourish.studio/uploads/1447708/28c69406-d4a3-44a0-b2d9-1e6f4212b28a.svg","https://public.flourish.studio/uploads/1447708/01af279a-7cff-47af-99f0-1b12cb044687.svg","https://public.flourish.studio/uploads/1447708/01af279a-7cff-47af-99f0-1b12cb044687.svg","https://public.flourish.studio/uploads/1447708/01af279a-7cff-47af-99f0-1b12cb044687.svg","https://public.flourish.studio/uploads/1447708/28c69406-d4a3-44a0-b2d9-1e6f4212b28a.svg"
"<a href=""https://declanrjb.github.io/cds-engine/?unitid=204796"">Ohio State University-Main Campus (OH)</a>","204796","https://public.flourish.studio/uploads/1447708/28c69406-d4a3-44a0-b2d9-1e6f4212b28a.svg","https://public.flourish.studio/uploads/1447708/28c69406-d4a3-44a0-b2d9-1e6f4212b28a.svg","https://public.flourish.studio/uploads/1447708/28c69406-d4a3-44a0-b2d9-1e6f4212b28a.svg","https://public.flourish.studio/uploads/1447708/01af279a-7cff-47af-99f0-1b12cb044687.svg","https://public.flourish.studio/uploads/1447708/01af279a-7cff-47af-99f0-1b12cb044687.svg"
"<a href=""https://declanrjb.github.io/cds-engine/?unitid=204909"">Ohio Wesleyan University (OH)</a>","204909","https://public.flourish.studio/uploads/1447708/01af279a-7cff-47af-99f0-1b12cb044687.svg","https://public.flourish.studio/uploads/1447708/01af279a-7cff-47af-99f0-1b12cb044687.svg","https://public.flourish.studio/uploads/1447708/01af279a-7cff-47af-99f0-1b12cb044687.svg","https://public.flourish.studio/uploads/1447708/01af279a-7cff-47af-99f0-1b12cb044687.svg","https://public.flourish.studio/uploads/1447708/28c69406-d4a3-44a0-b2d9-1e6f4212b28a.svg"
"<a href=""https://declanrjb.github.io/cds-engine/?unitid=206048"">Tiffin University (OH)</a>","206048","https://public.flourish.studio/uploads/1447708/01af279a-7cff-47af-99f0-1b12cb044687.svg","https://public.flourish.studio/uploads/1447708/01af279a-7cff-47af-99f0-1b12cb044687.svg","https://public.flourish.studio/uploads/1447708/01af279a-7cff-47af-99f0-1b12cb044687.svg","https://public.flourish.studio/uploads/1447708/28c69406-d4a3-44a0-b2d9-1e6f4212b28a.svg","https://public.flourish.studio/uploads/1447708/28c69406-d4a3-44a0-b2d9-1e6f4212b28a.svg"
"<a href=""https://declanrjb.github.io/cds-engine/?unitid=206084"">University of Toledo (OH)</a>","206084","https://public.flourish.studio/uploads/1447708/01af279a-7cff-47af-99f0-1b12cb044687.svg","https://public.flourish.studio/uploads/1447708/01af279a-7cff-47af-99f0-1b12cb044687.svg","https://public.flourish.studio/uploads/1447708/28c69406-d4a3-44a0-b2d9-1e6f4212b28a.svg","https://public.flourish.studio/uploads/1447708/28c69406-d4a3-44a0-b2d9-1e6f4212b28a.svg","https://public.flourish.studio/uploads/1447708/28c69406-d4a3-44a0-b2d9-1e6f4212b28a.svg"
"<a href=""https://declanrjb.github.io/cds-engine/?unitid=206525"">Wittenberg University (OH)</a>","206525","https://public.flourish.studio/uploads/1447708/28c69406-d4a3-44a0-b2d9-1e6f4212b28a.svg","https://public.flourish.studio/uploads/1447708/28c69406-d4a3-44a0-b2d9-1e6f4212b28a.svg","https://public.flourish.studio/uploads/1447708/28c69406-d4a3-44a0-b2d9-1e6f4212b28a.svg","https://public.flourish.studio/uploads/1447708/28c69406-d4a3-44a0-b2d9-1e6f4212b28a.svg","https://public.flourish.studio/uploads/1447708/01af279a-7cff-47af-99f0-1b12cb044687.svg"
"<a href=""https://declanrjb.github.io/cds-engine/?unitid=206589"">The College of Wooster (OH)</a>","206589","https://public.flourish.studio/uploads/1447708/28c69406-d4a3-44a0-b2d9-1e6f4212b28a.svg","https://public.flourish.studio/uploads/1447708/28c69406-d4a3-44a0-b2d9-1e6f4212b28a.svg","https://public.flourish.studio/uploads/1447708/01af279a-7cff-47af-99f0-1b12cb044687.svg","https://public.flourish.studio/uploads/1447708/01af279a-7cff-47af-99f0-1b12cb044687.svg","https://public.flourish.studio/uploads/1447708/28c69406-d4a3-44a0-b2d9-1e6f4212b28a.svg"
"<a href=""https://declanrjb.github.io/cds-engine/?unitid=206622"">Xavier University (OH)</a>","206622","https://public.flourish.studio/uploads/1447708/01af279a-7cff-47af-99f0-1b12cb044687.svg","https://public.flourish.studio/uploads/1447708/01af279a-7cff-47af-99f0-1b12cb044687.svg","https://public.flourish.studio/uploads/1447708/01af279a-7cff-47af-99f0-1b12cb044687.svg","https://public.flourish.studio/uploads/1447708/28c69406-d4a3-44a0-b2d9-1e6f4212b28a.svg","https://public.flourish.studio/uploads/1447708/28c69406-d4a3-44a0-b2d9-1e6f4212b28a.svg"
"<a href=""https://declanrjb.github.io/cds-engine/?unitid=206695"">Youngstown State University (OH)</a>","206695","https://public.flourish.studio/uploads/1447708/28c69406-d4a3-44a0-b2d9-1e6f4212b28a.svg","https://public.flourish.studio/uploads/1447708/28c69406-d4a3-44a0-b2d9-1e6f4212b28a.svg","https://public.flourish.studio/uploads/1447708/28c69406-d4a3-44a0-b2d9-1e6f4212b28a.svg","https://public.flourish.studio/uploads/1447708/28c69406-d4a3-44a0-b2d9-1e6f4212b28a.svg","https://public.flourish.studio/uploads/1447708/01af279a-7cff-47af-99f0-1b12cb044687.svg"
"<a href=""https://declanrjb.github.io/cds-engine/?unitid=206914"">Cameron University (OK)</a>","206914","https://public.flourish.studio/uploads/1447708/01af279a-7cff-47af-99f0-1b12cb044687.svg","https://public.flourish.studio/uploads/1447708/28c69406-d4a3-44a0-b2d9-1e6f4212b28a.svg","https://public.flourish.studio/uploads/1447708/28c69406-d4a3-44a0-b2d9-1e6f4212b28a.svg","https://public.flourish.studio/uploads/1447708/01af279a-7cff-47af-99f0-1b12cb044687.svg","https://public.flourish.studio/uploads/1447708/01af279a-7cff-47af-99f0-1b12cb044687.svg"
"<a href=""https://declanrjb.github.io/cds-engine/?unitid=207041"">East Central University (OK)</a>","207041","https://public.flourish.studio/uploads/1447708/01af279a-7cff-47af-99f0-1b12cb044687.svg","https://public.flourish.studio/uploads/1447708/28c69406-d4a3-44a0-b2d9-1e6f4212b28a.svg","https://public.flourish.studio/uploads/1447708/28c69406-d4a3-44a0-b2d9-1e6f4212b28a.svg","https://public.flourish.studio/uploads/1447708/01af279a-7cff-47af-99f0-1b12cb044687.svg","https://public.flourish.studio/uploads/1447708/01af279a-7cff-47af-99f0-1b12cb044687.svg"
"<a href=""https://declanrjb.github.io/cds-engine/?unitid=207397"">Oklahoma State University-Oklahoma City...</a>","207397","https://public.flourish.studio/uploads/1447708/28c69406-d4a3-44a0-b2d9-1e6f4212b28a.svg","https://public.flourish.studio/uploads/1447708/28c69406-d4a3-44a0-b2d9-1e6f4212b28a.svg","https://public.flourish.studio/uploads/1447708/28c69406-d4a3-44a0-b2d9-1e6f4212b28a.svg","https://public.flourish.studio/uploads/1447708/28c69406-d4a3-44a0-b2d9-1e6f4212b28a.svg","https://public.flourish.studio/uploads/1447708/01af279a-7cff-47af-99f0-1b12cb044687.svg"
"<a href=""https://declanrjb.github.io/cds-engine/?unitid=207500"">University of Oklahoma-Norman Campus (OK)</a>","207500","https://public.flourish.studio/uploads/1447708/01af279a-7cff-47af-99f0-1b12cb044687.svg","https://public.flourish.studio/uploads/1447708/01af279a-7cff-47af-99f0-1b12cb044687.svg","https://public.flourish.studio/uploads/1447708/28c69406-d4a3-44a0-b2d9-1e6f4212b28a.svg","https://public.flourish.studio/uploads/1447708/01af279a-7cff-47af-99f0-1b12cb044687.svg","https://public.flourish.studio/uploads/1447708/01af279a-7cff-47af-99f0-1b12cb044687.svg"
"<a href=""https://declanrjb.github.io/cds-engine/?unitid=207564"">Oklahoma State University Institute of ...</a>","207564","https://public.flourish.studio/uploads/1447708/28c69406-d4a3-44a0-b2d9-1e6f4212b28a.svg","https://public.flourish.studio/uploads/1447708/01af279a-7cff-47af-99f0-1b12cb044687.svg","https://public.flourish.studio/uploads/1447708/28c69406-d4a3-44a0-b2d9-1e6f4212b28a.svg","https://public.flourish.studio/uploads/1447708/01af279a-7cff-47af-99f0-1b12cb044687.svg","https://public.flourish.studio/uploads/1447708/01af279a-7cff-47af-99f0-1b12cb044687.svg"
"<a href=""https://declanrjb.github.io/cds-engine/?unitid=207661"">Rogers State University (OK)</a>","207661","https://public.flourish.studio/uploads/1447708/28c69406-d4a3-44a0-b2d9-1e6f4212b28a.svg","https://public.flourish.studio/uploads/1447708/28c69406-d4a3-44a0-b2d9-1e6f4212b28a.svg","https://public.flourish.studio/uploads/1447708/01af279a-7cff-47af-99f0-1b12cb044687.svg","https://public.flourish.studio/uploads/1447708/01af279a-7cff-47af-99f0-1b12cb044687.svg","https://public.flourish.studio/uploads/1447708/01af279a-7cff-47af-99f0-1b12cb044687.svg"
"<a href=""https://declanrjb.github.io/cds-engine/?unitid=207847"">Southeastern Oklahoma State University ...</a>","207847","https://public.flourish.studio/uploads/1447708/28c69406-d4a3-44a0-b2d9-1e6f4212b28a.svg","https://public.flourish.studio/uploads/1447708/01af279a-7cff-47af-99f0-1b12cb044687.svg","https://public.flourish.studio/uploads/1447708/28c69406-d4a3-44a0-b2d9-1e6f4212b28a.svg","https://public.flourish.studio/uploads/1447708/28c69406-d4a3-44a0-b2d9-1e6f4212b28a.svg","https://public.flourish.studio/uploads/1447708/28c69406-d4a3-44a0-b2d9-1e6f4212b28a.svg"
"<a href=""https://declanrjb.github.io/cds-engine/?unitid=207935"">Tulsa Community College (OK)</a>","207935","https://public.flourish.studio/uploads/1447708/28c69406-d4a3-44a0-b2d9-1e6f4212b28a.svg","https://public.flourish.studio/uploads/1447708/28c69406-d4a3-44a0-b2d9-1e6f4212b28a.svg","https://public.flourish.studio/uploads/1447708/01af279a-7cff-47af-99f0-1b12cb044687.svg","https://public.flourish.studio/uploads/1447708/28c69406-d4a3-44a0-b2d9-1e6f4212b28a.svg","https://public.flourish.studio/uploads/1447708/28c69406-d4a3-44a0-b2d9-1e6f4212b28a.svg"
"<a href=""https://declanrjb.github.io/cds-engine/?unitid=208646"">Eastern Oregon University (OR)</a>","208646","https://public.flourish.studio/uploads/1447708/01af279a-7cff-47af-99f0-1b12cb044687.svg","https://public.flourish.studio/uploads/1447708/01af279a-7cff-47af-99f0-1b12cb044687.svg","https://public.flourish.studio/uploads/1447708/01af279a-7cff-47af-99f0-1b12cb044687.svg","https://public.flourish.studio/uploads/1447708/01af279a-7cff-47af-99f0-1b12cb044687.svg","https://public.flourish.studio/uploads/1447708/01af279a-7cff-47af-99f0-1b12cb044687.svg"
"<a href=""https://declanrjb.github.io/cds-engine/?unitid=209056"">Lewis & Clark College (OR)</a>","209056","https://public.flourish.studio/uploads/1447708/01af279a-7cff-47af-99f0-1b12cb044687.svg","https://public.flourish.studio/uploads/1447708/01af279a-7cff-47af-99f0-1b12cb044687.svg","https://public.flourish.studio/uploads/1447708/01af279a-7cff-47af-99f0-1b12cb044687.svg","https://public.flourish.studio/uploads/1447708/01af279a-7cff-47af-99f0-1b12cb044687.svg","https://public.flourish.studio/uploads/1447708/28c69406-d4a3-44a0-b2d9-1e6f4212b28a.svg"
"<a href=""https://declanrjb.github.io/cds-engine/?unitid=209065"">Linfield University (OR)</a>","209065","https://public.flourish.studio/uploads/1447708/01af279a-7cff-47af-99f0-1b12cb044687.svg","https://public.flourish.studio/uploads/1447708/28c69406-d4a3-44a0-b2d9-1e6f4212b28a.svg","https://public.flourish.studio/uploads/1447708/28c69406-d4a3-44a0-b2d9-1e6f4212b28a.svg","https://public.flourish.studio/uploads/1447708/01af279a-7cff-47af-99f0-1b12cb044687.svg","https://public.flourish.studio/uploads/1447708/28c69406-d4a3-44a0-b2d9-1e6f4212b28a.svg"
"<a href=""https://declanrjb.github.io/cds-engine/?unitid=209287"">NA (NA)</a>","209287","https://public.flourish.studio/uploads/1447708/28c69406-d4a3-44a0-b2d9-1e6f4212b28a.svg","https://public.flourish.studio/uploads/1447708/28c69406-d4a3-44a0-b2d9-1e6f4212b28a.svg","https://public.flourish.studio/uploads/1447708/28c69406-d4a3-44a0-b2d9-1e6f4212b28a.svg","https://public.flourish.studio/uploads/1447708/28c69406-d4a3-44a0-b2d9-1e6f4212b28a.svg","https://public.flourish.studio/uploads/1447708/01af279a-7cff-47af-99f0-1b12cb044687.svg"
"<a href=""https://declanrjb.github.io/cds-engine/?unitid=209506"">Oregon Institute of Technology (OR)</a>","209506","https://public.flourish.studio/uploads/1447708/01af279a-7cff-47af-99f0-1b12cb044687.svg","https://public.flourish.studio/uploads/1447708/01af279a-7cff-47af-99f0-1b12cb044687.svg","https://public.flourish.studio/uploads/1447708/01af279a-7cff-47af-99f0-1b12cb044687.svg","https://public.flourish.studio/uploads/1447708/01af279a-7cff-47af-99f0-1b12cb044687.svg","https://public.flourish.studio/uploads/1447708/01af279a-7cff-47af-99f0-1b12cb044687.svg"
"<a href=""https://declanrjb.github.io/cds-engine/?unitid=209542"">Oregon State University (OR)</a>","209542","https://public.flourish.studio/uploads/1447708/01af279a-7cff-47af-99f0-1b12cb044687.svg","https://public.flourish.studio/uploads/1447708/01af279a-7cff-47af-99f0-1b12cb044687.svg","https://public.flourish.studio/uploads/1447708/01af279a-7cff-47af-99f0-1b12cb044687.svg","https://public.flourish.studio/uploads/1447708/01af279a-7cff-47af-99f0-1b12cb044687.svg","https://public.flourish.studio/uploads/1447708/28c69406-d4a3-44a0-b2d9-1e6f4212b28a.svg"
"<a href=""https://declanrjb.github.io/cds-engine/?unitid=209551"">University of Oregon (OR)</a>","209551","https://public.flourish.studio/uploads/1447708/01af279a-7cff-47af-99f0-1b12cb044687.svg","https://public.flourish.studio/uploads/1447708/01af279a-7cff-47af-99f0-1b12cb044687.svg","https://public.flourish.studio/uploads/1447708/01af279a-7cff-47af-99f0-1b12cb044687.svg","https://public.flourish.studio/uploads/1447708/01af279a-7cff-47af-99f0-1b12cb044687.svg","https://public.flourish.studio/uploads/1447708/28c69406-d4a3-44a0-b2d9-1e6f4212b28a.svg"
"<a href=""https://declanrjb.github.io/cds-engine/?unitid=209807"">Portland State University (OR)</a>","209807","https://public.flourish.studio/uploads/1447708/28c69406-d4a3-44a0-b2d9-1e6f4212b28a.svg","https://public.flourish.studio/uploads/1447708/01af279a-7cff-47af-99f0-1b12cb044687.svg","https://public.flourish.studio/uploads/1447708/01af279a-7cff-47af-99f0-1b12cb044687.svg","https://public.flourish.studio/uploads/1447708/28c69406-d4a3-44a0-b2d9-1e6f4212b28a.svg","https://public.flourish.studio/uploads/1447708/28c69406-d4a3-44a0-b2d9-1e6f4212b28a.svg"
"<a href=""https://declanrjb.github.io/cds-engine/?unitid=209825"">University of Portland (OR)</a>","209825","https://public.flourish.studio/uploads/1447708/01af279a-7cff-47af-99f0-1b12cb044687.svg","https://public.flourish.studio/uploads/1447708/01af279a-7cff-47af-99f0-1b12cb044687.svg","https://public.flourish.studio/uploads/1447708/01af279a-7cff-47af-99f0-1b12cb044687.svg","https://public.flourish.studio/uploads/1447708/01af279a-7cff-47af-99f0-1b12cb044687.svg","https://public.flourish.studio/uploads/1447708/01af279a-7cff-47af-99f0-1b12cb044687.svg"
"<a href=""https://declanrjb.github.io/cds-engine/?unitid=209922"">Reed College (OR)</a>","209922","https://public.flourish.studio/uploads/1447708/01af279a-7cff-47af-99f0-1b12cb044687.svg","https://public.flourish.studio/uploads/1447708/01af279a-7cff-47af-99f0-1b12cb044687.svg","https://public.flourish.studio/uploads/1447708/01af279a-7cff-47af-99f0-1b12cb044687.svg","https://public.flourish.studio/uploads/1447708/01af279a-7cff-47af-99f0-1b12cb044687.svg","https://public.flourish.studio/uploads/1447708/28c69406-d4a3-44a0-b2d9-1e6f4212b28a.svg"
"<a href=""https://declanrjb.github.io/cds-engine/?unitid=210429"">Western Oregon University (OR)</a>","210429","https://public.flourish.studio/uploads/1447708/01af279a-7cff-47af-99f0-1b12cb044687.svg","https://public.flourish.studio/uploads/1447708/28c69406-d4a3-44a0-b2d9-1e6f4212b28a.svg","https://public.flourish.studio/uploads/1447708/01af279a-7cff-47af-99f0-1b12cb044687.svg","https://public.flourish.studio/uploads/1447708/01af279a-7cff-47af-99f0-1b12cb044687.svg","https://public.flourish.studio/uploads/1447708/28c69406-d4a3-44a0-b2d9-1e6f4212b28a.svg"
"<a href=""https://declanrjb.github.io/cds-engine/?unitid=210605"">Community College of Allegheny County (PA)</a>","210605","https://public.flourish.studio/uploads/1447708/01af279a-7cff-47af-99f0-1b12cb044687.svg","https://public.flourish.studio/uploads/1447708/28c69406-d4a3-44a0-b2d9-1e6f4212b28a.svg","https://public.flourish.studio/uploads/1447708/28c69406-d4a3-44a0-b2d9-1e6f4212b28a.svg","https://public.flourish.studio/uploads/1447708/28c69406-d4a3-44a0-b2d9-1e6f4212b28a.svg","https://public.flourish.studio/uploads/1447708/28c69406-d4a3-44a0-b2d9-1e6f4212b28a.svg"
"<a href=""https://declanrjb.github.io/cds-engine/?unitid=210739"">DeSales University (PA)</a>","210739","https://public.flourish.studio/uploads/1447708/01af279a-7cff-47af-99f0-1b12cb044687.svg","https://public.flourish.studio/uploads/1447708/01af279a-7cff-47af-99f0-1b12cb044687.svg","https://public.flourish.studio/uploads/1447708/28c69406-d4a3-44a0-b2d9-1e6f4212b28a.svg","https://public.flourish.studio/uploads/1447708/28c69406-d4a3-44a0-b2d9-1e6f4212b28a.svg","https://public.flourish.studio/uploads/1447708/28c69406-d4a3-44a0-b2d9-1e6f4212b28a.svg"
"<a href=""https://declanrjb.github.io/cds-engine/?unitid=211024"">NA (NA)</a>","211024","https://public.flourish.studio/uploads/1447708/28c69406-d4a3-44a0-b2d9-1e6f4212b28a.svg","https://public.flourish.studio/uploads/1447708/28c69406-d4a3-44a0-b2d9-1e6f4212b28a.svg","https://public.flourish.studio/uploads/1447708/28c69406-d4a3-44a0-b2d9-1e6f4212b28a.svg","https://public.flourish.studio/uploads/1447708/28c69406-d4a3-44a0-b2d9-1e6f4212b28a.svg","https://public.flourish.studio/uploads/1447708/01af279a-7cff-47af-99f0-1b12cb044687.svg"
"<a href=""https://declanrjb.github.io/cds-engine/?unitid=211088"">Arcadia University (PA)</a>","211088","https://public.flourish.studio/uploads/1447708/28c69406-d4a3-44a0-b2d9-1e6f4212b28a.svg","https://public.flourish.studio/uploads/1447708/01af279a-7cff-47af-99f0-1b12cb044687.svg","https://public.flourish.studio/uploads/1447708/28c69406-d4a3-44a0-b2d9-1e6f4212b28a.svg","https://public.flourish.studio/uploads/1447708/28c69406-d4a3-44a0-b2d9-1e6f4212b28a.svg","https://public.flourish.studio/uploads/1447708/28c69406-d4a3-44a0-b2d9-1e6f4212b28a.svg"
"<a href=""https://declanrjb.github.io/cds-engine/?unitid=211273"">Bryn Mawr College (PA)</a>","211273","https://public.flourish.studio/uploads/1447708/01af279a-7cff-47af-99f0-1b12cb044687.svg","https://public.flourish.studio/uploads/1447708/01af279a-7cff-47af-99f0-1b12cb044687.svg","https://public.flourish.studio/uploads/1447708/28c69406-d4a3-44a0-b2d9-1e6f4212b28a.svg","https://public.flourish.studio/uploads/1447708/28c69406-d4a3-44a0-b2d9-1e6f4212b28a.svg","https://public.flourish.studio/uploads/1447708/28c69406-d4a3-44a0-b2d9-1e6f4212b28a.svg"
"<a href=""https://declanrjb.github.io/cds-engine/?unitid=211291"">Bucknell University (PA)</a>","211291","https://public.flourish.studio/uploads/1447708/01af279a-7cff-47af-99f0-1b12cb044687.svg","https://public.flourish.studio/uploads/1447708/01af279a-7cff-47af-99f0-1b12cb044687.svg","https://public.flourish.studio/uploads/1447708/28c69406-d4a3-44a0-b2d9-1e6f4212b28a.svg","https://public.flourish.studio/uploads/1447708/01af279a-7cff-47af-99f0-1b12cb044687.svg","https://public.flourish.studio/uploads/1447708/01af279a-7cff-47af-99f0-1b12cb044687.svg"
"<a href=""https://declanrjb.github.io/cds-engine/?unitid=211352"">NA (NA)</a>","211352","https://public.flourish.studio/uploads/1447708/28c69406-d4a3-44a0-b2d9-1e6f4212b28a.svg","https://public.flourish.studio/uploads/1447708/28c69406-d4a3-44a0-b2d9-1e6f4212b28a.svg","https://public.flourish.studio/uploads/1447708/28c69406-d4a3-44a0-b2d9-1e6f4212b28a.svg","https://public.flourish.studio/uploads/1447708/28c69406-d4a3-44a0-b2d9-1e6f4212b28a.svg","https://public.flourish.studio/uploads/1447708/01af279a-7cff-47af-99f0-1b12cb044687.svg"
"<a href=""https://declanrjb.github.io/cds-engine/?unitid=211440"">Carnegie Mellon University (PA)</a>","211440","https://public.flourish.studio/uploads/1447708/01af279a-7cff-47af-99f0-1b12cb044687.svg","https://public.flourish.studio/uploads/1447708/01af279a-7cff-47af-99f0-1b12cb044687.svg","https://public.flourish.studio/uploads/1447708/01af279a-7cff-47af-99f0-1b12cb044687.svg","https://public.flourish.studio/uploads/1447708/01af279a-7cff-47af-99f0-1b12cb044687.svg","https://public.flourish.studio/uploads/1447708/28c69406-d4a3-44a0-b2d9-1e6f4212b28a.svg"
"<a href=""https://declanrjb.github.io/cds-engine/?unitid=211556"">Chatham University (PA)</a>","211556","https://public.flourish.studio/uploads/1447708/01af279a-7cff-47af-99f0-1b12cb044687.svg","https://public.flourish.studio/uploads/1447708/28c69406-d4a3-44a0-b2d9-1e6f4212b28a.svg","https://public.flourish.studio/uploads/1447708/28c69406-d4a3-44a0-b2d9-1e6f4212b28a.svg","https://public.flourish.studio/uploads/1447708/01af279a-7cff-47af-99f0-1b12cb044687.svg","https://public.flourish.studio/uploads/1447708/28c69406-d4a3-44a0-b2d9-1e6f4212b28a.svg"
"<a href=""https://declanrjb.github.io/cds-engine/?unitid=212009"">Dickinson College (PA)</a>","212009","https://public.flourish.studio/uploads/1447708/01af279a-7cff-47af-99f0-1b12cb044687.svg","https://public.flourish.studio/uploads/1447708/01af279a-7cff-47af-99f0-1b12cb044687.svg","https://public.flourish.studio/uploads/1447708/01af279a-7cff-47af-99f0-1b12cb044687.svg","https://public.flourish.studio/uploads/1447708/01af279a-7cff-47af-99f0-1b12cb044687.svg","https://public.flourish.studio/uploads/1447708/01af279a-7cff-47af-99f0-1b12cb044687.svg"
"<a href=""https://declanrjb.github.io/cds-engine/?unitid=212054"">Drexel University (PA)</a>","212054","https://public.flourish.studio/uploads/1447708/01af279a-7cff-47af-99f0-1b12cb044687.svg","https://public.flourish.studio/uploads/1447708/01af279a-7cff-47af-99f0-1b12cb044687.svg","https://public.flourish.studio/uploads/1447708/01af279a-7cff-47af-99f0-1b12cb044687.svg","https://public.flourish.studio/uploads/1447708/01af279a-7cff-47af-99f0-1b12cb044687.svg","https://public.flourish.studio/uploads/1447708/01af279a-7cff-47af-99f0-1b12cb044687.svg"
"<a href=""https://declanrjb.github.io/cds-engine/?unitid=212106"">Duquesne University (PA)</a>","212106","https://public.flourish.studio/uploads/1447708/01af279a-7cff-47af-99f0-1b12cb044687.svg","https://public.flourish.studio/uploads/1447708/01af279a-7cff-47af-99f0-1b12cb044687.svg","https://public.flourish.studio/uploads/1447708/01af279a-7cff-47af-99f0-1b12cb044687.svg","https://public.flourish.studio/uploads/1447708/01af279a-7cff-47af-99f0-1b12cb044687.svg","https://public.flourish.studio/uploads/1447708/28c69406-d4a3-44a0-b2d9-1e6f4212b28a.svg"
"<a href=""https://declanrjb.github.io/cds-engine/?unitid=212577"">Franklin and Marshall College (PA)</a>","212577","https://public.flourish.studio/uploads/1447708/01af279a-7cff-47af-99f0-1b12cb044687.svg","https://public.flourish.studio/uploads/1447708/28c69406-d4a3-44a0-b2d9-1e6f4212b28a.svg","https://public.flourish.studio/uploads/1447708/01af279a-7cff-47af-99f0-1b12cb044687.svg","https://public.flourish.studio/uploads/1447708/01af279a-7cff-47af-99f0-1b12cb044687.svg","https://public.flourish.studio/uploads/1447708/28c69406-d4a3-44a0-b2d9-1e6f4212b28a.svg"
"<a href=""https://declanrjb.github.io/cds-engine/?unitid=212674"">Gettysburg College (PA)</a>","212674","https://public.flourish.studio/uploads/1447708/01af279a-7cff-47af-99f0-1b12cb044687.svg","https://public.flourish.studio/uploads/1447708/01af279a-7cff-47af-99f0-1b12cb044687.svg","https://public.flourish.studio/uploads/1447708/01af279a-7cff-47af-99f0-1b12cb044687.svg","https://public.flourish.studio/uploads/1447708/01af279a-7cff-47af-99f0-1b12cb044687.svg","https://public.flourish.studio/uploads/1447708/28c69406-d4a3-44a0-b2d9-1e6f4212b28a.svg"
"<a href=""https://declanrjb.github.io/cds-engine/?unitid=212832"">Gwynedd Mercy University (PA)</a>","212832","https://public.flourish.studio/uploads/1447708/28c69406-d4a3-44a0-b2d9-1e6f4212b28a.svg","https://public.flourish.studio/uploads/1447708/28c69406-d4a3-44a0-b2d9-1e6f4212b28a.svg","https://public.flourish.studio/uploads/1447708/28c69406-d4a3-44a0-b2d9-1e6f4212b28a.svg","https://public.flourish.studio/uploads/1447708/01af279a-7cff-47af-99f0-1b12cb044687.svg","https://public.flourish.studio/uploads/1447708/28c69406-d4a3-44a0-b2d9-1e6f4212b28a.svg"
"<a href=""https://declanrjb.github.io/cds-engine/?unitid=212911"">Haverford College (PA)</a>","212911","https://public.flourish.studio/uploads/1447708/01af279a-7cff-47af-99f0-1b12cb044687.svg","https://public.flourish.studio/uploads/1447708/01af279a-7cff-47af-99f0-1b12cb044687.svg","https://public.flourish.studio/uploads/1447708/01af279a-7cff-47af-99f0-1b12cb044687.svg","https://public.flourish.studio/uploads/1447708/01af279a-7cff-47af-99f0-1b12cb044687.svg","https://public.flourish.studio/uploads/1447708/28c69406-d4a3-44a0-b2d9-1e6f4212b28a.svg"
"<a href=""https://declanrjb.github.io/cds-engine/?unitid=213011"">Immaculata University (PA)</a>","213011","https://public.flourish.studio/uploads/1447708/01af279a-7cff-47af-99f0-1b12cb044687.svg","https://public.flourish.studio/uploads/1447708/01af279a-7cff-47af-99f0-1b12cb044687.svg","https://public.flourish.studio/uploads/1447708/28c69406-d4a3-44a0-b2d9-1e6f4212b28a.svg","https://public.flourish.studio/uploads/1447708/01af279a-7cff-47af-99f0-1b12cb044687.svg","https://public.flourish.studio/uploads/1447708/28c69406-d4a3-44a0-b2d9-1e6f4212b28a.svg"
"<a href=""https://declanrjb.github.io/cds-engine/?unitid=213020"">Indiana University of Pennsylvania (PA)</a>","213020","https://public.flourish.studio/uploads/1447708/28c69406-d4a3-44a0-b2d9-1e6f4212b28a.svg","https://public.flourish.studio/uploads/1447708/01af279a-7cff-47af-99f0-1b12cb044687.svg","https://public.flourish.studio/uploads/1447708/28c69406-d4a3-44a0-b2d9-1e6f4212b28a.svg","https://public.flourish.studio/uploads/1447708/01af279a-7cff-47af-99f0-1b12cb044687.svg","https://public.flourish.studio/uploads/1447708/28c69406-d4a3-44a0-b2d9-1e6f4212b28a.svg"
"<a href=""https://declanrjb.github.io/cds-engine/?unitid=213251"">Juniata College (PA)</a>","213251","https://public.flourish.studio/uploads/1447708/01af279a-7cff-47af-99f0-1b12cb044687.svg","https://public.flourish.studio/uploads/1447708/01af279a-7cff-47af-99f0-1b12cb044687.svg","https://public.flourish.studio/uploads/1447708/28c69406-d4a3-44a0-b2d9-1e6f4212b28a.svg","https://public.flourish.studio/uploads/1447708/28c69406-d4a3-44a0-b2d9-1e6f4212b28a.svg","https://public.flourish.studio/uploads/1447708/28c69406-d4a3-44a0-b2d9-1e6f4212b28a.svg"
"<a href=""https://declanrjb.github.io/cds-engine/?unitid=213349"">Kutztown University of Pennsylvania (PA)</a>","213349","https://public.flourish.studio/uploads/1447708/01af279a-7cff-47af-99f0-1b12cb044687.svg","https://public.flourish.studio/uploads/1447708/01af279a-7cff-47af-99f0-1b12cb044687.svg","https://public.flourish.studio/uploads/1447708/28c69406-d4a3-44a0-b2d9-1e6f4212b28a.svg","https://public.flourish.studio/uploads/1447708/01af279a-7cff-47af-99f0-1b12cb044687.svg","https://public.flourish.studio/uploads/1447708/01af279a-7cff-47af-99f0-1b12cb044687.svg"
"<a href=""https://declanrjb.github.io/cds-engine/?unitid=213385"">Lafayette College (PA)</a>","213385","https://public.flourish.studio/uploads/1447708/01af279a-7cff-47af-99f0-1b12cb044687.svg","https://public.flourish.studio/uploads/1447708/01af279a-7cff-47af-99f0-1b12cb044687.svg","https://public.flourish.studio/uploads/1447708/01af279a-7cff-47af-99f0-1b12cb044687.svg","https://public.flourish.studio/uploads/1447708/01af279a-7cff-47af-99f0-1b12cb044687.svg","https://public.flourish.studio/uploads/1447708/28c69406-d4a3-44a0-b2d9-1e6f4212b28a.svg"
"<a href=""https://declanrjb.github.io/cds-engine/?unitid=213543"">Lehigh University (PA)</a>","213543","https://public.flourish.studio/uploads/1447708/01af279a-7cff-47af-99f0-1b12cb044687.svg","https://public.flourish.studio/uploads/1447708/01af279a-7cff-47af-99f0-1b12cb044687.svg","https://public.flourish.studio/uploads/1447708/01af279a-7cff-47af-99f0-1b12cb044687.svg","https://public.flourish.studio/uploads/1447708/01af279a-7cff-47af-99f0-1b12cb044687.svg","https://public.flourish.studio/uploads/1447708/28c69406-d4a3-44a0-b2d9-1e6f4212b28a.svg"
"<a href=""https://declanrjb.github.io/cds-engine/?unitid=213598"">Lincoln University (PA)</a>","213598","https://public.flourish.studio/uploads/1447708/01af279a-7cff-47af-99f0-1b12cb044687.svg","https://public.flourish.studio/uploads/1447708/01af279a-7cff-47af-99f0-1b12cb044687.svg","https://public.flourish.studio/uploads/1447708/01af279a-7cff-47af-99f0-1b12cb044687.svg","https://public.flourish.studio/uploads/1447708/01af279a-7cff-47af-99f0-1b12cb044687.svg","https://public.flourish.studio/uploads/1447708/01af279a-7cff-47af-99f0-1b12cb044687.svg"
"<a href=""https://declanrjb.github.io/cds-engine/?unitid=213668"">Lycoming College (PA)</a>","213668","https://public.flourish.studio/uploads/1447708/28c69406-d4a3-44a0-b2d9-1e6f4212b28a.svg","https://public.flourish.studio/uploads/1447708/28c69406-d4a3-44a0-b2d9-1e6f4212b28a.svg","https://public.flourish.studio/uploads/1447708/28c69406-d4a3-44a0-b2d9-1e6f4212b28a.svg","https://public.flourish.studio/uploads/1447708/01af279a-7cff-47af-99f0-1b12cb044687.svg","https://public.flourish.studio/uploads/1447708/28c69406-d4a3-44a0-b2d9-1e6f4212b28a.svg"
"<a href=""https://declanrjb.github.io/cds-engine/?unitid=213996"">Messiah University (PA)</a>","213996","https://public.flourish.studio/uploads/1447708/28c69406-d4a3-44a0-b2d9-1e6f4212b28a.svg","https://public.flourish.studio/uploads/1447708/01af279a-7cff-47af-99f0-1b12cb044687.svg","https://public.flourish.studio/uploads/1447708/28c69406-d4a3-44a0-b2d9-1e6f4212b28a.svg","https://public.flourish.studio/uploads/1447708/28c69406-d4a3-44a0-b2d9-1e6f4212b28a.svg","https://public.flourish.studio/uploads/1447708/01af279a-7cff-47af-99f0-1b12cb044687.svg"
"<a href=""https://declanrjb.github.io/cds-engine/?unitid=214041"">Millersville University of Pennsylvania...</a>","214041","https://public.flourish.studio/uploads/1447708/01af279a-7cff-47af-99f0-1b12cb044687.svg","https://public.flourish.studio/uploads/1447708/28c69406-d4a3-44a0-b2d9-1e6f4212b28a.svg","https://public.flourish.studio/uploads/1447708/28c69406-d4a3-44a0-b2d9-1e6f4212b28a.svg","https://public.flourish.studio/uploads/1447708/28c69406-d4a3-44a0-b2d9-1e6f4212b28a.svg","https://public.flourish.studio/uploads/1447708/28c69406-d4a3-44a0-b2d9-1e6f4212b28a.svg"
"<a href=""https://declanrjb.github.io/cds-engine/?unitid=214272"">Neumann University (PA)</a>","214272","https://public.flourish.studio/uploads/1447708/28c69406-d4a3-44a0-b2d9-1e6f4212b28a.svg","https://public.flourish.studio/uploads/1447708/28c69406-d4a3-44a0-b2d9-1e6f4212b28a.svg","https://public.flourish.studio/uploads/1447708/28c69406-d4a3-44a0-b2d9-1e6f4212b28a.svg","https://public.flourish.studio/uploads/1447708/01af279a-7cff-47af-99f0-1b12cb044687.svg","https://public.flourish.studio/uploads/1447708/28c69406-d4a3-44a0-b2d9-1e6f4212b28a.svg"
"<a href=""https://declanrjb.github.io/cds-engine/?unitid=214777"">Pennsylvania State University-Main Camp...</a>","214777","https://public.flourish.studio/uploads/1447708/28c69406-d4a3-44a0-b2d9-1e6f4212b28a.svg","https://public.flourish.studio/uploads/1447708/28c69406-d4a3-44a0-b2d9-1e6f4212b28a.svg","https://public.flourish.studio/uploads/1447708/28c69406-d4a3-44a0-b2d9-1e6f4212b28a.svg","https://public.flourish.studio/uploads/1447708/01af279a-7cff-47af-99f0-1b12cb044687.svg","https://public.flourish.studio/uploads/1447708/01af279a-7cff-47af-99f0-1b12cb044687.svg"
"<a href=""https://declanrjb.github.io/cds-engine/?unitid=215062"">University of Pennsylvania (PA)</a>","215062","https://public.flourish.studio/uploads/1447708/01af279a-7cff-47af-99f0-1b12cb044687.svg","https://public.flourish.studio/uploads/1447708/01af279a-7cff-47af-99f0-1b12cb044687.svg","https://public.flourish.studio/uploads/1447708/01af279a-7cff-47af-99f0-1b12cb044687.svg","https://public.flourish.studio/uploads/1447708/01af279a-7cff-47af-99f0-1b12cb044687.svg","https://public.flourish.studio/uploads/1447708/28c69406-d4a3-44a0-b2d9-1e6f4212b28a.svg"
"<a href=""https://declanrjb.github.io/cds-engine/?unitid=215105"">NA (NA)</a>","215105","https://public.flourish.studio/uploads/1447708/28c69406-d4a3-44a0-b2d9-1e6f4212b28a.svg","https://public.flourish.studio/uploads/1447708/28c69406-d4a3-44a0-b2d9-1e6f4212b28a.svg","https://public.flourish.studio/uploads/1447708/28c69406-d4a3-44a0-b2d9-1e6f4212b28a.svg","https://public.flourish.studio/uploads/1447708/28c69406-d4a3-44a0-b2d9-1e6f4212b28a.svg","https://public.flourish.studio/uploads/1447708/01af279a-7cff-47af-99f0-1b12cb044687.svg"
"<a href=""https://declanrjb.github.io/cds-engine/?unitid=215293"">University of Pittsburgh-Pittsburgh Cam...</a>","215293","https://public.flourish.studio/uploads/1447708/28c69406-d4a3-44a0-b2d9-1e6f4212b28a.svg","https://public.flourish.studio/uploads/1447708/28c69406-d4a3-44a0-b2d9-1e6f4212b28a.svg","https://public.flourish.studio/uploads/1447708/28c69406-d4a3-44a0-b2d9-1e6f4212b28a.svg","https://public.flourish.studio/uploads/1447708/01af279a-7cff-47af-99f0-1b12cb044687.svg","https://public.flourish.studio/uploads/1447708/28c69406-d4a3-44a0-b2d9-1e6f4212b28a.svg"
"<a href=""https://declanrjb.github.io/cds-engine/?unitid=215415"">NA (NA)</a>","215415","https://public.flourish.studio/uploads/1447708/28c69406-d4a3-44a0-b2d9-1e6f4212b28a.svg","https://public.flourish.studio/uploads/1447708/28c69406-d4a3-44a0-b2d9-1e6f4212b28a.svg","https://public.flourish.studio/uploads/1447708/28c69406-d4a3-44a0-b2d9-1e6f4212b28a.svg","https://public.flourish.studio/uploads/1447708/28c69406-d4a3-44a0-b2d9-1e6f4212b28a.svg","https://public.flourish.studio/uploads/1447708/01af279a-7cff-47af-99f0-1b12cb044687.svg"
"<a href=""https://declanrjb.github.io/cds-engine/?unitid=215442"">Point Park University (PA)</a>","215442","https://public.flourish.studio/uploads/1447708/28c69406-d4a3-44a0-b2d9-1e6f4212b28a.svg","https://public.flourish.studio/uploads/1447708/01af279a-7cff-47af-99f0-1b12cb044687.svg","https://public.flourish.studio/uploads/1447708/28c69406-d4a3-44a0-b2d9-1e6f4212b28a.svg","https://public.flourish.studio/uploads/1447708/01af279a-7cff-47af-99f0-1b12cb044687.svg","https://public.flourish.studio/uploads/1447708/01af279a-7cff-47af-99f0-1b12cb044687.svg"
"<a href=""https://declanrjb.github.io/cds-engine/?unitid=215798"">Saint Vincent College (PA)</a>","215798","https://public.flourish.studio/uploads/1447708/28c69406-d4a3-44a0-b2d9-1e6f4212b28a.svg","https://public.flourish.studio/uploads/1447708/28c69406-d4a3-44a0-b2d9-1e6f4212b28a.svg","https://public.flourish.studio/uploads/1447708/01af279a-7cff-47af-99f0-1b12cb044687.svg","https://public.flourish.studio/uploads/1447708/28c69406-d4a3-44a0-b2d9-1e6f4212b28a.svg","https://public.flourish.studio/uploads/1447708/01af279a-7cff-47af-99f0-1b12cb044687.svg"
"<a href=""https://declanrjb.github.io/cds-engine/?unitid=215929"">University of Scranton (PA)</a>","215929","https://public.flourish.studio/uploads/1447708/01af279a-7cff-47af-99f0-1b12cb044687.svg","https://public.flourish.studio/uploads/1447708/01af279a-7cff-47af-99f0-1b12cb044687.svg","https://public.flourish.studio/uploads/1447708/01af279a-7cff-47af-99f0-1b12cb044687.svg","https://public.flourish.studio/uploads/1447708/01af279a-7cff-47af-99f0-1b12cb044687.svg","https://public.flourish.studio/uploads/1447708/01af279a-7cff-47af-99f0-1b12cb044687.svg"
"<a href=""https://declanrjb.github.io/cds-engine/?unitid=216010"">Shippensburg University of Pennsylvania...</a>","216010","https://public.flourish.studio/uploads/1447708/01af279a-7cff-47af-99f0-1b12cb044687.svg","https://public.flourish.studio/uploads/1447708/01af279a-7cff-47af-99f0-1b12cb044687.svg","https://public.flourish.studio/uploads/1447708/28c69406-d4a3-44a0-b2d9-1e6f4212b28a.svg","https://public.flourish.studio/uploads/1447708/28c69406-d4a3-44a0-b2d9-1e6f4212b28a.svg","https://public.flourish.studio/uploads/1447708/28c69406-d4a3-44a0-b2d9-1e6f4212b28a.svg"
"<a href=""https://declanrjb.github.io/cds-engine/?unitid=216038"">Slippery Rock University of Pennsylvani...</a>","216038","https://public.flourish.studio/uploads/1447708/01af279a-7cff-47af-99f0-1b12cb044687.svg","https://public.flourish.studio/uploads/1447708/01af279a-7cff-47af-99f0-1b12cb044687.svg","https://public.flourish.studio/uploads/1447708/28c69406-d4a3-44a0-b2d9-1e6f4212b28a.svg","https://public.flourish.studio/uploads/1447708/28c69406-d4a3-44a0-b2d9-1e6f4212b28a.svg","https://public.flourish.studio/uploads/1447708/28c69406-d4a3-44a0-b2d9-1e6f4212b28a.svg"
"<a href=""https://declanrjb.github.io/cds-engine/?unitid=216278"">Susquehanna University (PA)</a>","216278","https://public.flourish.studio/uploads/1447708/01af279a-7cff-47af-99f0-1b12cb044687.svg","https://public.flourish.studio/uploads/1447708/28c69406-d4a3-44a0-b2d9-1e6f4212b28a.svg","https://public.flourish.studio/uploads/1447708/28c69406-d4a3-44a0-b2d9-1e6f4212b28a.svg","https://public.flourish.studio/uploads/1447708/28c69406-d4a3-44a0-b2d9-1e6f4212b28a.svg","https://public.flourish.studio/uploads/1447708/28c69406-d4a3-44a0-b2d9-1e6f4212b28a.svg"
"<a href=""https://declanrjb.github.io/cds-engine/?unitid=216287"">Swarthmore College (PA)</a>","216287","https://public.flourish.studio/uploads/1447708/01af279a-7cff-47af-99f0-1b12cb044687.svg","https://public.flourish.studio/uploads/1447708/01af279a-7cff-47af-99f0-1b12cb044687.svg","https://public.flourish.studio/uploads/1447708/01af279a-7cff-47af-99f0-1b12cb044687.svg","https://public.flourish.studio/uploads/1447708/01af279a-7cff-47af-99f0-1b12cb044687.svg","https://public.flourish.studio/uploads/1447708/01af279a-7cff-47af-99f0-1b12cb044687.svg"
"<a href=""https://declanrjb.github.io/cds-engine/?unitid=216339"">Temple University (PA)</a>","216339","https://public.flourish.studio/uploads/1447708/01af279a-7cff-47af-99f0-1b12cb044687.svg","https://public.flourish.studio/uploads/1447708/01af279a-7cff-47af-99f0-1b12cb044687.svg","https://public.flourish.studio/uploads/1447708/01af279a-7cff-47af-99f0-1b12cb044687.svg","https://public.flourish.studio/uploads/1447708/01af279a-7cff-47af-99f0-1b12cb044687.svg","https://public.flourish.studio/uploads/1447708/28c69406-d4a3-44a0-b2d9-1e6f4212b28a.svg"
"<a href=""https://declanrjb.github.io/cds-engine/?unitid=216597"">Villanova University (PA)</a>","216597","https://public.flourish.studio/uploads/1447708/01af279a-7cff-47af-99f0-1b12cb044687.svg","https://public.flourish.studio/uploads/1447708/01af279a-7cff-47af-99f0-1b12cb044687.svg","https://public.flourish.studio/uploads/1447708/01af279a-7cff-47af-99f0-1b12cb044687.svg","https://public.flourish.studio/uploads/1447708/01af279a-7cff-47af-99f0-1b12cb044687.svg","https://public.flourish.studio/uploads/1447708/28c69406-d4a3-44a0-b2d9-1e6f4212b28a.svg"
"<a href=""https://declanrjb.github.io/cds-engine/?unitid=216764"">West Chester University of Pennsylvania...</a>","216764","https://public.flourish.studio/uploads/1447708/01af279a-7cff-47af-99f0-1b12cb044687.svg","https://public.flourish.studio/uploads/1447708/01af279a-7cff-47af-99f0-1b12cb044687.svg","https://public.flourish.studio/uploads/1447708/01af279a-7cff-47af-99f0-1b12cb044687.svg","https://public.flourish.studio/uploads/1447708/01af279a-7cff-47af-99f0-1b12cb044687.svg","https://public.flourish.studio/uploads/1447708/01af279a-7cff-47af-99f0-1b12cb044687.svg"
"<a href=""https://declanrjb.github.io/cds-engine/?unitid=216852"">Widener University (PA)</a>","216852","https://public.flourish.studio/uploads/1447708/28c69406-d4a3-44a0-b2d9-1e6f4212b28a.svg","https://public.flourish.studio/uploads/1447708/28c69406-d4a3-44a0-b2d9-1e6f4212b28a.svg","https://public.flourish.studio/uploads/1447708/28c69406-d4a3-44a0-b2d9-1e6f4212b28a.svg","https://public.flourish.studio/uploads/1447708/01af279a-7cff-47af-99f0-1b12cb044687.svg","https://public.flourish.studio/uploads/1447708/28c69406-d4a3-44a0-b2d9-1e6f4212b28a.svg"
"<a href=""https://declanrjb.github.io/cds-engine/?unitid=216931"">Wilkes University (PA)</a>","216931","https://public.flourish.studio/uploads/1447708/28c69406-d4a3-44a0-b2d9-1e6f4212b28a.svg","https://public.flourish.studio/uploads/1447708/28c69406-d4a3-44a0-b2d9-1e6f4212b28a.svg","https://public.flourish.studio/uploads/1447708/01af279a-7cff-47af-99f0-1b12cb044687.svg","https://public.flourish.studio/uploads/1447708/01af279a-7cff-47af-99f0-1b12cb044687.svg","https://public.flourish.studio/uploads/1447708/01af279a-7cff-47af-99f0-1b12cb044687.svg"
"<a href=""https://declanrjb.github.io/cds-engine/?unitid=217402"">Providence College (RI)</a>","217402","https://public.flourish.studio/uploads/1447708/01af279a-7cff-47af-99f0-1b12cb044687.svg","https://public.flourish.studio/uploads/1447708/01af279a-7cff-47af-99f0-1b12cb044687.svg","https://public.flourish.studio/uploads/1447708/01af279a-7cff-47af-99f0-1b12cb044687.svg","https://public.flourish.studio/uploads/1447708/01af279a-7cff-47af-99f0-1b12cb044687.svg","https://public.flourish.studio/uploads/1447708/28c69406-d4a3-44a0-b2d9-1e6f4212b28a.svg"
"<a href=""https://declanrjb.github.io/cds-engine/?unitid=217420"">Rhode Island College (RI)</a>","217420","https://public.flourish.studio/uploads/1447708/28c69406-d4a3-44a0-b2d9-1e6f4212b28a.svg","https://public.flourish.studio/uploads/1447708/28c69406-d4a3-44a0-b2d9-1e6f4212b28a.svg","https://public.flourish.studio/uploads/1447708/28c69406-d4a3-44a0-b2d9-1e6f4212b28a.svg","https://public.flourish.studio/uploads/1447708/01af279a-7cff-47af-99f0-1b12cb044687.svg","https://public.flourish.studio/uploads/1447708/28c69406-d4a3-44a0-b2d9-1e6f4212b28a.svg"
"<a href=""https://declanrjb.github.io/cds-engine/?unitid=217484"">University of Rhode Island (RI)</a>","217484","https://public.flourish.studio/uploads/1447708/01af279a-7cff-47af-99f0-1b12cb044687.svg","https://public.flourish.studio/uploads/1447708/01af279a-7cff-47af-99f0-1b12cb044687.svg","https://public.flourish.studio/uploads/1447708/01af279a-7cff-47af-99f0-1b12cb044687.svg","https://public.flourish.studio/uploads/1447708/01af279a-7cff-47af-99f0-1b12cb044687.svg","https://public.flourish.studio/uploads/1447708/28c69406-d4a3-44a0-b2d9-1e6f4212b28a.svg"
"<a href=""https://declanrjb.github.io/cds-engine/?unitid=217776"">Southern Wesleyan University (SC)</a>","217776","https://public.flourish.studio/uploads/1447708/01af279a-7cff-47af-99f0-1b12cb044687.svg","https://public.flourish.studio/uploads/1447708/01af279a-7cff-47af-99f0-1b12cb044687.svg","https://public.flourish.studio/uploads/1447708/28c69406-d4a3-44a0-b2d9-1e6f4212b28a.svg","https://public.flourish.studio/uploads/1447708/28c69406-d4a3-44a0-b2d9-1e6f4212b28a.svg","https://public.flourish.studio/uploads/1447708/28c69406-d4a3-44a0-b2d9-1e6f4212b28a.svg"
"<a href=""https://declanrjb.github.io/cds-engine/?unitid=217819"">College of Charleston (SC)</a>","217819","https://public.flourish.studio/uploads/1447708/01af279a-7cff-47af-99f0-1b12cb044687.svg","https://public.flourish.studio/uploads/1447708/01af279a-7cff-47af-99f0-1b12cb044687.svg","https://public.flourish.studio/uploads/1447708/01af279a-7cff-47af-99f0-1b12cb044687.svg","https://public.flourish.studio/uploads/1447708/01af279a-7cff-47af-99f0-1b12cb044687.svg","https://public.flourish.studio/uploads/1447708/28c69406-d4a3-44a0-b2d9-1e6f4212b28a.svg"
"<a href=""https://declanrjb.github.io/cds-engine/?unitid=217864"">Citadel Military College of South Carol...</a>","217864","https://public.flourish.studio/uploads/1447708/01af279a-7cff-47af-99f0-1b12cb044687.svg","https://public.flourish.studio/uploads/1447708/01af279a-7cff-47af-99f0-1b12cb044687.svg","https://public.flourish.studio/uploads/1447708/01af279a-7cff-47af-99f0-1b12cb044687.svg","https://public.flourish.studio/uploads/1447708/01af279a-7cff-47af-99f0-1b12cb044687.svg","https://public.flourish.studio/uploads/1447708/28c69406-d4a3-44a0-b2d9-1e6f4212b28a.svg"
"<a href=""https://declanrjb.github.io/cds-engine/?unitid=217882"">Clemson University (SC)</a>","217882","https://public.flourish.studio/uploads/1447708/28c69406-d4a3-44a0-b2d9-1e6f4212b28a.svg","https://public.flourish.studio/uploads/1447708/01af279a-7cff-47af-99f0-1b12cb044687.svg","https://public.flourish.studio/uploads/1447708/01af279a-7cff-47af-99f0-1b12cb044687.svg","https://public.flourish.studio/uploads/1447708/01af279a-7cff-47af-99f0-1b12cb044687.svg","https://public.flourish.studio/uploads/1447708/28c69406-d4a3-44a0-b2d9-1e6f4212b28a.svg"
"<a href=""https://declanrjb.github.io/cds-engine/?unitid=218070"">Furman University (SC)</a>","218070","https://public.flourish.studio/uploads/1447708/28c69406-d4a3-44a0-b2d9-1e6f4212b28a.svg","https://public.flourish.studio/uploads/1447708/28c69406-d4a3-44a0-b2d9-1e6f4212b28a.svg","https://public.flourish.studio/uploads/1447708/28c69406-d4a3-44a0-b2d9-1e6f4212b28a.svg","https://public.flourish.studio/uploads/1447708/28c69406-d4a3-44a0-b2d9-1e6f4212b28a.svg","https://public.flourish.studio/uploads/1447708/01af279a-7cff-47af-99f0-1b12cb044687.svg"
"<a href=""https://declanrjb.github.io/cds-engine/?unitid=218539"">Presbyterian College (SC)</a>","218539","https://public.flourish.studio/uploads/1447708/28c69406-d4a3-44a0-b2d9-1e6f4212b28a.svg","https://public.flourish.studio/uploads/1447708/28c69406-d4a3-44a0-b2d9-1e6f4212b28a.svg","https://public.flourish.studio/uploads/1447708/28c69406-d4a3-44a0-b2d9-1e6f4212b28a.svg","https://public.flourish.studio/uploads/1447708/28c69406-d4a3-44a0-b2d9-1e6f4212b28a.svg","https://public.flourish.studio/uploads/1447708/01af279a-7cff-47af-99f0-1b12cb044687.svg"
"<a href=""https://declanrjb.github.io/cds-engine/?unitid=218663"">University of South Carolina-Columbia (SC)</a>","218663","https://public.flourish.studio/uploads/1447708/28c69406-d4a3-44a0-b2d9-1e6f4212b28a.svg","https://public.flourish.studio/uploads/1447708/28c69406-d4a3-44a0-b2d9-1e6f4212b28a.svg","https://public.flourish.studio/uploads/1447708/28c69406-d4a3-44a0-b2d9-1e6f4212b28a.svg","https://public.flourish.studio/uploads/1447708/01af279a-7cff-47af-99f0-1b12cb044687.svg","https://public.flourish.studio/uploads/1447708/28c69406-d4a3-44a0-b2d9-1e6f4212b28a.svg"
"<a href=""https://declanrjb.github.io/cds-engine/?unitid=218724"">Coastal Carolina University (SC)</a>","218724","https://public.flourish.studio/uploads/1447708/01af279a-7cff-47af-99f0-1b12cb044687.svg","https://public.flourish.studio/uploads/1447708/01af279a-7cff-47af-99f0-1b12cb044687.svg","https://public.flourish.studio/uploads/1447708/01af279a-7cff-47af-99f0-1b12cb044687.svg","https://public.flourish.studio/uploads/1447708/01af279a-7cff-47af-99f0-1b12cb044687.svg","https://public.flourish.studio/uploads/1447708/28c69406-d4a3-44a0-b2d9-1e6f4212b28a.svg"
"<a href=""https://declanrjb.github.io/cds-engine/?unitid=218733"">South Carolina State University (SC)</a>","218733","https://public.flourish.studio/uploads/1447708/01af279a-7cff-47af-99f0-1b12cb044687.svg","https://public.flourish.studio/uploads/1447708/01af279a-7cff-47af-99f0-1b12cb044687.svg","https://public.flourish.studio/uploads/1447708/01af279a-7cff-47af-99f0-1b12cb044687.svg","https://public.flourish.studio/uploads/1447708/01af279a-7cff-47af-99f0-1b12cb044687.svg","https://public.flourish.studio/uploads/1447708/01af279a-7cff-47af-99f0-1b12cb044687.svg"
"<a href=""https://declanrjb.github.io/cds-engine/?unitid=218964"">Winthrop University (SC)</a>","218964","https://public.flourish.studio/uploads/1447708/01af279a-7cff-47af-99f0-1b12cb044687.svg","https://public.flourish.studio/uploads/1447708/01af279a-7cff-47af-99f0-1b12cb044687.svg","https://public.flourish.studio/uploads/1447708/01af279a-7cff-47af-99f0-1b12cb044687.svg","https://public.flourish.studio/uploads/1447708/01af279a-7cff-47af-99f0-1b12cb044687.svg","https://public.flourish.studio/uploads/1447708/01af279a-7cff-47af-99f0-1b12cb044687.svg"
"<a href=""https://declanrjb.github.io/cds-engine/?unitid=219000"">Augustana University (SD)</a>","219000","https://public.flourish.studio/uploads/1447708/01af279a-7cff-47af-99f0-1b12cb044687.svg","https://public.flourish.studio/uploads/1447708/01af279a-7cff-47af-99f0-1b12cb044687.svg","https://public.flourish.studio/uploads/1447708/28c69406-d4a3-44a0-b2d9-1e6f4212b28a.svg","https://public.flourish.studio/uploads/1447708/28c69406-d4a3-44a0-b2d9-1e6f4212b28a.svg","https://public.flourish.studio/uploads/1447708/28c69406-d4a3-44a0-b2d9-1e6f4212b28a.svg"
"<a href=""https://declanrjb.github.io/cds-engine/?unitid=219082"">Dakota State University (SD)</a>","219082","https://public.flourish.studio/uploads/1447708/28c69406-d4a3-44a0-b2d9-1e6f4212b28a.svg","https://public.flourish.studio/uploads/1447708/28c69406-d4a3-44a0-b2d9-1e6f4212b28a.svg","https://public.flourish.studio/uploads/1447708/28c69406-d4a3-44a0-b2d9-1e6f4212b28a.svg","https://public.flourish.studio/uploads/1447708/28c69406-d4a3-44a0-b2d9-1e6f4212b28a.svg","https://public.flourish.studio/uploads/1447708/01af279a-7cff-47af-99f0-1b12cb044687.svg"
"<a href=""https://declanrjb.github.io/cds-engine/?unitid=219198"">Mount Marty University (SD)</a>","219198","https://public.flourish.studio/uploads/1447708/28c69406-d4a3-44a0-b2d9-1e6f4212b28a.svg","https://public.flourish.studio/uploads/1447708/01af279a-7cff-47af-99f0-1b12cb044687.svg","https://public.flourish.studio/uploads/1447708/01af279a-7cff-47af-99f0-1b12cb044687.svg","https://public.flourish.studio/uploads/1447708/28c69406-d4a3-44a0-b2d9-1e6f4212b28a.svg","https://public.flourish.studio/uploads/1447708/28c69406-d4a3-44a0-b2d9-1e6f4212b28a.svg"
"<a href=""https://declanrjb.github.io/cds-engine/?unitid=219356"">South Dakota State University (SD)</a>","219356","https://public.flourish.studio/uploads/1447708/01af279a-7cff-47af-99f0-1b12cb044687.svg","https://public.flourish.studio/uploads/1447708/28c69406-d4a3-44a0-b2d9-1e6f4212b28a.svg","https://public.flourish.studio/uploads/1447708/28c69406-d4a3-44a0-b2d9-1e6f4212b28a.svg","https://public.flourish.studio/uploads/1447708/28c69406-d4a3-44a0-b2d9-1e6f4212b28a.svg","https://public.flourish.studio/uploads/1447708/28c69406-d4a3-44a0-b2d9-1e6f4212b28a.svg"
"<a href=""https://declanrjb.github.io/cds-engine/?unitid=219471"">University of South Dakota (SD)</a>","219471","https://public.flourish.studio/uploads/1447708/28c69406-d4a3-44a0-b2d9-1e6f4212b28a.svg","https://public.flourish.studio/uploads/1447708/28c69406-d4a3-44a0-b2d9-1e6f4212b28a.svg","https://public.flourish.studio/uploads/1447708/01af279a-7cff-47af-99f0-1b12cb044687.svg","https://public.flourish.studio/uploads/1447708/01af279a-7cff-47af-99f0-1b12cb044687.svg","https://public.flourish.studio/uploads/1447708/28c69406-d4a3-44a0-b2d9-1e6f4212b28a.svg"
"<a href=""https://declanrjb.github.io/cds-engine/?unitid=219602"">Austin Peay State University (TN)</a>","219602","https://public.flourish.studio/uploads/1447708/01af279a-7cff-47af-99f0-1b12cb044687.svg","https://public.flourish.studio/uploads/1447708/01af279a-7cff-47af-99f0-1b12cb044687.svg","https://public.flourish.studio/uploads/1447708/01af279a-7cff-47af-99f0-1b12cb044687.svg","https://public.flourish.studio/uploads/1447708/01af279a-7cff-47af-99f0-1b12cb044687.svg","https://public.flourish.studio/uploads/1447708/28c69406-d4a3-44a0-b2d9-1e6f4212b28a.svg"
"<a href=""https://declanrjb.github.io/cds-engine/?unitid=219709"">Belmont University (TN)</a>","219709","https://public.flourish.studio/uploads/1447708/01af279a-7cff-47af-99f0-1b12cb044687.svg","https://public.flourish.studio/uploads/1447708/01af279a-7cff-47af-99f0-1b12cb044687.svg","https://public.flourish.studio/uploads/1447708/01af279a-7cff-47af-99f0-1b12cb044687.svg","https://public.flourish.studio/uploads/1447708/01af279a-7cff-47af-99f0-1b12cb044687.svg","https://public.flourish.studio/uploads/1447708/01af279a-7cff-47af-99f0-1b12cb044687.svg"
"<a href=""https://declanrjb.github.io/cds-engine/?unitid=219976"">Lipscomb University (TN)</a>","219976","https://public.flourish.studio/uploads/1447708/28c69406-d4a3-44a0-b2d9-1e6f4212b28a.svg","https://public.flourish.studio/uploads/1447708/01af279a-7cff-47af-99f0-1b12cb044687.svg","https://public.flourish.studio/uploads/1447708/28c69406-d4a3-44a0-b2d9-1e6f4212b28a.svg","https://public.flourish.studio/uploads/1447708/28c69406-d4a3-44a0-b2d9-1e6f4212b28a.svg","https://public.flourish.studio/uploads/1447708/28c69406-d4a3-44a0-b2d9-1e6f4212b28a.svg"
"<a href=""https://declanrjb.github.io/cds-engine/?unitid=220613"">Lee University (TN)</a>","220613","https://public.flourish.studio/uploads/1447708/01af279a-7cff-47af-99f0-1b12cb044687.svg","https://public.flourish.studio/uploads/1447708/01af279a-7cff-47af-99f0-1b12cb044687.svg","https://public.flourish.studio/uploads/1447708/01af279a-7cff-47af-99f0-1b12cb044687.svg","https://public.flourish.studio/uploads/1447708/01af279a-7cff-47af-99f0-1b12cb044687.svg","https://public.flourish.studio/uploads/1447708/01af279a-7cff-47af-99f0-1b12cb044687.svg"
"<a href=""https://declanrjb.github.io/cds-engine/?unitid=220862"">University of Memphis (TN)</a>","220862","https://public.flourish.studio/uploads/1447708/01af279a-7cff-47af-99f0-1b12cb044687.svg","https://public.flourish.studio/uploads/1447708/01af279a-7cff-47af-99f0-1b12cb044687.svg","https://public.flourish.studio/uploads/1447708/01af279a-7cff-47af-99f0-1b12cb044687.svg","https://public.flourish.studio/uploads/1447708/01af279a-7cff-47af-99f0-1b12cb044687.svg","https://public.flourish.studio/uploads/1447708/28c69406-d4a3-44a0-b2d9-1e6f4212b28a.svg"
"<a href=""https://declanrjb.github.io/cds-engine/?unitid=221351"">Rhodes College (TN)</a>","221351","https://public.flourish.studio/uploads/1447708/28c69406-d4a3-44a0-b2d9-1e6f4212b28a.svg","https://public.flourish.studio/uploads/1447708/28c69406-d4a3-44a0-b2d9-1e6f4212b28a.svg","https://public.flourish.studio/uploads/1447708/28c69406-d4a3-44a0-b2d9-1e6f4212b28a.svg","https://public.flourish.studio/uploads/1447708/01af279a-7cff-47af-99f0-1b12cb044687.svg","https://public.flourish.studio/uploads/1447708/28c69406-d4a3-44a0-b2d9-1e6f4212b28a.svg"
"<a href=""https://declanrjb.github.io/cds-engine/?unitid=221519"">The University of the South (TN)</a>","221519","https://public.flourish.studio/uploads/1447708/01af279a-7cff-47af-99f0-1b12cb044687.svg","https://public.flourish.studio/uploads/1447708/01af279a-7cff-47af-99f0-1b12cb044687.svg","https://public.flourish.studio/uploads/1447708/01af279a-7cff-47af-99f0-1b12cb044687.svg","https://public.flourish.studio/uploads/1447708/28c69406-d4a3-44a0-b2d9-1e6f4212b28a.svg","https://public.flourish.studio/uploads/1447708/28c69406-d4a3-44a0-b2d9-1e6f4212b28a.svg"
"<a href=""https://declanrjb.github.io/cds-engine/?unitid=221731"">Tennessee Wesleyan University (TN)</a>","221731","https://public.flourish.studio/uploads/1447708/01af279a-7cff-47af-99f0-1b12cb044687.svg","https://public.flourish.studio/uploads/1447708/28c69406-d4a3-44a0-b2d9-1e6f4212b28a.svg","https://public.flourish.studio/uploads/1447708/28c69406-d4a3-44a0-b2d9-1e6f4212b28a.svg","https://public.flourish.studio/uploads/1447708/28c69406-d4a3-44a0-b2d9-1e6f4212b28a.svg","https://public.flourish.studio/uploads/1447708/28c69406-d4a3-44a0-b2d9-1e6f4212b28a.svg"
"<a href=""https://declanrjb.github.io/cds-engine/?unitid=221740"">The University of Tennessee-Chattanooga...</a>","221740","https://public.flourish.studio/uploads/1447708/01af279a-7cff-47af-99f0-1b12cb044687.svg","https://public.flourish.studio/uploads/1447708/28c69406-d4a3-44a0-b2d9-1e6f4212b28a.svg","https://public.flourish.studio/uploads/1447708/01af279a-7cff-47af-99f0-1b12cb044687.svg","https://public.flourish.studio/uploads/1447708/28c69406-d4a3-44a0-b2d9-1e6f4212b28a.svg","https://public.flourish.studio/uploads/1447708/28c69406-d4a3-44a0-b2d9-1e6f4212b28a.svg"
"<a href=""https://declanrjb.github.io/cds-engine/?unitid=221759"">The University of Tennessee-Knoxville (TN)</a>","221759","https://public.flourish.studio/uploads/1447708/01af279a-7cff-47af-99f0-1b12cb044687.svg","https://public.flourish.studio/uploads/1447708/28c69406-d4a3-44a0-b2d9-1e6f4212b28a.svg","https://public.flourish.studio/uploads/1447708/28c69406-d4a3-44a0-b2d9-1e6f4212b28a.svg","https://public.flourish.studio/uploads/1447708/01af279a-7cff-47af-99f0-1b12cb044687.svg","https://public.flourish.studio/uploads/1447708/01af279a-7cff-47af-99f0-1b12cb044687.svg"
"<a href=""https://declanrjb.github.io/cds-engine/?unitid=221768"">The University of Tennessee-Martin (TN)</a>","221768","https://public.flourish.studio/uploads/1447708/01af279a-7cff-47af-99f0-1b12cb044687.svg","https://public.flourish.studio/uploads/1447708/01af279a-7cff-47af-99f0-1b12cb044687.svg","https://public.flourish.studio/uploads/1447708/28c69406-d4a3-44a0-b2d9-1e6f4212b28a.svg","https://public.flourish.studio/uploads/1447708/28c69406-d4a3-44a0-b2d9-1e6f4212b28a.svg","https://public.flourish.studio/uploads/1447708/28c69406-d4a3-44a0-b2d9-1e6f4212b28a.svg"
"<a href=""https://declanrjb.github.io/cds-engine/?unitid=221838"">Tennessee State University (TN)</a>","221838","https://public.flourish.studio/uploads/1447708/28c69406-d4a3-44a0-b2d9-1e6f4212b28a.svg","https://public.flourish.studio/uploads/1447708/28c69406-d4a3-44a0-b2d9-1e6f4212b28a.svg","https://public.flourish.studio/uploads/1447708/01af279a-7cff-47af-99f0-1b12cb044687.svg","https://public.flourish.studio/uploads/1447708/01af279a-7cff-47af-99f0-1b12cb044687.svg","https://public.flourish.studio/uploads/1447708/28c69406-d4a3-44a0-b2d9-1e6f4212b28a.svg"
"<a href=""https://declanrjb.github.io/cds-engine/?unitid=221847"">Tennessee Technological University (TN)</a>","221847","https://public.flourish.studio/uploads/1447708/01af279a-7cff-47af-99f0-1b12cb044687.svg","https://public.flourish.studio/uploads/1447708/01af279a-7cff-47af-99f0-1b12cb044687.svg","https://public.flourish.studio/uploads/1447708/01af279a-7cff-47af-99f0-1b12cb044687.svg","https://public.flourish.studio/uploads/1447708/28c69406-d4a3-44a0-b2d9-1e6f4212b28a.svg","https://public.flourish.studio/uploads/1447708/28c69406-d4a3-44a0-b2d9-1e6f4212b28a.svg"
"<a href=""https://declanrjb.github.io/cds-engine/?unitid=222831"">Angelo State University (TX)</a>","222831","https://public.flourish.studio/uploads/1447708/01af279a-7cff-47af-99f0-1b12cb044687.svg","https://public.flourish.studio/uploads/1447708/01af279a-7cff-47af-99f0-1b12cb044687.svg","https://public.flourish.studio/uploads/1447708/01af279a-7cff-47af-99f0-1b12cb044687.svg","https://public.flourish.studio/uploads/1447708/01af279a-7cff-47af-99f0-1b12cb044687.svg","https://public.flourish.studio/uploads/1447708/01af279a-7cff-47af-99f0-1b12cb044687.svg"
"<a href=""https://declanrjb.github.io/cds-engine/?unitid=222983"">Austin College (TX)</a>","222983","https://public.flourish.studio/uploads/1447708/01af279a-7cff-47af-99f0-1b12cb044687.svg","https://public.flourish.studio/uploads/1447708/01af279a-7cff-47af-99f0-1b12cb044687.svg","https://public.flourish.studio/uploads/1447708/01af279a-7cff-47af-99f0-1b12cb044687.svg","https://public.flourish.studio/uploads/1447708/01af279a-7cff-47af-99f0-1b12cb044687.svg","https://public.flourish.studio/uploads/1447708/28c69406-d4a3-44a0-b2d9-1e6f4212b28a.svg"
"<a href=""https://declanrjb.github.io/cds-engine/?unitid=223232"">Baylor University (TX)</a>","223232","https://public.flourish.studio/uploads/1447708/01af279a-7cff-47af-99f0-1b12cb044687.svg","https://public.flourish.studio/uploads/1447708/01af279a-7cff-47af-99f0-1b12cb044687.svg","https://public.flourish.studio/uploads/1447708/01af279a-7cff-47af-99f0-1b12cb044687.svg","https://public.flourish.studio/uploads/1447708/01af279a-7cff-47af-99f0-1b12cb044687.svg","https://public.flourish.studio/uploads/1447708/28c69406-d4a3-44a0-b2d9-1e6f4212b28a.svg"
"<a href=""https://declanrjb.github.io/cds-engine/?unitid=224147"">Texas A & M University-Corpus Christi (TX)</a>","224147","https://public.flourish.studio/uploads/1447708/01af279a-7cff-47af-99f0-1b12cb044687.svg","https://public.flourish.studio/uploads/1447708/28c69406-d4a3-44a0-b2d9-1e6f4212b28a.svg","https://public.flourish.studio/uploads/1447708/28c69406-d4a3-44a0-b2d9-1e6f4212b28a.svg","https://public.flourish.studio/uploads/1447708/01af279a-7cff-47af-99f0-1b12cb044687.svg","https://public.flourish.studio/uploads/1447708/01af279a-7cff-47af-99f0-1b12cb044687.svg"
"<a href=""https://declanrjb.github.io/cds-engine/?unitid=224323"">University of Dallas (TX)</a>","224323","https://public.flourish.studio/uploads/1447708/01af279a-7cff-47af-99f0-1b12cb044687.svg","https://public.flourish.studio/uploads/1447708/01af279a-7cff-47af-99f0-1b12cb044687.svg","https://public.flourish.studio/uploads/1447708/28c69406-d4a3-44a0-b2d9-1e6f4212b28a.svg","https://public.flourish.studio/uploads/1447708/01af279a-7cff-47af-99f0-1b12cb044687.svg","https://public.flourish.studio/uploads/1447708/01af279a-7cff-47af-99f0-1b12cb044687.svg"
"<a href=""https://declanrjb.github.io/cds-engine/?unitid=224554"">East Texas A&M University (TX)</a>","224554","https://public.flourish.studio/uploads/1447708/28c69406-d4a3-44a0-b2d9-1e6f4212b28a.svg","https://public.flourish.studio/uploads/1447708/01af279a-7cff-47af-99f0-1b12cb044687.svg","https://public.flourish.studio/uploads/1447708/28c69406-d4a3-44a0-b2d9-1e6f4212b28a.svg","https://public.flourish.studio/uploads/1447708/28c69406-d4a3-44a0-b2d9-1e6f4212b28a.svg","https://public.flourish.studio/uploads/1447708/28c69406-d4a3-44a0-b2d9-1e6f4212b28a.svg"
"<a href=""https://declanrjb.github.io/cds-engine/?unitid=225399"">Houston Christian University (TX)</a>","225399","https://public.flourish.studio/uploads/1447708/01af279a-7cff-47af-99f0-1b12cb044687.svg","https://public.flourish.studio/uploads/1447708/01af279a-7cff-47af-99f0-1b12cb044687.svg","https://public.flourish.studio/uploads/1447708/01af279a-7cff-47af-99f0-1b12cb044687.svg","https://public.flourish.studio/uploads/1447708/01af279a-7cff-47af-99f0-1b12cb044687.svg","https://public.flourish.studio/uploads/1447708/01af279a-7cff-47af-99f0-1b12cb044687.svg"
"<a href=""https://declanrjb.github.io/cds-engine/?unitid=225432"">University of Houston-Downtown (TX)</a>","225432","https://public.flourish.studio/uploads/1447708/01af279a-7cff-47af-99f0-1b12cb044687.svg","https://public.flourish.studio/uploads/1447708/01af279a-7cff-47af-99f0-1b12cb044687.svg","https://public.flourish.studio/uploads/1447708/01af279a-7cff-47af-99f0-1b12cb044687.svg","https://public.flourish.studio/uploads/1447708/01af279a-7cff-47af-99f0-1b12cb044687.svg","https://public.flourish.studio/uploads/1447708/01af279a-7cff-47af-99f0-1b12cb044687.svg"
"<a href=""https://declanrjb.github.io/cds-engine/?unitid=226091"">Lamar University (TX)</a>","226091","https://public.flourish.studio/uploads/1447708/28c69406-d4a3-44a0-b2d9-1e6f4212b28a.svg","https://public.flourish.studio/uploads/1447708/28c69406-d4a3-44a0-b2d9-1e6f4212b28a.svg","https://public.flourish.studio/uploads/1447708/01af279a-7cff-47af-99f0-1b12cb044687.svg","https://public.flourish.studio/uploads/1447708/01af279a-7cff-47af-99f0-1b12cb044687.svg","https://public.flourish.studio/uploads/1447708/28c69406-d4a3-44a0-b2d9-1e6f4212b28a.svg"
"<a href=""https://declanrjb.github.io/cds-engine/?unitid=227182"">Lone Star College System (TX)</a>","227182","https://public.flourish.studio/uploads/1447708/01af279a-7cff-47af-99f0-1b12cb044687.svg","https://public.flourish.studio/uploads/1447708/01af279a-7cff-47af-99f0-1b12cb044687.svg","https://public.flourish.studio/uploads/1447708/01af279a-7cff-47af-99f0-1b12cb044687.svg","https://public.flourish.studio/uploads/1447708/01af279a-7cff-47af-99f0-1b12cb044687.svg","https://public.flourish.studio/uploads/1447708/01af279a-7cff-47af-99f0-1b12cb044687.svg"
"<a href=""https://declanrjb.github.io/cds-engine/?unitid=227757"">Rice University (TX)</a>","227757","https://public.flourish.studio/uploads/1447708/01af279a-7cff-47af-99f0-1b12cb044687.svg","https://public.flourish.studio/uploads/1447708/01af279a-7cff-47af-99f0-1b12cb044687.svg","https://public.flourish.studio/uploads/1447708/01af279a-7cff-47af-99f0-1b12cb044687.svg","https://public.flourish.studio/uploads/1447708/01af279a-7cff-47af-99f0-1b12cb044687.svg","https://public.flourish.studio/uploads/1447708/28c69406-d4a3-44a0-b2d9-1e6f4212b28a.svg"
"<a href=""https://declanrjb.github.io/cds-engine/?unitid=227881"">Sam Houston State University (TX)</a>","227881","https://public.flourish.studio/uploads/1447708/28c69406-d4a3-44a0-b2d9-1e6f4212b28a.svg","https://public.flourish.studio/uploads/1447708/01af279a-7cff-47af-99f0-1b12cb044687.svg","https://public.flourish.studio/uploads/1447708/01af279a-7cff-47af-99f0-1b12cb044687.svg","https://public.flourish.studio/uploads/1447708/28c69406-d4a3-44a0-b2d9-1e6f4212b28a.svg","https://public.flourish.studio/uploads/1447708/01af279a-7cff-47af-99f0-1b12cb044687.svg"
"<a href=""https://declanrjb.github.io/cds-engine/?unitid=228246"">Southern Methodist University (TX)</a>","228246","https://public.flourish.studio/uploads/1447708/01af279a-7cff-47af-99f0-1b12cb044687.svg","https://public.flourish.studio/uploads/1447708/28c69406-d4a3-44a0-b2d9-1e6f4212b28a.svg","https://public.flourish.studio/uploads/1447708/01af279a-7cff-47af-99f0-1b12cb044687.svg","https://public.flourish.studio/uploads/1447708/01af279a-7cff-47af-99f0-1b12cb044687.svg","https://public.flourish.studio/uploads/1447708/01af279a-7cff-47af-99f0-1b12cb044687.svg"
"<a href=""https://declanrjb.github.io/cds-engine/?unitid=228343"">Southwestern University (TX)</a>","228343","https://public.flourish.studio/uploads/1447708/01af279a-7cff-47af-99f0-1b12cb044687.svg","https://public.flourish.studio/uploads/1447708/01af279a-7cff-47af-99f0-1b12cb044687.svg","https://public.flourish.studio/uploads/1447708/01af279a-7cff-47af-99f0-1b12cb044687.svg","https://public.flourish.studio/uploads/1447708/01af279a-7cff-47af-99f0-1b12cb044687.svg","https://public.flourish.studio/uploads/1447708/28c69406-d4a3-44a0-b2d9-1e6f4212b28a.svg"
"<a href=""https://declanrjb.github.io/cds-engine/?unitid=228431"">Stephen F Austin State University (TX)</a>","228431","https://public.flourish.studio/uploads/1447708/01af279a-7cff-47af-99f0-1b12cb044687.svg","https://public.flourish.studio/uploads/1447708/01af279a-7cff-47af-99f0-1b12cb044687.svg","https://public.flourish.studio/uploads/1447708/01af279a-7cff-47af-99f0-1b12cb044687.svg","https://public.flourish.studio/uploads/1447708/01af279a-7cff-47af-99f0-1b12cb044687.svg","https://public.flourish.studio/uploads/1447708/01af279a-7cff-47af-99f0-1b12cb044687.svg"
"<a href=""https://declanrjb.github.io/cds-engine/?unitid=228705"">Texas A&M University-Kingsville (TX)</a>","228705","https://public.flourish.studio/uploads/1447708/28c69406-d4a3-44a0-b2d9-1e6f4212b28a.svg","https://public.flourish.studio/uploads/1447708/28c69406-d4a3-44a0-b2d9-1e6f4212b28a.svg","https://public.flourish.studio/uploads/1447708/01af279a-7cff-47af-99f0-1b12cb044687.svg","https://public.flourish.studio/uploads/1447708/01af279a-7cff-47af-99f0-1b12cb044687.svg","https://public.flourish.studio/uploads/1447708/28c69406-d4a3-44a0-b2d9-1e6f4212b28a.svg"
"<a href=""https://declanrjb.github.io/cds-engine/?unitid=228723"">Texas A&M University-College Station (TX)</a>","228723","https://public.flourish.studio/uploads/1447708/28c69406-d4a3-44a0-b2d9-1e6f4212b28a.svg","https://public.flourish.studio/uploads/1447708/28c69406-d4a3-44a0-b2d9-1e6f4212b28a.svg","https://public.flourish.studio/uploads/1447708/28c69406-d4a3-44a0-b2d9-1e6f4212b28a.svg","https://public.flourish.studio/uploads/1447708/01af279a-7cff-47af-99f0-1b12cb044687.svg","https://public.flourish.studio/uploads/1447708/01af279a-7cff-47af-99f0-1b12cb044687.svg"
"<a href=""https://declanrjb.github.io/cds-engine/?unitid=228778"">The University of Texas at Austin (TX)</a>","228778","https://public.flourish.studio/uploads/1447708/01af279a-7cff-47af-99f0-1b12cb044687.svg","https://public.flourish.studio/uploads/1447708/28c69406-d4a3-44a0-b2d9-1e6f4212b28a.svg","https://public.flourish.studio/uploads/1447708/28c69406-d4a3-44a0-b2d9-1e6f4212b28a.svg","https://public.flourish.studio/uploads/1447708/01af279a-7cff-47af-99f0-1b12cb044687.svg","https://public.flourish.studio/uploads/1447708/28c69406-d4a3-44a0-b2d9-1e6f4212b28a.svg"
"<a href=""https://declanrjb.github.io/cds-engine/?unitid=228787"">The University of Texas at Dallas (TX)</a>","228787","https://public.flourish.studio/uploads/1447708/01af279a-7cff-47af-99f0-1b12cb044687.svg","https://public.flourish.studio/uploads/1447708/28c69406-d4a3-44a0-b2d9-1e6f4212b28a.svg","https://public.flourish.studio/uploads/1447708/28c69406-d4a3-44a0-b2d9-1e6f4212b28a.svg","https://public.flourish.studio/uploads/1447708/01af279a-7cff-47af-99f0-1b12cb044687.svg","https://public.flourish.studio/uploads/1447708/28c69406-d4a3-44a0-b2d9-1e6f4212b28a.svg"
"<a href=""https://declanrjb.github.io/cds-engine/?unitid=228796"">The University of Texas at El Paso (TX)</a>","228796","https://public.flourish.studio/uploads/1447708/01af279a-7cff-47af-99f0-1b12cb044687.svg","https://public.flourish.studio/uploads/1447708/28c69406-d4a3-44a0-b2d9-1e6f4212b28a.svg","https://public.flourish.studio/uploads/1447708/28c69406-d4a3-44a0-b2d9-1e6f4212b28a.svg","https://public.flourish.studio/uploads/1447708/01af279a-7cff-47af-99f0-1b12cb044687.svg","https://public.flourish.studio/uploads/1447708/01af279a-7cff-47af-99f0-1b12cb044687.svg"
"<a href=""https://declanrjb.github.io/cds-engine/?unitid=228802"">The University of Texas at Tyler (TX)</a>","228802","https://public.flourish.studio/uploads/1447708/01af279a-7cff-47af-99f0-1b12cb044687.svg","https://public.flourish.studio/uploads/1447708/01af279a-7cff-47af-99f0-1b12cb044687.svg","https://public.flourish.studio/uploads/1447708/01af279a-7cff-47af-99f0-1b12cb044687.svg","https://public.flourish.studio/uploads/1447708/01af279a-7cff-47af-99f0-1b12cb044687.svg","https://public.flourish.studio/uploads/1447708/01af279a-7cff-47af-99f0-1b12cb044687.svg"
"<a href=""https://declanrjb.github.io/cds-engine/?unitid=228875"">Texas Christian University (TX)</a>","228875","https://public.flourish.studio/uploads/1447708/01af279a-7cff-47af-99f0-1b12cb044687.svg","https://public.flourish.studio/uploads/1447708/01af279a-7cff-47af-99f0-1b12cb044687.svg","https://public.flourish.studio/uploads/1447708/01af279a-7cff-47af-99f0-1b12cb044687.svg","https://public.flourish.studio/uploads/1447708/01af279a-7cff-47af-99f0-1b12cb044687.svg","https://public.flourish.studio/uploads/1447708/28c69406-d4a3-44a0-b2d9-1e6f4212b28a.svg"
"<a href=""https://declanrjb.github.io/cds-engine/?unitid=229018"">The University of Texas Permian Basin (TX)</a>","229018","https://public.flourish.studio/uploads/1447708/01af279a-7cff-47af-99f0-1b12cb044687.svg","https://public.flourish.studio/uploads/1447708/28c69406-d4a3-44a0-b2d9-1e6f4212b28a.svg","https://public.flourish.studio/uploads/1447708/01af279a-7cff-47af-99f0-1b12cb044687.svg","https://public.flourish.studio/uploads/1447708/01af279a-7cff-47af-99f0-1b12cb044687.svg","https://public.flourish.studio/uploads/1447708/28c69406-d4a3-44a0-b2d9-1e6f4212b28a.svg"
"<a href=""https://declanrjb.github.io/cds-engine/?unitid=229115"">Texas Tech University (TX)</a>","229115","https://public.flourish.studio/uploads/1447708/01af279a-7cff-47af-99f0-1b12cb044687.svg","https://public.flourish.studio/uploads/1447708/01af279a-7cff-47af-99f0-1b12cb044687.svg","https://public.flourish.studio/uploads/1447708/01af279a-7cff-47af-99f0-1b12cb044687.svg","https://public.flourish.studio/uploads/1447708/01af279a-7cff-47af-99f0-1b12cb044687.svg","https://public.flourish.studio/uploads/1447708/28c69406-d4a3-44a0-b2d9-1e6f4212b28a.svg"
"<a href=""https://declanrjb.github.io/cds-engine/?unitid=229267"">Trinity University (TX)</a>","229267","https://public.flourish.studio/uploads/1447708/01af279a-7cff-47af-99f0-1b12cb044687.svg","https://public.flourish.studio/uploads/1447708/01af279a-7cff-47af-99f0-1b12cb044687.svg","https://public.flourish.studio/uploads/1447708/01af279a-7cff-47af-99f0-1b12cb044687.svg","https://public.flourish.studio/uploads/1447708/01af279a-7cff-47af-99f0-1b12cb044687.svg","https://public.flourish.studio/uploads/1447708/28c69406-d4a3-44a0-b2d9-1e6f4212b28a.svg"
"<a href=""https://declanrjb.github.io/cds-engine/?unitid=229814"">West Texas A & M University (TX)</a>","229814","https://public.flourish.studio/uploads/1447708/28c69406-d4a3-44a0-b2d9-1e6f4212b28a.svg","https://public.flourish.studio/uploads/1447708/01af279a-7cff-47af-99f0-1b12cb044687.svg","https://public.flourish.studio/uploads/1447708/01af279a-7cff-47af-99f0-1b12cb044687.svg","https://public.flourish.studio/uploads/1447708/28c69406-d4a3-44a0-b2d9-1e6f4212b28a.svg","https://public.flourish.studio/uploads/1447708/28c69406-d4a3-44a0-b2d9-1e6f4212b28a.svg"
"<a href=""https://declanrjb.github.io/cds-engine/?unitid=230038"">Brigham Young University (UT)</a>","230038","https://public.flourish.studio/uploads/1447708/28c69406-d4a3-44a0-b2d9-1e6f4212b28a.svg","https://public.flourish.studio/uploads/1447708/01af279a-7cff-47af-99f0-1b12cb044687.svg","https://public.flourish.studio/uploads/1447708/01af279a-7cff-47af-99f0-1b12cb044687.svg","https://public.flourish.studio/uploads/1447708/01af279a-7cff-47af-99f0-1b12cb044687.svg","https://public.flourish.studio/uploads/1447708/01af279a-7cff-47af-99f0-1b12cb044687.svg"
"<a href=""https://declanrjb.github.io/cds-engine/?unitid=230603"">Southern Utah University (UT)</a>","230603","https://public.flourish.studio/uploads/1447708/28c69406-d4a3-44a0-b2d9-1e6f4212b28a.svg","https://public.flourish.studio/uploads/1447708/01af279a-7cff-47af-99f0-1b12cb044687.svg","https://public.flourish.studio/uploads/1447708/28c69406-d4a3-44a0-b2d9-1e6f4212b28a.svg","https://public.flourish.studio/uploads/1447708/28c69406-d4a3-44a0-b2d9-1e6f4212b28a.svg","https://public.flourish.studio/uploads/1447708/28c69406-d4a3-44a0-b2d9-1e6f4212b28a.svg"
"<a href=""https://declanrjb.github.io/cds-engine/?unitid=230728"">Utah State University (UT)</a>","230728","https://public.flourish.studio/uploads/1447708/28c69406-d4a3-44a0-b2d9-1e6f4212b28a.svg","https://public.flourish.studio/uploads/1447708/01af279a-7cff-47af-99f0-1b12cb044687.svg","https://public.flourish.studio/uploads/1447708/28c69406-d4a3-44a0-b2d9-1e6f4212b28a.svg","https://public.flourish.studio/uploads/1447708/01af279a-7cff-47af-99f0-1b12cb044687.svg","https://public.flourish.studio/uploads/1447708/28c69406-d4a3-44a0-b2d9-1e6f4212b28a.svg"
"<a href=""https://declanrjb.github.io/cds-engine/?unitid=230737"">Utah Valley University (UT)</a>","230737","https://public.flourish.studio/uploads/1447708/01af279a-7cff-47af-99f0-1b12cb044687.svg","https://public.flourish.studio/uploads/1447708/28c69406-d4a3-44a0-b2d9-1e6f4212b28a.svg","https://public.flourish.studio/uploads/1447708/01af279a-7cff-47af-99f0-1b12cb044687.svg","https://public.flourish.studio/uploads/1447708/01af279a-7cff-47af-99f0-1b12cb044687.svg","https://public.flourish.studio/uploads/1447708/28c69406-d4a3-44a0-b2d9-1e6f4212b28a.svg"
"<a href=""https://declanrjb.github.io/cds-engine/?unitid=230764"">University of Utah (UT)</a>","230764","https://public.flourish.studio/uploads/1447708/01af279a-7cff-47af-99f0-1b12cb044687.svg","https://public.flourish.studio/uploads/1447708/01af279a-7cff-47af-99f0-1b12cb044687.svg","https://public.flourish.studio/uploads/1447708/01af279a-7cff-47af-99f0-1b12cb044687.svg","https://public.flourish.studio/uploads/1447708/01af279a-7cff-47af-99f0-1b12cb044687.svg","https://public.flourish.studio/uploads/1447708/28c69406-d4a3-44a0-b2d9-1e6f4212b28a.svg"
"<a href=""https://declanrjb.github.io/cds-engine/?unitid=230782"">Weber State University (UT)</a>","230782","https://public.flourish.studio/uploads/1447708/28c69406-d4a3-44a0-b2d9-1e6f4212b28a.svg","https://public.flourish.studio/uploads/1447708/28c69406-d4a3-44a0-b2d9-1e6f4212b28a.svg","https://public.flourish.studio/uploads/1447708/28c69406-d4a3-44a0-b2d9-1e6f4212b28a.svg","https://public.flourish.studio/uploads/1447708/28c69406-d4a3-44a0-b2d9-1e6f4212b28a.svg","https://public.flourish.studio/uploads/1447708/01af279a-7cff-47af-99f0-1b12cb044687.svg"
"<a href=""https://declanrjb.github.io/cds-engine/?unitid=230816"">Bennington College (VT)</a>","230816","https://public.flourish.studio/uploads/1447708/01af279a-7cff-47af-99f0-1b12cb044687.svg","https://public.flourish.studio/uploads/1447708/01af279a-7cff-47af-99f0-1b12cb044687.svg","https://public.flourish.studio/uploads/1447708/01af279a-7cff-47af-99f0-1b12cb044687.svg","https://public.flourish.studio/uploads/1447708/01af279a-7cff-47af-99f0-1b12cb044687.svg","https://public.flourish.studio/uploads/1447708/01af279a-7cff-47af-99f0-1b12cb044687.svg"
"<a href=""https://declanrjb.github.io/cds-engine/?unitid=230889"">NA (NA)</a>","230889","https://public.flourish.studio/uploads/1447708/28c69406-d4a3-44a0-b2d9-1e6f4212b28a.svg","https://public.flourish.studio/uploads/1447708/28c69406-d4a3-44a0-b2d9-1e6f4212b28a.svg","https://public.flourish.studio/uploads/1447708/28c69406-d4a3-44a0-b2d9-1e6f4212b28a.svg","https://public.flourish.studio/uploads/1447708/28c69406-d4a3-44a0-b2d9-1e6f4212b28a.svg","https://public.flourish.studio/uploads/1447708/01af279a-7cff-47af-99f0-1b12cb044687.svg"
"<a href=""https://declanrjb.github.io/cds-engine/?unitid=230959"">Middlebury College (VT)</a>","230959","https://public.flourish.studio/uploads/1447708/01af279a-7cff-47af-99f0-1b12cb044687.svg","https://public.flourish.studio/uploads/1447708/01af279a-7cff-47af-99f0-1b12cb044687.svg","https://public.flourish.studio/uploads/1447708/01af279a-7cff-47af-99f0-1b12cb044687.svg","https://public.flourish.studio/uploads/1447708/01af279a-7cff-47af-99f0-1b12cb044687.svg","https://public.flourish.studio/uploads/1447708/28c69406-d4a3-44a0-b2d9-1e6f4212b28a.svg"
"<a href=""https://declanrjb.github.io/cds-engine/?unitid=230995"">Norwich University (VT)</a>","230995","https://public.flourish.studio/uploads/1447708/01af279a-7cff-47af-99f0-1b12cb044687.svg","https://public.flourish.studio/uploads/1447708/01af279a-7cff-47af-99f0-1b12cb044687.svg","https://public.flourish.studio/uploads/1447708/28c69406-d4a3-44a0-b2d9-1e6f4212b28a.svg","https://public.flourish.studio/uploads/1447708/28c69406-d4a3-44a0-b2d9-1e6f4212b28a.svg","https://public.flourish.studio/uploads/1447708/28c69406-d4a3-44a0-b2d9-1e6f4212b28a.svg"
"<a href=""https://declanrjb.github.io/cds-engine/?unitid=231059"">Saint Michael's College (VT)</a>","231059","https://public.flourish.studio/uploads/1447708/01af279a-7cff-47af-99f0-1b12cb044687.svg","https://public.flourish.studio/uploads/1447708/01af279a-7cff-47af-99f0-1b12cb044687.svg","https://public.flourish.studio/uploads/1447708/01af279a-7cff-47af-99f0-1b12cb044687.svg","https://public.flourish.studio/uploads/1447708/01af279a-7cff-47af-99f0-1b12cb044687.svg","https://public.flourish.studio/uploads/1447708/01af279a-7cff-47af-99f0-1b12cb044687.svg"
"<a href=""https://declanrjb.github.io/cds-engine/?unitid=231174"">University of Vermont (VT)</a>","231174","https://public.flourish.studio/uploads/1447708/01af279a-7cff-47af-99f0-1b12cb044687.svg","https://public.flourish.studio/uploads/1447708/01af279a-7cff-47af-99f0-1b12cb044687.svg","https://public.flourish.studio/uploads/1447708/01af279a-7cff-47af-99f0-1b12cb044687.svg","https://public.flourish.studio/uploads/1447708/01af279a-7cff-47af-99f0-1b12cb044687.svg","https://public.flourish.studio/uploads/1447708/01af279a-7cff-47af-99f0-1b12cb044687.svg"
"<a href=""https://declanrjb.github.io/cds-engine/?unitid=231624"">William & Mary (VA)</a>","231624","https://public.flourish.studio/uploads/1447708/01af279a-7cff-47af-99f0-1b12cb044687.svg","https://public.flourish.studio/uploads/1447708/28c69406-d4a3-44a0-b2d9-1e6f4212b28a.svg","https://public.flourish.studio/uploads/1447708/28c69406-d4a3-44a0-b2d9-1e6f4212b28a.svg","https://public.flourish.studio/uploads/1447708/01af279a-7cff-47af-99f0-1b12cb044687.svg","https://public.flourish.studio/uploads/1447708/01af279a-7cff-47af-99f0-1b12cb044687.svg"
"<a href=""https://declanrjb.github.io/cds-engine/?unitid=231651"">Regent University (VA)</a>","231651","https://public.flourish.studio/uploads/1447708/28c69406-d4a3-44a0-b2d9-1e6f4212b28a.svg","https://public.flourish.studio/uploads/1447708/01af279a-7cff-47af-99f0-1b12cb044687.svg","https://public.flourish.studio/uploads/1447708/28c69406-d4a3-44a0-b2d9-1e6f4212b28a.svg","https://public.flourish.studio/uploads/1447708/28c69406-d4a3-44a0-b2d9-1e6f4212b28a.svg","https://public.flourish.studio/uploads/1447708/28c69406-d4a3-44a0-b2d9-1e6f4212b28a.svg"
"<a href=""https://declanrjb.github.io/cds-engine/?unitid=231712"">Christopher Newport University (VA)</a>","231712","https://public.flourish.studio/uploads/1447708/01af279a-7cff-47af-99f0-1b12cb044687.svg","https://public.flourish.studio/uploads/1447708/01af279a-7cff-47af-99f0-1b12cb044687.svg","https://public.flourish.studio/uploads/1447708/28c69406-d4a3-44a0-b2d9-1e6f4212b28a.svg","https://public.flourish.studio/uploads/1447708/01af279a-7cff-47af-99f0-1b12cb044687.svg","https://public.flourish.studio/uploads/1447708/28c69406-d4a3-44a0-b2d9-1e6f4212b28a.svg"
"<a href=""https://declanrjb.github.io/cds-engine/?unitid=232043"">Eastern Mennonite University (VA)</a>","232043","https://public.flourish.studio/uploads/1447708/28c69406-d4a3-44a0-b2d9-1e6f4212b28a.svg","https://public.flourish.studio/uploads/1447708/28c69406-d4a3-44a0-b2d9-1e6f4212b28a.svg","https://public.flourish.studio/uploads/1447708/01af279a-7cff-47af-99f0-1b12cb044687.svg","https://public.flourish.studio/uploads/1447708/01af279a-7cff-47af-99f0-1b12cb044687.svg","https://public.flourish.studio/uploads/1447708/01af279a-7cff-47af-99f0-1b12cb044687.svg"
"<a href=""https://declanrjb.github.io/cds-engine/?unitid=232186"">George Mason University (VA)</a>","232186","https://public.flourish.studio/uploads/1447708/28c69406-d4a3-44a0-b2d9-1e6f4212b28a.svg","https://public.flourish.studio/uploads/1447708/28c69406-d4a3-44a0-b2d9-1e6f4212b28a.svg","https://public.flourish.studio/uploads/1447708/28c69406-d4a3-44a0-b2d9-1e6f4212b28a.svg","https://public.flourish.studio/uploads/1447708/01af279a-7cff-47af-99f0-1b12cb044687.svg","https://public.flourish.studio/uploads/1447708/28c69406-d4a3-44a0-b2d9-1e6f4212b28a.svg"
"<a href=""https://declanrjb.github.io/cds-engine/?unitid=232423"">James Madison University (VA)</a>","232423","https://public.flourish.studio/uploads/1447708/01af279a-7cff-47af-99f0-1b12cb044687.svg","https://public.flourish.studio/uploads/1447708/01af279a-7cff-47af-99f0-1b12cb044687.svg","https://public.flourish.studio/uploads/1447708/01af279a-7cff-47af-99f0-1b12cb044687.svg","https://public.flourish.studio/uploads/1447708/01af279a-7cff-47af-99f0-1b12cb044687.svg","https://public.flourish.studio/uploads/1447708/28c69406-d4a3-44a0-b2d9-1e6f4212b28a.svg"
"<a href=""https://declanrjb.github.io/cds-engine/?unitid=232681"">University of Mary Washington (VA)</a>","232681","https://public.flourish.studio/uploads/1447708/28c69406-d4a3-44a0-b2d9-1e6f4212b28a.svg","https://public.flourish.studio/uploads/1447708/01af279a-7cff-47af-99f0-1b12cb044687.svg","https://public.flourish.studio/uploads/1447708/01af279a-7cff-47af-99f0-1b12cb044687.svg","https://public.flourish.studio/uploads/1447708/01af279a-7cff-47af-99f0-1b12cb044687.svg","https://public.flourish.studio/uploads/1447708/28c69406-d4a3-44a0-b2d9-1e6f4212b28a.svg"
"<a href=""https://declanrjb.github.io/cds-engine/?unitid=232706"">Marymount University (VA)</a>","232706","https://public.flourish.studio/uploads/1447708/01af279a-7cff-47af-99f0-1b12cb044687.svg","https://public.flourish.studio/uploads/1447708/01af279a-7cff-47af-99f0-1b12cb044687.svg","https://public.flourish.studio/uploads/1447708/01af279a-7cff-47af-99f0-1b12cb044687.svg","https://public.flourish.studio/uploads/1447708/28c69406-d4a3-44a0-b2d9-1e6f4212b28a.svg","https://public.flourish.studio/uploads/1447708/28c69406-d4a3-44a0-b2d9-1e6f4212b28a.svg"
"<a href=""https://declanrjb.github.io/cds-engine/?unitid=232982"">Old Dominion University (VA)</a>","232982","https://public.flourish.studio/uploads/1447708/28c69406-d4a3-44a0-b2d9-1e6f4212b28a.svg","https://public.flourish.studio/uploads/1447708/28c69406-d4a3-44a0-b2d9-1e6f4212b28a.svg","https://public.flourish.studio/uploads/1447708/28c69406-d4a3-44a0-b2d9-1e6f4212b28a.svg","https://public.flourish.studio/uploads/1447708/01af279a-7cff-47af-99f0-1b12cb044687.svg","https://public.flourish.studio/uploads/1447708/01af279a-7cff-47af-99f0-1b12cb044687.svg"
"<a href=""https://declanrjb.github.io/cds-engine/?unitid=233277"">Radford University (VA)</a>","233277","https://public.flourish.studio/uploads/1447708/01af279a-7cff-47af-99f0-1b12cb044687.svg","https://public.flourish.studio/uploads/1447708/01af279a-7cff-47af-99f0-1b12cb044687.svg","https://public.flourish.studio/uploads/1447708/01af279a-7cff-47af-99f0-1b12cb044687.svg","https://public.flourish.studio/uploads/1447708/01af279a-7cff-47af-99f0-1b12cb044687.svg","https://public.flourish.studio/uploads/1447708/01af279a-7cff-47af-99f0-1b12cb044687.svg"
"<a href=""https://declanrjb.github.io/cds-engine/?unitid=233374"">University of Richmond (VA)</a>","233374","https://public.flourish.studio/uploads/1447708/01af279a-7cff-47af-99f0-1b12cb044687.svg","https://public.flourish.studio/uploads/1447708/01af279a-7cff-47af-99f0-1b12cb044687.svg","https://public.flourish.studio/uploads/1447708/01af279a-7cff-47af-99f0-1b12cb044687.svg","https://public.flourish.studio/uploads/1447708/01af279a-7cff-47af-99f0-1b12cb044687.svg","https://public.flourish.studio/uploads/1447708/28c69406-d4a3-44a0-b2d9-1e6f4212b28a.svg"
"<a href=""https://declanrjb.github.io/cds-engine/?unitid=233541"">Shenandoah University (VA)</a>","233541","https://public.flourish.studio/uploads/1447708/01af279a-7cff-47af-99f0-1b12cb044687.svg","https://public.flourish.studio/uploads/1447708/28c69406-d4a3-44a0-b2d9-1e6f4212b28a.svg","https://public.flourish.studio/uploads/1447708/28c69406-d4a3-44a0-b2d9-1e6f4212b28a.svg","https://public.flourish.studio/uploads/1447708/01af279a-7cff-47af-99f0-1b12cb044687.svg","https://public.flourish.studio/uploads/1447708/28c69406-d4a3-44a0-b2d9-1e6f4212b28a.svg"
"<a href=""https://declanrjb.github.io/cds-engine/?unitid=233718"">Sweet Briar College (VA)</a>","233718","https://public.flourish.studio/uploads/1447708/28c69406-d4a3-44a0-b2d9-1e6f4212b28a.svg","https://public.flourish.studio/uploads/1447708/01af279a-7cff-47af-99f0-1b12cb044687.svg","https://public.flourish.studio/uploads/1447708/28c69406-d4a3-44a0-b2d9-1e6f4212b28a.svg","https://public.flourish.studio/uploads/1447708/28c69406-d4a3-44a0-b2d9-1e6f4212b28a.svg","https://public.flourish.studio/uploads/1447708/28c69406-d4a3-44a0-b2d9-1e6f4212b28a.svg"
"<a href=""https://declanrjb.github.io/cds-engine/?unitid=233897"">University of Virginia's College at Wis...</a>","233897","https://public.flourish.studio/uploads/1447708/01af279a-7cff-47af-99f0-1b12cb044687.svg","https://public.flourish.studio/uploads/1447708/01af279a-7cff-47af-99f0-1b12cb044687.svg","https://public.flourish.studio/uploads/1447708/01af279a-7cff-47af-99f0-1b12cb044687.svg","https://public.flourish.studio/uploads/1447708/28c69406-d4a3-44a0-b2d9-1e6f4212b28a.svg","https://public.flourish.studio/uploads/1447708/28c69406-d4a3-44a0-b2d9-1e6f4212b28a.svg"
"<a href=""https://declanrjb.github.io/cds-engine/?unitid=233921"">Virginia Polytechnic Institute and Stat...</a>","233921","https://public.flourish.studio/uploads/1447708/28c69406-d4a3-44a0-b2d9-1e6f4212b28a.svg","https://public.flourish.studio/uploads/1447708/28c69406-d4a3-44a0-b2d9-1e6f4212b28a.svg","https://public.flourish.studio/uploads/1447708/01af279a-7cff-47af-99f0-1b12cb044687.svg","https://public.flourish.studio/uploads/1447708/28c69406-d4a3-44a0-b2d9-1e6f4212b28a.svg","https://public.flourish.studio/uploads/1447708/28c69406-d4a3-44a0-b2d9-1e6f4212b28a.svg"
"<a href=""https://declanrjb.github.io/cds-engine/?unitid=234030"">Virginia Commonwealth University (VA)</a>","234030","https://public.flourish.studio/uploads/1447708/01af279a-7cff-47af-99f0-1b12cb044687.svg","https://public.flourish.studio/uploads/1447708/01af279a-7cff-47af-99f0-1b12cb044687.svg","https://public.flourish.studio/uploads/1447708/01af279a-7cff-47af-99f0-1b12cb044687.svg","https://public.flourish.studio/uploads/1447708/01af279a-7cff-47af-99f0-1b12cb044687.svg","https://public.flourish.studio/uploads/1447708/28c69406-d4a3-44a0-b2d9-1e6f4212b28a.svg"
"<a href=""https://declanrjb.github.io/cds-engine/?unitid=234076"">University of Virginia-Main Campus (VA)</a>","234076","https://public.flourish.studio/uploads/1447708/28c69406-d4a3-44a0-b2d9-1e6f4212b28a.svg","https://public.flourish.studio/uploads/1447708/01af279a-7cff-47af-99f0-1b12cb044687.svg","https://public.flourish.studio/uploads/1447708/01af279a-7cff-47af-99f0-1b12cb044687.svg","https://public.flourish.studio/uploads/1447708/01af279a-7cff-47af-99f0-1b12cb044687.svg","https://public.flourish.studio/uploads/1447708/28c69406-d4a3-44a0-b2d9-1e6f4212b28a.svg"
"<a href=""https://declanrjb.github.io/cds-engine/?unitid=234085"">Virginia Military Institute (VA)</a>","234085","https://public.flourish.studio/uploads/1447708/01af279a-7cff-47af-99f0-1b12cb044687.svg","https://public.flourish.studio/uploads/1447708/01af279a-7cff-47af-99f0-1b12cb044687.svg","https://public.flourish.studio/uploads/1447708/01af279a-7cff-47af-99f0-1b12cb044687.svg","https://public.flourish.studio/uploads/1447708/01af279a-7cff-47af-99f0-1b12cb044687.svg","https://public.flourish.studio/uploads/1447708/01af279a-7cff-47af-99f0-1b12cb044687.svg"
"<a href=""https://declanrjb.github.io/cds-engine/?unitid=234155"">Virginia State University (VA)</a>","234155","https://public.flourish.studio/uploads/1447708/28c69406-d4a3-44a0-b2d9-1e6f4212b28a.svg","https://public.flourish.studio/uploads/1447708/28c69406-d4a3-44a0-b2d9-1e6f4212b28a.svg","https://public.flourish.studio/uploads/1447708/28c69406-d4a3-44a0-b2d9-1e6f4212b28a.svg","https://public.flourish.studio/uploads/1447708/28c69406-d4a3-44a0-b2d9-1e6f4212b28a.svg","https://public.flourish.studio/uploads/1447708/01af279a-7cff-47af-99f0-1b12cb044687.svg"
"<a href=""https://declanrjb.github.io/cds-engine/?unitid=234207"">Washington and Lee University (VA)</a>","234207","https://public.flourish.studio/uploads/1447708/01af279a-7cff-47af-99f0-1b12cb044687.svg","https://public.flourish.studio/uploads/1447708/01af279a-7cff-47af-99f0-1b12cb044687.svg","https://public.flourish.studio/uploads/1447708/01af279a-7cff-47af-99f0-1b12cb044687.svg","https://public.flourish.studio/uploads/1447708/01af279a-7cff-47af-99f0-1b12cb044687.svg","https://public.flourish.studio/uploads/1447708/01af279a-7cff-47af-99f0-1b12cb044687.svg"
"<a href=""https://declanrjb.github.io/cds-engine/?unitid=234827"">Central Washington University (WA)</a>","234827","https://public.flourish.studio/uploads/1447708/01af279a-7cff-47af-99f0-1b12cb044687.svg","https://public.flourish.studio/uploads/1447708/28c69406-d4a3-44a0-b2d9-1e6f4212b28a.svg","https://public.flourish.studio/uploads/1447708/01af279a-7cff-47af-99f0-1b12cb044687.svg","https://public.flourish.studio/uploads/1447708/01af279a-7cff-47af-99f0-1b12cb044687.svg","https://public.flourish.studio/uploads/1447708/28c69406-d4a3-44a0-b2d9-1e6f4212b28a.svg"
"<a href=""https://declanrjb.github.io/cds-engine/?unitid=235097"">Eastern Washington University (WA)</a>","235097","https://public.flourish.studio/uploads/1447708/01af279a-7cff-47af-99f0-1b12cb044687.svg","https://public.flourish.studio/uploads/1447708/01af279a-7cff-47af-99f0-1b12cb044687.svg","https://public.flourish.studio/uploads/1447708/01af279a-7cff-47af-99f0-1b12cb044687.svg","https://public.flourish.studio/uploads/1447708/01af279a-7cff-47af-99f0-1b12cb044687.svg","https://public.flourish.studio/uploads/1447708/01af279a-7cff-47af-99f0-1b12cb044687.svg"
"<a href=""https://declanrjb.github.io/cds-engine/?unitid=235167"">The Evergreen State College (WA)</a>","235167","https://public.flourish.studio/uploads/1447708/28c69406-d4a3-44a0-b2d9-1e6f4212b28a.svg","https://public.flourish.studio/uploads/1447708/01af279a-7cff-47af-99f0-1b12cb044687.svg","https://public.flourish.studio/uploads/1447708/28c69406-d4a3-44a0-b2d9-1e6f4212b28a.svg","https://public.flourish.studio/uploads/1447708/01af279a-7cff-47af-99f0-1b12cb044687.svg","https://public.flourish.studio/uploads/1447708/28c69406-d4a3-44a0-b2d9-1e6f4212b28a.svg"
"<a href=""https://declanrjb.github.io/cds-engine/?unitid=235316"">Gonzaga University (WA)</a>","235316","https://public.flourish.studio/uploads/1447708/01af279a-7cff-47af-99f0-1b12cb044687.svg","https://public.flourish.studio/uploads/1447708/01af279a-7cff-47af-99f0-1b12cb044687.svg","https://public.flourish.studio/uploads/1447708/01af279a-7cff-47af-99f0-1b12cb044687.svg","https://public.flourish.studio/uploads/1447708/01af279a-7cff-47af-99f0-1b12cb044687.svg","https://public.flourish.studio/uploads/1447708/28c69406-d4a3-44a0-b2d9-1e6f4212b28a.svg"
"<a href=""https://declanrjb.github.io/cds-engine/?unitid=236133"">Northwest University (WA)</a>","236133","https://public.flourish.studio/uploads/1447708/28c69406-d4a3-44a0-b2d9-1e6f4212b28a.svg","https://public.flourish.studio/uploads/1447708/01af279a-7cff-47af-99f0-1b12cb044687.svg","https://public.flourish.studio/uploads/1447708/28c69406-d4a3-44a0-b2d9-1e6f4212b28a.svg","https://public.flourish.studio/uploads/1447708/01af279a-7cff-47af-99f0-1b12cb044687.svg","https://public.flourish.studio/uploads/1447708/28c69406-d4a3-44a0-b2d9-1e6f4212b28a.svg"
"<a href=""https://declanrjb.github.io/cds-engine/?unitid=236230"">Pacific Lutheran University (WA)</a>","236230","https://public.flourish.studio/uploads/1447708/28c69406-d4a3-44a0-b2d9-1e6f4212b28a.svg","https://public.flourish.studio/uploads/1447708/28c69406-d4a3-44a0-b2d9-1e6f4212b28a.svg","https://public.flourish.studio/uploads/1447708/28c69406-d4a3-44a0-b2d9-1e6f4212b28a.svg","https://public.flourish.studio/uploads/1447708/01af279a-7cff-47af-99f0-1b12cb044687.svg","https://public.flourish.studio/uploads/1447708/28c69406-d4a3-44a0-b2d9-1e6f4212b28a.svg"
"<a href=""https://declanrjb.github.io/cds-engine/?unitid=236328"">University of Puget Sound (WA)</a>","236328","https://public.flourish.studio/uploads/1447708/01af279a-7cff-47af-99f0-1b12cb044687.svg","https://public.flourish.studio/uploads/1447708/01af279a-7cff-47af-99f0-1b12cb044687.svg","https://public.flourish.studio/uploads/1447708/01af279a-7cff-47af-99f0-1b12cb044687.svg","https://public.flourish.studio/uploads/1447708/01af279a-7cff-47af-99f0-1b12cb044687.svg","https://public.flourish.studio/uploads/1447708/28c69406-d4a3-44a0-b2d9-1e6f4212b28a.svg"
"<a href=""https://declanrjb.github.io/cds-engine/?unitid=236452"">Saint Martin's University (WA)</a>","236452","https://public.flourish.studio/uploads/1447708/01af279a-7cff-47af-99f0-1b12cb044687.svg","https://public.flourish.studio/uploads/1447708/28c69406-d4a3-44a0-b2d9-1e6f4212b28a.svg","https://public.flourish.studio/uploads/1447708/28c69406-d4a3-44a0-b2d9-1e6f4212b28a.svg","https://public.flourish.studio/uploads/1447708/28c69406-d4a3-44a0-b2d9-1e6f4212b28a.svg","https://public.flourish.studio/uploads/1447708/01af279a-7cff-47af-99f0-1b12cb044687.svg"
"<a href=""https://declanrjb.github.io/cds-engine/?unitid=236896"">Walla Walla University (WA)</a>","236896","https://public.flourish.studio/uploads/1447708/01af279a-7cff-47af-99f0-1b12cb044687.svg","https://public.flourish.studio/uploads/1447708/28c69406-d4a3-44a0-b2d9-1e6f4212b28a.svg","https://public.flourish.studio/uploads/1447708/01af279a-7cff-47af-99f0-1b12cb044687.svg","https://public.flourish.studio/uploads/1447708/28c69406-d4a3-44a0-b2d9-1e6f4212b28a.svg","https://public.flourish.studio/uploads/1447708/28c69406-d4a3-44a0-b2d9-1e6f4212b28a.svg"
"<a href=""https://declanrjb.github.io/cds-engine/?unitid=236939"">Washington State University (WA)</a>","236939","https://public.flourish.studio/uploads/1447708/28c69406-d4a3-44a0-b2d9-1e6f4212b28a.svg","https://public.flourish.studio/uploads/1447708/01af279a-7cff-47af-99f0-1b12cb044687.svg","https://public.flourish.studio/uploads/1447708/28c69406-d4a3-44a0-b2d9-1e6f4212b28a.svg","https://public.flourish.studio/uploads/1447708/28c69406-d4a3-44a0-b2d9-1e6f4212b28a.svg","https://public.flourish.studio/uploads/1447708/01af279a-7cff-47af-99f0-1b12cb044687.svg"
"<a href=""https://declanrjb.github.io/cds-engine/?unitid=236948"">University of Washington-Seattle Campus...</a>","236948","https://public.flourish.studio/uploads/1447708/28c69406-d4a3-44a0-b2d9-1e6f4212b28a.svg","https://public.flourish.studio/uploads/1447708/28c69406-d4a3-44a0-b2d9-1e6f4212b28a.svg","https://public.flourish.studio/uploads/1447708/28c69406-d4a3-44a0-b2d9-1e6f4212b28a.svg","https://public.flourish.studio/uploads/1447708/01af279a-7cff-47af-99f0-1b12cb044687.svg","https://public.flourish.studio/uploads/1447708/01af279a-7cff-47af-99f0-1b12cb044687.svg"
"<a href=""https://declanrjb.github.io/cds-engine/?unitid=237011"">Western Washington University (WA)</a>","237011","https://public.flourish.studio/uploads/1447708/28c69406-d4a3-44a0-b2d9-1e6f4212b28a.svg","https://public.flourish.studio/uploads/1447708/01af279a-7cff-47af-99f0-1b12cb044687.svg","https://public.flourish.studio/uploads/1447708/28c69406-d4a3-44a0-b2d9-1e6f4212b28a.svg","https://public.flourish.studio/uploads/1447708/01af279a-7cff-47af-99f0-1b12cb044687.svg","https://public.flourish.studio/uploads/1447708/01af279a-7cff-47af-99f0-1b12cb044687.svg"
"<a href=""https://declanrjb.github.io/cds-engine/?unitid=237057"">Whitman College (WA)</a>","237057","https://public.flourish.studio/uploads/1447708/01af279a-7cff-47af-99f0-1b12cb044687.svg","https://public.flourish.studio/uploads/1447708/01af279a-7cff-47af-99f0-1b12cb044687.svg","https://public.flourish.studio/uploads/1447708/01af279a-7cff-47af-99f0-1b12cb044687.svg","https://public.flourish.studio/uploads/1447708/01af279a-7cff-47af-99f0-1b12cb044687.svg","https://public.flourish.studio/uploads/1447708/28c69406-d4a3-44a0-b2d9-1e6f4212b28a.svg"
"<a href=""https://declanrjb.github.io/cds-engine/?unitid=237330"">Concord University (WV)</a>","237330","https://public.flourish.studio/uploads/1447708/28c69406-d4a3-44a0-b2d9-1e6f4212b28a.svg","https://public.flourish.studio/uploads/1447708/28c69406-d4a3-44a0-b2d9-1e6f4212b28a.svg","https://public.flourish.studio/uploads/1447708/28c69406-d4a3-44a0-b2d9-1e6f4212b28a.svg","https://public.flourish.studio/uploads/1447708/01af279a-7cff-47af-99f0-1b12cb044687.svg","https://public.flourish.studio/uploads/1447708/01af279a-7cff-47af-99f0-1b12cb044687.svg"
"<a href=""https://declanrjb.github.io/cds-engine/?unitid=237525"">Marshall University (WV)</a>","237525","https://public.flourish.studio/uploads/1447708/01af279a-7cff-47af-99f0-1b12cb044687.svg","https://public.flourish.studio/uploads/1447708/01af279a-7cff-47af-99f0-1b12cb044687.svg","https://public.flourish.studio/uploads/1447708/01af279a-7cff-47af-99f0-1b12cb044687.svg","https://public.flourish.studio/uploads/1447708/01af279a-7cff-47af-99f0-1b12cb044687.svg","https://public.flourish.studio/uploads/1447708/01af279a-7cff-47af-99f0-1b12cb044687.svg"
"<a href=""https://declanrjb.github.io/cds-engine/?unitid=238032"">West Virginia University (WV)</a>","238032","https://public.flourish.studio/uploads/1447708/28c69406-d4a3-44a0-b2d9-1e6f4212b28a.svg","https://public.flourish.studio/uploads/1447708/28c69406-d4a3-44a0-b2d9-1e6f4212b28a.svg","https://public.flourish.studio/uploads/1447708/01af279a-7cff-47af-99f0-1b12cb044687.svg","https://public.flourish.studio/uploads/1447708/01af279a-7cff-47af-99f0-1b12cb044687.svg","https://public.flourish.studio/uploads/1447708/28c69406-d4a3-44a0-b2d9-1e6f4212b28a.svg"
"<a href=""https://declanrjb.github.io/cds-engine/?unitid=238333"">Beloit College (WI)</a>","238333","https://public.flourish.studio/uploads/1447708/01af279a-7cff-47af-99f0-1b12cb044687.svg","https://public.flourish.studio/uploads/1447708/01af279a-7cff-47af-99f0-1b12cb044687.svg","https://public.flourish.studio/uploads/1447708/01af279a-7cff-47af-99f0-1b12cb044687.svg","https://public.flourish.studio/uploads/1447708/01af279a-7cff-47af-99f0-1b12cb044687.svg","https://public.flourish.studio/uploads/1447708/28c69406-d4a3-44a0-b2d9-1e6f4212b28a.svg"
"<a href=""https://declanrjb.github.io/cds-engine/?unitid=238476"">Carthage College (WI)</a>","238476","https://public.flourish.studio/uploads/1447708/28c69406-d4a3-44a0-b2d9-1e6f4212b28a.svg","https://public.flourish.studio/uploads/1447708/01af279a-7cff-47af-99f0-1b12cb044687.svg","https://public.flourish.studio/uploads/1447708/01af279a-7cff-47af-99f0-1b12cb044687.svg","https://public.flourish.studio/uploads/1447708/28c69406-d4a3-44a0-b2d9-1e6f4212b28a.svg","https://public.flourish.studio/uploads/1447708/28c69406-d4a3-44a0-b2d9-1e6f4212b28a.svg"
"<a href=""https://declanrjb.github.io/cds-engine/?unitid=239017"">Lawrence University (WI)</a>","239017","https://public.flourish.studio/uploads/1447708/01af279a-7cff-47af-99f0-1b12cb044687.svg","https://public.flourish.studio/uploads/1447708/01af279a-7cff-47af-99f0-1b12cb044687.svg","https://public.flourish.studio/uploads/1447708/01af279a-7cff-47af-99f0-1b12cb044687.svg","https://public.flourish.studio/uploads/1447708/01af279a-7cff-47af-99f0-1b12cb044687.svg","https://public.flourish.studio/uploads/1447708/28c69406-d4a3-44a0-b2d9-1e6f4212b28a.svg"
"<a href=""https://declanrjb.github.io/cds-engine/?unitid=239105"">Marquette University (WI)</a>","239105","https://public.flourish.studio/uploads/1447708/01af279a-7cff-47af-99f0-1b12cb044687.svg","https://public.flourish.studio/uploads/1447708/01af279a-7cff-47af-99f0-1b12cb044687.svg","https://public.flourish.studio/uploads/1447708/01af279a-7cff-47af-99f0-1b12cb044687.svg","https://public.flourish.studio/uploads/1447708/01af279a-7cff-47af-99f0-1b12cb044687.svg","https://public.flourish.studio/uploads/1447708/28c69406-d4a3-44a0-b2d9-1e6f4212b28a.svg"
"<a href=""https://declanrjb.github.io/cds-engine/?unitid=239318"">Milwaukee School of Engineering (WI)</a>","239318","https://public.flourish.studio/uploads/1447708/01af279a-7cff-47af-99f0-1b12cb044687.svg","https://public.flourish.studio/uploads/1447708/01af279a-7cff-47af-99f0-1b12cb044687.svg","https://public.flourish.studio/uploads/1447708/01af279a-7cff-47af-99f0-1b12cb044687.svg","https://public.flourish.studio/uploads/1447708/01af279a-7cff-47af-99f0-1b12cb044687.svg","https://public.flourish.studio/uploads/1447708/28c69406-d4a3-44a0-b2d9-1e6f4212b28a.svg"
"<a href=""https://declanrjb.github.io/cds-engine/?unitid=240107"">Viterbo University (WI)</a>","240107","https://public.flourish.studio/uploads/1447708/01af279a-7cff-47af-99f0-1b12cb044687.svg","https://public.flourish.studio/uploads/1447708/28c69406-d4a3-44a0-b2d9-1e6f4212b28a.svg","https://public.flourish.studio/uploads/1447708/01af279a-7cff-47af-99f0-1b12cb044687.svg","https://public.flourish.studio/uploads/1447708/28c69406-d4a3-44a0-b2d9-1e6f4212b28a.svg","https://public.flourish.studio/uploads/1447708/01af279a-7cff-47af-99f0-1b12cb044687.svg"
"<a href=""https://declanrjb.github.io/cds-engine/?unitid=240189"">University of Wisconsin-Whitewater (WI)</a>","240189","https://public.flourish.studio/uploads/1447708/01af279a-7cff-47af-99f0-1b12cb044687.svg","https://public.flourish.studio/uploads/1447708/28c69406-d4a3-44a0-b2d9-1e6f4212b28a.svg","https://public.flourish.studio/uploads/1447708/28c69406-d4a3-44a0-b2d9-1e6f4212b28a.svg","https://public.flourish.studio/uploads/1447708/28c69406-d4a3-44a0-b2d9-1e6f4212b28a.svg","https://public.flourish.studio/uploads/1447708/28c69406-d4a3-44a0-b2d9-1e6f4212b28a.svg"
"<a href=""https://declanrjb.github.io/cds-engine/?unitid=240268"">University of Wisconsin-Eau Claire (WI)</a>","240268","https://public.flourish.studio/uploads/1447708/01af279a-7cff-47af-99f0-1b12cb044687.svg","https://public.flourish.studio/uploads/1447708/01af279a-7cff-47af-99f0-1b12cb044687.svg","https://public.flourish.studio/uploads/1447708/28c69406-d4a3-44a0-b2d9-1e6f4212b28a.svg","https://public.flourish.studio/uploads/1447708/01af279a-7cff-47af-99f0-1b12cb044687.svg","https://public.flourish.studio/uploads/1447708/01af279a-7cff-47af-99f0-1b12cb044687.svg"
"<a href=""https://declanrjb.github.io/cds-engine/?unitid=240277"">University of Wisconsin-Green Bay (WI)</a>","240277","https://public.flourish.studio/uploads/1447708/01af279a-7cff-47af-99f0-1b12cb044687.svg","https://public.flourish.studio/uploads/1447708/01af279a-7cff-47af-99f0-1b12cb044687.svg","https://public.flourish.studio/uploads/1447708/01af279a-7cff-47af-99f0-1b12cb044687.svg","https://public.flourish.studio/uploads/1447708/01af279a-7cff-47af-99f0-1b12cb044687.svg","https://public.flourish.studio/uploads/1447708/28c69406-d4a3-44a0-b2d9-1e6f4212b28a.svg"
"<a href=""https://declanrjb.github.io/cds-engine/?unitid=240329"">University of Wisconsin-La Crosse (WI)</a>","240329","https://public.flourish.studio/uploads/1447708/01af279a-7cff-47af-99f0-1b12cb044687.svg","https://public.flourish.studio/uploads/1447708/01af279a-7cff-47af-99f0-1b12cb044687.svg","https://public.flourish.studio/uploads/1447708/28c69406-d4a3-44a0-b2d9-1e6f4212b28a.svg","https://public.flourish.studio/uploads/1447708/28c69406-d4a3-44a0-b2d9-1e6f4212b28a.svg","https://public.flourish.studio/uploads/1447708/28c69406-d4a3-44a0-b2d9-1e6f4212b28a.svg"
"<a href=""https://declanrjb.github.io/cds-engine/?unitid=240365"">University of Wisconsin-Oshkosh (WI)</a>","240365","https://public.flourish.studio/uploads/1447708/01af279a-7cff-47af-99f0-1b12cb044687.svg","https://public.flourish.studio/uploads/1447708/01af279a-7cff-47af-99f0-1b12cb044687.svg","https://public.flourish.studio/uploads/1447708/28c69406-d4a3-44a0-b2d9-1e6f4212b28a.svg","https://public.flourish.studio/uploads/1447708/28c69406-d4a3-44a0-b2d9-1e6f4212b28a.svg","https://public.flourish.studio/uploads/1447708/28c69406-d4a3-44a0-b2d9-1e6f4212b28a.svg"
"<a href=""https://declanrjb.github.io/cds-engine/?unitid=240444"">University of Wisconsin-Madison (WI)</a>","240444","https://public.flourish.studio/uploads/1447708/01af279a-7cff-47af-99f0-1b12cb044687.svg","https://public.flourish.studio/uploads/1447708/01af279a-7cff-47af-99f0-1b12cb044687.svg","https://public.flourish.studio/uploads/1447708/01af279a-7cff-47af-99f0-1b12cb044687.svg","https://public.flourish.studio/uploads/1447708/01af279a-7cff-47af-99f0-1b12cb044687.svg","https://public.flourish.studio/uploads/1447708/28c69406-d4a3-44a0-b2d9-1e6f4212b28a.svg"
"<a href=""https://declanrjb.github.io/cds-engine/?unitid=240453"">University of Wisconsin-Milwaukee (WI)</a>","240453","https://public.flourish.studio/uploads/1447708/01af279a-7cff-47af-99f0-1b12cb044687.svg","https://public.flourish.studio/uploads/1447708/01af279a-7cff-47af-99f0-1b12cb044687.svg","https://public.flourish.studio/uploads/1447708/01af279a-7cff-47af-99f0-1b12cb044687.svg","https://public.flourish.studio/uploads/1447708/28c69406-d4a3-44a0-b2d9-1e6f4212b28a.svg","https://public.flourish.studio/uploads/1447708/28c69406-d4a3-44a0-b2d9-1e6f4212b28a.svg"
"<a href=""https://declanrjb.github.io/cds-engine/?unitid=240727"">University of Wyoming (WY)</a>","240727","https://public.flourish.studio/uploads/1447708/01af279a-7cff-47af-99f0-1b12cb044687.svg","https://public.flourish.studio/uploads/1447708/01af279a-7cff-47af-99f0-1b12cb044687.svg","https://public.flourish.studio/uploads/1447708/01af279a-7cff-47af-99f0-1b12cb044687.svg","https://public.flourish.studio/uploads/1447708/01af279a-7cff-47af-99f0-1b12cb044687.svg","https://public.flourish.studio/uploads/1447708/01af279a-7cff-47af-99f0-1b12cb044687.svg"
"<a href=""https://declanrjb.github.io/cds-engine/?unitid=241100"">NA (NA)</a>","241100","https://public.flourish.studio/uploads/1447708/28c69406-d4a3-44a0-b2d9-1e6f4212b28a.svg","https://public.flourish.studio/uploads/1447708/28c69406-d4a3-44a0-b2d9-1e6f4212b28a.svg","https://public.flourish.studio/uploads/1447708/28c69406-d4a3-44a0-b2d9-1e6f4212b28a.svg","https://public.flourish.studio/uploads/1447708/28c69406-d4a3-44a0-b2d9-1e6f4212b28a.svg","https://public.flourish.studio/uploads/1447708/01af279a-7cff-47af-99f0-1b12cb044687.svg"
"<a href=""https://declanrjb.github.io/cds-engine/?unitid=243142"">University of Puerto Rico-Carolina (PR)</a>","243142","https://public.flourish.studio/uploads/1447708/28c69406-d4a3-44a0-b2d9-1e6f4212b28a.svg","https://public.flourish.studio/uploads/1447708/28c69406-d4a3-44a0-b2d9-1e6f4212b28a.svg","https://public.flourish.studio/uploads/1447708/28c69406-d4a3-44a0-b2d9-1e6f4212b28a.svg","https://public.flourish.studio/uploads/1447708/01af279a-7cff-47af-99f0-1b12cb044687.svg","https://public.flourish.studio/uploads/1447708/01af279a-7cff-47af-99f0-1b12cb044687.svg"
"<a href=""https://declanrjb.github.io/cds-engine/?unitid=243744"">Stanford University (CA)</a>","243744","https://public.flourish.studio/uploads/1447708/01af279a-7cff-47af-99f0-1b12cb044687.svg","https://public.flourish.studio/uploads/1447708/01af279a-7cff-47af-99f0-1b12cb044687.svg","https://public.flourish.studio/uploads/1447708/01af279a-7cff-47af-99f0-1b12cb044687.svg","https://public.flourish.studio/uploads/1447708/01af279a-7cff-47af-99f0-1b12cb044687.svg","https://public.flourish.studio/uploads/1447708/28c69406-d4a3-44a0-b2d9-1e6f4212b28a.svg"
"<a href=""https://declanrjb.github.io/cds-engine/?unitid=243780"">Purdue University-Main Campus (IN)</a>","243780","https://public.flourish.studio/uploads/1447708/01af279a-7cff-47af-99f0-1b12cb044687.svg","https://public.flourish.studio/uploads/1447708/01af279a-7cff-47af-99f0-1b12cb044687.svg","https://public.flourish.studio/uploads/1447708/28c69406-d4a3-44a0-b2d9-1e6f4212b28a.svg","https://public.flourish.studio/uploads/1447708/28c69406-d4a3-44a0-b2d9-1e6f4212b28a.svg","https://public.flourish.studio/uploads/1447708/28c69406-d4a3-44a0-b2d9-1e6f4212b28a.svg"
"<a href=""https://declanrjb.github.io/cds-engine/?unitid=245892"">Antioch University (OH)</a>","245892","https://public.flourish.studio/uploads/1447708/01af279a-7cff-47af-99f0-1b12cb044687.svg","https://public.flourish.studio/uploads/1447708/28c69406-d4a3-44a0-b2d9-1e6f4212b28a.svg","https://public.flourish.studio/uploads/1447708/28c69406-d4a3-44a0-b2d9-1e6f4212b28a.svg","https://public.flourish.studio/uploads/1447708/28c69406-d4a3-44a0-b2d9-1e6f4212b28a.svg","https://public.flourish.studio/uploads/1447708/28c69406-d4a3-44a0-b2d9-1e6f4212b28a.svg"
"<a href=""https://declanrjb.github.io/cds-engine/?unitid=247834"">Collin County Community College Distric...</a>","247834","https://public.flourish.studio/uploads/1447708/28c69406-d4a3-44a0-b2d9-1e6f4212b28a.svg","https://public.flourish.studio/uploads/1447708/01af279a-7cff-47af-99f0-1b12cb044687.svg","https://public.flourish.studio/uploads/1447708/01af279a-7cff-47af-99f0-1b12cb044687.svg","https://public.flourish.studio/uploads/1447708/28c69406-d4a3-44a0-b2d9-1e6f4212b28a.svg","https://public.flourish.studio/uploads/1447708/28c69406-d4a3-44a0-b2d9-1e6f4212b28a.svg"
"<a href=""https://declanrjb.github.io/cds-engine/?unitid=262129"">New College of Florida (FL)</a>","262129","https://public.flourish.studio/uploads/1447708/01af279a-7cff-47af-99f0-1b12cb044687.svg","https://public.flourish.studio/uploads/1447708/01af279a-7cff-47af-99f0-1b12cb044687.svg","https://public.flourish.studio/uploads/1447708/01af279a-7cff-47af-99f0-1b12cb044687.svg","https://public.flourish.studio/uploads/1447708/01af279a-7cff-47af-99f0-1b12cb044687.svg","https://public.flourish.studio/uploads/1447708/28c69406-d4a3-44a0-b2d9-1e6f4212b28a.svg"
"<a href=""https://declanrjb.github.io/cds-engine/?unitid=399911"">Soka University of America (CA)</a>","399911","https://public.flourish.studio/uploads/1447708/28c69406-d4a3-44a0-b2d9-1e6f4212b28a.svg","https://public.flourish.studio/uploads/1447708/01af279a-7cff-47af-99f0-1b12cb044687.svg","https://public.flourish.studio/uploads/1447708/28c69406-d4a3-44a0-b2d9-1e6f4212b28a.svg","https://public.flourish.studio/uploads/1447708/28c69406-d4a3-44a0-b2d9-1e6f4212b28a.svg","https://public.flourish.studio/uploads/1447708/28c69406-d4a3-44a0-b2d9-1e6f4212b28a.svg"
"<a href=""https://declanrjb.github.io/cds-engine/?unitid=433660"">Florida Gulf Coast University (FL)</a>","433660","https://public.flourish.studio/uploads/1447708/01af279a-7cff-47af-99f0-1b12cb044687.svg","https://public.flourish.studio/uploads/1447708/01af279a-7cff-47af-99f0-1b12cb044687.svg","https://public.flourish.studio/uploads/1447708/01af279a-7cff-47af-99f0-1b12cb044687.svg","https://public.flourish.studio/uploads/1447708/01af279a-7cff-47af-99f0-1b12cb044687.svg","https://public.flourish.studio/uploads/1447708/28c69406-d4a3-44a0-b2d9-1e6f4212b28a.svg"
"<a href=""https://declanrjb.github.io/cds-engine/?unitid=441982"">Franklin W Olin College of Engineering ...</a>","441982","https://public.flourish.studio/uploads/1447708/01af279a-7cff-47af-99f0-1b12cb044687.svg","https://public.flourish.studio/uploads/1447708/01af279a-7cff-47af-99f0-1b12cb044687.svg","https://public.flourish.studio/uploads/1447708/01af279a-7cff-47af-99f0-1b12cb044687.svg","https://public.flourish.studio/uploads/1447708/28c69406-d4a3-44a0-b2d9-1e6f4212b28a.svg","https://public.flourish.studio/uploads/1447708/28c69406-d4a3-44a0-b2d9-1e6f4212b28a.svg"
"<a href=""https://declanrjb.github.io/cds-engine/?unitid=443049"">Faith International University (WA)</a>","443049","https://public.flourish.studio/uploads/1447708/28c69406-d4a3-44a0-b2d9-1e6f4212b28a.svg","https://public.flourish.studio/uploads/1447708/28c69406-d4a3-44a0-b2d9-1e6f4212b28a.svg","https://public.flourish.studio/uploads/1447708/28c69406-d4a3-44a0-b2d9-1e6f4212b28a.svg","https://public.flourish.studio/uploads/1447708/01af279a-7cff-47af-99f0-1b12cb044687.svg","https://public.flourish.studio/uploads/1447708/01af279a-7cff-47af-99f0-1b12cb044687.svg"
"<a href=""https://declanrjb.github.io/cds-engine/?unitid=445188"">University of California-Merced (CA)</a>","445188","https://public.flourish.studio/uploads/1447708/01af279a-7cff-47af-99f0-1b12cb044687.svg","https://public.flourish.studio/uploads/1447708/28c69406-d4a3-44a0-b2d9-1e6f4212b28a.svg","https://public.flourish.studio/uploads/1447708/28c69406-d4a3-44a0-b2d9-1e6f4212b28a.svg","https://public.flourish.studio/uploads/1447708/28c69406-d4a3-44a0-b2d9-1e6f4212b28a.svg","https://public.flourish.studio/uploads/1447708/28c69406-d4a3-44a0-b2d9-1e6f4212b28a.svg"
"<a href=""https://declanrjb.github.io/cds-engine/?unitid=447689"">Georgia Gwinnett College (GA)</a>","447689","https://public.flourish.studio/uploads/1447708/01af279a-7cff-47af-99f0-1b12cb044687.svg","https://public.flourish.studio/uploads/1447708/01af279a-7cff-47af-99f0-1b12cb044687.svg","https://public.flourish.studio/uploads/1447708/01af279a-7cff-47af-99f0-1b12cb044687.svg","https://public.flourish.studio/uploads/1447708/01af279a-7cff-47af-99f0-1b12cb044687.svg","https://public.flourish.studio/uploads/1447708/28c69406-d4a3-44a0-b2d9-1e6f4212b28a.svg"
"<a href=""https://declanrjb.github.io/cds-engine/?unitid=480569"">NA (NA)</a>","480569","https://public.flourish.studio/uploads/1447708/28c69406-d4a3-44a0-b2d9-1e6f4212b28a.svg","https://public.flourish.studio/uploads/1447708/01af279a-7cff-47af-99f0-1b12cb044687.svg","https://public.flourish.studio/uploads/1447708/28c69406-d4a3-44a0-b2d9-1e6f4212b28a.svg","https://public.flourish.studio/uploads/1447708/28c69406-d4a3-44a0-b2d9-1e6f4212b28a.svg","https://public.flourish.studio/uploads/1447708/28c69406-d4a3-44a0-b2d9-1e6f4212b28a.svg"
"<a href=""https://declanrjb.github.io/cds-engine/?unitid=482936"">Florida Polytechnic University (FL)</a>","482936","https://public.flourish.studio/uploads/1447708/28c69406-d4a3-44a0-b2d9-1e6f4212b28a.svg","https://public.flourish.studio/uploads/1447708/01af279a-7cff-47af-99f0-1b12cb044687.svg","https://public.flourish.studio/uploads/1447708/01af279a-7cff-47af-99f0-1b12cb044687.svg","https://public.flourish.studio/uploads/1447708/28c69406-d4a3-44a0-b2d9-1e6f4212b28a.svg","https://public.flourish.studio/uploads/1447708/28c69406-d4a3-44a0-b2d9-1e6f4212b28a.svg"
"<a href=""https://declanrjb.github.io/cds-engine/?unitid=483018"">Antioch College (OH)</a>","483018","https://public.flourish.studio/uploads/1447708/01af279a-7cff-47af-99f0-1b12cb044687.svg","https://public.flourish.studio/uploads/1447708/28c69406-d4a3-44a0-b2d9-1e6f4212b28a.svg","https://public.flourish.studio/uploads/1447708/28c69406-d4a3-44a0-b2d9-1e6f4212b28a.svg","https://public.flourish.studio/uploads/1447708/28c69406-d4a3-44a0-b2d9-1e6f4212b28a.svg","https://public.flourish.studio/uploads/1447708/28c69406-d4a3-44a0-b2d9-1e6f4212b28a.svg"
"<a href=""https://declanrjb.github.io/cds-engine/?unitid=484905"">University of North Texas at Dallas (TX)</a>","484905","https://public.flourish.studio/uploads/1447708/01af279a-7cff-47af-99f0-1b12cb044687.svg","https://public.flourish.studio/uploads/1447708/28c69406-d4a3-44a0-b2d9-1e6f4212b28a.svg","https://public.flourish.studio/uploads/1447708/01af279a-7cff-47af-99f0-1b12cb044687.svg","https://public.flourish.studio/uploads/1447708/28c69406-d4a3-44a0-b2d9-1e6f4212b28a.svg","https://public.flourish.studio/uploads/1447708/28c69406-d4a3-44a0-b2d9-1e6f4212b28a.svg"
"<a href=""https://declanrjb.github.io/cds-engine/?unitid=487524"">Husson University (ME)</a>","487524","https://public.flourish.studio/uploads/1447708/28c69406-d4a3-44a0-b2d9-1e6f4212b28a.svg","https://public.flourish.studio/uploads/1447708/01af279a-7cff-47af-99f0-1b12cb044687.svg","https://public.flourish.studio/uploads/1447708/28c69406-d4a3-44a0-b2d9-1e6f4212b28a.svg","https://public.flourish.studio/uploads/1447708/28c69406-d4a3-44a0-b2d9-1e6f4212b28a.svg","https://public.flourish.studio/uploads/1447708/01af279a-7cff-47af-99f0-1b12cb044687.svg"
"<a href=""https://declanrjb.github.io/cds-engine/?unitid=487603"">Northwest University-Center for Online ...</a>","487603","https://public.flourish.studio/uploads/1447708/28c69406-d4a3-44a0-b2d9-1e6f4212b28a.svg","https://public.flourish.studio/uploads/1447708/01af279a-7cff-47af-99f0-1b12cb044687.svg","https://public.flourish.studio/uploads/1447708/28c69406-d4a3-44a0-b2d9-1e6f4212b28a.svg","https://public.flourish.studio/uploads/1447708/01af279a-7cff-47af-99f0-1b12cb044687.svg","https://public.flourish.studio/uploads/1447708/28c69406-d4a3-44a0-b2d9-1e6f4212b28a.svg"
"<a href=""https://declanrjb.github.io/cds-engine/?unitid=488785"">NA (NA)</a>","488785","https://public.flourish.studio/uploads/1447708/28c69406-d4a3-44a0-b2d9-1e6f4212b28a.svg","https://public.flourish.studio/uploads/1447708/28c69406-d4a3-44a0-b2d9-1e6f4212b28a.svg","https://public.flourish.studio/uploads/1447708/28c69406-d4a3-44a0-b2d9-1e6f4212b28a.svg","https://public.flourish.studio/uploads/1447708/28c69406-d4a3-44a0-b2d9-1e6f4212b28a.svg","https://public.flourish.studio/uploads/1447708/01af279a-7cff-47af-99f0-1b12cb044687.svg"
"<a href=""https://declanrjb.github.io/cds-engine/?unitid=498562"">Commonwealth University of Pennsylvania...</a>","498562","https://public.flourish.studio/uploads/1447708/28c69406-d4a3-44a0-b2d9-1e6f4212b28a.svg","https://public.flourish.studio/uploads/1447708/01af279a-7cff-47af-99f0-1b12cb044687.svg","https://public.flourish.studio/uploads/1447708/28c69406-d4a3-44a0-b2d9-1e6f4212b28a.svg","https://public.flourish.studio/uploads/1447708/01af279a-7cff-47af-99f0-1b12cb044687.svg","https://public.flourish.studio/uploads/1447708/28c69406-d4a3-44a0-b2d9-1e6f4212b28a.svg"
